time_s,target_position_rad,target_velocity_rad_s,position_rad,velocity_rad_s,torque_nm
0.0,0.0,0.7853981633974483,4.7123889803846896e-06,0.00471238898038469,0.23561944901923448
0.001,0.0007853978404154395,0.7853971944515012,1.4132454552173685e-05,0.009420065571788995,0.23561944901923448
0.002,0.0015707937429397818,0.785394287616051,2.825548903877558e-05,0.014123034486601896,0.23561944901923448
0.003,0.0023561857696867113,0.7853894428982697,4.7076789471275565e-05,0.018821300432499983,0.23561944901923448
0.004,0.0031415719827794755,0.7853826603101113,7.059165758372773e-05,0.023514868112452174,0.23561944901923448
0.005,0.003926950444355667,0.7853739398683113,9.880841961007349e-05,0.02821676202634575,0.2362704391003016
0.006,0.004712319216572003,0.7853632815943863,0.00013172237365639892,0.03291395404632544,0.2362704391003016
0.007,0.005497676361609111,0.7853506855146346,0.00016932882253068408,0.037606448874285145,0.2362704391003016
0.008,0.006283019941676304,0.7853361516601358,0.00021162307373810097,0.042294251207416894,0.2362704391003016
0.009000000000000001,0.007068348019016368,0.7853196800667508,0.0002586004394763165,0.04697736573821551,0.2362704391003016
0.01,0.007853658655910338,0.7853012707751216,0.0003102645736076726,0.05166413413135609,0.23668728794393987
0.011,0.008638949914682283,0.7852809238306712,0.00036661078936377613,0.05634621575610353,0.23668728794393987
0.012,0.009424219857704088,0.7852586392836037,0.00042763440466300236,0.06102361529922622,0.23668728794393987
0.013000000000000001,0.01020946654740023,0.7852344171889041,0.0004933307421058082,0.0656963374428058,0.23668728794393987
0.014,0.010994688046252553,0.785208257606338,0.0005636951289700499,0.07036438686424179,0.23668728794393987
0.015,0.011779882416805075,0.7851801606004513,0.0006387266935813582,0.07503156461130821,0.2368771066965329
0.016,0.01256504772166874,0.7851501262405708,0.0007184207687619857,0.07969407518062756,0.2368771066965329
0.017,0.013350182023526204,0.7851181546008034,0.0008027726920013633,0.08435192323937758,0.2368771066965329
0.018000000000000002,0.014135283385136628,0.7850842457600358,0.0008917778054514322,0.08900511345006887,0.2368771066965329
0.019,0.014920349869340443,0.7850483998019346,0.0009854314559219817,0.09365365047054945,0.2368771066965329
0.02,0.015705379539064146,0.7850106168149463,0.0010837283924634527,0.09829693654147097,0.23684698606960342
0.021,0.016490370457325064,0.7849708968922966,0.0011866639717897742,0.10293557932632157,0.23684698606960342
0.022,0.017275320687236133,0.7849292401319906,0.0012942335552581616,0.10756958346838731,0.23684698606960342
0.023,0.0180602282920107,0.7848856466368119,0.0014064325088644727,0.11219895360631099,0.23684698606960342
0.024,0.01884509133496727,0.7848401165143234,0.0015232562032385694,0.11682369437409675,0.23684698606960342
0.025,0.019629907879534305,0.784792649876866,0.0016446951537183606,0.1214389504797911,0.23660399000342225
0.026000000000000002,0.020414675989255,0.784743246841559,0.0017707447450477404,0.12604959132937976,0.23660399000342225
0.027,0.02119939372779205,0.7846919075302995,0.0019014003665858592,0.13065562153811883,0.23660399000342225
0.028,0.02198405915893245,0.784638632069762,0.0020366574123025084,0.13525704571664915,0.23660399000342225
0.029,0.02276867034659225,0.7845834205913986,0.0021765112807735094,0.13985386847100095,0.23660399000342225
0.03,0.02355322535482133,0.784526273231438,0.002320948398367564,0.14443711759405448,0.23615514957622674
0.031,0.024337722247808204,0.7844671901308856,0.002469964181835549,0.14901578346798497,0.23615514957622674
0.032,0.025122159089884778,0.7844061714355232,0.0026235540525115907,0.15358987067604152,0.23615514957622674
0.033,0.025906533945531118,0.7843432172959082,0.0027817134363084806,0.15815938379689,0.23615514957622674
0.034,0.026690844879380237,0.7842783278673738,0.0029444377637130982,0.16272432740461765,0.23615514957622674
0.035,0.027475089956222876,0.7842115033100282,0.0031117095159334442,0.16727175222034588,0.23550745715664273
0.036000000000000004,0.028259267241012267,0.7841427437887544,0.0032835241455447025,0.17181462961125837,0.23550745715664273
0.037,0.029043374798868905,0.7840720494732096,0.0034598771096694824,0.17635296412477997,0.23550745715664273
0.038,0.02982741069508535,0.7839994205378251,0.0036407638699732705,0.18088676030378803,0.23550745715664273
0.039,0.030611372995130958,0.7839248571618054,0.0038261798926598877,0.1854160226866171,0.23550745715664273
0.04,0.03139525976465669,0.7838483595291283,0.004016103856539753,0.18992396387986543,0.23466786079674695
0.041,0.03217906906949986,0.7837699278285443,0.004210531253671674,0.1944273971319205,0.23466786079674695
0.042,0.03296279897568893,0.7836895622535756,0.004409457580622398,0.19892632695072351,0.23466786079674695
0.043000000000000003,0.033746447549448264,0.7836072630025162,0.0046128783384621055,0.20342075783970773,0.23466786079674695
0.044,0.03453001285720289,0.7835230302784315,0.004820789032759908,0.20791069429780296,0.23466786079674695
0.045,0.03531349296558334,0.7834368642891573,0.005033164681540674,0.2123756487807662,0.23364325886305315
0.046,0.0360968859414303,0.7833487652472997,0.005250000819849921,0.2168361383092465,0.23364325886305315
0.047,0.036880189851799486,0.7832587333702341,0.005471292987198119,0.22129216734819832,0.23364325886305315
0.048,0.03766340276396636,0.7831667688801055,0.0056970367275562305,0.22574374035811118,0.23364325886305315
0.049,0.03844652274543092,0.7830728720038269,0.005927227589351244,0.23019086179501413,0.23364325886305315
0.05,0.03922954786392247,0.7829770429730797,0.006161837070182514,0.23460948083127037,0.23244049490256213
0.051000000000000004,0.040012476187404354,0.7828792820243125,0.006400860751431005,0.23902368124849033,0.23244049490256213
0.052000000000000005,0.04079530578407878,0.7827795893987404,0.006644294218896298,0.24343346746529307,0.23244049490256213
0.053,0.04157803472239151,0.7826779653423453,0.006892133062792177,0.247838843895879,0.23244049490256213
0.054,0.04236066107103672,0.7825744101058747,0.007144372877742211,0.2522398149500344,0.23244049490256213
0.055,0.043143182898961685,0.7824689239448404,0.007400981779932113,0.25660890218990196,0.23106635274088072
0.056,0.04392559827537158,0.7823615071195192,0.007661955400274642,0.2609736203425297,0.23106635274088072
0.057,0.04470790526973426,0.7822521598949516,0.007927289374051648,0.2653339737770048,0.23106635274088072
0.058,0.04549010195178496,0.7821408825409406,0.008196979340909693,0.2696899668580454,0.23106635274088072
0.059000000000000004,0.04627218639153113,0.7820276753320524,0.008471020944855698,0.27404160394600496,0.23106635274088072
0.06,0.047054156659257156,0.7819125385476144,0.008749379058233944,0.2783581133782447,0.22952755180928575
0.061,0.04783601082552914,0.7817954724717152,0.009032049364534996,0.28267030630105217,0.22952755180928575
0.062,0.04861774696119966,0.7816764773932037,0.009319027551565932,0.2869781870309368,0.22952755180928575
0.063,0.04939936313741251,0.7815555536056883,0.009610309311446024,0.2912817598800916,0.22952755180928575
0.064,0.05018085742560745,0.7814327014075365,0.009905890340602422,0.2955810291563972,0.22952755180928575
0.065,0.05096222789752502,0.781307921101874,0.010205732403583613,0.2998420629811906,0.2278307426974882
0.066,0.05174347262521126,0.7811812129965836,0.010509831239355772,0.3040988357721592,0.2278307426974882
0.067,0.05252458968102247,0.7810525774043052,0.010818182591146109,0.3083513517903368,0.2278307426974882
0.068,0.053305577137629956,0.7809220146424342,0.011130782206438605,0.3125996152924962,0.2278307426974882
0.069,0.054086433068024804,0.7807895250331212,0.011447625836969759,0.31684363053115344,0.2278307426974882
0.07,0.05486715554552264,0.7806551089032711,0.011768672273928955,0.3210464369591971,0.22598250292874103
0.07100000000000001,0.055647742643768344,0.7805187665845423,0.012093917314509768,0.3252450405808127,0.22598250292874103
0.07200000000000001,0.05642819243674085,0.7803804984133462,0.012423356760108575,0.3294394455988067,0.22598250292874103
0.073,0.05720850299875786,0.7802403047308457,0.012756986416320358,0.33362965621178275,0.22598250292874103
0.074,0.05798867240448068,0.7800981858829545,0.013094802092934505,0.3378156766141458,0.22598250292874103
0.075,0.05876869872891882,0.779954142220337,0.013436759740531113,0.3419576475966082,0.223989332953826
0.076,0.059548580047434865,0.7798081740984065,0.0137828552171392,0.3460954766080881,0.223989332953826
0.077,0.060328314435749195,0.7796602818773248,0.014133084384929757,0.3502291677905565,0.223989332953826
0.078,0.061107899969944715,0.7795104659220015,0.0144874431102116,0.3543587252818425,0.223989332953826
0.079,0.061887334726471614,0.7793587266020923,0.014845927263427237,0.35848415321563715,0.223989332953826
0.08,0.06266661678215213,0.7792050642919989,0.015208490085536866,0.3625628221096287,0.22185765236035832
0.081,0.06344574421418521,0.7790494793708679,0.015575127497871592,0.36663741233472624,0.22185765236035832
0.082,0.06422471510015143,0.7788919722225895,0.01594583542584119,0.37070792796959867,0.22185765236035832
0.083,0.06500352751801751,0.7787325432357971,0.016320609798930026,0.37477437308883627,0.22185765236035832
0.084,0.06578217954614125,0.7785711928038657,0.01669944655069298,0.3788367517629546,0.22185765236035832
0.085,0.06656066926327618,0.7784079213249117,0.017082296341630047,0.3828497909370667,0.2195937962937535
0.08600000000000001,0.0673389947485763,0.7782427292017908,0.01746915515870205,0.3868588170720047,0.2195937962937535
0.08700000000000001,0.06811715408160086,0.7780756168420986,0.01786001899288286,0.3908638341808078,0.2195937962937535
0.088,0.06889514534231903,0.777906584658168,0.018254883839155363,0.39486484627250207,0.2195937962937535
0.089,0.06967296661111474,0.7777356330670693,0.01865374569650747,0.3988618573521046,0.2195937962937535
0.09,0.07045061596879133,0.7775627624906083,0.019056552772243943,0.4028070757364749,0.21720401208611884
0.091,0.0712280914965763,0.7773879733553261,0.019463301121146404,0.4067483489024608,0.21720401208611884
0.092,0.07200539127612608,0.7772112660924975,0.019873986801941686,0.4106856807952807,0.21720401208611884
0.093,0.07278251338953072,0.7770326411381302,0.020288605877297895,0.41461907535620784,0.21720401208611884
0.094,0.07355945591931869,0.7768520989329633,0.02070715441382047,0.418548536522574,0.21720401208611884
0.095,0.07433621694846149,0.776669639922467,0.021129578290928305,0.4224238771078364,0.21469445608924992
0.096,0.07511279456037853,0.7764852645568405,0.02155587363328082,0.4262953423525136,0.21469445608924992
0.097,0.07588918683894173,0.7762989732910119,0.021986036569412767,0.43016293613194606,0.21469445608924992
0.098,0.07666539186848031,0.7761107665846364,0.022420063231730368,0.4340266623175991,0.21469445608924992
0.099,0.07744140773378556,0.775920644902095,0.022857949756507435,0.4378865247770665,0.21469445608924992
0.1,0.07821723252011543,0.7757286087124946,0.023299639818573883,0.44169006206644634,0.21207119070784441
0.101,0.07899286431319942,0.7755346584896649,0.02374512961439242,0.44548979581853676,0.21207119070784441
0.10200000000000001,0.07976830119924315,0.775338794712159,0.024194415344229295,0.4492857298368751,0.21207119070784441
0.10300000000000001,0.08054354126493321,0.7751410178632514,0.02464749321215049,0.4530778679211951,0.21207119070784441
0.10400000000000001,0.0813185825974418,0.7749413284309367,0.025104359426017922,0.45686621386743076,0.21207119070784441
0.105,0.08209342328443146,0.7747397269079287,0.025564955577304066,0.46059615128614284,0.20934018162897644
0.106,0.08286806141405985,0.7745362137916593,0.0260292779360715,0.4643223587674362,0.20934018162897644
0.107,0.08364249507498436,0.7743307895842765,0.02649732277611275,0.4680448400412483,0.20934018162897644
0.108,0.08441672235636694,0.7741234547926445,0.02696908637494654,0.4717635988337866,0.20934018162897644
0.109,0.08519074134787871,0.7739142099283411,0.027444565013814072,0.47547863886753233,0.20934018162897644
0.11,0.08596455013970476,0.7737030555076573,0.027923698319947614,0.47913330613354116,0.20650729524381886
0.111,0.08673814682254885,0.7734899920515955,0.028406482638679897,0.482784318732284,0.20650729524381886
0.112,0.08751152948763802,0.7732750200858688,0.028892914318998326,0.4864316803184281,0.20650729524381886
0.113,0.08828469622672745,0.7730581401408989,0.02938298971354131,0.49007539454298604,0.20650729524381886
0.114,0.08905764513210507,0.7728393527518157,0.029876705178594632,0.4937154650533194,0.20650729524381886
0.115,0.08983037429659627,0.7726186584584555,0.03037399849410805,0.497293315513417,0.2035782962575441
0.116,0.09060288181356868,0.772396057805359,0.030874866082231105,0.5008675881230544,0.2035782962575441
0.117,0.09137516577693677,0.7721715513417715,0.031379304368691185,0.5044382864600823,0.2035782962575441
0.11800000000000001,0.09214722428116666,0.7719451396216405,0.03188730978278996,0.5080054140987731,0.2035782962575441
0.11900000000000001,0.0929190554212807,0.7717168232036142,0.03239887875739979,0.5115689746098252,0.2035782962575441
0.12,0.0936906572928623,0.771486602651041,0.03291394733994467,0.5150685825448812,0.20055884548328975
0.121,0.09446202799206056,0.7712544785319666,0.03343251203081667,0.5185646908720021,0.20055884548328975
0.122,0.09523316561559493,0.7710204514191349,0.03395456933390747,0.5220573030907959,0.20055884548328975
0.123,0.09600406826076001,0.770784521889984,0.03448011575660484,0.525546422697371,0.20055884548328975
0.124,0.09677473402543012,0.7705466905266468,0.03500914780978918,0.5290320531843393,0.20055884548328975
0.125,0.09754516100806412,0.7703069579159485,0.03554159992087665,0.5324521110874756,0.19745449781603264
0.126,0.09831534730771004,0.7700653246494056,0.03607746866980936,0.5358687489327087,0.19745449781603264
0.127,0.09908529102400968,0.7698217913232239,0.03661675063994946,0.5392819701400967,0.19745449781603264
0.128,0.09985499025720351,0.769576358538298,0.037159442418075735,0.5426917781262772,0.19745449781603264
0.129,0.10062444310813516,0.7693290269002087,0.03770554059438021,0.5460981763044715,0.19745449781603264
0.13,0.10139364767825625,0.7690797970192221,0.03825497808651602,0.5494374921358106,0.19427070038217725
0.131,0.1021626020696309,0.7688286695102885,0.03880775155516734,0.5527734686513184,0.19427070038217725
0.132,0.10293130438494066,0.7685756449930398,0.03936385766435765,0.5561061091903106,0.19427070038217725
0.133,0.10369975272748895,0.768320724091789,0.03992329308144641,0.5594354170887638,0.19427070038217725
0.134,0.10446794520120585,0.768063907435528,0.04048605447712573,0.5627613956793186,0.19427070038217725
0.135,0.10523587991065284,0.7678051956579264,0.04105207336722658,0.566018890100852,0.19101279086063655
0.136,0.10600355496102731,0.7675445893973297,0.041621346494254544,0.569273127027964,0.19101279086063655
0.137,0.10677096845816746,0.767282089296758,0.04219387060397269,0.5725241097181487,0.19101279086063655
0.138,0.10753811850855668,0.7670176960039043,0.04276964244539833,0.5757718414256433,0.19101279086063655
0.139,0.10830500321932857,0.7667514101711327,0.04334865877079976,0.5790163254014304,0.19101279086063655
0.14,0.10907162069827128,0.766483232455477,0.04393084979979522,0.5821910289954522,0.18768599597115698
0.14100000000000001,0.1098379690538324,0.766213163518639,0.0445162123576811,0.5853625578858799,0.18768599597115698
0.14200000000000002,0.11060404639512357,0.7659412040269871,0.045104743272928516,0.5885309152474172,0.18768599597115698
0.14300000000000002,0.11136985083192508,0.7656673546515542,0.04569643937718011,0.5916961042515929,0.18768599597115698
0.14400000000000002,0.1121353804746906,0.7653916160680364,0.046291297505246874,0.5948581280667644,0.18768599597115698
0.145,0.11290063343455184,0.7651139889567914,0.046889246683788084,0.59794917854121,0.184295430125618
0.146,0.1136656078233232,0.7648344740028362,0.047490283821753264,0.6010371379651811,0.184295430125618
0.147,0.11443030175350645,0.7645530718958465,0.04809440583118299,0.6041220094297283,0.184295430125618
0.148,0.11519471333829528,0.7642697833301538,0.0487016096272058,0.6072037960228109,0.184295430125618
0.149,0.11595884069158013,0.7639846090047446,0.0493118921280351,0.6102825008293005,0.184295430125618
0.15,0.1167226819279527,0.7636975496232582,0.04992518126824833,0.6132891402132317,0.18084609423802253
0.151,0.11748623516271066,0.763408605893985,0.05054147404120611,0.6162927729577788,0.18084609423802253
0.152,0.11824949851186234,0.763117778529865,0.05116076744327569,0.6192934020695815,0.18084609423802253
0.153,0.11901247009213126,0.7628250682484856,0.05178305847382796,0.6222910305522724,0.18084609423802253
0.154,0.11977514802096091,0.7625304757720807,0.052408344135234444,0.6252856614064806,0.18084609423802253
0.155,0.12053753041651932,0.7622340018275277,0.053036551368473295,0.6282072332388517,0.17734287468888388
0.156,0.1212996153977037,0.7619356471463465,0.05366767725197268,0.6311258834993906,0.17734287468888388
0.157,0.12206140108414515,0.7616354124646979,0.05430171886708235,0.6340416151096688,0.17734287468888388
0.158,0.12282288559621317,0.7613332985233809,0.05493867329807069,0.6369544309883368,0.17734287468888388
0.159,0.12358406705502044,0.7610293060678318,0.05557853763212181,0.6398643340511262,0.17734287468888388
0.16,0.1243449435824274,0.7607234358481215,0.05622123791268768,0.6427002805658693,0.17379054243970976
0.161,0.1251055133010468,0.7604156886189547,0.056866771303821784,0.6455333911340976,0.17379054243970976
0.162,0.12586577433424853,0.7601060651396669,0.05751513497241354,0.6483636685917576,0.17379054243970976
0.163,0.12662572480616405,0.7597945661742233,0.0581663260881855,0.6511911157719601,0.17379054243970976
0.164,0.12738536284169108,0.7594811924912165,0.05882034182369048,0.6540157355049824,0.17379054243970976
0.165,0.12814468656649833,0.7591659448638651,0.05947710741850583,0.656765594815343,0.17019375229328054
0.166,0.12890369410702993,0.7588488240700113,0.060136620122772225,0.6595127042663933,0.17019375229328054
0.167,0.12966238359051027,0.7585298308921189,0.060798877189380214,0.6622570666079926,0.17019375229328054
0.168,0.13042075314494847,0.7582089661172721,0.06146387587396746,0.6649986845872502,0.17019375229328054
0.169,0.13117880089914302,0.7578862305371726,0.06213161343491599,0.6677375609485285,0.17019375229328054
0.17,0.13193652498268646,0.7575616249481386,0.06280201439914948,0.6704009642334885,0.16655704229542395
0.171,0.1326939235259699,0.757235150151102,0.06347507610326464,0.6730617041151635,0.16655704229542395
0.17200000000000001,0.13345099466018778,0.756906806951607,0.06415079588652159,0.6757197832569568,0.16655704229542395
0.17300000000000001,0.1342077365173423,0.7565765961598075,0.0648291710908412,0.6783752043196083,0.16655704229542395
0.17400000000000002,0.1349641472302482,0.7562445185904663,0.0655101990608024,0.6810279699611972,0.16655704229542395
0.17500000000000002,0.13572022493253713,0.7559105750629513,0.06619380369945911,0.683604638656716,0.16288483327399572
0.176,0.13647596775866258,0.7555747664012354,0.06687998243014265,0.6861787306835392,0.16288483327399572
0.177,0.13723137384390433,0.7552370934338928,0.06756873267876098,0.6887502486183356,0.16288483327399572
0.178,0.13798644132437285,0.754897556994098,0.06826005187379618,0.6913191950351971,0.16288483327399572
0.179,0.13874116833701425,0.7545561579196235,0.06895393744630182,0.6938855725056419,0.16288483327399572
0.18,0.13949555301961464,0.7542128970528376,0.06965031276180518,0.696375315503352,0.15918142851078435
0.181,0.14024959351080474,0.7538677752407023,0.07034917533056324,0.6988625687580643,0.15918142851078435
0.182,0.1410032879500647,0.7535207933347713,0.07105052266532276,0.7013473347595219,0.15918142851078435
0.183,0.14175663447772838,0.753171952191188,0.07175435228131774,0.7038296159949781,0.15918142851078435
0.184,0.14250963123498805,0.7528212526706833,0.07246066169626694,0.7063094149491987,0.15918142851078435
0.185,0.14326227636389915,0.7524686956385737,0.07316937382207203,0.7087121258050911,0.1554510135420769
0.186,0.14401456800738457,0.7521142819647579,0.07388048625602216,0.7111124339501276,0.1554510135420769
0.187,0.14476650430923954,0.7517580125237171,0.07459399659780917,0.713510341787019,0.1554510135420769
0.188,0.1455180834141359,0.7513998881945103,0.07530990244952525,0.7159058517160736,0.1554510135420769
0.189,0.146269303467627,0.751039909860774,0.07602820141566045,0.7182989661351991,0.1554510135420769
0.19,0.14702016261615197,0.7506780784107185,0.07674881603595118,0.7206146202907366,0.1516976560836389
0.191,0.14777065900704053,0.7503143947371276,0.0774717439947433,0.7229279587921187,0.1516976560836389
0.192,0.14852079078851746,0.7499488597373539,0.0781969829786983,0.7252389839549993,0.1516976560836389
0.193,0.1492705561097071,0.7495814743133192,0.07892453067679102,0.7275476980927171,0.1516976560836389
0.194,0.15001995312063812,0.7492122393715103,0.07965438478030731,0.7298541035162972,0.1516976560836389
0.195,0.15076897997224784,0.7488411558229777,0.08038646753584161,0.7320827555342986,0.1479253060758852
0.196,0.15151763481638697,0.7484682245833333,0.0811207767147419,0.734309178900282,0.1479253060758852
0.197,0.15226591580582416,0.7480934465727478,0.08185731009058479,0.7365333758428995,0.1479253060758852
0.198,0.15301382109425038,0.7477168227159485,0.08259606543917336,0.7387553485885743,0.1479253060758852
0.199,0.1537613488362837,0.7473383539422175,0.08333704053853487,0.7409750993615034,0.1479253060758852
0.2,0.1545084971874737,0.7469580411853889,0.08408015741871391,0.7431168801790428,0.1441377958450433
0.201,0.15525526430430617,0.7465758853838467,0.08482541393792968,0.7452565192157646,0.1441377958450433
0.202,0.15600164834420743,0.7461918874805221,0.08557280795654314,0.7473940186134498,0.1441377958450433
0.203,0.15674764746554906,0.7458060484228919,0.08632233733705487,0.7495293805117372,0.1441377958450433
0.20400000000000001,0.1574932598276524,0.7454183691629757,0.08707399994410299,0.7516626070481264,0.1441377958450433
0.20500000000000002,0.15823848359079307,0.7450288506573333,0.08782771766535159,0.7537177212486011,0.14033884037614222
0.20600000000000002,0.15898331691620549,0.7446374938670631,0.08858348844568646,0.7557707803348754,0.14033884037614222
0.20700000000000002,0.15972775796608749,0.744244299757799,0.08934131023204853,0.7578217863620634,0.14033884037614222
0.20800000000000002,0.16047180490360477,0.7438492692997084,0.09010118097343175,0.7598707413832242,0.14033884037614222
0.209,0.16121545589289546,0.7434524034674898,0.09086309862088111,0.7619176474493639,0.14033884037614222
0.21,0.16195870909907467,0.7430537032403699,0.0916269849914369,0.7638863705557882,0.13653203769368893
0.211,0.16270156268823907,0.7426531696021021,0.09239283811637601,0.7658531249391062,0.13653203769368893
0.212,0.16344401482747123,0.7422508035409633,0.09316065602894405,0.7678179125680409,0.13653203769368893
0.213,0.16418606368484429,0.7418466060497517,0.09393043676435339,0.7697807354093467,0.13653203769368893
0.214,0.16492770742942645,0.7414405781257846,0.0947021783597812,0.7717415954278111,0.13653203769368893
0.215,0.16566894423128548,0.7410327207708952,0.0954758026310005,0.7736242712193019,0.1327208693459338
0.216,0.1664097722614933,0.7406230349914313,0.0962513076953355,0.7755050643350012,0.1327208693459338
0.217,0.16715018969213039,0.7402115217982517,0.09702869167199309,0.7773839766575849,0.1327208693459338
0.218,0.16789019469629032,0.7397981822067243,0.09780795268206094,0.779261010067846,0.1327208693459338
0.219,0.1686297854480843,0.7393830172367235,0.09858908884850563,0.7811361664446969,0.1327208693459338
0.22,0.16936896012264568,0.7389660279126276,0.09937202205280365,0.7829332042980254,0.1289087009886593
0.221,0.17010771689613444,0.7385472152633162,0.10015675049791715,0.7847284451135005,0.1289087009886593
0.222,0.17084605394574165,0.7381265803221679,0.10094327238860532,0.7865218906881601,0.1289087009886593
0.223,0.1715839694496941,0.7377041241270578,0.10173158593142256,0.7883135428172452,0.1289087009886593
0.224,0.17232146158725853,0.7372798477203544,0.10252168933471677,0.7901034032942011,0.1289087009886593
0.225,0.17305852853874648,0.7368537521489175,0.10331350461026896,0.7918152755521964,0.12509878306447433
0.226,0.17379516848551851,0.7364258384640957,0.10410703004620689,0.7935254359379337,0.12509878306447433
0.227,0.1745313796099888,0.7359961077217234,0.10490226393237018,0.7952338861632853,0.12509878306447433
0.228,0.1752671600956295,0.7355645609821184,0.10569920456030858,0.7969406279384115,0.12509878306447433
0.229,0.1760025081269755,0.7351311993100796,0.10649785022328034,0.7986456629717625,0.12509878306447433
0.23,0.17673742188962857,0.7346960237748837,0.1072981231256206,0.8002729023402634,0.12129425157363281
0.231,0.17747189957026208,0.7342590354502831,0.10810002164009,0.8018985144693958,0.12129425157363281
0.232,0.17820593935662538,0.7338202354145033,0.10890354414107639,0.803522500986399,0.12129425157363281
0.233,0.1789395394375482,0.7333796247502392,0.10970868900459328,0.8051448635168853,0.12129425157363281
0.234,0.17967269800294533,0.7329372045446543,0.11051545460827812,0.8067656036848411,0.12129425157363281
0.23500000000000001,0.1804054132438209,0.7324929758893763,0.11132376340893793,0.8083088006598051,0.11749812893244613
0.23600000000000002,0.18113768335227284,0.7320469398804954,0.11213361386337573,0.8098504544377942,0.11749812893244613
0.23700000000000002,0.1818695065214975,0.7315990976185608,0.11294500442993773,0.8113905665620054,0.11749812893244613
0.23800000000000002,0.1826008809457939,0.7311494502085791,0.11375793356851181,0.8129291385740923,0.11749812893244613
0.23900000000000002,0.1833318048205684,0.7306979987600103,0.11457239974052598,0.8144661720141672,0.11749812893244613
0.24,0.18406227634233896,0.7302447443867662,0.11538832571286645,0.815925972340461,0.11371332491540569
0.241,0.18479229370873976,0.7297896882072067,0.11620571002573288,0.8173843128664287,0.11371332491540569
0.242,0.1855218551185255,0.7293328313441378,0.11702455122078474,0.8188411950518704,0.11371332491540569
0.243,0.1862509587715759,0.7288741749248085,0.11784484784113987,0.8202966203551266,0.11371332491540569
0.244,0.1869796028689002,0.7284137200809079,0.11866659843137295,0.8217505902330796,0.11371332491540569
0.245,0.18770778561264154,0.7279514679485622,0.11948972612376935,0.8231276923963902,0.10994263767718196
0.246,0.18843550520608132,0.7274874196683331,0.12031422954122688,0.8245034174575374,0.10994263767718196
0.247,0.18916275985364386,0.7270215763852133,0.1211401073080205,0.8258777667936236,0.10994263767718196
0.248,0.18988954776090053,0.7265539392486248,0.12196735804980087,0.8272507417803736,0.10994263767718196
0.249,0.1906158671345745,0.7260845094124158,0.122795980393593,0.8286223437921368,0.10994263767718196
0.25,0.1913417161825449,0.7256132880348577,0.12362589789013836,0.8299174965453591,0.10618875485072003
0.251,0.19206709311385128,0.7251402762786425,0.12445710924428419,0.8312113541458281,0.10618875485072003
0.252,0.19279199613869827,0.7246654753108798,0.12528961316217288,0.8325039178886967,0.10618875485072003
0.253,0.19351642346845965,0.7241888863030934,0.1261234083512407,0.8337951890678225,0.10618875485072003
0.254,0.19424037331568303,0.7237105104312197,0.12695849352021646,0.835085168975769,0.10618875485072003
0.255,0.19496384389409413,0.7232303488756034,0.12779479268911761,0.8362991689011473,0.10245425471770567
0.256,0.1956868334186012,0.7227484028209955,0.1286323046439442,0.8375119548266002,0.10245425471770567
0.257,0.19640934010529945,0.7222646734565499,0.12947102817191034,0.8387235279661277,0.10245425471770567
0.258,0.19713136217147548,0.7217791619758208,0.13031096206144285,0.8399338895325157,0.10245425471770567
0.259,0.1978528978356116,0.7212918695767595,0.1311521051021802,0.8411430407373373,0.10245425471770567
0.26,0.1985739453173903,0.7208027974617114,0.13199438183202575,0.8422767298455546,0.09874160744773247
0.261,0.1992945028376986,0.7203119468374135,0.1328377911172904,0.8434092852646636,0.09874160744773247
0.262,0.20001456861863237,0.719819318914991,0.13368233182541878,0.8445407081283536,0.09874160744773247
0.263,0.20073414088350097,0.719324914909954,0.13452800282498795,0.8456709995691799,0.09874160744773247
0.264,0.20145321785683132,0.7188287360421955,0.1353748029857065,0.8468001607185653,0.09874160744773247
0.265,0.2021717977643725,0.7183307835359877,0.1362226574097924,0.847854424085898,0.09505317640255868
0.266,0.2028898788331,0.7178310586199784,0.13707156504298226,0.8489076331898632,0.09505317640255868
0.267,0.20360745929122015,0.7173295625271895,0.137921524832067,0.8499597890847245,0.09505317640255868
0.268,0.20432453736817452,0.7168262964950127,0.13877253572489068,0.8510108928236909,0.09505317640255868
0.269,0.20504111129464425,0.7163212617652069,0.1396245966703496,0.8520609454589184,0.09505317640255868
0.27,0.2057571793025544,0.7158144595838952,0.1404776333792531,0.8530367089034976,0.09139121950190267
0.271,0.2064727396250783,0.7153058912015614,0.14133164487583771,0.8540114965846322,0.09139121950190267
0.272,0.20718779049664207,0.7147955578730475,0.1421866301853158,0.8549853094780856,0.09139121950190267
0.273,0.2079023301529287,0.7142834608575502,0.14304258833387445,0.8559581485586456,0.09139121950190267
0.274,0.20861635683088264,0.7137696014186183,0.14389951834867457,0.856930014800125,0.09139121950190267
0.275,0.20932986876871407,0.7132539808241485,0.14475734659127285,0.8578282425982706,0.08775789064728606
0.276,0.21004286420590312,0.7127366003463834,0.14561607216344147,0.8587255721686181,0.08775789064728606
0.277,0.21075534138320454,0.7122174612619082,0.14647569416785086,0.8596220044093952,0.08775789064728606
0.278,0.21146729854265164,0.7116965648516467,0.1473362117080688,0.8605175402179315,0.08775789064728606
0.279,0.21217873392756095,0.711173912400859,0.14819762388855945,0.8614121804906593,0.08775789064728606
0.28,0.21288964578253636,0.7106495051991383,0.14905985776169361,0.8622338731341785,0.08415524120049753
0.281,0.2136000323534735,0.7101233445404072,0.14992291250577866,0.8630547440850543,0.08415524120049753
0.28200000000000003,0.2143098918875642,0.7095954317229144,0.15078678729994363,0.8638747941649793,0.08415524120049753
0.28300000000000003,0.21501922263330056,0.7090657680492328,0.15165148132413844,0.8646940241948242,0.08415524120049753
0.28400000000000003,0.2157280228404795,0.7085343548262547,0.15251699375913308,0.8655124349946394,0.08415524120049753
0.28500000000000003,0.21643629076020698,0.7080011933651894,0.153383252386123,0.866258626989911,0.08058522151331282
0.28600000000000003,0.21714402464490232,0.7074662849815597,0.15425025645891619,0.8670040727931873,0.08058522151331282
0.28700000000000003,0.2178512227483025,0.706929630995199,0.15511800523206684,0.8677487731506603,0.08058522151331282
0.28800000000000003,0.21855788332546647,0.7063912327302477,0.1559864979608746,0.868492728807776,0.08058522151331282
0.289,0.2192640046327795,0.7058510915151499,0.15685573390138383,0.8692359405092345,0.08058522151331282
0.29,0.21996958492795754,0.7053092086826503,0.15772564159960265,0.8699076982188286,0.07704968250517219
0.291,0.22067462247005132,0.7047655855697911,0.15859622038377336,0.8705787841707132,0.07704968250517219
0.292,0.22137911551945072,0.7042202235179081,0.15946746958281,0.871249199036646,0.07704968250517219
0.293,0.22208306233788927,0.703673123872628,0.1603393885262977,0.8719189434877128,0.07704968250517219
0.294,0.22278646118844814,0.703124287983865,0.16121197654449204,0.8725880181943285,0.07704968250517219
0.295,0.22348931033556055,0.7025737172058167,0.1620851629822139,0.8731864377218459,0.07355037728558347
0.296,0.22419160804501612,0.7020214128969622,0.16295894724104373,0.8737842588298357,0.07355037728558347
0.297,0.22489335258396506,0.7014673764200572,0.16383332872316045,0.8743814821167175,0.07355037728558347
0.298,0.2255945422209225,0.7009116091421316,0.16470830683134077,0.8749781081803125,0.07355037728558347
0.299,0.22629517522577272,0.700354112434486,0.16558388096895862,0.8755741376178439,0.07355037728558347
0.3,0.22699524986977337,0.6997948876726883,0.1664599813116952,0.8761003427365877,0.07008896281808283
0.301,0.22769476442555991,0.6992339362365696,0.1673366073333454,0.8766260216502128,0.07008896281808283
0.302,0.22839371716714973,0.6986712595102221,0.16821375850823034,0.8771511748849242,0.07008896281808283
0.303,0.22909210636994637,0.6981068588819946,0.16909143431119675,0.8776758029664009,0.07008896281808283
0.304,0.2297899303107439,0.6975407357444897,0.16996963421761654,0.8781999064197962,0.07008896281808283
0.305,0.23048718726773118,0.6969728914945598,0.17084828926416237,0.8786550465458295,0.06666700162265835
0.306,0.23118387552049588,0.6964033275333041,0.1717273989956941,0.8791097315317368,0.06666700162265835
0.307,0.23187999335002907,0.6958320452660651,0.17260696295752678,0.8795639618326582,0.06666700162265835
0.308,0.23257553903872916,0.6952590461024251,0.17348698069543006,0.8800177379032786,0.06666700162265835
0.309,0.23327051087040634,0.6946843314562025,0.1743674517556279,0.8804710601978285,0.06666700162265835
0.31,0.2339649071302867,0.6941079027454485,0.1752483080640358,0.8808563084079027,0.0632859635136036
0.311,0.23465872610501642,0.6935297613924437,0.17612954923540555,0.8812411713697669,0.0632859635136036
0.312,0.23535196608266626,0.6929499088236944,0.17701117488487422,0.8816256494686692,0.0632859635136036
0.313,0.23604462535273543,0.6923683464699293,0.1778931846279637,0.8820097430894726,0.0632859635136036
0.314,0.23673670220615606,0.6917850757660956,0.17877557808058034,0.8823934526166551,0.0632859635136036
0.315,0.23742819493529727,0.6912000981513557,0.17965828808429177,0.8827100037114354,0.059947227369844036
0.316,0.23811910183396953,0.6906134150690838,0.1805413143225469,0.8830262382551208,0.059947227369844036
0.317,0.23880942119742876,0.690025027966862,0.18142465647911116,0.8833421565642626,0.059947227369844036
0.318,0.2394991513223805,0.6894349382964773,0.18230831423806626,0.8836577589550952,0.059947227369844036
0.319,0.2401882905069843,0.6888431475139168,0.1831922872838098,0.8839730457435371,0.059947227369844036
0.32,0.24087683705085766,0.6882496570793658,0.18407650939816628,0.8842221143564905,0.05665208293484436
0.321,0.24156478925508046,0.6876544684572028,0.18496098033206712,0.8844709339008309,0.05665208293484436
0.322,0.24225214542219894,0.6870575831159966,0.18584569983669275,0.8847195046256269,0.05665208293484436
0.323,0.24293890385623026,0.6864590025285026,0.18673066766347243,0.8849678267796981,0.05665208293484436
0.324,0.24362506286266614,0.6858587281716585,0.18761588356408404,0.8852159006116153,0.05665208293484436
0.325,0.24431062074847745,0.685256761526582,0.1885012822834479,0.8853987193638692,0.05340173264327685
0.326,0.24499557582211828,0.6846531040785656,0.18938686363874527,0.8855813552973708,0.05340173264327685
0.327,0.24567992639353006,0.6840477573170743,0.19027262744734022,0.885763808594939,0.05340173264327685
0.328,0.24636367077414578,0.6834407227357412,0.19115857352677942,0.8859460794392096,0.05340173264327685
0.329,0.24704680727689415,0.6828320018323634,0.19204470169479207,0.8861281680126358,0.05340173264327685
0.33,0.2477293342162038,0.6822215961088994,0.19293094768050612,0.8862459857140572,0.05019729347170254
0.331,0.24841124990800728,0.6816095070714648,0.1938173113661039,0.8863636855977772,0.05019729347170254
0.332,0.2490925526697454,0.6809957362303282,0.19470379263388551,0.8864812677816135,0.05019729347170254
0.333,0.24977324082037142,0.6803802850999083,0.19559039136626877,0.8865987323832659,0.05019729347170254
0.334,0.2504533126803549,0.6797631551987695,0.19647710744578908,0.8867160795203167,0.05019729347170254
0.335,0.25113276657168626,0.6791443480496184,0.1973638776052061,0.8867701594170081,0.04703979881058487
0.336,0.2518116008178804,0.6785238651793003,0.1982507017904399,0.8868241852338028,0.04703979881058487
0.337,0.25248981374398144,0.677901708118795,0.1991375799474647,0.8868781570247807,0.04703979881058487
0.338,0.25316740367656626,0.6772778784032131,0.20002451202230867,0.8869320748439676,0.04703979881058487
0.339,0.2538443689437492,0.6766523775717924,0.200911497961054,0.8869859387453354,0.04703979881058487
0.34,0.25452070787518566,0.6760252071678942,0.2017984755178677,0.8869775568136906,0.04393020035503094
0.341,0.25519641880207655,0.6753963687389989,0.20268544470113167,0.8869691832639776,0.04393020035503094
0.342,0.25587150005717246,0.6747658638367029,0.20357240551921948,0.8869608180878142,0.04393020035503094
0.343,0.25654594997477737,0.6741336940167144,0.2044593579804963,0.886952461276827,0.04393020035503094
0.34400000000000003,0.2572197668907532,0.6734998608388495,0.20534630209331894,0.8869441128226508,0.04393020035503094
0.34500000000000003,0.25789294914252375,0.6728643658670288,0.206233176649429,0.8868745561100626,0.040869370011723014
0.34600000000000003,0.2585654950690786,0.6722272106692726,0.2071199817183832,0.886805068954187,0.040869370011723014
0.34700000000000003,0.25923740301097764,0.6715883968176983,0.20800671736966866,0.8867356512854673,0.040869370011723014
0.34800000000000003,0.2599086713103548,0.6709479258885155,0.20889338367270308,0.8866663030344163,0.040869370011723014
0.34900000000000003,0.2605792983109222,0.6703057994620225,0.2097799806968347,0.8865970241316163,0.040869370011723014
0.35000000000000003,0.2612492823579744,0.6696620191226025,0.21066644828597858,0.8864675891438762,0.03785810181957523
0.35100000000000003,0.2619186217983925,0.6690165864587194,0.21155278656956972,0.8863382835911239,0.03785810181957523
0.352,0.2625873149806478,0.6683695030629143,0.21243899567691363,0.8862091073439242,0.03785810181957523
0.353,0.2632553602548065,0.6677207705318009,0.2133250757371866,0.8860800602729718,0.03785810181957523
0.354,0.2639227559725332,0.6670703904660624,0.2142110268794357,0.8859511422490903,0.03785810181957523
0.355,0.2645895004870953,0.666418364470447,0.21509679001282017,0.8857631333844758,0.0348971138817262
0.356,0.265255592153367,0.6657646941537639,0.2159823653253489,0.8855753125287258,0.0348971138817262
0.357,0.26592102932783335,0.6651093811288799,0.21686775300484273,0.8853876794938316,0.0348971138817262
0.358,0.2665858103685943,0.6644524270127142,0.2177529532389347,0.8852002340919722,0.0348971138817262
0.359,0.26724993363536864,0.6637938334262363,0.21863796621507023,0.8850129761355148,0.0348971138817262
0.36,0.26791339748949833,0.6631336019944601,0.21952273391923574,0.8847677041655101,0.03198705030653981
0.361,0.2685762002939521,0.6624717343464414,0.2204072565967032,0.8845226774674754,0.03198705030653981
0.362,0.26923834041333006,0.6618082321152724,0.22129153449249936,0.8842778957961387,0.03198705030653981
0.363,0.26989981621386727,0.661143096938079,0.22217556785140583,0.8840333589064734,0.03198705030653981
0.364,0.2705606260634379,0.6604763304560164,0.22305935691795953,0.8837890665536977,0.03198705030653981
0.365,0.27122076833155934,0.6598079343142642,0.22394284476510978,0.8834878471502514,0.029128483155369575
0.366,0.2718802413893962,0.6591379101620237,0.224826031694076,0.8831869289662085,0.029128483155369575
0.367,0.2725390436097643,0.6584662596525129,0.22570891800577636,0.8828863117003497,0.029128483155369575
0.368,0.27319717336713456,0.6577929844429626,0.22659150400082811,0.8825859950517567,0.029128483155369575
0.369,0.27385462903763724,0.6571180861946125,0.22747378997954792,0.8822859787198124,0.029128483155369575
0.37,0.2745114089990659,0.6564415665727068,0.22835572011057692,0.8819301310289906,0.026321914394904264
0.371,0.27516751163088116,0.6557634272464906,0.2292372947497628,0.8815746391858598,0.026321914394904264
0.372,0.2758229353142151,0.6550836698892052,0.23011851425259736,0.881219502834572,0.026321914394904264
0.373,0.27647767843187493,0.6544022961780842,0.230999378974217,0.8808647216196355,0.026321914394904264
0.374,0.277131739368347,0.6537193077943496,0.2318798892694029,0.880510295185914,0.026321914394904264
0.375,0.2777851165098011,0.6530347064232074,0.23275999040985065,0.8801011404477678,0.023567777851984426
0.376,0.278437808244094,0.6523484937538434,0.233639682804715,0.8796923948643597,0.023567777851984426
0.377,0.27908981296077373,0.651660671479419,0.23451896686274154,0.879284058026535,0.023567777851984426
0.378,0.2797411290510835,0.6509712412970674,0.2353978429922671,0.8788761295255482,0.023567777851984426
0.379,0.2803917549079656,0.6502802049078891,0.23627631160122017,0.8784686089530623,0.023567777851984426
0.38,0.2810416889260653,0.6495875640169476,0.23715431907038767,0.8780074691674864,0.020866441168855818
0.381,0.28169092950173513,0.6488933203332656,0.23803186586090935,0.877546790521696,0.020866441168855818
0.382,0.2823394750330385,0.6481974755698201,0.2389089524334639,0.8770865725545515,0.020866441168855818
0.383,0.2829873239197538,0.6475000314435392,0.2397855792482693,0.8766268148053741,0.020866441168855818
0.384,0.28363447456337826,0.6468009896752966,0.24066174676508323,0.8761675168139458,0.020866441168855818
0.385,0.28428092536713195,0.6461003519899088,0.2415374024785355,0.8756557134522696,0.01821820775688636
0.386,0.2849266747359619,0.6453981201161292,0.24241254690042946,0.875144421893955,0.01821820775688636
0.387,0.2855717210765456,0.6446942957866454,0.24328718054205667,0.8746336416271988,0.01821820775688636
0.388,0.28621606279729545,0.643988880738074,0.24416130391419738,0.8741233721407093,0.01821820775688636
0.389,0.28685969830836217,0.6432818767109564,0.2450349175271211,0.8736136129237063,0.01821820775688636
0.39,0.2875026260216393,0.6425732854497548,0.2459079699928068,0.8730524656857196,0.01562331874685094
0.391,0.2881448443507664,0.6418631087028476,0.2467804618724018,0.8724918795949709,0.01562331874685094
0.392,0.28878635171113376,0.6411513482225253,0.24765239372649211,0.8719318540903129,0.01562331874685094
0.393,0.2894271465198857,0.6404380057649863,0.24852376611510327,0.8713723886111596,0.01562331874685094
0.394,0.2900672271959247,0.6397230830903323,0.24939457959770076,0.8708134825974855,0.01562331874685094
0.395,0.2907065921599153,0.6390065819625637,0.25026478390591433,0.8702043082135671,0.01308195493395252
0.396,0.29134523983428806,0.6382885041495758,0.2511343796489184,0.8695957430040325,0.01308195493395252
0.397,0.29198316864324325,0.6375688514231543,0.25200336743527807,0.8689877863597075,0.01308195493395252
0.398,0.29262037701275506,0.6368476255589708,0.2528717478729501,0.8683804376720269,0.01308195493395252
0.399,0.29325686337057505,0.6361248283365785,0.2537395215692831,0.8677736963330339,0.01308195493395252
0.4,0.29389262614623657,0.6354004615394074,0.2546066393766941,0.8671178074110173,0.010594238715819021
0.401,0.29452766377105805,0.6346745269547609,0.25547310195107203,0.8664625743779226,0.010594238715819021
0.402,0.29516197467814725,0.6339470263738102,0.2563389099476499,0.8658079965778611,0.010594238715819021
0.403,0.2957955573024052,0.6332179615915907,0.2572040640210055,0.8651540733555997,0.010594238715819021
0.404,0.2964284100805296,0.6324873344069973,0.258068564825062,0.8645008040565605,0.010594238715819021
0.405,0.2970605314510193,0.6317551466227801,0.25893236433303496,0.8637995079729396,0.00816023602178044
0.406,0.2976919198541775,0.6310214000455394,0.2597954632462204,0.8630989131854022,0.00816023602178044
0.40700000000000003,0.2983225737321161,0.6302860964857221,0.26065786226521304,0.8623990189926525,0.00816023602178044
0.40800000000000003,0.2989524915287594,0.6295492377576167,0.2615195620899071,0.8616998246940955,0.00816023602178044
0.40900000000000003,0.2995816716898479,0.6288108256793488,0.26238056341949695,0.861001329589837,0.00816023602178044
0.41000000000000003,0.300210112662942,0.6280708620728765,0.26324081934692184,0.8602559274248832,0.005779958231801982
0.41100000000000003,0.30083781289742617,0.6273293487639869,0.2641003306175839,0.8595112706620943,0.005779958231801982
0.41200000000000003,0.30146477084451234,0.6265862875822903,0.26495909797614,0.8587673585560682,0.005779958231801982
0.41300000000000003,0.30209098495724424,0.625841680361216,0.2658171221665021,0.8580241903621482,0.005779958231801982
0.41400000000000003,0.3027164536905007,0.6250955289380086,0.26667440393183856,0.8572817653364221,0.005779958231801982
0.41500000000000004,0.30334117550099987,0.6243478351537225,0.2675308974826913,0.8564935508527559,0.0034533640835127527
0.41600000000000004,0.30396514884730275,0.6235986008532176,0.2683866036072749,0.8557061245835734,0.0034533640835127527
0.417,0.30458837218981705,0.6228478278851554,0.2692415230930156,0.8549194857406601,0.0034533640835127527
0.418,0.3052108439908013,0.6220955181019932,0.27009565672655217,0.8541336335365897,0.0034533640835127527
0.419,0.305832562714368,0.6213416733599808,0.2709490052937369,0.8533485671847233,0.0034533640835127527
0.42,0.3064535268264882,0.6205862955191552,0.27180152411958575,0.8525188258488552,0.0011803615658321776
0.421,0.3070737347949946,0.6198293864433362,0.2726532140338401,0.8516899142543229,0.0011803615658321776
0.422,0.3076931850895857,0.6190709480001213,0.2735040758654115,0.8508618315713853,0.0011803615658321776
0.423,0.3083118761818295,0.6183109820608823,0.2743541104423826,0.8500345769711305,0.0011803615658321776
0.424,0.30892980654516716,0.6175494905007597,0.2752033185920081,0.849208149625476,0.0011803615658321776
0.425,0.309546974654917,0.6167864751986579,0.2760516567496799,0.848338157671806,-0.001039190202227605
0.426,0.310163378988278,0.6160219380372415,0.27689912578539,0.8474690357100896,-0.001039190202227605
0.427,0.31077901802433383,0.61525588090293,0.27774572656826035,0.8466007828703349,-0.001039190202227605
0.428,0.3113938902440563,0.6144883056858932,0.2785914599665438,0.84573339828342,-0.001039190202227605
0.429,0.3120079941303093,0.6137192142800465,0.27943632684762487,0.844866881081092,-0.001039190202227605
0.43,0.31262132816785254,0.6129486085830467,0.2802802847522427,0.8439579046178317,-0.0032054791089582563
0.431,0.3132338908433454,0.6121764904962865,0.2811233345893737,0.8430498371310348,-0.0032054791089582563
0.432,0.31384568064535023,0.6114028619248908,0.28196547726708543,0.8421426777117246,-0.0032054791089582563
0.433,0.31445669606433657,0.6106277247777109,0.28280671369253724,0.8412364254518336,-0.0032054791089582563
0.434,0.31506693559268456,0.609851080967321,0.28364704477198144,0.8403310794442026,-0.0032054791089582563
0.435,0.31567639772468886,0.6090729324100121,0.2844864291455821,0.8393843736006615,-0.005318738204842285
0.436,0.3162850809565622,0.6082932810257888,0.28532486776004506,0.8384386144629641,-0.005318738204842285
0.437,0.3168929837864393,0.6075121287383632,0.28616236156112945,0.8374938010844043,-0.005318738204842285
0.438,0.3175001047143803,0.606729477475151,0.2869989114936487,0.836549932519223,-0.005318738204842285
0.439,0.31810644224237467,0.6059453291672663,0.2878345185014713,0.835607007822607,-0.005318738204842285
0.44,0.3187119948743448,0.6051596857495171,0.28866914231740853,0.8346238159372608,-0.007379243876179928
0.441,0.31931676111614987,0.6043725491604004,0.28950278392465234,0.8336416072437999,-0.007379243876179928
0.442,0.3199207394755892,0.6035839213420976,0.29033544430541136,0.8326603807590325,-0.007379243876179928
0.443,0.3205239284624063,0.6027938042404695,0.2911671244409121,0.8316801355007498,-0.007379243876179928
0.444,0.3211263265882922,0.6020021998050512,0.2919978253113998,0.8307008704877255,-0.007379243876179928
0.445,0.32172793236688946,0.6012091099890482,0.29282750773473626,0.8296824233364652,-0.00938731403862382
0.446,0.32232874431379566,0.6004145367493308,0.2936561727293686,0.8286649946323563,-0.00938731403862382
0.447,0.32292876094656703,0.5996184820464295,0.29448382131272555,0.8276485833569515,-0.00938731403862382
0.448,0.3235279807847221,0.5988209478445299,0.29531045450121834,0.8266331884928221,-0.00938731403862382
0.449,0.32412640234974566,0.5980219361114686,0.2961360733102419,0.8256188090235568,-0.00938731403862382
0.45,0.32472402416509183,0.5972214488187275,0.2969606396343294,0.8245663240874982,-0.011343306351748891
0.451,0.3253208447561882,0.5964194879414295,0.2977841545259658,0.8235148916363757,-0.011343306351748891
0.452,0.3259168626504394,0.5956160554583334,0.2986066190365835,0.8224645106177043,-0.011343306351748891
0.453,0.3265120763772304,0.5948111533518289,0.29942803421656355,0.8214151799800516,-0.011343306351748891
0.454,0.32710648446793056,0.5940047836079317,0.3002484011152366,0.8203668986730366,-0.011343306351748891
0.455,0.32770008545589696,0.5931969482162794,0.30106768269468187,0.8192815794452494,-0.013247616455706407
0.456,0.32829287787647826,0.5923876491701254,0.30188588004021855,0.81819734553669,-0.013247616455706407
0.457,0.3288848602670179,0.5915768884663346,0.3027029942360806,0.8171141958620391,-0.013247616455706407
0.458,0.3294760311668585,0.5907646681053784,0.30351902636541767,0.8160321293370629,-0.013247616455706407
0.459,0.3300663891173443,0.5899509900913298,0.3043339775102963,0.8149511448786118,-0.013247616455706407
0.46,0.3306559326618259,0.5891358564318584,0.3051478116905054,0.8138341802091138,-0.01510067623096674
0.461,0.33124466034566324,0.5883192691382255,0.3059605300230097,0.8127183325042854,-0.01510067623096674
0.462,0.33183257071622924,0.5875012302252792,0.30677213362365685,0.8116036006471617,-0.01510067623096674
0.463,0.3324196623229135,0.586681741711449,0.30758262360717875,0.8104899835218953,-0.01510067623096674
0.464,0.33300593371712583,0.5858608056187415,0.3083920010871925,0.8093774800137541,-0.01510067623096674
0.465,0.33359138345229983,0.5850384239727349,0.3092002311306846,0.8082300434920985,-0.01690295208209111
0.466,0.3341760100838965,0.584214598802574,0.3100073148850916,0.8070837544069646,-0.01690295208209111
0.467,0.33475981216940776,0.5833893321409657,0.3108132534967025,0.8059386116109157,-0.01690295208209111
0.468,0.33534278826836,0.5825626260241732,0.3116180481106602,0.8047946139576629,-0.01690295208209111
0.46900000000000003,0.3359249369423176,0.581734482492012,0.31242169987096224,0.8036517603020634,-0.01690295208209111
0.47000000000000003,0.33650625675488666,0.5809049035878436,0.3132241748806391,0.802475009676833,-0.018654943246417102
0.47100000000000003,0.33708674627171825,0.5800738913585718,0.3140254743164413,0.8012994358022278,-0.018654943246417102
0.47200000000000003,0.33766640406051224,0.5792414478546365,0.3148255993539428,0.8001250375014973,-0.018654943246417102
0.47300000000000003,0.3382452286910206,0.5784075751300093,0.31562455116754184,0.7989518135990675,-0.018654943246417102
0.47400000000000003,0.33882321873505117,0.5775722752421882,0.3164223309304624,0.7977797629205401,-0.018654943246417102
0.47500000000000003,0.33940037276647084,0.5767355502521928,0.31721890577001743,0.7965748395550498,-0.02035718012848732
0.47600000000000003,0.33997668936120956,0.5758974022245588,0.3180142768911304,0.7953711211129251,-0.02035718012848732
0.47700000000000004,0.34055216709726344,0.575057833227333,0.31880844549751963,0.7941686063892424,-0.02035718012848732
0.47800000000000004,0.34112680455469824,0.5742168453320684,0.3196014127916999,0.7929672941802833,-0.02035718012848732
0.47900000000000004,0.3417006003156532,0.5733744406138193,0.32039317997498346,0.7917671832835333,-0.02035718012848732
0.48,0.3422735529643443,0.5725306211511354,0.32118371518663047,0.7905352116470299,-0.022010222660997683
0.481,0.34284566108706793,0.5716853890260575,0.32197301965861264,0.7893044719821629,-0.022010222660997683
0.482,0.3434169232722041,0.5708387463241116,0.3227610946216696,0.7880749630569608,-0.022010222660997683
0.483,0.3439873381102202,0.5699906951343046,0.3235479413053103,0.7868466836406839,-0.022010222660997683
0.484,0.34455690419367424,0.5691412375491185,0.3243335609378141,0.7856196325038233,-0.022010222660997683
0.485,0.3451256201172186,0.5682903756645054,0.3251179226575116,0.7843617196974597,-0.023614658692986443
0.486,0.3456934844776032,0.5674381115798823,0.3259010277223155,0.7831050648039025,-0.023614658692986443
0.487,0.34626049587367924,0.5665844473981264,0.32668287738888074,0.7818496665652389,-0.023614658692986443
0.488,0.34682665290640247,0.5657293852255689,0.3274634729126056,0.7805955237248139,-0.023614658692986443
0.489,0.34739195417883667,0.564872927171991,0.3282428155476328,0.7793426350272293,-0.023614658692986443
0.49,0.34795639829615715,0.5640150753506177,0.32902087541797687,0.7780598703440834,-0.025171102405934773
0.491,0.34851998386565414,0.5631558318781129,0.32979765380640247,0.7767783884256206,-0.025171102405934773
0.492,0.3490827094967363,0.5622951988745747,0.3305731519943915,0.7754981879890763,-0.025171102405934773
0.493,0.3496445738009341,0.5614331784635292,0.3313473712621445,0.7742192677529686,-0.025171102405934773
0.494,0.35020557539190317,0.5605697727719264,0.33212031288858157,0.7729416264370969,-0.025171102405934773
0.495,0.35076571288542785,0.559704983930134,0.3328919479695371,0.7716350809554918,-0.026680192758396296
0.496,0.3513249848994246,0.5588388140719323,0.33366227781155644,0.7703298420193684,-0.026680192758396296
0.497,0.35188339005394526,0.5579712653345095,0.3344313037198786,0.7690259083221811,-0.026680192758396296
0.498,0.3524409269711807,0.5571023398584557,0.3351990269984373,0.7677232785586909,-0.026680192758396296
0.499,0.35299759427546396,0.556232039787758,0.33596544894986224,0.7664219514249643,-0.026680192758396296
0.5,0.3535533905932738,0.5553603672697958,0.3367305416274966,0.7650926776343447,-0.028142591959727473
0.501,0.354108314553238,0.554487324455334,0.3374943063606141,0.7637647331175158,-0.028142591959727473
0.502,0.35466236478613694,0.553612913498519,0.3382567444771593,0.7624381165452038,-0.028142591959727473
0.503,0.35521553992490673,0.5527371365568732,0.3390178573037488,0.761112826589464,-0.028142591959727473
0.504,0.35576783860464267,0.5518599957912886,0.33977764616567246,0.75978886192368,-0.028142591959727473
0.505,0.3563192594626027,0.5509814933660234,0.3405360840590548,0.7584378933822876,-0.02955898397343655
0.506,0.35686980113821065,0.5501016314486947,0.3412931723348642,0.7570882758094366,-0.02955898397343655
0.507,0.3574194622730597,0.5492204122102744,0.3420489123427184,0.7557400078541584,-0.02955898397343655
0.508,0.35796824151091555,0.5483378378250834,0.3428033054308852,0.7543930881668355,-0.02955898397343655
0.509,0.3585161374977201,0.5474539104707862,0.3435563529462844,0.7530475153991999,-0.02955898397343655
0.51,0.3590631488815944,0.5465686323283857,0.34430802881270717,0.7516758664227882,-0.03093007305062423
0.511,0.35960927431284223,0.5456820055822177,0.3450583344018025,0.7503055890953529,-0.03093007305062423
0.512,0.36015451244395347,0.5447940324199455,0.34580727108384773,0.7489366820452451,-0.03093007305062423
0.513,0.3606988619296071,0.5439047150325548,0.3465548402277499,0.7475691439021874,-0.03093007305062423
0.514,0.3612423214266749,0.5430140556143478,0.34730104320104715,0.7462029732972728,-0.03093007305062423
0.515,0.36178488959422467,0.5421220563629379,0.3480458548397253,0.7448116386780966,-0.03225658229394546
0.516,0.3623265650935233,0.5412287194792446,0.3487892765351188,0.7434216953935396,-0.03225658229394546
0.517,0.36286734658804043,0.540334047167488,0.3495313096771711,0.7420331420522672,-0.03225658229394546
0.518,0.3634072327434514,0.539438041635183,0.3502719556544354,0.740645977264336,-0.03225658229394546
0.519,0.36394622222764084,0.5385407050931343,0.35101121585407663,0.7392601996411927,-0.03225658229394546
0.52,0.3644843137107058,0.5376420397554306,0.3517490660084731,0.7378501543965021,-0.03353925225247035
0.521,0.3650215058649589,0.5367420478394391,0.35248550752767016,0.7364415191970562,-0.03353925225247035
0.522,0.36555779736493205,0.5358407315658005,0.353220541820303,0.7350342926328098,-0.03353925225247035
0.523,0.36609318688737924,0.5349380931584231,0.3539541702935981,0.7336284732951276,-0.03353925225247035
0.524,0.36662767311128003,0.5340341348444777,0.3546863943533749,0.7322240597767831,-0.03353925225247035
0.525,0.3671612547178428,0.5331288588543911,0.3554171906123009,0.7307962589260506,-0.03477883954778183
0.526,0.3676939303905079,0.5322222674218421,0.3561465604981771,0.7293698858761689,-0.03477883954778183
0.527,0.36822569881495126,0.5313143627837549,0.3568745054373764,0.7279449391993371,-0.03477883954778183
0.528,0.36875655867908697,0.5304051471802939,0.3576010268548456,0.7265214174691822,-0.03477883954778183
0.529,0.3692865086730711,0.5294946228548584,0.35832612617410636,0.7250993192607573,-0.03477883954778183
0.53,0.36981554748930484,0.5285827920540763,0.3590497808717372,0.7236546976308644,-0.035976115531607344
0.531,0.37034367382243744,0.5276696570277998,0.35977199239235985,0.7222115206226014,-0.035976115531607344
0.532,0.3708708863693696,0.5267552200290986,0.3604927621791512,0.7207697867913466,-0.035976115531607344
0.533,0.37139718382925685,0.5258394833142553,0.36121209167384516,0.7193294946939232,-0.035976115531607344
0.534,0.37192256490351255,0.524922449142759,0.36192998231673373,0.717890642888597,-0.035976115531607344
0.535,0.372447028295811,0.5240041197773004,0.36264641243167994,0.7164301149462038,-0.03713186497523445
0.536,0.37297057271209105,0.523084497483766,0.3633613834792117,0.7149710475317529,-0.03713186497523445
0.537,0.3734931968605589,0.5221635845312323,0.36407489691839645,0.7135134391847164,-0.03713186497523445
0.538,0.37401489945169125,0.5212413831919607,0.3647869542068425,0.712057288446027,-0.03713186497523445
0.539,0.374535679198239,0.520317895741391,0.36549755680070056,0.7106025938580763,-0.03713186497523445
0.54,0.3750555348152298,0.5193931244581368,0.36620668385426897,0.7091270535683998,-0.03824688479092339
0.541,0.3755744650199716,0.5184670716239794,0.366914336843088,0.707652988819013,-0.03824688479092339
0.542,0.3760924685320557,0.5175397395238621,0.36762051724122236,0.7061803981343755,-0.03824688479092339
0.543,0.37660954407335995,0.5166111304458847,0.36832522652126276,0.7047092800404227,-0.03824688479092339
0.544,0.3771256903680519,0.5156812466812976,0.36902846615432733,0.7032396330645637,-0.03824688479092339
0.545,0.3776409061425918,0.5147500905244966,0.36973021610810314,0.7017499537757893,-0.039321982785491136
0.546,0.37815519012573595,0.5138176642730171,0.37043047787226946,0.7002617641663037,-0.039321982785491136
0.547,0.3786685410485398,0.5128839702275282,0.37112925293501586,0.6987750627464275,-0.039321982785491136
0.548,0.37918095764436094,0.511949010691827,0.37182654278304383,0.6972898480279713,-0.039321982785491136
0.549,0.3796924386488624,0.5110127879728332,0.37252234890156805,0.6958061185242336,-0.039321982785491136
0.55,0.3802029828000155,0.5100753043805833,0.3732166520544448,0.6943031528767853,-0.040357976446200115
0.551,0.38071258883810344,0.5091365622282252,0.3739094537446398,0.6928016901949846,-0.040357976446200115
0.552,0.38122125550572394,0.5081965638320115,0.37460075547361565,0.6913017289758656,-0.040357976446200115
0.553,0.38172898154779256,0.5072553115112948,0.3752905587413336,0.6898032677179657,-0.040357976446200115
0.554,0.3822357657115458,0.5063128075885216,0.37597886504625494,0.6883063049213237,-0.040357976446200115
0.555,0.38274160674654406,0.5053690543892269,0.3766656559310362,0.6867908847812214,-0.041355691759050815
0.556,0.3832465034046749,0.5044240542420276,0.37735093291109745,0.6852769800612591,-0.041355691759050815
0.557,0.38375045444015604,0.5034778094786179,0.37803469750034346,0.6837645892460169,-0.041355691759050815
0.558,0.38425345860953836,0.5025303224337626,0.37871695121116505,0.6822537108215899,-0.041355691759050815
0.559,0.384755514671709,0.5015815954452917,0.37939769555444064,0.6807443432755873,-0.041355691759050815
0.56,0.3852566213878946,0.5006316308540948,0.38007691283413175,0.6792172796911209,-0.04231596205953978
0.561,0.3857567775216642,0.499680431004115,0.380754604577302,0.677691743170239,-0.04231596205953978
0.562,0.3862559818389322,0.49872799824234365,0.38143077230948785,0.6761677321858779,-0.04231596205953978
0.5630000000000001,0.3867542331079616,0.4977743349188136,0.38210541755470034,0.6746452452125012,-0.04231596205953978
0.5640000000000001,0.3872515300993669,0.4968194433865944,0.3827785418354264,0.673124280726098,-0.04231596205953978
0.5650000000000001,0.38774787158611723,0.495863326001786,0.3834501281993335,0.6715863639070536,-0.04323962691591197
0.5660000000000001,0.3882432563435393,0.4949059851235131,0.3841201781843383,0.6700499850048284,-0.04323962691591197
0.5670000000000001,0.3887376831493205,0.493947423113919,0.3847886933268198,0.6685151424815053,-0.04323962691591197
0.5680000000000001,0.3892311507835117,0.4929876423381602,0.3854556751616205,0.6669818348007056,-0.04323962691591197
0.5690000000000001,0.38972365802853076,0.4920266451644005,0.38612112522204806,0.6654500604275867,-0.04323962691591197
0.5700000000000001,0.39021520366916485,0.4910644339638048,0.3867850272817943,0.663902059746261,-0.044127531044901
0.5710000000000001,0.3907057864925741,0.49010101111053345,0.38744738288885994,0.6623556070656168,-0.044127531044901
0.5720000000000001,0.39119540528829405,0.4891363789817367,0.3881081935896976,0.6608107008376531,-0.044127531044901
0.5730000000000001,0.3916840588482391,0.48817053995754844,0.38876746092921355,0.6592673395159174,-0.044127531044901
0.5740000000000001,0.39217174596670507,0.48720349642108046,0.38942518645076907,0.6577255215555035,-0.044127531044901
0.5750000000000001,0.3926584654403725,0.48623525075841656,0.3900813546363378,0.6561681855687496,-0.044980523259919254
0.5760000000000001,0.39314421606830946,0.4852658053586065,0.3907359670432558,0.6546124069179824,-0.044980523259919254
0.577,0.39362899665197454,0.4842951626136608,0.3913890252273017,0.653058184045866,-0.044980523259919254
0.578,0.39411280599522,0.4833233249185436,0.3920405307426983,0.6515055153966217,-0.044980523259919254
0.579,0.3945956429042942,0.48235029467116786,0.3926904851421143,0.6499543994160267,-0.044980523259919254
0.58,0.39507750618784515,0.4813760742723891,0.3933388735980219,0.6483884559075781,-0.045799455451629584
0.581,0.3955583946569231,0.48040066612599924,0.39398569767636454,0.6468240783426379,-0.045799455451629584
0.582,0.3960383071249835,0.4794240726387209,0.3946309589415198,0.6452612651552626,-0.045799455451629584
0.583,0.3965172424078901,0.47844629622020146,0.3952746589563009,0.6437000147810747,-0.045799455451629584
0.584,0.39699519932391764,0.47746733928300716,0.3959167992819581,0.6421403256572611,-0.045799455451629584
0.585,0.397472176693755,0.47648720424261665,0.3965573657636577,0.6405664816995879,-0.04658518160079953
0.586,0.3979481733405079,0.475505893517416,0.39719635997524355,0.6389942115858723,-0.04658518160079953
0.587,0.39842318808970195,0.4745234095286917,0.39783378348898585,0.6374235137422705,-0.04658518160079953
0.588,0.3988972197692855,0.4735397547006253,0.39846963787558237,0.6358543865965122,-0.04658518160079953
0.589,0.3993702672096324,0.4725549314602874,0.3991039247041603,0.6342868285778996,-0.04658518160079953
0.59,0.39984232924354524,0.47156894223763146,0.39973663047477315,0.6327057706128555,-0.04733855682331055
0.591,0.4003134047062578,0.4705817894654878,0.4003677567684789,0.6311262937057764,-0.04733855682331055
0.592,0.40078349243543826,0.46959347557955783,0.4009973051647545,0.6295483962756044,-0.04733855682331055
0.593,0.40125259127119184,0.46860400301840777,0.4016252772414974,0.6279720767428626,-0.04733855682331055
0.594,0.40172070005606375,0.46761337422346283,0.40225167457502703,0.6263973335296535,-0.04733855682331055
0.595,0.4021878176350422,0.46662159163900097,0.40287648430249423,0.6248097274671806,-0.048060436447165455
0.596,0.40265394285556094,0.4656286577121473,0.403499708011505,0.6232237090107701,-0.048060436447165455
0.597,0.40311907456750234,0.4646345748928674,0.4041213472880778,0.621639276572816,-0.048060436447165455
0.598,0.4035832116232001,0.4636393456339621,0.4047414037166451,0.6200564285672999,-0.048060436447165455
0.599,0.4040463528774422,0.46264297239106034,0.40535987888005487,0.6184751634097894,-0.048060436447165455
0.6,0.4045084971874737,0.46164545762261416,0.4059767605347988,0.6168816547439533,-0.04875167512131485
0.601,0.40496964341299935,0.4606468037898922,0.4065920502743856,0.615289739586783,-0.04875167512131485
0.602,0.4054297904161867,0.4596470133569735,0.40720574969073037,0.61369941634477,-0.04875167512131485
0.603,0.4058889370616688,0.4586460887907414,0.40781786037415635,0.612110683425999,-0.04875167512131485
0.604,0.406347082216547,0.4576440325608779,0.4084283839133965,0.6105235392401467,-0.04875167512131485
0.605,0.40680422475039346,0.4566408471398571,0.4090373086665783,0.6089247531817846,-0.04941312595609291
0.606,0.4072603635352547,0.45563653500293927,0.40964463623248776,0.607327565909481,-0.04941312595609291
0.607,0.4077154974456534,0.4546310986281648,0.41025036820831223,0.6057319758244497,-0.04941312595609291
0.608,0.40816962535859197,0.4536245404963481,0.41085450618964175,0.6041379813295034,-0.04941312595609291
0.609,0.4086227461535549,0.45261686309107113,0.4114570517704708,0.602545580829052,-0.04941312595609291
0.61,0.4090748587125117,0.45160806889867783,0.41205799389292513,0.6009421224543223,-0.05004563969503047
0.611,0.4095259619199196,0.45059816040826756,0.4126573341604631,0.5993402675379674,-0.05004563969503047
0.612,0.40997605466272613,0.4495871401116892,0.4132550741749396,0.5977400144765288,-0.05004563969503047
0.613,0.4104251358303724,0.44857501050353465,0.41385121553660775,0.5961413616681517,-0.05004563969503047
0.614,0.41087320431479507,0.4475617740811332,0.41444575984412035,0.5945443075125829,-0.05004563969503047
0.615,0.4113202590104299,0.4465474333445451,0.4150386966060471,0.5929367619267145,-0.05065006391779225
0.616,0.4117662988142137,0.4455319907965551,0.4156300274299335,0.591330823886432,-0.05065006391779225
0.617,0.4122113226255877,0.4445154489426669,0.4162197539217177,0.5897264917841897,-0.05065006391779225
0.618,0.4126553293464998,0.4434978102910963,0.41680787768573174,0.5881237640140496,-0.05065006391779225
0.619,0.4130983178814076,0.4424790773527657,0.41739440032470343,0.5865226389716798,-0.05065006391779225
0.62,0.4135402871372809,0.4414592526412973,0.41797931189619064,0.5849115714872289,-0.051227242273959764
0.621,0.41398123602360454,0.44043833867300725,0.4185626140112609,0.5833021150702625,-0.051227242273959764
0.622,0.41442116345238095,0.4394163379668991,0.4191443082793706,0.581694268109713,-0.051227242273959764
0.623,0.41486006833813294,0.4383932530446581,0.4197243963083667,0.5800880289961241,-0.051227242273959764
0.624,0.4152979495979063,0.43736908643064465,0.4203028797044884,0.5784833961216488,-0.051227242273959764
0.625,0.4157348061512726,0.436343840651888,0.420879749056939,0.5768693524505799,-0.05177801374735974
0.626,0.4161706369203317,0.4353175182380802,0.42145500597976215,0.5752569228231821,-0.05177801374735974
0.627,0.4166054408297145,0.4342901217215697,0.4220286520853876,0.5736461056254117,-0.05177801374735974
0.628,0.41703921680658557,0.4332616536373554,0.42260068898463243,0.5720368992448391,-0.05177801374735974
0.629,0.4174719637806458,0.4322321165230801,0.42317111828670306,0.5704293020706471,-0.05177801374735974
0.63,0.4179036806841351,0.4312015129190242,0.4237399310952326,0.5688128085295641,-0.05230321195062284
0.631,0.41833436645183486,0.4301698453680996,0.42430712902671464,0.567197931482022,-0.05230321195062284
0.632,0.4187640200210708,0.4291371164158435,0.42487271369602614,0.5655846693115275,-0.05230321195062284
0.633,0.4191926403317155,0.42810332861041195,0.42543668671642937,0.5639730204032035,-0.05230321195062284
0.634,0.41962022632619084,0.42706848450257345,0.42599904969957314,0.5623629831437879,-0.05230321195062284
0.635,0.42004677694947096,0.4260325866457031,0.4265597942464448,0.5607445468716514,-0.05280366444962979
0.636,0.4204722911490845,0.4249956375957758,0.42711892197548057,0.5591277290357872,-0.05280366444962979
0.637,0.4208967678751176,0.4239576399113605,0.42767643450349835,0.5575125280177589,-0.05280366444962979
0.638,0.42132020608021614,0.4229185961536128,0.4282323334456991,0.5558989422007485,-0.05280366444962979
0.639,0.4217426047195883,0.4218785088862705,0.4287866204156687,0.5542869699695552,-0.05280366444962979
0.64,0.42216396275100754,0.42083738067564497,0.4293392874948259,0.5526670791572357,-0.05328019211749533
0.641,0.4225842791348147,0.41979521409061704,0.42989033630306167,0.5510488082357285,-0.05328019211749533
0.642,0.4230035528339211,0.41875201170262877,0.4304397684586468,0.5494321555851429,-0.05328019211749533
0.643,0.4234217828138103,0.41770777608567866,0.430987585578234,0.5478171195872079,-0.05328019211749533
0.644,0.42383896804254156,0.4166625098163142,0.4315337892768593,0.5462036986252709,-0.05328019211749533
0.645,0.42425510749075185,0.41561621547362576,0.4320783720996156,0.5445828227562914,-0.053733608517708455
0.646,0.42467020013165824,0.41456889563924104,0.43262133566737876,0.542963567763181,-0.053733608517708455
0.647,0.4250842449410611,0.41352055289731726,0.4331626815994038,0.5413459320250636,-0.053733608517708455
0.648,0.4254972408973459,0.4124711898345362,0.4337024115133265,0.5397299139226844,-0.053733608517708455
0.649,0.4259091869814863,0.41142080904009665,0.4342405270251649,0.5381155118384076,-0.053733608517708455
0.65,0.4263200821770461,0.41036941310570907,0.43477702112710515,0.5364941019402482,-0.054164719316047195
0.651,0.42672992547018246,0.40931700462558807,0.43531189544055715,0.534874313451987,-0.054164719316047195
0.652,0.4271387158496476,0.4082635861964473,0.43584515158530934,0.5332561447522141,-0.054164719316047195
0.653,0.427546452306792,0.40720916041749194,0.4363767911795305,0.5316395942211409,-0.054164719316047195
0.654,0.4279531338355665,0.4061537298904126,0.4369068158397711,0.5300246602405988,-0.054164719316047195
0.655,0.42835875943252477,0.40509729721937937,0.437435218988917,0.528403149145941,-0.054574321720858465
0.656,0.42876332809682616,0.40403986501103467,0.4379620022484794,0.5267832595623779,-0.054574321720858465
0.657,0.42916683883023743,0.40298143587448765,0.4384871672383478,0.5251649898683983,-0.054574321720858465
0.658,0.4295692906371362,0.40192201242130665,0.4390107155767919,0.5235483384441127,-0.054574321720858465
0.659,0.4299706825245125,0.400861597265514,0.4395326488804631,0.5219333036712515,-0.054574321720858465
0.66,0.4303710135019718,0.39980019302357844,0.4400529609867517,0.5203121062885545,-0.05496320395128449
0.661,0.4307702825817372,0.3987378023144097,0.4405716535168549,0.5186925301032402,-0.05496320395128449
0.662,0.431168488778652,0.39767442775935097,0.441088728090349,0.5170745734941113,-0.05496320395128449
0.663,0.43156563111018187,0.3966100719821736,0.4416041863251906,0.5154582348415916,-0.05496320395128449
0.664,0.43196170859641764,0.3955447376090694,0.4421180298377183,0.5138435125277243,-0.05496320395128449
0.665,0.43235672026007754,0.39447842726864496,0.44263025286383884,0.5122230261205365,-0.05533214473300533
0.666,0.4327506651265095,0.3934111435919153,0.4431408570240386,0.5106041601997559,-0.05533214473300533
0.667,0.4331435422236937,0.3923428892122965,0.4436498439371835,0.508986913144896,-0.05533214473300533
0.668,0.433535350582245,0.39127366676560044,0.4441572152205206,0.5073712833370909,-0.05533214473300533
0.669,0.4339260892354153,0.39020347889002677,0.4446629724896797,0.5057572691590937,-0.05533214473300533
0.67,0.43431575721909566,0.3891323282261582,0.4451671103633132,0.5041378736335136,-0.055681912821048694
0.671,0.43470435357181914,0.38806021741695196,0.44566963046081665,0.502520097503459,-0.055681912821048694
0.672,0.43509187733476284,0.3869871491077354,0.4461705343999662,0.5009039391495346,-0.055681912821048694
0.673,0.4354783275517504,0.38591312594619764,0.44666982379692016,0.49928939695396407,-0.055681912821048694
0.674,0.43586370326925444,0.3848381505823839,0.44716750026622076,0.4976764693005891,-0.055681912821048694
0.675,0.43624800353639853,0.38376222566868945,0.44766355879372105,0.49605852750030427,-0.05601326654921436
0.676,0.4366312274049601,0.3826853538598517,0.44815800099736286,0.4944422036418197,-0.05601326654921436
0.677,0.43701337392937223,0.3816075378129451,0.44865082849347004,0.49282749610719356,-0.05601326654921436
0.678,0.4373944421667264,0.38052878018737324,0.44914204289675014,0.4912144032801021,-0.05601326654921436
0.679,0.4377744311767746,0.3794490836448636,0.44963164582029597,0.4896029235458377,-0.05601326654921436
0.68,0.43815334002193185,0.3783684508494599,0.4501196326018502,0.487986781554179,-0.05632695340564157
0.681,0.438531167767278,0.3772868844675164,0.4506060048575547,0.486372255704512,-0.05632695340564157
0.682,0.43890791348056085,0.37620438716769045,0.4510907642019354,0.4847593443806946,-0.05632695340564157
0.683,0.4392835762321977,0.3751209616209364,0.4515739122479036,0.4831480459682011,-0.05632695340564157
0.684,0.4396581550952781,0.3740366105004993,0.4520554506067577,0.48153835885412005,-0.05632695340564157
0.685,0.440031649145566,0.3729513364819076,0.4525353749530603,0.479924346302585,-0.05662370963404724
0.686,0.4404040574615018,0.37186514224296724,0.4530136869008239,0.4783119477636015,-0.05662370963404724
0.687,0.44077537912420517,0.3707780304637543,0.45349038806244707,0.47670116162315695,-0.05662370963404724
0.6880000000000001,0.44114561321747664,0.3696900038266092,0.4539654800487159,0.47509198626885285,-0.05662370963404724
0.6890000000000001,0.44151475882780056,0.36860106501612944,0.4544389644688058,0.47348442008990305,-0.05662370963404724
0.6900000000000001,0.44188281504434673,0.3675112167191634,0.4549108373192784,0.47187285047261035,-0.056904259860139965
0.6910000000000001,0.44224978095897305,0.3664204616248033,0.4553811002117033,0.47026289242493496,-0.056904259860139965
0.6920000000000001,0.4426156556662276,0.36532880242437876,0.4558497547560386,0.46865454433530723,-0.056904259860139965
0.6930000000000001,0.44298043826335093,0.36423624181145076,0.4563168025606324,0.4670478045937691,-0.056904259860139965
0.6940000000000001,0.44334412785027827,0.3631427824818035,0.4567822452322244,0.46544267159197256,-0.056904259860139965
0.6950000000000001,0.44370672352964163,0.3620484271334396,0.4572460790748099,0.46383384258552607,-0.05716931674272538
0.6960000000000001,0.4440682244067723,0.36095317846657177,0.457708305697218,0.46222662240808604,-0.05716931674272538
0.6970000000000001,0.4444286295897027,0.3598570391836175,0.4581689267066688,0.46062100945082346,-0.05716931674272538
0.6980000000000001,0.444787938189169,0.3587600119891912,0.45862794370877535,0.45901700210651813,-0.05716931674272538
0.6990000000000001,0.44514614931861285,0.3576620995900988,0.45908535830754493,0.4574145987695571,-0.05716931674272538
0.7000000000000001,0.4455032620941839,0.35656330469532976,0.45954116710010273,0.4558087925578077,-0.057419580648990276
0.7010000000000001,0.445859275634742,0.35546363001605125,0.459995371692255,0.4542045921522701,-0.057419580648990276
0.7020000000000001,0.44621418906185895,0.3543630782656013,0.4604479736882022,0.452601995947138,-0.057419580648990276
0.7030000000000001,0.4465680014998213,0.35326165215948185,0.46089897469054036,0.45100100233821105,-0.057419580648990276
0.704,0.44692071207563183,0.3521593544153527,0.46134837630026326,0.44940160972289306,-0.057419580648990276
0.705,0.4472723199190125,0.35105618775302333,0.46179617539358936,0.4477990933261009,-0.05765573935346243
0.706,0.4476228241624058,0.34995215489444825,0.46224237357303505,0.44619817944570556,-0.05765573935346243
0.707,0.44797222394097735,0.34884725856371857,0.46268697243951423,0.4445988664791906,-0.05765573935346243
0.708,0.4483205183926179,0.34774150148705646,0.46312997359233987,0.4430011528256422,-0.05765573935346243
0.709,0.4486677066579456,0.3466348863928072,0.4635713786292256,0.4414050368857473,-0.05765573935346243
0.71,0.44901378788030777,0.3455274160114339,0.46401118469171926,0.43980606249365894,-0.05787846776012967
0.711,0.4493587612057836,0.3444190930755093,0.4644493933787952,0.43820868707596267,-0.05787846776012967
0.712,0.4497026257831855,0.34330992031971036,0.4648860062878289,0.4366129090336841,-0.05787846776012967
0.713,0.4500453807640619,0.3421999004808105,0.4653210250145983,0.4350187267694478,-0.05787846776012967
0.714,0.45038702530269903,0.3410890362976731,0.4657544511532858,0.43342613868747576,-0.05787846776012967
0.715,0.4507275585561228,0.3399773305112454,0.46618628209728163,0.4318309439958444,-0.0580884276471951
0.716,0.4510669796841014,0.33886478586455077,0.46661651944178056,0.4302373444989046,-0.0580884276471951
0.717,0.45140528784914685,0.3377514051026827,0.46704516478038205,0.4286453386014618,-0.0580884276471951
0.718,0.4517424822165174,0.3366371909727972,0.46747221970509195,0.42705492470991646,-0.0580884276471951
0.719,0.45207856195421947,0.3355221462241073,0.46789768580632424,0.42546610123226264,-0.0580884276471951
0.72,0.4524135262330098,0.3344062736078747,0.4683215607161066,0.4238749097823515,-0.05828626743394527
0.721,0.4527473742263971,0.3332895758774045,0.46874384602563046,0.4222853095238902,-0.05828626743394527
0.722,0.45308010511064495,0.33217205578803694,0.46916454332449614,0.4206972988656874,-0.05828626743394527
0.723,0.45341171806477265,0.3310537160971422,0.4695836542007143,0.4191108762181428,-0.05828626743394527
0.724,0.45374221227055844,0.329934559564112,0.47000118024070753,0.4175260399932458,-0.05828626743394527
0.725,0.4540715869125406,0.3288145889503538,0.4704171193022214,0.4159390615138685,-0.05847262196920139
0.726,0.45439984117802,0.32769380701928397,0.4708314729722344,0.41435367001297063,-0.05847262196920139
0.727,0.4547269742570619,0.3265722165363203,0.47124424283613797,0.4127698639035736,-0.05847262196920139
0.728,0.45505298534249783,0.32544982026887603,0.4716554304777383,0.41118764160028604,-0.05847262196920139
0.729,0.45537787362992793,0.3243266209863521,0.4720650374792576,0.40960700151930174,-0.05847262196920139
0.73,0.4557016383177226,0.3232026214601314,0.47247306191152855,0.408024432270966,-0.05864811234082112
0.731,0.4560242786070247,0.32207782446357075,0.4728795053571204,0.4064434455918786,-0.05864811234082112
0.732,0.4563457937017514,0.32095223277199514,0.4732843693970199,0.40486403989947034,-0.05864811234082112
0.733,0.4566661828085961,0.3198258491626902,0.47368765561063264,0.40328621361275446,-0.05864811234082112
0.734,0.4569854451370306,0.31869867641489513,0.47408936557578496,0.40170996515232527,-0.05864811234082112
0.735,0.45730357989930676,0.3175707173097971,0.474489497564058,0.4001319882730586,-0.058813345705714865
0.736,0.45762058631045877,0.31644197463052276,0.4748880531534287,0.39855558937067126,-0.058813345705714865
0.737,0.45793646358830475,0.3153124511621327,0.47528503392029586,0.3969807668671863,-0.058813345705714865
0.738,0.458251210953449,0.3141821496916135,0.47568044143948207,0.3954075191862048,-0.058813345705714865
0.739,0.4585648276292836,0.31305107300787205,0.47607427728423496,0.3938358447529043,-0.058813345705714865
0.74,0.45887731284199057,0.3119192239017273,0.47646653991484034,0.39226263060535455,-0.058968915139841864
0.741,0.4591886658205438,0.3107866051659047,0.47685723090451226,0.39069098967195237,-0.058968915139841864
0.742,0.45949888579671067,0.30965321959502823,0.4772463518248917,0.3891209203794836,-0.058968915139841864
0.743,0.4598079720050543,0.30851906998561396,0.477633904246048,0.3875524211563073,-0.058968915139841864
0.744,0.46011592368293514,0.3073841591360637,0.47801988973648035,0.38598549043235414,-0.058968915139841864
0.745,0.46042274007051315,0.3062484898466567,0.4784043069334321,0.3844171969517689,-0.059115399507643634
0.746,0.4607284204107492,0.30511206491954446,0.4787871574051968,0.38285047176466425,-0.059115399507643634
0.747,0.4610329639494076,0.30397488715874216,0.4791684427184995,0.38128531330274673,-0.059115399507643634
0.748,0.4613363699350574,0.30283695937012317,0.4795481644384988,0.3797217199992911,-0.059115399507643634
0.749,0.4616386376190745,0.30169828436141094,0.47992632412878794,0.37815969028913893,-0.059115399507643634
0.75,0.46193976625564337,0.30055886494217315,0.48030292059211976,0.3765964633318422,-0.05925336335037887
0.751,0.4622397551017591,0.29941870392381376,0.48067795539172126,0.37503479960150277,-0.05925336335037887
0.752,0.462538603417229,0.29827780411956667,0.48105143008925616,0.3734746975348937,-0.05925336335037887
0.753,0.4628363104646746,0.29713616834448897,0.4814233462448265,0.37191615557035124,-0.05925336335037887
0.754,0.4631328755095333,0.2959937994154532,0.4817937054169743,0.3703591721477733,-0.05925336335037887
0.755,0.4634282978200604,0.2948507001511413,0.48216250656281406,0.3688011458397692,-0.05938335679281742
0.756,0.4637225766673307,0.29370687337203694,0.4825297512403721,0.36724467755807305,-0.05938335679281742
0.757,0.4640157113252403,0.2925623219004192,0.48289544100611675,0.3656897657446586,-0.05938335679281742
0.758,0.46430770107050867,0.29141704856035483,0.4832595774149598,0.3641364088430576,-0.05938335679281742
0.759,0.4645985451826801,0.2902710561776921,0.48362216202025815,0.3625846052983582,-0.05938335679281742
0.76,0.4648882429441257,0.28912434758005334,0.48398319392264183,0.3610319023837047,-0.0595059154677564
0.761,0.465176793640045,0.28797692559682775,0.4843426746748138,0.35948075217196584,-0.0595059154677564
0.762,0.4654641965584678,0.28682879305916537,0.48470060582792424,0.35793115311043877,-0.0595059154677564
0.763,0.46575045099025614,0.2856799527999687,0.48505698893157223,0.3563831036479732,-0.0595059154677564
0.764,0.4660355562291055,0.2845304076538873,0.4854118255338072,0.3548366022349701,-0.0595059154677564
0.765,0.46631951157154705,0.2833801604573092,0.48576511486823076,0.35328933442357874,-0.05962156045781854
0.766,0.46660231631694926,0.2822292140483553,0.4861168584821108,0.3517436138799988,-0.05962156045781854
0.767,0.46688396976751956,0.2810775712668712,0.48646705792116773,0.35019943905696244,-0.05962156045781854
0.768,0.467164471228306,0.27992523495442123,0.48681571472957647,0.34865680840874913,-0.05962156045781854
0.769,0.46744382000719914,0.27877220795428054,0.48716283044996767,0.347115720391184,-0.05962156045781854
0.77,0.46772201541493363,0.2776184931114285,0.4875084044386734,0.34557398870571293,-0.05973079825399471
0.771,0.46799905676508996,0.2764640932725421,0.4878524382374253,0.3440337987519273,-0.05973079825399471
0.772,0.4682749433740962,0.27530901128598784,0.4881949333864134,0.34249514898809547,-0.05973079825399471
0.773,0.4685496745612294,0.2741532500018162,0.48853589142428744,0.34095803787402745,-0.05973079825399471
0.774,0.4688232496486178,0.2729968122717526,0.4888753138881585,0.33942246387107355,-0.05973079825399471
0.775,0.4690956679612421,0.2718397009491928,0.4892132002471511,0.33788635899259456,-0.059834120730397115
0.776,0.46936692882693704,0.2706819188891935,0.4895495520373701,0.33635179021899403,-0.059834120730397115
0.777,0.4696370315763935,0.26952346894846724,0.48988437079338426,0.3348187560141671,-0.059834120730397115
0.778,0.4699059755431598,0.26836435398537384,0.4902176580482278,0.333287254843545,-0.059834120730397115
0.779,0.4701737600636435,0.2672045768599141,0.4905494153334019,0.3317572851740935,-0.059834120730397115
0.78,0.4704403844771127,0.26604414043372326,0.49087964222118813,0.3302268877862256,-0.05993200513468942
0.781,0.47070584812569843,0.2648830475700623,0.4912083402419839,0.3286980207957456,-0.05993200513468942
0.782,0.4709701503543953,0.2637213011338129,0.49153551092465614,0.3271706826722561,-0.05993200513468942
0.783,0.471233290511064,0.2625589039914686,0.49186115579654305,0.32564487188689,-0.05993200513468942
0.784,0.4714952679464322,0.261395859011129,0.4921852763834554,0.3241205869123093,-0.05993200513468942
0.785,0.4717560820140968,0.26023216906249175,0.4925078723514989,0.32259596804352375,-0.06002491409366244
0.786,0.4720157320705249,0.25906783701684644,0.4928289452252925,0.321072873793607,-0.06002491409366244
0.787,0.47227421747505577,0.2579028657470663,0.49314849652793047,0.3195513026379401,-0.06002491409366244
0.788,0.4725315375899024,0.2567372581276024,0.4934665277809839,0.31803125305342894,-0.06002491409366244
0.789,0.47278769178015306,0.2555710170344756,0.4937830405045024,0.31651272351850224,-0.06002491409366244
0.79,0.47304267941377265,0.2544041453452697,0.4940980344493847,0.31499394488231514,-0.06011329563342924
0.791,0.4732964998616046,0.25323664593912487,0.49441151113440945,0.3134766850247642,-0.06011329563342924
0.792,0.47354915249737217,0.25206852169672955,0.49472347207683653,0.3119609424270709,-0.06011329563342924
0.793,0.47380063669768,0.2508997755003145,0.4950339187924085,0.31044671557197523,-0.06011329563342924
0.794,0.474050951842016,0.24973041023364442,0.49534285279535223,0.3089340029437347,-0.06011329563342924
0.795,0.4743000973127523,0.24856042878201226,0.4956502739126287,0.3074211172765166,-0.060197583213716585
0.796,0.4745480724951473,0.24738983403223053,0.4959561836571237,0.3059097444949658,-0.060197583213716585
0.797,0.47479487677734683,0.24621862887262586,0.49626058354020985,0.3043998830861965,-0.060197583213716585
0.798,0.47504050955038585,0.24504681619303023,0.4965634750717487,0.30289153153883597,-0.060197583213716585
0.799,0.47528497020819,0.2438743988847749,0.4968648597600917,0.3013846883430228,-0.060197583213716585
0.8,0.47552825814757677,0.24270137984068332,0.49716473749983087,0.29987773973916515,-0.060278195775731715
0.801,0.4757703727682575,0.2415277619550631,0.4974631097979148,0.29837229808391136,-0.060278195775731715
0.802,0.4760113134728383,0.24035354812369997,0.4977599781597851,0.2968683618703128,-0.060278195775731715
0.803,0.47625107966682206,0.2391787412438495,0.49805534408937807,0.29536592959292784,-0.060278195775731715
0.804,0.47648967075860943,0.23800334421423122,0.4983492090891259,0.29386499974782027,-0.060278195775731715
0.805,0.47672708615950066,0.23682735993502013,0.4986415731131179,0.2923640239920106,-0.0603555378030905
0.806,0.4769633252836968,0.2356507913078409,0.49893243766232986,0.2908645492119568,-0.0603555378030905
0.807,0.4771983875483013,0.2344736412357595,0.4992218042362365,0.289366573906683,-0.0603555378030905
0.808,0.4774322723733215,0.23329591262327648,0.49950967433281324,0.28787009657671453,-0.0603555378030905
0.809,0.47766497918166967,0.2321176083763205,0.49979604944853734,0.286375115724076,-0.0603555378030905
0.81,0.47789650739916506,0.23093873140223983,0.5000809295891577,0.284880140620446,-0.0604299993952954
0.811,0.47812685645453473,0.22975928460979653,0.5003643162496496,0.28338666049191963,-0.0604299993952954
0.812,0.4783560257794153,0.22857927090915797,0.5006462109234932,0.2818946738435218,-0.0604299993952954
0.8130000000000001,0.47858401480835416,0.22739869321189105,0.5009266151026749,0.28040417918177235,-0.0604299993952954
0.8140000000000001,0.4788108229788111,0.22621755443095343,0.5012055302776895,0.27891517501468466,-0.0604299993952954
0.8150000000000001,0.4790364497311596,0.22503585748068808,0.5014829564984021,0.2774262207126048,-0.06050195635325885
0.8160000000000001,0.4792608945086879,0.22385360527681453,0.5017588952537669,0.27593875536482704,-0.06050195635325885
0.8170000000000001,0.47948415675760103,0.22267080073642248,0.5020333480312493,0.27445277748239705,-0.06050195635325885
0.8180000000000001,0.47970623592702144,0.22148744677796478,0.5023063163168272,0.27296828557784947,-0.06050195635325885
0.8190000000000001,0.47992713146899085,0.2203035463212494,0.5025778015949924,0.27148527816520646,-0.06050195635325885
0.8200000000000001,0.48014684283847153,0.21911910228743342,0.502847803952474,0.2700023574815138,-0.06057177027637371
0.8210000000000001,0.4803653694933475,0.2179341175990143,0.5031163248721925,0.26852091971850484,-0.06057177027637371
0.8220000000000001,0.48058271089442595,0.2167485951798244,0.5033833658355857,0.26704096339325883,-0.06057177027637371
0.8230000000000001,0.4807988665054386,0.21556253795502206,0.5036489283226101,0.2655624870243381,-0.06057177027637371
0.8240000000000001,0.48101383579304297,0.2143759488510859,0.5039130138117419,0.2640854891317863,-0.06057177027637371
0.8250000000000001,0.48122761822682364,0.2131888307958065,0.5041756224196111,0.2626086078692419,-0.060639788670630496
0.8260000000000001,0.4814402132792938,0.2120011867182794,0.5044367556230991,0.26113320348796004,-0.060639788670630496
0.8270000000000001,0.4816516204258962,0.21081301954889858,0.5046964148976102,0.25965927451105947,-0.060639788670630496
0.8280000000000001,0.48186183914500486,0.20962433221934823,0.5049546017170733,0.2581868194631358,-0.060639788670630496
0.8290000000000001,0.48207086891792583,0.20843512766259642,0.5052113175539436,0.25671583687026006,-0.060639788670630496
0.8300000000000001,0.48227870922889904,0.20724540881288686,0.5054665625480756,0.25524499413204377,-0.060706345067300986
0.8310000000000001,0.48248535956509914,0.20605517860573289,0.5057203381703123,0.2537756222365657,-0.060706345067300986
0.8320000000000001,0.48269081941663694,0.20486443997790887,0.5059726458900252,0.2523077197129831,-0.060706345067300986
0.833,0.4828950882765607,0.20367319586744453,0.5062234871751171,0.2508412850919241,-0.060706345067300986
0.834,0.48309816564085734,0.2024814492136156,0.5064728634920226,0.24937631690548617,-0.060706345067300986
0.835,0.48330005100845363,0.20128920295693897,0.5067207749974282,0.24791150540554666,-0.06077175915170206
0.836,0.4835007438812175,0.20009646003916345,0.5069672231561453,0.24644815871710707,-0.06077175915170206
0.837,0.48370024376395926,0.198903223403264,0.5072122094315207,0.24498627537535592,-0.06077175915170206
0.838,0.48389855016443273,0.19770949599343313,0.5074557352854376,0.24352585391694653,-0.06077175915170206
0.839,0.4840956625933366,0.19651528075507446,0.5076978021783176,0.24206689287999555,-0.06077175915170206
0.84,0.48429158056431554,0.19532058063479574,0.5079384102775667,0.24060809924908427,-0.0608363369015641
0.841,0.48448630359396144,0.19412539858040037,0.5081775610419785,0.2391507644118039,-0.0608363369015641
0.842,0.4846798312018146,0.19292973754088158,0.5084152559288879,0.23769488690936083,-0.0608363369015641
0.843,0.4848721629103649,0.19173360046641383,0.5086514963941723,0.2362404652844202,-0.0608363369015641
0.844,0.4850632982450529,0.19053699030834675,0.5088862838922534,0.2347874980811045,-0.0608363369015641
0.845,0.48525323673427123,0.1893399100191967,0.5091196185954218,0.23333470316833266,-0.06090037073453674
0.846,0.4854419779093655,0.18814236255264052,0.5093515019564723,0.23188336105047358,-0.06090037073453674
0.847,0.48562952130463566,0.18694435086350727,0.509581935426747,0.23043347027473238,-0.06090037073453674
0.848,0.48581586645733693,0.185745877907772,0.5098109204561367,0.22898502938976692,-0.06090037073453674
0.849,0.48600101290768133,0.18454694664254748,0.5100384584930824,0.22753803694568642,-0.06090037073453674
0.85,0.4861849601988383,0.18334756002607722,0.5102645497091979,0.22609121611545333,-0.06096413966437096
0.851,0.4863677078769362,0.18214772101772878,0.5104891955513039,0.22464584210605046,-0.06096413966437096
0.852,0.48654925549106326,0.18094743257798535,0.5107123974647746,0.223201913470657,-0.06096413966437096
0.853,0.48672960259326886,0.17974669766843965,0.5109341568935385,0.22175942876389892,-0.06096413966437096
0.854,0.48690874873856443,0.17854551925178536,0.5111544752800803,0.2203183865418476,-0.06096413966437096
0.855,0.48708669348492467,0.1773439002918112,0.5113733527900463,0.2188775099659993,-0.061027909465322154
0.856,0.48726343639328856,0.17614184375339215,0.511590790864313,0.21743807426672687,-0.061027909465322154
0.857,0.4874389770275606,0.1749393526024835,0.5118067909423162,0.2160000780031537,-0.061027909465322154
0.858,0.4876133149546117,0.17373642980611254,0.512021354462052,0.21456351973584412,-0.061027909465322154
0.859,0.48778644974428037,0.1725330783323715,0.5122344828600788,0.21312839802680184,-0.061027909465322154
0.86,0.48795838096937366,0.17132930115041084,0.5124461762910507,0.21169343097188847,-0.061091932844327526
0.861,0.4881291082056685,0.17012510123043076,0.5126564361899347,0.21025989888403004,-0.061091932844327526
0.862,0.4882986310319123,0.1689204815436752,0.512865263990263,0.20882780032825946,-0.061091932844327526
0.863,0.48846694902982435,0.16771544506242317,0.5130726611241341,0.20739713387104464,-0.061091932844327526
0.864,0.48863406178409674,0.16650999475998274,0.5132786290222143,0.20596789808028704,-0.061091932844327526
0.865,0.48879996888239535,0.16530413361068227,0.5134831678234041,0.20453880118979637,-0.06115644962051938
0.866,0.4889646699153609,0.16409786458986472,0.5136862789568003,0.2031111333961962,-0.06115644962051938
0.867,0.48912816447661,0.1628911906738788,0.5138879638500707,0.2016848932703896,-0.06115644962051938
0.868,0.48929045216273603,0.16168411484007225,0.5140882239294554,0.20026007938470883,-0.06115644962051938
0.869,0.4894515325733103,0.16047664006678503,0.5142870606197684,0.19883669031291373,-0.06115644962051938
0.87,0.4896114053108829,0.1592687693333408,0.5144844740396527,0.19741341988436797,-0.06122168691164286
0.871,0.4897700699809837,0.15806050562004084,0.5146804656123789,0.19599157272625076,-0.06122168691164286
0.872,0.48992752619212343,0.15685185190815543,0.5148750367597942,0.19457114741529166,-0.06122168691164286
0.873,0.4900837735557945,0.1556428111799178,0.5150681889023239,0.19315214252964352,-0.06122168691164286
0.874,0.4902388116864722,0.1544333864185154,0.5152599234589728,0.19173455664888103,-0.06122168691164286
0.875,0.4903926402016152,0.15322358060808397,0.5154502405238784,0.19031706490569306,-0.0612878593269542
0.876,0.49054525872166704,0.15201339673369885,0.5156391415145327,0.18890099065424829,-0.0612878593269542
0.877,0.49069666687005664,0.15080283778136835,0.5158266278470097,0.18748633247705496,-0.0612878593269542
0.878,0.4908468642731994,0.14959190673802666,0.5160127009359677,0.1860730889580388,-0.0612878593269542
0.879,0.49099585056049827,0.14838060659152544,0.5161973621946503,0.18466125868254168,-0.0612878593269542
0.88,0.4911436253643443,0.1471689403306277,0.5163806116886909,0.18324949404053542,-0.06135516916618616
0.881,0.49129018832011795,0.14595691094499913,0.5165624508298541,0.18183914116317115,-0.06135516916618616
0.882,0.4914355390661896,0.14474452142520214,0.5167428810284928,0.18043019863868426,-0.06135516916618616
0.883,0.49157967724392077,0.14353177476268697,0.5169219036935495,0.17902266505672185,-0.06135516916618616
0.884,0.49172260249766486,0.14231867394978584,0.5170995202325579,0.1776165390083414,-0.06135516916618616
0.885,0.4918643144747679,0.14110522197970424,0.5172757306788948,0.17621044633684962,-0.06142380662417111
0.886,0.49200481282556985,0.13989142184651404,0.5174505364386528,0.17480575975802937,-0.06142380662417111
0.887,0.4921440972034049,0.13867727654514683,0.5176239389165186,0.1734024778657879,-0.06142380662417111
0.888,0.49228216726460267,0.13746278907138507,0.5177959395157741,0.1720005992554387,-0.06142380662417111
0.889,0.4924190226684891,0.13624796242185622,0.5179665396382978,0.17060012252369985,-0.06142380662417111
0.89,0.492554663077387,0.13503279959402395,0.5181357392816989,0.16919964340116167,-0.061493950000724294
0.891,0.4926890881566171,0.13381730358618205,0.5183035398464566,0.16780056475774602,-0.061493950000724294
0.892,0.492822297574499,0.13260147739744577,0.5184699427316496,0.16640288519297378,-0.061493950000724294
0.893,0.49295429100235166,0.1313853240277457,0.5186349493349574,0.16500660330776631,-0.061493950000724294
0.894,0.49308506811449443,0.13016884647781923,0.5187985610526618,0.16361171770444405,-0.061493950000724294
0.895,0.4932146285882477,0.1289520477492036,0.5189607778433302,0.1622167906684316,-0.06156576591540021
0.896,0.493342972103934,0.12773493084422907,0.5191216011018897,0.16082325855945515,-0.06156576591540021
0.897,0.4934700983448784,0.12651749876601026,0.5192810322218723,0.1594311199825877,-0.06156576591540021
0.898,0.4935960069974096,0.12529975451844014,0.5194390725954166,0.1580403735442971,-0.06156576591540021
0.899,0.4937206977508604,0.12408170110618127,0.519595723613269,0.15665101785244478,-0.06156576591540021
0.9,0.4938441702975689,0.12286334153465969,0.5197509851919131,0.15526157864405762,-0.06163940952673576
0.901,0.4939664243328787,0.1216446788100562,0.519904858720788,0.15387352887487885,-0.06163940952673576
0.902,0.4940874595551403,0.12042571593930024,0.5200573455879435,0.15248686715546925,-0.06163940952673576
0.903,0.4942072756657111,0.11920645593006136,0.5202084471800412,0.15110159209777907,-0.06163940952673576
0.904,0.49432587236895703,0.11798690179074228,0.5203581648823564,0.14971770231514658,-0.06163940952673576
0.905,0.49444324937225226,0.11676705653047192,0.5205064985664741,0.14833368411771922,-0.06171502475561073
0.906,0.4945594063859809,0.11554692315909688,0.5206534496164126,0.1469510499384893,-0.06171502475561073
0.907,0.494674343123537,0.1143265046871753,0.520799019414806,0.1455697983934386,-0.06171502475561073
0.908,0.49478805930132547,0.1131058041259681,0.5209432093429059,0.14418992809993295,-0.06171502475561073
0.909,0.4949005546387631,0.11188482448743291,0.5210860207805826,0.1428114376767208,-0.06171502475561073
0.91,0.49501182885827877,0.11066356878421524,0.5212274535519315,0.1414327713487969,-0.06179274451235941
0.911,0.4951218816853144,0.10944204002964253,0.5213675090356187,0.14005548368720092,-0.06179274451235941
0.912,0.4952307128483256,0.10822024123771519,0.5215061886089319,0.13867957331326652,-0.06179274451235941
0.913,0.49533832207878226,0.10699817542310061,0.5216434936477816,0.13730503884970607,-0.06179274451235941
0.914,0.49544470911116933,0.10577584560112455,0.5217794255267022,0.13593187892060918,-0.06179274451235941
0.915,0.4955498736829874,0.10455325478776417,0.5219139840199254,0.1345584932231429,-0.061872690927283064
0.916,0.4956538155347533,0.1033304059996411,0.5220471705008368,0.13318648091137408,-0.061872690927283064
0.917,0.49575653441000084,0.10210730225401284,0.5221789863414488,0.13181584061191703,-0.061872690927283064
0.918,0.49585803005528145,0.10088394656876662,0.5223094329124015,0.13044657095275947,-0.061872690927283064
0.919,0.4959583022201647,0.09966034196241065,0.5224385115829647,0.12907867056326106,-0.061872690927283064
0.92,0.49605735065723894,0.09843649145406798,0.5225662220753458,0.12771049238101362,-0.061954975584209496
0.921,0.49615517512211205,0.09721239806346778,0.5226925657577227,0.1263436823769484,-0.061954975584209496
0.922,0.49625177537341186,0.09598806481093913,0.5228175439969056,0.12497823918288727,-0.061954975584209496
0.923,0.4963471511727869,0.09476349471740245,0.5229411581583376,0.12361416143202018,-0.061954975584209496
0.924,0.49644130228490685,0.09353869080436253,0.5230634096060965,0.12225144775890398,-0.061954975584209496
0.925,0.49653422847746315,0.09231365609390163,0.5231842980084126,0.12088840231600972,-0.06203969975676749
0.926,0.4966259295211697,0.09108839360867078,0.5233038247283311,0.11952671991855837,-0.06203969975676749
0.927,0.4967164051897633,0.08986290637188372,0.5234219911275346,0.11816639920350447,-0.06203969975676749
0.928,0.4968056552600042,0.08863719740730801,0.5235387985663438,0.11680743880916561,-0.06203969975676749
0.929,0.49689367951167673,0.08741126973925903,0.523654248403719,0.11544983737522109,-0.06203969975676749
0.93,0.49698047772758985,0.0861851263925911,0.5237683402521639,0.11409184844490493,-0.062126954647047275
0.931,0.49706604969357754,0.08495877039269138,0.5238810754696674,0.11273521750351907,-0.062126954647047275
0.932,0.49715039519849946,0.08373220476547122,0.5239924554128605,0.11137994319307461,-0.062126954647047275
0.933,0.4972335140342415,0.08250543253735919,0.5241024814370175,0.11002602415694059,-0.062126954647047275
0.934,0.49731540599571616,0.08127845673529417,0.5242111548960574,0.1086734590398427,-0.062126954647047275
0.935,0.49739607088086324,0.08005128038671665,0.5243184753452057,0.10732044914827633,-0.06221682162632615
0.936,0.4974755084906501,0.0788239065195626,0.5244244441374724,0.10596879226660154,-0.06221682162632615
0.937,0.49755371862907233,0.0775963381622547,0.5245290626245142,0.10461848704180841,-0.06221682162632615
0.9380000000000001,0.49763070110315416,0.07636857834369618,0.5246323321566364,0.10326953212224008,-0.06221682162632615
0.9390000000000001,0.4977064557229491,0.075140630093262,0.524734254082794,0.10192192615759131,-0.06221682162632615
0.9400000000000001,0.49778098230154,0.07391249644079274,0.5248348278995758,0.10057381678188276,-0.062309372477547476
0.9410000000000001,0.49785428065504006,0.07268418041658595,0.5249340549550914,0.09922705551554993,-0.062309372477547476
0.9420000000000001,0.4979263506025928,0.07145568505138912,0.5250319365961018,0.09788164101048343,-0.062309372477547476
0.9430000000000001,0.49799719196637293,0.0702270133763928,0.5251284741680218,0.09653757191992199,-0.062309372477547476
0.9440000000000001,0.49806680457158625,0.06899816842322187,0.5252236690149202,0.09519484689845112,-0.062309372477547476
0.9450000000000001,0.49813518824647063,0.06776915322392943,0.525317520573579,0.09385155865876756,-0.06240466963925572
0.9460000000000001,0.4982023428222962,0.06653997081098798,0.5254100301872864,0.09250961370732368,-0.06240466963925572
0.9470000000000001,0.49826826813336567,0.06531062421728324,0.5255011991979872,0.09116901070083124,-0.06240466963925572
0.9480000000000001,0.49833296401701493,0.06408111647610543,0.5255910289462845,0.08982974829734529,-0.06240466963925572
0.9490000000000001,0.4983964303136133,0.062851450621143,0.5256795207714408,0.08849182515626283,-0.06240466963925572
0.9500000000000001,0.498458666866564,0.06162162968647404,0.5257666740494429,0.08715327800209277,-0.06250276645069018
0.9510000000000001,0.4985196735223045,0.06039165670655929,0.525852490118838,0.08581606939507687,-0.06250276645069018
0.9520000000000001,0.49857945013030697,0.059161534716235135,0.5259369703168346,0.08448019799666799,-0.06250276645069018
0.9530000000000001,0.49863799654307855,0.05793126675070498,0.5260201159793043,0.08314566246965752,-0.06250276645069018
0.9540000000000001,0.49869531261616185,0.05670085584553306,0.5261019284407825,0.08181246147817406,-0.06250276645069018
0.9550000000000001,0.4987513982081351,0.055470305036635636,0.5261824070156512,0.08047857486874076,-0.0626037073977564
0.9560000000000001,0.4988062531806126,0.05423961736027485,0.5262615530377971,0.07914602214591689,-0.0626037073977564
0.9570000000000001,0.49885987739824533,0.05300879585304985,0.5263393678397729,0.07781480197581585,-0.0626037073977564
0.9580000000000001,0.49891227072872074,0.05177784355189071,0.5264158527527988,0.0764849130258849,-0.0626037073977564
0.9590000000000001,0.4989634330427635,0.050546763494049685,0.5264910091067637,0.07515635396490389,-0.0626037073977564
0.96,0.4990133642141358,0.049315558717094456,0.5265648361538074,0.07382704704374701,-0.06270752835959871
0.961,0.49906206411963727,0.04808423225890022,0.526637335223237,0.07249906942951129,-0.06270752835959871
0.962,0.4991095326391059,0.046852787157642975,0.5267085076430299,0.0711724197928898,-0.06270752835959871
0.963,0.4991557696554177,0.04562122645179092,0.5267783547398358,0.06984709680590494,-0.06270752835959871
0.964,0.4992007750544875,0.044389553180097484,0.5268468778389778,0.06852309914190706,-0.06270752835959871
0.965,0.49924454872526897,0.0431577703815944,0.5269140761298834,0.06719829090565492,-0.0628142568555114
0.966,0.49928709055975484,0.0419258810955829,0.526979950937361,0.06587480747763903,-0.0628142568555114
0.967,0.4993284004529775,0.040693888361627704,0.5270445035848941,0.06455264753305116,-0.0628142568555114
0.968,0.49936847830300873,0.03946179521954806,0.5271077353946425,0.06323180974840789,-0.0628142568555114
0.969,0.49940732401096055,0.038229604709411676,0.527169647687444,0.06191229280154926,-0.0628142568555114
0.97,0.499444937480985,0.03699731987152578,0.5272302395897069,0.06059190226290921,-0.06292391229192505
0.971,0.49948131862027456,0.03576494374643108,0.5272895124218218,0.0592728321148078,-0.06292391229192505
0.972,0.49951646733906235,0.03453247937489279,0.5273474675028587,0.05795508103685449,-0.06292391229192505
0.973,0.4995503835506225,0.03329992979789459,0.5274041061505687,0.05663864770997913,-0.06292391229192505
0.974,0.49958306717127005,0.03206729805662987,0.527459429681385,0.05532353081643065,-0.06292391229192505
0.975,0.49961451812036145,0.030834587192494725,0.5275134371585465,0.05400747716142966,-0.06303650620922796
0.976,0.4996447363202946,0.02960180024708104,0.5275661298981066,0.05269273956008367,-0.06303650620922796
0.977,0.49967372169650914,0.0283689402621677,0.5276175092148029,0.05137931669633903,-0.06303650620922796
0.978,0.49970147417748645,0.02713601027971451,0.5276675764220583,0.05006720725545813,-0.06303650620922796
0.979,0.4997279936947501,0.025903013341853295,0.5277163328319823,0.04875640992401811,-0.06303650620922796
0.98,0.4997532801828658,0.024669952490881768,0.5277637774446458,0.047444612663530616,-0.06315204252817384
0.981,0.49977733357944165,0.02343683076925467,0.5278099115718461,0.04613412720030361,-0.06315204252817384
0.982,0.49980015382512827,0.022203651219577607,0.5278547365240687,0.04482495222253983,-0.06315204252817384
0.983,0.499821740863619,0.020970416884598355,0.5278982536104885,0.04351708641975381,-0.06315204252817384
0.984,0.49984209464164997,0.019737130807199882,0.5279404641389712,0.04221052848277058,-0.06315204252817384
0.985,0.4998612151090003,0.01850379603039332,0.5279813670465696,0.040902907598374706,-0.06327051779565507
0.986,0.499879102218492,0.01727041559730929,0.5280209636409045,0.03959659433486323,-0.06327051779565507
0.987,0.49989575592599056,0.01603699255119175,0.5280592552282891,0.038291587384615265,-0.06327051779565507
0.988,0.4999111761904045,0.014803529935389104,0.5280962431137304,0.03698788544131755,-0.06327051779565507
0.989,0.4999253629736859,0.01357003079334809,0.5281319286009304,0.03568548719996313,-0.06327051779565507
0.99,0.4999383162408303,0.012336498168604881,0.5281663105642146,0.034381963284171015,-0.06339192142960767
0.991,0.49995003595987675,0.011102935104778949,0.5281993903071069,0.03307974289229469,-0.06339192142960767
0.992,0.49996052210190806,0.009869344645564356,0.5282311691318278,0.03177882472081024,-0.06339192142960767
0.993,0.4999697746410507,0.008635729834722756,0.5282616483392952,0.030479207467497278,-0.06339192142960767
0.994,0.4999777935544749,0.007402093716076419,0.5282908292291266,0.02918088983143763,-0.06339192142960767
0.995,0.49998457882239483,0.006168439333499481,0.528318710613349,0.02788138422234929,-0.06351623596284503
0.996,0.49999013042806856,0.0049347697309118504,0.5283452937914679,0.02658317811887004,-0.06351623596284503
0.997,0.499994448357798,0.003701087952270284,0.5283705800616894,0.02528627022149427,-0.06351623596284503
0.998,0.4999975326009291,0.002467397041562285,0.5283945707209213,0.023990659232015876,-0.06351623596284503
0.999,0.49999938314985176,0.0012337000427971878,0.5284172670647749,0.022696343853526958,-0.06351623596284503
1.0,0.5,4.8091767343044744e-17,0.5284386678435389,0.021400778763961275,-0.06364343728560783
1.0010000000000001,0.49999938314985176,-0.001233700042797266,0.5284587743527783,0.020106509239485156,-0.06364343728560783
1.002,0.4999975326009291,-0.002467397041562189,0.5284775878867629,0.018813533984533514,-0.06364343728560783
1.0030000000000001,0.499994448357798,-0.0037010879522703624,0.5284951097384677,0.017521851704836826,-0.06364343728560783
1.004,0.49999013042806856,-0.004934769730911754,0.5285113411995751,0.016231461107419833,-0.06364343728560783
1.0050000000000001,0.49998457882239483,-0.00616843933349956,0.5285262809593236,0.014939759748579685,-0.06377349488663636
1.006,0.4999777935544749,-0.007402093716076322,0.5285399303094147,0.013649350091098378,-0.06377349488663636
1.0070000000000001,0.4999697746410507,-0.008635729834722834,0.528552290540258,0.012360230843274552,-0.06377349488663636
1.008,0.49996052210190806,-0.009869344645564259,0.5285633629409727,0.01107240071469855,-0.06377349488663636
1.0090000000000001,0.49995003595987675,-0.011102935104779027,0.528573148799389,0.009785858416251124,-0.06377349488663636
1.01,0.4999383162408303,-0.012336498168604786,0.528581646744505,0.00849794511598339,-0.06390637209257417
1.0110000000000001,0.4999253629736859,-0.01357003079334817,0.5285888580642341,0.007211319729015923,-0.06390637209257417
1.012,0.4999111761904045,-0.014803529935389009,0.5285947840452014,0.005925980967435424,-0.06390637209257417
1.0130000000000001,0.49989575592599056,-0.016036992551191828,0.528599425972746,0.004641927544616505,-0.06390637209257417
1.014,0.499879102218492,-0.017270415597309196,0.5286027851309212,0.003359158175220405,-0.06390637209257417
1.0150000000000001,0.4998612151090003,-0.018503796030393226,0.5286048600894121,0.0020749584909346666,-0.0640420263055259
1.016,0.49984209464164997,-0.01973713080719978,0.5286056521324184,0.000792043006333214,-0.0640420263055259
1.0170000000000001,0.499821740863619,-0.02097041688459826,0.5286051625428556,-0.0004895895627836371,-0.0640420263055259
1.018,0.49980015382512827,-0.022203651219577507,0.5286033926023562,-0.0017699404993313714,-0.0640420263055259
1.0190000000000001,0.49977733357944165,-0.02343683076925475,0.5286003435912713,-0.003049011084942558,-0.0640420263055259
1.02,0.4997532801828658,-0.024669952490881674,0.5285960140210126,-0.004329570258629469,-0.0641804092385927
1.0210000000000001,0.4997279936947501,-0.02590301334185337,0.5285904051721395,-0.005608848873142693,-0.0641804092385927
1.022,0.49970147417748645,-0.027136010279714417,0.5285835183239305,-0.006886848209041404,-0.0641804092385927
1.0230000000000001,0.49967372169650914,-0.028368940262167783,0.5285753547543849,-0.008163569545604217,-0.0641804092385927
1.024,0.4996447363202946,-0.02960180024708095,0.528565915740224,-0.009439014160830466,-0.0641804092385927
1.025,0.49961451812036145,-0.030834587192494458,0.5285551997357344,-0.010716004489654124,-0.06432146714922439
1.026,0.49958306717127005,-0.03206729805662977,0.5285432080179062,-0.011991717828148958,-0.06432146714922439
1.027,0.4995503835506225,-0.033299929797894326,0.528529941862453,-0.013266155453305298,-0.06432146714922439
1.028,0.49951646733906235,-0.03453247937489269,0.5285154025438121,-0.01453931864083648,-0.06432146714922439
1.029,0.49948131862027456,-0.035764943746430806,0.5284995913351469,-0.01581120866518013,-0.06432146714922439
1.03,0.499444937480985,-0.036997319871525686,0.528482506634869,-0.017084700277919498,-0.06446514107022745
1.031,0.49940732401096055,-0.0382296047094114,0.5284641497164699,-0.018356918399046126,-0.06446514107022745
1.032,0.49936847830300873,-0.039461795219547964,0.5284445218521678,-0.01962786430205163,-0.06446514107022745
1.033,0.4993284004529775,-0.040693888361627434,0.5284236243129087,-0.020897539259154125,-0.06446514107022745
1.034,0.4992870905597549,-0.041925881095582804,0.5284014583683674,-0.02216594454129952,-0.06446514107022745
1.035,0.49924454872526897,-0.04315777038159412,0.5283780223624298,-0.023436005937523922,-0.06461136703828521
1.036,0.4992007750544875,-0.044389553180097394,0.5283533175651575,-0.024704797272352103,-0.06461136703828521
1.037,0.4991557696554177,-0.04562122645179065,0.5283273452453416,-0.025972319815845454,-0.06461136703828521
1.038,0.4991095326391059,-0.04685278715764288,0.5283001066705049,-0.02723857483679531,-0.06461136703828521
1.039,0.49906206411963727,-0.04808423225890012,0.5282716031069021,-0.02850356360272422,-0.06461136703828521
1.04,0.4990133642141358,-0.04931555871709435,0.5282418328453367,-0.02977026156551837,-0.06476007631984375
1.041,0.4989634330427635,-0.05054676349404959,0.5282107971525063,-0.031035692830349727,-0.06476007631984375
1.042,0.49891227072872074,-0.05177784355189079,0.5281784972938424,-0.03229985866391625,-0.06476007631984375
1.043,0.49885987739824533,-0.05300879585304975,0.5281449345335107,-0.033562760331649205,-0.06476007631984375
1.044,0.4988062531806126,-0.054239617360274925,0.528110110134413,-0.03482439909771443,-0.06476007631984375
1.045,0.4987513982081351,-0.05547030503663554,0.5280740223358017,-0.03608779861130136,-0.06491119563423219
1.046,0.49869531261616185,-0.05670085584553314,0.5280366724010763,-0.037349934725374706,-0.06491119563423219
1.047,0.49863799654307855,-0.057931266750704875,0.527998061592373,-0.03861080870333398,-0.06491119563423219
1.048,0.49857945013030697,-0.05916153471623504,0.5279581911705656,-0.03987042180731529,-0.06491119563423219
1.049,0.49851967352230453,-0.060391656706559195,0.5279170623952675,-0.041128775298192616,-0.06491119563423219
1.05,0.498458666866564,-0.061621629686473944,0.5278746734557971,-0.04238893947037225,-0.0650646473738914
1.051,0.4983964303136133,-0.0628514506211429,0.5278310256123186,-0.0436478434783797,-0.0650646473738914
1.052,0.49833296401701493,-0.06408111647610551,0.5277861201237363,-0.04490548858237915,-0.0650646473738914
1.053,0.4982682681333657,-0.06531062421728315,0.527739958247695,-0.0461618760412746,-0.0650646473738914
1.054,0.4982023428222962,-0.06653997081098804,0.5276925412405823,-0.04741700711271115,-0.0650646473738914
1.055,0.49813518824647063,-0.06776915322392933,0.5276438672434802,-0.048673997102030214,-0.06522034982158878
1.056,0.49806680457158625,-0.06899816842322194,0.5275939375133789,-0.04992973010135996,-0.06522034982158878
1.057,0.49799719196637293,-0.07022701337639271,0.5275427533060112,-0.051184207367690374,-0.06522034982158878
1.058,0.4979263506025928,-0.07145568505138919,0.5274903158758545,-0.05243743015675446,-0.06522034982158878
1.059,0.49785428065504006,-0.07268418041658585,0.5274366264761314,-0.053689399723029475,-0.06522034982158878
1.06,0.49778098230154,-0.07391249644079281,0.5273816832014608,-0.05494327467059668,-0.06537821736451187
1.061,0.4977064557229491,-0.0751406300932619,0.5273254873057176,-0.056195895743216324,-0.06537821736451187
1.062,0.49763070110315416,-0.07636857834369626,0.5272680400415228,-0.05744726419476334,-0.06537821736451187
1.063,0.49755371862907233,-0.0775963381622546,0.527209342660245,-0.05869738127785882,-0.06537821736451187
1.064,0.4974755084906501,-0.07882390651956267,0.5271493964120011,-0.059946248243871195,-0.06537821736451187
1.065,0.49739607088086324,-0.08005128038671655,0.5270881993467914,-0.06119706520972991,-0.06553816070512931
1.066,0.49731540599571616,-0.08127845673529407,0.5270257527154328,-0.062446631358622766,-0.06553816070512931
1.067,0.4972335140342415,-0.08250543253735909,0.5269620577674915,-0.06369494794136674,-0.06553816070512931
1.068,0.49715039519849946,-0.08373220476547112,0.526897115751284,-0.06494201620752796,-0.06553816070512931
1.069,0.49706604969357754,-0.08495877039269129,0.5268309279138785,-0.06618783740542301,-0.06553816070512931
1.07,0.49698047772758985,-0.08618512639259117,0.5267634922625691,-0.06743565130939215,-0.0657000870687278
1.071,0.49689367951167673,-0.08741126973925893,0.5266948100451697,-0.06868221739945732,-0.0657000870687278
1.072,0.4968056552600042,-0.08863719740730809,0.5266248825082462,-0.06992753692343241,-0.0657000870687278
1.073,0.4967164051897633,-0.08986290637188363,0.5265537108971183,-0.07117161112788353,-0.0657000870687278
1.074,0.4966259295211697,-0.09108839360867087,0.5264812964558602,-0.07241444125813021,-0.0657000870687278
1.075,0.49653422847746315,-0.09231365609390153,0.5264076371510351,-0.07365930482502259,-0.06586390040752545
1.076,0.49644130228490685,-0.09353869080436261,0.5263327342275068,-0.07490292352834807,-0.06586390040752545
1.077,0.4963471511727869,-0.09476349471740235,0.5262565889288938,-0.07614529861297023,-0.06586390040752545
1.078,0.49625177537341186,-0.0959880648109392,0.5261792024975713,-0.07738643132250776,-0.06586390040752545
1.079,0.49615517512211205,-0.09721239806346768,0.526100576174672,-0.07862632289933576,-0.06586390040752545
1.08,0.4960573506572389,-0.09843649145406808,0.5260207078880635,-0.07986828660846214,-0.0660295016012859
1.081,0.4959583022201647,-0.09966034196241054,0.5259395988797096,-0.0811090083538794,-0.0660295016012859
1.082,0.4958580300552814,-0.10088394656876667,0.525857250390332,-0.08234848937755124,-0.0660295016012859
1.083,0.49575653441000084,-0.10210730225401272,0.5257736636594118,-0.0835867309201994,-0.0660295016012859
1.084,0.4956538155347533,-0.10333040599964101,0.5256888399251906,-0.08482373422130492,-0.0660295016012859
1.085,0.4955498736829874,-0.10455325478776407,0.5256027770789304,-0.0860628462601705,-0.06619678865434402
1.086,0.49544470911116933,-0.10577584560112445,0.5255154763597435,-0.08730071918699721,-0.06619678865434402
1.087,0.4953383220787823,-0.1069981754231005,0.5254269390055026,-0.08853735424089709,-0.06619678865434402
1.088,0.4952307128483256,-0.10822024123771525,0.5253371662528429,-0.08977275265974308,-0.06619678865434402
1.089,0.4951218816853144,-0.10944204002964243,0.5252461593371627,-0.09100691568017022,-0.06619678865434402
1.09,0.49501182885827877,-0.11066356878421534,0.5251539161152604,-0.09224322190226968,-0.06636565688898136
1.091,0.49490055463876315,-0.1118848244874328,0.5250604378234422,-0.09347829181814703,-0.06636565688898136
1.092,0.49478805930132547,-0.11310580412596818,0.5249657256967781,-0.09471212666410851,-0.06636565688898136
1.093,0.494674343123537,-0.11432650468717521,0.5248697809691029,-0.09594472767522404,-0.06636565688898136
1.094,0.4945594063859809,-0.11554692315909697,0.5247726048730176,-0.09717609608532844,-0.06636565688898136
1.095,0.4944432493722523,-0.11676705653047184,0.5246741952330456,-0.09840963997194459,-0.06653599913507355
1.096,0.494325872368957,-0.11798690179074235,0.524574553282731,-0.09964195031467411,-0.06653599913507355
1.097,0.49420727566571115,-0.11920645593006125,0.5244736802543839,-0.10087302834706091,-0.06653599913507355
1.098,0.4940874595551402,-0.12042571593930032,0.5243715773790825,-0.10210287530141532,-0.06653599913507355
1.099,0.49396642433287874,-0.12164467881005611,0.5242682458866736,-0.10333149240881538,-0.06653599913507355
1.1,0.49384417029756883,-0.12286334153465979,0.5241636835716389,-0.10456231503472582,-0.06670770591596295
1.101,0.4937206977508604,-0.12408170110618119,0.5240578916648009,-0.10579190683801036,-0.06670770591596295
1.102,0.4935960069974096,-0.12529975451844022,0.5239508713957514,-0.1070202690494916,-0.06670770591596295
1.103,0.4934700983448784,-0.12651749876601015,0.5238426239928526,-0.10824740289876138,-0.06670770591596295
1.104,0.493342972103934,-0.12773493084422896,0.5237331506832384,-0.10947330961418188,-0.06670770591596295
1.105,0.49321462858824777,-0.12895204774920352,0.5236224492336212,-0.11070144961717746,-0.06688066563048783
1.106,0.49308506811449443,-0.13016884647781912,0.523510520872141,-0.11192836148017003,-0.06688066563048783
1.107,0.49295429100235166,-0.1313853240277456,0.5233973668257097,-0.11315404643129962,-0.06688066563048783
1.108,0.492822297574499,-0.13260147739744582,0.5232829883200122,-0.11437850569747807,-0.06688066563048783
1.109,0.4926890881566171,-0.13381730358618196,0.5231673865795078,-0.11560174050439034,-0.06688066563048783
1.11,0.49255466307738693,-0.135032799594024,0.5230505593454493,-0.11682723405850859,-0.06705476473113181
1.111,0.4924190226684891,-0.13624796242185613,0.5229325078433302,-0.11805150211907271,-0.06705476473113181
1.112,0.49228216726460267,-0.13746278907138515,0.5228132332974187,-0.11927454591157628,-0.06705476473113181
1.113,0.4921440972034049,-0.13867727654514675,0.5226927369307584,-0.12049636666028735,-0.06705476473113181
1.114,0.49200481282556985,-0.13989142184651412,0.5225710199651701,-0.1217169655882497,-0.06705476473113181
1.115,0.4918643144747679,-0.14110522197970413,0.5224480801187894,-0.12293984638062626,-0.06722988789824066
1.116,0.4917226024976648,-0.14231867394978592,0.5223239186144972,-0.12416150429221044,-0.06722988789824066
1.117,0.4915796772439208,-0.1435317747626869,0.5221985366739513,-0.12538194054588306,-0.06722988789824066
1.118,0.4914355390661896,-0.14474452142520222,0.522071935517588,-0.126601156363302,-0.06722988789824066
1.119,0.49129018832011795,-0.14595691094499905,0.5219441163646231,-0.1278191529649035,-0.06722988789824066
1.12,0.4911436253643443,-0.14716894033062777,0.521815076912447,-0.1290394521761441,-0.06740591821027492
1.121,0.4909958505604983,-0.14838060659152535,0.5216848183813588,-0.13025853108817345,-0.06740591821027492
1.122,0.49084686427319946,-0.14959190673802658,0.5215533419904376,-0.13147639092129076,-0.06740591821027492
1.123,0.49069666687005664,-0.15080283778136827,0.521420648957543,-0.13269303289457496,-0.06740591821027492
1.124,0.49054525872166704,-0.15201339673369876,0.5212867404993171,-0.13390845822588587,-0.06740591821027492
1.125,0.4903926402016152,-0.15322358060808386,0.5211516142948033,-0.13512620451386126,-0.06758273731006319
1.1260000000000001,0.4902388116864722,-0.15443338641851548,0.5210152715617478,-0.13634273305554867,-0.06758273731006319
1.127,0.4900837735557946,-0.1556428111799177,0.5208777135166791,-0.13755804506869437,-0.06758273731006319
1.1280000000000001,0.48992752619212343,-0.15685185190815554,0.5207389413749093,-0.13877214176982694,-0.06758273731006319
1.129,0.4897700699809837,-0.15806050562004076,0.520598956350535,-0.1399850243742584,-0.06758273731006319
1.1300000000000001,0.4896114053108829,-0.15926876933334086,0.5204577561066738,-0.1412002438612247,-0.06776022556702897
1.131,0.4894515325733103,-0.16047664006678494,0.5203153418585451,-0.14241424812870407,-0.06776022556702897
1.1320000000000001,0.48929045216273603,-0.16168411484007233,0.5201717148201532,-0.14362703839191596,-0.06776022556702897
1.133,0.48912816447661,-0.16289119067387872,0.5200268762042883,-0.14483861586486463,-0.06776022556702897
1.1340000000000001,0.4889646699153609,-0.16409786458986483,0.519880827222528,-0.14604898176034034,-0.06776022556702897
1.135,0.48879996888239535,-0.1653041336106822,0.5197335655245048,-0.14726169802328737,-0.06793826223536793
1.1360000000000001,0.4886340617840967,-0.1665099947599828,0.5195850923229348,-0.14847320156997143,-0.06793826223536793
1.137,0.48846694902982435,-0.16771544506242309,0.5194354088293217,-0.14968349361310881,-0.06793826223536793
1.1380000000000001,0.4882986310319123,-0.16892048154367528,0.5192845162539576,-0.15089257536420306,-0.06793826223536793
1.139,0.4881291082056685,-0.17012510123043068,0.519132415805924,-0.15210044803354622,-0.06793826223536793
1.1400000000000001,0.4879583809693737,-0.17132930115041073,0.5189791051238263,-0.15331068209767587,-0.06811672560815982
1.141,0.48778644974428037,-0.1725330783323714,0.5188245854178986,-0.1545197059277414,-0.06811672560815982
1.1420000000000001,0.4876133149546117,-0.17373642980611245,0.5186688578971645,-0.15572752073397683,-0.06811672560815982
1.143,0.4874389770275606,-0.1749393526024834,0.5185119237694391,-0.15693412772540605,-0.06811672560815982
1.1440000000000001,0.48726343639328856,-0.1761418437533922,0.5183537842413293,-0.15813952810984383,-0.06811672560815982
1.145,0.48708669348492467,-0.1773439002918111,0.5181944369428841,-0.15934729844508197,-0.06829549316739938
1.1460000000000001,0.48690874873856443,-0.17854551925178547,0.5180338830818741,-0.16055386100998487,-0.06829549316739938
1.147,0.48672960259326886,-0.17974669766843954,0.5178721238648618,-0.16175921701232288,-0.06829549316739938
1.1480000000000001,0.48654925549106326,-0.18094743257798543,0.5177091604972032,-0.16296336765865854,-0.06829549316739938
1.149,0.4863677078769362,-0.1821477210177287,0.5175449941830488,-0.16416631415434788,-0.06829549316739938
1.1500000000000001,0.4861849601988383,-0.18334756002607727,0.517379622546374,-0.16537163667479232,-0.06847444172993981
1.151,0.48600101290768133,-0.1845469466425474,0.5172130467925014,-0.16657575387271634,-0.06847444172993981
1.1520000000000001,0.48581586645733693,-0.18574587790777208,0.517045268125548,-0.16777866695344243,-0.06847444172993981
1.153,0.48562952130463566,-0.18694435086350716,0.5168762877484269,-0.1689803771210878,-0.06847444172993981
1.154,0.48544197790936555,-0.18814236255264025,0.5167061068628483,-0.1701808855785655,-0.06847444172993981
1.155,0.48525323673427123,-0.1893399100191966,0.5165347230892036,-0.1713837736447738,-0.06865344758934355
1.156,0.48506329824505295,-0.1905369903083465,0.5163621376303806,-0.1725854588229159,-0.06865344758934355
1.157,0.48487216291036495,-0.19173360046641374,0.5161883516880648,-0.17378594231587985,-0.06865344758934355
1.158,0.4846798312018147,-0.1929297375408813,0.5160133664627394,-0.17498522532535085,-0.06865344758934355
1.159,0.4844863035939615,-0.19412539858040026,0.5158371831536877,-0.17618330905181237,-0.06865344758934355
1.16,0.4842915805643156,-0.19532058063479546,0.5156597993802118,-0.17738377347583334,-0.06883238665363904
1.161,0.4840956625933366,-0.19651528075507438,0.5154812163427763,-0.17858303743543028,-0.06883238665363904
1.162,0.48389855016443273,-0.19770949599343288,0.5153014352406453,-0.17978110213106763,-0.06883238665363904
1.163,0.48370024376395926,-0.1989032234032639,0.5151204572718833,-0.18097796876200933,-0.06883238665363904
1.164,0.48350074388121755,-0.20009646003916337,0.5149382836333569,-0.1821736385263201,-0.06883238665363904
1.165,0.48330005100845363,-0.2012892029569389,0.5147549119457775,-0.1833716875793736,-0.0690111345789922
1.166,0.4830981656408574,-0.20248144921361552,0.5145703434071941,-0.18456853858337408,-0.0690111345789922
1.167,0.4828950882765607,-0.20367319586744445,0.5143845792144577,-0.18576419273637054,-0.0690111345789922
1.168,0.482690819416637,-0.2048644399779088,0.5141976205632225,-0.18695865123521402,-0.0690111345789922
1.169,0.48248535956509914,-0.20605517860573297,0.5140094686479469,-0.18815191527555866,-0.0690111345789922
1.17,0.4822787092288991,-0.20724540881288678,0.5138201210932487,-0.189347554698269,-0.06918956689929413
1.171,0.48207086891792583,-0.2084351276625965,0.5136295790947671,-0.19054199848155662,-0.06918956689929413
1.172,0.48186183914500486,-0.20962433221934815,0.5134378438469461,-0.19173524782106094,-0.06918956689929413
1.173,0.48165162042589627,-0.2108130195488985,0.513244916543035,-0.19292730391122576,-0.06918956689929413
1.174,0.4814402132792938,-0.2120011867182793,0.5130507983750896,-0.1941181679453004,-0.06918956689929413
1.175,0.48122761822682364,-0.21318883079580642,0.5128554869741292,-0.19531140096038876,-0.06936755915168373
1.176,0.48101383579304297,-0.21437594885108582,0.5126589835333867,-0.19650344074246204,-0.06936755915168373
1.177,0.4807988665054386,-0.21556253795502217,0.512461289244902,-0.19769428848475326,-0.06936755915168373
1.178,0.480582710894426,-0.2167485951798243,0.5122624052995227,-0.19888394537930218,-0.06936755915168373
1.179,0.4803653694933475,-0.21793411759901438,0.5120623328869057,-0.20007241261695655,-0.06936755915168373
1.18,0.48014684283847153,-0.21911910228743334,0.5118610696469614,-0.20126323994429982,-0.06954498699801143
1.181,0.47992713146899085,-0.2203035463212495,0.5116586167705172,-0.20245287644431575,-0.06954498699801143
1.182,0.47970623592702144,-0.2214874467779647,0.5114549754472093,-0.20364132330783166,-0.06954498699801143
1.183,0.47948415675760103,-0.22267080073642254,0.5112501468654849,-0.20482858172448407,-0.06954498699801143
1.184,0.479260894508688,-0.22385360527681444,0.5110441322126021,-0.2060146528827198,-0.06954498699801143
1.185,0.47903644973115955,-0.22503585748068816,0.5108369291398455,-0.2072030727566826,-0.06972172634227569
1.186,0.47881082297881117,-0.22621755443095334,0.5106285388356346,-0.20839030421077143,-0.06972172634227569
1.187,0.4785840148083541,-0.22739869321189113,0.5104189624872012,-0.20957634843340617,-0.06972172634227569
1.188,0.4783560257794153,-0.2285792709091579,0.5102082012805894,-0.21076120661181827,-0.06972172634227569
1.189,0.4781268564545347,-0.2297592846097966,0.5099962564006574,-0.21194487993205197,-0.06972172634227569
1.19,0.4778965073991651,-0.23093873140223975,0.5097831255125364,-0.21313088812100073,-0.06989765344404086
1.191,0.4776649791816697,-0.23211760837632042,0.5095688098022346,-0.21431571030176055,-0.06989765344404086
1.192,0.47743227237332153,-0.2332959126232764,0.5093533104545743,-0.21549934766033962,-0.06989765344404086
1.193,0.47719838754830135,-0.23447364123575937,0.5091366286531928,-0.2166818013815601,-0.06989765344404086
1.194,0.4769633252836968,-0.2356507913078408,0.5089187655805437,-0.21786307264905935,-0.06989765344404086
1.195,0.4767270861595006,-0.23682735993502022,0.5086997189180668,-0.21904666247696777,-0.0700726450278745
1.196,0.47648967075860943,-0.23800334421423108,0.5084794898493518,-0.2202290687150483,-0.0700726450278745
1.197,0.47625107966682206,-0.23917874124384952,0.5082580795568049,-0.22141029254689074,-0.0700726450278745
1.198,0.4760113134728383,-0.24035354812369986,0.50803548922165,-0.22259033515490134,-0.0700726450278745
1.199,0.47577037276825745,-0.24152776195506317,0.5078117200239297,-0.22376919772030393,-0.0700726450278745
1.2,0.4755282581475768,-0.24270137984068324,0.5075867696638393,-0.22495036009036,-0.07024657838881958
1.201,0.47528497020819,-0.243874398884775,0.5073606393225413,-0.22613034129804604,-0.07024657838881958
1.202,0.47504050955038585,-0.24504681619303015,0.5071333301800167,-0.2273091425245244,-0.07024657838881958
1.203,0.47479487677734683,-0.24621862887262588,0.5069048434150669,-0.22848676494977627,-0.07024657838881958
1.204,0.47454807249514736,-0.24738983403223044,0.5066751802053143,-0.22966320975260288,-0.07024657838881958
1.205,0.4743000973127523,-0.24856042878201232,0.5064443382721416,-0.23084193317272922,-0.07041933149394689
1.206,0.474050951842016,-0.24973041023364434,0.5062123187942722,-0.23201947786943541,-0.07041933149394689
1.207,0.47380063669768,-0.25089977550031456,0.5059791229492507,-0.23319584502144491,-0.07041933149394689
1.208,0.47354915249737217,-0.25206852169672944,0.5057447519134445,-0.23437103580630242,-0.07041933149394689
1.209,0.4732964998616046,-0.2532366459391248,0.5055092068620441,-0.23554505140037504,-0.07041933149394689
1.21,0.4730426794137727,-0.2544041453452696,0.5052724855400336,-0.23672132201057489,-0.07059078308001125
1.211,0.47278769178015306,-0.25557101703447554,0.5050345891236834,-0.23789641635016454,-0.07059078308001125
1.212,0.47253153758990246,-0.25673725812760234,0.5047955187880879,-0.2390703355954146,-0.07059078308001125
1.213,0.47227421747505577,-0.2579028657470664,0.5045552757071665,-0.2402430809214194,-0.07059078308001125
1.214,0.4720157320705249,-0.2590678370168463,0.5043138610536644,-0.2414146535020982,-0.07059078308001125
1.215,0.4717560820140968,-0.26023216906249186,0.5040712725985609,-0.24258845510354116,-0.07076081274725325
1.216,0.47149526794643226,-0.26139585901112894,0.5038275115156575,-0.2437610829033827,-0.07076081274725325
1.217,0.471233290511064,-0.26255890399146864,0.5035825789775821,-0.24493253807542437,-0.07076081274725325
1.218,0.4709701503543953,-0.2637213011338128,0.5033364761557898,-0.246102821792294,-0.07076081274725325
1.219,0.4707058481256984,-0.2648830475700624,0.5030892042205644,-0.24727193522544677,-0.07076081274725325
1.22,0.4704403844771127,-0.26604414043372315,0.5028407609712532,-0.24844324931120904,-0.07092930104938618
1.221,0.4701737600636435,-0.2672045768599142,0.5025911475791703,-0.24961339208288555,-0.07092930104938618
1.222,0.4699059755431598,-0.2683643539853737,0.5023403652144586,-0.2507823647117904,-0.07092930104938618
1.223,0.4696370315763935,-0.2695234689484673,0.5020884150460905,-0.25195016836806633,-0.07092930104938618
1.224,0.4693669288269371,-0.2706819188891934,0.5018352982418698,-0.253116804220686,-0.07092930104938618
1.225,0.469095667961242,-0.2718397009491929,0.5015810126318617,-0.2542856100080615,-0.0710961295798076
1.226,0.4688232496486178,-0.27299681227175254,0.5013255593848721,-0.2554532469896496,-0.0710961295798076
1.227,0.46854967456122937,-0.2741532500018162,0.5010689396685378,-0.2566197163342561,-0.0710961295798076
1.228,0.4682749433740962,-0.2753090112859878,0.5008111546493283,-0.257785019209518,-0.0710961295798076
1.229,0.46799905676509,-0.276464093272542,0.5005522054925464,-0.25894915678190467,-0.0710961295798076
1.23,0.4677220154149337,-0.27761849311142844,0.5002920900613003,-0.2601154312462044,-0.07126118105408259
1.231,0.46744382000719914,-0.2787722079542804,0.5000308095218642,-0.26128053943603985,-0.07126118105408259
1.232,0.46716447122830607,-0.2799252349544211,0.4997683650393465,-0.2624444825176855,-0.07126118105408259
1.233,0.46688396976751956,-0.2810775712668713,0.49950475777769027,-0.2636072616562494,-0.07126118105408259
1.234,0.4666023163169493,-0.2822292140483552,0.4992399888996746,-0.26476887801567484,-0.07126118105408259
1.235,0.46631951157154705,-0.2833801604573093,0.49897405630374914,-0.26593259592543406,-0.0714243393887454
1.236,0.4660355562291055,-0.2845304076538872,0.49870696115363183,-0.2670951501172835,-0.0714243393887454
1.237,0.46575045099025614,-0.2856799527999688,0.4984387046118769,-0.2682565417549411,-0.0714243393887454
1.238,0.4654641965584679,-0.28682879305916525,0.4981692878398759,-0.2694167720009611,-0.0714243393887454
1.239,0.465176793640045,-0.28797692559682786,0.4978987119978592,-0.270575842016735,-0.0714243393887454
1.24,0.46488824294412573,-0.2891243475800533,0.4976269750218889,-0.27173697597024754,-0.07158548977646238
1.241,0.46459854518268007,-0.2902710561776922,0.4973540780730991,-0.2728969487898065,-0.07158548977646238
1.242,0.46430770107050867,-0.2914170485603547,0.4970800223114626,-0.274055761636546,-0.07158548977646238
1.243,0.4640157113252403,-0.2925623219004193,0.49680480889579215,-0.27521341567043867,-0.07158548977646238
1.244,0.4637225766673307,-0.2937068733720368,0.4965284389837418,-0.2763699120502975,-0.07158548977646238
1.245,0.46342829782006034,-0.2948507001511414,0.49625091055122844,-0.27752843251339954,-0.07174451875761614
1.246,0.46313287550953336,-0.29599379941545306,0.4959722247567724,-0.27868579445603847,-0.07174451875761614
1.247,0.4628363104646746,-0.2971361683444889,0.49569238275773564,-0.27984199903673473,-0.07174451875761614
1.248,0.462538603417229,-0.29827780411956656,0.4954113857103228,-0.2809970474128503,-0.07174451875761614
1.249,0.46223975510175913,-0.2994187039238137,0.4951292347695822,-0.2821509407405898,-0.07174451875761614
1.25,0.46193976625564337,-0.3005588649421731,0.4948459279534966,-0.28330681608561625,-0.07190131428835267
1.2510000000000001,0.4616386376190745,-0.301698284361411,0.4945614664179413,-0.2844615355552977,-0.07190131428835267
1.252,0.46133636993505744,-0.30283695937012306,0.4942758513176358,-0.28561510030550946,-0.07190131428835267
1.2530000000000001,0.4610329639494076,-0.3039748871587422,0.4939890838061448,-0.286767511490971,-0.07190131428835267
1.254,0.46072842041074924,-0.30511206491954435,0.4937011650358796,-0.2879187702652471,-0.07190131428835267
1.2550000000000001,0.4604227400705131,-0.30624848984665676,0.49341209306906847,-0.28907196681108493,-0.07205576580515587
1.256,0.4601159236829352,-0.3073841591360636,0.4931218690589081,-0.29022401016037697,-0.07205576580515587
1.2570000000000001,0.4598079720050543,-0.30851906998561407,0.4928304941574418,-0.2913749014663197,-0.07205576580515587
1.258,0.45949888579671067,-0.3096532195950282,0.49253796951556084,-0.2925246418809565,-0.07205576580515587
1.2590000000000001,0.45918866582054374,-0.3107866051659048,0.49224429628300564,-0.2936732325551787,-0.07205576580515587
1.26,0.4588773128419906,-0.3119192239017272,0.49194947256839733,-0.2948237146083434,-0.0722077642859946
1.2610000000000001,0.4585648276292835,-0.31305107300787216,0.4916534995222179,-0.2959730461794549,-0.0722077642859946
1.262,0.458251210953449,-0.31418214969161345,0.49135637829379886,-0.29712122841899535,-0.0722077642859946
1.2630000000000001,0.45793646358830475,-0.31531245116213275,0.49105811003132255,-0.29826826247629623,-0.0722077642859946
1.264,0.4576205863104588,-0.31644197463052265,0.490758695881823,-0.2994141494995398,-0.0722077642859946
1.2650000000000001,0.45730357989930676,-0.317570717309797,0.4904581340024268,-0.3005618793962025,-0.0723572023081097
1.266,0.4569854451370306,-0.318698676414895,0.49015642554086386,-0.3017084615629685,-0.0723572023081097
1.2670000000000001,0.4566661828085961,-0.31982584916269,0.4898535716437163,-0.3028538971475677,-0.0723572023081097
1.268,0.45634579370175143,-0.3209522327719951,0.4895495734564197,-0.30399818729658235,-0.0723572023081097
1.2690000000000001,0.4560242786070247,-0.3220778244635708,0.48924443212326424,-0.30514133315544795,-0.0723572023081097
1.27,0.45570163831772265,-0.32320262146013135,0.4889381458519599,-0.3062862713043423,-0.07250397410248821
1.2710000000000001,0.45537787362992793,-0.3243266209863522,0.48863071578744477,-0.3074300645150877,-0.07250397410248821
1.272,0.45505298534249783,-0.3254498202688759,0.4883221430735121,-0.30857271393262237,-0.07250397410248821
1.2730000000000001,0.4547269742570619,-0.32657221653632035,0.4880124288528114,-0.3097142207007395,-0.07250397410248821
1.274,0.45439984117802007,-0.32769380701928374,0.4877015742668493,-0.31085458596208854,-0.07250397410248821
1.2750000000000001,0.4540715869125406,-0.32881458895035387,0.4873895775759611,-0.3119966908882284,-0.07264797560509693
1.276,0.45374221227055844,-0.32993455956411194,0.48707643992225164,-0.31313765370944213,-0.07264797560509693
1.2770000000000001,0.4534117180647727,-0.33105371609714207,0.4867621624466838,-0.31427747556783464,-0.07264797560509693
1.278,0.45308010511064495,-0.3321720557880369,0.4864467462890794,-0.31541615760436875,-0.07264797560509693
1.2790000000000001,0.4527473742263971,-0.33328957587740454,0.48613019258812057,-0.3165537009588663,-0.07264797560509693
1.28,0.45241352623300973,-0.3344062736078747,0.48581249965877255,-0.3176929293480059,-0.07278910450492419
1.281,0.4520785619542195,-0.33552214622410725,0.4854936686402638,-0.3188310185087564,-0.07278910450492419
1.282,0.4517424822165174,-0.33663719097279715,0.48517370067068344,-0.3199679695803461,-0.07278910450492419
1.283,0.4514052878491469,-0.3377514051026824,0.48485259688698257,-0.3211037837008643,-0.07278910450492419
1.284,0.45106697968410137,-0.3388647858645509,0.4845303584249753,-0.3222384620072619,-0.07278910450492419
1.285,0.45072755855612295,-0.339977330511245,0.4842069836562243,-0.32337476875103266,-0.07292726028889968
1.286,0.45038702530269903,-0.341089036297673,0.48388247371703624,-0.3245099391880596,-0.07292726028889968
1.287,0.450045380764062,-0.3421999004808102,0.4835568297425816,-0.32564397445464954,-0.07292726028889968
1.288,0.4497026257831856,-0.34330992031971014,0.4832300528668956,-0.3267768756859729,-0.07292726028889968
1.289,0.44935876120578366,-0.344419093075509,0.4829021442228795,-0.32790864401606495,-0.07292726028889968
1.29,0.4490137878803078,-0.3455274160114338,0.4825731022406218,-0.32904198225772396,-0.07306234428375405
1.291,0.4486677066579456,-0.3466348863928071,0.48224292805346064,-0.33017418716114133,-0.07306234428375405
1.292,0.448320518392618,-0.34774150148705624,0.481911622793601,-0.33130525985965525,-0.07306234428375405
1.293,0.4479722239409774,-0.34884725856371834,0.48157918759211554,-0.3324352014854707,-0.07306234428375405
1.294,0.44762282416240584,-0.34995215489444814,0.4812456235789459,-0.3335640131696603,-0.07306234428375405
1.295,0.44727231991901256,-0.3510561877530232,0.4809109292445955,-0.33469433435038815,-0.07319425969487556
1.296,0.44692071207563194,-0.3521593544153524,0.48057510571938555,-0.33582352520993525,-0.07319425969487556
1.297,0.44656800149982134,-0.35326165215948174,0.4802381541325069,-0.3369515868786228,-0.07319425969487556
1.298,0.44621418906185895,-0.35436307826560137,0.4799000756120213,-0.3380785204856417,-0.07319425969487556
1.299,0.445859275634742,-0.35546363001605125,0.47956087128486224,-0.3392043271590536,-0.07319425969487556
1.3,0.44550326209418395,-0.35656330469532976,0.4792205397037975,-0.3403315810647393,-0.07332291164223945
1.301,0.4451461493186129,-0.3576620995900987,0.478879081996081,-0.34145770771651934,-0.07332291164223945
1.302,0.44478793818916895,-0.35876001198919144,0.4785364992878393,-0.3425827082416476,-0.07332291164223945
1.303,0.4444286295897028,-0.3598570391836172,0.47819279270407306,-0.34370658376625074,-0.07332291164223945
1.304,0.4440682244067723,-0.36095317846657177,0.4778479633686577,-0.3448293354153293,-0.07332291164223945
1.305,0.44370672352964163,-0.3620484271334395,0.47750200989843394,-0.34595347022378325,-0.0734482071934652
1.306,0.44334412785027827,-0.36314278248180343,0.4771549334175365,-0.34707648089742876,-0.0734482071934652
1.307,0.442980438263351,-0.3642362418114505,0.4768067350489761,-0.34819836856040065,-0.0734482071934652
1.308,0.4426156556662276,-0.3653288024243789,0.47645741591464036,-0.34931913433570955,-0.0734482071934652
1.309,0.44224978095897305,-0.36642046162480324,0.4761069771352951,-0.35043877934524315,-0.0734482071934652
1.31,0.44188281504434673,-0.3675112167191633,0.4757554173936213,-0.35155974167377935,-0.07357005539407277
1.311,0.4415147588278006,-0.3686010650161294,0.47540273781058134,-0.35267958303998703,-0.07357005539407277
1.312,0.44114561321747664,-0.3696900038266093,0.4750489395060165,-0.3537983045648285,-0.07357005539407277
1.313,0.4407753791242051,-0.37077803046375435,0.4746940235986484,-0.35491590736814516,-0.07357005539407277
1.314,0.44040405746150185,-0.3718651422429672,0.4743379912060797,-0.3560323925686585,-0.07357005539407277
1.315,0.44003164914556603,-0.37295133648190754,0.47398084107855776,-0.3571501275219899,-0.07368836729500211
1.316,0.4396581550952781,-0.3740366105004994,0.4736225743338174,-0.35826674474036796,-0.07368836729500211
1.317,0.4392835762321977,-0.37512096162093644,0.47326319208847584,-0.35938224534152763,-0.07368836729500211
1.318,0.43890791348056085,-0.37620438716769034,0.47290269545803376,-0.36049663044208613,-0.07368836729500211
1.319,0.438531167767278,-0.3772868844675163,0.47254108555687624,-0.3616099011575441,-0.07368836729500211
1.32,0.43815334002193174,-0.37836845084946014,0.4721783612045003,-0.3627243523759358,-0.07380305597746381
1.321,0.4377744311767747,-0.37944908364486335,0.4718145235153572,-0.36383768914310916,-0.07380305597746381
1.322,0.4373944421667264,-0.38052878018737324,0.47144957360278367,-0.36494991257351533,-0.07380305597746381
1.323,0.43701337392937223,-0.381607537812945,0.47108351257900316,-0.3660610237804911,-0.07380305597746381
1.324,0.43663122740496,-0.382685353859852,0.4707163415551269,-0.3671710238762599,-0.07380305597746381
1.325,0.43624800353639864,-0.3837622256686892,0.47034805942154306,-0.36828213358388734,-0.07391403657518537
1.326,0.43586370326925444,-0.384838150582384,0.4699786672893613,-0.36939213218180716,-0.07391403657518537
1.327,0.4354783275517505,-0.38591312594619753,0.46960816626858015,-0.37050102078112906,-0.07391403657518537
1.328,0.43509187733476284,-0.3869871491077353,0.4692365574680883,-0.37160880049185163,-0.07391403657518537
1.329,0.4347043535718192,-0.3880602174169519,0.46886384199566544,-0.3727154724228635,-0.07391403657518537
1.33,0.4343157572190956,-0.38913232822615823,0.4684900188141891,-0.3738231814763232,-0.0740212262941281
1.331,0.43392608923541526,-0.3902034788900269,0.4681150890313684,-0.3749297828207295,-0.0740212262941281
1.332,0.43353535058224507,-0.3912736667656003,0.4677390537538046,-0.3760352775637913,-0.0740212262941281
1.333,0.4331435422236938,-0.39234288921229643,0.46736191408699246,-0.3771396668121101,-0.0740212262941281
1.334,0.43275066512650945,-0.39341114359191537,0.4669836711353213,-0.37824295167118055,-0.0740212262941281
1.335,0.43235672026007754,-0.39447842726864496,0.4666043239357132,-0.3793471996081039,-0.07412454442972684
1.336,0.4319617085964177,-0.3955447376090693,0.4662238735924161,-0.3804503432970904,-0.07412454442972684
1.337,0.4315656311101819,-0.39661007198217346,0.4658423212085737,-0.3815523838423878,-0.07412454442972684
1.338,0.43116848877865194,-0.39767442775935125,0.46545966788622656,-0.38265332234713995,-0.07412454442972684
1.339,0.43077028258173733,-0.3987378023144095,0.46507591472631316,-0.3837531599133873,-0.07412454442972684
1.34,0.4303710135019718,-0.39980019302357855,0.46469106084131206,-0.38485388500110873,-0.07422391238174003
1.341,0.42997068252451254,-0.4008615972655139,0.4643051073319483,-0.3859535093637424,-0.07422391238174003
1.342,0.4295692906371361,-0.4019220124213068,0.4639180552978463,-0.38705203410201344,-0.07422391238174003
1.343,0.42916683883023754,-0.40298143587448737,0.46352990583753073,-0.3881494603155462,-0.07422391238174003
1.344,0.4287633280968261,-0.4040398650110348,0.46314066004842785,-0.38924578910286545,-0.07422391238174003
1.345,0.4283587594325248,-0.4050972972193793,0.4627503171200408,-0.3903429283870978,-0.07431925366676022
1.346,0.42795313383556655,-0.40615372989041254,0.4623588781495087,-0.3914389705320459,-0.07431925366676022
1.347,0.42754645230679206,-0.4072091604174918,0.46196634423287386,-0.39253391663484904,-0.07431925366676022
1.348,0.4271387158496476,-0.4082635861964474,0.4615727164650823,-0.3936277677915494,-0.07431925366676022
1.349,0.4267299254701824,-0.4093170046255882,0.4611779959399852,-0.39472052509709304,-0.07431925366676022
1.35,0.42632008217704614,-0.41036941310570896,0.46078218192553466,-0.3958140144505652,-0.0744104939284629
1.351,0.42590918698148633,-0.41142080904009654,0.46038527551521996,-0.3969064103146839,-0.0744104939284629
1.352,0.42549724089734586,-0.41247118983453623,0.459987277801437,-0.39799771378293847,-0.0744104939284629
1.353,0.42508424494106106,-0.4135205528973174,0.4595881898754893,-0.3990879259477248,-0.0744104939284629
1.354,0.4246702001316583,-0.41456889563924093,0.4591880128275889,-0.4001770479003463,-0.0744104939284629
1.355,0.42425510749075185,-0.4156162154736257,0.45878674600551755,-0.4012668220713591,-0.07449756094565796
1.356,0.42383896804254156,-0.4166625098163143,0.45838439049904933,-0.4023555064682009,-0.07449756094565796
1.357,0.42342178281381043,-0.4177077760856784,0.4579809473968687,-0.40344310218064583,-0.07449756094565796
1.358,0.4230035528339211,-0.41875201170262877,0.4575764177865713,-0.40452961029737833,-0.07449756094565796
1.359,0.4225842791348148,-0.41979521409061693,0.4571708027546653,-0.40561503190599413,-0.07449756094565796
1.36,0.4221639627510075,-0.4208373806756452,0.45676410173009846,-0.40670102456685236,-0.07458038463821098
1.361,0.42174260471958835,-0.42187850888627026,0.45635631579886343,-0.40778593123504975,-0.07458038463821098
1.362,0.4213202060802161,-0.4229185961536129,0.45594744604586684,-0.4088697529965789,-0.07458038463821098
1.363,0.42089676787511765,-0.4239576399113604,0.4555374935549305,-0.40995249093634656,-0.07458038463821098
1.364,0.4204722911490846,-0.4249956375957758,0.4551264594087923,-0.4110341461381744,-0.07458038463821098
1.365,0.420046776949471,-0.4260325866457029,0.4547143431188589,-0.4121162899334542,-0.07465889707090116
1.366,0.41962022632619084,-0.4270684845025735,0.45430114576727393,-0.4131973515849388,-0.07465889707090116
1.367,0.4191926403317155,-0.42810332861041195,0.4538868684350992,-0.4142773321747719,-0.07465889707090116
1.368,0.4187640200210709,-0.4291371164158434,0.4534715122023152,-0.4153562327840152,-0.07465889707090116
1.369,0.41833436645183497,-0.4301698453680995,0.45305507814782253,-0.4164340544926492,-0.07465889707090116
1.37,0.4179036806841351,-0.4312015129190243,0.45263756586673526,-0.4175122810872623,-0.07473303245528744
1.371,0.4174719637806458,-0.4322321165230802,0.45221897643728,-0.41858942945528077,-0.07473303245528744
1.372,0.41703921680658557,-0.4332616536373554,0.4517993109366051,-0.41966550067493125,-0.07473303245528744
1.373,0.4166054408297145,-0.43429012172156967,0.4513785704407817,-0.42074049582336204,-0.07473303245528744
1.374,0.4161706369203316,-0.4353175182380803,0.45095675602480506,-0.42181441597664443,-0.07473303245528744
1.375,0.4157348061512727,-0.43634384065188775,0.4505338673687014,-0.42288865610366055,-0.07480272714963777
1.3760000000000001,0.41529794959790634,-0.43736908643064465,0.4501099055467108,-0.42396182199054966,-0.07480272714963777
1.377,0.41486006833813294,-0.4383932530446581,0.4496848716319993,-0.4250339147115519,-0.07480272714963777
1.3780000000000001,0.4144211634523809,-0.4394163379668993,0.44925876669665943,-0.42610493533983307,-0.07480272714963777
1.379,0.4139812360236046,-0.44043833867300697,0.44883159181171195,-0.427174884947486,-0.07480272714963777
1.3800000000000001,0.41354028713728086,-0.44145925264129743,0.44840334674325627,-0.4282450684556786,-0.07486791965700561
1.381,0.4130983178814076,-0.4424790773527657,0.4479740325614759,-0.42931418178036307,-0.07486791965700561
1.3820000000000001,0.41265532934649984,-0.44349781029109625,0.44754365033548416,-0.4303822259917228,-0.07486791965700561
1.383,0.41221132262558774,-0.4445154489426667,0.4471122011333253,-0.4314492021588712,-0.07486791965700561
1.3840000000000001,0.41176629881421367,-0.4455319907965552,0.44667968602197544,-0.4325151113498525,-0.07486791965700561
1.385,0.4113202590104299,-0.4465474333445451,0.4462461048547245,-0.4335811672509326,-0.07492855062149886
1.3860000000000001,0.4108732043147951,-0.4475617740811332,0.4458114586976284,-0.43464615709611165,-0.07492855062149886
1.387,0.41042513583037243,-0.4485750105035345,0.44537574861567697,-0.4357100819514455,-0.07492855062149886
1.3880000000000001,0.4099760546627261,-0.4495871401116892,0.44493897567279506,-0.43677294288192403,-0.07492855062149886
1.389,0.4095259619199195,-0.45059816040826756,0.44450114093184356,-0.43783474095147207,-0.07492855062149886
1.3900000000000001,0.4090748587125117,-0.45160806889867783,0.4440622443343766,-0.4388965974669771,-0.07498456282282545
1.391,0.4086227461535549,-0.452616863091071,0.4436222869422506,-0.43995739212596663,-0.07498456282282545
1.3920000000000001,0.4081696253585919,-0.45362454049634815,0.44318126981626027,-0.4410171259902972,-0.07498456282282545
1.393,0.4077154974456534,-0.4546310986281649,0.4427391940161395,-0.4420758001207634,-0.07498456282282545
1.3940000000000001,0.4072603635352547,-0.45563653500293927,0.44229606060056237,-0.4431334155770992,-0.07498456282282545
1.395,0.4068042247503935,-0.45664084713985703,0.4418518696003775,-0.44419100018490537,-0.07503590116916506
1.3960000000000001,0.4063470822165469,-0.45764403256087804,0.4414066220731694,-0.4452475272081038,-0.07503590116916506
1.397,0.4058889370616689,-0.45864608879074115,0.4409603190754651,-0.446302997704279,-0.07503590116916506
1.3980000000000001,0.4054297904161867,-0.45964701335697344,0.4405129616627352,-0.44735741272995805,-0.07503590116916506
1.399,0.40496964341299935,-0.4606468037898922,0.44006455088939456,-0.4484107733406114,-0.07503590116916506
1.4000000000000001,0.4045084971874737,-0.4616454576226141,0.4396150868765735,-0.44946401282103965,-0.07508251268844247
1.401,0.4040463528774423,-0.4626429723910601,0.4391645706775115,-0.4505161990619875,-0.07508251268844247
1.4020000000000001,0.4035832116232001,-0.4636393456339621,0.43871300334439484,-0.45156733311669434,-0.07508251268844247
1.403,0.40311907456750234,-0.4646345748928674,0.4382603859283575,-0.4526174160373465,-0.07508251268844247
1.4040000000000001,0.402653942855561,-0.46562865771214723,0.4378067194794824,-0.453666448875078,-0.07508251268844247
1.405,0.4021878176350423,-0.4666215916390008,0.4373520042101258,-0.4547152693565641,-0.07512434651805705
1.4060000000000001,0.40172070005606375,-0.46761337422346283,0.43689624116910825,-0.45576304101756865,-0.07512434651805705
1.407,0.40125259127119184,-0.46860400301840777,0.43643943140420133,-0.4568097649069122,-0.07512434651805705
1.408,0.4007834924354384,-0.46959347557955744,0.43598157596212894,-0.45785544207236645,-0.07512434651805705
1.409,0.40031340470625787,-0.47058178946548773,0.4355226758885683,-0.4589000735606552,-0.07512434651805705
1.41,0.3998423292435453,-0.4715689422376313,0.43506273148800334,-0.45994440056495733,-0.07516135389313884
1.411,0.39937026720963237,-0.4725549314602875,0.4346017438047611,-0.46098768324225514,-0.07516135389313884
1.412,0.3988972197692856,-0.47353975470062504,0.4341397138821242,-0.46202992263687565,-0.07516135389313884
1.413,0.398423188089702,-0.4745234095286916,0.4336766427623321,-0.4630711197921015,-0.07516135389313884
1.414,0.39794817334050797,-0.47550589351741585,0.4332125314865819,-0.4641112757501722,-0.07516135389313884
1.415,0.3974721766937551,-0.4764872042426165,0.4327473804523448,-0.46515103423708976,-0.07519348813338685
1.416,0.39699519932391775,-0.4774673392830069,0.43228119069937926,-0.4661897529655204,-0.07519348813338685
1.417,0.3965172424078901,-0.47844629622020146,0.43181396326640403,-0.4672274329752226,-0.07519348813338685
1.418,0.39603830712498356,-0.4794240726387208,0.4313456991910991,-0.46826407530491515,-0.07519348813338685
1.419,0.39555839465692316,-0.4804006661259991,0.4308763995101068,-0.469299680992278,-0.07519348813338685
1.42,0.39507750618784526,-0.4813760742723889,0.43040606471470294,-0.4703347954038568,-0.07522070462855637
1.421,0.3945956429042942,-0.48235029467116786,0.42993469584000193,-0.47136887470102407,-0.07522070462855637
1.422,0.39411280599522003,-0.4833233249185436,0.42946229392008306,-0.4724019199188942,-0.07522070462855637
1.423,0.39362899665197465,-0.4842951626136607,0.4289888599879915,-0.47343393209154644,-0.07522070462855637
1.424,0.3931442160683095,-0.4852658053586065,0.4285143950757395,-0.474464912252026,-0.07522070462855637
1.425,0.3926584654403724,-0.4862352507584166,0.4280388997691833,-0.475495306556227,-0.07524296082265138
1.426,0.3921717459667052,-0.48720349642108024,0.4275623750987172,-0.4765246704661238,-0.07524296082265138
1.427,0.3916840588482391,-0.48817053995754844,0.4270848220937051,-0.4775530050121107,-0.07524296082265138
1.428,0.3911954052882941,-0.4891363789817366,0.4266062417824815,-0.4785803112235516,-0.07524296082265138
1.429,0.39070578649257404,-0.49010101111053356,0.4261266351923527,-0.4796065901287811,-0.07524296082265138
1.43,0.39021520366916496,-0.4910644339638045,0.4256460030044901,-0.48063218786259,-0.07526021619688256
1.431,0.38972365802853076,-0.49202664516440053,0.42516434624449145,-0.48165675999866503,-0.07526021619688256
1.432,0.3892311507835117,-0.4929876423381602,0.42468166593692885,-0.482680307562604,-0.07526021619688256
1.433,0.3887376831493205,-0.4939474231139189,0.42419796310534985,-0.48370283157897903,-0.07526021619688256
1.434,0.3882432563435394,-0.49490598512351297,0.4237132387722785,-0.4847243330713377,-0.07526021619688256
1.435,0.38774787158611723,-0.4958633260017861,0.4232274937148952,-0.48574505738329554,-0.07527243225145708
1.436,0.3872515300993669,-0.4968194433865944,0.4227407289539243,-0.4867647609709414,-0.07527243225145708
1.437,0.38675423310796164,-0.4977743349188135,0.4222529455090693,-0.4877834448549996,-0.07527243225145708
1.438,0.3862559818389323,-0.4987279982423435,0.4217641443990141,-0.48880111005517374,-0.07527243225145708
1.439,0.38575677752166415,-0.49968043100411513,0.42127432664142395,-0.48981775759014773,-0.07527243225145708
1.44,0.3852566213878946,-0.5006316308540948,0.4207834931101417,-0.4908335312822824,-0.07527957248624276
1.441,0.384755514671709,-0.5015815954452917,0.42029164482094095,-0.491848289200725,-0.07527957248624276
1.442,0.38425345860953836,-0.5025303224337625,0.4197987827885797,-0.4928620323612491,-0.07527957248624276
1.443,0.383750454440156,-0.5034778094786181,0.4193049080268011,-0.49387476177861267,-0.07527957248624276
1.444,0.3832465034046749,-0.5044240542420277,0.4188100215483345,-0.4948864784665589,-0.07527957248624276
1.445,0.38274160674654406,-0.5053690543892269,0.4183141243242988,-0.49589722403569997,-0.0752816023803813
1.446,0.3822357657115458,-0.5063128075885215,0.41781721736543953,-0.4969069588592719,-0.0752816023803813
1.447,0.3817289815477925,-0.5072553115112948,0.4173193016814915,-0.4979156839480202,-0.0752816023803813
1.448,0.38122125550572405,-0.5081965638320112,0.41682037828117985,-0.4989234003116798,-0.0752816023803813
1.449,0.38071258883810344,-0.5091365622282252,0.41632044817222086,-0.49993010895897577,-0.0752816023803813
1.45,0.38020298280001547,-0.5100753043805833,0.41581951242358345,-0.5009357486374346,-0.07527848937089306
1.451,0.3796924386488624,-0.5110127879728331,0.41531757204090725,-0.501940382676215,-0.07527848937089306
1.452,0.379180957644361,-0.5119490106918269,0.4148146280288263,-0.5029440120809566,-0.07527848937089306
1.453,0.37866854104853975,-0.5128839702275282,0.41431068139097,-0.5039466378562936,-0.07527848937089306
1.454,0.378155190125736,-0.5138176642730171,0.41380573312996416,-0.5049482610058551,-0.07527848937089306
1.455,0.3776409061425918,-0.5147500905244966,0.41329978441316273,-0.505948716801456,-0.07527020283033711
1.456,0.377125690368052,-0.5156812466812974,0.4127928362410215,-0.5069481721412613,-0.07527020283033711
1.457,0.37660954407335995,-0.5166111304458847,0.41228488961299575,-0.5079466280257268,-0.07527020283033711
1.458,0.3760924685320557,-0.5175397395238621,0.41177594552754143,-0.5089440854543078,-0.07527020283033711
1.459,0.3755744650199716,-0.5184670716239794,0.41126600498211596,-0.5099405454254602,-0.07527020283033711
1.46,0.3750555348152298,-0.5193931244581367,0.4107550692429551,-0.5109357391609063,-0.07525671404357528
1.461,0.37453567919823894,-0.5203178957413911,0.41024313930525247,-0.5119299377026169,-0.07525671404357528
1.462,0.37401489945169125,-0.5212413831919608,0.4097302161632067,-0.5129231420457857,-0.07525671404357528
1.463,0.3734931968605589,-0.5221635845312323,0.4092163008100221,-0.5139153531846115,-0.07525671404357528
1.464,0.3729705727120911,-0.523084497483766,0.4087013942379098,-0.5149065721122984,-0.07525671404357528
1.465,0.37244702829581094,-0.5240041197773005,0.40818549781244595,-0.51589642546386,-0.07523799618369835
1.466,0.3719225649035126,-0.5249224491427588,0.4076686125234839,-0.5168852889620702,-0.07523799618369835
1.467,0.37139718382925685,-0.5258394833142553,0.4071507393598871,-0.5178731635967821,-0.07523799618369835
1.468,0.37087088636936966,-0.5267552200290986,0.40663187930953026,-0.5188600503568593,-0.07523799618369835
1.469,0.37034367382243744,-0.5276696570277997,0.4061120333593001,-0.5198459502301764,-0.07523799618369835
1.47,0.36981554748930495,-0.5285827920540761,0.4055912029745344,-0.5208303847656894,-0.07521402428716015
1.471,0.3692865086730711,-0.5294946228548584,0.4050693891396677,-0.521813834866667,-0.07521402428716015
1.472,0.36875655867908697,-0.5304051471802939,0.4045465928381502,-0.5227963015175435,-0.07521402428716015
1.473,0.36822569881495126,-0.5313143627837548,0.4040228150524484,-0.5237777857017691,-0.07521402428716015
1.474,0.367693930390508,-0.532222267421842,0.4034980567640466,-0.5247582884018106,-0.07521402428716015
1.475,0.3671612547178427,-0.5331288588543912,0.4029723195384286,-0.5257372256179724,-0.07518477522818193
1.476,0.36662767311128,-0.5340341348444777,0.4024456043545317,-0.5267151838969181,-0.07518477522818193
1.477,0.36609318688737924,-0.5349380931584231,0.4019179121903141,-0.5276921642175848,-0.07518477522818193
1.478,0.3655577973649321,-0.5358407315658004,0.40138924402275616,-0.5286681675579309,-0.07518477522818193
1.479,0.36502150586495885,-0.5367420478394392,0.4008596008278612,-0.5296431948949366,-0.07518477522818193
1.48,0.3644843137107057,-0.5376420397554306,0.4003289842716073,-0.5306165562538908,-0.07515022769245916
1.481,0.36394622222764084,-0.5385407050931343,0.3997973953273558,-0.5315889442514861,-0.07515022769245916
1.482,0.36340723274345144,-0.5394380416351829,0.3992648349674947,-0.5325603598610837,-0.07515022769245916
1.483,0.3628673465880404,-0.5403340471674881,0.39873130416343966,-0.5335308040550718,-0.07515022769245916
1.484,0.3623265650935234,-0.5412287194792444,0.3981968038856348,-0.5345002778048659,-0.07515022769245916
1.485,0.36178488959422467,-0.5421220563629379,0.3976613359008647,-0.5354679847700659,-0.07511036215024182
1.486,0.36124232142667495,-0.5430140556143477,0.3971249011768364,-0.5364347240283006,-0.07511036215024182
1.487,0.36069886192960715,-0.5439047150325547,0.39658750068028914,-0.5374004965472772,-0.07511036215024182
1.488,0.3601545124439535,-0.5447940324199454,0.39604913537699543,-0.5383653032937348,-0.07511036215024182
1.489,0.35960927431284223,-0.5456820055822178,0.39550980623176196,-0.5393291452334459,-0.07511036215024182
1.49,0.3590631488815944,-0.5465686323283857,0.39496951511245715,-0.5402911193047888,-0.07506516082881706
1.491,0.35851613749772016,-0.5474539104707862,0.3944282629810551,-0.5412521314020603,-0.07506516082881706
1.492,0.35796824151091566,-0.5483378378250833,0.39388605079856787,-0.5422121824872346,-0.07506516082881706
1.493,0.35741946227305965,-0.5492204122102745,0.39334287952504654,-0.5431712735213237,-0.07506516082881706
1.494,0.35686980113821065,-0.5501016314486947,0.39279875011958215,-0.5441294054643787,-0.07506516082881706
1.495,0.35631925946260273,-0.5509814933660234,0.39225366455136956,-0.5450855682126033,-0.07501460768445226
1.496,0.3557678386046427,-0.5518599957912885,0.3917076237765715,-0.5460407747980798,-0.07501460768445226
1.497,0.3552155399249066,-0.5527371365568732,0.39116062875039453,-0.5469950261769707,-0.07501460768445226
1.498,0.3546623647861369,-0.553612913498519,0.3906126804270901,-0.5479483233044827,-0.07501460768445226
1.499,0.354108314553238,-0.554487324455334,0.3900637797599552,-0.5489006671348673,-0.07501460768445226
1.5,0.3535533905932738,-0.5553603672697958,0.38951392881972,-0.5498509402352093,-0.07495868837384138
1.5010000000000001,0.35299759427546384,-0.5562320397877583,0.3889631285566576,-0.5508002630624509,-0.07495868837384138
1.502,0.3524409269711808,-0.5571023398584554,0.3884113799200907,-0.5517486365668652,-0.07495868837384138
1.5030000000000001,0.35188339005394526,-0.5579712653345095,0.38785868385839295,-0.5526960616977752,-0.07495868837384138
1.504,0.3513249848994246,-0.5588388140719323,0.3873050413189894,-0.5536425394035542,-0.07495868837384138
1.5050000000000001,0.35076571288542774,-0.5597049839301341,0.38675045447432077,-0.5545868446686526,-0.07489739022509731
1.506,0.3502055753919033,-0.5605697727719264,0.3861949242686923,-0.5555302056284859,-0.07489739022509731
1.5070000000000001,0.34964457380093406,-0.5614331784635294,0.38563845164546495,-0.5564726232273594,-0.07489739022509731
1.508,0.3490827094967363,-0.5622951988745747,0.3850810375470563,-0.557414098408634,-0.07489739022509731
1.5090000000000001,0.3485199838656542,-0.5631558318781128,0.38452268291494157,-0.5583546321147272,-0.07489739022509731
1.51,0.3479563982961572,-0.5640150753506175,0.3839633900234148,-0.5592928915267792,-0.07483070220833579
1.5110000000000001,0.3473919541788366,-0.564872927171991,0.38340315981073536,-0.5602302126794191,-0.07483070220833579
1.512,0.34682665290640247,-0.5657293852255689,0.38284199321422446,-0.5611665965109064,-0.07483070220833579
1.5130000000000001,0.34626049587367924,-0.5665844473981263,0.3822798911702659,-0.5621020439585622,-0.07483070220833579
1.514,0.34569348447760323,-0.5674381115798823,0.3817168546143071,-0.5630365559587703,-0.07483070220833579
1.5150000000000001,0.3451256201172185,-0.5682903756645055,0.38115288592260615,-0.5639686917009296,-0.07475861490589777
1.516,0.3445569041936742,-0.5691412375491185,0.3805879860272988,-0.5648998953073466,-0.07475861490589777
1.5170000000000001,0.3439873381102202,-0.5699906951343046,0.38002215585958865,-0.5658301677101573,-0.07475861490589777
1.518,0.34341692327220413,-0.5708387463241115,0.37945539634974806,-0.5667595098405651,-0.07475861490589777
1.5190000000000001,0.3428456610870678,-0.5716853890260576,0.3788877084271192,-0.5676879226288425,-0.07475861490589777
1.52,0.3422735529643444,-0.5725306211511352,0.37831909457000334,-0.5686138571158584,-0.0746811204822374
1.5210000000000001,0.34170060031565314,-0.5733744406138194,0.37774955570433494,-0.5695388656683873,-0.0746811204822374
1.522,0.34112680455469824,-0.5742168453320684,0.37717909275512257,-0.5704629492123636,-0.0746811204822374
1.5230000000000001,0.34055216709726327,-0.5750578332273331,0.37660770664644977,-0.571386108672796,-0.0746811204822374
1.524,0.33997668936120967,-0.5758974022245585,0.376035398301476,-0.572308344973768,-0.0746811204822374
1.5250000000000001,0.33940037276647084,-0.5767355502521928,0.3754621703005941,-0.573228000881865,-0.07459821265353771
1.526,0.3388232187350511,-0.5775722752421882,0.37488802356346,-0.5741467371340538,-0.07459821265353771
1.5270000000000001,0.3382452286910206,-0.5784075751300093,0.37431295900881,-0.5750645546499905,-0.07459821265353771
1.528,0.3376664040605123,-0.5792414478546365,0.3737369775544616,-0.5759814543484113,-0.07459821265353771
1.5290000000000001,0.3370867462717182,-0.5800738913585719,0.3731600801173145,-0.5768974371471336,-0.07459821265353771
1.53,0.33650625675488666,-0.5809049035878436,0.3725822693798714,-0.5778107374431278,-0.07450988665706869
1.5310000000000001,0.3359249369423176,-0.581734482492012,0.3720035462554325,-0.5787231244388261,-0.07450988665706869
1.532,0.33534278826836006,-0.5825626260241732,0.371423911656385,-0.5796345990475287,-0.07450988665706869
1.5330000000000001,0.3347598121694077,-0.5833893321409657,0.37084336649420335,-0.5805451621816226,-0.07450988665706869
1.534,0.33417601008389647,-0.584214598802574,0.3702619116794508,-0.5814548147525823,-0.07450988665706869
1.5350000000000001,0.33359138345229983,-0.5850384239727349,0.36967954999672853,-0.5823616827222367,-0.07441613922034765
1.536,0.33300593371712583,-0.5858608056187415,0.3690962823529046,-0.5832676438239214,-0.07441613922034765
1.537,0.33241966232291353,-0.5866817417114489,0.3685121096539401,-0.5841726989645044,-0.07441613922034765
1.538,0.33183257071622935,-0.587501230225279,0.36792703280489014,-0.5850768490499468,-0.07441613922034765
1.539,0.3312446603456634,-0.5883192691382254,0.36734105270990486,-0.5859800949853038,-0.07441613922034765
1.54,0.3306559326618259,-0.5891358564318583,0.36675417225564394,-0.586880454260921,-0.07431696853012423
1.541,0.3300663891173443,-0.5899509900913297,0.3661663923424667,-0.5877799131772625,-0.07431696853012423
1.542,0.32947603116685853,-0.5907646681053782,0.365577713869832,-0.5886784726346878,-0.07431696853012423
1.543,0.3288848602670181,-0.5915768884663344,0.36498813773629935,-0.5895761335326556,-0.07431696853012423
1.544,0.3282928778764782,-0.5923876491701254,0.3643976648395296,-0.5904728967697254,-0.07431696853012423
1.545,0.32770008545589696,-0.5931969482162794,0.3638062981681726,-0.5913666713569803,-0.07421237420123154
1.546,0.3271064844679306,-0.5940047836079317,0.363214038616003,-0.592259552169648,-0.07421237420123154
1.547,0.32651207637723045,-0.5948111533518287,0.3626208870759015,-0.593151540101503,-0.07421237420123154
1.548,0.32591686265043934,-0.5956160554583335,0.3620268444398561,-0.5940426360454261,-0.07421237420123154
1.549,0.3253208447561882,-0.5964194879414295,0.3614319115989627,-0.5949328408934053,-0.07421237420123154
1.55,0.3247240241650919,-0.5972214488187275,0.3608360916437653,-0.5958199551974186,-0.07410235724533833
1.551,0.3241264023497457,-0.5980219361114685,0.3602393854613782,-0.5967061823871279,-0.07410235724533833
1.552,0.3235279807847221,-0.59882094784453,0.35964179393802853,-0.5975915233496476,-0.07410235724533833
1.553,0.3229287609465672,-0.5996184820464292,0.3590433179590573,-0.5984759789712047,-0.07410235724533833
1.554,0.3223287443137957,-0.6004145367493308,0.3584439584089202,-0.5993595501371403,-0.07410235724533833
1.555,0.3217279323668895,-0.6012091099890482,0.3578437184799324,-0.6002399289877958,-0.07398692003963372
1.556,0.32112632658829227,-0.6020021998050511,0.3572425990524728,-0.6011194274596007,-0.07398692003963372
1.557,0.3205239284624064,-0.6027938042404692,0.35664060100603984,-0.6019980464329338,-0.07398692003963372
1.558,0.3199207394755892,-0.6035839213420976,0.35603772521925253,-0.6028757867872935,-0.07398692003963372
1.559,0.3193167611161499,-0.6043725491604003,0.3554339725698512,-0.6037526494012989,-0.07398692003963372
1.56,0.31871199487434493,-0.605159685749517,0.3548293463517734,-0.6046262180778071,-0.07386606629547797
1.561,0.31810644224237483,-0.6059453291672661,0.35422384743858776,-0.6054989131856389,-0.07386606629547797
1.562,0.3175001047143803,-0.606729477475151,0.3536174767029894,-0.6063707355983627,-0.07386606629547797
1.563,0.3168929837864393,-0.6075121287383632,0.3530102350168007,-0.6072416861886739,-0.07386606629547797
1.564,0.31628508095656227,-0.6082932810257888,0.3524021232509723,-0.6081117658283948,-0.07386606629547797
1.565,0.3156763977246889,-0.6090729324100121,0.3517931448008892,-0.6089784500831074,-0.073739801027052
1.566,0.3150669355926845,-0.609851080967321,0.3511833005332356,-0.6098442676535653,-0.073739801027052
1.567,0.31445669606433657,-0.6106277247777109,0.3505725913138291,-0.6107092194064527,-0.073739801027052
1.568,0.3138456806453503,-0.6114028619248907,0.3499610180076215,-0.6115733062075873,-0.073739801027052
1.569,0.31323389084334546,-0.6121764904962864,0.3493485814786996,-0.6124365289219208,-0.073739801027052
1.57,0.31262132816785254,-0.6129486085830467,0.34873528522369623,-0.6132962550033996,-0.07360813052003193
1.571,0.31200799413030944,-0.6137192142800463,0.3481211301023374,-0.6141551213587968,-0.07360813052003193
1.572,0.3113938902440563,-0.6144883056858932,0.3475061169734896,-0.6150131288478387,-0.07360813052003193
1.573,0.31077901802433383,-0.6152558809029299,0.3468902466951602,-0.6158702783293915,-0.07360813052003193
1.574,0.31016337898827795,-0.6160219380372417,0.34627352012449875,-0.6167265706614627,-0.07360813052003193
1.575,0.3095469746549171,-0.6167864751986577,0.34565594085916196,-0.6175792653368077,-0.07347106230032178
1.576,0.30892980654516716,-0.6175494905007597,0.3450375097518445,-0.6184311073174774,-0.07347106230032178
1.577,0.30831187618182954,-0.6183109820608823,0.34441822765438834,-0.6192820974561664,-0.07347106230032178
1.578,0.3076931850895858,-0.6190709480001212,0.3437980954177836,-0.6201322366047166,-0.07347106230032178
1.579,0.3070737347949948,-0.619829386443336,0.3431771138921695,-0.6209815256141183,-0.07347106230032178
1.58,0.3064535268264882,-0.6205862955191552,0.3425552867759789,-0.6218271161905617,-0.07332860510287366
1.581,0.30583256271436804,-0.6213416733599808,0.3419326149148025,-0.6226718611764287,-0.07332860510287366
1.582,0.3052108439908013,-0.6220955181019932,0.34130909915338514,-0.6235157614173097,-0.07332860510287366
1.583,0.30458837218981716,-0.6228478278851552,0.3406847403356272,-0.6243588177579499,-0.07332860510287366
1.584,0.30396514884730264,-0.6235986008532177,0.34005953930458493,-0.6252010310422494,-0.07332860510287366
1.585,0.3033411755009998,-0.6243478351537225,0.3394334998591969,-0.6260394453880195,-0.07318076884061216
1.586,0.3027164536905007,-0.6250955289380086,0.3388066228378775,-0.6268770213194437,-0.07318076884061216
1.587,0.3020909849572443,-0.625841680361216,0.3381789090782025,-0.6277137596749365,-0.07318076884061216
1.588,0.3014647708445123,-0.6265862875822903,0.3375503594169105,-0.6285496612920738,-0.07318076884061216
1.589,0.3008378128974263,-0.6273293487639867,0.3369209746899029,-0.629384727007594,-0.07318076884061216
1.59,0.300210112662942,-0.6280708620728765,0.33629075879633086,-0.6302158935720565,-0.07302756457350655
1.591,0.29958167168984795,-0.6288108256793487,0.3356597125673609,-0.6310462289699547,-0.07302756457350655
1.592,0.29895249152875936,-0.6295492377576168,0.33502783683332843,-0.6318757340324548,-0.07302756457350655
1.593,0.29832257373211624,-0.630286096485722,0.33439513242373853,-0.6327044095898925,-0.07302756457350655
1.594,0.2976919198541774,-0.6310214000455394,0.33376160016726675,-0.6335322564717727,-0.07302756457350655
1.595,0.2970605314510193,-0.6317551466227801,0.3331272440629619,-0.6343561043048569,-0.07286900447779712
1.596,0.29642841008052967,-0.6324873344069973,0.3324920649346718,-0.635179128290108,-0.07286900447779712
1.597,0.2957955573024053,-0.6332179615915906,0.3318560636054204,-0.6360013292513739,-0.07286900447779712
1.598,0.29516197467814725,-0.6339470263738102,0.33121924089740873,-0.6368227080116784,-0.07286900447779712
1.599,0.29452766377105805,-0.6346745269547608,0.3305815976320155,-0.6376432653932227,-0.07286900447779712
1.6,0.2938926261462366,-0.6354004615394074,0.32994313790785135,-0.6384597241641378,-0.07270510181541318
1.601,0.29325686337057516,-0.6361248283365784,0.32930386254137506,-0.6392753664762819,-0.07270510181541318
1.602,0.292620377012755,-0.6368476255589709,0.32866377234822897,-0.6400901931461139,-0.07270510181541318
1.603,0.29198316864324325,-0.6375688514231543,0.32802286814323967,-0.640904204989276,-0.07270510181541318
1.604,0.29134523983428806,-0.6382885041495758,0.32738115074041907,-0.641717402820595,-0.07270510181541318
1.605,0.29070659215991534,-0.6390065819625635,0.3267386243375832,-0.6425264028358464,-0.07253587090359802
1.606,0.2900672271959246,-0.6397230830903324,0.32609528974373214,-0.6433345938510825,-0.07253587090359802
1.607,0.2894271465198858,-0.6404380057649863,0.32545114776705686,-0.6441419766753034,-0.07253587090359802
1.608,0.2887863517111338,-0.6411513482225253,0.32480619921494014,-0.6449485521167,-0.07253587090359802
1.609,0.2881448443507665,-0.6418631087028475,0.3241604448939575,-0.6457543209826553,-0.07253587090359802
1.61,0.2875026260216392,-0.6425732854497549,0.3235138891007541,-0.646555793203368,-0.07236132708476656
1.611,0.28685969830836233,-0.6432818767109562,0.32286653263680226,-0.64735646395186,-0.07236132708476656
1.612,0.2862160627972954,-0.643988880738074,0.32221837630277267,-0.6481563340296035,-0.07236132708476656
1.613,0.2855717210765456,-0.6446942957866454,0.3215694208985354,-0.6489554042372692,-0.07236132708476656
1.614,0.28492667473596195,-0.6453981201161292,0.3209196672231607,-0.6497536753747273,-0.07236132708476656
1.615,0.28428092536713206,-0.6461003519899087,0.3202691196717274,-0.6505475514332848,-0.07218148669661165
1.616,0.2836344745633782,-0.6468009896752966,0.3196177790381116,-0.6513406336157838,-0.07218148669661165
1.617,0.2829873239197538,-0.6475000314435392,0.3189656461153955,-0.6521329227161002,-0.07218148669661165
1.618,0.2823394750330386,-0.6481974755698201,0.3183127216958682,-0.6529244195273164,-0.07218148669661165
1.619,0.28169092950173524,-0.6488933203332655,0.31765900657102647,-0.6537151248417213,-0.07218148669661165
1.62,0.28104168892606524,-0.6495875640169477,0.3170045052339687,-0.6545013370577294,-0.07199636704249038
1.621,0.28039175490796553,-0.6502802049078892,0.3163492184709072,-0.6552867630615214,-0.07199636704249038
1.622,0.2797411290510835,-0.6509712412970674,0.31569314706726787,-0.6560714036393097,-0.07199636704249038
1.623,0.2790898129607738,-0.6516606714794189,0.3150362918076913,-0.6568552595765202,-0.07199636704249038
1.624,0.2784378082440939,-0.6523484937538434,0.31437865347603355,-0.6576383316577935,-0.07199636704249038
1.625,0.2777851165098011,-0.6530347064232075,0.31372023666298016,-0.6584168130533775,-0.07180598636208912
1.6260000000000001,0.277131739368347,-0.6537193077943496,0.3130610421470126,-0.659194515967566,-0.07180598636208912
1.627,0.27647767843187493,-0.6544022961780842,0.3124010707058337,-0.6599714411788402,-0.07180598636208912
1.6280000000000001,0.275822935314215,-0.6550836698892053,0.31174032311636884,-0.6607475894649032,-0.07180598636208912
1.629,0.27516751163088127,-0.6557634272464905,0.3110788001547662,-0.6615229616026801,-0.07180598636208912
1.6300000000000001,0.27451140899906584,-0.6564415665727068,0.31041650650884905,-0.6622936459171256,-0.0716103638024087
1.631,0.27385462903763724,-0.6571180861946125,0.3097534429493018,-0.6630635595472566,-0.0716103638024087
1.6320000000000001,0.2731971733671346,-0.6577929844429625,0.30908961024603804,-0.6638327032637575,-0.0716103638024087
1.633,0.2725390436097644,-0.6584662596525128,0.3084250091682015,-0.664601077836542,-0.0716103638024087
1.6340000000000001,0.2718802413893962,-0.6591379101620238,0.3077596404841667,-0.6653686840347536,-0.0716103638024087
1.635,0.2712207683315594,-0.6598079343142642,0.3070935089784282,-0.6661315057385002,-0.07140951938906782
1.6360000000000001,0.27056062606343795,-0.6604763304560163,0.30642661541380767,-0.6668935646205431,-0.07140951938906782
1.637,0.2698998162138673,-0.6611430969380789,0.30575896055236396,-0.6676548614437039,-0.07140951938906782
1.6380000000000001,0.26923834041333,-0.6618082321152724,0.3050905451553939,-0.6684153969700416,-0.07140951938906782
1.639,0.26857620029395207,-0.6624717343464414,0.30442136998343305,-0.669175171960853,-0.07140951938906782
1.6400000000000001,0.26791339748949833,-0.6631336019944601,0.3037514399171642,-0.6699300662688511,-0.0712034739979516
1.641,0.2672499336353687,-0.6637938334262362,0.30308075571148163,-0.6706842056825413,-0.0712034739979516
1.6420000000000001,0.2665858103685942,-0.6644524270127143,0.3024093181205248,-0.6714375909568178,-0.0712034739979516
1.643,0.26592102932783335,-0.6651093811288799,0.301737127897679,-0.67219022284582,-0.0712034739979516
1.6440000000000001,0.265255592153367,-0.6657646941537639,0.30106418579557603,-0.6729421021029331,-0.0712034739979516
1.645,0.26458950048709534,-0.6664183644704469,0.30039049679058866,-0.6736890049873745,-0.07099224932721551
1.6460000000000001,0.26392275597253306,-0.6670703904660625,0.2997160616296197,-0.6744351609689314,-0.07099224932721551
1.647,0.2632553602548066,-0.6677207705318008,0.2990408810588252,-0.6751805707945068,-0.07099224932721551
1.6480000000000001,0.2625873149806478,-0.6683695030629143,0.29836495582361494,-0.6759252352102566,-0.07099224932721551
1.649,0.2619186217983925,-0.6690165864587194,0.2976882866686533,-0.6766691549615906,-0.07099224932721551
1.6500000000000001,0.26124928235797445,-0.6696620191226025,0.2970108786654893,-0.6774080031640223,-0.0707758678696613
1.651,0.26057929831092225,-0.6703057994620224,0.29633273255297105,-0.6781461125182515,-0.0707758678696613
1.6520000000000001,0.25990867131035467,-0.6709479258885156,0.29565384906920794,-0.6788834837631265,-0.0707758678696613
1.653,0.2592374030109776,-0.6715883968176983,0.29497422895157116,-0.6796201176367566,-0.0707758678696613
1.6540000000000001,0.2585654950690786,-0.6722272106692726,0.2942938729366946,-0.680356014876513,-0.0707758678696613
1.655,0.2578929491425238,-0.6728643658670287,0.2936127861907753,-0.6810867459193464,-0.07055435288549634
1.6560000000000001,0.25721976689075315,-0.6734998608388496,0.29293096944454416,-0.681816746231137,-0.07055435288549634
1.657,0.25654594997477737,-0.6741336940167144,0.29224842342800156,-0.6825460165426157,-0.07055435288549634
1.6580000000000001,0.25587150005717246,-0.6747658638367029,0.2915651488704178,-0.683274557583783,-0.07055435288549634
1.659,0.2551964188020766,-0.6753963687389988,0.29088114650033386,-0.6840023700839091,-0.07055435288549634
1.6600000000000001,0.25452070787518555,-0.6760252071678943,0.29019642157805253,-0.684724922281335,-0.0703277283754922
1.661,0.2538443689437491,-0.6766523775717925,0.289510974826126,-0.6854467519265635,-0.0703277283754922
1.6620000000000001,0.25316740367656626,-0.6772778784032131,0.28882480696638385,-0.6861678597421468,-0.0703277283754922
1.663,0.25248981374398144,-0.677901708118795,0.28813791871993394,-0.6868882464499145,-0.0703277283754922
1.6640000000000001,0.2518116008178803,-0.6785238651793005,0.287450310807163,-0.6876079127709744,-0.0703277283754922
1.665,0.25113276657168637,-0.6791443480496183,0.2867619885819237,-0.6883222252392944,-0.0700960190545464
1.666,0.2504533126803551,-0.6797631551987693,0.28607295275852856,-0.689035823395146,-0.0700960190545464
1.667,0.24977324082037142,-0.6803802850999083,0.2853832040505757,-0.6897487079528418,-0.0700960190545464
1.668,0.24909255266974545,-0.6809957362303282,0.2846927431709497,-0.6904608796259799,-0.0700960190545464
1.669,0.24841124990800734,-0.6816095070714647,0.28400157083182226,-0.6911723391274448,-0.0700960190545464
1.67,0.24772933421620388,-0.6822215961088993,0.2833096924800274,-0.6918783517948308,-0.06985925032567311
1.671,0.24704680727689413,-0.6828320018323635,0.28261710882157787,-0.6925836584495495,-0.06985925032567311
1.672,0.24636367077414578,-0.6834407227357412,0.2819238205617803,-0.6932882597976134,-0.06985925032567311
1.673,0.24567992639353012,-0.6840477573170743,0.28122982840523597,-0.6939921565443293,-0.06985925032567311
1.674,0.2449955758221184,-0.6846531040785655,0.28053513305584166,-0.6946953493942984,-0.06985925032567311
1.675,0.24431062074847743,-0.685256761526582,0.2798397400528317,-0.6953930030099924,-0.06961744825441353
1.676,0.24362506286266633,-0.6858587281716583,0.2791436500938596,-0.6960899589720707,-0.06961744825441353
1.677,0.24293890385623032,-0.6864590025285024,0.2784468638758814,-0.696786217978187,-0.06961744825441353
1.678,0.24225214542219906,-0.6870575831159965,0.2777493820951561,-0.6974817807252971,-0.06961744825441353
1.679,0.24156478925508035,-0.6876544684572029,0.27705120544724643,-0.69817664790966,-0.06961744825441353
1.68,0.2408768370508578,-0.6882496570793657,0.2763523395631938,-0.6988658840526242,-0.06937063954368895
1.681,0.2401882905069843,-0.6888431475139168,0.2756527851322344,-0.6995544309594454,-0.06937063954368895
1.682,0.23949915132238056,-0.6894349382964772,0.27495254284291504,-0.7002422893193597,-0.06937063954368895
1.683,0.23880942119742887,-0.690025027966862,0.2742516133830941,-0.7009294598209141,-0.06937063954368895
1.684,0.2381191018339697,-0.6906134150690837,0.2735499974399421,-0.701615943151967,-0.06937063954368895
1.685,0.2374281949352973,-0.6912000981513557,0.27284770073570314,-0.7022967042389971,-0.06911885150910631
1.686,0.2367367022061561,-0.6917850757660956,0.2721447239511382,-0.7029767845649403,-0.06911885150910631
1.687,0.23604462535273552,-0.6923683464699293,0.27144106776632765,-0.7036561848105575,-0.06911885150910631
1.688,0.2353519660826664,-0.6929499088236943,0.27073673286067174,-0.704334905655929,-0.06911885150910631
1.689,0.23465872610501642,-0.6935297613924437,0.27003171991289127,-0.7050129477804552,-0.06911885150910631
1.69,0.2339649071302867,-0.6941079027454485,0.2693260347358175,-0.7056851770737689,-0.06886211205470713
1.691,0.2332705108704064,-0.6946843314562023,0.26861967800167974,-0.7063567341377892,-0.06886211205470713
1.692,0.23257553903872927,-0.6952590461024251,0.267912650382035,-0.7070276196447456,-0.06886211205470713
1.693,0.231879993350029,-0.6958320452660651,0.26720495254776877,-0.707697834266195,-0.06886211205470713
1.694,0.23118387552049588,-0.6964033275333041,0.26649658516909575,-0.708367378673023,-0.06886211205470713
1.695,0.2304871872677312,-0.6969728914945597,0.2657875541488084,-0.7090310202873338,-0.06860044964919007
1.696,0.229789930310744,-0.6975407357444897,0.26507786015054835,-0.7096939982600302,-0.06860044964919007
1.697,0.2290921063699463,-0.6981068588819948,0.26436750383729357,-0.710356313254754,-0.06860044964919007
1.698,0.2283937171671499,-0.698671259510222,0.2636564858713591,-0.7110179659344831,-0.06860044964919007
1.699,0.22769476442555994,-0.6992339362365696,0.26294480691439753,-0.7116789569615324,-0.06860044964919007
1.7,0.22699524986977343,-0.6997948876726882,0.2622324729585269,-0.7123339558706228,-0.06833389330259494
1.701,0.2262951752257728,-0.700354112434486,0.26151948465874614,-0.712988299780804,-0.06833389330259494
1.702,0.22559454222092265,-0.7009116091421315,0.26080584266939905,-0.7136419893470751,-0.06833389330259494
1.703,0.22489335258396506,-0.7014673764200572,0.26009154764417525,-0.71429502522378,-0.06833389330259494
1.704,0.22419160804501614,-0.7020214128969622,0.25937660023611064,-0.7149474080646081,-0.06833389330259494
1.705,0.22348931033556063,-0.7025737172058167,0.2586610065260032,-0.7155937101074128,-0.06806247254346262
1.706,0.22278646118844825,-0.7031242879838648,0.257944767160155,-0.7162393658481746,-0.06806247254346262
1.707,0.22208306233788927,-0.7036731238726281,0.2572278827842218,-0.7168843759331956,-0.06806247254346262
1.708,0.22137911551945078,-0.7042202235179081,0.2565103540432137,-0.7175287410081317,-0.06806247254346262
1.709,0.22067462247005137,-0.7047655855697911,0.2557921815814957,-0.7181724617179928,-0.06806247254346262
1.71,0.21996958492795765,-0.7053092086826502,0.2550733715678915,-0.7188100136042043,-0.06778621739647332
1.711,0.21926400463277945,-0.7058510915151499,0.254353924639953,-0.7194469279385295,-0.06778621739647332
1.712,0.21855788332546644,-0.7063912327302477,0.25363384143459444,-0.7200832053585204,-0.06778621739647332
1.713,0.2178512227483025,-0.706929630995199,0.25291312258809334,-0.7207188465010914,-0.06778621739647332
1.714,0.21714402464490237,-0.7074662849815597,0.25219176873609084,-0.7213538520025198,-0.06778621739647332
1.715,0.21643629076020687,-0.7080011933651895,0.2514697861347731,-0.7219826013177286,-0.06750515836056885
1.716,0.21572802284047965,-0.7085343548262547,0.2507471754128895,-0.7226107218836223,-0.06750515836056885
1.717,0.21501922263330053,-0.7090657680492328,0.25002393719856053,-0.7232382143289501,-0.06750515836056885
1.718,0.21430989188756422,-0.7095954317229144,0.2493000721192787,-0.7238650792818325,-0.06750515836056885
1.719,0.21360003235347358,-0.710123344540407,0.24857558080190895,-0.724491317369762,-0.06750515836056885
1.72,0.21288964578253644,-0.7106495051991382,0.2478504695893288,-0.7251112125801434,-0.06721932638755786
1.721,0.2121787339275609,-0.711173912400859,0.24712473910143348,-0.7257304878953145,-0.06721932638755786
1.722,0.21146729854265164,-0.7116965648516467,0.24639838995749833,-0.7263491439351704,-0.06721932638755786
1.723,0.2107553413832046,-0.7122174612619081,0.24567142277617934,-0.7269671813189863,-0.06721932638755786
1.724,0.21004286420590323,-0.7127366003463834,0.24494383817551393,-0.7275846006654185,-0.06721932638755786
1.725,0.20932986876871398,-0.7132539808241485,0.24421564258439196,-0.7281955911219775,-0.06692875286121888
1.726,0.20861635683088264,-0.7137696014186183,0.24348683661380388,-0.7288059705880799,-0.06692875286121888
1.727,0.20790233015292875,-0.7142834608575502,0.24275742087412916,-0.7294157396747163,-0.06692875286121888
1.728,0.20718779049664215,-0.7147955578730475,0.2420273959751369,-0.730024898992266,-0.06692875286121888
1.729,0.20647273962507823,-0.7153058912015615,0.2412967625259864,-0.7306334491504981,-0.06692875286121888
1.73,0.20575717930255435,-0.7158144595838952,0.2405655270408935,-0.7312354850928853,-0.06663346957688321
1.731,0.20504111129464425,-0.7163212617652069,0.23983369012189418,-0.73183691899933,-0.06663346957688321
1.732,0.20432453736817457,-0.7168262964950127,0.23910125237042232,-0.7324377514718683,-0.06663346957688321
1.733,0.20360745929122004,-0.7173295625271896,0.23836821438731037,-0.7330379831119341,-0.06663346957688321
1.734,0.20288987883310014,-0.7178310586199783,0.23763457677279,-0.7336376145203599,-0.06663346957688321
1.735,0.2021717977643725,-0.7183307835359877,0.23690034612570973,-0.73423064708027,-0.06633350872152335
1.736,0.20145321785683137,-0.7188287360421955,0.2361655230391021,-0.7348230866076202,-0.06633350872152335
1.737,0.20073414088350106,-0.719324914909954,0.23543010810540665,-0.7354149336954431,-0.06633350872152335
1.738,0.2000145686186325,-0.7198193189149908,0.23469410191647047,-0.7360061889361781,-0.06633350872152335
1.739,0.19929450283769853,-0.7203119468374135,0.2339575050635488,-0.7365968529216724,-0.06633350872152335
1.74,0.1985739453173903,-0.7208027974617114,0.23322032422942296,-0.7371808341258373,-0.06602890285432864
1.741,0.19785289783561166,-0.7212918695767594,0.23248255999807416,-0.7377642313487981,-0.06602890285432864
1.742,0.1971313621714756,-0.7217791619758207,0.23174421295289963,-0.7383470451745359,-0.06602890285432864
1.743,0.19640934010529942,-0.7222646734565499,0.2310052836767132,-0.7389292761864479,-0.06602890285432864
1.744,0.19568683341860119,-0.7227484028209955,0.23026577275174584,-0.739510924967348,-0.06602890285432864
1.745,0.19496384389409416,-0.7232303488756034,0.2295256869440057,-0.7400858077401363,-0.06571968488777999
1.746,0.1942403733156831,-0.7237105104312197,0.22878502682837557,-0.7406601156301518,-0.06571968488777999
1.747,0.19351642346845957,-0.7241888863030935,0.2280437929791633,-0.7412338492122772,-0.06571968488777999
1.748,0.19279199613869824,-0.7246654753108798,0.22730198597010248,-0.7418070090608205,-0.06571968488777999
1.749,0.1920670931138513,-0.7251402762786425,0.22655960637435296,-0.7423795957495153,-0.06571968488777999
1.75,0.19134171618254495,-0.7256132880348577,0.22581666104043782,-0.7429453339151502,-0.06540588806921875
1.7510000000000001,0.1906158671345744,-0.7260845094124158,0.2250731505340952,-0.7435105063426194,-0.06540588806921875
1.752,0.1898895477609007,-0.7265539392486247,0.22432907542049754,-0.7440751135976611,-0.06540588806921875
1.7530000000000001,0.18916275985364384,-0.7270215763852133,0.2235844362642521,-0.7446391562454479,-0.06540588806921875
1.754,0.18843550520608135,-0.727487419668333,0.2228392336294015,-0.7452026348505868,-0.06540588806921875
1.7550000000000001,0.1877077856126414,-0.7279514679485624,0.2220934744462665,-0.7457591831349945,-0.06508754596291287
1.756,0.18697960286890034,-0.7284137200809078,0.2213471592713954,-0.7463151748711178,-0.06508754596291287
1.7570000000000001,0.18625095877157588,-0.7288741749248085,0.22060028866077988,-0.7468706106155049,-0.06508754596291287
1.758,0.1855218551185255,-0.7293328313441378,0.21985286316985572,-0.7474254909241476,-0.06508754596291287
1.7590000000000001,0.1847922937087398,-0.7297896882072067,0.21910488335350323,-0.7479798163524817,-0.06508754596291287
1.76,0.18406227634233907,-0.7302447443867661,0.21835635622311844,-0.7485271303847815,-0.06476469243261365
1.7610000000000001,0.18333180482056832,-0.7306979987600104,0.2176072823260154,-0.749073897103049,-0.06476469243261365
1.762,0.18260088094579388,-0.7311494502085791,0.2168576622089608,-0.7496201170545982,-0.06476469243261365
1.7630000000000001,0.1818695065214975,-0.7315990976185608,0.21610749641817462,-0.7501657907861958,-0.06476469243261365
1.764,0.1811376833522729,-0.7320469398804954,0.21535678549933054,-0.7507109188440619,-0.06476469243261365
1.7650000000000001,0.1804054132438208,-0.7324929758893765,0.21460553654417283,-0.7512489551577102,-0.06443736162461382
1.766,0.1796726980029453,-0.7329372045446544,0.2138537500907378,-0.7517864534350447,-0.06443736162461382
1.7670000000000001,0.1789395394375482,-0.7333796247502392,0.21310142667652368,-0.7523234142141019,-0.06443736162461382
1.768,0.1782059393566254,-0.7338202354145033,0.2123485668384913,-0.75285983803238,-0.06443736162461382
1.7690000000000001,0.17747189957026197,-0.7342590354502833,0.21159517111306445,-0.7533957254268399,-0.06443736162461382
1.77,0.1767374218896287,-0.7346960237748837,0.210841246671604,-0.7539244414604387,-0.06410558795128464
1.7710000000000001,0.17600250812697546,-0.7351311993100796,0.21008679404282601,-0.7544526287780039,-0.06410558795128464
1.772,0.1752671600956295,-0.7355645609821184,0.20933181375491777,-0.7549802879082516,-0.06410558795128464
1.7730000000000001,0.17453137960998863,-0.7359961077217234,0.2085763063355384,-0.755507419379369,-0.06410558795128464
1.774,0.17379516848551863,-0.7364258384640956,0.20782027231181938,-0.7560340237190154,-0.06410558795128464
1.7750000000000001,0.17305852853874643,-0.7368537521489175,0.20706371893400258,-0.7565533778167988,-0.06376940607511652
1.776,0.17232146158725853,-0.7372798477203544,0.20630664672144208,-0.7570722125604843,-0.06376940607511652
1.7770000000000001,0.17158396944969412,-0.7377041241270578,0.20554905619297265,-0.7575905284694261,-0.06376940607511652
1.778,0.17084605394574173,-0.7381265803221679,0.20479094786691018,-0.758108326062459,-0.06376940607511652
1.7790000000000001,0.17010771689613435,-0.7385472152633162,0.20403232226105228,-0.758625605857899,-0.06376940607511652
1.78,0.16936896012264566,-0.7389660279126276,0.20327318670378236,-0.7591355572699057,-0.06342885089323183
1.7810000000000001,0.16862978544808432,-0.7393830172367235,0.20251354170505187,-0.7596449987305004,-0.06342885089323183
1.782,0.16789019469629038,-0.7397981822067242,0.20175338777430224,-0.7601539307496346,-0.06342885089323183
1.7830000000000001,0.1671501896921303,-0.7402115217982517,0.20099272542046548,-0.7606623538367495,-0.06342885089323183
1.784,0.16640977226149326,-0.7406230349914313,0.2002315551519647,-0.7611702685007774,-0.06342885089323183
1.7850000000000001,0.16566894423128548,-0.7410327207708952,0.19946988437458196,-0.7616707773827245,-0.06308395752239379
1.786,0.16492770742942647,-0.7414405781257845,0.19870771358882616,-0.7621707857557897,-0.06308395752239379
1.7870000000000001,0.16418606368484415,-0.7418466060497518,0.1979450432947057,-0.7626702941204817,-0.06308395752239379
1.788,0.16344401482747137,-0.7422508035409632,0.19718187399172887,-0.7631693029768091,-0.06308395752239379
1.7890000000000001,0.16270156268823907,-0.7426531696021021,0.1964182061789046,-0.7636678128242801,-0.06308395752239379
1.79,0.16195870909907473,-0.7430537032403699,0.19565404733866745,-0.7641588402371455,-0.06273476128448668
1.7910000000000001,0.1612154558928953,-0.7434524034674899,0.19488939796204485,-0.7646493766225981,-0.06273476128448668
1.792,0.16047180490360485,-0.7438492692997084,0.19412425853957319,-0.7651394224716652,-0.06273476128448668
1.793,0.15972775796608762,-0.7442442997577989,0.1933586295612983,-0.7656289782748833,-0.06273476128448668
1.794,0.15898331691620546,-0.7446374938670631,0.192592511516776,-0.7661180445222981,-0.06273476128448668
1.795,0.1582384835907931,-0.7450288506573333,0.19182591196434437,-0.7665995524316254,-0.062381297692476356
1.796,0.15749325982765247,-0.7454183691629755,0.19105883138551133,-0.7670805788330433,-0.062381297692476356
1.797,0.15674764746554917,-0.7458060484228919,0.19029127026130327,-0.7675611242080598,-0.062381297692476356
1.798,0.15600164834420738,-0.7461918874805221,0.18952322907226557,-0.7680411890377012,-0.062381297692476356
1.799,0.15525526430430617,-0.7465758853838467,0.18875470829846305,-0.768520773802513,-0.062381297692476356
1.8,0.15450849718747375,-0.7469580411853889,0.18798571557338561,-0.7689927250774473,-0.06202360243684135
1.801,0.15376134883628378,-0.7473383539422175,0.1872162513689845,-0.7694642044011067,-0.06202360243684135
1.802,0.1530138210942503,-0.7477168227159485,0.18644631615673907,-0.7699352122454425,-0.06202360243684135
1.803,0.15226591580582433,-0.7480934465727476,0.18567591040765713,-0.7704057490819338,-0.06202360243684135
1.804,0.15151763481638703,-0.7484682245833333,0.18490503459227553,-0.7708758153815887,-0.06202360243684135
1.805,0.15076897997224792,-0.7488411558229777,0.18413369641848187,-0.7713381737936565,-0.061661711372471936
1.806,0.15001995312063823,-0.7492122393715103,0.18336189634863456,-0.7718000698473123,-0.061661711372471936
1.807,0.14927055610970727,-0.7495814743133191,0.18258963484462964,-0.7722615040049144,-0.061661711372471936
1.808,0.14852079078851746,-0.7499488597373539,0.1818169123679013,-0.7727224767283589,-0.061661711372471936
1.809,0.1477706590070406,-0.7503143947371275,0.1810437293794222,-0.77318298847908,-0.061661711372471936
1.81,0.14702016261615208,-0.7506780784107185,0.18027009366072147,-0.7736357187007216,-0.061295660506031815
1.811,0.14626930346762715,-0.7510399098607738,0.17949600566452933,-0.7740879961921415,-0.061295660506031815
1.812,0.14551808341413588,-0.7513998881945103,0.17872146584312326,-0.77453982140607,-0.061295660506031815
1.813,0.14476650430923957,-0.751758012523717,0.17794647464832847,-0.7749911947947846,-0.061295660506031815
1.814,0.14401456800738466,-0.7521142819647579,0.17717103253151836,-0.7754421168101104,-0.061295660506031815
1.815,0.14326227636389927,-0.7524686956385735,0.17639514734710537,-0.7758851844129758,-0.06092548598377713
1.816,0.14250963123498803,-0.7528212526706834,0.17561881953815714,-0.7763278089482384,-0.06092548598377713
1.817,0.14175663447772838,-0.753171952191188,0.17484204954729818,-0.7767699908589657,-0.06092548598377713
1.818,0.14100328795006475,-0.7535207933347712,0.1740648378167104,-0.7772117305877823,-0.06092548598377713
1.819,0.14024959351080485,-0.7538677752407023,0.1732871847881335,-0.77765302857687,-0.06092548598377713
1.82,0.13949555301961455,-0.7542128970528376,0.17250909838810363,-0.7780864000298897,-0.06055122407982818
1.821,0.13874116833701444,-0.7545561579196235,0.17173057904999217,-0.7785193381114563,-0.06055122407982818
1.822,0.13798644132437288,-0.754897556994098,0.17095162720673723,-0.7789518432549415,-0.06055122407982818
1.823,0.1372313738439044,-0.7552370934338928,0.17017224329084396,-0.7793839158932832,-0.06055122407982818
1.824,0.13647596775866253,-0.7555747664012354,0.16939242773438498,-0.7798155564589865,-0.06055122407982818
1.825,0.1357202249325373,-0.7559105750629513,0.16861218853525875,-0.7802391991262252,-0.060172911184884825
1.826,0.13496414723024816,-0.7562445185904663,0.16783152611710794,-0.7806624181507966,-0.060172911184884825
1.827,0.13420773651734236,-0.7565765961598075,0.1670504409031516,-0.7810852139563436,-0.060172911184884825
1.828,0.13345099466018787,-0.756906806951607,0.16626893331618553,-0.7815075869660849,-0.060172911184884825
1.829,0.13269392352597004,-0.757235150151102,0.16548700377858272,-0.7819295376028165,-0.060172911184884825
1.83,0.1319365249826864,-0.7575616249481386,0.1647046603588416,-0.7823434197411214,-0.05979058379538928
1.831,0.13117880089914302,-0.7578862305371726,0.16392190347084432,-0.782756887997288,-0.05979058379538928
1.832,0.13042075314494853,-0.7582089661172721,0.1631387335280591,-0.7831699427851986,-0.05979058379538928
1.833,0.12966238359051038,-0.7585298308921189,0.16235515094354078,-0.7835825845183212,-0.05979058379538928
1.834,0.12890369410702987,-0.7588488240700113,0.16157115612993106,-0.7839948136097107,-0.05979058379538928
1.835,0.1281446865664983,-0.7591659448638651,0.1607867572255649,-0.7843989043661632,-0.05940427850311185
1.836,0.12738536284169114,-0.7594811924912165,0.16000195463453304,-0.7848025910318593,-0.05940427850311185
1.837,0.12662572480616413,-0.7597945661742233,0.15921674876052214,-0.7852058740108897,-0.05940427850311185
1.838,0.12586577433424845,-0.7601060651396669,0.15843114000681519,-0.785608753706941,-0.05940427850311185
1.839,0.125105513301047,-0.7604156886189547,0.1576451287762919,-0.7860112305232964,-0.05940427850311185
1.84,0.12434494358242741,-0.7607234358481215,0.1568587232763594,-0.7864054999324765,-0.059014031985176504
1.841,0.12358406705502051,-0.7610293060678317,0.15607192390128716,-0.7867993750722476,-0.059014031985176504
1.842,0.12282288559621306,-0.7613332985233809,0.15528473104495027,-0.7871928563368789,-0.059014031985176504
1.843,0.1220614010841453,-0.7616354124646979,0.15449714510083004,-0.7875859441202455,-0.059014031985176504
1.844,0.1212996153977037,-0.7619356471463465,0.1537091664620142,-0.7879786388158289,-0.059014031985176504
1.845,0.12053753041651936,-0.7622340018275277,0.15292080340421732,-0.788363057796903,-0.058619880994499336
1.846,0.119775148020961,-0.7625304757720807,0.15213205631185833,-0.7887470923589961,-0.058619880994499336
1.847,0.1190124700921314,-0.7628250682484856,0.1513429255689718,-0.7891307428865271,-0.058619880994499336
1.848,0.1182494985118623,-0.763117778529865,0.15055341155920826,-0.7895140097635305,-0.058619880994499336
1.849,0.11748623516271069,-0.763408605893985,0.1497635146658346,-0.789896893373657,-0.058619880994499336
1.85,0.11672268192795276,-0.7636975496232582,0.1489732432321073,-0.7902714337272962,-0.05822186235064403
1.851,0.11595884069158024,-0.7639846090047446,0.14818259763256672,-0.7906455995405818,-0.05822186235064403
1.852,0.11519471333829523,-0.7642697833301539,0.14739157824137866,-0.7910193911880541,-0.05822186235064403
1.853,0.11443030175350644,-0.7645530718958465,0.14660018543233477,-0.7913928090438789,-0.05822186235064403
1.854,0.11366560782332324,-0.7648344740028362,0.14580841957885293,-0.7917658534818479,-0.05822186235064403
1.855,0.11290063343455192,-0.7651139889567914,0.14501628909096595,-0.7921304878869878,-0.05782001293108506
1.856,0.1121353804746905,-0.7653916160680365,0.14422379433330823,-0.7924947576577225,-0.05782001293108506
1.857,0.11136985083192524,-0.7656673546515541,0.14343093567014956,-0.7928586631586865,-0.05782001293108506
1.858,0.11060404639512357,-0.7659412040269871,0.14263771346539542,-0.7932222047541495,-0.05782001293108506
1.859,0.10983796905383246,-0.766213163518639,0.1418441280825874,-0.793585382808017,-0.05782001293108506
1.86,0.10907162069827116,-0.766483232455477,0.14105018799776892,-0.7939400848184665,-0.05741436966287046
1.861,0.1083050032193287,-0.7667514101711326,0.140255893565642,-0.7942944321269054,-0.05741436966287046
1.862,0.10753811850855667,-0.7670176960039043,0.13946124514055397,-0.7946484250880359,-0.05741436966287046
1.863,0.10677096845816747,-0.767282089296758,0.13866624307649777,-0.7950020640562053,-0.05741436966287046
1.864,0.1060035549610274,-0.7675445893973297,0.13787088772711237,-0.7953553493854065,-0.05741436966287046
1.865,0.10523587991065295,-0.7678051956579263,0.13707518763368606,-0.7957000934263146,-0.057004969514674764
1.866,0.10446794520120581,-0.768063907435528,0.13627914314096287,-0.7960444927231818,-0.057004969514674764
1.867,0.10369975272748894,-0.768320724091789,0.1354827545933421,-0.7963885476207521,-0.057004969514674764
1.868,0.1029313043849407,-0.7685756449930398,0.1346860223348787,-0.7967322584634248,-0.057004969514674764
1.869,0.10216260206963101,-0.7688286695102885,0.13388894670928345,-0.7970756255952548,-0.057004969514674764
1.87,0.10139364767825616,-0.7690797970192222,0.133091536322324,-0.7974103869594444,-0.0565918494892448
1.871,0.10062444310813515,-0.7693290269002087,0.13229379150876175,-0.7977448135622699,-0.0565918494892448
1.872,0.09985499025720353,-0.769576358538298,0.13149571260302326,-0.7980789057384925,-0.0565918494892448
1.873,0.09908529102400974,-0.7698217913232239,0.1306972999392007,-0.798412663822539,-0.0565918494892448
1.874,0.09831534730770992,-0.7700653246494056,0.1298985538510522,-0.7987460881485013,-0.0565918494892448
1.875,0.0975451610080643,-0.7703069579159485,0.1290994830080595,-0.799070842992677,-0.05617504661620994
1.8760000000000001,0.09677473402543013,-0.7705466905266468,0.1283000877349775,-0.7993952730820085,-0.05617504661620994
1.877,0.09600406826076005,-0.770784521889984,0.12750036835623627,-0.7997193787412508,-0.05617504661620994
1.8780000000000001,0.09523316561559482,-0.7710204514191349,0.12670032519594143,-0.8000431602948337,-0.05617504661620994
1.879,0.0944620279920607,-0.7712544785319666,0.12589995857787456,-0.800366618066863,-0.05617504661620994
1.8800000000000001,0.09369065729286229,-0.771486602651041,0.12509927723446687,-0.8006813434077017,-0.05575459794527792
1.881,0.09291905542128072,-0.7717168232036142,0.12429828148044367,-0.8009957540231996,-0.05575459794527792
1.8820000000000001,0.09214722428116671,-0.7719451396216405,0.12349697163021559,-0.8013098502280819,-0.05575459794527792
1.883,0.09137516577693688,-0.7721715513417715,0.12269534799787883,-0.8016236323367594,-0.05575459794527792
1.8840000000000001,0.09060288181356863,-0.772396057805359,0.1218934108972155,-0.8019371006633281,-0.05575459794527792
1.885,0.08983037429659627,-0.7726186584584555,0.12109116912284204,-0.8022417743734603,-0.05533054053977667
1.8860000000000001,0.08905764513210511,-0.7728393527518157,0.12028862297943216,-0.8025461434098824,-0.05533054053977667
1.887,0.08828469622672754,-0.7730581401408989,0.11948577277135489,-0.802850208077268,-0.05533054053977667
1.8880000000000001,0.08751152948763793,-0.7732750200858688,0.1186826188026749,-0.8031539686799863,-0.05533054053977667
1.889,0.08673814682254881,-0.7734899920515955,0.1178791613771528,-0.8034574255221019,-0.05533054053977667
1.8900000000000001,0.08596455013970479,-0.7737030555076573,0.11707540935082682,-0.803752026325991,-0.05490291147056266
1.891,0.08519074134787877,-0.7739142099283411,0.11627136301829774,-0.8040463325290762,-0.05490291147056266
1.8920000000000001,0.08441672235636682,-0.7741234547926445,0.11546702267387178,-0.8043403444259584,-0.05490291147056266
1.893,0.08364249507498431,-0.7743307895842765,0.11466238861156083,-0.8046340623109437,-0.05490291147056266
1.8940000000000001,0.08286806141405983,-0.7745362137916593,0.11385746112508278,-0.804927486478044,-0.05490291147056266
1.895,0.0820934232844315,-0.7747397269079287,0.11305224913113501,-0.8052119939477713,-0.054471747810267965
1.8960000000000001,0.08131858259744167,-0.7749413284309368,0.11224675291422498,-0.8054962169100289,-0.054471747810267965
1.897,0.08054354126493335,-0.7751410178632514,0.11144097275857566,-0.8057801556493243,-0.054471747810267965
1.8980000000000001,0.07976830119924311,-0.775338794712159,0.11063490894812578,-0.8060638104498803,-0.054471747810267965
1.899,0.07899286431319942,-0.7755346584896649,0.10982856176653014,-0.8063471815956358,-0.054471747810267965
1.9000000000000001,0.07821723252011549,-0.7757286087124945,0.10902194019038354,-0.8066215761465979,-0.05403708662788691
1.901,0.07744140773378566,-0.775920644902095,0.10821504449408054,-0.8068956963030091,-0.05403708662788691
1.9020000000000001,0.07666539186848025,-0.7761107665846364,0.10740787495174127,-0.8071695423392637,-0.05403708662788691
1.903,0.0758891868389417,-0.7762989732910119,0.10660043183721178,-0.8074431145294823,-0.05403708662788691
1.9040000000000001,0.07511279456037856,-0.7764852645568404,0.10579271542406427,-0.8077164131475105,-0.05403708662788691
1.905,0.07433621694846157,-0.7766696399224668,0.10498473474803023,-0.8079806760340369,-0.053598964983692286
1.9060000000000001,0.0735594559193186,-0.7768520989329633,0.10417649007337255,-0.8082446746576767,-0.053598964983692286
1.907,0.07278251338953069,-0.7770326411381302,0.10336798166408986,-0.8085084092826929,-0.053598964983692286
1.9080000000000001,0.07200539127612608,-0.7772112660924975,0.10255920978391678,-0.808771880173084,-0.053598964983692286
1.909,0.07122809149657636,-0.7773879733553261,0.10175017469632419,-0.8090350875925848,-0.053598964983692286
1.9100000000000001,0.07045061596879121,-0.7775627624906084,0.10094088549542071,-0.8092892009034817,-0.05315741992447305
1.911,0.06967296661111468,-0.7777356330670693,0.10013134243531964,-0.8095430601010677,-0.05315741992447305
1.9120000000000001,0.06889514534231901,-0.777906584658168,0.09932154576988018,-0.809796665439456,-0.05315741992447305
1.913,0.06811715408160088,-0.7780756168420986,0.09851149575270768,-0.810050017172506,-0.05315741992447305
1.9140000000000001,0.06733899474857616,-0.7782427292017909,0.09770119263715385,-0.810303115553823,-0.05315741992447305
1.915,0.0665606692632763,-0.7784079213249115,0.096890645574946,-0.8105470622078508,-0.052712488479081665
1.9160000000000001,0.0657821795461412,-0.7785711928038657,0.09607985481003078,-0.8107907649152245,-0.052712488479081665
1.917,0.06500352751801751,-0.7787325432357971,0.0952688205861109,-0.8110342239198909,-0.052712488479081665
1.9180000000000001,0.06422471510015147,-0.7788919722225894,0.09445754314664535,-0.8112774394655526,-0.052712488479081665
1.919,0.06344574421418532,-0.7790494793708678,0.09364602273484969,-0.8115204117956687,-0.052712488479081665
1.92,0.06266661678215227,-0.7792050642919988,0.09283426855931273,-0.8117541755369589,-0.05226420765429386
1.921,0.06188733472647159,-0.7793587266020923,0.09202228085379822,-0.8119877055145078,-0.05226420765429386
1.922,0.06110789996994474,-0.7795104659220015,0.09121005985183614,-0.8122210019620792,-0.05226420765429386
1.923,0.06032831443574927,-0.7796602818773248,0.09039760578672294,-0.8124540651132031,-0.05226420765429386
1.924,0.05954858004743499,-0.7798081740984065,0.08958491889152177,-0.8126868952011758,-0.05226420765429386
1.925,0.058768698728918774,-0.779954142220337,0.08877200843092718,-0.8129104605945937,-0.05181261443095436
1.926,0.057988672404480905,-0.7800981858829545,0.08795887462850456,-0.8131338024226182,-0.05181261443095436
1.927,0.05720850299875792,-0.7802403047308457,0.08714551770759575,-0.8133569209088147,-0.05181261443095436
1.928,0.05642819243674094,-0.7803804984133462,0.08633193789131922,-0.813579816276525,-0.05181261443095436
1.929,0.05564774264376826,-0.7805187665845423,0.08551813540257036,-0.8138024887488675,-0.05181261443095436
1.93,0.05486715554552282,-0.780655108903271,0.08470411956139504,-0.814015841175327,-0.05135774576041611
1.931,0.054086433068024825,-0.7807895250331212,0.08388989058114568,-0.81422898024936,-0.05135774576041611
1.932,0.053305577137630025,-0.7809220146424342,0.08307544867496136,-0.8144419061843189,-0.05135774576041611
1.933,0.05252458968102259,-0.7810525774043052,0.08226079405576801,-0.8146546191933429,-0.05135774576041611
1.934,0.05174347262521143,-0.7811812129965836,0.08144592693627865,-0.8148671194893579,-0.05135774576041611
1.935,0.05096222789752501,-0.781307921101874,0.08063085669113756,-0.8150702451410937,-0.05089963856126212
1.936,0.05018085742560749,-0.7814327014075365,0.07981558352347039,-0.8152731676671778,-0.05089963856126212
1.937,0.04939936313741259,-0.7815555536056882,0.07900010763619965,-0.8154758872707359,-0.05089963856126212
1.938,0.048617746961199804,-0.7816764773932037,0.07818442923204495,-0.8156784041546904,-0.05089963856126212
1.939,0.047836010825529116,-0.7817954724717152,0.07736854851352319,-0.8158807185217609,-0.05089963856126212
1.94,0.047054156659257176,-0.7819125385476144,0.07655247490912563,-0.8160736043975649,-0.05043832971628809
1.941,0.04627218639153119,-0.7820276753320524,0.07573620861173813,-0.8162662973874931,-0.05043832971628809
1.942,0.04549010195178507,-0.7821408825409406,0.0749197498140537,-0.8164587976844314,-0.05043832971628809
1.943,0.0447079052697342,-0.7822521598949516,0.07410309870857262,-0.8166511054810728,-0.05043832971628809
1.944,0.043925598275371576,-0.7823615071195192,0.0732862554876027,-0.8168432209699175,-0.05043832971628809
1.945,0.04314318289896173,-0.7824689239448404,0.07246922963273236,-0.8170258548703427,-0.04997385606975882
1.946,0.04236066107103681,-0.7825744101058747,0.0716520213265955,-0.8172083061368676,-0.04997385606975882
1.947,0.041578034722391424,-0.7826779653423455,0.07083463075164337,-0.8173905749521259,-0.04997385606975882
1.948,0.04079530578407896,-0.7827795893987404,0.0700170580901448,-0.8175726614985689,-0.04997385606975882
1.949,0.04001247618740437,-0.7828792820243125,0.06919930352418634,-0.8177545659584655,-0.04997385606975882
1.95,0.039229547863922534,-0.7829770429730797,0.06838137658770534,-0.8179269364810053,-0.049506254424911855
1.951,0.03844652274543103,-0.7830728720038269,0.06756327745307232,-0.8180991346330225,-0.049506254424911855
1.952,0.03766340276396652,-0.7831667688801055,0.06674500629248543,-0.8182711605868878,-0.049506254424911855
1.953,0.03688018985179947,-0.7832587333702341,0.06592656327797064,-0.8184430145147991,-0.049506254424911855
1.954,0.03609688594143033,-0.7833487652472997,0.06510794858138186,-0.8186146965887825,-0.049506254424911855
1.955,0.03531349296558342,-0.7834368642891573,0.06428917178825883,-0.8187767931230279,-0.04903556154170931
1.956,0.03453001285720303,-0.7835230302784315,0.06347023306069809,-0.818938727560739,-0.04903556154170931
1.957,0.03374644754944822,-0.7836072630025162,0.06265113256063408,-0.8191005000640125,-0.04903556154170931
1.958,0.032962798975688934,-0.7836895622535756,0.061831870449839295,-0.8192621107947826,-0.04903556154170931
1.959,0.03217906906949992,-0.7837699278285443,0.06101244688992447,-0.8194235599148221,-0.04903556154170931
1.96,0.03139525976465679,-0.7838483595291283,0.06019287151728687,-0.8195753726376038,-0.04856181413482724
1.961,0.03061137299513089,-0.7839248571618054,0.059373144483739204,-0.8197270335476627,-0.04856181413482724
1.962,0.029827410695085328,-0.7839994205378251,0.058553265940942394,-0.8198785427968116,-0.04856181413482724
1.963,0.029043374798868937,-0.7840720494732096,0.05773323604040568,-0.8200299005367113,-0.04856181413482724
1.964,0.02825926724101234,-0.7841427437887544,0.056913054933486806,-0.8201811069188711,-0.04856181413482724
1.965,0.02747508995622278,-0.7842115033100282,0.05609273230669742,-0.8203226267893897,-0.048085048871875175
1.966,0.02669084487938041,-0.7842783278673737,0.055272268301557376,-0.8204640051400378,-0.048085048871875175
1.967,0.025906533945531118,-0.7843432172959082,0.054451663059445043,-0.8206052421123353,-0.048085048871875175
1.968,0.02512215908988483,-0.7844061714355232,0.05363091672159738,-0.8207463378476605,-0.048085048871875175
1.969,0.024337722247808308,-0.7844671901308856,0.05281002942911013,-0.8208872924872503,-0.048085048871875175
1.97,0.02355322535482148,-0.7845262732314379,0.05198901091786793,-0.8210185112421997,-0.047605302371833566
1.971,0.022768670346592225,-0.7845834205913986,0.051167861319089535,-0.8211495987783942,-0.047605302371833566
1.972,0.021984059158932475,-0.784638632069762,0.05034658076386248,-0.8212805552270525,-0.047605302371833566
1.973,0.021199393727792126,-0.7846919075302995,0.04952516938314322,-0.8214113807192621,-0.047605302371833566
1.974,0.020414675989255122,-0.784743246841559,0.04870362730775724,-0.8215420753859796,-0.047605302371833566
1.975,0.019629907879534253,-0.784792649876866,0.047881964322222574,-0.8216629855346679,-0.04712261120371192
1.976,0.018845091334967267,-0.7848401165143234,0.047060180547449364,-0.8217837747732074,-0.04712261120371192
1.977,0.018060228292010747,-0.7848856466368119,0.04623827610422686,-0.8219044432225084,-0.04712261120371192
1.978,0.01727532068723623,-0.7849292401319906,0.0454162511132235,-0.8220249910033601,-0.04712261120371192
1.979,0.016490370457324988,-0.7849708968922966,0.04459410569498707,-0.8221454182364311,-0.04712261120371192
1.98,0.015705379539064118,-0.7850106168149463,0.043771849681931166,-0.8222560130559027,-0.04663701188540048
1.981,0.014920349869340465,-0.7850483998019346,0.04294948318465061,-0.8223664972805548,-0.04663701188540048
1.982,0.014135283385136695,-0.7850842457600358,0.04212700631362963,-0.8224768710209822,-0.04663701188540048
1.983,0.0133501820235261,-0.7851181546008034,0.041304419179241963,-0.8225871343876693,-0.04663701188540048
1.984,0.012565047721668906,-0.7851501262405708,0.04048172189175098,-0.8226972874909896,-0.04663701188540048
1.985,0.011779882416805072,-0.7851801606004513,0.039658924330729824,-0.8227975610211532,-0.046148540882730314
1.986,0.010994688046252598,-0.785208257606338,0.038836026596452036,-0.8228977342777867,-0.046148540882730314
1.987,0.01020946654740032,-0.7852344171889041,0.03801302878909087,-0.8229978073611635,-0.046148540882730314
1.988,0.00942421985770423,-0.7852586392836037,0.03718993100871942,-0.8230977803714569,-0.046148540882730314
1.989,0.008638949914682252,-0.7852809238306712,0.036366733355310675,-0.8231976534087401,-0.046148540882730314
1.99,0.007853658655910355,-0.7853012707751216,0.03554344575486317,-0.8232876004475056,-0.0456572346087151
1.991,0.007068348019016433,-0.7853196800667508,0.034720068297323936,-0.8233774575392324,-0.0456572346087151
1.992,0.006283019941676418,-0.7853361516601358,0.03389660107255007,-0.8234672247738675,-0.0456572346087151
1.993,0.005497676361609052,-0.7853506855146346,0.0330730441703088,-0.8235569022412679,-0.0456572346087151
1.994,0.004712319216571993,-0.7853632815943863,0.0322493976802776,-0.8236464900312009,-0.0456572346087151
1.995,0.003926950444355706,-0.7853739398683113,0.03142567157414797,-0.8237261061296293,-0.045163129422976886
1.996,0.0031415719827795636,-0.7853826603101113,0.030601865931536007,-0.8238056426119592,-0.045163129422976886
1.997,0.002356185769686626,-0.7853894428982697,0.0297779808319782,-0.8238850995578068,-0.045163129422976886
1.998,0.0015707937429397451,-0.785394287616051,0.028954016354931493,-0.8239644770467085,-0.045163129422976886
1.999,0.0007853978404154517,-0.7853971944515012,0.02812997257977337,-0.8240437751581213,-0.045163129422976886
2.0,6.123233995736766e-17,-0.7853981633974483,0.027305859523157783,-0.8241130566155901,-0.044666261631344704
2.001,-0.0007853978404153293,-0.7853971944515012,0.026481677254366183,-0.8241822687916014,-0.044666261631344704
2.0020000000000002,-0.0015707937429398446,-0.785394287616051,0.025657425842610746,-0.8242514117554367,-0.044666261631344704
2.003,-0.0023561857696867256,-0.7853894428982697,0.024833105357034438,-0.8243204855763082,-0.044666261631344704
2.004,-0.003141571982779441,-0.7853826603101113,0.024008715866711078,-0.8243894903233588,-0.044666261631344704
2.005,-0.003926950444355583,-0.7853739398683113,0.02318426743252833,-0.8244484341827478,-0.04416666748561905
2.0060000000000002,-0.004712319216572093,-0.7853632815943863,0.022359760113430053,-0.8245073190982775,-0.04416666748561905
2.007,-0.005497676361609151,-0.7853506855146346,0.021535193968301163,-0.8245661451288916,-0.04416666748561905
2.008,-0.006283019941676296,-0.7853361516601358,0.020710569055967687,-0.8246249123334751,-0.04416666748561905
2.009,-0.007068348019016311,-0.7853196800667508,0.019885885435196832,-0.824683620770854,-0.04416666748561905
2.0100000000000002,-0.007853658655910454,-0.7853012707751216,0.01906115321038308,-0.8247322248137531,-0.043664383183494845
2.011,-0.00863894991468235,-0.7852809238306712,0.01823637243013047,-0.8247807802526093,-0.043664383183494845
2.012,-0.009424219857704107,-0.7852586392836037,0.017411543142994444,-0.8248292871360265,-0.043664383183494845
2.013,-0.010209466547400197,-0.7852344171889041,0.016586665397481885,-0.8248777455125604,-0.043664383183494845
2.0140000000000002,-0.010994688046252697,-0.785208257606338,0.015761739242051168,-0.8249261554307178,-0.043664383183494845
2.015,-0.01177988241680517,-0.7851801606004513,0.014936774823878507,-0.8249644181726598,-0.04315944486863272
2.016,-0.012565047721668785,-0.7851501262405708,0.014111772181226646,-0.8250026426518597,-0.04315944486863272
2.017,-0.013350182023525977,-0.7851181546008034,0.013286731352320065,-0.8250408289065805,-0.04315944486863272
2.0180000000000002,-0.014135283385136796,-0.7850842457600358,0.012461652375345019,-0.8250789769750465,-0.04315944486863272
2.019,-0.014920349869340564,-0.7850483998019346,0.011636535288449575,-0.8251170868954442,-0.04315944486863272
2.02,-0.015705379539063997,-0.7850106168149463,0.010811390280868409,-0.8251450075811663,-0.04265188863087779
2.021,-0.016490370457324863,-0.7849708968922966,0.009986217380522206,-0.8251729003462026,-0.04265188863087779
2.0220000000000002,-0.01727532068723633,-0.7849292401319906,0.009161016615303733,-0.825200765218474,-0.04265188863087779
2.023,-0.018060228292010847,-0.7848856466368119,0.00833578801307786,-0.825228602225873,-0.04265188863087779
2.024,-0.018845091334967146,-0.7848401165143234,0.007510531601681595,-0.8252564113962647,-0.04265188863087779
2.025,-0.01962990787953413,-0.784792649876866,0.006685257611686595,-0.8252739899950007,-0.04214175050661185
2.0260000000000002,-0.02041467598925522,-0.784743246841559,0.005859966060671457,-0.825291551015138,-0.04214175050661185
2.027,-0.021199393727792004,-0.7846919075302995,0.0050346569661972014,-0.825309094474255,-0.04214175050661185
2.028,-0.021984059158932354,-0.784638632069762,0.004209330345807288,-0.825326620389913,-0.04214175050661185
2.029,-0.0227686703465921,-0.7845834205913986,0.0033839862170276327,-0.8253441287796554,-0.04214175050661185
2.0300000000000002,-0.023553225354821357,-0.784526273231438,0.0025586348510471726,-0.8253513659804603,-0.04162906647923277
2.031,-0.024337722247808186,-0.7844671901308856,0.001733276255103108,-0.8253585959440646,-0.04162906647923277
2.032,-0.02512215908988471,-0.7844061714355232,0.0009079104364254028,-0.8253658186777052,-0.04162906647923277
2.033,-0.025906533945530996,-0.7843432172959082,8.253740223679057e-05,-0.8253730341886122,-0.04162906647923277
2.0340000000000003,-0.02669084487938029,-0.7842783278673737,-0.0007428428402472177,-0.8253802424840082,-0.04162906647923277
2.035,-0.027475089956222876,-0.7842115033100282,-0.0015682199799383371,-0.8253771396911194,-0.04111387247975732
2.036,-0.028259267241012218,-0.7841427437887544,-0.0023935940199393607,-0.8253740400010234,-0.04111387247975732
2.037,-0.02904337479886881,-0.7840720494732096,-0.0032189649633499783,-0.8253709434106176,-0.04111387247975732
2.0380000000000003,-0.02982741069508543,-0.7839994205378251,-0.004044332813266781,-0.8253678499168021,-0.04111387247975732
2.039,-0.03061137299513099,-0.7839248571618054,-0.004869697572783261,-0.8253647595164805,-0.04111387247975732
2.04,-0.03139525976465667,-0.7838483595291283,-0.005695048891627976,-0.8253513188447148,-0.04059620438754119
2.041,-0.03217906906949979,-0.7837699278285443,-0.006520386783241597,-0.8253378916136209,-0.04059620438754119
2.0420000000000003,-0.03296279897568904,-0.7836895622535756,-0.0073457112610513554,-0.8253244778097582,-0.04059620438754119
2.043,-0.03374644754944832,-0.7836072630025162,-0.008171022338471055,-0.8253110774196992,-0.04059620438754119
2.044,-0.034530012857202905,-0.7835230302784315,-0.008996320028901085,-0.8252976904300303,-0.04059620438754119
2.045,-0.0353134929655833,-0.7834368642891574,-0.009821593943601308,-0.8252739147002224,-0.040076098031102556
2.0460000000000003,-0.036096885941430436,-0.7833487652472996,-0.010646844106347452,-0.8252501627461442,-0.040076098031102556
2.047,-0.03688018985179957,-0.7832587333702341,-0.011472070540891473,-0.8252264345440201,-0.040076098031102556
2.048,-0.037663402763966396,-0.7831667688801055,-0.012297273270961572,-0.8252027300700981,-0.040076098031102556
2.049,-0.038446522745430915,-0.7830728720038269,-0.013122452320262223,-0.8251790493006501,-0.040076098031102556
2.05,-0.03922954786392219,-0.7829770429730798,-0.013947597262297353,-0.8251449420351304,-0.03955358918904883
2.051,-0.04001247618740447,-0.7828792820243125,-0.01477270813117423,-0.8251108688768763,-0.03955358918904883
2.052,-0.04079530578407884,-0.7827795893987404,-0.01559778496096601,-0.8250768297917804,-0.03955358918904883
2.053,-0.041578034722391306,-0.7826779653423455,-0.016422827785711778,-0.8250428247457696,-0.03955358918904883
2.054,-0.04236066107103646,-0.7825744101058747,-0.01724783663941658,-0.8250088537048048,-0.03955358918904883
2.055,-0.043143182898961824,-0.7824689239448404,-0.018072801058539503,-0.8249644191229221,-0.03902871359110115
2.056,-0.04392559827537145,-0.7823615071195192,-0.018897721087515123,-0.8249200289756211,-0.03902871359110115
2.057,-0.044707905269734075,-0.7822521598949516,-0.01972259677073359,-0.8248756832184675,-0.03902871359110115
2.058,-0.045490101951784725,-0.7821408825409407,-0.02054742815254066,-0.824831381807071,-0.03902871359110115
2.059,-0.04627218639153129,-0.7820276753320524,-0.021372215277237747,-0.824787124697086,-0.03902871359110115
2.06,-0.04705415665925705,-0.7819125385476144,-0.02219694764494852,-0.8247323677107729,-0.03850150691919713
2.061,-0.047836010825529,-0.7817954724717152,-0.023021625310429967,-0.824677665481446,-0.03850150691919713
2.062,-0.048617746961199464,-0.7816764773932037,-0.023846248328384317,-0.8246230179543486,-0.03850150691919713
2.063,-0.04939936313741247,-0.7815555536056883,-0.024670816753459095,-0.8245684250747781,-0.03850150691919713
2.064,-0.050180857425607364,-0.7814327014075365,-0.025495330640247182,-0.8245138867880872,-0.03850150691919713
2.065,-0.050962227897524894,-0.781307921101874,-0.026319779453244655,-0.824448812997473,-0.037972004808691444
2.066,-0.05174347262521108,-0.7811812129965837,-0.027144163257525306,-0.8243838042806493,-0.037972004808691444
2.067,-0.052524589681022464,-0.7810525774043052,-0.027968482118097847,-0.8243188605725424,-0.037972004808691444
2.068,-0.0533055771376299,-0.7809220146424342,-0.02879273609990599,-0.8242539818081437,-0.037972004808691444
2.069,-0.0540864330680247,-0.7807895250331212,-0.029616925267828498,-0.8241891679225094,-0.037972004808691444
2.07,-0.05486715554552248,-0.7806551089032711,-0.030441039051440077,-0.8241137836115793,-0.037440242849616466
2.071,-0.05564774264376836,-0.7805187665845423,-0.031265077526125035,-0.82403847468496,-0.037440242849616466
2.072,-0.05642819243674082,-0.7803804984133462,-0.0320890407671923,-0.8239632410672674,-0.037440242849616466
2.073,-0.0572085029987578,-0.7802403047308457,-0.0329129288498755,-0.8238880826831925,-0.037440242849616466
2.074,-0.05798867240448056,-0.7800981858829547,-0.033736741849333,-0.8238129994575016,-0.037440242849616466
2.075,-0.05876869872891887,-0.779954142220337,-0.034560469160922806,-0.8237273115898046,-0.036906256588022344
2.076,-0.059548580047434865,-0.7798081740984065,-0.03538411087033278,-0.8236417094099753,-0.036906256588022344
2.077,-0.060328314435749146,-0.7796602818773248,-0.036207667063165104,-0.8235561928323257,-0.036906256588022344
2.078,-0.06110789996994462,-0.7795104659220015,-0.03703113782493636,-0.8234707617712539,-0.036906256588022344
2.079,-0.06188733472647169,-0.7793587266020923,-0.0378545232410776,-0.823385416141243,-0.036906256588022344
2.08,-0.06266661678215214,-0.7792050642919989,-0.03867781267343325,-0.8232894323556493,-0.03637008152737582
2.081,-0.0634457442141852,-0.7790494793708679,-0.03950100621798709,-0.8231935445538412,-0.03637008152737582
2.082,-0.06422471510015135,-0.7788919722225895,-0.040324103970626926,-0.8230977526398349,-0.03637008152737582
2.083,-0.0650035275180176,-0.7787325432357971,-0.04114710602714467,-0.8230020565177425,-0.03637008152737582
2.084,-0.06578217954614131,-0.7785711928038657,-0.041970012483236445,-0.8229064560917723,-0.03637008152737582
2.085,-0.06656066926327618,-0.7784079213249117,-0.04279281266793473,-0.8228001846982809,-0.03583175313002129
2.086,-0.06733899474857603,-0.7782427292017909,-0.04361550668751091,-0.822694019576183,-0.03583175313002129
2.087,-0.06811715408160098,-0.7780756168420986,-0.044438094648130116,-0.8225879606192072,-0.03583175313002129
2.088,-0.06889514534231911,-0.777906584658168,-0.04526057665585131,-0.8224820077211885,-0.03583175313002129
2.089,-0.06967296661111455,-0.7777356330670693,-0.04608295281662737,-0.8223761607760678,-0.03583175313002129
2.09,-0.0704506159687911,-0.7775627624906084,-0.04690521242737904,-0.8222596107516655,-0.03529130681868963
2.091,-0.07122809149657645,-0.7773879733553261,-0.047727355604656324,-0.8221431772772877,-0.03529130681868963
2.092,-0.07200539127612618,-0.7772112660924975,-0.04854938246489271,-0.8220268602363842,-0.03529130681868963
2.093,-0.07278251338953057,-0.7770326411381302,-0.04937129312440523,-0.8219106595125216,-0.03529130681868963
2.094,-0.07355945591931848,-0.7768520989329634,-0.050193087699394616,-0.8217945749893829,-0.03529130681868963
2.095,-0.07433621694846168,-0.7766696399224668,-0.05101475545536857,-0.8216677559739547,-0.03474877797805931
2.096,-0.07511279456037843,-0.7764852645568405,-0.05183629651914611,-0.8215410637775419,-0.03474877797805931
2.097,-0.07588918683894158,-0.7762989732910119,-0.05265771101741944,-0.8214144982733256,-0.03474877797805931
2.098,-0.07666539186848013,-0.7761107665846364,-0.05347899907675405,-0.8212880593346135,-0.03474877797805931
2.099,-0.07744140773378554,-0.775920644902095,-0.054300160823588885,-0.82116174683484,-0.03474877797805931
2.1,-0.07821723252011537,-0.7757286087124946,-0.05512118549271602,-0.8210246691271321,-0.034204201956349344
2.101,-0.07899286431319931,-0.7755346584896649,-0.05594207322121315,-0.820887728497132,-0.034204201956349344
2.102,-0.079768301199243,-0.775338794712159,-0.05676282414602091,-0.8207509248077618,-0.034204201956349344
2.103,-0.08054354126493322,-0.7751410178632514,-0.05758343840394299,-0.820614257922081,-0.034204201956349344
2.104,-0.08131858259744176,-0.7749413284309367,-0.05840391613164628,-0.8204777277032859,-0.034204201956349344
2.105,-0.08209342328443138,-0.7747397269079288,-0.0592242465339032,-0.8203304022569219,-0.03365761406696309
2.106,-0.08286806141405972,-0.7745362137916593,-0.060044429758039204,-0.8201832241360042,-0.03365761406696309
2.107,-0.0836424950749844,-0.7743307895842765,-0.06086446595123241,-0.8200361931932074,-0.03365761406696309
2.108,-0.08441672235636692,-0.7741234547926445,-0.06168435526051377,-0.8198893092813535,-0.03365761406696309
2.109,-0.08519074134787866,-0.7739142099283411,-0.06250409783276718,-0.8197425722534114,-0.03365761406696309
2.11,-0.08596455013970467,-0.7737030555076574,-0.06332368284344014,-0.819585010672961,-0.03310904959014876
2.111,-0.0867381468225489,-0.7734899920515955,-0.06414311045009423,-0.819427606654091,-0.03310904959014876
2.112,-0.08751152948763805,-0.7732750200858688,-0.06496238081013347,-0.8192703600392398,-0.03310904959014876
2.113,-0.08828469622672742,-0.7730581401408989,-0.06578149408080448,-0.8191132706710036,-0.03310904959014876
2.114,-0.08905764513210498,-0.7728393527518158,-0.06660045041919661,-0.8189563383921356,-0.03310904959014876
2.115,-0.08983037429659636,-0.7726186584584553,-0.06741923897212584,-0.8187885529292374,-0.032558543774695435
2.116,-0.09060288181356872,-0.7723960578053589,-0.06823785990737764,-0.818620935251802,-0.032558543774695435
2.117,-0.09137516577693677,-0.7721715513417715,-0.0690563133925697,-0.8184534851920441,-0.032558543774695435
2.118,-0.0921472242811666,-0.7719451396216406,-0.06987459959515203,-0.818286202582346,-0.032558543774695435
2.119,-0.09291905542128082,-0.7717168232036142,-0.07069271868240729,-0.8181190872552575,-0.032558543774695435
2.12,-0.09369065729286238,-0.7714866026510409,-0.07151065977321208,-0.8179410908047952,-0.0320061318396452
2.121,-0.09446202799206059,-0.7712544785319666,-0.07232842304556286,-0.8177632723507833,-0.0320061318396452
2.122,-0.0952331656155947,-0.7710204514191349,-0.0731460086772781,-0.8175856317152254,-0.0320061318396452
2.123,-0.09600406826076015,-0.7707845218899839,-0.0739634168459984,-0.8174081687203031,-0.0320061318396452
2.124,-0.09677473402543023,-0.7705466905266468,-0.07478064772918677,-0.8172308831883757,-0.0320061318396452
2.125,-0.09754516100806418,-0.7703069579159485,-0.07559769041847147,-0.8170426892847078,-0.03145184897602667
2.126,-0.09831534730770981,-0.7700653246494057,-0.07641454510204641,-0.8168546835749436,-0.03145184897602667
2.1270000000000002,-0.09908529102400984,-0.7698217913232239,-0.0772312119679173,-0.8166668658708892,-0.03145184897602667
2.128,-0.09985499025720362,-0.769576358538298,-0.07804769120390183,-0.8164792359845389,-0.03145184897602667
2.129,-0.10062444310813502,-0.7693290269002087,-0.07886398299762991,-0.8162917937280748,-0.03145184897602667
2.13,-0.10139364767825605,-0.7690797970192222,-0.07968007641417123,-0.8160934165413186,-0.030895730348596516
2.1310000000000002,-0.10216260206963111,-0.7688286695102884,-0.08049597165190298,-0.8158952377317492,-0.030895730348596516
2.132,-0.1029313043849406,-0.7685756449930399,-0.08131166890900396,-0.8156972571009894,-0.030895730348596516
2.133,-0.10369975272748883,-0.768320724091789,-0.08212716838345482,-0.8154994744508604,-0.030895730348596516
2.134,-0.10446794520120568,-0.7680639074355281,-0.08294247027303821,-0.8153018895833815,-0.030895730348596516
2.1350000000000002,-0.10523587991065304,-0.7678051956579263,-0.08375756361695395,-0.81509334391575,-0.030337811097593113
2.136,-0.10600355496102727,-0.7675445893973297,-0.08457244862374774,-0.8148850067937861,-0.030337811097593113
2.137,-0.10677096845816735,-0.767282089296758,-0.08538712550175669,-0.8146768780089442,-0.030337811097593113
2.138,-0.10753811850855655,-0.7670176960039043,-0.08620159445910958,-0.814468957352887,-0.030337811097593113
2.1390000000000002,-0.1083050032193286,-0.7667514101711327,-0.08701585570372707,-0.8142612446174861,-0.030337811097593113
2.14,-0.10907162069827125,-0.766483232455477,-0.08782989824962674,-0.8140425458996783,-0.029778126340485662
2.141,-0.10983796905383233,-0.766213163518639,-0.08864372231550732,-0.8138240658805883,-0.029778126340485662
2.142,-0.11060404639512345,-0.7659412040269872,-0.08945732811984884,-0.8136058043415174,-0.029778126340485662
2.1430000000000002,-0.11136985083192512,-0.7656673546515542,-0.09027071588091283,-0.8133877610639856,-0.029778126340485662
2.144,-0.1121353804746906,-0.7653916160680364,-0.09108388581674257,-0.8131699358297313,-0.029778126340485662
2.145,-0.1129006334345518,-0.7651139889567914,-0.09189682691685994,-0.8129411001173763,-0.029216711173736493
2.146,-0.11366560782332313,-0.7648344740028363,-0.09270953941010067,-0.8127124932407337,-0.029216711173736493
2.1470000000000002,-0.11443030175350653,-0.7645530718958465,-0.09352202352507163,-0.8124841149709677,-0.029216711173736493
2.148,-0.11519471333829533,-0.7642697833301538,-0.09433427949015111,-0.8122559650794715,-0.029216711173736493
2.149,-0.11595884069158012,-0.7639846090047446,-0.09514630753348897,-0.8120280433378668,-0.029216711173736493
2.15,-0.11672268192795264,-0.7636975496232582,-0.09595809662079699,-0.8117890873080198,-0.028653600674544744
2.1510000000000002,-0.11748623516271078,-0.763408605893985,-0.09676964699103119,-0.8115503702342026,-0.028653600674544744
2.152,-0.1182494985118624,-0.7631177785298648,-0.09758095888290864,-0.8113118918774593,-0.028653600674544744
2.153,-0.11901247009213127,-0.7628250682484856,-0.09839203253490772,-0.8110736519990728,-0.028653600674544744
2.154,-0.11977514802096088,-0.7625304757720807,-0.09920286818526829,-0.8108356503605646,-0.028653600674544744
2.1550000000000002,-0.12053753041651946,-0.7622340018275275,-0.10001345477657654,-0.8105865913082558,-0.028088829902591234
2.156,-0.1212996153977038,-0.7619356471463465,-0.10082379255789153,-0.8103377813149995,-0.028088829902591234
2.157,-0.12206140108414518,-0.7616354124646979,-0.10163388177802327,-0.8100892201317362,-0.028088829902591234
2.158,-0.12282288559621295,-0.7613332985233809,-0.10244372268553292,-0.8098409075096563,-0.028088829902591234
2.1590000000000003,-0.1235840670550206,-0.7610293060678317,-0.10325331552873313,-0.8095928432001985,-0.028088829902591234
2.16,-0.12434494358242751,-0.7607234358481215,-0.10406264922776816,-0.8093336990350336,-0.027522433901765665
2.161,-0.12510551330104688,-0.7604156886189547,-0.10487172404178219,-0.8090748140140339,-0.027522433901765665
2.162,-0.12586577433424834,-0.760106065139667,-0.10568054022966024,-0.8088161878780552,-0.027522433901765665
2.1630000000000003,-0.12662572480616424,-0.7597945661742231,-0.10648909805002846,-0.8085578203682124,-0.027522433901765665
2.164,-0.12738536284169122,-0.7594811924912165,-0.10729739776125434,-0.8082997112258795,-0.027522433901765665
2.165,-0.1281446865664982,-0.7591659448638652,-0.10810542826172304,-0.8080305004686913,-0.02695444770188342
2.166,-0.12890369410702976,-0.7588488240700113,-0.1089131898206453,-0.8077615589222603,-0.02695444770188342
2.1670000000000003,-0.1296623835905105,-0.7585298308921189,-0.10972068270696267,-0.8074928863173757,-0.02695444770188342
2.168,-0.13042075314494841,-0.7582089661172721,-0.11052790718934777,-0.807224482385096,-0.02695444770188342
2.169,-0.1311788008991429,-0.7578862305371726,-0.11133486353620452,-0.8069563468567486,-0.02695444770188342
2.17,-0.1319365249826863,-0.7575616249481387,-0.11214154062484082,-0.8066770886362994,-0.026384906320380604
2.1710000000000003,-0.13269392352597015,-0.7572351501511019,-0.11294793873451489,-0.8063981096740707,-0.026384906320380604
2.172,-0.13345099466018776,-0.756906806951607,-0.1137540581442057,-0.8061194096908042,-0.026384906320380604
2.173,-0.13420773651734222,-0.7565765961598077,-0.11455989913261322,-0.805840988407521,-0.026384906320380604
2.174,-0.13496414723024805,-0.7562445185904663,-0.11536546197815874,-0.8055628455455212,-0.026384906320380604
2.1750000000000003,-0.13572022493253716,-0.7559105750629513,-0.11617073553775399,-0.8052735595952554,-0.025813844763985898
2.176,-0.1364759677586626,-0.7555747664012354,-0.11697572010068494,-0.8049845629309398,-0.025813844763985898
2.177,-0.1372313738439043,-0.7552370934338928,-0.11778041595594822,-0.8046958552632886,-0.025813844763985898
2.178,-0.13798644132437277,-0.7548975569940981,-0.11858482339225153,-0.804407436303305,-0.025813844763985898
2.179,-0.1387411683370141,-0.7545561579196236,-0.11938894269801381,-0.8041193057622814,-0.025813844763985898
2.18,-0.13949555301961464,-0.7542128970528376,-0.12019276271043094,-0.8038200124171265,-0.025241298030368498
2.181,-0.14024959351080474,-0.7538677752407023,-0.12099628372879626,-0.8035210183653168,-0.025241298030368498
2.182,-0.14100328795006464,-0.7535207933347713,-0.12179950605210381,-0.8032223233075588,-0.025241298030368498
2.183,-0.14175663447772824,-0.753171952191188,-0.12260242997904867,-0.8029239269448586,-0.025241298030368498
2.184,-0.1425096312349881,-0.7528212526706833,-0.1234050558080272,-0.8026258289785211,-0.025241298030368498
2.185,-0.14326227636389915,-0.7524686956385737,-0.12420737235719893,-0.8023165491717378,-0.024667301109759683
2.186,-0.14401456800738455,-0.7521142819647579,-0.12500937993584368,-0.8020075786447612,-0.024667301109759683
2.187,-0.14476650430923946,-0.7517580125237171,-0.125811078852932,-0.8016989170883116,-0.024667301109759683
2.188,-0.145518083414136,-0.7513998881945103,-0.12661246941712542,-0.8013905641934185,-0.024667301109759683
2.189,-0.14626930346762704,-0.7510399098607738,-0.12741355193677684,-0.8010825196514203,-0.024667301109759683
2.19,-0.14702016261615194,-0.7506780784107185,-0.12821431521168833,-0.8007632749114997,-0.02409188898653969
2.191,-0.14777065900704026,-0.7503143947371276,-0.12901475956110464,-0.8004443494163189,-0.02409188898653969
2.192,-0.14852079078851754,-0.7499488597373539,-0.12981488530395127,-0.8001257428466334,-0.02409188898653969
2.193,-0.14927055610970716,-0.7495814743133192,-0.13061469275883478,-0.7998074548835176,-0.02409188898653969
2.194,-0.15001995312063812,-0.7492122393715103,-0.13141418224404314,-0.7994894852083648,-0.02409188898653969
2.195,-0.15076897997224759,-0.7488411558229779,-0.1322133425416991,-0.7991602976559723,-0.023515096640792835
2.196,-0.1515176348163871,-0.7484682245833333,-0.13301217398099024,-0.7988314392911322,-0.023515096640792835
2.197,-0.15226591580582421,-0.7480934465727477,-0.13381067689077492,-0.7985029097846569,-0.023515096640792835
2.198,-0.15301382109425019,-0.7477168227159485,-0.1346088515995826,-0.798174708807688,-0.023515096640792835
2.199,-0.15376134883628345,-0.7473383539422177,-0.13540669843561431,-0.7978468360316963,-0.023515096640792835
2.2,-0.15450849718747386,-0.7469580411853889,-0.13620420616399098,-0.7975077283766611,-0.02293695904982689
2.201,-0.15525526430430606,-0.7465758853838467,-0.13700137512382027,-0.7971689598292809,-0.02293695904982689
2.202,-0.15600164834420727,-0.7461918874805221,-0.13779820565387071,-0.7968305300504482,-0.02293695904982689
2.203,-0.15674764746554887,-0.745806048422892,-0.1385946980925721,-0.7964924387013943,-0.02293695904982689
2.204,-0.15749325982765258,-0.7454183691629755,-0.1393908527780158,-0.7961546854436894,-0.02293695904982689
2.205,-0.15823848359079296,-0.7450288506573334,-0.14018665845899783,-0.7958056809820386,-0.022357511189647506
2.206,-0.15898331691620535,-0.7446374938670632,-0.1409821154845227,-0.7954570255248495,-0.022357511189647506
2.207,-0.1597277579660873,-0.7442442997577992,-0.14177722420324582,-0.7951087187231176,-0.022357511189647506
2.208,-0.16047180490360474,-0.7438492692997085,-0.142571984963474,-0.7947607602281874,-0.022357511189647506
2.209,-0.1612154558928954,-0.7434524034674898,-0.14336639811316576,-0.7944131496917521,-0.022357511189647506
2.21,-0.1619587090990746,-0.74305370324037,-0.14416045238546854,-0.7940542723027885,-0.021776788036403018
2.211,-0.16270156268823893,-0.7426531696021023,-0.14495414813925975,-0.7936957537912137,-0.021776788036403018
2.212,-0.16344401482747126,-0.7422508035409633,-0.1457474857330579,-0.7933375937981506,-0.021776788036403018
2.213,-0.16418606368484426,-0.7418466060497517,-0.14654046552502298,-0.7929797919650805,-0.021776788036403018
2.214,-0.16492770742942636,-0.7414405781257846,-0.14733308787295682,-0.7926223479338435,-0.021776788036403018
2.215,-0.16566894423128536,-0.7410327207708953,-0.1481253414950341,-0.792253622077265,-0.021194824567772653
2.216,-0.16640977226149337,-0.7406230349914312,-0.14891722675998065,-0.7918852649465432,-0.021194824567772653
2.217,-0.16715018969213039,-0.7402115217982517,-0.1497087440361536,-0.7915172761729521,-0.021194824567772653
2.218,-0.16789019469629027,-0.7397981822067243,-0.15049989369154174,-0.7911496553881346,-0.021194824567772653
2.219,-0.1686297854480842,-0.7393830172367235,-0.15129067609376584,-0.790782402224102,-0.021194824567772653
2.22,-0.16936896012264574,-0.7389660279126276,-0.152081079946703,-0.7904038529371643,-0.020611655764317463
2.221,-0.17010771689613446,-0.7385472152633162,-0.15287110562890252,-0.7900256821995135,-0.020611655764317463
2.222,-0.17084605394574162,-0.7381265803221679,-0.15366075351853511,-0.7896478896326004,-0.020611655764317463
2.223,-0.171583969449694,-0.7377041241270579,-0.15445002399339336,-0.7892704748582541,-0.020611655764317463
2.224,-0.1723214615872586,-0.7372798477203544,-0.15523891743089205,-0.7888934374986821,-0.020611655764317463
2.225,-0.17305852853874654,-0.7368537521489175,-0.15602742252128546,-0.788505090393399,-0.020027316610779576
2.226,-0.17379516848551851,-0.7364258384640957,-0.15681553965292067,-0.7881171316352212,-0.020027316610779576
2.227,-0.17453137960998852,-0.7359961077217235,-0.15760326921375648,-0.7877295608358016,-0.020027316610779576
2.228,-0.17526716009562962,-0.7355645609821184,-0.15839061159136367,-0.7873423776071814,-0.020027316610779576
2.229,-0.17600250812697554,-0.7351311993100796,-0.15917756717292544,-0.7869555815617898,-0.020027316610779576
2.23,-0.17673742188962857,-0.7346960237748837,-0.1599641246357476,-0.7865574628221746,-0.01944184209733444
2.231,-0.17747189957026183,-0.7342590354502834,-0.16075028437794892,-0.7861597422012991,-0.01944184209733444
2.232,-0.1782059393566255,-0.7338202354145031,-0.16153604679724995,-0.7857624193010445,-0.01944184209733444
2.233,-0.17893953943754828,-0.7333796247502392,-0.16232141229097363,-0.7853654937236901,-0.01944184209733444
2.234,-0.1796726980029452,-0.7329372045446545,-0.16310638125604554,-0.7849689650719132,-0.01944184209733444
2.235,-0.1804054132438207,-0.7324929758893766,-0.1638909423574968,-0.784561101451257,-0.01885526722078934
2.236,-0.181137683352273,-0.7320469398804953,-0.16467509600319102,-0.7841536456942215,-0.01885526722078934
2.237,-0.1818695065214974,-0.7315990976185609,-0.16545884260058397,-0.7837465973929431,-0.01885526722078934
2.238,-0.18260088094579377,-0.7311494502085791,-0.16624218255672393,-0.7833399561399659,-0.01885526722078934
2.239,-0.1833318048205682,-0.7306979987600104,-0.16702511627825217,-0.7829337215282417,-0.01885526722078934
2.24,-0.18406227634233915,-0.730244744386766,-0.1678076324185986,-0.7825161403464281,-0.018267626985731256
2.241,-0.1847922937087397,-0.7297896882072067,-0.16858973139534442,-0.7820989767457963,-0.018267626985731256
2.242,-0.1855218551185254,-0.729332831344138,-0.1693714136256532,-0.7816822303087652,-0.018267626985731256
2.243,-0.18625095877157577,-0.7288741749248085,-0.17015267952627136,-0.781265900618171,-0.018267626985731256
2.244,-0.18697960286890022,-0.7284137200809078,-0.17093352951352864,-0.7808499872572675,-0.018267626985731256
2.245,-0.18770778561264148,-0.7279514679485622,-0.17171395222992675,-0.7804227163981226,-0.01767895640561411
2.246,-0.18843550520608124,-0.7274874196683331,-0.17249394810273658,-0.7799958728098367,-0.01767895640561411
2.247,-0.18916275985364372,-0.7270215763852133,-0.17327351755880172,-0.7795694560651392,-0.01767895640561411
2.248,-0.18988954776090058,-0.7265539392486248,-0.1740526610245389,-0.7791434657371863,-0.01767895640561411
2.249,-0.19061586713457448,-0.7260845094124158,-0.17483137892593845,-0.7787179013995614,-0.01767895640561411
2.25,-0.19134171618254484,-0.7256132880348578,-0.17560965989524668,-0.7782809693082379,-0.01708929050380169
2.251,-0.1920670931138512,-0.7251402762786426,-0.17638750436939568,-0.7778444741490057,-0.01708929050380169
2.2520000000000002,-0.19279199613869832,-0.7246654753108797,-0.1771649127848806,-0.7774084154849328,-0.01708929050380169
2.253,-0.19351642346845968,-0.7241888863030934,-0.17794188557776014,-0.7769727928795239,-0.01708929050380169
2.254,-0.194240373315683,-0.7237105104312197,-0.17871842318365685,-0.7765376058967204,-0.01708929050380169
2.255,-0.19496384389409405,-0.7232303488756034,-0.17949451422523396,-0.7760910415771145,-0.016498664314539304
2.2560000000000002,-0.1956868334186013,-0.7227484028209955,-0.18027015914905578,-0.7756449238218281,-0.016498664314539304
2.257,-0.1964093401052995,-0.7222646734565499,-0.1810453584012401,-0.7751992521842971,-0.016498664314539304
2.258,-0.19713136217147548,-0.7217791619758208,-0.1818201124274585,-0.7747540262184036,-0.016498664314539304
2.259,-0.19785289783561155,-0.7212918695767595,-0.18259442167293696,-0.774309245478476,-0.016498664314539304
2.2600000000000002,-0.1985739453173904,-0.7208027974617113,-0.18336827475142764,-0.7738530784906751,-0.01590711288387744
2.261,-0.19929450283769864,-0.7203119468374134,-0.18414167211909752,-0.773397367669862,-0.01590711288387744
2.262,-0.2000145686186324,-0.7198193189149908,-0.1849146142316574,-0.7729421125598697,-0.01590711288387744
2.263,-0.20073414088350094,-0.7193249149099541,-0.18568710154436238,-0.7724873127049874,-0.01590711288387744
2.2640000000000002,-0.20145321785683146,-0.7188287360421954,-0.18645913451201235,-0.77203296764996,-0.01590711288387744
2.265,-0.20217179776437258,-0.7183307835359876,-0.18723070174012008,-0.7715672281077206,-0.015314671270528737
2.266,-0.20288987883310003,-0.7178310586199784,-0.1880018036944251,-0.7711019543050235,-0.015314671270528737
2.267,-0.20360745929121993,-0.7173295625271897,-0.18877244084020123,-0.7706371457761291,-0.015314671270528737
2.2680000000000002,-0.20432453736817466,-0.7168262964950126,-0.189542613642257,-0.7701728020557636,-0.015314671270528737
2.269,-0.20504111129464436,-0.7163212617652068,-0.1903123225649361,-0.7697089226791184,-0.015314671270528737
2.27,-0.20575717930255424,-0.7158144595838953,-0.19108155620618347,-0.7692336412473727,-0.014721374546669365
2.271,-0.20647273962507812,-0.7153058912015615,-0.19185031504128053,-0.7687588350970587,-0.014721374546669365
2.2720000000000002,-0.20718779049664224,-0.7147955578730474,-0.19261859954503344,-0.768284503752895,-0.014721374546669365
2.273,-0.20790233015292883,-0.7142834608575502,-0.19338641019177352,-0.7678106467400755,-0.014721374546669365
2.274,-0.20861635683088253,-0.7137696014186184,-0.1941537474553578,-0.7673372635842688,-0.014721374546669365
2.275,-0.20932986876871387,-0.7132539808241486,-0.19492059992683444,-0.766852471476658,-0.014127257798676098
2.2760000000000002,-0.21004286420590332,-0.7127366003463833,-0.1956869680909956,-0.7663681641611549,-0.014127257798676098
2.277,-0.21075534138320448,-0.7122174612619082,-0.19645285243214855,-0.7658843411529673,-0.014127257798676098
2.278,-0.21146729854265153,-0.7116965648516467,-0.19721825343411634,-0.7654010019677879,-0.014127257798676098
2.279,-0.2121787339275608,-0.7111739124008591,-0.19798317158023812,-0.7649181461217937,-0.014127257798676098
2.2800000000000002,-0.21288964578253633,-0.7106495051991383,-0.19874759545533635,-0.7644238750982278,-0.013532356127799804
2.281,-0.21360003235347347,-0.7101233445404072,-0.19951152555368204,-0.7639300983456856,-0.013532356127799804
2.282,-0.2143098918875641,-0.7095954317229145,-0.20027496236905193,-0.7634368153698959,-0.013532356127799804
2.283,-0.21501922263330042,-0.7090657680492329,-0.20103790639472902,-0.7629440256770821,-0.013532356127799804
2.2840000000000003,-0.21572802284047954,-0.7085343548262547,-0.20180035812350297,-0.762451728773961,-0.013532356127799804
2.285,-0.21643629076020696,-0.7080011933651894,-0.20256230613464118,-0.7619480111382025,-0.01293670465077651
2.286,-0.21714402464490226,-0.7074662849815598,-0.20332375093186125,-0.7614447972200798,-0.01293670465077651
2.287,-0.21785122274830238,-0.7069296309951991,-0.20408469301837712,-0.7609420865158752,-0.01293670465077651
2.2880000000000003,-0.21855788332546652,-0.7063912327302477,-0.20484513289689948,-0.7604398785223749,-0.01293670465077651
2.289,-0.21926400463277956,-0.7058510915151499,-0.20560507106963635,-0.7599381727368681,-0.01293670465077651
2.29,-0.21996958492795754,-0.7053092086826503,-0.2063644961109705,-0.7594250413341388,-0.012340338500377034
2.291,-0.22067462247005126,-0.7047655855697912,-0.2071234085340333,-0.7589124230628121,-0.012340338500377034
2.2920000000000003,-0.22137911551945086,-0.704220223517908,-0.20788180885144306,-0.7584003174097569,-0.012340338500377034
2.293,-0.22208306233788935,-0.703673123872628,-0.2086396975753054,-0.7578887238623546,-0.012340338500377034
2.294,-0.22278646118844814,-0.703124287983865,-0.2093970752172139,-0.7573776419084998,-0.012340338500377034
2.295,-0.22348931033556052,-0.7025737172058167,-0.210153930347337,-0.756855130123109,-0.011743292825888329
2.2960000000000003,-0.22419160804501623,-0.7020214128969621,-0.2109102634881865,-0.7563331408495036,-0.011743292825888329
2.297,-0.22489335258396514,-0.7014673764200571,-0.21166607516175168,-0.7558116735651719,-0.011743292825888329
2.298,-0.22559454222092254,-0.7009116091421316,-0.2124213658894998,-0.7552907277481244,-0.011743292825888329
2.299,-0.2262951752257727,-0.700354112434486,-0.21317613619237671,-0.7547703028768941,-0.011743292825888329
2.3000000000000003,-0.22699524986977354,-0.699794887672688,-0.2139303746370066,-0.7542384446298878,-0.011145602793531852
2.301,-0.22769476442556003,-0.6992339362365695,-0.21468408175524772,-0.7537071182411285,-0.011145602793531852
2.302,-0.2283937171671498,-0.6986712595102221,-0.21543725807842648,-0.7531763231787579,-0.011145602793531852
2.303,-0.2290921063699462,-0.6981068588819949,-0.21618990413733793,-0.7526460589114499,-0.011145602793531852
2.3040000000000003,-0.22978993031074407,-0.6975407357444896,-0.21694202046224634,-0.7521163249084091,-0.011145602793531852
2.305,-0.2304871872677313,-0.6969728914945597,-0.21769359561690158,-0.7515751546552369,-0.010547303586815084
2.306,-0.23118387552049577,-0.6964033275333041,-0.2184446301424739,-0.751034525572318,-0.010547303586815084
2.307,-0.2318799933500289,-0.6958320452660652,-0.21919512457959237,-0.750494437118482,-0.010547303586815084
2.308,-0.23257553903872896,-0.6952590461024253,-0.21994507946834546,-0.7499548887530998,-0.010547303586815084
2.309,-0.23327051087040648,-0.6946843314562023,-0.22069449534828153,-0.7494158799360829,-0.010547303586815084
2.31,-0.2339649071302866,-0.6941079027454486,-0.2214433607809458,-0.7488654326642833,-0.009948430406819819
2.311,-0.2346587261050163,-0.6935297613924438,-0.22219167631678557,-0.7483155358397554,-0.009948430406819819
2.312,-0.2353519660826661,-0.6929499088236947,-0.22293944250569764,-0.747766188912052,-0.009948430406819819
2.313,-0.2360446253527354,-0.6923683464699293,-0.2236866598970289,-0.7472173913312764,-0.009948430406819819
2.314,-0.236736702206156,-0.6917850757660957,-0.224433329039577,-0.7466691425480815,-0.009948430406819819
2.315,-0.23742819493529718,-0.6912000981513557,-0.22517943849335198,-0.7461094537749818,-0.009349018472422654
2.316,-0.2381191018339694,-0.690613415069084,-0.22592498881804263,-0.7455503246906553,-0.009349018472422654
2.317,-0.23880942119742876,-0.690025027966862,-0.22666998057277804,-0.7449917547354131,-0.009349018472422654
2.318,-0.23949915132238045,-0.6894349382964773,-0.22741441431612816,-0.7444337433501261,-0.009349018472422654
2.319,-0.24018829050698418,-0.688843147513917,-0.22815829060610437,-0.7438762899762245,-0.009349018472422654
2.32,-0.2408768370508575,-0.6882496570793659,-0.22890159800185103,-0.7433073957466572,-0.008749103020448679
2.321,-0.24156478925508043,-0.6876544684572028,-0.22964433707226234,-0.7427390704113195,-0.008749103020448679
2.322,-0.24225214542219894,-0.6870575831159966,-0.23038650838566366,-0.7421713134013171,-0.008749103020448679
2.323,-0.2429389038562302,-0.6864590025285026,-0.231128112509812,-0.7416041241483248,-0.008749103020448679
2.324,-0.24362506286266605,-0.6858587281716585,-0.2318691500118966,-0.7410375020845854,-0.008749103020448679
2.325,-0.2443106207484775,-0.6852567615265819,-0.2326096094508652,-0.740459438968616,-0.008148719305760777
2.326,-0.24499557582211828,-0.6846531040785656,-0.23334949140478095,-0.7398819539157626,-0.008148719305760777
2.327,-0.24567992639353,-0.6840477573170745,-0.2340887964511289,-0.739305046347962,-0.008148719305760777
2.328,-0.2463636707741457,-0.6834407227357413,-0.23482752516681663,-0.7387287156877292,-0.008148719305760777
2.329,-0.2470468072768942,-0.6828320018323634,-0.23556567812817478,-0.7381529613581568,-0.008148719305760777
2.33,-0.24772933421620377,-0.6822215961088994,-0.2363032438946236,-0.7375657664488242,-0.007547902601280788
2.331,-0.24841124990800723,-0.6816095070714648,-0.237040223053358,-0.736979158734401,-0.007547902601280788
2.332,-0.24909255266974534,-0.6809957362303283,-0.2377766161909857,-0.7363931376276922,-0.007547902601280788
2.333,-0.2497732408203715,-0.6803802850999082,-0.23851242389352778,-0.7358077025420902,-0.007547902601280788
2.334,-0.250453312680355,-0.6797631551987694,-0.23924764674641935,-0.7352228528915736,-0.007547902601280788
2.335,-0.25113276657168626,-0.6791443480496184,-0.23998227331022198,-0.734626563802641,-0.006946688197947259
2.336,-0.2518116008178802,-0.6785238651793006,-0.24071630418122478,-0.7340308710027973,-0.006946688197947259
2.337,-0.2524898137439815,-0.6779017081187949,-0.24144973995512053,-0.7334357738957534,-0.006946688197947259
2.338,-0.2531674036765663,-0.6772778784032131,-0.24218258122700634,-0.7328412718858166,-0.006946688197947259
2.339,-0.253844368943749,-0.6766523775717926,-0.24291482859138422,-0.7322473643778897,-0.006946688197947259
2.34,-0.25452070787518544,-0.6760252071678944,-0.24364647061062583,-0.7316420192416039,-0.006345111404603834
2.341,-0.2551964188020767,-0.6753963687389988,-0.24437750789007628,-0.7310372794504544,-0.006345111404603834
2.342,-0.2558715000571726,-0.6747658638367029,-0.2451079410344754,-0.730433144399096,-0.006345111404603834
2.343,-0.25654594997477725,-0.6741336940167145,-0.24583777064795817,-0.729829613482789,-0.006345111404603834
2.344,-0.25721976689075304,-0.6734998608388497,-0.24656699733405557,-0.7292266860973983,-0.006345111404603834
2.345,-0.25789294914252386,-0.6728643658670286,-0.24729560965761782,-0.7286123235622574,-0.005743207547825681
2.346,-0.2585654950690785,-0.6722272106692727,-0.24802360823300748,-0.7279985753896516,-0.005743207547825681
2.347,-0.2592374030109775,-0.6715883968176984,-0.2487509936739727,-0.7273854409652185,-0.005743207547825681
2.348,-0.25990867131035456,-0.6709479258885157,-0.2494777665936479,-0.7267729196752098,-0.005743207547825681
2.349,-0.26057929831092214,-0.6703057994620225,-0.2502039276045544,-0.7261610109064911,-0.005743207547825681
2.35,-0.26124928235797434,-0.6696620191226025,-0.2509294652746894,-0.725537670135018,-0.005141011971673305
2.351,-0.2619186217983924,-0.6690165864587195,-0.2516543802273937,-0.7249149527043165,-0.005141011971673305
2.352,-0.2625873149806477,-0.6683695030629144,-0.25237867308538475,-0.7242928579910456,-0.005141011971673305
2.353,-0.2632553602548065,-0.6677207705318009,-0.25310234447075725,-0.723671385372488,-0.005141011971673305
2.354,-0.2639227559725332,-0.6670703904660624,-0.2538253950049838,-0.723050534226549,-0.005141011971673305
2.355,-0.26458950048709523,-0.6664183644704471,-0.25454781325987685,-0.7224182548930702,-0.004538560037392305
2.356,-0.2652555921533669,-0.665764694153764,-0.2552695998677158,-0.721786607838925,-0.004538560037392305
2.357,-0.2659210293278334,-0.6651093811288797,-0.25599075546014766,-0.7211555924318339,-0.004538560037392305
2.358,-0.2665858103685943,-0.6644524270127142,-0.2567112806681878,-0.72052520804015,-0.004538560037392305
2.359,-0.2672499336353686,-0.6637938334262363,-0.25743117612222066,-0.7198954540328577,-0.004538560037392305
2.36,-0.2679133974894982,-0.6631336019944603,-0.25815043039854196,-0.7192542763212856,-0.003935887123035876
2.361,-0.2685762002939522,-0.6624717343464414,-0.2588690441383294,-0.718613739787425,-0.003935887123035876
2.362,-0.2692383404133301,-0.6618082321152724,-0.2595870179821195,-0.7179738437900983,-0.003935887123035876
2.363,-0.26989981621386727,-0.661143096938079,-0.2603043525698082,-0.7173345876887689,-0.003935887123035876
2.364,-0.27056062606343784,-0.6604763304560164,-0.2610210485406518,-0.7166959708435409,-0.003935887123035876
2.365,-0.27122076833155945,-0.6598079343142641,-0.26173709447609694,-0.7160459354451579,-0.003333028623032308
2.366,-0.27188024138939626,-0.6591379101620237,-0.2624524910261791,-0.7153965500821734,-0.003333028623032308
2.367,-0.2725390436097643,-0.6584662596525129,-0.2631672388402837,-0.7147478141045519,-0.003333028623032308
2.368,-0.2731971733671345,-0.6577929844429626,-0.26388133856714663,-0.714099726862908,-0.003333028623032308
2.369,-0.27385462903763735,-0.6571180861946124,-0.26459479085485516,-0.7134522877085058,-0.003333028623032308
2.37,-0.2745114089990659,-0.6564415665727068,-0.2653075842906749,-0.7127934358197509,-0.0027300199476817943
2.371,-0.27516751163088116,-0.6557634272464906,-0.2660197195334578,-0.7121352427828848,-0.0027300199476817943
2.372,-0.2758229353142149,-0.6550836698892054,-0.2667311972413969,-0.7114777079390555,-0.0027300199476817943
2.373,-0.27647767843187504,-0.6544022961780841,-0.26744201807202694,-0.7108208306300701,-0.0027300199476817943
2.374,-0.2771317393683471,-0.6537193077943496,-0.26815218268222535,-0.7101646101983936,-0.0027300199476817943
2.375,-0.277785116509801,-0.6530347064232076,-0.268861679665744,-0.7094969835186471,-0.002126896522595456
2.376,-0.2784378082440938,-0.6523484937538435,-0.26957050969020957,-0.7088300244655804,-0.002126896522595456
2.3770000000000002,-0.27908981296077384,-0.6516606714794189,-0.27027867342258116,-0.7081637323715667,-0.002126896522595456
2.378,-0.27974112905108356,-0.6509712412970673,-0.27098617152915083,-0.7074981065696471,-0.002126896522595456
2.379,-0.2803917549079654,-0.6502802049078893,-0.27169300467554436,-0.7068331463935293,-0.002126896522595456
2.38,-0.2810416889260651,-0.6495875640169478,-0.27239916146266724,-0.7061567871228972,-0.0015236937880670834
2.3810000000000002,-0.2816909295017353,-0.6488933203332654,-0.2731046425668788,-0.7054811042115356,-0.0015236937880670834
2.382,-0.28233947503303847,-0.6481974755698202,-0.27380944866386187,-0.7048060969830855,-0.0015236937880670834
2.383,-0.2829873239197537,-0.6475000314435393,-0.2745135804286237,-0.7041317647618638,-0.0015236937880670834
2.384,-0.2836344745633781,-0.6468009896752969,-0.2752170385354966,-0.7034581068728633,-0.0015236937880670834
2.3850000000000002,-0.2842809253671321,-0.6461003519899086,-0.27591981159320655,-0.7027730577099581,-0.0009204471983846017
2.386,-0.28492667473596184,-0.6453981201161292,-0.2766219002868028,-0.7020886935962158,-0.0009204471983846017
2.387,-0.28557172107654555,-0.6446942957866455,-0.27732330530064936,-0.7014050138465873,-0.0009204471983846017
2.388,-0.28621606279729533,-0.6439888807380741,-0.27802402731842607,-0.7007220177767084,-0.0009204471983846017
2.3890000000000002,-0.2868596983083622,-0.6432818767109564,-0.27872406702312896,-0.7000397047028993,-0.0009204471983846017
2.39,-0.28750262602163923,-0.6425732854497548,-0.2794234130319716,-0.699346008842618,-0.00031719222107716785
2.391,-0.28814484435076637,-0.6418631087028476,-0.2801220660386498,-0.698653006678197,-0.00031719222107716785
2.392,-0.2887863517111337,-0.6411513482225254,-0.28082002673616574,-0.6979606975159404,-0.00031719222107716785
2.3930000000000002,-0.28942714651988577,-0.6404380057649863,-0.2815172958168286,-0.697269080662846,-0.00031719222107716785
2.394,-0.2900672271959247,-0.6397230830903323,-0.2822138739722552,-0.6965781554266047,-0.00031719222107716785
2.395,-0.29070659215991523,-0.6390065819625637,-0.2829097498288131,-0.6958758565579003,0.0002860356638923027
2.396,-0.29134523983428795,-0.6382885041495759,-0.28360492408880117,-0.6951742599880646,0.0002860356638923027
2.3970000000000002,-0.2919831686432433,-0.6375688514231543,-0.284299397453816,-0.6944733650147987,0.0002860356638923027
2.398,-0.29262037701275506,-0.6368476255589708,-0.2849931706247525,-0.693773170936506,0.0002860356638923027
2.399,-0.29325686337057505,-0.6361248283365785,-0.2856862443018048,-0.6930736770522917,0.0002860356638923027
2.4,-0.2938926261462365,-0.6354004615394074,-0.2863786071211607,-0.6923628193559394,0.0008892009650018247
2.4010000000000002,-0.2945276637710581,-0.6346745269547608,-0.287070259793678,-0.6916526725172834,0.0008892009650018247
2.402,-0.2951619746781473,-0.6339470263738102,-0.2877612030295035,-0.690943235825466,0.0008892009650018247
2.403,-0.2957955573024052,-0.6332179615915907,-0.28845143753807384,-0.6902345085703405,0.0008892009650018247
2.404,-0.29642841008052956,-0.6324873344069974,-0.2891409640281163,-0.6895264900424701,0.0008892009650018247
2.4050000000000002,-0.29706053145101935,-0.63175514662278,-0.2898297711463051,-0.6888071181888257,0.0014922681801009183
2.406,-0.29769191985417753,-0.6310214000455393,-0.29051785961201215,-0.6880884657070349,0.0014922681801009183
2.407,-0.2983225737321161,-0.6302860964857221,-0.2912052301438899,-0.6873705318777258,0.0014922681801009183
2.408,-0.29895249152875925,-0.6295492377576168,-0.2918918834598721,-0.686653315982246,0.0014922681801009183
2.4090000000000003,-0.29958167168984806,-0.6288108256793485,-0.29257782027717477,-0.6859368173026618,0.0014922681801009183
2.41,-0.3002101126629421,-0.6280708620728764,-0.2932630292536242,-0.685208976449411,0.0020952017974009036
2.411,-0.30083781289742617,-0.6273293487639869,-0.2939475111170612,-0.6844818634370136,0.0020952017974009036
2.412,-0.3014647708445122,-0.6265862875822904,-0.2946312665945988,-0.6837554775376286,0.0020952017974009036
2.4130000000000003,-0.30209098495724435,-0.6258416803612159,-0.29531429641262297,-0.6830298180241429,0.0020952017974009036
2.414,-0.3027164536905008,-0.6250955289380086,-0.2959966012967931,-0.6823048841701707,0.0020952017974009036
2.415,-0.3033411755009997,-0.6243478351537226,-0.29667816991675316,-0.68156861996007,0.0026979662965212377
2.416,-0.3039651488473025,-0.6235986008532178,-0.29735900300876733,-0.6808330920141795,0.0026979662965212377
2.4170000000000003,-0.3045883721898172,-0.6228478278851551,-0.2980391013083636,-0.6800982995962349,0.0026979662965212377
2.418,-0.30521084399080123,-0.6220955181019933,-0.29871846555033427,-0.6793642419707082,0.0026979662965212377
2.419,-0.305832562714368,-0.6213416733599809,-0.2993970964687371,-0.6786309184028071,0.0026979662965212377
2.42,-0.30645352682648813,-0.6205862955191553,-0.3000749827456985,-0.6778862769614125,0.003300526149593419
2.4210000000000003,-0.30707373479499483,-0.6198293864433359,-0.30075212512585997,-0.6771423801614592,0.003300526149593419
2.422,-0.3076931850895857,-0.6190709480001213,-0.3014285243531183,-0.6763992272583059,0.003300526149593419
2.423,-0.3083118761818294,-0.6183109820608824,-0.3021041811706263,-0.6756568175080557,0.003300526149593419
2.424,-0.30892980654516705,-0.6175494905007597,-0.30277909632079386,-0.6749151501675558,0.003300526149593419
2.4250000000000003,-0.30954697465491704,-0.6167864751986578,-0.3034532584988948,-0.6741621781009397,0.0039028458224230275
2.426,-0.310163378988278,-0.6160219380372415,-0.3041266684579012,-0.6734099590063903,0.0039028458224230275
2.427,-0.3107790180243338,-0.61525588090293,-0.30479932695003215,-0.6726584921309355,0.0039028458224230275
2.428,-0.31139389024405617,-0.6144883056858932,-0.3054712347267545,-0.6719077767223561,0.0039028458224230275
2.4290000000000003,-0.31200799413030933,-0.6137192142800464,-0.3061423925387837,-0.6711578120291853,0.0039028458224230275
2.43,-0.3126213281678526,-0.6129486085830466,-0.3068127890952054,-0.6703965564216421,0.0045048897757038915
2.431,-0.3132338908433454,-0.6121764904962865,-0.3074824251572751,-0.6696360620697064,0.0045048897757038915
2.432,-0.3138456806453502,-0.6114028619248908,-0.3081513014854872,-0.6688763282121226,0.0045048897757038915
2.433,-0.31445669606433646,-0.6106277247777111,-0.3088194188395756,-0.6681173540883965,0.0045048897757038915
2.434,-0.31506693559268456,-0.609851080967321,-0.30948677797851437,-0.667359138938794,0.0045048897757038915
2.435,-0.31567639772468886,-0.6090729324100121,-0.3101533676258649,-0.6665896473505294,0.00510662246628556
2.436,-0.3162850809565622,-0.608293281025789,-0.31081918855111873,-0.6658209252538532,0.00510662246628556
2.437,-0.31689298378643926,-0.6075121287383634,-0.31148424152299803,-0.6650529718792736,0.00510662246628556
2.438,-0.3175001047143804,-0.6067294774751509,-0.3121485273094561,-0.6642857864580686,0.00510662246628556
2.439,-0.3181064422423747,-0.6059453291672663,-0.31281204667767837,-0.6635193682222847,0.00510662246628556
2.44,-0.3187119948743448,-0.6051596857495171,-0.31347478836636544,-0.6627416886870925,0.005708008348497405
2.441,-0.31931676111614965,-0.6043725491604006,-0.3141367531531969,-0.6619647868314354,0.005708008348497405
2.442,-0.3199207394755893,-0.6035839213420975,-0.31479794181507453,-0.661188661877634,0.005708008348497405
2.443,-0.3205239284624063,-0.6027938042404694,-0.3154583551281233,-0.6604133130487865,0.005708008348497405
2.444,-0.3211263265882922,-0.6020021998050512,-0.31611799386769207,-0.6596387395687677,0.005708008348497405
2.445,-0.32172793236688924,-0.6012091099890484,-0.3167768467882838,-0.6588529205916885,0.006309011875521464
2.446,-0.32232874431379577,-0.6004145367493307,-0.3174349146757174,-0.6580678874335865,0.006309011875521464
2.447,-0.3229287609465671,-0.5996184820464293,-0.31809219831502605,-0.6572836393086424,0.006309011875521464
2.448,-0.323527980784722,-0.5988209478445301,-0.3187486984904579,-0.6565001754318234,0.006309011875521464
2.449,-0.3241264023497455,-0.5980219361114688,-0.31940441598547675,-0.6557174950188811,0.006309011875521464
2.45,-0.32472402416509194,-0.5972214488187274,-0.3200593395710506,-0.6549235855738459,0.006909597500815733
2.451,-0.3253208447561881,-0.5964194879414297,-0.32071347004108886,-0.6541304700382558,0.006909597500815733
2.452,-0.32591686265043923,-0.5956160554583336,-0.32136680818870705,-0.6533381476182012,0.006909597500815733
2.453,-0.32651207637723023,-0.5948111533518291,-0.3220193548062276,-0.6525466175205666,0.006909597500815733
2.454,-0.32710648446793067,-0.5940047836079316,-0.3226711106851807,-0.6517558789530298,0.006909597500815733
2.455,-0.3277000854558969,-0.5931969482162797,-0.32332206461366114,-0.650953928480485,0.007509729679592569
2.456,-0.3282928778764781,-0.5923876491701255,-0.32397221739361953,-0.6501527799584126,0.007509729679592569
2.457,-0.3288848602670178,-0.5915768884663348,-0.3246215698262044,-0.6493524325848623,0.007509729679592569
2.458,-0.3294760311668584,-0.5907646681053784,-0.3252701227117631,-0.6485528855586856,0.007509729679592569
2.459,-0.33006638911734426,-0.5899509900913298,-0.32591787684984264,-0.6477541380795351,0.007509729679592569
2.46,-0.33065593266182586,-0.5891358564318585,-0.32656482104632667,-0.6469441964840488,0.008109372870336529
2.461,-0.33124466034566313,-0.5883192691382257,-0.3272109561111568,-0.646135064830158,0.008109372870336529
2.462,-0.33183257071622924,-0.5875012302252792,-0.32785628285346474,-0.6453267423079212,0.008109372870336529
2.463,-0.3324196623229134,-0.586681741711449,-0.32850080208157295,-0.6445192281082065,0.008109372870336529
2.464,-0.3330059337171257,-0.5858608056187415,-0.32914451460299565,-0.6437125214226915,0.008109372870336529
2.465,-0.3335913834522997,-0.585038423972735,-0.3297874092420662,-0.6428946390705412,0.008708491536378836
2.466,-0.3341760100838965,-0.584214598802574,-0.3304294868166669,-0.6420775746007431,0.008708491536378836
2.467,-0.33475981216940776,-0.5833893321409657,-0.33107074814386234,-0.6412613271954147,0.008708491536378836
2.468,-0.33534278826835995,-0.5825626260241733,-0.33171119403989985,-0.6404458960374917,0.008708491536378836
2.469,-0.33592493694231756,-0.5817344824920121,-0.3323508253202106,-0.6396312803107266,0.008708491536378836
2.47,-0.3365062567548867,-0.5809049035878436,-0.33298963082823807,-0.6388055080274656,0.009307050147512652
2.471,-0.33708674627171825,-0.5800738913585718,-0.33362761138975455,-0.6379805615164879,0.009307050147512652
2.472,-0.3376664040605122,-0.5792414478546365,-0.3342647678297066,-0.6371564399520211,0.009307050147512652
2.473,-0.3382452286910205,-0.5784075751300094,-0.3349011009722157,-0.6363331425091188,0.009307050147512652
2.474,-0.33882321873505117,-0.5775722752421882,-0.33553661164057935,-0.6355106683636594,0.009307050147512652
2.475,-0.3394003727664709,-0.5767355502521928,-0.336171288698011,-0.6346770574316627,0.009905013181656906
2.476,-0.33997668936120956,-0.5758974022245588,-0.3368051329781216,-0.6338442801105979,0.009905013181656906
2.477,-0.3405521670972632,-0.5750578332273332,-0.33743814531368843,-0.6330123355668542,0.009905013181656906
2.478,-0.3411268045546983,-0.5742168453320683,-0.3380703265366561,-0.6321812229676542,0.009905013181656906
2.479,-0.34170060031565325,-0.5733744406138191,-0.3387016774781371,-0.6313509414810534,0.009905013181656906
2.48,-0.34227355296434436,-0.5725306211511354,-0.33933218702177415,-0.6305095436370411,0.010502345126560918
2.481,-0.34284566108706777,-0.5716853890260576,-0.339961856008965,-0.6296689871908729,0.010502345126560918
2.482,-0.3434169232722042,-0.5708387463241114,-0.34059068528026615,-0.6288292713011508,0.010502345126560918
2.483,-0.34398733811022025,-0.5699906951343044,-0.3412186756753935,-0.6279903951273185,0.010502345126560918
2.484,-0.3445569041936741,-0.5691412375491186,-0.34184582803322316,-0.62715235782966,0.010502345126560918
2.485,-0.3451256201172184,-0.5682903756645056,-0.34247213125848536,-0.6263032252621992,0.011099010481555791
2.486,-0.34569348447760334,-0.5674381115798821,-0.34309758620031267,-0.6254549418273059,0.011099010481555791
2.487,-0.3462604958736792,-0.5665844473981264,-0.34372219370698853,-0.6246075066758474,0.011099010481555791
2.488,-0.34682665290640236,-0.565729385225569,-0.3443459546259481,-0.6237609189595404,0.011099010481555791
2.489,-0.3473919541788365,-0.5648729271719912,-0.34496886980377905,-0.6229151778309497,0.011099010481555791
2.49,-0.34795639829615727,-0.5640150753506173,-0.34559092816695697,-0.622058363177932,0.011694973759343297
2.491,-0.3485199838656541,-0.5631558318781129,-0.34621213057229655,-0.6212024053395672,0.011694973759343297
2.492,-0.34908270949673625,-0.5622951988745747,-0.3468324778757556,-0.6203473034590408,0.011694973759343297
2.493,-0.349644573800934,-0.5614331784635295,-0.347451970932436,-0.6194930566803949,0.011694973759343297
2.494,-0.35020557539190317,-0.5605697727719264,-0.34807061059658456,-0.6186396641485277,0.011694973759343297
2.495,-0.3507657128854278,-0.559704983930134,-0.34868838581707917,-0.6177752204946225,0.012290199487831631
2.496,-0.35132498489942454,-0.5588388140719324,-0.34930529745836353,-0.6169116412843713,0.012290199487831631
2.497,-0.3518833900539452,-0.5579712653345096,-0.34992134638401684,-0.6160489256533302,0.012290199487831631
2.498,-0.35244092697118073,-0.5571023398584556,-0.3505365334567548,-0.6151870727379203,0.012290199487831631
2.499,-0.35299759427546396,-0.5562320397877581,-0.3511508595384302,-0.6143260816754257,0.012290199487831631
2.5,-0.35355339059327373,-0.5553603672697959,-0.35176431360097976,-0.6134540625495102,0.012884652212001933
2.501,-0.3541083145532379,-0.5544873244553341,-0.35237689651642246,-0.6125829154427206,0.012884652212001933
2.5020000000000002,-0.354662364786137,-0.553612913498519,-0.3529886091559055,-0.6117126394830378,0.012884652212001933
2.503,-0.35521553992490673,-0.5527371365568732,-0.35359945238970486,-0.6108432337993147,0.012884652212001933
2.504,-0.3557678386046426,-0.5518599957912887,-0.35420942708722614,-0.6099746975212753,0.012884652212001933
2.505,-0.3563192594626026,-0.5509814933660234,-0.35481852224411997,-0.6090951568938375,0.013478296495822596
2.5060000000000002,-0.3568698011382107,-0.5501016314486946,-0.355426738739927,-0.6082164958070272,0.013478296495822596
2.507,-0.3574194622730597,-0.5492204122102744,-0.3560340774533083,-0.6073387133813037,0.013478296495822596
2.508,-0.35796824151091555,-0.5483378378250834,-0.3566405392620463,-0.606461808738006,0.013478296495822596
2.509,-0.35851613749772004,-0.5474539104707862,-0.35724612504304565,-0.6055857809993516,0.013478296495822596
2.5100000000000002,-0.35906314888159446,-0.5465686323283856,-0.3578508238163255,-0.6046987732798683,0.014071096924192162
2.511,-0.3596092743128423,-0.5456820055822176,-0.3584546364688936,-0.6038126525681046,0.014071096924192162
2.512,-0.36015451244395347,-0.5447940324199455,-0.35905756388687066,-0.6029274179770526,0.014071096924192162
2.513,-0.36069886192960704,-0.5439047150325549,-0.35965960695549126,-0.6020430686205918,0.014071096924192162
2.5140000000000002,-0.361242321426675,-0.5430140556143476,-0.3602607665591048,-0.6011596036134873,0.014071096924192162
2.515,-0.3617848895942247,-0.5421220563629378,-0.3608610317427525,-0.6002651836477754,0.014663018104924961
2.516,-0.36232656509352335,-0.5412287194792444,-0.36146040340085456,-0.5993716581020291,0.014663018104924961
2.517,-0.36286734658804026,-0.5403340471674882,-0.3620588824269364,-0.5984790260818286,0.014663018104924961
2.5180000000000002,-0.36340723274345155,-0.5394380416351829,-0.36265646971363,-0.5975872866936482,0.014663018104924961
2.519,-0.36394622222764095,-0.5385407050931342,-0.3632531661526749,-0.5966964390448561,0.014663018104924961
2.52,-0.36448431371070567,-0.5376420397554308,-0.3638489608147873,-0.595794662112396,0.015254024670766052
2.521,-0.36502150586495874,-0.5367420478394394,-0.36444385460174417,-0.5948937869568682,0.015254024670766052
2.5220000000000002,-0.36555779736493216,-0.5358407315658004,-0.36503784841442066,-0.5939938126764961,0.015254024670766052
2.523,-0.3660931868873793,-0.5349380931584231,-0.36563094315279104,-0.5930947383704043,0.015254024670766052
2.524,-0.3666276731112799,-0.5340341348444778,-0.3662231397159297,-0.5921965631386186,0.015254024670766052
2.525,-0.36716125471784267,-0.5331288588543913,-0.36681442720087953,-0.5912874849498511,0.015844081281442202
2.5260000000000002,-0.3676939303905081,-0.5322222674218418,-0.3674048065167188,-0.5903793158392724,0.015844081281442202
2.527,-0.3682256988149512,-0.531314362783755,-0.3679942785716166,-0.5894720548978043,0.015844081281442202
2.528,-0.36875655867908685,-0.5304051471802941,-0.3685828442728339,-0.5885657012172777,0.015844081281442202
2.529,-0.369286508673071,-0.5294946228548585,-0.36917050452672434,-0.5876602538904315,0.015844081281442202
2.5300000000000002,-0.36981554748930484,-0.5285827920540763,-0.36975724845730834,-0.5867439305840262,0.016433152625745562
2.531,-0.3703436738224374,-0.5276696570277999,-0.3703430769809093,-0.5858285236009273,0.016433152625745562
2.532,-0.37087088636936955,-0.5267552200290987,-0.3709279910129341,-0.5849140320248115,0.016433152625745562
2.533,-0.3713971838292568,-0.5258394833142553,-0.3715119914678744,-0.5840004549402718,0.016433152625745562
2.5340000000000003,-0.37192256490351255,-0.5249224491427589,-0.3720950792593072,-0.5830877914328165,0.016433152625745562
2.535,-0.372447028295811,-0.5240041197773004,-0.3726772435388801,-0.5821642795729107,0.01702120342364719
2.536,-0.37297057271209105,-0.5230844974837661,-0.37325848523010496,-0.5812416912248649,0.01702120342364719
2.537,-0.3734931968605588,-0.5221635845312326,-0.3738388052555701,-0.5803200254651671,0.01702120342364719
2.5380000000000003,-0.3740148994516913,-0.5212413831919606,-0.37441820453694136,-0.579399281371229,0.01702120342364719
2.539,-0.374535679198239,-0.520317895741391,-0.3749966839949627,-0.5784794580213848,0.01702120342364719
2.54,-0.37505553481522974,-0.5193931244581369,-0.37557423280955754,-0.5775488145947946,0.017608198428440323
2.541,-0.37557446501997155,-0.5184670716239795,-0.37615085191136916,-0.576619101811631,0.017608198428440323
2.5420000000000003,-0.37609246853205575,-0.517539739523862,-0.37672654223011043,-0.5756903187412505,0.017608198428440323
2.543,-0.37660954407336,-0.5166111304458846,-0.37730130469456435,-0.5747624644539405,0.017608198428440323
2.544,-0.3771256903680519,-0.5156812466812976,-0.3778751402325853,-0.5738355380209178,0.017608198428440323
2.545,-0.37764090614259177,-0.5147500905244967,-0.3784480380530196,-0.5728978204343186,0.01819410242891335
2.5460000000000003,-0.37815519012573606,-0.513817664273017,-0.37901999909358486,-0.571961040565306,0.01819410242891335
2.547,-0.3786685410485397,-0.5128839702275284,-0.379591024291061,-0.5710251974761624,0.01819410242891335
2.548,-0.37918095764436077,-0.5119490106918272,-0.3801611145812911,-0.570090290230108,0.01819410242891335
2.549,-0.37969243864886215,-0.5110127879728336,-0.3807302708991824,-0.5691563178912997,0.01819410242891335
2.5500000000000003,-0.3802029828000156,-0.5100753043805833,-0.38129848248315074,-0.5682115839683775,0.018778880251548512
2.551,-0.3807125888381035,-0.5091365622282251,-0.3818657502779301,-0.567267794779378,0.018778880251548512
2.552,-0.38122125550572394,-0.5081965638320114,-0.3824320752273097,-0.5663249493795677,0.018778880251548512
2.553,-0.38172898154779256,-0.5072553115112948,-0.38299745827413484,-0.5653830468251572,0.018778880251548512
2.5540000000000003,-0.38223576571154577,-0.5063128075885217,-0.38356190036030813,-0.564442086173301,0.018778880251548512
2.555,-0.382741606746544,-0.5053690543892271,-0.38412539075446,-0.5634903941518727,0.019362496762750436
2.556,-0.3832465034046748,-0.5044240542420279,-0.3846879304082825,-0.5625396538224658,0.019362496762750436
2.557,-0.3837504544401559,-0.5034778094786182,-0.38524952027251586,-0.5615898642333884,0.019362496762750436
2.5580000000000003,-0.3842534586095384,-0.5025303224337624,-0.3858101612969498,-0.5606410244339001,0.019362496762750436
2.559,-0.3847555146717091,-0.5015815954452915,-0.386369854430424,-0.5596931334742111,0.019362496762750436
2.56,-0.3852566213878947,-0.5006316308540947,-0.3869285889724273,-0.5587345420033151,0.01994491687109354
2.561,-0.38575677752166426,-0.499680431004115,-0.3874863658815512,-0.5577769091238899,0.01994491687109354
2.562,-0.3862559818389322,-0.49872799824234365,-0.38804318611542854,-0.5568202338773441,0.01994491687109354
2.563,-0.3867542331079616,-0.4977743349188137,-0.3885990506307346,-0.555864515306045,0.01994491687109354
2.564,-0.38725153009936686,-0.49681944338659456,-0.3891539603831879,-0.5549097524533171,0.01994491687109354
2.565,-0.3877478715861171,-0.4958633260017863,-0.38970790470377814,-0.5539443205902718,0.02052610552960078
2.566,-0.3882432563435392,-0.4949059851235134,-0.3902608845579372,-0.5529798541590895,0.02052610552960078
2.567,-0.38873768314932056,-0.4939474231139188,-0.39081290091013154,-0.5520163521943383,0.02052610552960078
2.568,-0.3892311507835118,-0.4929876423381601,-0.3913639547238631,-0.5510538137315519,0.02052610552960078
2.569,-0.3897236580285308,-0.4920266451644005,-0.3919140469616703,-0.5500922378072284,0.02052610552960078
2.57,-0.3902152036691646,-0.4910644339638052,-0.392463166986685,-0.5491200250146604,0.021106027738038328
2.571,-0.3907057864925741,-0.49010101111053345,-0.39301131577111986,-0.548148784434885,0.021106027738038328
2.572,-0.39119540528829405,-0.4891363789817368,-0.39355849428621553,-0.5471785150956894,0.021106027738038328
2.573,-0.39168405884823904,-0.4881705399575486,-0.39410470350224136,-0.5462092160258329,0.021106027738038328
2.574,-0.39217174596670495,-0.4872034964210807,-0.39464994438849643,-0.5452408862550463,0.021106027738038328
2.575,-0.39265846544037264,-0.4862352507584163,-0.3951942063408943,-0.5442619523978866,0.02168464854523659
2.576,-0.3931442160683093,-0.4852658053586069,-0.3957374903383689,-0.5432839974745839,0.02168464854523659
2.577,-0.3936289966519744,-0.4842951626136611,-0.39627979735887514,-0.5423070205062046,0.02168464854523659
2.578,-0.3941128059952198,-0.4833233249185439,-0.39682112837938993,-0.5413310205147936,0.02168464854523659
2.579,-0.3945956429042943,-0.48235029467116775,-0.3973614843759133,-0.5403559965233741,0.02168464854523659
2.58,-0.3950775061878452,-0.48137607427238904,-0.3979008547777791,-0.5393704018658221,0.02226193305143167
2.581,-0.3955583946569231,-0.48040066612599924,-0.398439240570582,-0.5383857928029276,0.02226193305143167
2.582,-0.39603830712498345,-0.47942407263872094,-0.3989766427389311,-0.537402168349096,0.02226193305143167
2.583,-0.39651724240789005,-0.47844629622020163,-0.3995130622664508,-0.5364195275197183,0.02226193305143167
2.584,-0.3969951993239175,-0.47746733928300733,-0.40004850013578197,-0.53543786933117,0.02226193305143167
2.585,-0.3974721766937549,-0.4764872042426169,-0.4005829458103156,-0.5344456745336265,0.022837846410620064
2.586,-0.39794817334050775,-0.4755058935174163,-0.4011164002822465,-0.5334544719308805,0.022837846410620064
2.587,-0.39842318808970206,-0.47452340952869143,-0.4016488645427772,-0.5324642605307371,0.022837846410620064
2.588,-0.39889721976928555,-0.47353975470062515,-0.4021803395821192,-0.531475039341994,0.022837846410620064
2.589,-0.3993702672096325,-0.4725549314602873,-0.4027108263894936,-0.5304868073744397,0.022837846410620064
2.59,-0.39984232924354524,-0.47156894223763146,-0.40324031446298403,-0.5294880734904064,0.023412353832939235
2.591,-0.4003134047062578,-0.4705817894654878,-0.40376880480132427,-0.5284903383402572,0.023412353832939235
2.592,-0.4007834924354382,-0.4695934755795579,-0.4042962984022495,-0.5274936009252581,0.023412353832939235
2.593,-0.4012525912711917,-0.4686040030184079,-0.4048227962624972,-0.5264978602476741,0.023412353832939235
2.594,-0.40172070005606364,-0.467613374223463,-0.4053482993778079,-0.5255031153107677,0.023412353832939235
2.595,-0.40218781763504236,-0.4666215916390007,-0.40587279728159165,-0.5244979037837156,0.023985420587061216
2.596,-0.40265394285556105,-0.465628657712147,-0.4063962909790598,-0.5234936974681907,0.023985420587061216
2.597,-0.4031190745675024,-0.46463457489286736,-0.4069187814744188,-0.5224904953589813,0.023985420587061216
2.598,-0.40358321162320016,-0.463639345633962,-0.40744026977087067,-0.5214882964518811,0.023985420587061216
2.599,-0.4040463528774422,-0.46264297239106034,-0.40796075687061434,-0.520487099743688,0.023985420587061216
2.6,-0.40450849718747367,-0.4616454576226143,-0.4084802323430182,-0.5194754724038922,0.024557012002603455
2.601,-0.4049696434129993,-0.4606468037898924,-0.40899869719970966,-0.5184648566914363,0.024557012002603455
2.602,-0.40542979041618665,-0.4596470133569736,-0.40951615245130435,-0.5174552515946927,0.024557012002603455
2.603,-0.40588893706166895,-0.45864608879074104,-0.4100325991074074,-0.516446656103046,0.024557012002603455
2.604,-0.4063470822165471,-0.4576440325608776,-0.4105480381766143,-0.5154390692068909,0.024557012002603455
2.605,-0.4068042247503936,-0.4566408471398568,-0.4110624592648825,-0.514421088268233,0.025127093472551636
2.606,-0.40726036353525447,-0.45563653500293966,-0.41157586339019303,-0.5134041253105137,0.025127093472551636
2.607,-0.40771549744565344,-0.4546310986281648,-0.4120882515695088,-0.5123881793157522,0.025127093472551636
2.608,-0.40816962535859197,-0.4536245404963481,-0.41259962481877577,-0.5113732492669855,0.025127093472551636
2.609,-0.40862274615355487,-0.4526168630910712,-0.41310998415292405,-0.5103593341482674,0.025127093472551636
2.61,-0.40907485871251165,-0.451608068898678,-0.41361931921512907,-0.5093350622050051,0.025695630455701623
2.611,-0.40952596191991975,-0.4505981604082672,-0.41412763102966277,-0.5083118145336861,0.025695630455701623
2.612,-0.409976054662726,-0.4495871401116894,-0.4146349206197728,-0.5072895901100384,0.025695630455701623
2.613,-0.4104251358303722,-0.44857501050353493,-0.4151411890076836,-0.5062683879108143,0.025695630455701623
2.614,-0.41087320431479496,-0.4475617740811336,-0.4156464372145974,-0.5052482069137895,0.025695630455701623
2.615,-0.41132025901042996,-0.44654743334454494,-0.4161506549215347,-0.5042177069372935,0.026262588479108194
2.616,-0.4117662988142137,-0.445531990796555,-0.41665384315899545,-0.503188237460774,0.026262588479108194
2.617,-0.4122113226255877,-0.4445154489426669,-0.41715600295644917,-0.5021597974537311,0.026262588479108194
2.618,-0.41265532934649973,-0.4434978102910964,-0.41765713534233584,-0.5011323858866952,0.026262588479108194
2.619,-0.4130983178814075,-0.44247907735276587,-0.41815724134406707,-0.5001060017312263,0.026262588479108194
2.62,-0.4135402871372808,-0.4414592526412976,-0.41865631068113374,-0.49906933706668405,0.026827933140551142
2.621,-0.4139812360236044,-0.4404383386730075,-0.41915434439020055,-0.49803370906680633,0.026827933140551142
2.622,-0.41442116345238084,-0.43941633796689944,-0.4196513435068955,-0.4969991166949285,0.026827933140551142
2.623,-0.414860068338133,-0.4383932530446579,-0.4201473090658109,-0.49596555891542254,0.026827933140551142
2.624,-0.41529794959790634,-0.4373690864306445,-0.4206422421005046,-0.4949330346936961,0.026827933140551142
2.625,-0.4157348061512726,-0.4363438406518879,-0.4211361323695614,-0.4938902690567823,0.027391630111006426
2.626,-0.4161706369203317,-0.4353175182380802,-0.4216289809157469,-0.4928485461855054,0.027391630111006426
2.6270000000000002,-0.41660544082971446,-0.43429012172156983,-0.422120788780784,-0.4918078650370998,0.027391630111006426
2.628,-0.4170392168065855,-0.4332616536373556,-0.42261155700535386,-0.49076822456984254,0.027391630111006426
2.629,-0.41747196378064577,-0.43223211652308036,-0.4231012866290969,-0.48972962374305257,0.027391630111006426
2.63,-0.417903680684135,-0.4312015129190245,-0.42358996745031346,-0.48868082121656686,0.027953645137132187
2.6310000000000002,-0.418334366451835,-0.4301698453680993,-0.4240776005178061,-0.48763306749260765,0.027953645137132187
2.632,-0.41876402002107094,-0.42913711641584334,-0.42456418687932845,-0.4865863615223724,0.027953645137132187
2.633,-0.41919264033171555,-0.4281033286104118,-0.42504972758158654,-0.48554070225810736,0.027953645137132187
2.634,-0.4196202263261909,-0.42706848450257334,-0.42553422367023963,-0.4844960886531066,0.027953645137132187
2.6350000000000002,-0.42004677694947096,-0.4260325866457031,-0.4260176649839232,-0.48344131368357834,0.028513944043758403
2.636,-0.4204722911490845,-0.42499563759577585,-0.4265000525774122,-0.4823875934890196,0.028513944043758403
2.637,-0.4208967678751176,-0.42395763991136054,-0.4269813875044268,-0.4813349270146554,0.028513944043758403
2.638,-0.42132020608021603,-0.42291859615361305,-0.4274616708176336,-0.4802833132067656,0.028513944043758403
2.6390000000000002,-0.4217426047195884,-0.42187850888627004,-0.4279409035686463,-0.47923275101268364,0.028513944043758403
2.64,-0.42216396275100765,-0.4208373806756448,-0.4284190756370532,-0.4781720684069432,0.029072492736388917
2.641,-0.42258427913481483,-0.41979521409061676,-0.428896188083537,-0.47711244648380846,0.029072492736388917
2.642,-0.4230035528339209,-0.4187520117026293,-0.4293722419677196,-0.47605388418259686,0.029072492736388917
2.6430000000000002,-0.4234217828138104,-0.4177077760856786,-0.4298472383481633,-0.4749963804436865,0.029072492736388917
2.644,-0.4238389680425416,-0.4166625098163141,-0.4303211782823718,-0.473939934208515,0.029072492736388917
2.645,-0.4242551074907518,-0.41561621547362587,-0.43079405169150203,-0.47287340913023235,0.029629257203706787
2.646,-0.42467020013165824,-0.41456889563924115,-0.4312658596420791,-0.47180795057702796,0.029629257203706787
2.6470000000000002,-0.4250842449410613,-0.41352055289731693,-0.4317366031995615,-0.4707435574823768,0.029629257203706787
2.648,-0.42549724089734603,-0.41247118983453585,-0.4322062834283423,-0.4696802287808203,0.029629257203706787
2.649,-0.4259091869814861,-0.411420809040097,-0.43267490139175024,-0.4686179634079653,0.029629257203706787
2.65,-0.4263200821770459,-0.4103694131057094,-0.4331424470531244,-0.46754566137415565,0.030184203520085412
2.6510000000000002,-0.42672992547018246,-0.409317004625588,-0.43360892148476676,-0.4664744316423798,0.030184203520085412
2.652,-0.4271387158496476,-0.4082635861964473,-0.4340743257579071,-0.4654042731403357,0.030184203520085412
2.653,-0.427546452306792,-0.40720916041749194,-0.4345386609427039,-0.4643351847967937,0.030184203520085412
2.654,-0.4279531338355665,-0.4061537298904127,-0.43500192810824545,-0.4632671655415952,0.030184203520085412
2.6550000000000002,-0.42835875943252477,-0.4050972972193795,-0.43546411726066453,-0.4621891524190915,0.03073729784810607
2.656,-0.42876332809682605,-0.40403986501103495,-0.43592522947797424,-0.46111221730971025,0.03073729784810607
2.657,-0.4291668388302374,-0.4029814358744878,-0.4363852658371097,-0.46003635913543844,0.03073729784810607
2.658,-0.42956929063713606,-0.40192201242130704,-0.43684422741392903,-0.4589615768193409,0.03073729784810607
2.6590000000000003,-0.4299706825245126,-0.40086159726551374,-0.4373021152832146,-0.45788786928555947,0.03073729784810607
2.66,-0.4303710135019719,-0.3998001930235784,-0.4377589194945021,-0.4568042112874523,0.03128850644107979
2.661,-0.4307702825817373,-0.39873780231440964,-0.4382146411314494,-0.45572163694734324,0.03128850644107979
2.662,-0.431168488778652,-0.3976744277593511,-0.438669281276631,-0.4546401451815743,0.03128850644107979
2.6630000000000003,-0.4315656311101818,-0.39661007198217363,-0.4391228410115386,-0.4535597349075711,0.03128850644107979
2.664,-0.4319617085964176,-0.3955447376090695,-0.43957532141658245,-0.45248040504384196,0.03128850644107979
2.665,-0.43235672026007743,-0.3944784272686451,-0.44002671258530834,-0.45139116872588675,0.03183779564556909
2.666,-0.4327506651265094,-0.3934111435919155,-0.44047701560695257,-0.45030302164424946,0.03183779564556909
2.6670000000000003,-0.43314354222369383,-0.39234288921229626,-0.44092623156966226,-0.44921596270969383,0.03183779564556909
2.668,-0.4335353505822451,-0.3912736667656002,-0.4413743615604963,-0.44812999083407273,0.03183779564556909
2.669,-0.4339260892354153,-0.39020347889002677,-0.44182140666542663,-0.4470451049303273,0.03183779564556909
2.67,-0.43431575721909566,-0.38913232822615806,-0.44226735702261394,-0.4459503571873187,0.03238513190391272
2.6710000000000003,-0.4347043535718191,-0.38806021741695207,-0.44271221372680597,-0.4448567041920531,0.03238513190391272
2.672,-0.4350918773347628,-0.38698714910773546,-0.4431559778716557,-0.44376414484978277,0.03238513190391272
2.673,-0.4354783275517504,-0.3859131259461977,-0.4435986505497226,-0.44267267806685473,0.03238513190391272
2.674,-0.4358637032692544,-0.3848381505823842,-0.4440402328524733,-0.44158230275070964,0.03238513190391272
2.6750000000000003,-0.4362480035363987,-0.3837622256686891,-0.4444807149632861,-0.44048211081282385,0.03293048175675535
2.676,-0.4366312274049602,-0.3826853538598515,-0.444920097982353,-0.43938301906687594,0.03293048175675535
2.677,-0.4370133739293723,-0.3816075378129449,-0.4453583830087657,-0.438285026412674,0.03293048175675535
2.678,-0.43739444216672624,-0.38052878018737374,-0.4457955711405168,-0.4371881317511262,0.03293048175675535
2.6790000000000003,-0.43777443117677467,-0.37944908364486357,-0.44623166347450105,-0.43609233398423997,0.03293048175675535
2.68,-0.4381533400219318,-0.37836845084946,-0.4466666502399144,-0.4349867654133443,0.03347381184557249
2.681,-0.43853116776727796,-0.37728688446751646,-0.44710053254232546,-0.4338823024110195,0.03347381184557249
2.682,-0.4389079134805608,-0.3762043871676905,-0.4475333114861971,-0.432778943871697,0.03347381184557249
2.6830000000000003,-0.4392835762321979,-0.37512096162093594,-0.44796498817488806,-0.43167668869091386,0.03347381184557249
2.684,-0.4396581550952782,-0.37403661050049897,-0.44839556371065337,-0.4305755357653115,0.03347381184557249
2.685,-0.44003164914556586,-0.372951336481908,-0.4488250283691046,-0.42946465845124226,0.03401508891519606
2.686,-0.4404040574615017,-0.3718651422429677,-0.4492533832611191,-0.4283548920144871,0.03401508891519606
2.6870000000000003,-0.44077537912420517,-0.3707780304637542,-0.44968062949646326,-0.4272462353441687,0.03401508891519606
2.688,-0.4411456132174767,-0.3696900038266092,-0.4501067681837938,-0.4261386873305206,0.03401508891519606
2.689,-0.44151475882780056,-0.3686010650161295,-0.4505318004306587,-0.42503224686488617,0.03401508891519606
2.69,-0.4418828150443467,-0.3675112167191635,-0.4509557165596804,-0.42391612902169445,0.03455427981634088
2.691,-0.442249780958973,-0.3664204616248034,-0.4513785176869768,-0.42280112729634595,0.03455427981634088
2.692,-0.44261565566622757,-0.36532880242437904,-0.4518002049275495,-0.4216872405727228,0.03455427981634088
2.693,-0.4429804382633509,-0.364236241811451,-0.4522207793952853,-0.42057446773582324,0.03455427981634088
2.694,-0.44334412785027816,-0.36314278248180387,-0.45264024220295707,-0.4194628076717606,0.03455427981634088
2.695,-0.44370672352964147,-0.36204842713344,-0.453058583720791,-0.41834151783392626,0.03509135150812738
2.696,-0.4440682244067723,-0.36095317846657166,-0.45347580507007695,-0.4172213492859298,0.03509135150812738
2.697,-0.44442862958970275,-0.3598570391836174,-0.45389190737098345,-0.4161023009064813,0.03509135150812738
2.698,-0.444787938189169,-0.35876001198919133,-0.45430689174255884,-0.4149843715754123,0.03509135150812738
2.699,-0.44514614931861285,-0.35766209959009887,-0.45472075930273254,-0.4138675601736743,0.03509135150812738
2.7,-0.4455032620941839,-0.3565633046953299,-0.45513350046992485,-0.41274116719228865,0.035626271060600616
2.701,-0.4458592756347419,-0.35546363001605147,-0.45554511637052875,-0.41161590060388437,0.035626271060600616
2.702,-0.4462141890618589,-0.35436307826560154,-0.45595560812981084,-0.4104917592820685,0.035626271060600616
2.703,-0.4465680014998212,-0.35326165215948224,-0.4563649768719124,-0.4093687421015744,0.035626271060600616
2.704,-0.44692071207563194,-0.3521593544153523,-0.4567732237198507,-0.4082468479382608,0.035626271060600616
2.705,-0.4472723199190126,-0.35105618775302305,-0.45718033914082784,-0.4071154209771776,0.036159005657247466
2.706,-0.44762282416240584,-0.34995215489444803,-0.4575863242662709,-0.4059851254430555,0.036159005657247466
2.707,-0.44797222394097735,-0.3488472585637185,-0.45799118022647534,-0.40485596020446746,0.036159005657247466
2.708,-0.44832051839261794,-0.3477415014870564,-0.45839490815060646,-0.403727924131118,0.036159005657247466
2.709,-0.4486677066579456,-0.34663488639280726,-0.4587975091667003,-0.40260101609384197,0.036159005657247466
2.71,-0.44901378788030777,-0.34552741601143394,-0.4591989737913261,-0.40146462462579796,0.03668952259750749
2.711,-0.4493587612057835,-0.34441909307550955,-0.4595993031608753,-0.400329369549222,0.03668952259750749
2.712,-0.4497026257831856,-0.34330992031970997,-0.45999849841060303,-0.39919524972772263,0.03668952259750749
2.713,-0.45004538076406203,-0.3421999004808101,-0.4603965606746291,-0.3980622640260448,0.03668952259750749
2.714,-0.4503870253026989,-0.3410890362976735,-0.46079349108593914,-0.39693041131006856,0.03668952259750749
2.715,-0.4507275585561227,-0.33997733051124585,-0.46118928021105193,-0.3957891251127729,0.037217789299279755
2.716,-0.4510669796841014,-0.33886478586455065,-0.46158392919125363,-0.39464898020167455,0.037217789299279755
2.717,-0.45140528784914685,-0.3377514051026826,-0.4619774391666891,-0.39350997543548727,0.037217789299279755
2.718,-0.45174248221651736,-0.3366371909727973,-0.4623698112763632,-0.39237210967406616,0.037217789299279755
2.719,-0.45207856195421947,-0.3355221462241074,-0.4627610466581416,-0.3912353817784065,0.037217789299279755
2.72,-0.4524135262330099,-0.33440627360787434,-0.4631511359290722,-0.39008927093059964,0.03774377330142306
2.721,-0.45274737422639705,-0.3332895758774047,-0.46354008023526583,-0.38894430619364057,0.03774377330142306
2.722,-0.4530801051106448,-0.3321720557880373,-0.4639278807216872,-0.38780048642141846,0.03774377330142306
2.723,-0.45341171806477254,-0.33105371609714257,-0.4643145385321562,-0.3866578104689686,0.03774377330142306
2.724,-0.4537422122705585,-0.3299345595641118,-0.4647000548093487,-0.38551627719247117,0.03774377330142306
2.725,-0.4540715869125407,-0.3288145889503537,-0.4650844202214186,-0.38436541206995367,0.03826744226625122
2.726,-0.45439984117802007,-0.3276938070192839,-0.4654676359192312,-0.3832156978125587,0.03826744226625122
2.727,-0.4547269742570619,-0.3265722165363204,-0.4658497030525006,-0.3820671332694211,0.03826744226625122
2.728,-0.4550529853424978,-0.32544982026887614,-0.46623062276979144,-0.38091971729082663,0.03826744226625122
2.729,-0.4553778736299279,-0.32432662098635234,-0.46661039621851963,-0.3797734487282108,0.03826744226625122
2.73,-0.45570163831772253,-0.3232026214601316,-0.46698901411851945,-0.3786178999998422,0.038788763982017936
2.731,-0.4560242786070246,-0.32207782446357114,-0.46736647762533967,-0.37746350682020197,0.038788763982017936
2.732,-0.45634579370175143,-0.3209522327719949,-0.4677427878933734,-0.3763102680337414,0.038788763982017936
2.733,-0.45666618280859617,-0.3198258491626899,-0.4681179460758595,-0.3751581824860673,0.038788763982017936
2.734,-0.4569854451370306,-0.318698676414895,-0.4684919533248834,-0.3740072490239409,0.038788763982017936
2.735,-0.45730357989930676,-0.317570717309797,-0.46886480041253104,-0.37284708764760904,0.039307706365396475
2.736,-0.45762058631045877,-0.3164419746305228,-0.4692364884989637,-0.3716880864326535,0.039307706365396475
2.737,-0.45793646358830475,-0.3153124511621328,-0.4696070187431826,-0.3705302442189129,0.039307706365396475
2.738,-0.4582512109534489,-0.3141821496916138,-0.46997639230303,-0.36937355984738607,0.039307706365396475
2.739,-0.45856482762928347,-0.3130510730078723,-0.47034461033519026,-0.36821803216023075,0.039307706365396475
2.74,-0.4588773128419906,-0.3119192239017271,-0.47071166366456907,-0.3670533293787915,0.03982423746395036
2.741,-0.45918866582054385,-0.31078660516590445,-0.4710775534558692,-0.36588979130013366,0.03982423746395036
2.742,-0.4594988857967107,-0.309653219595028,-0.4714422808726288,-0.3647274167595545,0.03982423746395036
2.743,-0.4598079720050543,-0.30851906998561396,-0.4718058470772223,-0.36356620459351596,0.03982423746395036
2.744,-0.4601159236829352,-0.3073841591360636,-0.4721682532308619,-0.36240615363964346,0.03982423746395036
2.745,-0.4604227400705131,-0.30624848984665676,-0.47252949021183877,-0.36123698097683193,0.04033832545859367
2.746,-0.4607284204107492,-0.3051120649195445,-0.47288955918932546,-0.3600689774866832,0.04033832545859367
2.747,-0.46103296394940757,-0.3039748871587424,-0.4732484613313255,-0.3589021420000246,0.04033832545859367
2.748,-0.4613363699350575,-0.3028369593701228,-0.47360619780467433,-0.3577364733488527,0.04033832545859367
2.749,-0.46163863761907453,-0.3016982843614107,-0.47396276977504065,-0.356571970366332,0.04033832545859367
2.75,-0.46193976625564326,-0.30055886494217354,-0.47431816817466327,-0.3553983996226448,0.04084993866604231
2.751,-0.46223975510175896,-0.2994187039238142,-0.474672394177113,-0.3542260024497013,0.04084993866604231
2.7520000000000002,-0.462538603417229,-0.2982778041195666,-0.47502544895478693,-0.3530547776739308,0.04084993866604231
2.753,-0.4628363104646746,-0.2971361683444889,-0.4753773336789099,-0.35188472412293603,0.04084993866604231
2.754,-0.4631328755095333,-0.29599379941545323,-0.4757280495195354,-0.35071584062549227,0.04084993866604231
2.755,-0.46342829782006034,-0.2948507001511414,-0.47607758746340945,-0.3495379438740417,0.04135904554125538
2.7560000000000002,-0.46372257666733074,-0.29370687337203655,-0.4764259486884288,-0.3483612250193425,0.04135904554125538
2.757,-0.4640157113252402,-0.2925623219004195,-0.4767731343713123,-0.34718568288349805,0.04135904554125538
2.758,-0.46430770107050856,-0.2914170485603552,-0.4771191456876021,-0.34601131628978943,0.04135904554125538
2.759,-0.46459854518268,-0.29027105617769255,-0.47746398381166477,-0.34483812406267456,0.04135904554125538
2.7600000000000002,-0.46488824294412573,-0.2891243475800531,-0.47780763978530977,-0.3436559736450146,0.041865614679864514
2.761,-0.465176793640045,-0.2879769255968277,-0.47815011479068753,-0.3424750053777723,0.041865614679864514
2.762,-0.4654641965584679,-0.2868287930591653,-0.4784914100087663,-0.34129521807879726,0.041865614679864514
2.763,-0.46575045099025614,-0.2856799527999688,-0.4788315266193334,-0.34011661056712117,0.041865614679864514
2.7640000000000002,-0.4660355562291054,-0.2845304076538874,-0.47917046580099637,-0.3389391816629568,0.041865614679864514
2.765,-0.466319511571547,-0.28338016045730946,-0.47950821865118126,-0.33775285018488194,0.04236961482059294
2.766,-0.4666023163169492,-0.2822292140483556,-0.4798447863562195,-0.3365677050382852,0.04236961482059294
2.767,-0.4668839697675195,-0.2810775712668716,-0.48018017010125635,-0.33538374503683505,0.04236961482059294
2.7680000000000002,-0.46716447122830607,-0.27992523495442095,-0.48051437107025174,-0.33420096899538637,0.04236961482059294
2.769,-0.4674438200071992,-0.2787722079542803,-0.48084739044598174,-0.33301937572997914,0.04236961482059294
2.77,-0.4677220154149337,-0.27761849311142844,-0.48117921938203906,-0.3318289360572959,0.0428710148476613
2.771,-0.46799905676509,-0.276464093272542,-0.48150985906886334,-0.3306396868242854,0.0428710148476613
2.7720000000000002,-0.46827494337409614,-0.27530901128598795,-0.48183931069570385,-0.3294516268405079,0.0428710148476613
2.773,-0.46854967456122937,-0.27415325000181623,-0.48216757545062056,-0.32826475491671414,0.0428710148476613
2.774,-0.46882324964861777,-0.2729968122717529,-0.4824946545204854,-0.3270790698648442,0.0428710148476613
2.775,-0.469095667961242,-0.2718397009491931,-0.4828205391156045,-0.3258845951191157,0.043369783793182085
2.7760000000000002,-0.4693669288269371,-0.27068191888919324,-0.48314523043045265,-0.32469131484813296,0.043369783793182085
2.777,-0.4696370315763936,-0.26952346894846696,-0.48346872965831006,-0.3234992278574212,0.043369783793182085
2.778,-0.4699059755431599,-0.2683643539853736,-0.4837910379912638,-0.32230833295370015,0.043369783793182085
2.779,-0.4701737600636435,-0.26720457685991406,-0.4841121566202087,-0.3211186289448828,0.043369783793182085
2.7800000000000002,-0.4704403844771127,-0.26604414043372315,-0.48443207681270783,-0.3199201924991471,0.04386589083953979
2.781,-0.4707058481256984,-0.2648830475700624,-0.4847507997671977,-0.31872295448985716,0.04386589083953979
2.782,-0.47097015035439527,-0.263721301133813,-0.48506832668091626,-0.3175269137185765,0.04386589083953979
2.783,-0.47123329051106394,-0.2625589039914688,-0.48538465874990433,-0.31633206898806715,0.04386589083953979
2.7840000000000003,-0.4714952679464323,-0.2613958590111286,-0.48569979716900663,-0.3151384191022883,0.04386589083953979
2.785,-0.47175608201409686,-0.2602321690624915,-0.4860137332635834,-0.3139360945767508,0.04435930532175858
2.786,-0.47201573207052494,-0.2590678370168462,-0.4863264682359591,-0.3127349723757389,0.04435930532175858
2.787,-0.47227421747505566,-0.25790286574706683,-0.48663800328725604,-0.311535051296928,0.04435930532175858
2.7880000000000003,-0.47253153758990246,-0.25673725812760234,-0.48694833961739525,-0.31033633013919587,0.04435930532175858
2.789,-0.47278769178015306,-0.25557101703447554,-0.48725747842509787,-0.3091388077026215,0.04435930532175858
2.79,-0.47304267941377265,-0.25440414534526984,-0.4875654110940582,-0.30793266896032173,0.04484999672985593
2.791,-0.47329649986160455,-0.253236645939125,-0.48787213883041497,-0.3067277363567643,0.04484999672985593
2.7920000000000003,-0.4735491524973722,-0.25206852169672916,-0.4881776628391008,-0.3055240086858104,0.04484999672985593
2.793,-0.47380063669767997,-0.2508997755003148,-0.4884819843238433,-0.3043214847425275,0.04484999672985593
2.794,-0.47405095184201596,-0.24973041023364487,-0.4887851044871665,-0.30312016332318786,0.04484999672985593
2.795,-0.47430009731275224,-0.24856042878201265,-0.48908701477163213,-0.30191028446564105,0.04533793471118107
2.7960000000000003,-0.47454807249514736,-0.24738983403223047,-0.4893877163871191,-0.3007016154869518,0.04533793471118107
2.797,-0.47479487677734683,-0.24621862887262574,-0.4896872105422963,-0.2994941551772412,0.04533793471118107
2.798,-0.47504050955038585,-0.24504681619303015,-0.48998549844462413,-0.29828790232784036,0.04533793471118107
2.799,-0.47528497020818994,-0.243874398884775,-0.4902825813003554,-0.2970828557312889,0.04533793471118107
2.8000000000000003,-0.47552825814757677,-0.24270137984068343,-0.4905784506114495,-0.2958693110941028,0.04582308907273891
2.801,-0.47577037276825745,-0.24152776195506334,-0.49087310759145103,-0.29465698000155394,0.04582308907273891
2.802,-0.47601131347283826,-0.24035354812370022,-0.4911665534526911,-0.2934458612400976,0.04582308907273891
2.803,-0.47625107966682195,-0.23917874124384988,-0.4914587894062885,-0.29223595359740273,0.04582308907273891
2.8040000000000003,-0.47648967075860943,-0.23800334421423097,-0.49174981666215084,-0.29102725586235056,0.04582308907273891
2.805,-0.47672708615950066,-0.23682735993502005,-0.4920396267821617,-0.28981012001081824,0.046305429783499524
2.806,-0.4769633252836968,-0.23565079130784086,-0.4923282209834568,-0.2885942012951374,0.046305429783499524
2.807,-0.47719838754830135,-0.23447364123575942,-0.49261560048195496,-0.2873794984981723,0.046305429783499524
2.8080000000000003,-0.4774322723733215,-0.23329591262327656,-0.49290176649235895,-0.28616601040400413,0.046305429783499524
2.809,-0.47766497918166967,-0.2321176083763206,-0.4931867202281569,-0.28495373579793015,0.046305429783499524
2.81,-0.477896507399165,-0.2309387314022401,-0.4934704533116795,-0.2837330835225984,0.046784926976690816
2.811,-0.4781268564545347,-0.2297592846097968,-0.493752966963579,-0.282513651899542,0.046784926976690816
2.8120000000000003,-0.47835602577941533,-0.22857927090915775,-0.4940342624032871,-0.2812954397081086,0.046784926976690816
2.813,-0.47858401480835416,-0.22739869321189077,-0.494314340849016,-0.2800784457288667,0.046784926976690816
2.814,-0.47881082297881117,-0.22621755443095337,-0.4945932035177596,-0.278862668743604,0.046784926976690816
2.815,-0.4790364497311596,-0.22503585748068802,-0.4948708420928154,-0.2776385750558189,0.047261550952074766
2.816,-0.4792608945086878,-0.22385360527681514,-0.4951472577982771,-0.2764157054617216,0.047261550952074766
2.817,-0.47948415675760103,-0.22267080073642256,-0.49542245185701433,-0.2751940587372184,0.047261550952074766
2.818,-0.4797062359270214,-0.22148744677796486,-0.4956964254906738,-0.2739736336594397,0.047261550952074766
2.819,-0.4799271314689908,-0.22030354632124965,-0.49596917991968054,-0.2727544290067388,0.047261550952074766
2.82,-0.4801468428384715,-0.21911910228743367,-0.4962407068888147,-0.27152696913416785,0.04773527217820965
2.821,-0.48036536949334757,-0.21793411759901407,-0.4965110076255362,-0.2703007367214695,0.04773527217820965
2.822,-0.480582710894426,-0.21674859517982417,-0.4967800833560774,-0.26907573054118383,0.04773527217820965
2.823,-0.4807988665054385,-0.21556253795502267,-0.49704793530544444,-0.26785194936707846,0.04773527217820965
2.824,-0.48101383579304285,-0.21437594885108652,-0.4973145646974186,-0.2666293919741472,0.04773527217820965
2.825,-0.48122761822682364,-0.21318883079580642,-0.49757996333877486,-0.2653986413562792,0.04820606129469212
2.826,-0.48144021327929376,-0.21200118671827947,-0.4978441324602639,-0.2641691214890291,0.04820606129469212
2.827,-0.4816516204258962,-0.21081301954889872,-0.4981070732914055,-0.26294083114164624,0.04820606129469212
2.828,-0.4818618391450048,-0.2096243322193485,-0.49836878706049015,-0.26171376908461075,0.04820606129469212
2.829,-0.48207086891792594,-0.20843512766259603,-0.49862927499457976,-0.2604879340896323,0.04820606129469212
2.83,-0.482278709228899,-0.2072454088128873,-0.498888528962953,-0.25925396837325493,0.048673889114385055
2.831,-0.4824853595650991,-0.20605517860573333,-0.4991465501995756,-0.25802123662259396,0.048673889114385055
2.832,-0.4826908194166369,-0.20486443997790948,-0.4994033399371793,-0.2567897376036837,0.048673889114385055
2.833,-0.48289508827656075,-0.20367319586744428,-0.49965889940726305,-0.2555594700837923,0.048673889114385055
2.834,-0.4830981656408574,-0.20248144921361552,-0.49991322984009445,-0.2543304328314208,0.048673889114385055
2.835,-0.48330005100845363,-0.2012892029569389,-0.5001663231679605,-0.25309332786607686,0.04913872662562621
2.836,-0.4835007438812175,-0.2000964600391636,-0.5004181806279662,-0.25185746000569825,0.04913872662562621
2.837,-0.48370024376395926,-0.19890322340326408,-0.5006688034559793,-0.25062282801318003,0.04913872662562621
2.838,-0.4838985501644327,-0.1977094959934332,-0.500918192886632,-0.24938943065265431,0.04913872662562621
2.839,-0.48409566259333653,-0.19651528075507474,-0.5011663501533214,-0.24815726668948915,0.04913872662562621
2.84,-0.4842915805643155,-0.195320580634796,-0.5014132672518443,-0.24691709852291127,0.049600544994419876
2.841,-0.4844863035939615,-0.1941253985804001,-0.5016589454223688,-0.24567817052449997,0.049600544994419876
2.842,-0.4846798312018147,-0.19292973754088133,-0.5019033859038229,-0.2444404814540871,0.049600544994419876
2.843,-0.48487216291036495,-0.19173360046641374,-0.5021465899338956,-0.2432040300727446,0.049600544994419876
2.844,-0.4850632982450529,-0.1905369903083467,-0.5023885587490384,-0.24196881514278346,0.049600544994419876
2.845,-0.48525323673427123,-0.18933991001919678,-0.5026292844090547,-0.24072566001630846,0.05005931556661039
2.846,-0.4854419779093655,-0.1881423625526406,-0.5028687681570997,-0.23948374804495995,0.05005931556661039
2.847,-0.4856295213046356,-0.18694435086350752,-0.5031070112350853,-0.23824307798558278,0.05005931556661039
2.848,-0.48581586645733693,-0.18574587790777228,-0.5033440148836815,-0.237003648596265,0.05005931556661039
2.849,-0.4860010129076814,-0.18454694664254706,-0.5035797803423179,-0.23576545863633652,0.05005931556661039
2.85,-0.48618496019883833,-0.18334756002607697,-0.5038142997352981,-0.23451939298029945,0.050515009870036945
2.851,-0.48636770787693623,-0.18214772101772853,-0.5040475743086881,-0.23327457338991842,0.050515009870036945
2.852,-0.4865492554910632,-0.18094743257798593,-0.5042796053073072,-0.23203099861912777,0.050515009870036945
2.853,-0.48672960259326886,-0.17974669766843956,-0.5045103939747303,-0.23078866742310788,0.050515009870036945
2.854,-0.48690874873856443,-0.17854551925178547,-0.5047399415532886,-0.22954757855828403,0.050515009870036945
2.855,-0.4870866934849246,-0.1773439002918113,-0.504968240232276,-0.22829867898739234,0.0509675996166698
2.856,-0.48726343639328856,-0.1761418437533924,-0.5051952912605921,-0.22705102831607155,0.0509675996166698
2.857,-0.48743897702756067,-0.17493935260248308,-0.5054210958858876,-0.22580462529542208,0.0509675996166698
2.858,-0.48761331495461174,-0.17373642980611212,-0.5056456553545654,-0.22455946867779328,0.0509675996166698
2.859,-0.4877864497442803,-0.17253307833237191,-0.5058689709117822,-0.2233155572167821,0.0509675996166698
2.86,-0.4879583809693736,-0.17132930115041126,-0.5060910348123077,-0.22206390052547073,0.051417056704728396
2.861,-0.4881291082056685,-0.1701251012304307,-0.5063118483077985,-0.2208134954908507,0.051417056704728396
2.862,-0.4882986310319123,-0.16892048154367514,-0.5065314126486598,-0.21956434086126528,0.051417056704728396
2.863,-0.48846694902982435,-0.16771544506242325,-0.506749729084046,-0.21831643538630943,0.051417056704728396
2.864,-0.4886340617840967,-0.16650999475998282,-0.5069667988618629,-0.21706977781682857,0.051417056704728396
2.865,-0.4887999688823954,-0.16530413361068186,-0.5071826143028375,-0.21581544097459615,0.05186335322077902
2.866,-0.48896466991536086,-0.164097864589865,-0.5073971766613067,-0.21456235846920596,0.05186335322077902
2.867,-0.48912816447660995,-0.16289119067387908,-0.507610487190353,-0.21331052904632117,0.05186335322077902
2.868,-0.489290452162736,-0.1616841148400727,-0.5078225471418059,-0.21205995145285927,0.05186335322077902
2.869,-0.4894515325733103,-0.16047664006678478,-0.5080333577662428,-0.21081062443699083,0.05186335322077902
2.87,-0.4896114053108829,-0.15926876933334072,-0.5082429114508266,-0.20955368458371754,0.0523064614418149
2.871,-0.4897700699809837,-0.1580605056200408,-0.5084512094524969,-0.20829800167029752,0.0523064614418149
2.872,-0.48992752619212343,-0.15685185190815554,-0.5086582530269367,-0.20704357443979093,0.0523064614418149
2.873,-0.4900837735557945,-0.1556428111799179,-0.5088640434285732,-0.20579040163651485,0.0523064614418149
2.874,-0.49023881168647215,-0.15443338641851567,-0.5090685819105792,-0.20453848200604205,0.0523064614418149
2.875,-0.49039264020161516,-0.15322358060808422,-0.5092718609270266,-0.20327901644728968,0.05274635383731552
2.876,-0.490545258721667,-0.15201339673369912,-0.5094738817373807,-0.20202081035409608,0.05274635383731552
2.8770000000000002,-0.49069666687005664,-0.1508028377813681,-0.5096746455998478,-0.20076386246699568,0.05274635383731552
2.878,-0.49084686427319946,-0.14959190673802644,-0.5098741537713756,-0.19950817152778239,0.05274635383731552
2.879,-0.49099585056049827,-0.14838060659152535,-0.510072407507655,-0.1982537362795083,0.05274635383731552
2.88,-0.49114362536434436,-0.1471689403306276,-0.5102693993301368,-0.19699182248180308,0.05318300307128555
2.8810000000000002,-0.49129018832011795,-0.1459569109449992,-0.5104651305007347,-0.19573117059789558,0.05318300307128555
2.882,-0.4914355390661896,-0.14474452142520225,-0.5106596022801005,-0.19447177936587198,0.05318300307128555
2.883,-0.49157967724392077,-0.14353177476268725,-0.5108528159276257,-0.1932136475250804,0.05318300307128555
2.884,-0.4917226024976648,-0.14231867394978612,-0.5110447727014418,-0.19195677381612963,0.05318300307128555
2.8850000000000002,-0.49186431447476797,-0.1411052219797038,-0.511235465190844,-0.190692489402228,0.053616382004275355
2.886,-0.4920048128255699,-0.1398914218465138,-0.5114248946601166,-0.18942946927274026,0.053616382004275355
2.887,-0.4921440972034049,-0.13867727654514658,-0.51161306237228,-0.18816771216338202,0.053616382004275355
2.888,-0.4922821672646027,-0.137462789071385,-0.5117999695890911,-0.18690721681113312,0.053616382004275355
2.8890000000000002,-0.4924190226684891,-0.13624796242185616,-0.5119856175710453,-0.18564798195423649,0.053616382004275355
2.89,-0.49255466307738693,-0.13503279959402403,-0.5121699989757437,-0.18438140469837463,0.05404646369538052
2.891,-0.4926890881566171,-0.13381730358618216,-0.5123531150697634,-0.18311609401976864,0.05404646369538052
2.892,-0.49282229757449897,-0.13260147739744602,-0.5125349671184153,-0.18185204865184126,0.05404646369538052
2.8930000000000002,-0.4929542910023517,-0.13138532402774528,-0.5127155563857446,-0.18058926732928182,0.05404646369538052
2.894,-0.4930850681144945,-0.13016884647781882,-0.5128948841345327,-0.17932774878804492,0.05404646369538052
2.895,-0.4932146285882477,-0.12895204774920405,-0.5130729430911438,-0.17805895661117244,0.054473221404222144
2.896,-0.49334297210393396,-0.12773493084422952,-0.5132497345243703,-0.17679143322647684,0.054473221404222144
2.8970000000000002,-0.4934700983448784,-0.12651749876601018,-0.5134252597017355,-0.1755251773651659,0.054473221404222144
2.898,-0.4935960069974096,-0.12529975451844008,-0.5135995198894951,-0.1742601877597163,0.054473221404222144
2.899,-0.4937206977508604,-0.12408170110618136,-0.513772516352639,-0.17299646314387215,0.054473221404222144
2.9,-0.49384417029756883,-0.12286334153465979,-0.5139442418867478,-0.1717255341088702,0.05489662859290402
2.9010000000000002,-0.49396642433287874,-0.12164467881005578,-0.5141146977627508,-0.17045587600290324,0.05489662859290402
2.902,-0.4940874595551402,-0.12042571593930049,-0.5142838852503058,-0.16918748755504226,0.05489662859290402
2.903,-0.4942072756657111,-0.11920645593006163,-0.5144518056178013,-0.16792036749562914,0.05489662859290402
2.904,-0.494325872368957,-0.11798690179074273,-0.5146184601323577,-0.16665451455627542,0.05489662859290402
2.9050000000000002,-0.4944432493722523,-0.11676705653047169,-0.5147838416592209,-0.1653815268631601,0.05531665892795185
2.906,-0.4945594063859809,-0.11554692315909681,-0.5149479514713786,-0.1641098121577379,0.05531665892795185
2.907,-0.494674343123537,-0.11432650468717523,-0.5151107908405457,-0.16283936916702113,0.05531665892795185
2.908,-0.49478805930132547,-0.11310580412596818,-0.515272361037165,-0.16157019661929506,0.05531665892795185
2.9090000000000003,-0.4949005546387631,-0.11188482448743299,-0.5154326633304092,-0.16030229324411674,0.05531665892795185
2.91,-0.49501182885827877,-0.1106635687842155,-0.5155916906556344,-0.159027325225228,0.05573328628223115
2.911,-0.4951218816853144,-0.10944204002964279,-0.5157494442878088,-0.15775363217435814,0.05573328628223115
2.912,-0.4952307128483256,-0.10822024123771562,-0.5159059255006253,-0.15648121281653915,0.05573328628223115
2.9130000000000003,-0.4953383220787823,-0.10699817542310035,-0.5160611355665033,-0.15521006587807798,0.05573328628223115
2.914,-0.4954447091111694,-0.1057758456011243,-0.5162150757565899,-0.15394019008655527,0.05573328628223115
2.915,-0.4955498736829874,-0.10455325478776409,-0.5163677390767916,-0.15266332020173187,0.05614648473684226
2.916,-0.4956538155347533,-0.10333040599964104,-0.5165191268039784,-0.1513877271867933,0.05614648473684226
2.9170000000000003,-0.49575653441000084,-0.10210730225401293,-0.5166692402137433,-0.15011340976486967,0.05614648473684226
2.918,-0.4958580300552814,-0.1008839465687667,-0.5168180805804037,-0.14884036666036796,0.05614648473684226
2.919,-0.4959583022201646,-0.0996603419624109,-0.5169656491770026,-0.14756859659897073,0.05614648473684226
2.92,-0.4960573506572389,-0.09843649145406824,-0.5171119390804333,-0.1462899034307118,0.05655622858299819
2.9210000000000003,-0.49615517512211205,-0.09721239806346753,-0.5172569515693889,-0.14501248895562113,0.05655622858299819
2.922,-0.49625177537341186,-0.09598806481093888,-0.5174006879212839,-0.14373635189500555,0.05655622858299819
2.923,-0.49634715117278694,-0.0947634947174022,-0.5175431494122553,-0.14246149097145058,0.05655622858299819
2.924,-0.49644130228490685,-0.09353869080436245,-0.5176843373171641,-0.14118790490881916,0.05655622858299819
2.9250000000000003,-0.49653422847746315,-0.09231365609390156,-0.5178242447843215,-0.1399074671574328,0.056962492323877234
2.926,-0.4966259295211697,-0.09108839360867088,-0.5179628730941653,-0.13862830984379781,0.056962492323877234
2.927,-0.4967164051897633,-0.08986290637188382,-0.5181002235258528,-0.13735043168747646,0.056962492323877234
2.928,-0.4968056552600042,-0.08863719740730827,-0.5182362973572622,-0.13607383140931145,0.056962492323877234
2.9290000000000003,-0.4968936795116768,-0.0874112697392586,-0.5183710958649936,-0.1347985077314246,0.056962492323877234
2.93,-0.49698047772758985,-0.08618512639259085,-0.5185046122692037,-0.13351640421016403,0.05736525067645769
2.931,-0.4970660496935775,-0.08495877039269181,-0.5186368478519962,-0.1322355827924247,0.05736525067645769
2.932,-0.4971503951984994,-0.08373220476547165,-0.5187678038941923,-0.13095604219610313,0.05736525067645769
2.9330000000000003,-0.4972335140342415,-0.0825054325373591,-0.5188974816753327,-0.12967778114037787,0.05736525067645769
2.934,-0.49731540599571616,-0.08127845673529409,-0.5190258824736784,-0.12840079834570833,0.05736525067645769
2.935,-0.49739607088086324,-0.08005128038671674,-0.5191529995816543,-0.12711710797589607,0.057764478573327845
2.936,-0.4974755084906501,-0.0788239065195627,-0.5192788342829507,-0.1258347012964536,0.057764478573327845
2.9370000000000003,-0.49755371862907233,-0.07759633816225427,-0.5194033878599744,-0.12455357702369059,0.057764478573327845
2.938,-0.49763070110315416,-0.07636857834369645,-0.5195266615938496,-0.12327373387520034,0.057764478573327845
2.939,-0.497706455722949,-0.07514063009326244,-0.5196486567644195,-0.12199517056985858,0.057764478573327845
2.94,-0.49778098230154,-0.07391249644079319,-0.5197693667367955,-0.12070997237599915,0.058160151164478646
2.9410000000000003,-0.49785428065504006,-0.0726841804165857,-0.5198887927961758,-0.11942605938033357,0.058160151164478646
2.942,-0.4979263506025928,-0.07145568505138904,-0.5200069362264735,-0.11814343029766367,0.058160151164478646
2.943,-0.49799719196637293,-0.07022701337639273,-0.5201237983103176,-0.11686208384407643,0.058160151164478646
2.944,-0.49806680457158625,-0.06899816842322196,-0.5202393803290546,-0.11558201873694278,0.058160151164478646
2.945,-0.49813518824647063,-0.06776915322392953,-0.5203536757208964,-0.1142953918418244,0.0585522438190719
2.946,-0.4982023428222962,-0.06653997081098824,-0.52046668577247,-0.11301005157360114,0.0585522438190719
2.947,-0.49826826813336567,-0.06531062421728352,-0.5205784117691157,-0.1117259966456461,0.0585522438190719
2.948,-0.49833296401701493,-0.06408111647610588,-0.5206888549948883,-0.11044322577261902,0.0585522438190719
2.949,-0.4983964303136133,-0.06285145062114345,-0.5207980167325588,-0.10916173767046496,0.0585522438190719
2.95,-0.498458666866564,-0.06162162968647379,-0.520905890493849,-0.10787376129025075,0.058940732127186916
2.951,-0.49851967352230453,-0.060391656706559216,-0.5210124775667355,-0.10658707288641676,0.058940732127186916
2.952,-0.49857945013030697,-0.05916153471623506,-0.5211177792379065,-0.10530167117098661,0.058940732127186916
2.953,-0.49863799654307855,-0.05793126675070508,-0.5212217967927637,-0.10401755485727189,0.058940732127186916
2.954,-0.49869531261616185,-0.05670085584553316,-0.5213245315154236,-0.10273472265987088,0.058940732127186916
2.955,-0.498751398208135,-0.05547030503663591,-0.5214259769915227,-0.10144547609918006,0.0593255919015476
2.956,-0.4988062531806126,-0.05423961736027511,-0.5215261345103077,-0.10015751878504993,0.0593255919015476
2.957,-0.4988598773982453,-0.053008795853050295,-0.521625005359736,-0.09887084942823393,0.0593255919015476
2.958,-0.49891227072872074,-0.05177784355189046,-0.5217225908264768,-0.09758546674077474,0.0593255919015476
2.959,-0.4989634330427635,-0.050546763494049435,-0.5218188921959128,-0.09630136943600301,0.0593255919015476
2.96,-0.4990133642141358,-0.0493155587170942,-0.5219139031279958,-0.09501093208298247,0.05970679917922672
2.961,-0.49906206411963727,-0.048084232258900836,-0.5220076249131631,-0.09372178516731496,0.05970679917922672
2.962,-0.4991095326391059,-0.04685278715764289,-0.5221000588405617,-0.09243392739856311,0.05970679917922672
2.963,-0.4991557696554177,-0.045621226451790835,-0.5221912061980493,-0.09114735748758002,0.05970679917922672
2.964,-0.4992007750544875,-0.04438955318009758,-0.5222810682721958,-0.0898620741465079,0.05970679917922672
2.965,-0.49924454872526897,-0.0431577703815945,-0.5223696387976636,-0.08857052546789485,0.06008433022332765
2.966,-0.4992870905597549,-0.04192588109558248,-0.5224569190660016,-0.0872802683379604,0.06008433022332765
2.967,-0.4993284004529775,-0.04069388836162728,-0.5225429103674667,-0.08599130146515589,0.06008433022332765
2.968,-0.49936847830300873,-0.03946179521954851,-0.522627613991026,-0.08470362355922419,0.06008433022332765
2.969,-0.49940732401096055,-0.03822960470941212,-0.5227110312243571,-0.08341723333119841,0.06008433022332765
2.97,-0.499444937480985,-0.0369973198715257,-0.5227931558772245,-0.08212465286737429,0.06045816152464607
2.971,-0.49948131862027456,-0.035764943746431,-0.5228739892422085,-0.080833364984014,0.06045816152464607
2.972,-0.49951646733906235,-0.034532479374892885,-0.5229535326105971,-0.07954336838853707,0.06045816152464607
2.973,-0.4995503835506225,-0.03329992979789469,-0.5230317872723868,-0.07825466178965561,0.06045816152464607
2.974,-0.49958306717127005,-0.03206729805662996,-0.5231087545162841,-0.07696724389737303,0.06045816152464607
2.975,-0.49961451812036145,-0.030834587192495,-0.5231844282275415,-0.07567371125740947,0.06082826980330878
2.976,-0.4996447363202946,-0.029601800247081315,-0.5232588096996916,-0.07438147215008589,0.06082826980330878
2.977,-0.49967372169650914,-0.028368940262168147,-0.5233319002249734,-0.07309052528186963,0.06082826980330878
2.978,-0.49970147417748645,-0.027136010279714257,-0.523403701094334,-0.07180086936052159,0.06082826980330878
2.979,-0.4997279936947501,-0.02590301334185321,-0.5234742135974291,-0.0705125030950949,0.06082826980330878
2.98,-0.4997532801828658,-0.02466995249088169,-0.5235434316953809,-0.06921809795179198,0.06119463201039051
2.981,-0.49977733357944165,-0.023436830769254763,-0.5236113566825945,-0.06792498721363238,0.06119463201039051
2.982,-0.49980015382512827,-0.0222036512195777,-0.5236779898521807,-0.06663316958621093,0.06119463201039051
2.983,-0.499821740863619,-0.020970416884598456,-0.5237433324959572,-0.06534264377641691,0.06119463201039051
2.984,-0.49984209464164997,-0.01973713080720015,-0.5238073859044496,-0.06405340849243268,0.06119463201039051
2.985,-0.4998612151090003,-0.01850379603039359,-0.523870144115027,-0.06275821057735004,0.061557225329510454
2.986,-0.499879102218492,-0.017270415597309036,-0.5239316084228871,-0.06146430786018248,0.061557225329510454
2.987,-0.49989575592599056,-0.016036992551191495,-0.5239917801219328,-0.06017169904573209,0.061557225329510454
2.988,-0.4999111761904045,-0.014803529935389024,-0.5240506605047729,-0.05888038284009615,0.061557225329510454
2.989,-0.4999253629736859,-0.013570030793348014,-0.5241082508627236,-0.05759035795066584,0.061557225329510454
2.99,-0.4999383162408303,-0.012336498168604977,-0.5241645453097727,-0.05629444704914707,0.061916027178404894
2.991,-0.49995003595987675,-0.011102935104779044,-0.5242195451418312,-0.054999832058529825,0.061916027178404894
2.992,-0.49996052210190806,-0.009869344645564451,-0.5242732516535141,-0.0537065116829032,0.061916027178404894
2.993,-0.4999697746410507,-0.008635729834723029,-0.5243256661381418,-0.0524144846276522,0.061916027178404894
2.994,-0.4999777935544749,-0.00740209371607599,-0.5243767898877413,-0.051123749599456446,0.061916027178404894
2.995,-0.49998457882239483,-0.006168439333499229,-0.524426617093287,-0.04982720554564739,0.06227101521048006
2.996,-0.49999013042806856,-0.004934769730911597,-0.5244751490513229,-0.048531958035892137,0.06227101521048006
2.997,-0.499994448357798,-0.003701087952270904,-0.5245223870570965,-0.047238005773646646,0.06227101521048006
2.998,-0.4999975326009291,-0.0024673970415622064,-0.5245683324045602,-0.0459453474636634,0.06227101521048006
2.999,-0.49999938314985176,-0.001233700042797284,-0.5246129863863722,-0.04465398181199013,0.06227101521048006
3.0,-0.5,-1.4427530202913423e-16,-0.5246563432708561,-0.04335688448385131,0.06262216731634143
3.001,-0.49999938314985176,0.0012337000427969954,-0.5246984043551092,-0.04206108425304063,0.06262216731634143
3.0020000000000002,-0.4999975326009291,0.002467397041562616,-0.5247391709349316,-0.040766579822460756,0.06262216731634143
3.003,-0.499994448357798,0.0037010879522706153,-0.5247786443048279,-0.039473369896311464,0.06262216731634143
3.004,-0.49999013042806856,0.004934769730911309,-0.524816825758008,-0.03818145318008832,0.06262216731634143
3.005,-0.49998457882239483,0.00616843933349894,-0.5248537096405025,-0.036883882494402186,0.06296946162530258
3.0060000000000002,-0.4999777935544749,0.007402093716076401,-0.5248892972498819,-0.03558760937940173,0.06296946162530258
3.007,-0.4999697746410507,0.008635729834722739,-0.5249235898824194,-0.03429263253751628,0.06296946162530258
3.008,-0.49996052210190806,0.009869344645564163,-0.5249565888330918,-0.03299895067247271,0.06296946162530258
3.009,-0.49995003595987675,0.011102935104778756,-0.5249882953955811,-0.03170656248929418,0.06296946162530258
3.0100000000000002,-0.4999383162408303,0.012336498168605384,-0.5250187039939778,-0.030408598396667458,0.06331287650687152
3.011,-0.4999253629736859,0.013570030793347726,-0.5250478159262459,-0.02911193226813336,0.06331287650687152
3.012,-0.4999111761904045,0.014803529935388736,-0.5250756324890516,-0.027816562805727797,0.06331287650687152
3.013,-0.49989575592599056,0.016036992551191207,-0.5251021549777645,-0.026522488712784637,0.06331287650687152
3.0140000000000002,-0.499879102218492,0.01727041559730945,-0.5251273846864584,-0.02522970869393442,0.06331287650687152
3.015,-0.4998612151090003,0.018503796030393302,-0.5251513161176322,-0.023931431173796196,0.06365239057221449
3.016,-0.49984209464164997,0.01973713080719986,-0.5251739505695634,-0.02263445193117811,0.06365239057221449
3.017,-0.499821740863619,0.020970416884598164,-0.5251952893392312,-0.021338769667802644,0.06365239057221449
3.0180000000000002,-0.49980015382512827,0.022203651219577413,-0.5252153337223179,-0.02004438308669055,0.06365239057221449
3.019,-0.49977733357944165,0.023436830769254475,-0.52523408501321,-0.01875129089215957,0.06365239057221449
3.02,-0.4997532801828658,0.024669952490881403,-0.5252515377931578,-0.017452779947755397,0.0639879826756007
3.021,-0.4997279936947501,0.025903013341852923,-0.5252676933606721,-0.016155567514295626,0.0639879826756007
3.0220000000000002,-0.49970147417748645,0.027136010279714667,-0.5252825530129654,-0.014859652293269316,0.0639879826756007
3.023,-0.49967372169650914,0.02836894026216786,-0.5252961180459529,-0.013565032987464034,0.0639879826756007
3.024,-0.4996447363202946,0.029601800247081027,-0.5253083897542539,-0.012271708300964556,0.0639879826756007
3.025,-0.49961451812036145,0.03083458719249471,-0.5253193627982082,-0.01097304395434714,0.06431963191582261
3.0260000000000002,-0.49958306717127005,0.03206729805662968,-0.5253290384764803,-0.00967567827207634,0.06431963191582261
3.027,-0.4995503835506225,0.0332999297978944,-0.5253374180864357,-0.008379609955487812,0.06431963191582261
3.028,-0.49951646733906235,0.034532479374892594,-0.5253445029241429,-0.007084837707215872,0.06431963191582261
3.029,-0.49948131862027456,0.03576494374643071,-0.5253502942843741,-0.005791360231192204,0.06431963191582261
3.0300000000000002,-0.49944493748098495,0.03699731987152611,-0.5253547869068923,-0.004492622518209137,0.06464731763759374
3.031,-0.49940732401096055,0.038229604709411835,-0.5253579820904353,-0.0031951835429390534,0.06464731763759374
3.032,-0.49936847830300873,0.03946179521954822,-0.5253598811324419,-0.0018990420066442395,0.06464731763759374
3.033,-0.4993284004529775,0.04069388836162699,-0.5253604853290538,-0.0006041966118857207,0.06464731763759374
3.0340000000000003,-0.49928709055975484,0.04192588109558288,-0.5253597959751163,0.0006893539374780398,0.06464731763759374
3.035,-0.49924454872526897,0.043157770381594206,-0.5253578078901441,0.0019880849721991512,0.06497101943292949
3.036,-0.4992007750544875,0.044389553180097296,-0.5253545223728682,0.003285517275885542,0.06497101943292949
3.037,-0.49915576965541775,0.04562122645179055,-0.5253499407207209,0.004581652147268246,0.06497101943292949
3.0380000000000003,-0.4991095326391059,0.0468527871576433,-0.5253440642298371,0.005876490883779567,0.06497101943292949
3.039,-0.49906206411963727,0.04808423225890055,-0.5253368941950556,0.007170034781554376,0.06497101943292949
3.04,-0.4990133642141358,0.04931555871709391,-0.5253284255159659,0.00846867908962285,0.06529071714250147
3.041,-0.4989634330427635,0.05054676349404915,-0.5253186594912126,0.009766024753383257,0.06529071714250147
3.0420000000000003,-0.49891227072872074,0.05177784355189086,-0.5253075974181411,0.011062073071479902,0.06529071714250147
3.043,-0.4988598773982453,0.05300879585305,-0.5252952405927999,0.012356825341258452,0.06529071714250147
3.044,-0.4988062531806126,0.05423961736027483,-0.5252815903099411,0.013650282858767224,0.06529071714250147
3.045,-0.4987513982081351,0.055470305036635616,-0.525266641549548,0.014948760393047909,0.06560639085697266
3.0460000000000003,-0.4986953126161618,0.05670085584553356,-0.5252503956100982,0.016245939449794314,0.06560639085697266
3.047,-0.49863799654307855,0.05793126675070479,-0.5252328537887707,0.017541821327483973,0.06560639085697266
3.048,-0.49857945013030697,0.059161534716234775,-0.5252140173814475,0.01883640732329594,0.06560639085697266
3.049,-0.49851967352230453,0.06039165670655892,-0.5251938876827144,0.0201296987331121,0.06560639085697266
3.0500000000000003,-0.498458666866564,0.06162162968647421,-0.5251724597532617,0.021427929452745176,0.06591802091830938
3.051,-0.4983964303136133,0.06285145062114315,-0.52514973489132,0.022724861941658618,0.06591802091830938
3.052,-0.49833296401701493,0.06408111647610558,-0.5251257143938219,0.024020497498083146,0.06591802091830938
3.053,-0.49826826813336567,0.06531062421728323,-0.525100399556403,0.025314837418951252,0.06591802091830938
3.0540000000000003,-0.4982023428222962,0.06653997081098795,-0.5250737916734031,0.02660788299989849,0.06591802091830938
3.055,-0.49813518824647063,0.06776915322392923,-0.5250458858865278,0.027905786875320075,0.06622558792107411
3.056,-0.49806680457158625,0.06899816842322168,-0.5250166834936809,0.029202392846866237,0.06622558792107411
3.057,-0.49799719196637293,0.07022701337639244,-0.5249861857914685,0.030497702212440855,0.06622558792107411
3.0580000000000003,-0.4979263506025928,0.07145568505138944,-0.5249543940751998,0.0317917162686499,0.06622558792107411
3.059,-0.49785428065504006,0.0726841804165861,-0.524921309638889,0.03308443631080273,0.06622558792107411
3.06,-0.49778098230154,0.0739124964407929,-0.5248869277055603,0.03438193332876583,0.06652907271369517
3.061,-0.4977064557229491,0.07514063009326215,-0.5248512495727107,0.03567813284971097,0.06652907271369517
3.0620000000000003,-0.49763070110315416,0.07636857834369616,-0.5248142765365396,0.03697303617113516,0.06652907271369517
3.063,-0.49755371862907233,0.07759633816225467,-0.5247760098919503,0.03826664458923793,0.06652907271369517
3.064,-0.4974755084906501,0.07882390651956242,-0.5247364509325514,0.039558959398922594,0.06652907271369517
3.065,-0.49739607088086324,0.08005128038671645,-0.5246955949629839,0.04085596956751796,0.06682845639971446
3.0660000000000003,-0.49731540599571616,0.0812784567352945,-0.524653443280258,0.04215168272594473,0.06682845639971446
3.067,-0.4972335140342415,0.08250543253735952,-0.5246099971800867,0.04344610017121307,0.06682845639971446
3.068,-0.4971503951984994,0.08373220476547137,-0.5245652579568877,0.04473922319903615,0.06682845639971446
3.069,-0.4970660496935775,0.08495877039269153,-0.5245192269037838,0.046031053103831404,0.06682845639971446
3.0700000000000003,-0.49698047772758985,0.08618512639259127,-0.5244718994073263,0.04732749645750789,0.06712372033901591
3.071,-0.49689367951167673,0.08741126973925901,-0.5244232767639585,0.0486226433678307,0.06712372033901591
3.072,-0.4968056552600042,0.088637197407308,-0.5243733602688273,0.04991649513124318,0.06712372033901591
3.073,-0.4967164051897633,0.08986290637188352,-0.5243221512157844,0.05120905304289226,0.06712372033901591
3.074,-0.49662592952116974,0.0910883936086706,-0.5242696508973878,0.052500318396629685,0.06712372033901591
3.075,-0.49653422847746315,0.09231365609390196,-0.5242158547823865,0.053796115001213674,0.0674148461490309
3.076,-0.49644130228490685,0.09353869080436217,-0.5241607641665773,0.055090615809193076,0.0674148461490309
3.077,-0.49634715117278694,0.0947634947174019,-0.5241043803444609,0.0563838221163645,0.0674148461490309
3.078,-0.4962517753734119,0.09598806481093858,-0.5240467046092437,0.057675735217228755,0.0674148461490309
3.079,-0.49615517512211205,0.09721239806346793,-0.5239877382528387,0.05896635640499214,0.0674148461490309
3.08,-0.49605735065723894,0.09843649145406796,-0.523927476826476,0.060261426362705595,0.06770181570592233
3.081,-0.4959583022201647,0.09966034196241062,-0.5238659216252255,0.061555201250461336,0.06770181570592233
3.082,-0.49585803005528145,0.10088394656876642,-0.5238030739428622,0.06284768236332933,0.06770181570592233
3.083,-0.49575653441000084,0.10210730225401264,-0.5237389350718671,0.06413887099508445,0.06770181570592233
3.084,-0.4956538155347533,0.10333040599964075,-0.5236735063034289,0.0654287684382078,0.06770181570592233
3.085,-0.4955498736829874,0.10455325478776381,-0.5236067832715362,0.0667230318926846,0.06798461114574977
3.086,-0.4954447091111694,0.10577584560112402,-0.5235387672704525,0.06801600108370691,0.06798461114574977
3.087,-0.49533832207878226,0.10699817542310076,-0.523469459593147,0.0693076773055382,0.06798461114574977
3.088,-0.4952307128483256,0.10822024123771534,-0.5233988615312958,0.07059806185114766,0.06798461114574977
3.089,-0.4951218816853144,0.10944204002964251,-0.5233269743752835,0.0718871560122115,0.06798461114574977
3.09,-0.49501182885827877,0.11066356878421522,-0.52325379384213,0.0731805331535115,0.06826321486561063
3.091,-0.49490055463876315,0.11188482448743271,-0.5231793212252124,0.0744726169176702,0.06826321486561063
3.092,-0.4947880593013255,0.1131058041259679,-0.5231035578166143,0.07576340859806474,0.06826321486561063
3.093,-0.494674343123537,0.11432650468717495,-0.5230265049071275,0.07705290948677888,0.06826321486561063
3.094,-0.49455940638598095,0.11554692315909654,-0.522948163786253,0.07834112087460432,0.06826321486561063
3.095,-0.49444324937225226,0.11676705653047208,-0.5228685302543088,0.07963353194422496,0.06853760952476176
3.096,-0.494325872368957,0.11798690179074244,-0.5227876056037061,0.08092465060277597,0.06853760952476176
3.097,-0.4942072756657111,0.11920645593006135,-0.5227053911255634,0.08221447814266843,0.06853760952476176
3.098,-0.4940874595551403,0.12042571593930021,-0.5226218881097083,0.083503015855021,0.06853760952476176
3.099,-0.4939664243328787,0.12164467881005617,-0.5225370978446787,0.08479026502966121,0.06853760952476176
3.1,-0.4938441702975689,0.1228633415346595,-0.5224510162143532,0.08608163032554593,0.06880777804571916
3.101,-0.4937206977508604,0.12408170110618108,-0.5223636445100971,0.08737170425613476,0.06880777804571916
3.102,-0.49359600699740963,0.1252997545184398,-0.5222749840219842,0.088660488112793,0.06880777804571916
3.103,-0.4934700983448784,0.1265174987660106,-0.5221850360387986,0.08994798318559459,0.06880777804571916
3.104,-0.493342972103934,0.12773493084422924,-0.5220938018480353,0.09123419076332338,0.06880777804571916
3.105,-0.4932146285882477,0.12895204774920374,-0.5220012774173904,0.09252443064486685,0.06907370361533934
3.106,-0.4930850681144945,0.1301688464778185,-0.5219074640371039,0.09381338028652876,0.06907370361533934
3.107,-0.49295429100235166,0.1313853240277457,-0.5218123629961253,0.09510104097854902,0.06907370361533934
3.108,-0.492822297574499,0.13260147739744574,-0.5217159755821155,0.09638741400987726,0.06907370361533934
3.109,-0.4926890881566171,0.13381730358618188,-0.5216183030814473,0.09767250066817416,0.06907370361533934
3.11,-0.492554663077387,0.13503279959402376,-0.5215193415458861,0.0989615355612235,0.0693353696858755
3.111,-0.492419022668489,0.13624796242185655,-0.5214190922644667,0.10024928141937979,0.0693353696858755
3.112,-0.4922821672646027,0.13746278907138473,-0.521317556524935,0.10153573953167792,0.0693353696858755
3.113,-0.49214409720340496,0.1386772765451463,-0.5212147356137492,0.10282091118586376,0.0693353696858755
3.114,-0.4920048128255699,0.13989142184651351,-0.5211106308160808,0.10410479766839541,0.0693353696858755
3.115,-0.4918643144747679,0.1411052219797042,-0.5210052382680105,0.10539254807024738,0.06959275997601837
3.116,-0.49172260249766486,0.14231867394978584,-0.5208985592572888,0.1066790107216975,0.06959275997601837
3.117,-0.49157967724392077,0.14353177476268697,-0.5207905950703783,0.10796418691049617,0.06959275997601837
3.118,-0.49143553906618964,0.14474452142520197,-0.5206813469924552,0.10924807792310604,0.06959275997601837
3.119,-0.491290188320118,0.14595691094499894,-0.5205708163074104,0.1105306850447033,0.06959275997601837
3.12,-0.49114362536434436,0.14716894033062733,-0.5204589992358813,0.11181707152909678,0.06984585847190933
3.121,-0.4909958505604983,0.14838060659152508,-0.5203458970642544,0.11310217162700588,0.06984585847190933
3.122,-0.4908468642731995,0.14959190673802614,-0.5202315110776295,0.11438598662481705,0.06984585847190933
3.123,-0.4906966668700566,0.15080283778136852,-0.5201158425598219,0.11566851780763042,0.06984585847190933
3.124,-0.49054525872166704,0.15201339673369885,-0.5199988927933626,0.11694976645926097,0.06984585847190933
3.125,-0.4903926402016152,0.15322358060808394,-0.5198806580836812,0.11823470968136454,0.07009464942814175
3.126,-0.4902388116864722,0.15443338641851537,-0.519761139715721,0.11951836796024601,0.07009464942814175
3.1270000000000002,-0.4900837735557946,0.15564281117991763,-0.5196403389731402,0.1208007425808486,0.07009464942814175
3.128,-0.4899275261921235,0.15685185190815523,-0.5195182571383133,0.12208183482683058,0.07009464942814175
3.129,-0.4897700699809837,0.15806050562004048,-0.5193948954923328,0.12336164598056658,0.07009464942814175
3.13,-0.48961140531088293,0.15926876933334044,-0.5192702504256508,0.12464506668196065,0.0703391173687318
3.1310000000000002,-0.48945153257331026,0.1604766400667852,-0.5191443232216881,0.12592720396265333,0.0703391173687318
3.132,-0.48929045216273603,0.1616841148400724,-0.5190171151625821,0.1272080591060653,0.0703391173687318
3.133,-0.48912816447661,0.16289119067387878,-0.5188886275291877,0.1284876333943339,0.0703391173687318
3.134,-0.4889646699153609,0.16409786458986472,-0.5187588616010794,0.1297659281083142,0.0703391173687318
3.1350000000000002,-0.48879996888239535,0.16530413361068227,-0.5186278138539575,0.13104774712196746,0.07057924708807857
3.136,-0.48863406178409674,0.16650999475998252,-0.5184954855696409,0.13232828431660706,0.07057924708807857
3.137,-0.48846694902982435,0.16771544506242297,-0.5183618780286668,0.13360754097405203,0.07057924708807857
3.138,-0.48829863103191234,0.16892048154367487,-0.518226992510292,0.13488551837483956,0.07057924708807857
3.1390000000000002,-0.48812910820566846,0.1701251012304311,-0.5180908302924938,0.1361622177982263,0.07057924708807857
3.14,-0.48795838096937366,0.171329301150411,-0.5179533879364403,0.13744235605346597,0.07081502365189571
3.141,-0.4877864497442803,0.17253307833237166,-0.5178146667222698,0.1387212141704504,0.07081502365189571
3.142,-0.4876133149546118,0.17373642980611184,-0.5176746679288405,0.13999879342931787,0.07081502365189571
3.1430000000000002,-0.4874389770275606,0.1749393526024835,-0.5175333928337316,0.14127509510892647,0.07081502365189571
3.144,-0.48726343639328856,0.17614184375339212,-0.5173908427132448,0.14255012048685545,0.07081502365189571
3.145,-0.48708669348492467,0.17734390029181102,-0.5172470142142305,0.14382849901433112,0.07104643239812684
3.146,-0.4869087487385645,0.1785455192517852,-0.5171019086150672,0.14510559916327934,0.07104643239812684
3.1470000000000002,-0.4867296025932688,0.17974669766843995,-0.5169555271928551,0.1463814222120786,0.07104643239812684
3.148,-0.4865492554910632,0.18094743257798565,-0.5168078712234173,0.14765596943782905,0.07104643239812684
3.149,-0.48636770787693623,0.18214772101772825,-0.5166589419813009,0.14892924211635375,0.07104643239812684
3.15,-0.4861849601988384,0.18334756002607666,-0.5165087361992479,0.15020578205299423,0.07127345893784191
3.1510000000000002,-0.48600101290768133,0.18454694664254748,-0.5163572551537982,0.15148104544969807,0.07127345893784191
3.152,-0.485815866457337,0.185745877907772,-0.5162045001202151,0.1527550335830052,0.07127345893784191
3.153,-0.48562952130463566,0.18694435086350725,-0.5160504723724869,0.15402774772817904,0.07127345893784191
3.154,-0.4854419779093655,0.18814236255264033,-0.5158951731833277,0.1552991891592077,0.07127345893784191
3.1550000000000002,-0.4852532367342713,0.1893399100191965,-0.5157385993715745,0.1565738117531707,0.0714960891561094
3.156,-0.48506329824505295,0.19053699030834642,-0.51558075221185,0.15784715972453972,0.0714960891561094
3.157,-0.48487216291036495,0.19173360046641347,-0.515421632977502,0.15911923434793737,0.0714960891561094
3.158,-0.4846798312018147,0.19292973754088105,-0.5152612429406053,0.16039003689671164,0.0714960891561094
3.1590000000000003,-0.48448630359396144,0.1941253985804005,-0.5150995833719624,0.16165956864293712,0.0714960891561094
3.16,-0.48429158056431554,0.1953205806347957,-0.5149366511767038,0.1629321952585512,0.07171430921285125
3.161,-0.4840956625933366,0.19651528075507446,-0.5147724476274563,0.16420354924754968,0.07171430921285125
3.162,-0.48389855016443273,0.19770949599343296,-0.5146069739955738,0.16547363188255915,0.07171430921285125
3.1630000000000003,-0.48370024376395926,0.1989032234032638,-0.5144402315511388,0.1667424444349336,0.07171430921285125
3.164,-0.48350074388121755,0.2000964600391633,-0.514272221562964,0.1680099881747557,0.07171430921285125
3.165,-0.4833000510084537,0.20128920295693864,-0.5141029410226666,0.16928054029745446,0.07192810554367557
3.166,-0.4830981656408574,0.20248144921361524,-0.5139323912007986,0.17054982186803053,0.07192810554367557
3.1670000000000003,-0.4828950882765607,0.20367319586744467,-0.5137605733666416,0.171817834157036,0.07192810554367557
3.168,-0.4826908194166369,0.20486443997790918,-0.5135874887882078,0.17308457843375247,0.07192810554367557
3.169,-0.4824853595650991,0.20605517860573305,-0.5134131387322416,0.1743500559661922,0.07192810554367557
3.17,-0.48227870922889904,0.20724540881288703,-0.5132375202770342,0.1756184552074399,0.07213746486069356
3.1710000000000003,-0.48207086891792583,0.20843512766259642,-0.5130606346909847,0.17688558604944635,0.07213746486069356
3.172,-0.48186183914500486,0.20962433221934823,-0.5128824832412241,0.17815144976061076,0.07213746486069356
3.173,-0.48165162042589627,0.21081301954889842,-0.512703067193616,0.179416047608064,0.07213746486069356
3.174,-0.4814402132792938,0.2120011867182792,-0.5125223878127584,0.18067938085766982,0.07213746486069356
3.1750000000000003,-0.4812276182268236,0.2131888307958068,-0.5123404422637985,0.18194554895987836,0.0723423741533107
3.176,-0.4810138357930429,0.21437594885108627,-0.5121572318129045,0.1832104508939847,0.0723423741533107
3.177,-0.48079886650543857,0.21556253795502237,-0.5119727577249783,0.1844740879261569,0.0723423741533107
3.178,-0.48058271089442606,0.21674859517982387,-0.511787021263657,0.18573646132129698,0.0723423741533107
3.1790000000000003,-0.4803653694933475,0.2179341175990145,-0.511600023691314,0.1869975723430419,0.0723423741533107
3.18,-0.48014684283847153,0.21911910228743336,-0.5114117622601295,0.1882614311844789,0.07254282068900231
3.181,-0.47992713146899085,0.2203035463212494,-0.5112222382339624,0.18952402616707448,0.07254282068900231
3.182,-0.47970623592702144,0.2214874467779646,-0.5110314528754077,0.19078535855468745,0.07254282068900231
3.1830000000000003,-0.4794841567576009,0.22267080073642295,-0.5108394074457978,0.1920454296099128,0.07254282068900231
3.184,-0.47926089450868786,0.2238536052768149,-0.5106461032052038,0.19330424059408294,0.07254282068900231
3.185,-0.47903644973115966,0.22503585748068772,-0.51045153749301,0.19456571219377025,0.07273879201406963
3.186,-0.4788108229788112,0.22621755443095307,-0.5102557115706882,0.1958259223218579,0.07273879201406963
3.1870000000000003,-0.4785840148083541,0.22739869321189116,-0.5100586266984484,0.1970848722398174,0.07273879201406963
3.188,-0.4783560257794152,0.22857927090915814,-0.5098602841352405,0.19834256320785898,0.07273879201406963
3.189,-0.47812685645453473,0.22975928460979653,-0.5096606851387556,0.1995989964849325,0.07273879201406963
3.19,-0.47789650739916506,0.2309387314022398,-0.5094598271357481,0.20085800300753504,0.0729302759543733
3.1910000000000003,-0.4776649791816696,0.23211760837632098,-0.5092577113852245,0.20211575052361497,0.0729302759543733
3.192,-0.47743227237332153,0.2332959126232763,-0.5090543391449323,0.20337224029217882,0.0729302759543733
3.193,-0.4771983875483014,0.23447364123575912,-0.5088497116713613,0.2046274735709741,0.0729302759543733
3.194,-0.47696332528369684,0.23565079130784056,-0.5086438302197448,0.2058814516164906,0.0729302759543733
3.1950000000000003,-0.4767270861595006,0.23682735993502044,-0.5084366923043676,0.20713791537719506,0.07311726061604734
3.196,-0.4764896707586094,0.23800334421423136,-0.5082282991816934,0.20839312267413881,0.07311726061604734
3.197,-0.476251079666822,0.2391787412438496,-0.5080186521069296,0.20964707476378563,0.07311726061604734
3.198,-0.4760113134728383,0.2403535481236999,-0.5078077523340283,0.2108997729013428,0.07311726061604734
3.1990000000000003,-0.4757703727682575,0.2415277619550631,-0.5075956011156876,0.2121512183407624,0.07311726061604734
3.2,-0.4755282581475768,0.24270137984068316,-0.5073821960538775,0.2134050618101456,0.07329973438619775
3.201,-0.47528497020819005,0.24387439888477472,-0.5071675384024414,0.21465765143605942,0.07329973438619775
3.202,-0.4750405095503859,0.2450468161930299,-0.5069516294139691,0.21590898847234732,0.07329973438619775
3.203,-0.4747948767773469,0.2462186288726255,-0.5067344703397975,0.21715907417159894,0.07329973438619775
3.204,-0.47454807249514724,0.2473898340322309,-0.5065160624300123,0.2184079097851513,0.07329973438619775
3.205,-0.4743000973127523,0.2485604287820124,-0.5062964033744183,0.2196590555940377,0.07347768593357842
3.206,-0.474050951842016,0.24973041023364456,-0.5060754944241611,0.22090895025711524,0.07347768593357842
3.207,-0.47380063669768,0.25089977550031445,-0.5058533368291356,0.2221575950255297,0.07347768593357842
3.208,-0.47354915249737217,0.25206852169672955,-0.5056299318379864,0.22340499114917575,0.07347768593357842
3.209,-0.4732964998616046,0.2532366459391247,-0.5054052806981097,0.22465113987669816,0.07347768593357842
3.21,-0.4730426794137727,0.2544041453452695,-0.5051793811872888,0.22589951082100637,0.07365110420924549
3.211,-0.4727876917801531,0.25557101703447527,-0.5049522345538944,0.22714663339437027,0.07365110420924549
3.212,-0.47253153758990235,0.25673725812760273,-0.5047238420450492,0.22839250884516082,0.07365110420924549
3.213,-0.4722742174750557,0.25790286574706656,-0.5044942049066287,0.22963713842050057,0.07365110420924549
3.214,-0.472015732070525,0.2590678370168459,-0.5042633243832624,0.23088052336626497,0.07365110420924549
3.215,-0.4717560820140969,0.26023216906249125,-0.5040311983408505,0.23212604241184268,0.07381997844719881
3.216,-0.4714952679464322,0.261395859011129,-0.5037978280249121,0.23337031593837482,0.07381997844719881
3.217,-0.471233290511064,0.26255890399146853,-0.5035632146797208,0.2346133451913804,0.07381997844719881
3.218,-0.4709701503543953,0.26372130113381276,-0.5033273595483057,0.235855131415133,0.07381997844719881
3.219,-0.47070584812569843,0.26488304757006215,-0.503090263872453,0.23709567585266186,0.07381997844719881
3.22,-0.47044038447711267,0.26604414043372354,-0.502851925606313,0.2383382661401092,0.07398429816499923
3.221,-0.47017376006364353,0.2672045768599138,-0.5026123459924757,0.23957961383726906,0.07398429816499923
3.222,-0.46990597554315994,0.26836435398537334,-0.502371526272289,0.24081972018673178,0.07398429816499923
3.223,-0.46963703157639364,0.2695234689484667,-0.5021294676858591,0.24205858642984504,0.07398429816499923
3.224,-0.46936692882693704,0.27068191888919363,-0.5018861714720524,0.24329621380671518,0.07398429816499923
3.225,-0.4690956679612421,0.2718397009491928,-0.5016416356733961,0.24453579865619574,0.0741440531643639
3.226,-0.4688232496486178,0.2729968122717526,-0.5013958615294754,0.2457741439208268,0.0741440531643639
3.227,-0.4685496745612294,0.27415325000181595,-0.5011488502786352,0.24701125084019326,0.0741440531643639
3.228,-0.4682749433740962,0.27530901128598767,-0.5009006031579826,0.24824712065264035,0.0741440531643639
3.229,-0.46799905676509007,0.2764640932725418,-0.5006511214033873,0.249481754595275,0.0741440531643639
3.23,-0.46772201541493374,0.27761849311142817,-0.500400403145876,0.25071825751131477,0.07429923353175306
3.231,-0.46744382000719925,0.27877220795428004,-0.5001484496219515,0.25195352392443854,0.07429923353175306
3.232,-0.46716447122830596,0.27992523495442134,-0.49989526206688034,0.25318755507114915,0.07429923353175306
3.233,-0.46688396976751956,0.28107757126687133,-0.49964084171469364,0.25442035218671305,0.07429923353175306
3.234,-0.46660231631694926,0.2822292140483553,-0.49938518979818847,0.2556519165051614,0.07429923353175306
3.235,-0.46631951157154705,0.2833801604573092,-0.499128304537007,0.2568852611814348,0.07444982963892717
3.236,-0.46603555622910553,0.28453040765388715,-0.498870187164494,0.2581173725130319,0.07444982963892717
3.237,-0.4657504509902562,0.28567995279996855,-0.4986108389127607,0.2593482517332974,0.07444982963892717
3.238,-0.46546419655846794,0.28682879305916503,-0.49835026101268637,0.2605779000743426,0.07444982963892717
3.239,-0.4651767936400451,0.2879769255968274,-0.4980884546939193,0.2618063187670468,0.07444982963892717
3.24,-0.4648882429441256,0.2891243475800535,-0.4978254182648282,0.26303642909114955,0.07459583214348943
3.241,-0.46459854518268007,0.2902710561776923,-0.4975611529555233,0.2642653093049282,0.07459583214348943
3.242,-0.4643077010705086,0.29141704856035494,-0.4972956599948848,0.26549296063849304,0.07459583214348943
3.243,-0.4640157113252403,0.2925623219004192,-0.4970289406105641,0.26671938432072434,0.07459583214348943
3.244,-0.4637225766673307,0.29370687337203694,-0.4967609960289848,0.2679445815792734,0.07459583214348943
3.245,-0.46342829782006045,0.2948507001511411,-0.49649182464734737,0.26917138163748233,0.07473723198940906
3.246,-0.46313287550953336,0.29599379941545295,-0.49622142769245176,0.27039695489563303,0.07473723198940906
3.247,-0.46283631046467466,0.29713616834448864,-0.49594980638987124,0.2716213025805256,0.07473723198940906
3.248,-0.46253860341722897,0.29827780411956695,-0.4956769619639535,0.2728444259177332,0.07473723198940906
3.249,-0.462239755101759,0.2994187039238139,-0.4954028956378219,0.2740663261316037,0.07473723198940906
3.25,-0.4619397662556433,0.3005588649421733,-0.4951276058976083,0.2752897402136227,0.0748740204075281
3.251,-0.46163863761907464,0.30169828436141044,-0.4948510939667267,0.2765119308815596,0.0748740204075281
3.2520000000000002,-0.4613363699350574,0.30283695937012317,-0.4945733610673679,0.2777328993588286,0.0748740204075281
3.253,-0.4610329639494076,0.30397488715874216,-0.49429440842050026,0.27895264686762034,0.0748740204075281
3.254,-0.46072842041074924,0.30511206491954423,-0.49401423724587135,0.2801711746289033,0.0748740204075281
3.255,-0.46042274007051315,0.3062484898466565,-0.49373284611863877,0.28139112723259524,0.07500618891604235
3.2560000000000002,-0.4601159236829351,0.307384159136064,-0.49345023625875506,0.2826098598836835,0.07500618891604235
3.257,-0.4598079720050544,0.3085190699856136,-0.49316640888495294,0.28382737380212064,0.07500618891604235
3.258,-0.4594988857967108,0.30965321959502773,-0.4928813652147463,0.28504367020663934,0.07500618891604235
3.259,-0.4591886658205439,0.31078660516590423,-0.49259510646443155,0.28625875031475356,0.07500618891604235
3.2600000000000002,-0.4588773128419905,0.31191922390172744,-0.4923076312982807,0.2874751661508583,0.07513372932097424
3.261,-0.4585648276292836,0.31305107300787205,-0.4920189409327096,0.28869036557112693,0.07513372932097424
3.262,-0.458251210953449,0.3141821496916135,-0.4917290365829176,0.28990434979197527,0.07513372932097424
3.263,-0.4579364635883048,0.3153124511621325,-0.491437919462889,0.2911171200286028,0.07513372932097424
3.2640000000000002,-0.4576205863104588,0.3164419746305226,-0.491145590785394,0.2923286774949937,0.07513372932097424
3.265,-0.45730357989930687,0.3175707173097968,-0.49085204930390214,0.293541481491831,0.07525663371661519
3.266,-0.4569854451370307,0.31869867641489474,-0.49055729623121747,0.2947530726846715,0.07525663371661519
3.267,-0.4566661828085962,0.31982584916268963,-0.49026133277893114,0.29596345228631915,0.07525663371661519
3.2680000000000002,-0.4563457937017514,0.3209522327719953,-0.4899641601574228,0.29717262150836515,0.07525663371661519
3.269,-0.4560242786070247,0.3220778244635709,-0.4896657795758616,0.2983805815611891,0.07525663371661519
3.27,-0.4557016383177226,0.3232026214601314,-0.48936618987699226,0.2995896988693471,0.07537489448596073
3.271,-0.45537787362992793,0.3243266209863521,-0.48906539226993206,0.300797607060197,0.07537489448596073
3.2720000000000002,-0.4550529853424979,0.32544982026887587,-0.4887633879625892,0.302004307342856,0.07537489448596073
3.273,-0.45472697425706193,0.3265722165363201,-0.488460178161664,0.30320980092523236,0.07537489448596073
3.274,-0.4543998411780201,0.3276938070192837,-0.48815576407264993,0.30441408901402633,0.07537489448596073
3.275,-0.45407158691254074,0.3288145889503534,-0.4878501446276389,0.30561944501103466,0.07548850430111652
3.2760000000000002,-0.4537422122705584,0.32993455956411216,-0.4875433210319869,0.306823595652046,0.07548850430111652
3.277,-0.45341171806477265,0.3310537160971423,-0.4872352944898445,0.30802654214241626,0.07548850430111652
3.278,-0.4530801051106449,0.33217205578803705,-0.4869260662041582,0.3092282856862962,0.07548850430111652
3.279,-0.45274737422639716,0.33328957587740443,-0.4866156373766716,0.3104288274866322,0.07548850430111652
3.2800000000000002,-0.4524135262330098,0.33440627360787467,-0.48630400702888993,0.31163034778161947,0.07559745612369631
3.281,-0.4520785619542195,0.33552214622410714,-0.48599117636233363,0.31283066655631175,0.07559745612369631
3.282,-0.45174248221651747,0.33663719097279704,-0.4856771465773214,0.3140297850122294,0.07559745612369631
3.283,-0.4514052878491469,0.33775140510268237,-0.4853619188729717,0.3152277043496911,0.07559745612369631
3.2840000000000003,-0.4510669796841013,0.33886478586455104,-0.4850454944472039,0.3164244257678153,0.07559745612369631
3.285,-0.4507275585561228,0.3399773305112456,-0.48472787241099774,0.3176220362061513,0.07570174320519132
3.286,-0.450387025302699,0.34108903629767323,-0.4844090539619637,0.318818449034049,0.07570174320519132
3.287,-0.4500453807640621,0.34219990048080984,-0.4840890402965146,0.32001366544911874,0.07570174320519132
3.2880000000000003,-0.4497026257831855,0.34330992031971036,-0.48376783260986683,0.32120768664777344,0.07570174320519132
3.289,-0.4493587612057836,0.3444190930755093,-0.4834454320960416,0.3224005138252295,0.07570174320519132
3.29,-0.4490137878803078,0.3455274160114337,-0.48312183795554847,0.32359414049315083,0.07580135908732888
3.291,-0.44866770665794564,0.34663488639280704,-0.48279705138201406,0.32478657353440427,0.07580135908732888
3.2920000000000003,-0.44832051839261783,0.34774150148705674,-0.48247107356787144,0.32597781414261645,0.07580135908732888
3.293,-0.44797222394097747,0.3488472585637183,-0.4821439057043612,0.3271678635102204,0.07580135908732888
3.294,-0.44762282416240595,0.34995215489444775,-0.4818155489815328,0.3283567228284568,0.07580135908732888
3.295,-0.4472723199190127,0.35105618775302283,-0.4814860026894751,0.32954629205767655,0.07589629760241003
3.2960000000000003,-0.44692071207563183,0.3521593544153526,-0.48115526801775743,0.3307346717176671,0.07589629760241003
3.297,-0.44656800149982123,0.35326165215948196,-0.4808233461547594,0.3319218629979976,0.07589629760241003
3.298,-0.44621418906185895,0.35436307826560126,-0.48049023828767234,0.3331078670870478,0.07589629760241003
3.299,-0.445859275634742,0.3554636300160512,-0.48015594560250036,0.33429268517200894,0.07589629760241003
3.3000000000000003,-0.445503262094184,0.35656330469532965,-0.47982046747895607,0.3354781235443095,0.07598655287362892
3.301,-0.4451461493186129,0.35766209959009865,-0.47948380510247784,0.33666237647823777,0.07598655287362892
3.302,-0.44478793818916906,0.35876001198919105,-0.4791459596573186,0.3378454451592321,0.07598655287362892
3.303,-0.4444286295897028,0.35985703918361717,-0.47880693232654703,0.33902733077154545,0.07598655287362892
3.3040000000000003,-0.4440682244067722,0.36095317846657204,-0.4784667242920488,0.3402080344982465,0.07598655287362892
3.305,-0.4437067235296416,0.3620484271334397,-0.4781253350231987,0.3413892688500557,0.07607211931537237
3.306,-0.4433441278502782,0.3631427824818036,-0.4777827657012312,0.3425693219675131,0.07607211931537237
3.307,-0.44298043826335093,0.3642362418114507,-0.4774390175061993,0.34374819503185305,0.07607211931537237
3.3080000000000003,-0.4426156556662276,0.36532880242437876,-0.4770940916169762,0.34492588922312867,0.07607211931537237
3.309,-0.4422497809589731,0.36642046162480313,-0.476747989211256,0.346102405720213,0.07607211931537237
3.31,-0.4418828150443468,0.3675112167191632,-0.47640070984810884,0.34727936314716285,0.07615299163350348
3.311,-0.4415147588278006,0.36860106501612927,-0.47605225470449214,0.3484551436166857,0.07615299163350348
3.3120000000000003,-0.44114561321747653,0.36969000382660955,-0.4757026249561864,0.3496297483057391,0.07615299163350348
3.313,-0.44077537912420506,0.37077803046375457,-0.47535182177779634,0.35080317839010344,0.07615299163350348
3.314,-0.44040405746150174,0.3718651422429674,-0.47499984634275194,0.3519754350443834,0.07615299163350348
3.315,-0.4400316491455659,0.37295133648190776,-0.47464669829984607,0.3531480429058516,0.07622916482562936
3.3160000000000003,-0.4396581550952781,0.3740366105004993,-0.4742923788216866,0.35431947815945836,0.07622916482562936
3.317,-0.4392835762321977,0.3751209616209364,-0.4739368890797088,0.35548974197781147,0.07622916482562936
3.318,-0.4389079134805609,0.3762043871676903,-0.4735802302441765,0.35665883553234623,0.07622916482562936
3.319,-0.4385311677672781,0.37728688446751624,-0.47322240348418315,0.35782675999332647,0.07622916482562936
3.3200000000000003,-0.4381533400219317,0.37836845084946036,-0.4728634085382662,0.35899494591696,0.07630063418134311
3.321,-0.4377744311767745,0.3794490836448639,-0.4725032465746115,0.3601619636546699,0.07630063418134311
3.322,-0.4373944421667263,0.38052878018737346,-0.47214191876023687,0.3613278143746421,0.07630063418134311
3.323,-0.4370133739293724,0.3816075378129446,-0.47177942626099295,0.3624924992438943,0.07630063418134311
3.3240000000000003,-0.4366312274049601,0.38268535385985186,-0.47141577024156467,0.3636560194282773,0.07630063418134311
3.325,-0.43624800353639853,0.38376222566868945,-0.47105095053025015,0.36481971131449814,0.07636739528245592
3.326,-0.43586370326925444,0.3848381505823839,-0.4706849682907413,0.36598223950883274,0.07636739528245592
3.327,-0.4354783275517505,0.3859131259461975,-0.4703178246855663,0.367143605174973,0.07636739528245592
3.3280000000000003,-0.4350918773347627,0.38698714910773585,-0.4699495208760909,0.36830380947544716,0.07636739528245592
3.329,-0.43470435357181897,0.3880602174169524,-0.46958005802251923,0.36946285357162084,0.07636739528245592
3.33,-0.43431575721909577,0.38913232822615784,-0.4692094360429211,0.3706219795981134,0.07642944400320803
3.331,-0.4339260892354154,0.3902034788900265,-0.46883765609642253,0.37177994649857943,0.07642944400320803
3.332,-0.4335353505822452,0.39127366676559994,-0.4684647193409904,0.372936755432145,0.07642944400320803
3.333,-0.43314354222369367,0.39234288921229665,-0.4680906269334336,0.37409240755677703,0.07642944400320803
3.334,-0.4327506651265095,0.3934111435919153,-0.4677153800294043,0.3752469040292844,0.07642944400320803
3.335,-0.43235672026007754,0.3944784272686449,-0.46733897863674884,0.37640139265546435,0.07648677651046172
3.336,-0.4319617085964177,0.3955447376090692,-0.4669614239099558,0.3775547267930181,0.07648677651046172
3.337,-0.4315656311101819,0.39661007198217335,-0.46658271700235937,0.37870690759643433,0.07648677651046172
3.338,-0.43116848877865205,0.3976744277593508,-0.46620285906614034,0.3798579362190471,0.07648677651046172
3.339,-0.43077028258173733,0.39873780231440936,-0.4658218512523273,0.38100781381303733,0.07648677651046172
3.34,-0.43037101350197193,0.3998001930235781,-0.46543969365854276,0.38215759378450176,0.07653938926387292
3.341,-0.4299706825245125,0.4008615972655141,-0.4650563874345668,0.38330622397599473,0.07653938926387292
3.342,-0.42956929063713617,0.40192201242130676,-0.4646719337290295,0.3844537055372962,0.07653938926387292
3.343,-0.4291668388302375,0.40298143587448765,-0.46428633368941247,0.38560003961703637,0.07653938926387292
3.344,-0.42876332809682616,0.40403986501103467,-0.46389958846204976,0.3867452273626968,0.07653938926387292
3.345,-0.4283587594325249,0.4050972972193792,-0.4635116982343341,0.3878902277156552,0.07658727901605449
3.346,-0.42795313383556655,0.40615372989041243,-0.4631226641512658,0.3890340830682606,0.07658727901605449
3.347,-0.4275464523067921,0.40720916041749167,-0.4627324873567003,0.3901767945655134,0.07658727901605449
3.348,-0.4271387158496477,0.40826358619644704,-0.46234116899334904,0.39131836335126896,0.07658727901605449
3.349,-0.4267299254701823,0.40931700462558834,-0.4619487102027808,0.3924587905682388,0.07658727901605449
3.35,-0.42632008217704603,0.4103694131057091,-0.4615551112621469,0.39359894063392475,0.07663044281271059
3.351,-0.4259091869814862,0.4114208090400967,-0.4611603733115973,0.394737950549545,0.07663044281271059
3.352,-0.42549724089734614,0.41247118983453557,-0.4607644974901421,0.3958758214552497,0.07663044281271059
3.353,-0.4250842449410611,0.41352055289731726,-0.46036748493565205,0.39701255449004863,0.07663044281271059
3.354,-0.4246702001316583,0.4145688956392409,-0.45996933678486024,0.3981481507918128,0.07663044281271059
3.355,-0.4242551074907519,0.4156162154736256,-0.45957005340465934,0.3992833802008762,0.07666887799276051
3.356,-0.42383896804254173,0.41666250981631386,-0.4591696359302788,0.40041747438053055,0.07666887799276051
3.357,-0.4234217828138102,0.41770777608567894,-0.4587680854958128,0.40155043446600525,0.07666887799276051
3.358,-0.423003552833921,0.41875201170262905,-0.4583654032342214,0.4026822615913945,0.07666887799276051
3.359,-0.42258427913481494,0.4197952140906166,-0.45796159027733174,0.4038129568896583,0.07666887799276051
3.36,-0.42216396275100776,0.4208373806756445,-0.4575566470817552,0.4049431955765375,0.07670258218844384
3.361,-0.4217426047195883,0.42187850888627043,-0.45715057477773047,0.4060723040247299,0.07670258218844384
3.362,-0.42132020608021614,0.4229185961536128,-0.456743374494366,0.407200283364474,0.07670258218844384
3.363,-0.4208967678751177,0.42395763991136026,-0.4563350473596411,0.4083271347248784,0.07670258218844384
3.364,-0.42047229114908463,0.4249956375957757,-0.45592559450040715,0.40945285923392244,0.07670258218844384
3.365,-0.4200467769494708,0.4260325866457034,-0.45551501646296594,0.41057803744119664,0.07673155332540701
3.366,-0.41962022632619095,0.4270684845025731,-0.4551033143724957,0.41170209047026357,0.07673155332540701
3.367,-0.41919264033171566,0.4281033286104115,-0.4546904893530494,0.41282501944630146,0.07673155332540701
3.368,-0.41876402002107105,0.42913711641584307,-0.45427654252755606,0.4139468254933633,0.07673155332540701
3.369,-0.41833436645183486,0.4301698453680997,-0.4538614750178217,0.4150675097343781,0.07673155332540701
3.37,-0.4179036806841351,0.4312015129190242,-0.4534452874598046,0.41618755801709906,0.07675578962276706
3.371,-0.4174719637806459,0.4322321165230801,-0.45302798097355307,0.4173064862515373,0.07675578962276706
3.372,-0.4170392168065856,0.43326165363735536,-0.45260955667799535,0.41842429555774113,0.07675578962276706
3.373,-0.41660544082971457,0.43429012172156956,-0.4521900156909407,0.4195409870546387,0.07675578962276706
3.374,-0.4161706369203318,0.43531751823807996,-0.45176935912908067,0.4206565618600394,0.07675578962276706
3.375,-0.41573480615127273,0.43634384065188764,-0.4513475877179906,0.4217714110900428,0.07677528959317036
3.376,-0.41529794959790645,0.4373690864306443,-0.45092470257251976,0.4228851454708162,0.07677528959317036
3.3770000000000002,-0.4148600683381329,0.43839325304465826,-0.45050070480640253,0.4239977661172088,0.07677528959317036
3.378,-0.4144211634523809,0.43941633796689916,-0.45007559553225956,0.425109274142955,0.07677528959317036
3.379,-0.41398123602360454,0.44043833867300725,-0.44964937586159887,0.42621967066067545,0.07677528959317036
3.38,-0.4135402871372809,0.4414592526412973,-0.449222046609568,0.42732925203087124,0.07679005204282247
3.3810000000000002,-0.4130983178814076,0.4424790773527656,-0.4487936088857483,0.4284377238196968,0.07679005204282247
3.382,-0.41265532934649984,0.44349781029109614,-0.4483640637986116,0.42954508713673356,0.07679005204282247
3.383,-0.4122113226255878,0.44451544894266665,-0.44793341245552115,0.4306513430904533,0.07679005204282247
3.384,-0.41176629881421384,0.4455319907965548,-0.44750165596273295,0.43175649278821926,0.07679005204282247
3.3850000000000002,-0.4113202590104298,0.4465474333445453,-0.4470687952249161,0.43286073781686113,0.07680007607150412
3.386,-0.41087320431479507,0.44756177408113335,-0.44663483134631565,0.43396387860047436,0.07680007607150412
3.387,-0.4104251358303723,0.44857501050353477,-0.44619976543007234,0.435065916243304,0.07680007607150412
3.388,-0.40997605466272613,0.4495871401116892,-0.44576359857822384,0.43616685184849074,0.07680007607150412
3.3890000000000002,-0.4095259619199196,0.45059816040826756,-0.4453263318917058,0.4372666865180723,0.07680007607150412
3.39,-0.40907485871251176,0.4516080688986778,-0.4448879663646528,0.43836552705300563,0.07680536107256969
3.391,-0.408622746153555,0.452616863091071,-0.4444485030959054,0.43946326874740405,0.07680536107256969
3.392,-0.4081696253585921,0.4536245404963478,-0.4440079431832053,0.440559912700108,0.07680536107256969
3.3930000000000002,-0.4077154974456533,0.4546310986281651,-0.44356628772319645,0.4416554600088593,0.07680536107256969
3.394,-0.4072603635352546,0.45563653500293944,-0.44312353781142616,0.4427499117703018,0.07680536107256969
3.395,-0.4068042247503937,0.45664084713985664,-0.44267969453143297,0.4438432799931901,0.0768059067329314
3.396,-0.4063470822165472,0.4576440325608773,-0.4422347589765851,0.4449355548478556,0.0768059067329314
3.3970000000000002,-0.4058889370616688,0.4586460887907414,-0.44178873223915743,0.44602673742766635,0.0768059067329314
3.398,-0.40542979041618676,0.45964701335697344,-0.4413416154103325,0.44711682882489734,0.0768059067329314
3.399,-0.4049696434129994,0.46064680378989215,-0.4408934095802018,0.44820583013073106,0.0768059067329314
3.4,-0.4045084971874738,0.461645457622614,-0.4404441159216405,0.44929365856126074,0.0768017130330209
3.4010000000000002,-0.40404635287744206,0.46264297239106067,-0.43999373552247717,0.4503803991633599,0.0768017130330209
3.402,-0.40358321162320027,0.4636393456339617,-0.4395422694694523,0.451466053024857,0.0768017130330209
3.403,-0.4031190745675025,0.4646345748928671,-0.4390897188482198,0.45255062123249257,0.0768017130330209
3.404,-0.40265394285556116,0.46562865771214684,-0.43863608474334786,0.4536341048719205,0.0768017130330209
3.4050000000000002,-0.4021878176350422,0.466621591639001,-0.43818136841697586,0.4547163263719833,0.0767927802467355
3.406,-0.40172070005606375,0.4676133742234627,-0.4377255709513253,0.455797465650546,0.0767927802467355
3.407,-0.40125259127119184,0.4686040030184077,-0.4372686934275355,0.4568775237898302,0.0767927802467355
3.408,-0.4007834924354383,0.4695934755795577,-0.4368107369256645,0.4579565018709751,0.0767927802467355
3.4090000000000003,-0.4003134047062579,0.4705817894654876,-0.43635170252469047,0.4590344009740388,0.0767927802467355
3.41,-0.39984232924354535,0.4715689422376312,-0.4358915915759386,0.4601109487518921,0.07677910894136795
3.411,-0.39937026720963253,0.4725549314602871,-0.43543040515595666,0.4611864199819676,0.07677910894136795
3.412,-0.39889721976928566,0.4735397547006249,-0.43496814434021586,0.46226081574081296,0.07677910894136795
3.4130000000000003,-0.3984231880897019,0.47452340952869176,-0.43450481020311194,0.4633341371038995,0.07677910894136795
3.414,-0.39794817334050786,0.475505893517416,-0.4340404038179663,0.46440638514562294,0.07677910894136795
3.415,-0.397472176693755,0.47648720424261665,-0.4335749266252063,0.46547719276002775,0.07676069997752075
3.416,-0.3969951993239177,0.47746733928300705,-0.4331083796956395,0.46654692956681815,0.07676069997752075
3.4170000000000003,-0.3965172424078901,0.47844629622020135,-0.43264076409900265,0.46761559663680174,0.07676069997752075
3.418,-0.39603830712498356,0.4794240726387207,-0.4321720809039629,0.46868319503971534,0.07676069997752075
3.419,-0.3955583946569232,0.48040066612599897,-0.4317023311781187,0.46974972584422603,0.07676069997752075
3.42,-0.3950775061878453,0.48137607427238877,-0.4312315164509101,0.4708147272085617,0.07673755450899555
3.4210000000000003,-0.3945956429042941,0.4823502946711681,-0.4307596377873386,0.4718786635715331,0.07673755450899555
3.422,-0.3941128059952199,0.48332332491854374,-0.4302866962513405,0.4729415359981414,0.07673755450899555
3.423,-0.39362899665197454,0.4842951626136609,-0.42981269290578816,0.4740033455523232,0.07673755450899555
3.424,-0.3931442160683094,0.48526580535860664,-0.4293376288124912,0.4750640932969508,0.07673755450899555
3.4250000000000003,-0.3926584654403725,0.48623525075841656,-0.4288615055898079,0.4761232226833074,0.0767096739826772
3.426,-0.39217174596670507,0.4872034964210804,-0.4283843242968676,0.47718129294027767,0.0767096739826772
3.427,-0.39168405884823915,0.48817053995754833,-0.4279060859917406,0.47823830512699095,0.0767096739826772
3.428,-0.39119540528829416,0.4891363789817366,-0.4274267917314391,0.4792942603015175,0.0767096739826772
3.4290000000000003,-0.3907057864925739,0.4901010111105338,-0.4269464425719182,0.48034915952086954,0.0767096739826772
3.43,-0.39021520366916473,0.49106443396380506,-0.4264650402203541,0.4814023515641164,0.07667706013838763
3.431,-0.38972365802853093,0.4920266451644002,-0.42598258572993875,0.48245449041532007,0.07667706013838763
3.432,-0.38923115078351195,0.4929876423381599,-0.42549908015281107,0.4835055771276725,0.07667706013838763
3.4330000000000003,-0.3887376831493204,0.4939474231139192,-0.4250145245400578,0.4845556127533126,0.07667706013838763
3.434,-0.3882432563435393,0.49490598512351314,-0.42452891994171443,0.48560459834332703,0.07667706013838763
3.435,-0.38774787158611723,0.495863326001786,-0.4240422681536693,0.48665178804515835,0.0766397150087321
3.436,-0.38725153009936697,0.49681944338659434,-0.423554570223112,0.48769793055728783,0.0766397150087321
3.4370000000000003,-0.3867542331079614,0.49777433491881395,-0.4230658271961851,0.4887430269269052,0.0766397150087321
3.438,-0.38625598183893234,0.4987279982423434,-0.42257604011798494,0.48978707820015294,0.0766397150087321
3.439,-0.3857567775216644,0.4996804310041148,-0.42208521003256283,0.4908300854221274,0.0766397150087321
3.44,-0.3852566213878948,0.5006316308540945,-0.42159333882440775,0.49187120815508384,0.07659764091892618
3.4410000000000003,-0.38475551467170893,0.5015815954452918,-0.42110042753464244,0.4929112897653073,0.07659764091892618
3.442,-0.38425345860953825,0.5025303224337626,-0.42060647720334854,0.4939503312939205,0.07659764091892618
3.443,-0.38375045444015604,0.503477809478618,-0.4201114888695675,0.4949883337810051,0.07659764091892618
3.444,-0.3832465034046749,0.5044240542420276,-0.4196154635713019,0.4960252982656026,0.07659764091892618
3.4450000000000003,-0.3827416067465441,0.5053690543892267,-0.41911840328152483,0.49706028977706906,0.07655084048660285
3.446,-0.3822357657115459,0.5063128075885215,-0.4186203090352278,0.49809424629702403,0.07655084048660285
3.447,-0.38172898154779267,0.5072553115112945,-0.4181211818663673,0.49912716886045905,0.07655084048660285
3.448,-0.3812212555057241,0.5081965638320112,-0.417621022807866,0.5001590585013307,0.07655084048660285
3.4490000000000003,-0.3807125888381033,0.5091365622282253,-0.4171198328916134,0.5011899162525614,0.07655084048660285
3.45,-0.3802029828000154,0.5100753043805837,-0.41661761417894466,0.5022187126687409,0.07649931662160271
3.451,-0.37969243864886226,0.5110127879728333,-0.4161143676986562,0.5032464802885042,0.07649931662160271
3.452,-0.3791809576443609,0.511949010691827,-0.41561009447851555,0.5042732201406477,0.07649931662160271
3.4530000000000003,-0.3786685410485398,0.5128839702275282,-0.4151047955452626,0.5052989332529391,0.07649931662160271
3.454,-0.378155190125736,0.513817664273017,-0.41459847192461047,0.5063236206521182,0.07649931662160271
3.455,-0.3776409061425919,0.5147500905244965,-0.4140911257661285,0.5073461584819812,0.07644307252575065
3.456,-0.377125690368052,0.5156812466812973,-0.4135827580923545,0.5083676737740142,0.07644307252575065
3.457,-0.3766095440733601,0.5166111304458844,-0.41307336992480376,0.5093881675507551,0.07644307252575065
3.458,-0.3760924685320556,0.5175397395238623,-0.41256296228397005,0.5104076408337194,0.07644307252575065
3.459,-0.3755744650199715,0.5184670716239796,-0.41205153618932666,0.5114260946434006,0.07644307252575065
3.46,-0.37505553481522974,0.5193931244581369,-0.41153909387854404,0.5124423107826095,0.07638211169261473
3.461,-0.37453567919823927,0.5203178957413905,-0.41102563636783834,0.5134575107056791,0.07638211169261473
3.462,-0.37401489945169125,0.5212413831919607,-0.4105111646724095,0.5144716954288258,0.07638211169261473
3.463,-0.37349319686055893,0.5221635845312322,-0.40999567980644225,0.5154848659672492,0.07638211169261473
3.464,-0.37297057271209116,0.5230844974837658,-0.40947918278310713,0.5164970233351343,0.07638211169261473
3.465,-0.37244702829581117,0.5240041197773002,-0.40896167592803717,0.517506855069944,0.07631643790724171
3.466,-0.3719225649035124,0.5249224491427592,-0.40844316025106414,0.5185156769730189,0.07631643790724171
3.467,-0.37139718382925674,0.5258394833142555,-0.40792363676100996,0.5195234900541907,0.07631643790724171
3.468,-0.3708708863693698,0.5267552200290982,-0.40740310646568767,0.5205302953222813,0.07631643790724171
3.469,-0.37034367382243766,0.5276696570277993,-0.4068815703719026,0.5215360937851039,0.07631643790724171
3.47,-0.36981554748930484,0.5285827920540763,-0.4063590308931064,0.5225394787962365,0.07624605524588722
3.471,-0.36928650867307117,0.5294946228548584,-0.405835489032684,0.5235418604223581,0.07624605524588722
3.472,-0.368756558679087,0.5304051471802939,-0.4053109457930172,0.5245432396668535,0.07624605524588722
3.473,-0.3682256988149513,0.5313143627837548,-0.4047854021754851,0.5255436175321043,0.07624605524588722
3.474,-0.367693930390508,0.5322222674218419,-0.4042588591804656,0.52654299501949,0.07624605524588722
3.475,-0.3671612547178429,0.5331288588543909,-0.40373131930907963,0.5275398713859848,0.07617096807571572
3.476,-0.3666276731112802,0.5340341348444773,-0.4032027835582035,0.5285357508761132,0.07617096807571572
3.477,-0.3660931868873794,0.5349380931584228,-0.40267325292371675,0.5295306344867513,0.07617096807571572
3.478,-0.365557797364932,0.5358407315658006,-0.40214272840050297,0.5305245232137789,0.07617096807571572
3.479,-0.36502150586495885,0.5367420478394391,-0.4016112109824509,0.5315174180520794,0.07617096807571572
3.48,-0.3644843137107058,0.5376420397554306,-0.4010787032581958,0.5325077242551173,0.07609118105449558
3.481,-0.3639462222276409,0.5385407050931343,-0.40054520621804385,0.5334970401519521,0.07609118105449558
3.482,-0.3634072327434515,0.5394380416351829,-0.40001072085131095,0.53448536673289,0.07609118105449558
3.483,-0.36286734658804054,0.5403340471674879,-0.3994752481463237,0.5354727049872471,0.07609118105449558
3.484,-0.36232656509352346,0.5412287194792443,-0.39893878909042035,0.5364590559033497,0.07609118105449558
3.485,-0.36178488959422483,0.5421220563629374,-0.3984013463595903,0.5374427308300518,0.07600669913026734
3.486,-0.3612423214266748,0.5430140556143478,-0.39786292093750847,0.5384254220818271,0.07600669913026734
3.487,-0.36069886192960704,0.5439047150325549,-0.3973235138068661,0.5394071306423506,0.07600669913026734
3.488,-0.3601545124439534,0.5447940324199456,-0.39678312594937176,0.5403878574943136,0.07600669913026734
3.489,-0.3596092743128423,0.5456820055822177,-0.3962417583457523,0.5413676036194246,0.07600669913026734
3.49,-0.35906314888159446,0.5465686323283856,-0.3956994137591857,0.5423445865666252,0.075917527541004
3.491,-0.3585161374977202,0.5474539104707861,-0.39515609316665484,0.5433205925308786,0.075917527541004
3.492,-0.35796824151091566,0.5483378378250832,-0.3946117975441657,0.5442956224891679,0.075917527541004
3.493,-0.3574194622730598,0.5492204122102742,-0.3940665278667482,0.5452696774174988,0.075917527541004
3.494,-0.35686980113821054,0.5501016314486948,-0.39352028510845727,0.5462427582909013,0.075917527541004
3.495,-0.3563192594626026,0.5509814933660235,-0.3929730721194884,0.5472129889688954,0.07582367181424596
3.496,-0.3557678386046426,0.5518599957912887,-0.3924248898700722,0.5481822494162114,0.07582367181424596
3.497,-0.355215539924907,0.5527371365568726,-0.3918757393294691,0.5491505406030801,0.07582367181424596
3.498,-0.35466236478613694,0.553612913498519,-0.39132562146597033,0.5501178634987619,0.07582367181424596
3.499,-0.35410831455323805,0.5544873244553339,-0.39077453724689876,0.551084219071548,0.07582367181424596
3.5,-0.35355339059327384,0.5553603672697957,-0.39022248960929096,0.552047637607811,0.07572513776672411
3.501,-0.35299759427546407,0.5562320397877579,-0.38966947951656544,0.5530100927255376,0.07572513776672411
3.5020000000000002,-0.3524409269711805,0.5571023398584558,-0.3891155079311773,0.5539715853881465,0.07572513776672411
3.503,-0.35188339005394514,0.5579712653345096,-0.38856057581461917,0.5549321165580928,0.07572513776672411
3.504,-0.3513249848994248,0.5588388140719319,-0.3880046841274223,0.5558916871968692,0.07572513776672411
3.505,-0.3507657128854281,0.5597049839301336,-0.3874478358932825,0.5568482341397517,0.07562193150396762
3.5060000000000002,-0.3502055753919031,0.5605697727719265,-0.38689003206874684,0.5578038245356913,0.07562193150396762
3.507,-0.3496445738009341,0.5614331784635292,-0.3863312736094056,0.558758459341235,0.07562193150396762
3.508,-0.34908270949673637,0.5622951988745746,-0.38577156146989366,0.5597121395119732,0.07562193150396762
3.509,-0.34851998386565425,0.5631558318781127,-0.38521089660389113,0.5606648660025405,0.07562193150396762
3.5100000000000002,-0.34795639829615693,0.5640150753506179,-0.3846492821215662,0.5616144823249358,0.07551405941989162
3.511,-0.34739195417883684,0.5648729271719908,-0.38408671897253516,0.5625631490310087,0.07551405941989162
3.512,-0.3468266529064027,0.5657293852255687,-0.3835232081054648,0.5635108670703755,0.07551405941989162
3.513,-0.34626049587367946,0.5665844473981261,-0.3829587504680731,0.564457637391703,0.07551405941989162
3.5140000000000002,-0.3456934844776031,0.5674381115798823,-0.3823933470071304,0.5654034609427091,0.07551405941989162
3.515,-0.34512562011721853,0.5682903756645054,-0.3818270009190847,0.5663460880456936,0.07540152819636262
3.516,-0.34455690419367424,0.5691412375491185,-0.38125971314656315,0.5672877725215753,0.07540152819636262
3.517,-0.3439873381102202,0.5699906951343044,-0.3806914846312502,0.5682285153129809,0.07540152819636262
3.5180000000000002,-0.3434169232722042,0.5708387463241114,-0.3801223163138886,0.5691683173615952,0.07540152819636262
3.519,-0.34284566108706804,0.5716853890260571,-0.37955220913428045,0.5701071796081609,0.07540152819636262
3.52,-0.3422735529643445,0.5725306211511352,-0.3789811663749558,0.571042759324608,0.07528434480276422
3.521,-0.34170060031565336,0.5733744406138189,-0.3784091889714945,0.5719774034613387,0.07528434480276422
3.5220000000000002,-0.3411268045546981,0.5742168453320685,-0.37783627785854057,0.5729111129539327,0.07528434480276422
3.523,-0.3405521670972633,0.575057833227333,-0.3772624339698035,0.5738438887370341,0.07528434480276422
3.524,-0.33997668936120956,0.5758974022245588,-0.37668765823805916,0.5747757317443524,0.07528434480276422
3.525,-0.33940037276647084,0.5767355502521928,-0.37611195403171666,0.5757042063425186,0.07516251649552878
3.5260000000000002,-0.33882321873505117,0.5775722752421882,-0.37553532227925057,0.5766317524660867,0.07516251649552878
3.527,-0.33824522869102064,0.5784075751300093,-0.37495776390820706,0.5775583710435311,0.07516251649552878
3.528,-0.3376664040605123,0.5792414478546364,-0.3743792798452047,0.5784840630023982,0.07516251649552878
3.529,-0.3370867462717184,0.5800738913585717,-0.37379987101593537,0.5794088292693064,0.07516251649552878
3.5300000000000002,-0.3365062567548865,0.580904903587844,-0.373219540874479,0.5803301414563903,0.07503605081765904
3.531,-0.3359249369423175,0.5817344824920122,-0.37263829034214774,0.5812505323312871,0.07503605081765904
3.532,-0.33534278826835995,0.5825626260241733,-0.37205612033933244,0.582170002815309,0.07503605081765904
3.533,-0.3347598121694081,0.5833893321409652,-0.3714730317855036,0.5830885538288468,0.07503605081765904
3.5340000000000003,-0.3341760100838965,0.584214598802574,-0.3708890255992122,0.5840061862913711,0.07503605081765904
3.535,-0.3335913834522999,0.5850384239727349,-0.3703041053199952,0.5849202792170445,0.07490495559823379
3.536,-0.3330059337171259,0.5858608056187414,-0.3697182718619454,0.5858334580497921,0.07490495559823379
3.537,-0.3324196623229136,0.5866817417114489,-0.3691315261382417,0.586745723703707,0.07490495559823379
3.5380000000000003,-0.33183257071622907,0.5875012302252794,-0.3685438690611497,0.587657077091968,0.07490495559823379
3.539,-0.33124466034566313,0.5883192691382257,-0.3679553015420229,0.5885675191268407,0.07490495559823379
3.54,-0.33065593266182614,0.5891358564318581,-0.36736582720563615,0.5894743363867518,0.07476923895189871
3.541,-0.33006638911734454,0.5899509900913295,-0.36677544695880676,0.590380246829403,0.07476923895189871
3.5420000000000003,-0.3294760311668584,0.5907646681053784,-0.36618416170744517,0.5912852513616116,0.07476923895189871
3.543,-0.32888486026701796,0.5915768884663346,-0.3655919723565559,0.5921893508892879,0.07476923895189871
3.544,-0.32829287787647826,0.5923876491701254,-0.36499887981023843,0.5930925463174366,0.07476923895189871
3.545,-0.327700085455897,0.5931969482162794,-0.3644048877782817,0.5939920319566858,0.07462890927833568
3.5460000000000003,-0.3271064844679303,0.5940047836079321,-0.3638099971601714,0.5948906181102959,0.07462890927833568
3.547,-0.3265120763772305,0.5948111533518287,-0.3632142088544937,0.5957883056777523,0.07462890927833568
3.548,-0.32591686265043956,0.5956160554583332,-0.362617523758936,0.5966850955576413,0.07462890927833568
3.549,-0.32532084475618844,0.5964194879414293,-0.36201994277028837,0.5975809886476503,0.07462890927833568
3.5500000000000003,-0.3247240241650917,0.5972214488187276,-0.3614214696831241,0.598473087164237,0.0744839752617165
3.551,-0.3241264023497456,0.5980219361114686,-0.3608221053895418,0.599364293582307,0.0744839752617165
3.552,-0.32352798078472217,0.5988209478445299,-0.3602218507807478,0.6002546087939591,0.0744839752617165
3.553,-0.3229287609465671,0.5996184820464294,-0.35962070674705743,0.6011440336903995,0.0744839752617165
3.5540000000000003,-0.3223287443137957,0.6004145367493307,-0.35901867417789546,0.6020325691619434,0.0744839752617165
3.555,-0.32172793236688957,0.6012091099890481,-0.35841575695238526,0.6029172255101843,0.07433444587014319
3.556,-0.3211263265882923,0.602002199805051,-0.35781195595518317,0.603800997202077,0.07433444587014319
3.557,-0.32052392846240646,0.6027938042404691,-0.35720727207006087,0.6046838851222778,0.07433444587014319
3.5580000000000003,-0.3199207394755891,0.6035839213420977,-0.35660170617990633,0.6055658901545584,0.07433444587014319
3.559,-0.3193167611161498,0.6043725491604005,-0.35599525916672453,0.6064470131818067,0.07433444587014319
3.56,-0.3187119948743448,0.6051596857495172,-0.35538793499394883,0.6073241727757264,0.07418033035507257
3.561,-0.31810644224237467,0.6059453291672663,-0.3547797345387388,0.6082004552100521,0.07418033035507257
3.5620000000000003,-0.31750010471438034,0.6067294774751509,-0.35417065867737685,0.6090758613619435,0.07418033035507257
3.563,-0.3168929837864394,0.6075121287383632,-0.35356070828526914,0.609950392107683,0.07418033035507257
3.564,-0.3162850809565623,0.6082932810257887,-0.35294988423694645,0.6108240483226768,0.07418033035507257
3.565,-0.315676397724689,0.609072932410012,-0.35233819057990706,0.6116936570393684,0.07402163825071553
3.5660000000000003,-0.3150669355926844,0.6098510809673211,-0.35172562818375974,0.6125623961473433,0.07402163825071553
3.567,-0.3144566960643364,0.6106277247777111,-0.3511121979172435,0.6134302665162102,0.07402163825071553
3.568,-0.3138456806453501,0.6114028619248908,-0.35049790064822883,0.6142972690147084,0.07402163825071553
3.569,-0.31323389084334535,0.6121764904962866,-0.3498827372437181,0.615163404510708,0.07402163825071553
3.5700000000000003,-0.3126213281678526,0.6129486085830467,-0.34926671183502445,0.6160254086936658,0.07385837937343262
3.571,-0.3120079941303093,0.6137192142800465,-0.348649825284152,0.6168865508724408,0.07385837937343262
3.572,-0.3113938902440563,0.6144883056858931,-0.348032078452243,0.617746831909037,0.07385837937343262
3.573,-0.3107790180243339,0.6152558809029299,-0.3474134721995784,0.6186062526645967,0.07385837937343262
3.5740000000000003,-0.3101633789882778,0.6160219380372419,-0.34679400738557903,0.6194648139994008,0.07385837937343262
3.575,-0.3095469746549168,0.616786475198658,-0.3461736882251172,0.6203191604618234,0.07369056382110159
3.576,-0.3089298065451674,0.6175494905007594,-0.3455525155725394,0.6211726525777836,0.07369056382110159
3.577,-0.30831187618182976,0.6183109820608821,-0.34493049028133776,0.6220252912016279,0.07369056382110159
3.5780000000000003,-0.3076931850895857,0.6190709480001214,-0.34430761320415093,0.6228770771868483,0.07369056382110159
3.579,-0.3070737347949946,0.6198293864433362,-0.3436838851927648,0.6237280113860835,0.07369056382110159
3.58,-0.30645352682648824,0.6205862955191552,-0.34305931054535066,0.6245746474141469,0.07351820197247469
3.581,-0.3058325627143681,0.6213416733599808,-0.34243389010854447,0.6254204368061823,0.07351820197247469
3.5820000000000003,-0.305210843990801,0.6220955181019936,-0.34180762472813564,0.6262653804088256,0.07351820197247469
3.583,-0.30458837218981716,0.6228478278851551,-0.3411805152490678,0.6271094790678663,0.07351820197247469
3.584,-0.30396514884730286,0.6235986008532175,-0.3405525625154395,0.6279527336282479,0.07351820197247469
3.585,-0.30334117550100004,0.6243478351537222,-0.33992377090845516,0.6287916069843501,0.07334130448652126
3.586,-0.30271645369050093,0.6250955289380083,-0.33929414126698804,0.6296296414670962,0.07334130448652126
3.587,-0.3020909849572442,0.6258416803612161,-0.3386636744290727,0.6304668379153595,0.07334130448652126
3.588,-0.30146477084451234,0.6265862875822903,-0.3380323712319055,0.6313031971671745,0.07334130448652126
3.589,-0.30083781289742617,0.6273293487639869,-0.33740023251184575,0.6321387200597378,0.07334130448652126
3.59,-0.30021011266294206,0.6280708620728765,-0.33676726273286006,0.632969778985713,0.073159882301749
3.591,-0.299581671689848,0.6288108256793485,-0.3361334627260073,0.6338000068527623,0.073159882301749
3.592,-0.2989524915287596,0.6295492377576165,-0.33549883332151537,0.6346294044919445,0.073159882301749
3.593,-0.2983225737321163,0.630286096485722,-0.33486337534878186,0.6354579727334875,0.073159882301749
3.594,-0.2976919198541777,0.6310214000455392,-0.33422708963637504,0.636285712406789,0.073159882301749
3.595,-0.2970605314510192,0.6317551466227802,-0.33358998073074797,0.6371089056270924,0.07297394663550907
3.596,-0.29642841008052956,0.6324873344069974,-0.33295204945509377,0.6379312756541755,0.07297394663550907
3.597,-0.29579555730240514,0.6332179615915908,-0.33231329663178255,0.6387528233112315,0.07297394663550907
3.598,-0.2951619746781473,0.6339470263738102,-0.3316737230823619,0.6395735494206305,0.07297394663550907
3.599,-0.2945276637710581,0.6346745269547608,-0.331033329627558,0.6403934548039201,0.07297394663550907
3.6,-0.2938926261462367,0.6354004615394074,-0.3303921208960292,0.6412087315287819,0.07278350898328884
3.601,-0.2932568633705752,0.6361248283365784,-0.3297500977030523,0.6420231929769189,0.07278350898328884
3.602,-0.29262037701275523,0.6368476255589707,-0.32910726086308867,0.6428368399636077,0.07278350898328884
3.603,-0.2919831686432431,0.6375688514231546,-0.32846361118978534,0.6436496733033099,0.07278350898328884
3.604,-0.2913452398342879,0.6382885041495759,-0.3278191494959757,0.6444616938096723,0.07278350898328884
3.605,-0.29070659215991523,0.6390065819625638,-0.32717388049223745,0.6452690037382224,0.07258858111798833
3.606,-0.29006722719592504,0.639723083090332,-0.3265278049858806,0.646075506356844,0.07258858111798833
3.607,-0.2894271465198857,0.6404380057649863,-0.3258809237834077,0.6468812024728469,0.07258858111798833
3.608,-0.28878635171113387,0.6411513482225253,-0.325233237690515,0.6476860928927338,0.07258858111798833
3.609,-0.28814484435076654,0.6418631087028475,-0.32458474751209276,0.6484901784222008,0.07258858111798833
3.61,-0.2875026260216394,0.6425732854497546,-0.3239354580403472,0.6492894717455621,0.07238917508917286
3.611,-0.286859698308362,0.6432818767109565,-0.3232853700745716,0.6500879657755999,0.07238917508917286
3.612,-0.28621606279729567,0.6439888807380738,-0.32263448441326,0.6508856613116077,0.07238917508917286
3.613,-0.2855717210765459,0.6446942957866452,-0.3219828018541079,0.6516825591520796,0.07238917508917286
3.614,-0.28492667473596217,0.6453981201161288,-0.32133032319401317,0.652478660094711,0.07238917508917286
3.615,-0.28428092536713195,0.6461003519899088,-0.3206770533065141,0.6532698874990628,0.07218530322232176
3.616,-0.28363447456337826,0.6468009896752966,-0.3200229929828381,0.6540603236760102,0.07218530322232176
3.617,-0.28298732391975384,0.6475000314435391,-0.3193681430134213,0.6548499694167806,0.07218530322232176
3.618,-0.28233947503303863,0.6481974755698201,-0.31871250418790953,0.6556388255118103,0.07218530322232176
3.619,-0.2816909295017353,0.6488933203332654,-0.3180560772951588,0.656426892750745,0.07218530322232176
3.62,-0.28104168892606546,0.6495875640169475,-0.31739886728973843,0.6572100054203551,0.0719769781180474
3.621,-0.28039175490796575,0.650280204907889,-0.3167408749547611,0.6579923349772957,0.0719769781180474
3.622,-0.2797411290510837,0.6509712412970672,-0.3160821010725564,0.6587738822046794,0.0719769781180474
3.623,-0.2790898129607737,0.6516606714794191,-0.3154225464246716,0.6595546478848356,0.0719769781180474
3.624,-0.278437808244094,0.6523484937538434,-0.3147622117918723,0.6603346327993117,0.0719769781180474
3.625,-0.2777851165098011,0.6530347064232074,-0.31410110220945275,0.6611095824195387,0.07176421265131114
3.626,-0.27713173936834706,0.6537193077943496,-0.3134392184523626,0.6618837570901454,0.07176421265131114
3.6270000000000002,-0.276477678431875,0.6544022961780841,-0.31277656129477655,0.6626571575860815,0.07176421265131114
3.628,-0.27582293531421526,0.655083669889205,-0.312113131510095,0.6634297846815216,0.07176421265131114
3.629,-0.2751675116308813,0.6557634272464904,-0.31144892987094513,0.6642016391498663,0.07176421265131114
3.63,-0.27451140899906606,0.6564415665727066,-0.310783961493035,0.6649683779101286,0.07154701997061022
3.6310000000000002,-0.27385462903763713,0.6571180861946125,-0.3101182271431034,0.6657343499316307,0.07154701997061022
3.632,-0.27319717336713445,0.6577929844429627,-0.30945172758712225,0.6664995559811113,0.07154701997061022
3.633,-0.2725390436097642,0.658466259652513,-0.3087844635902977,0.6672639968245424,0.07154701997061022
3.634,-0.27188024138939626,0.6591379101620237,-0.30811643591707055,0.6680276732271301,0.07154701997061022
3.6350000000000002,-0.2712207683315594,0.6598079343142641,-0.30744764976324673,0.6687861538238462,0.07132541349716252
3.636,-0.270560626063438,0.6604763304560163,-0.30677810588730675,0.6695438759399656,0.07132541349716252
3.637,-0.2698998162138674,0.6611430969380788,-0.30610780504697277,0.6703008403339689,0.07132541349716252
3.638,-0.2692383404133303,0.6618082321152722,-0.30543674799920917,0.6710570477635781,0.07132541349716252
3.6390000000000002,-0.26857620029395196,0.6624717343464415,-0.30476493550022343,0.6718124989857578,0.07132541349716252
3.64,-0.26791339748949816,0.6631336019944603,-0.3040923728255982,0.6725626746252532,0.07109940692406128
3.641,-0.2672499336353686,0.6637938334262364,-0.3034190607255091,0.6733121000891091,0.07109940692406128
3.642,-0.26658581036859463,0.6644524270127139,-0.3027449999493816,0.6740607761275013,0.07109940692406128
3.6430000000000002,-0.2659210293278334,0.6651093811288797,-0.30207019124589174,0.674808703489855,0.07109940692406128
3.644,-0.2652555921533671,0.6657646941537639,-0.3013946353629669,0.6755558829248464,0.07109940692406128
3.645,-0.2645895004870954,0.6664183644704469,-0.30071833765564066,0.67629770732623,0.07086901421542316
3.646,-0.26392275597253334,0.6670703904660623,-0.30004129886573744,0.6770387899032122,0.07086901421542316
3.6470000000000002,-0.2632553602548063,0.6677207705318011,-0.29936351973433983,0.6777791313976175,0.07086901421542316
3.648,-0.2625873149806477,0.6683695030629144,-0.2986850010017893,0.6785187325505283,0.07086901421542316
3.649,-0.26191862179839276,0.6690165864587192,-0.298005743407687,0.6792575941022863,0.07086901421542316
3.65,-0.26124928235797473,0.6696620191226021,-0.2973257523861867,0.6799910215002943,0.07063424960551927
3.6510000000000002,-0.26057929831092214,0.6703057994620226,-0.2966450286707158,0.6807237154709044,0.07063424960551927
3.652,-0.2599086713103547,0.6709479258885155,-0.29596357299396825,0.6814556767475438,0.07063424960551927
3.653,-0.25923740301097764,0.6715883968176983,-0.29528138608790533,0.6821869060629067,0.07063424960551927
3.654,-0.25856549506907867,0.6722272106692725,-0.2945984686837564,0.6829174041489542,0.07063424960551927
3.6550000000000002,-0.2578929491425238,0.6728643658670287,-0.29391482629445964,0.683642389296763,0.0703951275978875
3.656,-0.2572197668907534,0.6734998608388494,-0.2932304596450002,0.684366649459424,0.0703951275978875
3.657,-0.2565459499747776,0.6741336940167142,-0.29254536945963827,0.6850901853619223,0.0703951275978875
3.658,-0.2558715000571727,0.6747658638367027,-0.29185955646190975,0.6858129977285182,0.0703951275978875
3.6590000000000003,-0.2551964188020765,0.6753963687389989,-0.29117302137462703,0.6865350872827475,0.0703951275978875
3.66,-0.2545207078751856,0.6760252071678943,-0.2904857697891723,0.6872515854547533,0.07015166296442689
3.661,-0.2538443689437492,0.6766523775717924,-0.2897978024220437,0.6879673671285871,0.07015166296442689
3.662,-0.2531674036765663,0.6772778784032131,-0.289109119989023,0.688682433020747,0.07015166296442689
3.6630000000000003,-0.2524898137439815,0.6779017081187949,-0.288419723205176,0.6893967838470149,0.07015166296442689
3.664,-0.2518116008178805,0.6785238651793002,-0.28772961278485354,0.6901104203224564,0.07015166296442689
3.665,-0.2511327665716864,0.6791443480496183,-0.2870387943975365,0.6908183873170236,0.0699038707444828
3.666,-0.25045331268035514,0.6797631551987693,-0.2863472687511919,0.6915256463445962,0.0699038707444828
3.6670000000000003,-0.24977324082037128,0.6803802850999083,-0.2856550365530787,0.6922321981131413,0.0699038707444828
3.668,-0.2490925526697453,0.6809957362303283,-0.2849620985097488,0.6929380433299178,0.0699038707444828
3.669,-0.2484112499080072,0.6816095070714648,-0.2842684553270473,0.6936431827014775,0.0699038707444828
3.67,-0.24772933421620374,0.6822215961088995,-0.2835741127522037,0.6943425748436544,0.06965176624391374
3.6710000000000003,-0.24704680727689418,0.6828320018323634,-0.28287907148461,0.695041267593689,0.06965176624391374
3.672,-0.24636367077414584,0.6834407227357411,-0.28218333222295905,0.6957392616509736,0.06965176624391374
3.673,-0.24567992639353017,0.6840477573170742,-0.2814868956652449,0.6964365577142009,0.06965176624391374
3.674,-0.24499557582211845,0.6846531040785655,-0.28078976250876353,0.697133156481365,0.06965176624391374
3.6750000000000003,-0.2443106207484773,0.685256761526582,-0.28009193857813797,0.6978239306255664,0.0693953650341376
3.676,-0.243625062862666,0.6858587281716586,-0.27939342456414235,0.6985140139956235,0.0693953650341376
3.677,-0.24293890385623018,0.6864590025285026,-0.27869422115686004,0.6992034072823107,0.0693953650341376
3.678,-0.2422521454221993,0.6870575831159963,-0.27799432904568433,0.6998921111757112,0.0693953650341376
3.6790000000000003,-0.2415647892550804,0.6876544684572028,-0.2772937489193191,0.7005801263652182,0.0693953650341376
3.68,-0.24087683705085766,0.6882496570793658,-0.27659248667942127,0.7012622398978763,0.06913468295116723
3.681,-0.24018829050698434,0.6888431475139167,-0.2758905430081043,0.7019436713170017,0.06913468295116723
3.682,-0.23949915132238062,0.6894349382964772,-0.2751879185867996,0.7026244213047081,0.06913468295116723
3.6830000000000003,-0.2388094211974285,0.6900250279668623,-0.2744846140962572,0.7033044905424268,0.06913468295116723
3.684,-0.23811910183396937,0.690613415069084,-0.27378063021654625,0.7039838797109077,0.06913468295116723
3.685,-0.23742819493529754,0.6912000981513555,-0.27307597292599317,0.7046572905530895,0.06886973609463176
3.686,-0.23673670220615634,0.6917850757660953,-0.2723706428980087,0.705330027984429,0.06886973609463176
3.6870000000000003,-0.23604462535273538,0.6923683464699294,-0.27166464080533037,0.7060020926783372,0.06886973609463176
3.688,-0.23535196608266626,0.6929499088236944,-0.2709579673200228,0.7066734853075516,0.06886973609463176
3.689,-0.23465872610501648,0.6935297613924437,-0.2702506231134787,0.7073442065441367,0.06886973609463176
3.69,-0.23396490713028675,0.6941079027454484,-0.26954261424032455,0.7080088731541281,0.06860054082677741
3.6910000000000003,-0.23327051087040607,0.6946843314562027,-0.26883394136522704,0.7086728750975095,0.06860054082677741
3.692,-0.23257553903872932,0.695259046102425,-0.2681246051521881,0.7093362130389476,0.06860054082677741
3.693,-0.23187999335002926,0.6958320452660649,-0.26741460626454566,0.7099988876424441,0.06860054082677741
3.694,-0.23118387552049613,0.6964033275333038,-0.2667039453649743,0.7106608995713373,0.06860054082677741
3.6950000000000003,-0.23048718726773107,0.6969728914945599,-0.2659926285840271,0.711316780947195,0.0683271137714533
3.696,-0.22978993031074385,0.6975407357444897,-0.2652806565775854,0.7119720064416768,0.0683271137714533
3.697,-0.22909210636994634,0.6981068588819948,-0.26456803000087475,0.7126265767106642,0.0683271137714533
3.698,-0.22839371716714976,0.6986712595102221,-0.2638547495084654,0.7132804924093826,0.0683271137714533
3.6990000000000003,-0.22769476442556,0.6992339362365695,-0.263140815754273,0.7139337541924023,0.0683271137714533
3.7,-0.22699524986977349,0.6997948876726882,-0.26242623494439854,0.7145808098744716,0.06804947181308478
3.701,-0.22629517522577286,0.700354112434486,-0.26171100772589767,0.7152272185008588,0.06804947181308478
3.702,-0.2255945422209227,0.7009116091421314,-0.26099513474517905,0.7158729807186196,0.06804947181308478
3.7030000000000003,-0.22489335258396492,0.7014673764200572,-0.2602786166480049,0.7165180971741627,0.06804947181308478
3.704,-0.224191608045016,0.7020214128969622,-0.25956145407949166,0.7171625685132502,0.06804947181308478
3.705,-0.22348931033556046,0.7025737172058167,-0.25884365332090503,0.7178007585866496,0.06776763209563234
3.706,-0.2227864611884481,0.703124287983865,-0.25812521501043506,0.7184383104699756,0.06776763209563234
3.7070000000000003,-0.2220830623378893,0.703673123872628,-0.25740613978563365,0.7190752248014183,0.06776763209563234
3.708,-0.22137911551945083,0.704220223517908,-0.2566864282834151,0.7197115022185295,0.06776763209563234
3.709,-0.22067462247005143,0.704765585569791,-0.25596608114005687,0.7203471433582237,0.06776763209563234
3.71,-0.2199695849279577,0.7053092086826502,-0.25524510471160156,0.720976428455296,0.06748161202152628
3.7110000000000003,-0.2192640046327793,0.70585109151515,-0.2545234996273343,0.7216050842672712,0.06748161202152628
3.712,-0.21855788332546627,0.7063912327302478,-0.25380126651591084,0.7222331114234345,0.06748161202152628
3.713,-0.21785122274830235,0.7069296309951992,-0.2530784060053584,0.7228605105524416,0.06748161202152628
3.714,-0.21714402464490262,0.7074662849815595,-0.2523549187230761,0.7234872822823197,0.06748161202152628
3.715,-0.21643629076020734,0.7080011933651892,-0.25163081109949104,0.7241076235850494,0.06719142925059832
3.716,-0.21572802284047948,0.7085343548262547,-0.25090608375494455,0.7247273445464764,0.06719142925059832
3.717,-0.2150192226333006,0.7090657680492328,-0.25018073730915763,0.7253464457869419,0.06719142925059832
3.718,-0.21430989188756427,0.7095954317229144,-0.24945477238123145,0.7259649279261668,0.06719142925059832
3.719,-0.21360003235347363,0.7101233445404069,-0.2487281895896482,0.7265827915832527,0.06719142925059832
3.72,-0.2128896457825361,0.7106495051991384,-0.24800099543882256,0.7271941508256492,0.06689710169898991
3.721,-0.21217873392756115,0.7111739124008589,-0.24727319054011376,0.7278048987088034,0.06689710169898991
3.722,-0.2114672985426519,0.7116965648516465,-0.24654477550426968,0.7284150358440744,0.06689710169898991
3.723,-0.21075534138320484,0.712217461261908,-0.24581575094142746,0.7290245628422102,0.06689710169898991
3.724,-0.2100428642059031,0.7127366003463835,-0.2450861174611141,0.7296334803133477,0.06689710169898991
3.725,-0.20932986876871404,0.7132539808241485,-0.24435588164133032,0.7302358197837951,0.06659864753804037
3.726,-0.2086163568308827,0.7137696014186182,-0.24362504408441554,0.7308375569147721,0.06659864753804037
3.727,-0.2079023301529288,0.7142834608575502,-0.24289360539210691,0.7314386923086181,0.06659864753804037
3.728,-0.2071877904966422,0.7147955578730474,-0.24216156616553985,0.7320392265670703,0.06659864753804037
3.729,-0.2064727396250785,0.7153058912015613,-0.2414289270052486,0.7326391602912641,0.06659864753804037
3.73,-0.2057571793025546,0.715814459583895,-0.24069569456241377,0.7332324428348364,0.06629608519317726
3.731,-0.20504111129464453,0.7163212617652067,-0.23996186943031791,0.7338251320958651,0.06629608519317726
3.732,-0.20432453736817444,0.7168262964950128,-0.2392274522016503,0.7344172286676328,0.06629608519317726
3.733,-0.2036074592912201,0.7173295625271896,-0.23849244346850745,0.7350087331428288,0.06629608519317726
3.734,-0.2028898788331,0.7178310586199784,-0.2377568438223939,0.7355996461135494,0.06629608519317726
3.735,-0.20217179776437255,0.7183307835359876,-0.2370206599872596,0.7361838351342914,0.06598943334277413
3.736,-0.20145321785683143,0.7188287360421955,-0.2362838925472936,0.7367674399660126,0.06598943334277413
3.737,-0.2007341408835011,0.7193249149099539,-0.23554654208610068,0.737350461192902,0.06598943334277413
3.738,-0.20001456861863257,0.7198193189149908,-0.23480860918670213,0.7379328993985647,0.06598943334277413
3.739,-0.1992945028376988,0.7203119468374134,-0.23407009443153612,0.7385147551660216,0.06598943334277413
3.74,-0.19857394531739017,0.7208027974617115,-0.23333100461690692,0.7390898146291955,0.06567871091699887
3.741,-0.19785289783561152,0.7212918695767595,-0.232591340317874,0.7396642990329063,0.06567871091699887
3.742,-0.19713136217147545,0.7217791619758208,-0.2318511021089218,0.7402382089522134,0.06567871091699887
3.743,-0.19640934010529948,0.7222646734565499,-0.23111029056396018,0.7408115449616012,0.06567871091699887
3.744,-0.19568683341860124,0.7227484028209955,-0.2303689062563252,0.7413843076349795,0.06567871091699887
3.745,-0.1949638438940942,0.7232303488756034,-0.22962695605425593,0.7419502020692775,0.06536393709664914
3.746,-0.19424037331568317,0.7237105104312197,-0.2288844405236468,0.7425155306091412,0.06536393709664914
3.747,-0.19351642346845985,0.7241888863030934,-0.2281413602298263,0.743080293820465,0.06536393709664914
3.748,-0.19279199613869807,0.7246654753108799,-0.22739771573755774,0.7436444922685775,0.06536393709664914
3.749,-0.19206709311385115,0.7251402762786426,-0.2266535076110395,0.744208126518242,0.06536393709664914
3.75,-0.1913417161825452,0.7256132880348576,-0.22590874279002154,0.7447648210179632,0.06504513131197329
3.751,-0.19061586713457487,0.7260845094124155,-0.22516342183119836,0.7453209588231846,0.06504513131197329
3.7520000000000002,-0.18988954776090056,0.7265539392486248,-0.22441754529070776,0.7458765404906009,0.06504513131197329
3.753,-0.1891627598536439,0.7270215763852133,-0.2236711137241314,0.7464315665763498,0.06504513131197329
3.754,-0.1884355052060814,0.727487419668333,-0.2229241276864954,0.7469860376360129,0.06504513131197329
3.755,-0.18770778561264168,0.7279514679485621,-0.22217659418863217,0.7475334978632063,0.06472231324147219
3.7560000000000002,-0.18697960286889997,0.728413720080908,-0.221428513778002,0.7480804106301726,0.06472231324147219
3.757,-0.18625095877157613,0.7288741749248084,-0.2206798870015176,0.7486267764843719,0.06472231324147219
3.758,-0.18552185511852576,0.7293328313441377,-0.2199307144055449,0.749172595972717,0.06472231324147219
3.759,-0.1847922937087401,0.7297896882072066,-0.21918099653590334,0.7497178696415737,0.06472231324147219
3.7600000000000002,-0.18406227634233893,0.7302447443867662,-0.21843074047407518,0.7502560618281459,0.06439550281068657
3.761,-0.18333180482056838,0.7306979987600103,-0.21767994675825264,0.7507937158225314,0.06439550281068657
3.762,-0.18260088094579394,0.731149450208579,-0.21692861592608972,0.7513308321629226,0.06439550281068657
3.763,-0.18186950652149755,0.7315990976185608,-0.21617674851470275,0.7518674113869734,0.06439550281068657
3.7640000000000002,-0.18113768335227295,0.7320469398804953,-0.21542434506067096,0.7524034540318002,0.06439550281068657
3.765,-0.18040541324382106,0.7324929758893762,-0.21467141271568937,0.7529323449815879,0.0640647201909726
3.766,-0.17967269800294555,0.7329372045446543,-0.21391795200864894,0.7534607070404258,0.0640647201909726
3.767,-0.17893953943754845,0.7333796247502391,-0.21316396346791172,0.7539885407372048,0.0640647201909726
3.7680000000000002,-0.17820593935662524,0.7338202354145033,-0.21240944762131145,0.754515846600287,0.0640647201909726
3.769,-0.17747189957026202,0.7342590354502833,-0.21165440499615396,0.7550426251575062,0.0640647201909726
3.77,-0.17673742188962854,0.7346960237748839,-0.21089884281390564,0.755562182248314,0.06372998579826412
3.771,-0.17600250812697552,0.7351311993100796,-0.21014276159412362,0.7560812197820309,0.06372998579826412
3.7720000000000002,-0.1752671600956296,0.7355645609821184,-0.2093861618558454,0.7565997382782141,0.06372998579826412
3.773,-0.1745313796099889,0.7359961077217233,-0.2086290441175895,0.7571177382559012,0.06372998579826412
3.774,-0.17379516848551868,0.7364258384640956,-0.2078714088973559,0.7576352202336106,0.06372998579826412
3.775,-0.1730585285387467,0.7368537521489174,-0.20711326348593667,0.7581454114192132,0.0633913202918104
3.7760000000000002,-0.17232146158725836,0.7372798477203544,-0.20635460839352304,0.7586550924136302,0.0633913202918104
3.777,-0.17158396944969395,0.7377041241270579,-0.205595444129796,0.7591642637270527,0.0633913202918104
3.778,-0.1708460539457416,0.738126580322168,-0.20483577120392685,0.7596729258691619,0.0633913202918104
3.779,-0.1701077168961344,0.7385472152633162,-0.2040755901245777,0.7601810793491289,0.0633913202918104
3.7800000000000002,-0.1693689601226457,0.7389660279126276,-0.20331490825141646,0.760681873161238,0.06304874457291358
3.781,-0.16862978544808438,0.7393830172367235,-0.20255372608523692,0.761182166179535,0.06304874457291358
3.782,-0.16789019469629043,0.7397981822067242,-0.20179204412633212,0.7616819589048138,0.06304874457291358
3.783,-0.16715018969213055,0.7402115217982517,-0.20102986287449476,0.7621812518373673,0.06304874457291358
3.7840000000000003,-0.16640977226149312,0.7406230349914315,-0.20026718282901776,0.7626800454769882,0.06304874457291358
3.785,-0.16566894423128534,0.7410327207708953,-0.19950401141799057,0.763171411027184,0.06270227978363699
3.786,-0.16492770742942633,0.7414405781257846,-0.19874034913277874,0.7636622852118296,0.06270227978363699
3.787,-0.16418606368484462,0.7418466060497516,-0.19797619646425646,0.7641526685222905,0.06270227978363699
3.7880000000000003,-0.1634440148274712,0.7422508035409633,-0.197211553902807,0.7646425614494409,0.06270227978363699
3.789,-0.16270156268823913,0.7426531696021021,-0.19644642193832335,0.7651319644836642,0.06270227978363699
3.79,-0.16195870909907478,0.7430537032403699,-0.19568080806685806,0.7656138714652907,0.062351947305508845
3.791,-0.16121545589289557,0.7434524034674896,-0.19491471277031813,0.7660952965399356,0.062351947305508845
3.7920000000000003,-0.1604718049036045,0.7438492692997086,-0.19414813653012863,0.7665762401895058,0.062351947305508845
3.793,-0.15972775796608768,0.7442442997577989,-0.1933810798272332,0.7670567028954265,0.062351947305508845
3.794,-0.15898331691620574,0.744637493867063,-0.19261354314209456,0.7675366851386413,0.062351947305508845
3.795,-0.15823848359079334,0.7450288506573333,-0.1918455340382659,0.7680091038286668,0.061997768758210024
3.7960000000000003,-0.15749325982765233,0.7454183691629757,-0.1910770529881659,0.7684810501000023,0.061997768758210024
3.797,-0.15674764746554903,0.7458060484228919,-0.19030810046374083,0.7689525244250666,0.061997768758210024
3.798,-0.15600164834420743,0.7461918874805221,-0.18953867693646503,0.7694235272758057,0.061997768758210024
3.799,-0.15525526430430622,0.7465758853838466,-0.18876878287734133,0.769894059123694,0.061997768758210024
3.8000000000000003,-0.15450849718747384,0.7469580411853889,-0.1879984259169568,0.7703569603845352,0.06163976599824346
3.801,-0.15376134883628384,0.7473383539422175,-0.18722760651821269,0.7708193987441155,0.06163976599824346
3.802,-0.15301382109425057,0.7477168227159484,-0.18645632514354735,0.7712813746653363,0.06163976599824346
3.803,-0.15226591580582438,0.7480934465727476,-0.1856845822549367,0.7717428886106359,0.06163976599824346
3.8040000000000003,-0.15151763481638686,0.7484682245833333,-0.1849123783138947,0.7722039410419901,0.06163976599824346
3.805,-0.15076897997224775,0.7488411558229778,-0.1841397210175714,0.7726572963232999,0.06127796111759023
3.806,-0.1500199531206381,0.7492122393715103,-0.18336661081932207,0.7731101982493285,0.06127796111759023
3.807,-0.14927055610970713,0.7495814743133192,-0.18259304817204863,0.7735626472734309,0.06127796111759023
3.8080000000000003,-0.14852079078851751,0.7499488597373539,-0.1818190335282001,0.7740146438485093,0.06127796111759023
3.809,-0.14777065900704064,0.7503143947371275,-0.1810445673397731,0.7744661884270125,0.06127796111759023
3.81,-0.14702016261615214,0.7506780784107185,-0.18026965737000566,0.7749099697674326,0.0609123764423537
3.811,-0.1462693034676272,0.7510399098607737,-0.17949430406267916,0.7753533073265123,0.0609123764423537
3.8120000000000003,-0.14551808341413575,0.7513998881945103,-0.17871850786113114,0.7757962015480329,0.0609123764423537
3.813,-0.1447665043092394,0.7517580125237171,-0.17794226920825582,0.7762386528753319,0.0609123764423537
3.814,-0.14401456800738452,0.752114281964758,-0.17716558854650452,0.7766806617513037,0.0609123764423537
3.815,-0.14326227636389913,0.7524686956385737,-0.17638847370472435,0.7771148417801802,0.06054303453139178
3.8160000000000003,-0.14250963123498808,0.7528212526706833,-0.17561092511709533,0.7775485876290279,0.06054303453139178
3.817,-0.14175663447772843,0.753171952191188,-0.1748329432173633,0.7779818997320267,0.06054303453139178
3.818,-0.1410032879500648,0.7535207933347712,-0.1740545284388404,0.7784147785229225,0.06054303453139178
3.819,-0.1402495935108049,0.7538677752407021,-0.17327568121440537,0.7788472244350274,0.06054303453139178
3.8200000000000003,-0.1394955530196144,0.7542128970528377,-0.17249640943803127,0.7792717763740908,0.06016995817492504
3.821,-0.13874116833701408,0.7545561579196236,-0.17171671353427007,0.7796959037612152,0.06016995817492504
3.822,-0.13798644132437274,0.7548975569940981,-0.1709365939272491,0.7801196070209525,0.06016995817492504
3.823,-0.13723137384390469,0.7552370934338927,-0.1701560510406717,0.7805428865774301,0.06016995817492504
3.8240000000000003,-0.13647596775866258,0.7555747664012354,-0.16937508529781733,0.7809657428543512,0.06016995817492504
3.825,-0.13572022493253713,0.7559105750629513,-0.16859370465729798,0.7813806405193596,0.05979317039314046
3.826,-0.13496414723024822,0.7562445185904663,-0.16781190953401126,0.7817951232867031,0.05979317039314046
3.827,-0.1342077365173424,0.7565765961598075,-0.16702970034243997,0.7822091915712792,0.05979317039314046
3.8280000000000003,-0.1334509946601875,0.7569068069516071,-0.1662470774966524,0.7826228457875708,0.05979317039314046
3.829,-0.13269392352596968,0.7572351501511021,-0.16546404141030277,0.783036086349646,0.05979317039314046
3.83,-0.13193652498268668,0.7575616249481385,-0.16468060010615077,0.783441304151992,0.05941269443477991
3.831,-0.1311788008991433,0.7578862305371724,-0.16389675398941422,0.7838461167365356,0.05941269443477991
3.8320000000000003,-0.1304207531449484,0.7582089661172721,-0.16311250346490572,0.7842505245084946,0.05941269443477991
3.833,-0.12966238359051022,0.7585298308921189,-0.16232784893703303,0.7846545278726818,0.05941269443477991
3.834,-0.12890369410702993,0.7588488240700112,-0.16154279080979952,0.7850581272335047,0.05941269443477991
3.835,-0.12814468656649836,0.7591659448638651,-0.16075733716961774,0.7854536401817853,0.05902855377571048
3.8360000000000003,-0.1273853628416912,0.7594811924912165,-0.15997148841200062,0.7858487576171177,0.05902855377571048
3.837,-0.12662572480616419,0.7597945661742231,-0.1591852449320656,0.7862434799350148,0.05902855377571048
3.838,-0.12586577433424873,0.7601060651396668,-0.158398607124535,0.786637807530594,0.05902855377571048
3.839,-0.12510551330104705,0.7604156886189546,-0.1576115753837364,0.7870317407985776,0.05902855377571048
3.84,-0.12434494358242767,0.7607234358481215,-0.15682415785923629,0.7874175245001287,0.05864077211748063
3.841,-0.12358406705502036,0.7610293060678318,-0.1560363549368183,0.7878029224179782,0.05864077211748063
3.842,-0.12282288559621311,0.7613332985233809,-0.1552481670018804,0.7881879349379098,0.05864077211748063
3.843,-0.12206140108414515,0.7616354124646979,-0.15445959443943508,0.7885725624453216,0.05864077211748063
3.844,-0.12129961539770376,0.7619356471463465,-0.15367063763410985,0.7889568053252258,0.05864077211748063
3.845,-0.12053753041651942,0.7622340018275277,-0.15288130479812223,0.789332835987618,0.0582493733858714
3.846,-0.11977514802096106,0.7625304757720806,-0.15209159630750288,0.7897084906193479,0.0582493733858714
3.847,-0.11901247009213145,0.7628250682484856,-0.15130151253790644,0.790083769596446,0.0582493733858714
3.848,-0.11824949851186257,0.7631177785298648,-0.15051105386461186,0.790458673294567,0.0582493733858714
3.849,-0.11748623516271052,0.7634086058939851,-0.14972022066252286,0.7908332020889899,0.0582493733858714
3.85,-0.1167226819279526,0.7636975496232582,-0.14892902120600138,0.7911994565214893,0.05785438172942101
3.851,-0.11595884069158008,0.7639846090047447,-0.1481374558613018,0.7915653446995562,0.05785438172942101
3.852,-0.11519471333829572,0.7642697833301537,-0.14734552499431236,0.791930866989445,0.05785438172942101
3.853,-0.11443030175350649,0.7645530718958465,-0.1465532289705553,0.792296023757044,0.05785438172942101
3.854,-0.11366560782332331,0.7648344740028362,-0.14576056815518743,0.7926608153678754,0.05785438172942101
3.855,-0.11290063343455198,0.7651139889567913,-0.14496755088420457,0.7930172709828665,0.05745582151794567
3.856,-0.11213538047469078,0.7653916160680363,-0.14417417751406233,0.7933733701422425,0.05745582151794567
3.857,-0.11136985083192487,0.7656673546515542,-0.14338044840085987,0.7937291132024592,0.05745582151794567
3.858,-0.11060404639512342,0.7659412040269872,-0.14258636390034024,0.7940845005196157,0.05745582151794567
3.859,-0.10983796905383274,0.7662131635186389,-0.1417919243678908,0.794439532449455,0.05745582151794567
3.86,-0.10907162069827166,0.7664832324554768,-0.14099713820062695,0.7947861672638264,0.0570537173410448
3.861,-0.10830500321932855,0.7667514101711327,-0.14020200574518357,0.7951324554433835,0.0570537173410448
3.862,-0.10753811850855673,0.7670176960039043,-0.1394065273478488,0.795478397334761,0.0570537173410448
3.863,-0.10677096845816753,0.767282089296758,-0.13861070335456457,0.7958239932842471,0.0570537173410448
3.864,-0.10600355496102745,0.7675445893973296,-0.13781453411092678,0.7961692436377837,0.0570537173410448
3.865,-0.10523587991065257,0.7678051956579265,-0.1370180280746525,0.7965060362742777,0.05664809400659125
3.866,-0.10446794520120609,0.7680639074355279,-0.13622118558253435,0.7968424921181353,0.05664809400659125
3.867,-0.10369975272748921,0.7683207240917889,-0.1354240069710282,0.797178611506149,0.05664809400659125
3.868,-0.10293130438494098,0.7685756449930398,-0.13462649257625342,0.7975143947747747,0.05664809400659125
3.869,-0.10216260206963085,0.7688286695102885,-0.13382864273399328,0.7978498422601318,0.05664809400659125
3.87,-0.10139364767825623,0.7690797970192221,-0.13303046596204463,0.7981767719486557,0.0562389765392012
3.871,-0.1006244431081352,0.7693290269002087,-0.13223196258733713,0.798503374707491,0.0562389765392012
3.872,-0.0998549902572036,0.769576358538298,-0.13143313293647357,0.7988296508635675,0.0562389765392012
3.873,-0.09908529102400981,0.7698217913232239,-0.1306339773357301,0.7991556007434879,0.0562389765392012
3.874,-0.0983153473077102,0.7700653246494055,-0.12983449611105657,0.7994812246735284,0.0562389765392012
3.875,-0.09754516100806436,0.7703069579159484,-0.12903469783980415,0.7997982712524291,0.05582639017871041
3.876,-0.09677473402543041,0.7705466905266467,-0.1282345828390194,0.8001150007847508,0.05582639017871041
3.8770000000000002,-0.0960040682607599,0.770784521889984,-0.12743415142543185,0.8004314135875403,0.05582639017871041
3.878,-0.09523316561559488,0.7710204514191349,-0.12663340391545433,0.800747509977527,0.05582639017871041
3.879,-0.09446202799206055,0.7712544785319666,-0.1258323406251832,0.8010632902711237,0.05582639017871041
3.88,-0.09369065729286234,0.771486602651041,-0.12503097019099477,0.8013704341884249,0.0554103603786169
3.8810000000000002,-0.09291905542128079,0.7717168232036142,-0.12422929292003296,0.8016772709618089,0.0554103603786169
3.882,-0.09214722428116678,0.7719451396216405,-0.12342730911913453,0.8019838008984194,0.0554103603786169
3.883,-0.09137516577693695,0.7721715513417715,-0.12262501909482944,0.8022900243050933,0.0554103603786169
3.884,-0.0906028818135689,0.7723960578053589,-0.12182242315334108,0.8025959414883606,0.0554103603786169
3.8850000000000002,-0.0898303742965961,0.7726186584584555,-0.12101952998953812,0.8028931638029626,0.05499091280451842
3.886,-0.08905764513210494,0.7728393527518158,-0.12021633990064287,0.80319008889525,0.05499091280451842
3.887,-0.08828469622672738,0.7730581401408989,-0.11941285318358043,0.8034867170624451,0.05499091280451842
3.888,-0.087511529487638,0.7732750200858688,-0.11860907013497896,0.8037830486014731,0.05499091280451842
3.8890000000000002,-0.08673814682254888,0.7734899920515955,-0.11780499105117,0.804079083808962,0.05499091280451842
3.89,-0.08596455013970485,0.7737030555076573,-0.1170006246849782,0.8043663661918038,0.054568073332538894
3.891,-0.08519074134787884,0.7739142099283411,-0.11619597132368593,0.8046533612922627,0.054568073332538894
3.892,-0.0844167223563671,0.7741234547926444,-0.11539103125428832,0.8049400693976212,0.054568073332538894
3.8930000000000002,-0.08364249507498414,0.7743307895842766,-0.11458580476349345,0.8052264907948744,0.054568073332538894
3.894,-0.08286806141405968,0.7745362137916593,-0.11378029213772271,0.8055126257707304,0.054568073332538894
3.895,-0.08209342328443178,0.7747397269079286,-0.1129745021872168,0.8057899505059144,0.054141868047741334
3.896,-0.08131858259744217,0.7749413284309365,-0.11216843518930043,0.8060669979163633,0.054141868047741334
3.8970000000000002,-0.08054354126493318,0.7751410178632514,-0.11136209142102103,0.8063437682794017,0.054141868047741334
3.898,-0.07976830119924318,0.775338794712159,-0.11055547115914896,0.8066202618720771,0.054141868047741334
3.899,-0.07899286431319949,0.7755346584896649,-0.1097485746801778,0.8068964789711599,0.054141868047741334
3.9,-0.07821723252011555,0.7757286087124945,-0.10894141085122076,0.8071638289570392,0.053712323242524895
3.9010000000000002,-0.07744140773378529,0.7759206449020951,-0.10813397993962783,0.8074309115929327,0.053712323242524895
3.902,-0.07666539186848054,0.7761107665846363,-0.10732628221248164,0.8076977271461903,0.053712323242524895
3.903,-0.07588918683894198,0.7762989732910118,-0.10651831793659775,0.8079642758838945,0.053712323242524895
3.904,-0.07511279456037884,0.7764852645568404,-0.10571008737852489,0.8082305580728611,0.053712323242524895
3.9050000000000002,-0.07433621694846142,0.776669639922467,-0.1049015994617018,0.8084879168230885,0.05327946541500868
3.906,-0.07355945591931866,0.7768520989329633,-0.10409285444348723,0.8087450182145656,0.05327946541500868
3.907,-0.07278251338953075,0.7770326411381302,-0.10328385258098258,0.8090018625046512,0.05327946541500868
3.908,-0.07200539127612615,0.7772112660924975,-0.10247459413103213,0.8092584499504467,0.05327946541500868
3.9090000000000003,-0.07122809149657641,0.7773879733553261,-0.10166507935022334,0.8095147808087965,0.05327946541500868
3.91,-0.0704506159687915,0.7775627624906083,-0.10085531721777001,0.8097621324533358,0.052843321267407234
3.911,-0.06967296661111495,0.7777356330670693,-0.10004530798102378,0.8100092367462306,0.052843321267407234
3.912,-0.06889514534231929,0.777906584658168,-0.09923505188708895,0.8102560939348326,0.052843321267407234
3.9130000000000003,-0.06811715408160073,0.7780756168420987,-0.0984245491828227,0.8105027042662458,0.052843321267407234
3.914,-0.06733899474857621,0.7782427292017908,-0.09761380011483538,0.8107490679873277,0.052843321267407234
3.915,-0.06656066926327614,0.7784079213249117,-0.09680281371756196,0.8109863972734283,0.05240391770439366
3.916,-0.06578217954614127,0.7785711928038657,-0.09599159022833172,0.8112234892302427,0.05240391770439366
3.9170000000000003,-0.06500352751801756,0.7787325432357971,-0.09518012988423662,0.8114603440951003,0.05240391770439366
3.918,-0.06422471510015153,0.7788919722225894,-0.09436843292213153,0.811696962105093,0.05240391770439366
3.919,-0.06344574421418538,0.7790494793708678,-0.09355649957863445,0.8119333434970758,0.05240391770439366
3.92,-0.06266661678215232,0.7792050642919988,-0.09274433894284424,0.8121606357902076,0.051961281831441136
3.9210000000000003,-0.061887334726471434,0.7793587266020923,-0.0919319512420532,0.8123877007910462,0.051961281831441136
3.922,-0.06110789996994458,0.7795104659220015,-0.09111933670332631,0.8126145387268839,0.051961281831441136
3.923,-0.06032831443574911,0.779660281877325,-0.09030649555350152,0.8128411498247858,0.051961281831441136
3.924,-0.05954858004743483,0.7798081740984065,-0.08949342801918993,0.8130675343115898,0.051961281831441136
3.9250000000000003,-0.05876869872891883,0.779954142220337,-0.08868014324359358,0.8132847755963416,0.05151544095316634
3.926,-0.057988672404480746,0.7800981858829545,-0.08786664144395377,0.8135017996398086,0.05151544095316634
3.927,-0.05720850299875798,0.7802403047308457,-0.08705292283729454,0.8137186066592321,0.05151544095316634
3.928,-0.056428192436741,0.7803804984133462,-0.08623898764042291,0.8139351968716362,0.05151544095316634
3.9290000000000003,-0.0556477426437681,0.7805187665845424,-0.08542483606992908,0.8141515704938279,0.05151544095316634
3.93,-0.05486715554552245,0.7806551089032711,-0.08461047732255432,0.814358747374767,0.05106642257164621
3.931,-0.05408643306802511,0.780789525033121,-0.08379591160547549,0.8145657170788252,0.05106642257164621
3.932,-0.0533055771376303,0.780922014642434,-0.08298113912566231,0.8147724798131792,0.05106642257164621
3.9330000000000003,-0.05252458968102243,0.7810525774043052,-0.08216616008987751,0.814979035784799,0.05106642257164621
3.934,-0.05174347262521127,0.7811812129965836,-0.08135097470467706,0.8151853852004471,0.05106642257164621
3.935,-0.050962227897525074,0.781307921101874,-0.08053559221977412,0.8153824849029413,0.05061425438473202
3.936,-0.050180857425607545,0.7814327014075365,-0.07972001283226839,0.815579387505733,0.05061425438473202
3.9370000000000003,-0.049399363137412215,0.7815555536056883,-0.07890423673906247,0.8157760932059219,0.05061425438473202
3.938,-0.048617746961199866,0.7816764773932037,-0.07808826413686205,0.8159726022004107,0.05061425438473202
3.939,-0.0478360108255294,0.7817954724717151,-0.07727209522217615,0.8161689146859049,0.05061425438473202
3.94,-0.047054156659257454,0.7819125385476144,-0.07645573929711924,0.816355925056906,0.05015896428435025
3.9410000000000003,-0.04627218639153103,0.7820276753320524,-0.0756391965487017,0.8165427484175362,0.05015896428435025
3.942,-0.045490101951784906,0.7821408825409406,-0.0748224671637469,0.8167293849548056,0.05015896428435025
3.943,-0.04470790526973426,0.7822521598949516,-0.07400555132889136,0.8169158348555379,0.05015896428435025
3.944,-0.04392559827537164,0.7823615071195192,-0.073188449230585,0.8171020983063694,0.05015896428435025
3.9450000000000003,-0.04314318289896179,0.7824689239448404,-0.07237117022276984,0.8172790078151587,0.049700580354787714
3.946,-0.04236066107103687,0.7825744101058747,-0.07155371448235541,0.8174557404144394,0.049700580354787714
3.947,-0.04157803472239171,0.7826779653423453,-0.07073608218607429,0.8176322962811207,0.049700580354787714
3.948,-0.04079530578407902,0.7827795893987404,-0.06991827351048235,0.8178086755919353,0.049700580354787714
3.9490000000000003,-0.04001247618740421,0.7828792820243125,-0.06910028863195891,0.817984878523439,0.049700580354787714
3.95,-0.039229547863922375,0.7829770429730797,-0.06828213695569657,0.8181516762623349,0.049239130870965264
3.951,-0.038446522745430874,0.7830728720038269,-0.06746381864849307,0.8183183072034919,0.049239130870965264
3.952,-0.03766340276396636,0.7831667688801055,-0.06664533387697937,0.8184847715137077,0.049239130870965264
3.9530000000000003,-0.03688018985179953,0.7832587333702341,-0.06582668280761975,0.8186510693596133,0.049239130870965264
3.954,-0.036096885941430394,0.7833487652472997,-0.06500786560671207,0.818817200907673,0.049239130870965264
3.955,-0.03531349296558348,0.7834368642891573,-0.06418889173011937,0.8189738765926994,0.04877464429670246
3.956,-0.03453001285720309,0.7835230302784315,-0.06336976133451733,0.8191303956020407,0.04877464429670246
3.9570000000000003,-0.033746447549448055,0.7836072630025162,-0.06255047457642496,0.8192867580923727,0.04877464429670246
3.958,-0.032962798975688774,0.7836895622535756,-0.061731031612204744,0.8194429642202145,0.04877464429670246
3.959,-0.03217906906949976,0.7837699278285443,-0.060911432598062816,0.8195990141419283,0.04877464429670246
3.96,-0.03139525976465663,0.7838483595291283,-0.06009168703994937,0.8197455581134457,0.048307149282972396
3.9610000000000003,-0.03061137299513095,0.7839248571618054,-0.05927179508440838,0.8198919555409917,0.048307149282972396
3.962,-0.02982741069508539,0.7839994205378251,-0.05845175687783727,0.8200382065711102,0.048307149282972396
3.963,-0.029043374798868996,0.7840720494732096,-0.05763157256648707,0.8201843113501985,0.048307149282972396
3.964,-0.028259267241012402,0.7841427437887544,-0.05681124229646256,0.8203302700245078,0.048307149282972396
3.9650000000000003,-0.02747508995622262,0.7842115033100282,-0.05599077562321476,0.820466673247806,0.04783667466613602
3.966,-0.02669084487938003,0.7842783278673738,-0.055170172683146876,0.8206029400678809,0.04783667466613602
3.967,-0.025906533945530958,0.7843432172959082,-0.05434943361252574,0.8207390706211357,0.04783667466613602
3.968,-0.02512215908988511,0.7844061714355232,-0.053528558547481904,0.8208750650438373,0.04783667466613602
3.969,-0.02433772224780859,0.7844671901308856,-0.05270754762400979,0.8210109234721162,0.04783667466613602
3.97,-0.02355322535482132,0.784526273231438,-0.05188641044647182,0.8211371775379676,0.047363249466173464
3.971,-0.022768670346592284,0.7845834205913986,-0.051065147141122064,0.821263305349753,0.047363249466173464
3.972,-0.021984059158932538,0.784638632069762,-0.05024375783408834,0.8213893070337267,0.047363249466173464
3.973,-0.021199393727792188,0.7846919075302995,-0.04942224265137232,0.8215151827160164,0.047363249466173464
3.974,-0.02041467598925518,0.784743246841559,-0.048600601718849695,0.8216409325226238,0.047363249466173464
3.975,-0.019629907879534537,0.784792649876866,-0.0477788446892019,0.8217570296477993,0.04688690288490298
3.976,-0.01884509133496755,0.7848401165143234,-0.04695697167852605,0.8218730106758495,0.04688690288490298
3.977,-0.01806022829201103,0.7848856466368119,-0.046134982802803176,0.8219888757228717,0.04688690288490298
3.978,-0.01727532068723607,0.7849292401319906,-0.04531287817789833,0.8221046249048469,0.04688690288490298
3.979,-0.016490370457325047,0.7849708968922966,-0.04449065791956069,0.8222202583376401,0.04688690288490298
3.98,-0.01570537953906418,0.7850106168149463,-0.0436683317281953,0.8223261913653862,0.04640766430418487
3.981,-0.014920349869340526,0.7850483998019346,-0.042845899709735194,0.8224320184601045,0.04640766430418487
3.982,-0.014135283385136758,0.7850842457600358,-0.042023361970007465,0.822537739727728,0.04640766430418487
3.983,-0.013350182023526383,0.7851181546008034,-0.04120071861473338,0.822643355274084,0.04640766430418487
3.984,-0.012565047721668969,0.7851501262405708,-0.04037796974952849,0.8227488652048937,0.04640766430418487
3.985,-0.011779882416805354,0.7851801606004513,-0.039555125121923114,0.822844627605371,0.045925563284113555
3.986,-0.010994688046252437,0.785208257606338,-0.038732184827679664,0.822940294243448,0.045925563284113555
3.987,-0.010209466547400159,0.7852344171889041,-0.03790914896246478,0.8230358652148868,0.045925563284113555
3.988,-0.009424219857704069,0.7852586392836037,-0.037086017621849425,0.8231313406153542,0.045925563284113555
3.989,-0.008638949914682312,0.7852809238306712,-0.036262790901309,0.8232267205404211,0.045925563284113555
3.99,-0.007853658655910416,0.7853012707751216,-0.0354394785948979,0.8233123064111049,0.04544062956120731
3.991,-0.0070683480190164944,0.7853196800667508,-0.03461608078820198,0.8233978066959179,0.04544062956120731
3.992,-0.00628301994167648,0.7853361516601358,-0.03379259756672154,0.8234832214804462,0.04544062956120731
3.993,-0.005497676361609335,0.7853506855146346,-0.03296902901587135,0.8235685508501899,0.04544062956120731
3.994,-0.004712319216571833,0.7853632815943863,-0.032145375220980786,0.8236537948905638,0.04544062956120731
3.995,-0.003926950444355545,0.7853739398683113,-0.03132164602202418,0.8237291989566047,0.04495289304657473
3.996,-0.0031415719827794027,0.7853826603101113,-0.030497841494405604,0.8238045276185796,0.04495289304657473
3.997,-0.002356185769687131,0.7853894428982697,-0.02967396171345371,0.8238797809518925,0.04495289304657473
3.998,-0.0015707937429398065,0.785394287616051,-0.02885000675442184,0.8239549590318721,0.04495289304657473
3.999,-0.000785397840415513,0.7853971944515012,-0.028025976692488068,0.8240300619337717,0.04495289304657473
4.0,-1.2246467991473532e-16,0.7853981633974483,-0.02720188141293975,0.8240952795483195,0.04446238382407887
4.001,0.0007853978404157121,0.7853971944515012,-0.026377720980994498,0.8241604319452528,0.04446238382407887
4.002,0.0015707937429395614,0.785394287616051,-0.025553495461804708,0.8242255191897891,0.04446238382407887
4.003,0.002356185769686886,0.7853894428982697,-0.024729204920457628,0.8242905413470809,0.04446238382407887
4.0040000000000004,0.0031415719827796017,0.7853826603101113,-0.023904849421975412,0.8243554984822155,0.04446238382407887
4.005,0.0039269504443553,0.7853739398683113,-0.02308043889634871,0.824410525626703,0.04396913214849017
4.006,0.0047123192165720315,0.7853632815943863,-0.02225597339860466,0.8244654977440461,0.04396913214849017
4.007,0.005497676361608647,0.7853506855146346,-0.02143145298371539,0.8245204148892719,0.04396913214849017
4.008,0.006283019941676234,0.7853361516601358,-0.02060687770659804,0.8245752771173523,0.04396913214849017
4.009,0.007068348019016693,0.7853196800667508,-0.019782247622114835,0.8246300844832049,0.04396913214849017
4.01,0.007853658655910171,0.7853012707751216,-0.01895757270434724,0.8246749177675942,0.04347316844362503
4.011,0.008638949914682068,0.7852809238306712,-0.01813285299812854,0.8247197062186991,0.04347316844362503
4.0120000000000005,0.009424219857704268,0.7852586392836037,-0.017308088548247186,0.8247644498813529,0.04347316844362503
4.013,0.010209466547399914,0.7852344171889041,-0.016483279399446844,0.8248091488003441,0.04347316844362503
4.014,0.010994688046252636,0.785208257606338,-0.015658425596426426,0.8248538030204162,0.04347316844362503
4.015,0.011779882416804666,0.7851801606004513,-0.01483353715674302,0.8248884396834053,0.042974523300472696
4.016,0.012565047721668722,0.7851501262405708,-0.01400861411503329,0.8249230417097314,0.042974523300472696
4.017,0.013350182023526138,0.7851181546008034,-0.013183656505899258,0.8249576091340312,0.042974523300472696
4.018,0.014135283385136513,0.7850842457600358,-0.012358664363908351,0.8249921419909065,0.042974523300472696
4.019,0.014920349869340281,0.7850483998019346,-0.011533637723593426,0.8250266403149251,0.042974523300472696
4.0200000000000005,0.01570537953906438,0.7850106168149463,-0.01070858664536931,0.8250510782241166,0.042473227475321965
4.021,0.016490370457324804,0.7849708968922966,-0.00988351115367391,0.825075491695399,0.042473227475321965
4.022,0.017275320687236268,0.7849292401319906,-0.0090584112729207,0.82509988075321,0.042473227475321965
4.023,0.01806022829201034,0.7848856466368119,-0.008233287027498738,0.8251242454219632,0.042473227475321965
4.024,0.018845091334967305,0.7848401165143234,-0.00740813844177269,0.8251485857260477,0.042473227475321965
4.025,0.01962990787953429,0.784792649876866,-0.006582975618394611,0.8251628233780788,0.041969311887859476
4.026,0.02041467598925494,0.784743246841559,-0.005757798571602153,0.8251770467924578,0.041969311887859476
4.027,0.02119939372779194,0.7846919075302995,-0.004932607315618731,0.8251912559834226,0.041969311887859476
4.0280000000000005,0.021984059158932735,0.784638632069762,-0.004107401864653535,0.8252054509651964,0.041969311887859476
4.029,0.02276867034659204,0.7845834205913986,-0.0032821822329015464,0.8252196317519883,0.041969311887859476
4.03,0.023553225354821516,0.7845262732314379,-0.0024569585646289243,0.825223668272622,0.04146280761928099
4.031,0.024337722247807902,0.7844671901308856,-0.0016317308638721894,0.8252277007567349,0.04146280761928099
4.032,0.02512215908988487,0.7844061714355232,-0.0008064991346638256,0.8252317292083637,0.04146280761928099
4.033,0.025906533945531156,0.7843432172959082,1.8736618967715398e-05,0.825235753631541,0.04146280761928099
4.034,0.026690844879379783,0.7842783278673738,0.0008439763929980104,0.825239774030295,0.04146280761928099
4.035,0.027475089956222817,0.7842115033100282,0.0016692100021724826,0.8252336091744721,0.04095374591036957
4.0360000000000005,0.0282592672410126,0.7841427437887544,0.0024944374526559877,0.825227450483505,0.04095374591036957
4.037,0.029043374798868753,0.7840720494732096,0.0033196587506072166,0.8252212979512289,0.04095374591036957
4.038,0.02982741069508559,0.7839994205378251,0.004144873902178702,0.8252151515714851,0.04095374591036957
4.039,0.030611372995130705,0.7839248571618055,0.004970082913516823,0.825209011338121,0.04095374591036957
4.04,0.03139525976465639,0.7838483595291283,0.005795275559006797,0.8251926454899745,0.04044215815958135
4.041,0.03217906906949995,0.7837699278285443,0.006620451855014474,0.8251762960076762,0.04044215815958135
4.042,0.03296279897568853,0.7836895622535756,0.007445611817889334,0.8251599628748602,0.04044215815958135
4.043,0.03374644754944826,0.7836072630025162,0.00827075546396451,0.8251436460751769,0.04044215815958135
4.0440000000000005,0.03453001285720329,0.7835230302784314,0.009095882809556803,0.8251273455922933,0.04044215815958135
4.045,0.03531349296558324,0.7834368642891574,0.009920983589321926,0.8251007797651232,0.039928075921112104
4.046,0.036096885941430595,0.7833487652472996,0.010746057829825706,0.8250742405037803,0.039928075921112104
4.047,0.036880189851799285,0.7832587333702341,0.011571105557607405,0.8250477277816988,0.039928075921112104
4.048,0.03766340276396611,0.7831667688801055,0.012396126799179744,0.8250212415723394,0.039928075921112104
4.049,0.038446522745431075,0.7830728720038269,0.013221121581028932,0.8249947818491893,0.039928075921112104
4.05,0.039229547863922125,0.7829770429730798,0.014046079598714331,0.8249580176853991,0.03941153090295354
4.051,0.04001247618740441,0.7828792820243125,0.014871000889000103,0.8249212902857728,0.03941153090295354
4.0520000000000005,0.04079530578407922,0.7827795893987404,0.01569588548861365,0.8248845996135461,0.03941153090295354
4.053,0.041578034722391466,0.7826779653423453,0.016520733434245642,0.8248479456319916,0.03941153090295354
4.054,0.04236066107103662,0.7825744101058747,0.017345544762550062,0.8248113283044187,0.03941153090295354
4.055,0.04314318289896154,0.7824689239448404,0.018170309130625475,0.8247643680754133,0.03889255496494944
4.056,0.043925598275371396,0.7823615071195192,0.01899502658543211,0.8247174548066369,0.03889255496494944
4.057,0.044707905269734456,0.7822521598949514,0.01981969717388324,0.8246705884511293,0.03889255496494944
4.058,0.04549010195178466,0.7821408825409407,0.020644320942845216,0.8246237689619771,0.03889255496494944
4.059,0.04627218639153123,0.7820276753320524,0.02146889793913753,0.8245769962923141,0.03889255496494944
4.0600000000000005,0.04705415665925721,0.7819125385476144,0.022293417782035887,0.8245198428983583,0.03837118011682948
4.061,0.04783601082552916,0.7817954724717152,0.023117880528693683,0.8244627466577966,0.03837118011682948
4.062,0.04861774696119962,0.7816764773932037,0.023942286236207158,0.8244057075134754,0.03837118011682948
4.063,0.049399363137411965,0.7815555536056884,0.024766634961615457,0.8243487254082985,0.03837118011682948
4.064,0.0501808574256073,0.7814327014075365,0.025590926761900685,0.8242918002852268,0.03837118011682948
4.065,0.05096222789752527,0.7813079211018739,0.02641515121915595,0.8242244572552664,0.0378474385162433
4.066,0.05174347262521103,0.7811812129965837,0.027239308400724287,0.824157181568336,0.0378474385162433
4.067,0.052524589681022624,0.7810525774043052,0.02806339837388138,0.8240899731570924,0.0378474385162433
4.0680000000000005,0.05330557713763006,0.7809220146424342,0.02888742120583564,0.8240228319542602,0.0378474385162433
4.069,0.05408643306802487,0.780789525033121,0.029711376963728272,0.8239557578926308,0.0378474385162433
4.07,0.05486715554552264,0.7806551089032711,0.030535255193112346,0.8238782293840737,0.03732136246678083
4.071,0.05564774264376785,0.7805187665845424,0.03135905597151637,0.8238007784040253,0.03732136246678083
4.072,0.05642819243674076,0.7803804984133462,0.03218277937639133,0.8237234048749569,0.03732136246678083
4.073,0.05720850299875818,0.7802403047308457,0.03300642548511075,0.8236461087194176,0.03732136246678083
4.074,0.0579886724044805,0.7800981858829547,0.033829994374970786,0.8235688898600337,0.03732136246678083
4.075,0.05876869872891903,0.779954142220337,0.03465347555562928,0.8234811806584934,0.03679298441598747
4.0760000000000005,0.059548580047435025,0.7798081740984065,0.03547686911479544,0.8233935591661546,0.03679298441598747
4.077,0.06032831443574887,0.779660281877325,0.03630017514009075,0.8233060252953083,0.03679298441598747
4.078,0.06110789996994478,0.7795104659220015,0.03712339371904908,0.8232185789583327,0.03679298441598747
4.079,0.06188733472647119,0.7793587266020924,0.03794652493911677,0.8231312200676941,0.03679298441598747
4.08,0.06266661678215209,0.7792050642919989,0.038769558274703464,0.8230333355866937,0.036262336953362055
4.081,0.06344574421418557,0.7790494793708678,0.03959249382369364,0.8229355489901742,0.036262336953362055
4.082,0.06422471510015129,0.7788919722225895,0.040415331683873894,0.8228378601802513,0.036262336953362055
4.083,0.06500352751801733,0.7787325432357971,0.04123807195293303,0.8227402690591383,0.036262336953362055
4.0840000000000005,0.06578217954614146,0.7785711928038657,0.04206071472846218,0.8226427755291464,0.036262336953362055
4.085,0.0665606692632759,0.7784079213249117,0.042883249450271964,0.8225347218097845,0.035729452808357015
4.086,0.06733899474857641,0.7782427292017908,0.04370567622641611,0.8224267761441418,0.035729452808357015
4.087,0.06811715408160048,0.7780756168420987,0.044527995164840274,0.8223189384241648,0.035729452808357015
4.088,0.06889514534231905,0.777906584658168,0.04535020637338218,0.8222112085419078,0.035729452808357015
4.089,0.06967296661111515,0.7777356330670692,0.046172309959771715,0.822103586389533,0.035729452808357015
4.09,0.07045061596879125,0.7775627624906083,0.04699429532987182,0.8219853701001106,0.03519436484836167
4.091,0.07122809149657618,0.7773879733553262,0.047816162601898804,0.8218672720269777,0.03519436484836167
4.0920000000000005,0.07200539127612635,0.7772112660924975,0.048637911893950725,0.821749292051918,0.03519436484836167
4.093,0.07278251338953051,0.7770326411381302,0.04945954332400756,0.8216314300568334,0.03519436484836167
4.094,0.07355945591931885,0.7768520989329633,0.0502810570099313,0.8215136859237437,0.03519436484836167
4.095,0.07433621694846118,0.776669639922467,0.051102442324290655,0.8213853143593536,0.03465710607667672
4.096,0.0751127945603786,0.7764852645568404,0.051923699395457185,0.8212570711665278,0.03465710607667672
4.097,0.07588918683894175,0.7762989732910119,0.05274482835167408,0.8211289562168949,0.03465710607667672
4.098,0.07666539186848029,0.7761107665846364,0.05356582932105629,0.8210009693822115,0.03465710607667672
4.099,0.07744140773378548,0.7759206449020951,0.054386702431590654,0.8208731105343627,0.03465710607667672
4.1,0.07821723252011487,0.7757286087124946,0.055207437023207094,0.8207345916164381,0.034117709630487984
4.101,0.07899286431319924,0.775534658489665,0.056028033234424526,0.8205962112174314,0.034117709630487984
4.102,0.07976830119924337,0.775338794712159,0.05684849120362335,0.8204579691988237,0.034117709630487984
4.103,0.08054354126493295,0.7751410178632515,0.05766881106904558,0.8203198654222347,0.034117709630487984
4.104,0.08131858259744192,0.7749413284309367,0.058488992968795006,0.8201818997494222,0.034117709630487984
4.105,0.08209342328443155,0.7747397269079287,0.05930902621082026,0.8200332420252493,0.033576208778825015
4.106,0.08286806141405945,0.7745362137916593,0.060128910943779056,0.8198847329588006,0.033576208778825015
4.107,0.08364249507498435,0.7743307895842765,0.06094864731618047,0.8197363724014183,0.033576208778825015
4.108,0.08441672235636642,0.7741234547926447,0.06176823547638507,0.8195881602045934,0.033576208778825015
4.109,0.08519074134787859,0.7739142099283411,0.06258767557260503,0.8194400962199653,0.033576208778825015
4.11,0.08596455013970504,0.7737030555076573,0.06340695688146718,0.8192813088621554,0.033032636920507626
4.111,0.08673814682254863,0.7734899920515956,0.06422607956175888,0.8191226802917034,0.033032636920507626
4.112,0.08751152948763775,0.7732750200858688,0.06504504377210871,0.8189642103498219,0.033032636920507626
4.113,0.08828469622672758,0.7730581401408989,0.06586384967098659,0.8188058988778822,0.033032636920507626
4.114,0.0890576451321047,0.7728393527518159,0.066682497416704,0.8186477457174145,0.033032636920507626
4.115,0.08983037429659631,0.7726186584584553,0.06750097625522734,0.818478838523339,0.03248702758209687
4.116,0.09060288181356822,0.772396057805359,0.0683192863554638,0.8183101002364577,0.03248702758209687
4.117,0.0913751657769367,0.7721715513417715,0.06913742788615167,0.8181415306878631,0.03248702758209687
4.118,0.09214722428116698,0.7719451396216404,0.06995540101586048,0.8179731297088172,0.03248702758209687
4.119,0.09291905542128054,0.7717168232036143,0.07077320591299123,0.8178048971307503,0.03248702758209687
4.12,0.0936906572928621,0.771486602651041,0.07159083179351317,0.8176258805219362,0.03193941441582894
4.121,0.09446202799206074,0.7712544785319666,0.0724082788364429,0.8174470429297308,0.03193941441582894
4.122,0.09523316561559464,0.7710204514191349,0.07322554722061801,0.8172683841751176,0.03193941441582894
4.123,0.09600406826076009,0.7707845218899839,0.07404263712469727,0.8170899040792591,0.03193941441582894
4.124,0.09677473402542973,0.7705466905266469,0.07485954872716077,0.8169116024634964,0.03193941441582894
4.125,0.09754516100806412,0.7703069579159485,0.07567627121464576,0.8167224874849838,0.03138983119754234
4.126,0.09831534730770997,0.7700653246494056,0.07649280477626721,0.8165335616214496,0.03138983119754234
4.127,0.09908529102400956,0.769821791323224,0.07730914960095099,0.816344824683779,0.03138983119754234
4.128,0.09985499025720335,0.7695763585382981,0.07812530587743403,0.8161562764830461,0.03138983119754234
4.1290000000000004,0.1006244431081354,0.7693290269002085,0.07894127379426455,0.815967916830514,0.03138983119754234
4.13,0.10139364767825598,0.7690797970192222,0.07975704250941472,0.8157687151501753,0.030838311824595357
4.131,0.10216260206963104,0.7688286695102885,0.08057261222208624,0.8155697126715171,0.030838311824595357
4.132,0.10293130438494032,0.76857564499304,0.08138798313128158,0.8153709091953375,0.030838311824595357
4.133,0.10369975272748898,0.768320724091789,0.08220315543580421,0.8151723045226341,0.030838311824595357
4.134,0.10446794520120584,0.768063907435528,0.08301812933425881,0.8149738984546034,0.030838311824595357
4.135,0.10523587991065234,0.7678051956579265,0.08383289395662123,0.8147646223624245,0.030284890313783966
4.136,0.10600355496102722,0.7675445893973297,0.08464744951216757,0.8145555555463377,0.030284890313783966
4.1370000000000005,0.10677096845816772,0.767282089296758,0.08546179620996464,0.814346697797067,0.030284890313783966
4.138,0.10753811850855649,0.7670176960039043,0.08627593425887019,0.8141380489055456,0.030284890313783966
4.139,0.10830500321932875,0.7667514101711326,0.0870898638675331,0.8139296086629157,0.030284890313783966
4.14,0.10907162069827098,0.7664832324554771,0.08790357413860334,0.8137102710702377,0.029729600799244155
4.141,0.10983796905383249,0.766213163518639,0.08871706529141848,0.8134911528151524,0.029729600799244155
4.142,0.11060404639512361,0.7659412040269871,0.0895303375450968,0.8132722536783221,0.029729600799244155
4.143,0.11136985083192463,0.7656673546515543,0.09034339111853742,0.8130535734406287,0.029729600799244155
4.144,0.11213538047469054,0.7653916160680364,0.09115622623042059,0.8128351118831729,0.029729600799244155
4.1450000000000005,0.11290063343455217,0.7651139889567913,0.09196883195674249,0.8126057263218968,0.02917247753034867
4.146,0.11366560782332306,0.7648344740028363,0.09278120852688868,0.8123765701461818,0.02917247753034867
4.147,0.11443030175350669,0.7645530718958464,0.09359335617001532,0.8121476431266426,0.02917247753034867
4.148,0.11519471333829505,0.7642697833301539,0.09440527511504945,0.8119189450341229,0.02917247753034867
4.149,0.11595884069157984,0.7639846090047447,0.09521696559068915,0.8116904756396958,0.02917247753034867
4.15,0.11672268192795279,0.7636975496232582,0.0960284166469506,0.811451056261448,0.028613554869596013
4.151,0.11748623516271028,0.7634086058939851,0.09683962852325317,0.8112118763025784,0.028613554869596013
4.152,0.11824949851186234,0.763117778529865,0.09765060145877684,0.8109729355236678,0.028613554869596013
4.1530000000000005,0.11901247009213164,0.7628250682484855,0.09846133569246238,0.810734233685536,0.028613554869596013
4.154,0.11977514802096083,0.7625304757720807,0.09927183146301162,0.8104957705492424,0.028613554869596013
4.155,0.12053753041651918,0.7622340018275277,0.10008207779513613,0.8102463321245031,0.02805286729050071
4.156,0.12129961539770352,0.7619356471463465,0.10089207493827432,0.8099971431381886,0.02805286729050071
4.157,0.12206140108414491,0.7616354124646979,0.10170182314161517,0.8097482033408604,0.02805286729050071
4.158,0.12282288559621331,0.7613332985233809,0.1025113226540985,0.8094995124833295,0.02805286729050071
4.159,0.1235840670550201,0.7610293060678319,0.10332057372441515,0.8092510703166562,0.02805286729050071
4.16,0.12434494358242744,0.7607234358481215,0.104129565352649,0.8089916282338488,0.027490449375464167
4.1610000000000005,0.12510551330104724,0.7604156886189546,0.10493829779824213,0.8087324455931243,0.027490449375464167
4.162,0.1258657743342485,0.7601060651396669,0.10574677132037716,0.8084735221350404,0.027490449375464167
4.163,0.12662572480616396,0.7597945661742233,0.10655498617797757,0.8082148576004147,0.027490449375464167
4.164,0.12738536284169094,0.7594811924912166,0.10736294262970789,0.8079564517303235,0.027490449375464167
4.165,0.12814468656649813,0.7591659448638652,0.10817062965170275,0.807687021994866,0.026926335813643024
4.166,0.12890369410703012,0.7588488240700112,0.10897804751339189,0.807417861689144,0.026926335813643024
4.167,0.12966238359051,0.758529830892119,0.10978519648393562,0.8071489705437277,0.026926335813643024
4.168,0.13042075314494855,0.7582089661172721,0.11059207683222508,0.8068803482894569,0.026926335813643024
4.1690000000000005,0.13117880089914308,0.7578862305371726,0.11139868882688252,0.8066119946574403,0.026926335813643024
4.17,0.13193652498268646,0.7575616249481386,0.11220502142077328,0.8063325938907592,0.02636056139881739
4.171,0.13269392352596987,0.7572351501511021,0.11301107489329812,0.8060534725248447,0.02636056139881739
4.172,0.13345099466018726,0.7569068069516072,0.11381684952357841,0.8057746302802962,0.02636056139881739
4.173,0.13420773651734216,0.7565765961598077,0.1146223455904564,0.8054960668779922,0.02636056139881739
4.174,0.1349641472302484,0.7562445185904662,0.1154275633724955,0.8052177820390906,0.02636056139881739
4.175,0.1357202249325369,0.7559105750629515,0.1162324917999731,0.8049284274775963,0.02579316102724108
4.176,0.13647596775866278,0.7555747664012353,0.11703713116224376,0.8046393622706636,0.02579316102724108
4.1770000000000005,0.13723137384390444,0.7552370934338928,0.1178414817483727,0.8043505861289377,0.02579316102724108
4.178,0.1379864413243725,0.7548975569940982,0.11864554384713605,0.8040620987633537,0.02579316102724108
4.179,0.13874116833701428,0.7545561579196235,0.11944931774702118,0.8037738998851351,0.02579316102724108
4.18,0.13949555301961417,0.7542128970528378,0.12025279235640034,0.8034746093791599,0.025224169695496762
4.181,0.14024959351080468,0.7538677752407023,0.12105596797456403,0.8031756181636907,0.025224169695496762
4.182,0.141003287950065,0.7535207933347712,0.12185884490050346,0.8028769259394369,0.025224169695496762
4.183,0.14175663447772818,0.7531719521911882,0.12266142343291087,0.8025785324074074,0.025224169695496762
4.184,0.14250963123498828,0.7528212526706833,0.12346370387017977,0.80228043726891,0.025224169695496762
4.1850000000000005,0.1432622763638993,0.7524686956385735,0.12426567509946138,0.8019712292816078,0.024653622498338124
4.186,0.14401456800738427,0.7521142819647582,0.12506733742996368,0.801662330502293,0.024653622498338124
4.187,0.1447665043092396,0.751758012523717,0.12586869117058544,0.8013537406217575,0.024653622498338124
4.188,0.1455180834141355,0.7513998881945105,0.12666973662991654,0.8010454593311025,0.024653622498338124
4.189,0.14626930346762698,0.751039909860774,0.12747047411623827,0.8007374863217381,0.024653622498338124
4.19,0.14702016261615233,0.7506780784107184,0.12827089249616622,0.8004183799279468,0.024081554626522218
4.191,0.14777065900704042,0.7503143947371276,0.12907099208880676,0.8000995926405493,0.024081554626522218
4.192,0.1485207907885173,0.749948859737354,0.1298707732129472,0.7997811241404392,0.024081554626522218
4.1930000000000005,0.14927055610970733,0.7495814743133191,0.13067023618705603,0.7994629741088293,0.024081554626522218
4.194,0.15001995312063784,0.7492122393715104,0.1314693813292833,0.7991451422272509,0.024081554626522218
4.195,0.15076897997224795,0.7488411558229777,0.1322681974863956,0.7988161571123166,0.02350800136464737
4.196,0.15151763481638664,0.7484682245833335,0.1330666849873781,0.7984875009824972,0.02350800136464737
4.197,0.15226591580582416,0.7480934465727477,0.1338648441608869,0.7981591735088076,0.02350800136464737
4.198,0.15301382109425032,0.7477168227159485,0.13466267533524948,0.7978311743625918,0.02350800136464737
4.199,0.15376134883628362,0.7473383539422176,0.135460178838465,0.7975035032155221,0.02350800136464737
4.2,0.1545084971874736,0.746958041185389,0.1362573434981391,0.7971646596740861,0.02293299808897723
4.2010000000000005,0.15525526430430642,0.7465758853838466,0.1370541696531153,0.7968261549761916,0.02293299808897723
4.202,0.1560016483442072,0.7461918874805222,0.13785065764189827,0.796487988782995,0.02293299808897723
4.203,0.15674764746554923,0.7458060484228919,0.13864680780265426,0.7961501607559915,0.02293299808897723
4.204,0.15749325982765208,0.7454183691629759,0.13944262047321127,0.7958126705570151,0.02293299808897723
4.205,0.15823848359079312,0.7450288506573333,0.14023808446270303,0.7954639894917632,0.022356580265259163
4.206,0.15898331691620549,0.7446374938670631,0.1410332001198106,0.7951156571075766,0.022356580265259163
4.207,0.15972775796608743,0.744244299757799,0.14182796779286638,0.7947676730557742,0.022356580265259163
4.208,0.1604718049036047,0.7438492692997085,0.1426223878298544,0.7944200369880237,0.022356580265259163
4.2090000000000005,0.16121545589289576,0.7434524034674896,0.14341646057841073,0.7940727485563408,0.022356580265259163
4.21,0.16195870909907453,0.74305370324037,0.14421017482988743,0.7937142514767151,0.021778783446536366
4.211,0.1627015626882393,0.742653169602102,0.1450035309427816,0.7933561128941692,0.021778783446536366
4.212,0.16344401482747098,0.7422508035409635,0.1457965292752318,0.7929983324502058,0.021778783446536366
4.213,0.1641860636848444,0.7418466060497516,0.14658917018501846,0.7926409097866863,0.021778783446536366
4.214,0.1649277074294265,0.7414405781257845,0.1473814540295643,0.7922838445458303,0.021778783446536366
4.215,0.1656689442312851,0.7410327207708954,0.148173369583131,0.7919155535667037,0.021199643270961122
4.216,0.1664097722614933,0.7406230349914313,0.14896491721400953,0.7915476308785563,0.021199643270961122
4.2170000000000005,0.16715018969213075,0.7402115217982514,0.14975609729012263,0.7911800761130969,0.021199643270961122
4.218,0.1678901946962902,0.7397981822067244,0.15054691017902502,0.7908128889024031,0.021199643270961122
4.219,0.16862978544808457,0.7393830172367234,0.15133735624790395,0.7904460688789199,0.021199643270961122
4.22,0.1693689601226455,0.7389660279126277,0.1521274242546232,0.7900680067192328,0.02061919545959541
4.221,0.1701077168961342,0.7385472152633163,0.1529171145772449,0.7896903226217055,0.02061919545959541
4.222,0.1708460539457418,0.7381265803221678,0.15370642759345318,0.7893130162082757,0.02061919545959541
4.223,0.17158396944969373,0.737704124127058,0.15449536368055444,0.7889360871012593,0.02061919545959541
4.224,0.17232146158725856,0.7372798477203544,0.1552839232154778,0.78855953492335,0.02061919545959541
4.225,0.17305852853874606,0.7368537521489178,0.15607209494038252,0.7881717249047108,0.020037475814206895
4.226,0.17379516848551846,0.7364258384640957,0.15685987924307862,0.7877843026960902,0.020037475814206895
4.227,0.17453137960998907,0.7359961077217232,0.1576472765109883,0.7873972679096782,0.020037475814206895
4.228,0.17526716009562934,0.7355645609821185,0.15843428713114635,0.7870106201580527,0.020037475814206895
4.229,0.1760025081269753,0.7351311993100798,0.15922091149020054,0.7866243590541787,0.020037475814206895
4.23,0.17673742188962874,0.7346960237748836,0.16000713831529997,0.7862268250994259,0.019454520215067873
4.231,0.17747189957026177,0.7342590354502835,0.1607929680039786,0.7858296886786278,0.019454520215067873
4.232,0.17820593935662543,0.7338202354145033,0.16157840095337286,0.7854329493942506,0.019454520215067873
4.233,0.1789395394375478,0.7333796247502395,0.16236343756022203,0.7850366068491577,0.019454520215067873
4.234,0.17967269800294533,0.7329372045446544,0.16314807822086863,0.7846406606466099,0.019454520215067873
4.235,0.18040541324382084,0.7324929758893765,0.16393231164814698,0.7842334272783379,0.018870364618734394
4.236,0.18113768335227273,0.7320469398804954,0.1647161382492904,0.7838266011434343,0.018870364618734394
4.237,0.18186950652149733,0.7315990976185609,0.16549955843112507,0.7834201818346656,0.018870364618734394
4.238,0.18260088094579413,0.7311494502085789,0.1662825726000703,0.7830141689452056,0.018870364618734394
4.239,0.18333180482056816,0.7306979987600104,0.16706518116213892,0.782608562068635,0.018870364618734394
4.24,0.1840622763423391,0.7302447443867661,0.1678473728165466,0.7821916544076832,0.018285045055839676
4.241,0.18479229370873945,0.7297896882072069,0.16862914798020098,0.7817751636543924,0.018285045055839676
4.242,0.18552185511852554,0.7293328313441378,0.16941050706959285,0.7813590893918547,0.018285045055839676
4.243,0.1862509587715759,0.7288741749248085,0.17019145050079643,0.7809434312035797,0.018285045055839676
4.244,0.18697960286889975,0.7284137200809081,0.17097197868946992,0.7805281886734929,0.018285045055839676
4.245,0.18770778561264143,0.7279514679485624,0.1717520803219073,0.7801016324373967,0.017698597628863832
4.246,0.1884355052060816,0.727487419668333,0.17253175582466485,0.7796755027575366,0.017698597628863832
4.247,0.18916275985364367,0.7270215763852134,0.1733110056238722,0.7792497992073564,0.017698597628863832
4.248,0.18988954776090072,0.7265539392486247,0.1740898301452329,0.7788245213607263,0.017698597628863832
4.249,0.19061586713457424,0.726084509412416,0.17486822981402486,0.7783996687919429,0.017698597628863832
4.25,0.19134171618254497,0.7256132880348577,0.17564619330431822,0.7779634902933492,0.017111058509914668
4.251,0.19206709311385134,0.7251402762786425,0.17642372105229148,0.7775277479732542,0.017111058509914668
4.252,0.19279199613869785,0.72466547531088,0.17720081349368696,0.7770924413954793,0.017111058509914668
4.253,0.19351642346845963,0.7241888863030934,0.17797747106381126,0.776657570124282,0.017111058509914668
4.2540000000000004,0.19424037331568336,0.7237105104312195,0.17875369419753562,0.776223133724356,0.017111058509914668
4.255,0.194963843894094,0.7232303488756036,0.179529471557405,0.7757773598694014,0.016522463938491005
4.256,0.19568683341860144,0.7227484028209954,0.18030480358919332,0.7753320317883019,0.016522463938491005
4.257,0.19640934010529923,0.7222646734565501,0.1810796907382286,0.7748871490352834,0.016522463938491005
4.258,0.19713136217147523,0.7217791619758209,0.18185413344939363,0.774442711165018,0.016522463938491005
4.259,0.19785289783561172,0.7212918695767594,0.18262813216712626,0.7739987177326227,0.016522463938491005
4.26,0.19857394531738995,0.7208027974617117,0.18340167554314554,0.7735433760192753,0.015932850219254082
4.261,0.19929450283769856,0.7203119468374135,0.18417476403279318,0.7730884896476411,0.015932850219254082
4.2620000000000005,0.20001456861863273,0.7198193189149907,0.18494739809095556,0.7726340581623785,0.015932850219254082
4.263,0.2007341408835009,0.7193249149099541,0.18571957817206416,0.7721800811086013,0.015932850219254082
4.264,0.2014532178568312,0.7188287360421957,0.18649130473009604,0.7717265580318777,0.015932850219254082
4.265,0.20217179776437233,0.7183307835359877,0.18726256640664427,0.7712616765482415,0.015342253719785572
4.266,0.20288987883309975,0.7178310586199785,0.18803336366659035,0.7707972599460889,0.015342253719785572
4.267,0.2036074592912203,0.7173295625271894,0.1888036969743509,0.7703333077605385,0.015342253719785572
4.268,0.2043245373681742,0.716826296495013,0.18957356679387807,0.7698698195271737,0.015342253719785572
4.269,0.2050411112946443,0.7163212617652069,0.19034297358866012,0.7694067947820422,0.015342253719785572
4.2700000000000005,0.2057571793025548,0.7158144595838949,0.19111190599086475,0.7689324022046271,0.014750710868345163
4.271,0.20647273962507828,0.7153058912015614,0.19188036447488455,0.7684584840197893,0.014750710868345163
4.272,0.207187790496642,0.7147955578730476,0.1926483495146377,0.7679850397531365,0.014750710868345163
4.273,0.20790233015292817,0.7142834608575507,0.19341586158356844,0.7675120689307502,0.014750710868345163
4.274,0.20861635683088248,0.7137696014186184,0.19418290115464762,0.7670395710791863,0.014750710868345163
4.275,0.20932986876871423,0.7132539808241484,0.19494945685131876,0.7665556966711395,0.01415825815162185
4.276,0.21004286420590287,0.7127366003463838,0.19571552915745627,0.7660723061375009,0.01415825815162185
4.277,0.21075534138320462,0.7122174612619081,0.19648111855645067,0.7655893989943958,0.01415825815162185
4.2780000000000005,0.21146729854265167,0.7116965648516467,0.1972462255312091,0.7651069747584338,0.01415825815162185
4.279,0.21217873392756093,0.711173912400859,0.19801085056415582,0.7646250329467078,0.01415825815162185
4.28,0.21288964578253627,0.7106495051991384,0.19877498227071183,0.7641317065560109,0.013564932112490082
4.281,0.213600032353473,0.7101233445404075,0.19953862114420354,0.7636388734917047,0.013564932112490082
4.282,0.21430989188756405,0.7095954317229145,0.200301767677464,0.7631465332604628,0.013564932112490082
4.283,0.21501922263330076,0.7090657680492326,0.20106442236283345,0.7626546853694521,0.013564932112490082
4.284,0.21572802284047926,0.7085343548262549,0.20182658569215978,0.7621633293263325,0.013564932112490082
4.285,0.21643629076020712,0.7080011933651893,0.20258824627354374,0.7616605813839612,0.012970769347751744
4.2860000000000005,0.2171440246449024,0.7074662849815597,0.20334940460973328,0.7611583361895323,0.012970769347751744
4.287,0.21785122274830213,0.7069296309951995,0.20411006120297356,0.7606565932402978,0.012970769347751744
4.288,0.21855788332546647,0.7063912327302477,0.2048702165550076,0.7601553520340125,0.012970769347751744
4.289,0.2192640046327791,0.7058510915151502,0.2056298711670765,0.7596546120689336,0.012970769347751744
4.29,0.21996958492795748,0.7053092086826505,0.2063890136406635,0.7591424735869822,0.012375806505877007
4.291,0.2206746224700516,0.7047655855697909,0.207147644487907,0.7586308472435127,0.012375806505877007
4.292,0.2213791155194506,0.7042202235179083,0.2079057642204334,0.7581197325263868,0.012375806505877007
4.293,0.2220830623378891,0.7036731238726283,0.20866337334935736,0.7576091289239779,0.012375806505877007
4.2940000000000005,0.2227864611884483,0.7031242879838648,0.20942047238528252,0.7570990359251715,0.012375806505877007
4.295,0.22348931033556027,0.702573717205817,0.21017704992377748,0.7565775384949412,0.01178008028474914
4.296,0.2241916080450162,0.7020214128969622,0.21093310648633962,0.7560565625621413,0.01178008028474914
4.297,0.2248933525839647,0.7014673764200574,0.2116886425939449,0.7555361076052741,0.01178008028474914
4.298,0.22559454222092248,0.7009116091421316,0.21244365876704827,0.7550161731033638,0.01178008028474914
4.299,0.22629517522577305,0.7003541124344858,0.21319815552558422,0.7544967585359554,0.01178008028474914
4.3,0.22699524986977326,0.6997948876726883,0.21395212145991022,0.7539659343260074,0.011183627429397946
4.301,0.22769476442555978,0.6992339362365697,0.21470555710085049,0.7534356409402694,0.011183627429397946
4.3020000000000005,0.22839371716714993,0.698671259510222,0.2154584629786984,0.7529058778479171,0.011183627429397946
4.303,0.22909210636994615,0.698106858881995,0.21621083962321705,0.7523766445186572,0.011183627429397946
4.304,0.22978993031074402,0.6975407357444896,0.2169626875636398,0.7518479404227265,0.011183627429397946
4.305,0.23048718726773085,0.69697289149456,0.21771399538581668,0.7513078221768984,0.01058648472973216
4.306,0.2311838755204959,0.696403327533304,0.218464763629866,0.7507682440493162,0.01058648472973216
4.307,0.23187999335002904,0.6958320452660651,0.21921499283536586,0.7502292054998615,0.01058648472973216
4.308,0.2325755390387291,0.6952590461024251,0.21996468354135482,0.7496907059889563,0.01058648472973216
4.309,0.23327051087040623,0.6946843314562026,0.22071383628633237,0.7491527449775619,0.01058648472973216
4.3100000000000005,0.23396490713028692,0.6941079027454482,0.22146243965234533,0.7486033660129499,0.009988689018274988
4.311,0.23465872610501626,0.6935297613924438,0.22221049418877262,0.7480545364273024,0.009988689018274988
4.312,0.23535196608266643,0.6929499088236943,0.22295800044444386,0.7475062556712405,0.009988689018274988
4.313,0.23604462535273515,0.6923683464699296,0.22370495896763978,0.7469585231959348,0.009988689018274988
4.314,0.23673670220615614,0.6917850757660955,0.22445137030609288,0.7464113384531044,0.009988689018274988
4.315,0.23742819493529732,0.6912000981513557,0.2251972230387509,0.745852732658009,0.009390277167884289
4.316,0.23811910183396914,0.6906134150690841,0.2259425177242196,0.7452946854687087,0.009390277167884289
4.317,0.2388094211974287,0.6900250279668622,0.2266872549205462,0.7447371963265976,0.009390277167884289
4.3180000000000005,0.23949915132238078,0.689434938296477,0.22743143518521983,0.7441802646736287,0.009390277167884289
4.319,0.24018829050698412,0.688843147513917,0.22817505907517213,0.7436238899523128,0.009390277167884289
4.32,0.24087683705085783,0.6882496570793656,0.2289181151669563,0.7430560917841502,0.00879128608948724
4.321,0.24156478925508018,0.687654468457203,0.22966060402837044,0.7424888614141558,0.00879128608948724
4.322,0.24225214542219908,0.6870575831159965,0.23040252622664498,0.7419221982745314,0.00879128608948724
4.323,0.24293890385623035,0.6864590025285024,0.23114388232844302,0.7413561017980467,0.00879128608948724
4.324,0.2436250628626658,0.6858587281716588,0.23188467289986106,0.7407905714180384,0.00879128608948724
4.325,0.24431062074847745,0.685256761526582,0.23262488651576227,0.7402136159012163,0.008191752729795866
4.3260000000000005,0.24499557582211862,0.6846531040785654,0.23336452375310218,0.7396372373399109,0.008191752729795866
4.327,0.24567992639352995,0.6840477573170745,0.23410358518825936,0.7390614351571669,0.008191752729795866
4.328,0.24636367077414603,0.683440722735741,0.23484207139703597,0.7384862087766056,0.008191752729795866
4.329,0.24704680727689396,0.6828320018323636,0.2355799829546584,0.737911557622425,0.008191752729795866
4.33,0.24772933421620352,0.6822215961088997,0.2363173084350046,0.7373254803461832,0.00759171406903264
4.331,0.24841124990800736,0.6816095070714647,0.23705404842415181,0.7367399891472176,0.00759171406903264
4.332,0.24909255266974512,0.6809957362303285,0.23779020350759125,0.736155083439451,0.00759171406903264
4.333,0.24977324082037147,0.6803802850999083,0.23852577427022864,0.7355707626373922,0.00759171406903264
4.3340000000000005,0.2504533126803553,0.6797631551987691,0.23926076129638477,0.7349870261561354,0.00759171406903264
4.335,0.2511327665716862,0.6791443480496185,0.2399951531596571,0.7343918632723523,0.006991207118647813
4.336,0.25181160081788034,0.6785238651793005,0.24072895045520856,0.7337972955514529,0.006991207118647813
4.337,0.2524898137439813,0.6779017081187951,0.24146215377760682,0.7332033223982743,0.006991207118647813
4.338,0.2531674036765661,0.6772778784032133,0.24219476372082507,0.732609943218249,0.006991207118647813
4.339,0.25384436894374934,0.6766523775717923,0.2429267808782425,0.7320171574174037,0.006991207118647813
4.34,0.2545207078751854,0.6760252071678944,0.24365819382388085,0.731412945638367,0.006390268919032993
4.341,0.25519641880207666,0.6753963687389988,0.24438900316195195,0.7308093380711093,0.006390268919032993
4.3420000000000005,0.25587150005717285,0.6747658638367025,0.24511920949606336,0.7302063341114188,0.006390268919032993
4.343,0.25654594997477737,0.6741336940167144,0.24584881342921905,0.7296039331556881,0.006390268919032993
4.344,0.25721976689075315,0.6734998608388496,0.24657781556381997,0.729002134600913,0.006390268919032993
4.345,0.25789294914252364,0.6728643658670288,0.24730620447501703,0.728388911197057,0.005788936537242086
4.346,0.25856549506907844,0.6722272106692728,0.24803398077603364,0.7277763010166047,0.005788936537242086
4.347,0.2592374030109778,0.6715883968176981,0.24876114507947997,0.727164303446333,0.005788936537242086
4.348,0.2599086713103545,0.6709479258885157,0.2494876979973536,0.7265529178736315,0.005788936537242086
4.349,0.2605792983109223,0.6703057994620224,0.2502136401410401,0.7259421436865028,0.005788936537242086
4.3500000000000005,0.2612492823579745,0.6696620191226024,0.2509389600875242,0.7253199464841102,0.0051872470646987315
4.351,0.26191862179839254,0.6690165864587193,0.2516636584590031,0.7246983714789201,0.0051872470646987315
4.352,0.26258731498064786,0.6683695030629142,0.2523877358770519,0.7240774180487352,0.0051872470646987315
4.353,0.2632553602548061,0.6677207705318013,0.25311119296262385,0.7234570855719804,0.0051872470646987315
4.354,0.2639227559725331,0.6670703904660625,0.25383403033605156,0.7228373734277024,0.0051872470646987315
4.355,0.26458950048709556,0.6664183644704468,0.25455623657685816,0.7222062408065729,0.004585237614911319
4.356,0.26525559215336686,0.665764694153764,0.25527781231617624,0.7215757393180646,0.004585237614911319
4.357,0.26592102932783357,0.6651093811288796,0.2559987581845073,0.7209458683310448,0.004585237614911319
4.358,0.2665858103685941,0.6644524270127145,0.2567190748117223,0.720316627215012,0.004585237614911319
4.359,0.26724993363536836,0.6637938334262365,0.2574387628270624,0.7196880153400952,0.004585237614911319
4.36,0.26791339748949833,0.6631336019944601,0.2581578108132936,0.7190479862311787,0.00398294532118133
4.361,0.26857620029395174,0.6624717343464417,0.258876219410445,0.7184085971513712,0.00398294532118133
4.362,0.26923834041333006,0.6618082321152724,0.2595939892579056,0.7177698474606434,0.00398294532118133
4.363,0.26989981621386755,0.6611430969380787,0.2603111209944252,0.7171317365196064,0.00398294532118133
4.364,0.2705606260634378,0.6604763304560164,0.26102761525811474,0.7164942636895104,0.00398294532118133
4.365,0.27122076833155956,0.659807934314264,0.26174346063568726,0.7158453775725072,0.0033804073343157055
4.366,0.27188024138939604,0.6591379101620239,0.2624586577760289,0.7151971403416211,0.0033804073343157055
4.367,0.27253904360976405,0.6584662596525132,0.26317320732737687,0.7145495513479657,0.0033804073343157055
4.368,0.2731971733671346,0.6577929844429625,0.2638871099373202,0.713902609943304,0.0033804073343157055
4.369,0.2738546290376369,0.6571180861946129,0.2646003662528002,0.713256315480047,0.0033804073343157055
4.37,0.2745114089990659,0.6564415665727068,0.2653129648651812,0.7125986123809736,0.002777660820329344
4.371,0.2751675116308815,0.6557634272464902,0.2660249064321662,0.7119415669849992,0.002777660820329344
4.372,0.27582293531421503,0.6550836698892053,0.26673619161080064,0.7112851786344208,0.002777660820329344
4.373,0.2764776784318748,0.6544022961780843,0.26744682105747286,0.710629446672193,0.002777660820329344
4.374,0.2771317393683469,0.6537193077943498,0.26815679542791476,0.7099743704419273,0.002777660820329344
4.375,0.2777851165098009,0.6530347064232077,0.2688661033188454,0.7093078909306485,0.0021747429581564295
4.376,0.27843780824409414,0.6523484937538432,0.2695747453967443,0.708642077898881,0.0021747429581564295
4.377,0.27908981296077345,0.6516606714794192,0.27028272232742445,0.7079769306801452,0.0021747429581564295
4.378,0.2797411290510835,0.6509712412970674,0.27099003477603306,0.7073124486086282,0.0021747429581564295
4.3790000000000004,0.28039175490796553,0.6502802049078891,0.2716966834070522,0.7066486310191827,0.0021747429581564295
4.38,0.28104168892606524,0.6495875640169476,0.27240265682325915,0.7059734162069107,0.001571690937355496
4.381,0.2816909295017351,0.6488933203332657,0.2731079556998686,0.7052988766094509,0.001571690937355496
4.382,0.282339475033038,0.6481974755698207,0.27381258071142023,0.7046250115515885,0.001571690937355496
4.383,0.2829873239197537,0.6475000314435393,0.274516532531779,0.703951820358784,0.001571690937355496
4.384,0.2836344745633784,0.6468009896752965,0.2752198118341362,0.7032793023571723,0.001571690937355496
4.385,0.28428092536713173,0.646100351989909,0.27592240722803013,0.7025953938939313,0.0009685419558121099
4.386,0.284926674735962,0.6453981201161292,0.2766243193973693,0.7019121693391537,0.0009685419558121099
4.3870000000000005,0.28557172107654566,0.6446942957866454,0.27732554902537826,0.7012296280089307,0.0009685419558121099
4.388,0.28621606279729545,0.643988880738074,0.2780260967945983,0.700547769220038,0.0009685419558121099
4.389,0.28685969830836217,0.6432818767109564,0.2787259633868882,0.6998665922899342,0.0009685419558121099
4.39,0.28750262602163884,0.6425732854497552,0.2794251374192502,0.6991740323619933,0.00036533321744757277
4.391,0.2881448443507663,0.6418631087028476,0.28012361958424414,0.6984821649939802,0.00036533321744757277
4.392,0.288786351711134,0.6411513482225251,0.2808214105737375,0.6977909894933352,0.00036533321744757277
4.393,0.2894271465198855,0.6404380057649867,0.2815185110789057,0.6971005051681908,0.00036533321744757277
4.394,0.2900672271959248,0.6397230830903321,0.28221492179023305,0.6964107113273715,0.00036533321744757277
4.3950000000000005,0.2907065921599154,0.6390065819625635,0.2829106313328877,0.6957095426546426,-0.00023789807007770086
4.396,0.29134523983428773,0.6382885041495762,0.28360564040803826,0.6950090751505864,-0.00023789807007770086
4.397,0.29198316864324325,0.6375688514231543,0.2842999497161523,0.6943093081140342,-0.00023789807007770086
4.398,0.2926203770127547,0.6368476255589713,0.2849935599569968,0.6936102408445186,-0.00023789807007770086
4.399,0.293256863370575,0.6361248283365786,0.2856864718296391,0.6929118726422725,-0.00023789807007770086
4.4,0.2938926261462368,0.6354004615394072,0.2863786739681147,0.6922021384756769,-0.0008411146976641561
4.401,0.2945276637710579,0.6346745269547611,0.287070167082158,0.691493114043248,-0.0008411146976641561
4.402,0.2951619746781471,0.6339470263738104,0.28776095188079326,0.6907847986352514,-0.0008411146976641561
4.4030000000000005,0.2957955573024053,0.6332179615915906,0.28845102907233594,0.6900771915426629,-0.0008411146976641561
4.404,0.29642841008052934,0.6324873344069977,0.2891403993643931,0.6893702920571669,-0.0008411146976641561
4.405,0.2970605314510193,0.63175514662278,0.2898290514005691,0.6886520361759685,-0.0014442794570637338
4.406,0.29769191985417714,0.6310214000455399,0.29051698589911973,0.6879344985506513,-0.0014442794570637338
4.407,0.29832257373211607,0.6302860964857222,0.2912042035775827,0.6872176784629593,-0.0014442794570637338
4.408,0.29895249152875975,0.6295492377576164,0.29189070515277804,0.6865015751953552,-0.0014442794570637338
4.409,0.2995816716898478,0.6288108256793488,0.29257649134080904,0.6857861880310185,-0.0014442794570637338
4.41,0.3002101126629419,0.6280708620728768,0.29326155079554916,0.685059454740124,-0.002047355143176822
4.4110000000000005,0.30083781289742634,0.6273293487639867,0.2939458842437317,0.6843334481825203,-0.002047355143176822
4.412,0.3014647708445121,0.6265862875822905,0.29462949241136316,0.6836081676314743,-0.002047355143176822
4.413,0.30209098495724435,0.6258416803612159,0.2953123760237241,0.6828836123609793,-0.002047355143176822
4.414,0.3027164536905004,0.625095528938009,0.2959945358053699,0.6821597816457547,-0.002047355143176822
4.415,0.30334117550099987,0.6243478351537225,0.29667596042114286,0.681424615772982,-0.0026503045563497016
4.416,0.3039651488473027,0.6235986008532177,0.2973566506062089,0.680690185066082,-0.0026503045563497016
4.417,0.304588372189817,0.6228478278851555,0.2980366070949988,0.6799564887898889,-0.0026503045563497016
4.418,0.3052108439908012,0.6220955181019934,0.29871583062120877,0.6792235262099721,-0.0026503045563497016
4.4190000000000005,0.30583256271436826,0.6213416733599806,0.2993943219178014,0.6784912965926351,-0.0026503045563497016
4.42,0.3064535268264881,0.6205862955191555,0.30007206966128736,0.677747743485949,-0.003253090504670552
4.421,0.3070737347949948,0.6198293864433359,0.3007490745952197,0.6770049339323696,-0.003253090504670552
4.422,0.3076931850895855,0.6190709480001215,0.30142533746240807,0.6762628671883438,-0.003253090504670552
4.423,0.3083118761818296,0.6183109820608822,0.3021008590049191,0.6755215425110621,-0.003253090504670552
4.424,0.3089298065451672,0.6175494905007597,0.3027756399640776,0.6747809591584576,-0.003253090504670552
4.425,0.30954697465491665,0.6167864751986584,0.30344966902876075,0.6740290646831739,-0.0038556758062616263
4.426,0.31016337898827795,0.6160219380372416,0.3041229469508631,0.6732779221023655,-0.0038556758062616263
4.4270000000000005,0.31077901802433405,0.6152558809029297,0.3047954744815273,0.6725275306641378,-0.0038556758062616263
4.428,0.3113938902440561,0.6144883056858933,0.30546725237114464,0.6717778896173485,-0.0038556758062616263
4.429,0.31200799413030944,0.6137192142800463,0.3061382813693562,0.6710289982116059,-0.0038556758062616263
4.43,0.3126213281678524,0.6129486085830469,0.30680855017810377,0.6702688087475628,-0.004458023291575398
4.431,0.3132338908433452,0.6121764904962868,0.30747805955757673,0.6695093794729837,-0.004458023291575398
4.432,0.3138456806453503,0.6114028619248907,0.3081468102672044,0.6687507096276792,-0.004458023291575398
4.433,0.31445669606433624,0.6106277247777113,0.3088148030656566,0.66799279845222,-0.004458023291575398
4.434,0.31506693559268456,0.609851080967321,0.30948203871084456,0.6672356451879363,-0.004458023291575398
4.4350000000000005,0.31567639772468914,0.6090729324100118,0.3101485059184712,0.6664672076266346,-0.005060095805688201
4.436,0.31628508095656216,0.608293281025789,0.3108142054569741,0.6656995385028942,-0.005060095805688201
4.437,0.31689298378643954,0.607512128738363,0.31147913809402233,0.6649326370482775,-0.005060095805688201
4.438,0.31750010471438017,0.6067294774751512,0.31214330459651746,0.6641665024951156,-0.005060095805688201
4.439,0.3181064422423745,0.6059453291672665,0.31280670573059394,0.6634011340765067,-0.005060095805688201
4.44,0.318711994874345,0.6051596857495168,0.31346933022641216,0.6626244958182183,-0.005661856210594861
4.441,0.3193167611161496,0.6043725491604007,0.31413117886061037,0.6618486341981882,-0.005661856210594861
4.442,0.31992073947558924,0.6035839213420976,0.3147922524090502,0.6610735484397781,-0.005661856210594861
4.4430000000000005,0.3205239284624066,0.602793804240469,0.3154525516468173,0.6602992377671264,-0.005661856210594861
4.444,0.32112632658829215,0.6020021998050513,0.31611207734822244,0.6595257014051473,-0.005661856210594861
4.445,0.3217279323668894,0.6012091099890484,0.31677081825857845,0.6587409103559922,-0.00626326738749575
4.446,0.32232874431379555,0.600414536749331,0.3174287751626763,0.6579569040978863,-0.00626326738749575
4.447,0.32292876094656686,0.5996184820464296,0.31808594884452235,0.6571736818460385,-0.00626326738749575
4.448,0.3235279807847223,0.5988209478445298,0.3187423400873388,0.6563912428164426,-0.00626326738749575
4.449,0.32412640234974543,0.5980219361114689,0.3193979496735647,0.6556095862258762,-0.00626326738749575
4.45,0.3247240241650919,0.5972214488187274,0.3200527663643596,0.6548166907948685,-0.006864292239090297
4.4510000000000005,0.3253208447561886,0.5964194879414291,0.3207067909526189,0.6540245882592918,-0.006864292239090297
4.452,0.3259168626504394,0.5956160554583334,0.32136002423044513,0.6532332778262506,-0.006864292239090297
4.453,0.32651207637723034,0.5948111533518289,0.32201246698914876,0.6524427587036425,-0.006864292239090297
4.454,0.3271064844679301,0.5940047836079324,0.32266412001924893,0.6516530301001571,-0.006864292239090297
4.455,0.32770008545589685,0.5931969482162797,0.3233149720984452,0.6508520791962196,-0.00746489369186739
4.456,0.32829287787647843,0.5923876491701252,0.32396502402768834,0.650051929243186,-0.00746489369186739
4.457,0.32888486026701774,0.5915768884663348,0.32461427660712844,0.6492525794401055,-0.00746489369186739
4.458,0.3294760311668586,0.5907646681053782,0.32526273063611527,0.648454028986828,-0.00746489369186739
4.4590000000000005,0.33006638911734437,0.5899509900913297,0.3259103869131993,0.6476562770840039,-0.00746489369186739
4.46,0.33065593266182597,0.5891358564318583,0.32655723423331223,0.6468473201129521,-0.008065034698390317
4.461,0.33124466034566324,0.5883192691382255,0.3272032734054111,0.6460391720988713,-0.008065034698390317
4.462,0.33183257071622885,0.5875012302252797,0.3278485052376439,0.6452318322328047,-0.008065034698390317
4.463,0.3324196623229134,0.5866817417114492,0.3284929305373505,0.644425299706604,-0.008065034698390317
4.464,0.333005933717126,0.5858608056187412,0.32913655011106346,0.6436195737129295,-0.008065034698390317
4.465,0.33359138345229966,0.5850384239727351,0.3297793527716379,0.6428026605744249,-0.008664678239585943
4.466,0.33417601008389664,0.5842145988025738,0.33042133933598694,0.6419865643490588,-0.008664678239585943
4.4670000000000005,0.33475981216940787,0.5833893321409654,0.33106251062020686,0.641171284219918,-0.008664678239585943
4.468,0.3353427882683597,0.5825626260241736,0.3317028674395778,0.6403568193709064,-0.008664678239585943
4.469,0.3359249369423177,0.5817344824920119,0.3323424106085645,0.6395431689867438,-0.008664678239585943
4.47,0.3365062567548863,0.5809049035878442,0.33298112895863574,0.6387183500712166,-0.009263787327026252
4.471,0.3370867462717182,0.5800738913585719,0.33361902331461035,0.6378943559746049,-0.009263787327026252
4.472,0.33766640406051246,0.5792414478546362,0.33425609450048244,0.6370711858720898,-0.009263787327026252
4.473,0.33824522869102047,0.5784075751300094,0.33489234333942214,0.6362488389396772,-0.009263787327026252
4.474,0.338823218735051,0.5775722752421885,0.3355277706537763,0.635427314354197,-0.009263787327026252
4.4750000000000005,0.339400372766471,0.5767355502521926,0.33616236529431603,0.6345946405397386,-0.009862325005211937
4.476,0.3399766893612094,0.575897402224559,0.3367961280937151,0.6337627993990946,-0.009862325005211937
4.477,0.3405521670972635,0.5750578332273327,0.3374290598838147,0.6329317900995913,-0.009862325005211937
4.478,0.3411268045546979,0.5742168453320688,0.3380611614956241,0.6321016118093875,-0.009862325005211937
4.479,0.3417006003156532,0.5733744406138193,0.33869243375932157,0.6312722636974739,-0.009862325005211937
4.48,0.34227355296434464,0.572530621151135,0.33932286554566826,0.6304317863466993,-0.010460254353855534
4.481,0.3428456610870679,0.5716853890260576,0.33995245769514154,0.6295921494732755,-0.010460254353855534
4.482,0.343416923272204,0.5708387463241117,0.34058121104737826,0.6287533522367251,-0.010460254353855534
4.483,0.34398733811022003,0.5699906951343047,0.3412091264411757,0.6279153937974112,-0.010460254353855534
4.484,0.3445569041936741,0.5691412375491187,0.3418362047144922,0.6270782733165368,-0.010460254353855534
4.485,0.3451256201172187,0.5682903756645051,0.34246243475876564,0.6262300442734171,-0.011057538490156525
4.486,0.34569348447760295,0.5674381115798827,0.343087817422225,0.6253826634593406,-0.011057538490156525
4.487,0.3462604958736793,0.5665844473981263,0.34371235355225105,0.6245361300260781,-0.011057538490156525
4.488,0.34682665290640247,0.5657293852255689,0.3443360439953773,0.6236904431262489,-0.011057538490156525
4.489,0.3473919541788366,0.564872927171991,0.34495888959729065,0.6228456019133195,-0.011057538490156525
4.49,0.3479563982961571,0.5640150753506177,0.3455808792707906,0.6219896734999846,-0.011654140571077654
4.491,0.34851998386565375,0.5631558318781135,0.34620201387180566,0.621134601015063,-0.011654140571077654
4.492,0.3490827094967362,0.5622951988745748,0.3468222942554083,0.6202803836026264,-0.011654140571077654
4.493,0.3496445738009343,0.561433178463529,0.3474417212758159,0.6194270204076022,-0.011654140571077654
4.494,0.35020557539190295,0.5605697727719269,0.3480602957863917,0.6185745105757731,-0.011654140571077654
4.495,0.35076571288542796,0.5597049839301339,0.34867800672198096,0.6177109355892849,-0.012250023795619212
4.496,0.35132498489942465,0.5588388140719323,0.34929485494615875,0.6168482241777833,-0.012250023795619212
4.497,0.351883390053945,0.5579712653345098,0.34991084132163647,0.6159863754776931,-0.012250023795619212
4.498,0.3524409269711807,0.5571023398584557,0.35052596671026276,0.6151253886263031,-0.012250023795619212
4.499,0.35299759427546357,0.5562320397877587,0.3511402319730245,0.6142652627617644,-0.012250023795619212
4.5,0.3535533905932737,0.5553603672697959,0.3517536260674954,0.6133940944708608,-0.012845151407092248
4.501,0.35410831455323816,0.5544873244553337,0.35236614986484366,0.6125237973482481,-0.012845151407092248
4.502,0.3546623647861368,0.5536129134985194,0.3529778042353664,0.6116543705227581,-0.012845151407092248
4.503,0.35521553992490684,0.5527371365568728,0.35358859004849047,0.6107858131240934,-0.012845151407092248
4.5040000000000004,0.3557678386046428,0.5518599957912885,0.3541985081727733,0.6099181242828274,-0.012845151407092248
4.505,0.35631925946260246,0.5509814933660239,0.35480754758919797,0.609039416424637,-0.013439486695382797
4.506,0.35686980113821065,0.5501016314486947,0.35541570917647225,0.6081615872743047,-0.013439486695382797
4.507,0.3574194622730594,0.549220412210275,0.35602299381242536,0.6072846359531228,-0.013439486695382797
4.508,0.35796824151091555,0.5483378378250835,0.35662940237400864,0.606408561583262,-0.013439486695382797
4.509,0.3585161374977203,0.5474539104707858,0.3572349357372964,0.6055333632877711,-0.013439486695382797
4.51,0.3590631488815943,0.5465686323283858,0.3578395829073609,0.6046471700644989,-0.01403299299921983
4.511,0.3596092743128421,0.5456820055822179,0.35844334477039536,0.60376186303445,-0.01403299299921983
4.5120000000000005,0.3601545124439536,0.5447940324199454,0.3590462222117068,0.6028774413114312,-0.01403299299921983
4.513,0.3606988619296069,0.5439047150325551,0.3596482161157169,0.6019939040101353,-0.01403299299921983
4.514,0.36124232142667495,0.5430140556143477,0.36024932736596305,0.6011112502461408,-0.01403299299921983
4.515,0.3617848895942244,0.5421220563629383,0.3608495449922848,0.6002176263217258,-0.014625633708438047
4.516,0.3623265650935233,0.5412287194792446,0.361448869888306,0.5993248960212353,-0.014625633708438047
4.517,0.3628673465880404,0.5403340471674881,0.362047302946757,0.5984330584510453,-0.014625633708438047
4.518,0.3634072327434513,0.5394380416351832,0.3626448450594755,0.5975421127184255,-0.014625633708438047
4.519,0.3639462222276407,0.5385407050931346,0.363241497117407,0.5966520579315383,-0.014625633708438047
4.5200000000000005,0.36448431371070594,0.5376420397554303,0.3638372481758353,0.595751058428282,-0.015217372266234496
4.521,0.36502150586495874,0.5367420478394395,0.3644320991357598,0.5948509599245291,-0.015217372266234496
4.522,0.3655577973649321,0.5358407315658004,0.3650260508972791,0.5939517615192799,-0.015217372266234496
4.523,0.36609318688737896,0.5349380931584236,0.3656191043595915,0.5930534623124359,-0.015217372266234496
4.524,0.36662767311128003,0.5340341348444776,0.3662112604209963,0.5921560614047988,-0.015217372266234496
4.525,0.3671612547178428,0.5331288588543911,0.3668025081628962,0.5912477418999654,-0.015808172171429314
4.526,0.3676939303905079,0.5322222674218422,0.36739284849361087,0.5903403307146369,-0.015808172171429314
4.527,0.36822569881495115,0.5313143627837551,0.36798228232055136,0.5894338269404936,-0.015808172171429314
4.5280000000000005,0.36875655867908713,0.5304051471802936,0.3685708105502215,0.5885282296701245,-0.015808172171429314
4.529,0.36928650867307095,0.5294946228548586,0.3691584340882185,0.5876235379970258,-0.015808172171429314
4.53,0.36981554748930495,0.5285827920540761,0.36974514204273795,0.5867079545194146,-0.016397996980712058
4.531,0.3703436738224372,0.5276696570278002,0.37033093532936323,0.585793286625281,-0.016397996980712058
4.532,0.37087088636936966,0.5267552200290986,0.37091581486276226,0.5848795333990414,-0.016397996980712058
4.533,0.3713971838292569,0.5258394833142552,0.3714997815566883,0.5839666939260282,-0.016397996980712058
4.534,0.3719225649035122,0.5249224491427595,0.37208283632398076,0.583054767292488,-0.016397996980712058
4.535,0.37244702829581094,0.5240041197773005,0.3726649683002997,0.5821319763189775,-0.01698681031089585
4.5360000000000005,0.3729705727120913,0.5230844974837656,0.37324617840843616,0.5812101081364406,-0.01698681031089585
4.537,0.37349319686055876,0.5221635845312326,0.3738264675702582,0.5802891618220862,-0.01698681031089585
4.538,0.3740148994516914,0.5212413831919603,0.3744058367067123,0.5793691364540462,-0.01698681031089585
4.539,0.3745356791982388,0.5203178957413913,0.3749842867378237,0.5784500311113743,-0.01698681031089585
4.54,0.3750555348152296,0.5193931244581372,0.37556180682738716,0.5775200895634397,-0.017574575841159346
4.541,0.37557446501997166,0.5184670716239794,0.3761383979053442,0.5765910779570531,-0.017574575841159346
4.542,0.3760924685320554,0.5175397395238626,0.37671406090070647,0.5756629953622728,-0.017574575841159346
4.543,0.37660954407335995,0.5166111304458847,0.3772887967415566,0.5747358408500873,-0.017574575841159346
4.5440000000000005,0.37712569036805216,0.5156812466812971,0.377862606355049,0.5738096134924141,-0.017574575841159346
4.545,0.3776409061425917,0.5147500905244968,0.3784354789337816,0.5728725787326159,-0.018161257315289715
4.546,0.3781551901257361,0.5138176642730169,0.37900741541478916,0.5719364810075774,-0.018161257315289715
4.547,0.3786685410485397,0.5128839702275285,0.3795784167341694,0.5710013193802641,-0.018161257315289715
4.548,0.37918095764436077,0.5119490106918273,0.380148483827084,0.570067092914578,-0.018161257315289715
4.549,0.37969243864886243,0.5110127879728331,0.38071761762775935,0.5691338006753577,-0.018161257315289715
4.55,0.38020298280001524,0.5100753043805839,0.3812858073582632,0.568189730503804,-0.01874681854392035
4.551,0.38071258883810344,0.5091365622282252,0.3818530539626656,0.5672466044024217,-0.01874681854392035
4.5520000000000005,0.3812212555057242,0.508196563832011,0.38241935838409274,0.5663044214271409,-0.01874681854392035
4.553,0.38172898154779256,0.5072553115112948,0.38298472156472757,0.5653631806348354,-0.01874681854392035
4.554,0.3822357657115457,0.5063128075885218,0.3835491444458109,0.5644228810833222,-0.01874681854392035
4.555,0.38274160674654395,0.5053690543892271,0.384112616279545,0.5634718337341036,-0.01933122340676242
4.556,0.38324650340467475,0.5044240542420279,0.3846751380169772,0.5625217374322342,-0.01933122340676242
4.557,0.38375045444015615,0.5034778094786178,0.3852367106082039,0.5615725912266667,-0.01933122340676242
4.558,0.38425345860953813,0.5025303224337629,0.38579733500237123,0.5606243941673048,-0.01933122340676242
4.559,0.38475551467170904,0.5015815954452916,0.38635701214767626,0.5596771453050022,-0.01933122340676242
4.5600000000000005,0.3852566213878946,0.5006316308540948,0.3869157313271189,0.5587191794426005,-0.0199144358548355
4.561,0.3857567775216642,0.49968043100411513,0.38747349349866494,0.5577621715460612,-0.0199144358548355
4.562,0.38625598183893217,0.49872799824234376,0.38803029961932234,0.5568061206574184,-0.0199144358548355
4.563,0.38675423310796125,0.4977743349188143,0.388586150645142,0.5558510258196643,-0.0199144358548355
4.564,0.3872515300993668,0.4968194433865947,0.38914104753121875,0.5548968860767479,-0.0199144358548355
4.565,0.3877478715861174,0.49586332600178573,0.38969497959201116,0.5539320607924173,-0.020496419912691365
4.566,0.3882432563435391,0.4949059851235134,0.3902479477923445,0.552968200333371,-0.020496419912691365
4.567,0.38873768314932056,0.4939474231139189,0.3907999530960793,0.5520053037347838,-0.020496419912691365
4.5680000000000005,0.3892311507835118,0.4929876423381602,0.3913509964661121,0.5510433700327952,-0.020496419912691365
4.569,0.38972365802853076,0.49202664516440053,0.3919010788643766,0.5500823982645087,-0.020496419912691365
4.57,0.39021520366916485,0.4910644339638048,0.3924501896374492,0.5491107730726315,-0.021077139680634644
4.571,0.39070578649257376,0.49010101111053406,0.39299832975695514,0.5481401195059461,-0.021077139680634644
4.572,0.391195405288294,0.4891363789817369,0.39354550019354795,0.5471704365928275,-0.021077139680634644
4.573,0.39168405884823926,0.4881705399575481,0.39409170191691056,0.546201723362622,-0.021077139680634644
4.574,0.3921717459667049,0.48720349642108074,0.3946369358957562,0.5452339788456466,-0.021077139680634644
4.575,0.3926584654403726,0.4862352507584163,0.39518119150943626,0.5442556136800623,-0.02165655933693636
4.5760000000000005,0.3931442160683095,0.4852658053586064,0.3957244697363159,0.5432782268796434,-0.02165655933693636
4.577,0.39362899665197437,0.4842951626136611,0.3962667715537819,0.5423018174660251,-0.02165655933693636
4.578,0.39411280599522003,0.48332332491854346,0.39680809793824373,0.5413263844618204,-0.02165655933693636
4.579,0.39459564290429394,0.48235029467116836,0.39734844986513435,0.5403519268906198,-0.02165655933693636
4.58,0.39507750618784515,0.4813760742723891,0.3978878167472353,0.5393668821009283,-0.02223464314004761
4.581,0.39555839465692333,0.48040066612599874,0.3984261995695913,0.5383828223560264,-0.02223464314004761
4.582,0.39603830712498345,0.47942407263872105,0.3989635993162622,0.5373997466708694,-0.02223464314004761
4.583,0.39651724240789,0.4784462962202017,0.39950001697032356,0.5364176540613976,-0.02223464314004761
4.5840000000000005,0.3969951993239178,0.4774673392830068,0.4000354535138681,0.5354365435445353,-0.02223464314004761
4.585,0.39747217669375484,0.47648720424261704,0.40056989839376045,0.5344448798923748,-0.022811355430801993
4.586,0.39794817334050797,0.47550589351741573,0.4011033526016643,0.5334542079038663,-0.022811355430801993
4.587,0.39842318808970173,0.4745234095286921,0.40163581712825164,0.5324645265873464,-0.022811355430801993
4.588,0.3988972197692855,0.4735397547006252,0.4021672929632038,0.531475834952143,-0.022811355430801993
4.589,0.3993702672096327,0.4725549314602869,0.40269778109521237,0.5304881320085748,-0.022811355430801993
4.59,0.39984232924354524,0.4715689422376315,0.40322727100587624,0.5294899106638739,-0.023386660634617255
4.591,0.40031340470625776,0.4705817894654879,0.40375576369341676,0.5284926875405176,-0.023386660634617255
4.5920000000000005,0.4007834924354384,0.46959347557955744,0.40428326015505706,0.5274964616402847,-0.023386660634617255
4.593,0.4012525912711917,0.468604003018408,0.404809761387023,0.5265012319659521,-0.023386660634617255
4.594,0.4017207000560639,0.46761337422346255,0.4053352683845443,0.5255069975212938,-0.023386660634617255
4.595,0.402187817635042,0.4666215916390013,0.4058597706646028,0.5245022800584986,-0.023960523263692333
4.596,0.402653942855561,0.4656286577121471,0.406383269231916,0.5234985673131662,-0.023960523263692333
4.597,0.40311907456750234,0.4646345748928674,0.40690576509019655,0.5224958582805792,-0.023960523263692333
4.598,0.4035832116232001,0.4636393456339621,0.40742725924215356,0.5214941519570248,-0.023960523263692333
4.599,0.4040463528774422,0.4626429723910604,0.40794775268949335,0.5204934473397939,-0.023960523263692333
4.6000000000000005,0.4045084971874739,0.46164545762261383,0.4084672349852274,0.5194822957340702,-0.02453290791919292
4.601,0.40496964341299924,0.4606468037898924,0.40898570714050736,0.5184721552799523,-0.02453290791919292
4.602,0.4054297904161869,0.45964701335697317,0.40950317016547366,0.5174630249662885,-0.02453290791919292
4.603,0.4058889370616687,0.45864608879074165,0.4100196250692566,0.5164549037829383,-0.02453290791919292
4.604,0.40634708221654703,0.4576440325608777,0.41053507285997737,0.5154477907207715,-0.02453290791919292
4.605,0.4068042247503935,0.4566408471398569,0.4110495031273215,0.5144302673441818,-0.02510377929344208
4.606,0.40726036353525447,0.45563653500293977,0.41156291688881247,0.5134137614909688,-0.02510377929344208
4.607,0.4077154974456534,0.4546310986281648,0.4120753151609561,0.512398272143609,-0.02510377929344208
4.6080000000000005,0.4081696253585922,0.45362454049634754,0.41258669895924166,0.5113837982855965,-0.02510377929344208
4.609,0.4086227461535548,0.4526168630910713,0.4130970692981431,0.5103703389014421,-0.02510377929344208
4.61,0.40907485871251187,0.4516080688986775,0.41360641580466223,0.5093465065190989,-0.02567310217209186
4.611,0.40952596191991947,0.45059816040826783,0.4141147395026314,0.5083236979691379,-0.02567310217209186
4.612,0.409976054662726,0.4495871401116895,0.41462204141485914,0.5073019122277269,-0.02567310217209186
4.613,0.41042513583037243,0.4485750105035345,0.4151283225631312,0.5062811482720574,-0.02567310217209186
4.614,0.4108732043147949,0.44756177408113373,0.41563358396821154,0.5052614050803435,-0.02567310217209186
4.615,0.4113202590104299,0.446547433344545,0.41613781529505806,0.504231326846537,-0.026240841436302814
4.616,0.41176629881421345,0.4455319907965557,0.416641017573749,0.5032022786909645,-0.026240841436302814
4.617,0.41221132262558763,0.444515448942667,0.41714319183333254,0.5021742595835474,-0.026240841436302814
4.618,0.41265532934649996,0.44349781029109586,0.4176443391018278,0.5011472684952378,-0.026240841436302814
4.619,0.4130983178814075,0.442479077352766,0.4181444604062258,0.5001213043980165,-0.026240841436302814
4.62,0.4135402871372808,0.44145925264129765,0.41864354545007815,0.4990850438523204,-0.0268069620649057
4.621,0.41398123602360465,0.44043833867300697,0.41914159526964534,0.4980498195671699,-0.0268069620649057
4.622,0.4144211634523808,0.43941633796689955,0.41963861090015164,0.49701563050630465,-0.0268069620649057
4.623,0.414860068338133,0.438393253044658,0.4201345933757861,0.4959824756345002,-0.0268069620649057
4.624,0.41529794959790606,0.4373690864306452,0.4206295437297037,0.4949503539175676,-0.0268069620649057
4.625,0.4157348061512726,0.436343840651888,0.4211234517046846,0.4939079749809187,-0.027371429136565994
4.626,0.4161706369203317,0.4353175182380803,0.4216163183431078,0.4928666384232065,-0.027371429136565994
4.627,0.41660544082971446,0.4342901217215699,0.42210814468630986,0.491826343202052,-0.027371429136565994
4.628,0.4170392168065855,0.4332616536373557,0.42259893177458596,0.4907870882761186,-0.027371429136565994
4.6290000000000004,0.417471963780646,0.43223211652307986,0.4230886806471911,0.4897488726051112,-0.027371429136565994
4.63,0.41790368068413497,0.4312015129190246,0.42357738108676696,0.4887004395758673,-0.027934207831938184
4.631,0.41833436645183497,0.43016984536809943,0.4240650341417466,0.48765305497965267,-0.027934207831938184
4.632,0.41876402002107066,0.42913711641584396,0.42455164085951463,0.48660671776803427,-0.027934207831938184
4.633,0.4191926403317155,0.42810332861041184,0.4250372022864083,0.48556142689362747,-0.027934207831938184
4.634,0.41962022632619084,0.42706848450257345,0.4255217194677184,0.4845171813100951,-0.027934207831938184
4.635,0.4200467769494707,0.4260325866457038,0.42600518222657846,0.48346275886006873,-0.02849526343581279
4.636,0.42047229114908447,0.42499563759577597,0.42648759161741095,0.4824093908324924,-0.02849526343581279
4.6370000000000005,0.4208967678751178,0.42395763991136004,0.42696894869358387,0.48135707617294365,-0.02849526343581279
4.638,0.42132020608021603,0.42291859615361316,0.42744925450741195,0.48030581382805443,-0.02849526343581279
4.639,0.4217426047195884,0.42187850888627015,0.4279285101101575,0.4792556027455101,-0.02849526343581279
4.64,0.42216396275100737,0.4208373806756454,0.42840670536607345,0.4781952559159794,-0.02905456133925962
4.641,0.42258427913481483,0.4197952140906169,0.4288838413355067,0.47713596943327824,-0.02905456133925962
4.642,0.4230035528339211,0.41875201170262877,0.4293599190777438,0.4760777422370598,-0.02905456133925962
4.643,0.4234217828138101,0.41770777608567927,0.4298349396510118,0.47502057326803754,-0.02905456133925962
4.644,0.42383896804254156,0.4166625098163142,0.4303089041124798,0.4739644614679843,-0.02905456133925962
4.6450000000000005,0.424255107490752,0.4156162154736253,0.43078180236814545,0.47289825566568106,-0.029612067041763262
4.646,0.4246702001316582,0.4145688956392412,0.43125363548421464,0.4718331160691801,-0.029612067041763262
4.647,0.42508424494106123,0.413520552897317,0.4317244045258269,0.4707690416122757,-0.029612067041763262
4.648,0.4254972408973458,0.4124711898345365,0.4321941105570567,0.4697060312298281,-0.029612067041763262
4.649,0.4259091869814861,0.4114208090400971,0.43266275464091447,0.468644083857763,-0.029612067041763262
4.65,0.42632008217704614,0.41036941310570885,0.4331303267257653,0.4675720848508382,-0.030167746153352902
4.651,0.4267299254701822,0.4093170046255887,0.4335968278836082,0.4665011578429203,-0.030167746153352902
4.652,0.4271387158496476,0.4082635861964474,0.4340622591853702,0.4654313017620103,-0.030167746153352902
4.6530000000000005,0.4275464523067922,0.4072091604174914,0.4345266217009074,0.4643625155371812,-0.030167746153352902
4.654,0.42795313383556643,0.4061537298904127,0.434989916499006,0.463294798098577,-0.030167746153352902
4.655,0.4283587594325247,0.40509729721937954,0.43545213357101853,0.462217072012544,-0.030721564396721763
4.656,0.42876332809682605,0.40403986501103506,0.4359132739946711,0.461140423652597,-0.030721564396721763
4.657,0.4291668388302373,0.4029814358744879,0.4363733388466121,0.46006485194101,-0.030721564396721763
4.658,0.4295692906371363,0.4019220124213065,0.43683232920241327,0.45899035580113456,-0.030721564396721763
4.659,0.4299706825245123,0.40086159726551446,0.4372902461365707,0.457916934157399,-0.030721564396721763
4.66,0.4303710135019718,0.39980019302357844,0.43774707968404175,0.4568335474710547,-0.0312734876093439
4.6610000000000005,0.43077028258173744,0.39873780231440914,0.43820283092821316,0.4557512441713968,-0.0312734876093439
4.662,0.43116848877865194,0.39767442775935113,0.4386575009513882,0.4546700231750385,-0.0312734876093439
4.663,0.4315656311101818,0.39661007198217374,0.4391110908347879,0.4535898833996766,-0.0312734876093439
4.664,0.4319617085964176,0.39554473760906955,0.43956360165855196,0.45251082376409,-0.0312734876093439
4.665,0.43235672026007743,0.39447842726864524,0.4400150235018574,0.4514218433054143,-0.03182348174558249
4.666,0.43275066512650956,0.39341114359191504,0.4404653574536846,0.4503339518271972,-0.03182348174558249
4.667,0.43314354222369356,0.392342889212297,0.44091460460192505,0.44924714824045836,-0.03182348174558249
4.668,0.43353535058224507,0.39127366676560027,0.44136276603338237,0.44816143145730625,-0.03182348174558249
4.6690000000000005,0.43392608923541526,0.3902034788900268,0.4418098428337733,0.4470768003909373,-0.03182348174558249
4.67,0.4343157572190956,0.3891323282261582,0.44225582512710626,0.44598229333297057,-0.03237151287878909
4.671,0.4347043535718191,0.3880602174169521,0.4427007140078883,0.4448888807820618,-0.03237151287878909
4.672,0.43509187733476257,0.38698714910773613,0.443144510569532,0.44379656164370396,-0.03237151287878909
4.673,0.43547832755175037,0.3859131259461978,0.4435872159043565,0.4427053348244845,-0.03237151287878909
4.674,0.43586370326925455,0.3848381505823837,0.4440288311035886,0.4416151992320842,-0.03237151287878909
4.675,0.4362480035363984,0.38376222566868984,0.4444693463366774,0.44051523308878415,-0.03291754720339865
4.676,0.43663122740496013,0.3826853538598516,0.44490876270358903,0.4394163669116274,-0.03291754720339865
4.6770000000000005,0.43701337392937223,0.38160753781294493,0.4453470813031897,0.4383185996006478,-0.03291754720339865
4.678,0.4373944421667262,0.38052878018737385,0.44578430323324664,0.4372219300569792,-0.03291754720339865
4.679,0.4377744311767746,0.3794490836448636,0.4462204295904295,0.43612635718285425,-0.03291754720339865
4.68,0.43815334002193157,0.3783684508494607,0.4466554505902344,0.43502099980493114,-0.033461551037013954
4.681,0.43853116776727796,0.37728688446751657,0.4470893673380188,0.43391674778438594,-0.033461551037013954
4.682,0.43890791348056096,0.37620438716769,0.44752218093803464,0.4328136000158613,-0.033461551037013954
4.683,0.4392835762321976,0.37512096162093667,0.44795389249342976,0.43171155539510514,-0.033461551037013954
4.684,0.4396581550952782,0.374036610500499,0.4483845031062487,0.43061061281896973,-0.033461551037013954
4.6850000000000005,0.44003164914556603,0.3729513364819074,0.44881400303863844,0.4294999323897011,-0.03400349082248408
4.686,0.44040405746150163,0.3718651422429677,0.4492423934012793,0.4283903626408617,-0.03400349082248408
4.687,0.44077537912420517,0.3707780304637543,0.4496696753037411,0.42728190246177117,-0.03400349082248408
4.688,0.4411456132174764,0.3696900038266099,0.4500958498544839,0.4261745507428597,-0.03400349082248408
4.689,0.4415147588278005,0.3686010650161296,0.4505209181608596,0.42506830637566717,-0.03400349082248408
4.69,0.4418828150443469,0.367511216719163,0.4509448705322663,0.42395237140669195,-0.03454333312997665
4.691,0.442249780958973,0.3664204616248035,0.451367708084639,0.4228375523726857,-0.03454333312997665
4.692,0.4426156556662275,0.36532880242437915,0.4517894319327967,0.4217238481577135,-0.03454333312997665
4.6930000000000005,0.44298043826335104,0.3642362418114504,0.45221004319044367,0.4206112576469563,-0.03454333312997665
4.694,0.4433441278502781,0.363142782481804,0.4526295429701704,0.4194997797267098,-0.03454333312997665
4.695,0.4437067235296417,0.36204842713343943,0.4530479216292242,0.41837865905380234,-0.03508104465903851
4.696,0.44406822440677207,0.3609531784665724,0.45346518028872573,0.41725865950156776,-0.03508104465903851
4.697,0.4444286295897027,0.3598570391836175,0.4538813200686746,0.4161397799488854,-0.03508104465903851
4.698,0.44478793818916895,0.3587600119891914,0.45429634208795033,0.41502201927575577,-0.03508104465903851
4.699,0.4451461493186128,0.357662099590099,0.45471024746431365,0.41390537636329927,-0.03508104465903851
4.7,0.4455032620941839,0.35656330469532993,0.45512302660345577,0.41277913914212294,-0.03561659224065032
4.7010000000000005,0.4458592756347421,0.3554636300160509,0.45553468063161395,0.4116540281581678,-0.03561659224065032
4.702,0.44621418906185883,0.35436307826560165,0.45594521067389915,0.41053004228519663,-0.03561659224065032
4.703,0.44656800149982134,0.3532616521594817,0.45635461785429726,0.4094071803980984,-0.03561659224065032
4.704,0.4469207120756317,0.35215935441535295,0.45676290329567015,0.4082854413728873,-0.03561659224065032
4.705,0.44727231991901256,0.3510561877530231,0.45717005745274486,0.4071541570747289,-0.03614994283927444
4.706,0.44762282416240584,0.34995215489444814,0.4575760814568057,0.4060240040608687,-0.03614994283927444
4.707,0.44797222394097735,0.34884725856371857,0.4579809764380057,0.4048949812000223,-0.03614994283927444
4.708,0.4483205183926179,0.34774150148705646,0.4583847435253678,0.4037670873620368,-0.03614994283927444
4.7090000000000005,0.44866770665794575,0.34663488639280676,0.4587873838467857,0.4026403214178893,-0.03614994283927444
4.71,0.4490137878803077,0.34552741601143405,0.45918888790661105,0.40150405982537357,-0.03668106355489253
4.711,0.44935876120578366,0.344419093075509,0.4595892568411055,0.4003689344944503,-0.03668106355489253
4.712,0.4497026257831854,0.3433099203197107,0.45998849178539436,0.39923494428885803,-0.03668106355489253
4.713,0.450045380764062,0.34219990048081017,0.4603865938734678,0.3981020880734713,-0.03668106355489253
4.714,0.4503870253026991,0.3410890362976729,0.4607835642381821,0.3969703647143,-0.03668106355489253
4.715,0.4507275585561227,0.33997733051124596,0.4611793934340992,0.395829195917085,-0.037209921625035086
4.716,0.4510669796841014,0.33886478586455077,0.46157408260238786,0.3946891682886672,-0.037209921625035086
4.7170000000000005,0.451405287849147,0.3377514051026821,0.46196763288307574,0.3935502806878778,-0.037209921625035086
4.718,0.45174248221651736,0.33663719097279743,0.46236004541505044,0.3924125319746892,-0.037209921625035086
4.719,0.4520785619542196,0.33552214622410687,0.4627513213360607,0.39127592101021386,-0.037209921625035086
4.72,0.4524135262330097,0.334406273607875,0.46314145125146133,0.39012991540066755,-0.03773648442680365
4.721,0.45274737422639705,0.33328957587740476,0.46353043630725804,0.3889850557967308,-0.03773648442680365
4.722,0.45308010511064495,0.3321720557880368,0.46391827764831045,0.38784134105239804,-0.03773648442680365
4.723,0.45341171806477254,0.3310537160971427,0.46430497641833324,0.38669877002280956,-0.03773648442680365
4.724,0.4537422122705585,0.3299345595641119,0.4646905337598975,0.3855573415642507,-0.03773648442680365
4.7250000000000005,0.45407158691254085,0.3288145889503532,0.4650749403297306,0.3844065698331088,-0.03826071947888254
4.726,0.45439984117802,0.327693807019284,0.4654581972786043,0.38325694887369804,-0.03826071947888254
4.727,0.45472697425706204,0.32657221653631985,0.46584030575613955,0.3821084775352467,-0.03826071947888254
4.728,0.4550529853424978,0.3254498202688762,0.4662212669108077,0.3809611546681338,-0.03826071947888254
4.729,0.4553778736299278,0.32432662098635245,0.46660108188993155,0.379814979123888,-0.03826071947888254
4.73,0.4557016383177227,0.3232026214601311,0.46697974140218745,0.3786595122558932,-0.03878259444354475
4.731,0.4560242786070246,0.32207782446357125,0.46735724660304223,0.37750520085476647,-0.03878259444354475
4.732,0.45634579370175143,0.320952232771995,0.46773359864680725,0.3763520437650408,-0.03878259444354475
4.7330000000000005,0.45666618280859633,0.3198258491626894,0.4681087986866396,0.37520003983240485,-0.03878259444354475
4.734,0.4569854451370306,0.31869867641489513,0.4684828478745433,0.37404918790370156,-0.03878259444354475
4.735,0.45730357989930676,0.31757071730979713,0.4688557369717165,0.372889097173225,-0.03930207712864443
4.736,0.4576205863104587,0.3164419746305229,0.46922746713825,0.3717301665334789,-0.03930207712864443
4.737,0.4579364635883047,0.31531245116213286,0.46959803953307433,0.37057239482437254,-0.03930207712864443
4.738,0.45825121095344906,0.31418214969161323,0.4699674553139613,0.3694157808869753,-0.03930207712864443
4.739,0.45856482762928347,0.31305107300787244,0.4703357156375248,0.36826032356351546,-0.03930207712864443
4.74,0.4588773128419906,0.31191922390172716,0.47070281131805497,0.36709568053015984,-0.039819135489604834
4.741,0.45918866582054363,0.3107866051659052,0.4710687435201948,0.36593220213983757,-0.039819135489604834
4.742,0.45949888579671067,0.3096532195950281,0.4714335134074227,0.36476988722790565,-0.039819135489604834
4.743,0.4598079720050543,0.308519069985614,0.47179712214205355,0.36360873463088567,-0.039819135489604834
4.744,0.46011592368293497,0.3073841591360643,0.47215957088524,0.3624487431864627,-0.039819135489604834
4.745,0.4604227400705131,0.3062484898466569,0.47252085050493065,0.3612796196906483,-0.04033373763139558
4.746,0.46072842041074935,0.305112064919544,0.472880962170249,0.3601116653183298,-0.04033373763139558
4.747,0.46103296394940757,0.3039748871587425,0.47323990704914937,0.3589448789003835,-0.04033373763139558
4.748,0.4613363699350575,0.30283695937012284,0.4735976863084182,0.35777925926885523,-0.04033373763139558
4.749,0.46163863761907437,0.30169828436141144,0.47395430111367515,0.3566148052569585,-0.04033373763139558
4.75,0.46193976625564326,0.30055886494217365,0.4743097423870906,0.35544127341549153,-0.040845851810499226
4.751,0.46223975510175913,0.29941870392381364,0.4746640113021965,0.35426891510586606,-0.040845851810499226
4.752,0.46253860341722886,0.29827780411956734,0.475017109031351,0.3530977291545502,-0.040845851810499226
4.753,0.4628363104646746,0.29713616834448897,0.4753690367457402,0.35192771438918563,-0.040845851810499226
4.7540000000000004,0.46313287550953347,0.29599379941545273,0.4757197956153788,0.35075886963858643,-0.040845851810499226
4.755,0.46342829782006034,0.2948507001511415,0.47606937661721904,0.34958100184021046,-0.041355446436870405
4.756,0.46372257666733074,0.2937068733720366,0.4764177809291287,0.34840431190963284,-0.041355446436870405
4.757,0.46401571132524017,0.29256232190041953,0.4767650097277977,0.3472287986689858,-0.041355446436870405
4.758,0.46430770107050856,0.2914170485603553,0.4771110641887393,0.34605446094157943,-0.041355446436870405
4.759,0.4645985451826801,0.290271056177692,0.47745594548629117,0.34488129755190045,-0.041355446436870405
4.76,0.46488824294412556,0.2891243475800539,0.477799644652744,0.34369916645283083,-0.041862490075885175
4.761,0.465176793640045,0.28797692559682775,0.47814216287022887,0.3425182174848603,-0.041862490075885175
4.7620000000000005,0.465464196558468,0.2868287930591647,0.47848350131969475,0.34133844946585773,-0.041862490075885175
4.763,0.4657504509902561,0.2856799527999689,0.47882366118090963,0.3401598612148742,-0.041862490075885175
4.764,0.4660355562291054,0.2845304076538875,0.47916264363246175,0.33898245155214163,-0.041862490075885175
4.765,0.466319511571547,0.28338016045730957,0.4795004397625333,0.3377961300715839,-0.04236695145027912
4.766,0.4666023163169492,0.28222921404835566,0.4798370507574458,0.33661099491250673,-0.04236695145027912
4.767,0.4668839697675196,0.28107757126687105,0.4801724778023344,0.33542704488858865,-0.04236695145027912
4.768,0.4671644712283059,0.27992523495442173,0.4805067220811491,0.3342442788146945,-0.04236695145027912
4.769,0.4674438200071992,0.2787722079542804,0.48083978477665595,0.33306269550687423,-0.04236695145027912
4.7700000000000005,0.4677220154149338,0.27761849311142783,0.4811716570334785,0.3318722568225258,-0.04286879944207822
4.771,0.46799905676508996,0.2764640932725421,0.48150234004205533,0.3306830085768617,-0.04286879944207822
4.772,0.46827494337409614,0.27530901128598806,0.4818318349916348,0.3294949495794433,-0.04286879944207822
4.773,0.4685496745612292,0.274153250001817,0.4821601430702758,0.3283080786410223,-0.04286879944207822
4.774,0.46882324964861777,0.27299681227175293,0.4824872654648494,0.3271223945735397,-0.04286879944207822
4.775,0.46909566796124214,0.27183970094919246,0.48281319337696643,0.3259279121170758,-0.04336800309451866
4.776,0.4693669288269369,0.270681918889194,0.4831379280011095,0.3247346241430683,-0.04336800309451866
4.777,0.4696370315763936,0.26952346894846707,0.48346147053056654,0.3235425294570349,-0.04336800309451866
4.7780000000000005,0.4699059755431598,0.26836435398537367,0.4837838221574322,0.32235162686568747,-0.04336800309451866
4.779,0.4701737600636435,0.2672045768599141,0.48410498407260916,0.32116191517693143,-0.04336800309451866
4.78,0.4704403844771127,0.26604414043372326,0.4844249475352386,0.3199634626294754,-0.04386453161395531
4.781,0.4707058481256982,0.26488304757006315,0.4847437137437732,0.31876620853456683,-0.04386453161395531
4.782,0.47097015035439527,0.2637213011338131,0.48506128389546693,0.31757015169375313,-0.04386453161395531
4.783,0.47123329051106405,0.26255890399146825,0.4853776591863767,0.3163752909097803,-0.04386453161395531
4.784,0.47149526794643215,0.26139585901112933,0.4856928408113633,0.3151816249865914,-0.04386453161395531
4.785,0.47175608201409686,0.26023216906249164,0.4860068200876375,0.31397927627416955,-0.04435835437176287
4.7860000000000005,0.4720157320705249,0.2590678370168463,0.486319598217548,0.3127781299104601,-0.04435835437176287
4.787,0.4722742174750556,0.25790286574706695,0.48663117640224113,0.3115781846931144,-0.04435835437176287
4.788,0.4725315375899024,0.2567372581276024,0.4869415558416621,0.310379439420986,-0.04435835437176287
4.789,0.4727876917801529,0.2555710170344763,0.48725073773455624,0.3091818928941298,-0.04435835437176287
4.79,0.47304267941377265,0.2544041453452699,0.48755871345673935,0.30797572218311114,-0.04484944090622514
4.791,0.4732964998616047,0.2532366459391244,0.48786548421438214,0.30677075764280354,-0.04484944090622514
4.792,0.47354915249737206,0.2520685216967299,0.4881710512124492,0.30556699806703624,-0.04484944090622514
4.793,0.47380063669767997,0.25089977550031484,0.48847541565470004,0.3043644422508447,-0.04484944090622514
4.7940000000000005,0.47405095184201607,0.24973041023364426,0.4887785787436905,0.30316308899046934,-0.04484944090622514
4.795,0.4743000973127522,0.24856042878201273,0.4890805319143735,0.3019531706829906,-0.045337760924413634
4.796,0.4745480724951473,0.24738983403223058,0.48938127637666734,0.30074446229381935,-0.045337760924413634
4.797,0.47479487677734666,0.2462186288726265,0.4896808133392804,0.29953696261303725,-0.045337760924413634
4.798,0.47504050955038585,0.24504681619303023,0.4899791440097123,0.29833067043193595,-0.045337760924413634
4.799,0.4752849702081901,0.2438743988847744,0.49027626959425535,0.29712558454301574,-0.045337760924413634
4.8,0.47552825814757677,0.24270137984068355,0.49057218158752774,0.2959119932723916,-0.045823284304056834
4.801,0.4757703727682574,0.24152776195506345,0.4908668812031208,0.2946996155930381,-0.045823284304056834
4.8020000000000005,0.47601131347283837,0.2403535481236996,0.49116036965341214,0.2934884502913639,-0.045823284304056834
4.803,0.47625107966682195,0.23917874124385,0.49145264814956713,0.2922784961549914,-0.045823284304056834
4.804,0.47648967075860943,0.23800334421423106,0.49174371790153987,0.29106975197275525,-0.045823284304056834
4.805,0.4767270861595005,0.23682735993502083,0.49203357046413876,0.28985256259887454,-0.04630598109539908
4.806,0.4769633252836968,0.23565079130784095,0.49232220705455315,0.2886365904143677,-0.04630598109539908
4.807,0.4771983875483013,0.2344736412357595,0.4926096288887552,0.2874218342020453,-0.04630598109539908
4.808,0.4774322723733215,0.23329591262327667,0.49289583718150115,0.2862082927459353,-0.04630598109539908
4.809,0.47766497918166967,0.23211760837632067,0.49318083314633243,0.28499596483128137,-0.04630598109539908
4.8100000000000005,0.4778965073991651,0.23093873140223953,0.49346460839876843,0.28377525243598917,-0.04678582152304718
4.811,0.4781268564545346,0.2297592846097969,0.4937471641595215,0.28255576075309224,-0.04678582152304718
4.812,0.4783560257794153,0.22857927090915783,0.49402850164808343,0.28133748856187824,-0.04678582152304718
4.813,0.47858401480835405,0.22739869321189154,0.4943086220827263,0.2801204346428554,-0.04678582152304718
4.814,0.4788108229788111,0.22621755443095348,0.49458752668050404,0.2789045977777516,-0.04678582152304718
4.815,0.4790364497311596,0.22503585748068813,0.4948652071181643,0.2776804376602177,-0.04726277598780791
4.816,0.4792608945086878,0.22385360527681525,0.4951416646198671,0.27645750170280137,-0.04726277598780791
4.817,0.479484156757601,0.22267080073642265,0.4954169004085484,0.2752357886813424,-0.04726277598780791
4.8180000000000005,0.4797062359270215,0.22148744677796428,0.49569091570592133,0.2740152973729049,-0.04726277598780791
4.819,0.4799271314689908,0.22030354632124974,0.4959637117324771,0.27279602655577584,-0.04726277598780791
4.82,0.4801468428384716,0.21911910228743306,0.49623528022670493,0.2715684942278498,-0.04773681506851388
4.821,0.4803653694933474,0.21793411759901482,0.49650562241613716,0.27034218943225163,-0.04773681506851388
4.822,0.480582710894426,0.21674859517982425,0.4967747395270786,0.2691171109414491,-0.04773681506851388
4.823,0.4807988665054386,0.21556253795502206,0.49704263278460775,0.26789325752913734,-0.04773681506851388
4.824,0.4810138357930428,0.2143759488510866,0.497309303412578,0.26667062797023794,-0.04773681506851388
4.825,0.48122761822682364,0.2131888307958065,0.4975747432117298,0.26543979915179094,-0.04820790952383817
4.8260000000000005,0.48144021327929387,0.2120011867182789,0.49783895341289197,0.2642102011621624,-0.04820790952383817
4.827,0.4816516204258962,0.2108130195488988,0.4981019352456625,0.26298183277052345,-0.04820790952383817
4.828,0.4818618391450049,0.20962433221934793,0.49836368993840974,0.26175469274727614,-0.04820790952383817
4.829,0.4820708689179258,0.20843512766259678,0.4986242187182738,0.2605287798640521,-0.04820790952383817
4.83,0.482278709228899,0.2072454088128874,0.4988835134487521,0.2592947304783061,-0.048676030294099004
4.831,0.48248535956509914,0.20605517860573275,0.49914157536389403,0.2580619151419458,-0.048676030294099004
4.832,0.48269081941663683,0.20486443997790957,0.49939840569651495,0.2568303326209219,-0.048676030294099004
4.833,0.48289508827656075,0.2036731958674444,0.49965400567819734,0.25559998168241904,-0.048676030294099004
4.8340000000000005,0.48309816564085745,0.20248144921361494,0.4999083765392922,0.25437086109485463,-0.048676030294099004
4.835,0.48330005100845363,0.20128920295693897,0.5001615102065559,0.25313366726369874,-0.049141148503051846
4.836,0.4835007438812175,0.20009646003916368,0.5004134079171823,0.251897710626374,-0.049141148503051846
4.837,0.4837002437639592,0.19890322340326416,0.500664070907128,0.2506629899456866,-0.049141148503051846
4.838,0.4838985501644327,0.19770949599343332,0.5009135004111136,0.24942950398567987,-0.049141148503051846
4.839,0.48409566259333664,0.19651528075507416,0.5011616976626252,0.24819725151163316,-0.049141148503051846
4.84,0.4842915805643155,0.19532058063479607,0.5014086546521761,0.24695698955092812,-0.04960323545967055
4.841,0.4844863035939615,0.1941253985804002,0.5016543726200283,0.24571796785218378,-0.04960323545967055
4.8420000000000005,0.48467983120181474,0.19292973754088075,0.5018988528052034,0.24448018517513817,-0.04960323545967055
4.843,0.4848721629103649,0.19173360046641386,0.5021420964454841,0.2432436402807696,-0.04960323545967055
4.844,0.4850632982450529,0.19053699030834678,0.5023841047774155,0.24200833193129542,-0.04960323545967055
4.845,0.4852532367342712,0.18933991001919687,0.5026248698557616,0.24076507834616576,-0.050062262659918144
4.846,0.48544197790936544,0.18814236255264072,0.5028643929237763,0.23952306801462123,-0.050062262659918144
4.847,0.4856295213046357,0.18694435086350694,0.5031026752234696,0.23828229969340825,-0.050062262659918144
4.848,0.4858158664573369,0.18574587790777236,0.5033397179956102,0.23704277214051647,-0.050062262659918144
4.849,0.4860010129076814,0.18454694664254717,0.5035755224797254,0.2358044841151776,-0.050062262659918144
4.8500000000000005,0.48618496019883833,0.18334756002607705,0.5038100807953206,0.23455831559529233,-0.05051820178850423
4.851,0.4863677078769362,0.18214772101772864,0.5040433941885646,0.23331339324392694,-0.05051820178850423
4.852,0.48654925549106326,0.18094743257798535,0.5042754639043795,0.23206971581491292,-0.05051820178850423
4.853,0.48672960259326875,0.17974669766844034,0.5045062911864429,0.23082728206332792,-0.05051820178850423
4.854,0.48690874873856443,0.17854551925178555,0.5047358772771884,0.22958609074549452,-0.05051820178850423
4.855,0.4870866934849247,0.1773439002918107,0.5049642143613488,0.22833708416033638,-0.05097102472063245
4.856,0.4872634363932885,0.17614184375339248,0.5051913036879305,0.2270893265817634,-0.05097102472063245
4.857,0.48743897702756067,0.1749393526024832,0.5054171465046913,0.22584281676076898,-0.05097102472063245
4.8580000000000005,0.48761331495461174,0.17373642980611223,0.5056417440581409,0.22459755344959556,-0.05097102472063245
4.859,0.48778644974428026,0.17253307833237203,0.5058650975935426,0.2233535354017333,-0.05097102472063245
4.86,0.4879583809693737,0.1713293011504107,0.5060871993613384,0.22210176779585689,-0.051420703523734526
4.861,0.4881291082056684,0.17012510123043145,0.506308050613296,0.22085125195758634,-0.051420703523734526
4.862,0.4882986310319123,0.16892048154367523,0.5065276525999312,0.21960198663515407,-0.051420703523734526
4.863,0.4884669490298244,0.16771544506242267,0.5067460065705092,0.21835397057804423,-0.051420703523734526
4.864,0.4886340617840967,0.1665099947599829,0.5069631137730461,0.2171072025369915,-0.051420703523734526
4.865,0.4887999688823954,0.16530413361068197,0.5071789665241714,0.21585275112527064,-0.05186721045919434
4.866,0.48896466991536086,0.1640978645898651,0.5073935660783363,0.2145995541649615,-0.05186721045919434
4.867,0.48912816447660995,0.16289119067387917,0.5076069136887379,0.21334761040161263,-0.05186721045919434
4.868,0.4892904521627361,0.16168411484007209,0.5078190106073199,0.21209691858202712,-0.05186721045919434
4.869,0.48945153257331026,0.16047664006678558,0.5080298580847742,0.2108474774542612,-0.05186721045919434
4.87,0.4896114053108829,0.15926876933334083,0.5082394485043913,0.20959041961712577,-0.05231051798405874
4.871,0.48977006998098377,0.15806050562004018,0.5084477831232291,0.20833461883782747,-0.05231051798405874
4.872,0.48992752619212343,0.15685185190815565,0.5086548631970884,0.20708007385930846,-0.05231051798405874
4.873,0.4900837735557945,0.155642811179918,0.5088606899805141,0.205826783425768,-0.05231051798405874
4.874,0.49023881168647215,0.15443338641851576,0.5090652647267968,0.20457474628266104,-0.05231051798405874
4.875,0.49039264020161516,0.1532235806080843,0.5092685798863581,0.20331515956132365,-0.052750598752736313
4.876,0.49054525872166704,0.1520133967336985,0.5094706367187848,0.2020568324267076,-0.052750598752736313
4.877,0.4906966668700566,0.1508028377813689,0.509671436482404,0.20079976361922616,-0.052750598752736313
4.878,0.49084686427319946,0.14959190673802653,0.5098709804342846,0.1995439518805522,-0.052750598752736313
4.8790000000000004,0.49099585056049827,0.14838060659152544,0.5100692698302381,0.19828939595361694,-0.052750598752736313
4.88,0.4911436253643443,0.1471689403306277,0.5102662971882834,0.19702735804528965,-0.05318742561868446
4.881,0.49129018832011795,0.14595691094499932,0.5104620637704583,0.19576658217487067,-0.05318742561868446
4.882,0.4914355390661895,0.144744521425203,0.5106565708375387,0.19450706708032212,-0.05318742561868446
4.883,0.49157967724392077,0.14353177476268736,0.5108498196490395,0.19324881150086812,-0.05318742561868446
4.884,0.49172260249766486,0.1423186739497855,0.5110418114632165,0.19199181417699357,-0.05318742561868446
4.885,0.4918643144747679,0.14110522197970457,0.5112325388661466,0.1907274029300949,-0.05362097163608382
4.886,0.4920048128255699,0.13989142184651387,0.5114220031222411,0.18946425609444315,-0.05362097163608382
4.8870000000000005,0.4921440972034049,0.1386772765451467,0.5116102054946466,0.18820237240562704,-0.05362097163608382
4.888,0.49228216726460267,0.1374627890713851,0.5117971472452472,0.18694175060049972,-0.05362097163608382
4.889,0.4924190226684891,0.13624796242185624,0.5119828296346643,0.18568238941717755,-0.05362097163608382
4.89,0.4925546630773869,0.13503279959402484,0.5121672453174909,0.18441568282653034,-0.05405121006150075
4.891,0.4926890881566171,0.13381730358618224,0.5123503955604334,0.18315024294247378,-0.05405121006150075
4.892,0.4928222975744991,0.13260147739744543,0.5125322816289317,0.1818860684983013,-0.05405121006150075
4.893,0.4929542910023516,0.13138532402774605,0.5127129047871603,0.18062315822857297,-0.05405121006150075
4.894,0.49308506811449443,0.1301688464778189,0.5128922662980294,0.1793615108691144,-0.05405121006150075
4.8950000000000005,0.49321462858824777,0.12895204774920344,0.5130703588851006,0.17809258707113454,-0.05447811435553658
4.896,0.49334297210393396,0.1277349308442296,0.5132471838172975,0.17682493219695267,-0.05447811435553658
4.897,0.4934700983448784,0.12651749876601026,0.5134227423622751,0.17555854497764498,-0.05447811435553658
4.898,0.4935960069974095,0.12529975451844086,0.5135970357864207,0.1742934241455566,-0.05447811435553658
4.899,0.4937206977508604,0.12408170110618147,0.513770065354855,0.1730295684343003,-0.05447811435553658
4.9,0.4938441702975689,0.12286334153465919,0.5139418238605572,0.1717585057021767,-0.05490165818446463
4.901,0.4939664243328787,0.12164467881005657,0.51411231257459,0.17048871403278523,-0.05490165818446463
4.902,0.4940874595551402,0.1204257159393006,0.514281532766745,0.16922019215506315,-0.05490165818446463
4.9030000000000005,0.49420727566571115,0.11920645593006104,0.5144494857055443,0.1679529387992188,-0.05490165818446463
4.904,0.494325872368957,0.11798690179074281,0.514616172658241,0.16668695269673028,-0.05490165818446463
4.905,0.4944432493722523,0.11676705653047177,0.5147815864876766,0.16541382943559646,-0.05532181542185492
4.906,0.49455940638598084,0.1155469231590976,0.5149457284669743,0.16414197929772376,-0.05532181542185492
4.907,0.494674343123537,0.11432650468717531,0.5151085998679843,0.16287140100998893,-0.05532181542185492
4.908,0.4947880593013255,0.11310580412596759,0.5152702019612848,0.16160209330054184,-0.05532181542185492
4.909,0.4949005546387631,0.11188482448743307,0.5154305360161836,0.1603340548988042,-0.05532181542185492
4.91,0.49501182885827877,0.11066356878421561,0.5155895949658245,0.15905894964090167,-0.055738560150186245
4.9110000000000005,0.49512188168531446,0.10944204002964221,0.5157473800853127,0.15778511948825705,-0.055738560150186245
4.912,0.4952307128483256,0.1082202412377157,0.5159038926484785,0.15651256316576506,-0.055738560150186245
4.913,0.4953383220787823,0.10699817542310046,0.516059133927878,0.15524127939959556,-0.055738560150186245
4.914,0.4954447091111693,0.10577584560112509,0.5162131051947952,0.15397126691719223,-0.055738560150186245
4.915,0.4955498736829874,0.10455325478776417,0.5163657994531122,0.15269425831702615,-0.05615186666244407
4.916,0.4956538155347533,0.10333040599964112,0.5165172179798377,0.15141852672546025,-0.05615186666244407
4.917,0.49575653441000084,0.10210730225401303,0.5166673620507032,0.1501440708654859,-0.05615186666244407
4.918,0.4958580300552814,0.10088394656876681,0.5168162329401645,0.14887088946137153,-0.05615186666244407
4.9190000000000005,0.4959583022201647,0.09966034196241032,0.5169638319214032,0.14759898123866128,-0.05615186666244407
4.92,0.4960573506572389,0.09843649145406835,0.5171101520694713,0.1463201480681485,-0.056561709463706436
4.921,0.49615517512211205,0.09721239806346763,0.5172551946632021,0.14504259373080622,-0.056561709463706436
4.922,0.4962517753734118,0.09598806481093966,0.5173989609801499,0.1437663169478013,-0.056561709463706436
4.923,0.4963471511727869,0.09476349471740228,0.5175414522965915,0.14249131644157936,-0.056561709463706436
4.924,0.49644130228490685,0.09353869080436254,0.5176826698875274,0.14121759093586367,-0.056561709463706436
4.925,0.4965342284774631,0.09231365609390234,0.5178226068996069,0.13993701207947346,-0.056968063272717064
4.926,0.4966259295211697,0.09108839360867098,0.5179612646134089,0.13865771380193964,-0.056968063272717064
4.9270000000000005,0.49671640518976334,0.08986290637188321,0.5180986443082315,0.13737969482268336,-0.056968063272717064
4.928,0.4968056552600042,0.08863719740730837,0.518234747262094,0.13610295386240634,-0.056968063272717064
4.929,0.4968936795116768,0.08741126973925871,0.5183695747517371,0.1348274896430896,-0.056968063272717064
4.93,0.4969804777275898,0.08618512639259164,0.51850311999583,0.13354524409297763,-0.057370903023443914
4.931,0.4970660496935775,0.08495877039269191,0.5186353842766184,0.1322642807884158,-0.057370903023443914
4.932,0.49715039519849946,0.08373220476547105,0.5187663688750656,0.13098459844715848,-0.057370903023443914
4.933,0.49723351403424143,0.0825054325373599,0.5188960750708538,0.12970619578824244,-0.057370903023443914
4.934,0.49731540599571616,0.08127845673529419,0.5190245041423858,0.12842907153198532,-0.057370903023443914
4.9350000000000005,0.4973960708808633,0.08005128038671615,0.5191516493807689,0.12714523838312083,-0.057770203866625694
4.936,0.4974755084906501,0.0788239065195628,0.5192775120698363,0.1258626890674052,-0.057770203866625694
4.937,0.49755371862907233,0.07759633816225436,0.5194020934921373,0.12458142230100527,-0.057770203866625694
4.938,0.49763070110315416,0.07636857834369654,0.5195253949289387,0.12330143680137176,-0.057770203866625694
4.939,0.497706455722949,0.07514063009326254,0.5196474176602259,0.12202273128723788,-0.057770203866625694
4.94,0.49778098230154,0.07391249644079259,0.5197681550499584,0.12073738973252454,-0.05816594117130545
4.941,0.49785428065504,0.07268418041658649,0.5198876083834778,0.1194533335193659,-0.05816594117130545
4.942,0.4979263506025928,0.07145568505138913,0.5200057789448402,0.11817056136242043,-0.05816594117130545
4.9430000000000005,0.49799719196637293,0.07022701337639212,0.5201226680168178,0.1168890719776319,-0.05816594117130545
4.944,0.49806680457158625,0.06899816842322205,0.5202382768809001,0.11560886408222816,-0.05816594117130545
4.945,0.49813518824647063,0.06776915322392962,0.5203525989743077,0.11432209340761897,-0.05855809052634845
4.946,0.4982023428222962,0.06653997081098834,0.5204656355838114,0.11303660950368438,-0.05855809052634845
4.947,0.49826826813336567,0.0653106242172836,0.5205773879948951,0.11175241108365373,-0.05855809052634845
4.948,0.49833296401701493,0.06408111647610527,0.5206878574917571,0.1104694968620431,-0.05855809052634845
4.949,0.49839643031361325,0.06285145062114354,0.5207970453573117,0.1091878655546541,-0.05855809052634845
4.95,0.498458666866564,0.06162162968647389,0.520904945102446,0.10789974513426046,-0.0589466277419496
4.9510000000000005,0.49851967352230453,0.06039165670655861,0.5210115580152803,0.1066129128342872,-0.0589466277419496
4.952,0.49857945013030697,0.059161534716235156,0.5211168853826469,0.10532736736661392,-0.0589466277419496
4.953,0.49863799654307855,0.057931266750705174,0.5212209284900913,0.10404310744440833,-0.0589466277419496
4.954,0.4986953126161618,0.05670085584553394,0.5213236886218734,0.10276013178212492,-0.0589466277419496
4.955,0.498751398208135,0.055470305036636,0.5214251593629468,0.10147074107332033,-0.05933152885112342
4.956,0.4988062531806126,0.054239617360274515,0.521525342002702,0.10018263975522454,-0.05933152885112342
4.957,0.4988598773982453,0.0530087958530504,0.5216242378292404,0.09889582653844685,-0.05933152885112342
4.958,0.49891227072872074,0.05177784355189055,0.5217218481293753,0.09761030013488593,-0.05933152885112342
4.9590000000000005,0.4989634330427635,0.05054676349404953,0.521818174188633,0.09632605925772858,-0.05933152885112342
4.96,0.4990133642141358,0.04931555871709429,0.5219132096664292,0.09503547779624716,-0.05971277011118466
4.961,0.49906206411963727,0.04808423225890024,0.5220069558533454,0.09374618691622721,-0.05971277011118466
4.962,0.49910953263910585,0.04685278715764369,0.5220994140386725,0.0924581853270873,-0.05971277011118466
4.963,0.4991557696554177,0.04562122645179093,0.5221905855104121,0.09117147173953652,-0.05971277011118466
4.964,0.4992007750544875,0.044389553180096984,0.5222804715552777,0.08988604486557329,-0.05971277011118466
4.965,0.49924454872526897,0.04315777038159459,0.5223690659075383,0.0885943522606035,-0.06009032800521104
4.966,0.4992870905597549,0.041925881095582575,0.5224563698588865,0.08730395134823868,-0.06009032800521104
4.9670000000000005,0.4993284004529775,0.04069388836162738,0.5225423846997234,0.08601484083678622,-0.06009032800521104
4.968,0.49936847830300873,0.0394617952195486,0.5226271117191592,0.08472701943584521,-0.06009032800521104
4.969,0.49940732401096055,0.038229604709411516,0.5227105522050155,0.08344048585630515,-0.06009032800521104
4.97,0.49944493748098495,0.0369973198715265,0.5227926999668011,0.08214776178557895,-0.06046417924349469
4.971,0.49948131862027456,0.03576494374643109,0.5228735562972401,0.08085633043892347,-0.06046417924349469
4.972,0.49951646733906235,0.03453247937489228,0.5229531224877637,0.07956619052361466,-0.06046417924349469
4.973,0.4995503835506225,0.033299929797894784,0.5230313998285119,0.07827734074822115,-0.06046417924349469
4.974,0.49958306717127005,0.032067298056630056,0.5231083896083345,0.07698977982260304,-0.06046417924349469
4.9750000000000005,0.49961451812036145,0.0308345871924944,0.523184085712362,0.07569610402748086,-0.06083430076497869
4.976,0.4996447363202946,0.029601800247081412,0.5232584894342701,0.07440372190815381,-0.06083430076497869
4.977,0.49967372169650914,0.028368940262167547,0.523331602066441,0.07311263217094609,-0.06083430076497869
4.978,0.49970147417748645,0.027136010279715055,0.5234034248999645,0.07182283352347557,-0.06083430076497869
4.979,0.4997279936947501,0.025903013341853312,0.5234739592246391,0.07053432467465252,-0.06083430076497869
4.98,0.4997532801828658,0.02466995249088109,0.5235431990015943,0.06923977695520431,-0.06120066973867809
4.981,0.49977733357944165,0.02343683076925486,0.5236111455253778,0.06794652378347554,-0.06120066973867809
4.982,0.49980015382512827,0.022203651219577798,0.5236778000892427,0.06665456386491851,-0.06120066973867809
4.9830000000000005,0.499821740863619,0.020970416884597852,0.523743163985149,0.06536389590628003,-0.06120066973867809
4.984,0.49984209464164997,0.019737130807200246,0.5238072385037645,0.06407451861560019,-0.06120066973867809
4.985,0.4998612151090003,0.01850379603039299,0.5238700176825902,0.06277917882568278,-0.06156326356509068
4.986,0.499879102218492,0.01727041559730983,0.5239315028169658,0.06148513437555528,-0.06156326356509068
4.987,0.49989575592599056,0.016036992551191592,0.5239916952009357,0.06019238396987791,-0.06156326356509068
4.988,0.4999111761904045,0.01480352993538912,0.5240505961272502,0.058900926314606215,-0.06156326356509068
4.989,0.4999253629736859,0.01357003079334811,0.5241082068873673,0.0576107601169898,-0.06156326356509068
4.99,0.4999383162408303,0.012336498168605074,0.5241645215955266,0.05631470815932102,-0.06192205987758934
4.9910000000000005,0.49995003595987675,0.011102935104778442,0.5242195415477803,0.055019952253609915,-0.06192205987758934
4.992,0.49996052210190806,0.009869344645564547,0.5242732680388841,0.053726491103804515,-0.06192205987758934
4.993,0.4999697746410507,0.008635729834722425,0.5243257023622993,0.05243432341514892,-0.06192205987758934
4.994,0.4999777935544749,0.007402093716076785,0.5243768458101934,0.05114344789418199,-0.06192205987758934
4.995,0.49998457882239483,0.006168439333499326,0.5244266925739088,0.04984676371541177,-0.06227703654380192
4.996,0.49999013042806856,0.0049347697309116935,0.5244752439501297,0.048551376220820314,-0.06227703654380192
4.997,0.499994448357798,0.003701087952271,0.5245225012342434,0.04725728411372346,-0.06227703654380192
4.998,0.4999975326009291,0.002467397041562303,0.5245684657203421,0.045964486098733694,-0.06227703654380192
4.999,0.49999938314985176,0.001233700042798078,0.5246131387012238,0.044672980881758924,-0.06227703654380192
5.0,0.5,2.4045883671522375e-16,0.5246565144456914,0.04337574446753766,-0.06262817166697528
5.001,0.49999938314985176,-0.001233700042797597,0.5246985942509811,0.04207980528973062,-0.06262817166697528
5.002,0.4999975326009291,-0.002467397041561822,0.5247393794130322,0.04078516205110138,-0.06262817166697528
5.003,0.499994448357798,-0.003701087952270519,0.5247788712264879,0.039491813455710775,-0.06262817166697528
5.0040000000000004,0.49999013042806856,-0.00493476973091191,0.5248170709846969,0.03819975820891556,-0.06262817166697528
5.005,0.49998457882239483,-0.006168439333498844,0.5248539730342758,0.036902049578960074,-0.06297544358732841
5.006,0.4999777935544749,-0.007402093716076304,0.5248895786729335,0.035605638657634546,-0.06297544358732841
5.007,0.4999697746410507,-0.008635729834721944,0.5249238891970808,0.03431052414723034,-0.06297544358732841
5.008,0.49996052210190806,-0.009869344645564066,0.5249569059018321,0.03301670475133654,-0.06297544358732841
5.009,0.49995003595987675,-0.011102935104779357,0.5249886300810069,0.031724179174838635,-0.06297544358732841
5.01,0.4999383162408303,-0.012336498168604592,0.5250190561593849,0.03042607837799607,-0.06331883088338625
5.011,0.4999253629736859,-0.013570030793347627,0.5250481854350669,0.02912927568195035,-0.06331883088338625
5.0120000000000005,0.4999111761904045,-0.014803529935389338,0.5250760192048556,0.027833769788600676,-0.06331883088338625
5.013,0.49989575592599056,-0.01603699255119111,0.5251025587642567,0.02653955940114435,-0.06331883088338625
5.014,0.499879102218492,-0.01727041559730935,0.5251278054074808,0.025246643224075483,-0.06331883088338625
5.015,0.4998612151090003,-0.018503796030392507,0.5251517536378142,0.02394823033338538,-0.0636583123733015
5.016,0.49984209464164997,-0.019737130807199767,0.5251744047536697,0.022651115855585963,-0.0636583123733015
5.017,0.499821740863619,-0.020970416884598067,0.525195760052162,0.021355298492264346,-0.0636583123733015
5.018,0.49980015382512827,-0.022203651219577316,0.5252158208291082,0.02006077694630605,-0.0636583123733015
5.019,0.49977733357944165,-0.02343683076925438,0.5252345883790301,0.018767549921893716,-0.0636583123733015
5.0200000000000005,0.49975328018286574,-0.024669952490882004,0.5252520572840598,0.017468905029648592,-0.0639938671161615
5.021,0.4997279936947501,-0.02590301334185283,0.5252682288428421,0.016171558782295713,-0.0639938671161615
5.022,0.49970147417748645,-0.027136010279714573,0.5252831043527233,0.014875509881190187,-0.0639938671161615
5.023,0.49967372169650914,-0.028368940262167068,0.5252966851097522,0.013580757028985768,-0.0639938671161615
5.024,0.4996447363202946,-0.029601800247080926,0.5253089724086819,0.012287298929633551,-0.0639938671161615
5.025,0.49961451812036145,-0.030834587192494618,0.5253199609108243,0.010988502142438331,-0.06432547441327936
5.026,0.49958306717127005,-0.03206729805662958,0.5253296519149764,0.009691004152030305,-0.06432547441327936
5.027,0.4995503835506225,-0.033299929797894305,0.525338046718636,0.008394803659612687,-0.06432547441327936
5.0280000000000005,0.49951646733906235,-0.0345324793748932,0.5253451466180037,0.007099899367687487,-0.06432547441327936
5.029,0.49948131862027456,-0.03576494374643061,0.5253509529079837,0.005806289980054212,-0.06432547441327936
5.03,0.49944493748098495,-0.03699731987152602,0.5253554603293976,0.004507421413884726,-0.06465311380947161
5.031,0.49940732401096055,-0.03822960470941104,0.5253586701811139,0.0032098517162814093,-0.06465311380947161
5.032,0.49936847830300873,-0.039461795219548124,0.5253605837607023,0.0019135795883756957,-0.06465311380947161
5.033,0.4993284004529775,-0.040693888361627586,0.5253612023644348,0.0006186037325978876,-0.06465311380947161
5.034,0.4992870905597549,-0.041925881095582096,0.5253605272872875,-0.0006750771473241425,-0.06465311380947161
5.035,0.49924454872526897,-0.04315777038159411,0.5253585533499154,-0.0019739373720631817,-0.06497676509431816
5.0360000000000005,0.4992007750544875,-0.04438955318009789,0.5253552818511789,-0.0032714987365774816,-0.06497676509431816
5.037,0.49915576965541775,-0.04562122645179045,0.5253507140886391,-0.004567762539727268,-0.06497676509431816
5.038,0.4991095326391059,-0.046852787157643204,0.52534485135856,-0.005862730079073904,-0.06497676509431816
5.039,0.4990620641196373,-0.04808423225889976,0.5253376949559091,-0.007156402650881193,-0.06497676509431816
5.04,0.4990133642141358,-0.04931555871709381,0.5253292397814948,-0.00845517441429852,-0.06529640830341042
5.041,0.4989634330427635,-0.050546763494049754,0.5253194871340888,-0.00975264740595243,-0.06529640830341042
5.042,0.49891227072872074,-0.05177784355189007,0.5253084383111642,-0.011048822924614685,-0.06529640830341042
5.043,0.49885987739824533,-0.05300879585304991,0.5252960946088965,-0.012343702267758279,-0.06529640830341042
5.0440000000000005,0.49880625318061256,-0.05423961736027543,0.5252824573221649,-0.013637286731558729,-0.06529640830341042
5.045,0.4987513982081351,-0.05547030503663552,0.5252675214322458,-0.014935889919218825,-0.06561202371958276
5.046,0.4986953126161618,-0.056700855845533464,0.525251288237742,-0.01623319450369126,-0.06561202371958276
5.047,0.49863799654307855,-0.057931266750704695,0.5252337590359585,-0.017529201783579227,-0.06561202371958276
5.048,0.49857945013030697,-0.05916153471623468,0.5252149351229023,-0.018823913056187302,-0.06561202371958276
5.049,0.4985196735223045,-0.06039165670655952,0.5251948177932848,-0.02011732961752277,-0.06561202371958276
5.05,0.49845866686656404,-0.06162162968647341,0.5251734021091594,-0.02141568412538778,-0.06592359187412673
5.051,0.4983964303136133,-0.06285145062114306,0.5251506893688807,-0.02271274027874493,-0.06592359187412673
5.0520000000000005,0.49833296401701493,-0.06408111647610619,0.5251266808695048,-0.02400849937594872,-0.06592359187412673
5.053,0.4982682681333657,-0.06531062421728313,0.5251013779067907,-0.025302962714055306,-0.06592359187412673
5.054,0.4982023428222962,-0.06653997081098785,0.5250747817752018,-0.026596131588823787,-0.06592359187412673
5.055,0.49813518824647063,-0.06776915322392914,0.5250468876178737,-0.027894157328194842,-0.06623109354799403
5.056,0.49806680457158625,-0.06899816842322158,0.5250176967328318,-0.029190885041826528,-0.06623109354799403
5.057,0.4979971919663729,-0.07022701337639303,0.5249872104168041,-0.030486316027744584,-0.06623109354799403
5.058,0.4979263506025929,-0.07145568505138866,0.5249554299652214,-0.03178045158267672,-0.06623109354799403
5.059,0.49785428065504006,-0.072684180416586,0.5249223566722193,-0.03307329300205392,-0.06623109354799403
5.0600000000000005,0.49778098230154,-0.0739124964407928,0.5248879857623148,-0.03437090990451148,-0.0665345097729803
5.061,0.4977064557229491,-0.07514063009326205,0.5248523185331248,-0.035667229190066575,-0.0665345097729803
5.062,0.49763070110315416,-0.07636857834369606,0.5248153562809684,-0.03696225215633611,-0.0665345097729803
5.063,0.4975537186290724,-0.07759633816225389,0.5247771003008688,-0.03825598009963938,-0.0665345097729803
5.064,0.4974755084906501,-0.07882390651956231,0.5247375518865538,-0.03954841431499935,-0.0665345097729803
5.065,0.49739607088086324,-0.08005128038671705,0.5246967063442165,-0.04084554233734228,-0.06683382183289643
5.066,0.4973154059957162,-0.08127845673529371,0.5246545649709848,-0.042141373231662865,-0.06683382183289643
5.067,0.4972335140342415,-0.08250543253735942,0.5246111290626897,-0.04343590829508913,-0.06683382183289643
5.0680000000000005,0.49715039519849946,-0.08373220476547127,0.5245663999138662,-0.04472914882345197,-0.06683382183289643
5.069,0.49706604969357754,-0.08495877039269144,0.5245203788177549,-0.04602109611128645,-0.06683382183289643
5.07,0.49698047772758985,-0.08618512639259115,0.5244730611625145,-0.047317655240469596,-0.06712901126472157
5.071,0.4968936795116768,-0.08741126973925822,0.5244244482447039,-0.04861291781052356,-0.06712901126472157
5.072,0.4968056552600042,-0.08863719740730788,0.5243745413595859,-0.04990688511800746,-0.06712901126472157
5.073,0.4967164051897633,-0.08986290637188413,0.5243233418011277,-0.051199558458183886,-0.06712901126472157
5.074,0.49662592952116974,-0.0910883936086705,0.5242708508620026,-0.052490939125020133,-0.06712901126472157
5.075,0.49653422847746315,-0.09231365609390187,0.5242170640126196,-0.05378684938308998,-0.06742005985974352
5.0760000000000005,0.4964413022849068,-0.09353869080436276,0.5241619825488887,-0.05508146373090176,-0.06742005985974352
5.077,0.49634715117278694,-0.0947634947174018,0.5241056077654244,-0.05637478346436573,-0.06742005985974352
5.078,0.49625177537341186,-0.09598806481093919,0.5240479409555463,-0.057666809878096234,-0.06742005985974352
5.079,0.4961551751221121,-0.09721239806346715,0.5239889834112809,-0.058957544265413005,-0.06742005985974352
5.08,0.49605735065723894,-0.09843649145406788,0.5239287306855664,-0.0602527257144412,-0.06770694966468031
5.081,0.4959583022201646,-0.0996603419624112,0.5238671840735845,-0.06154661198202037,-0.06770694966468031
5.082,0.49585803005528145,-0.10088394656876633,0.5238043448692211,-0.06283920436333196,-0.06770694966468031
5.083,0.49575653441000084,-0.10210730225401256,0.5237402143650689,-0.06413050415226224,-0.06770694966468031
5.0840000000000005,0.49565381553475324,-0.10333040599964134,0.5236747938524275,-0.06542051264140358,-0.06770694966468031
5.085,0.4955498736829874,-0.10455325478776371,0.5236080789670391,-0.06671488538841794,-0.06798966298278829
5.086,0.49544470911116933,-0.1057758456011246,0.5235400710032764,-0.06800796376268528,-0.06798966298278829
5.087,0.4953383220787823,-0.10699817542309997,0.5234707712542178,-0.06929974905857836,-0.06798966298278829
5.088,0.4952307128483256,-0.10822024123771525,0.5234001810116486,-0.07059024256917555,-0.06798966298278829
5.089,0.49512188168531435,-0.1094420400296431,0.5233283015660624,-0.07187944558626214,-0.06798966298278829
5.09,0.4950118288582788,-0.11066356878421514,0.5232551286362742,-0.07317292978817494,-0.06826818237495297
5.091,0.49490055463876315,-0.11188482448743262,0.5231806635157683,-0.07446512050588583,-0.06826818237495297
5.0920000000000005,0.49478805930132547,-0.1131058041259685,0.5231049074967354,-0.075756019032879,-0.06826818237495297
5.093,0.4946743431235369,-0.11432650468717553,0.5230278618700741,-0.07704562666134518,-0.06826818237495297
5.094,0.49455940638598095,-0.11554692315909643,0.522949527925392,-0.0783339446821829,-0.06826818237495297
5.095,0.49444324937225226,-0.116767056530472,0.5228699014648412,-0.07962646055071604,-0.06854249066076612
5.096,0.4943258723689571,-0.11798690179074166,0.5227889837809379,-0.08091768390338064,-0.06854249066076612
5.097,0.49420727566571115,-0.11920645593006125,0.5227067761649051,-0.08220761603269258,-0.06854249066076612
5.098,0.49408745955514033,-0.12042571593929942,0.5226232799066752,-0.0834962582298752,-0.06854249066076612
5.099,0.49396642433287874,-0.12164467881005608,0.5225384962948904,-0.08478361178486066,-0.06854249066076612
5.1000000000000005,0.49384417029756883,-0.1228633415346601,0.5224524212152989,-0.08607507959146746,-0.06881257091958287
5.101,0.49372069775086047,-0.124081701106181,0.5223650559593687,-0.08736525593026764,-0.06881257091958287
5.102,0.4935960069974096,-0.1252997545184404,0.522276401817276,-0.08865414209272904,-0.06881257091958287
5.103,0.4934700983448785,-0.12651749876600982,0.5221864600779069,-0.08994173936902797,-0.06881257091958287
5.104,0.493342972103934,-0.12773493084422913,0.5220952320288589,-0.0912280490480506,-0.06881257091958287
5.105,0.49321462858824766,-0.12895204774920435,0.52200271363973,-0.09251838912883392,-0.06907840649156856
5.106,0.49308506811449443,-0.13016884647781912,0.5219089062008605,-0.09380743886953646,-0.06907840649156856
5.107,0.4929542910023516,-0.13138532402774628,0.5218138110013,-0.09509519956049829,-0.06907840649156856
5.1080000000000005,0.492822297574499,-0.13260147739744566,0.5217174293288092,-0.09638167249076916,-0.06907840649156856
5.109,0.4926890881566172,-0.13381730358618107,0.5216197624698611,-0.09766685894810977,-0.06907840649156856
5.11,0.492554663077387,-0.13503279959402367,0.5215208064781524,-0.0989559917087361,-0.06933998097872235
5.111,0.4924190226684892,-0.1362479624218551,0.5214205626428158,-0.10024383533660182,-0.06933998097872235
5.112,0.4922821672646027,-0.13746278907138462,0.521319032251695,-0.10153039112083967,-0.06933998097872235
5.113,0.4921440972034049,-0.1386772765451469,0.5212162165913456,-0.10281566034929328,-0.06933998097872235
5.114,0.49200481282556996,-0.13989142184651343,0.5211121169470372,-0.10409964430851844,-0.06933998097872235
5.115,0.49186431447476797,-0.1411052219797041,0.521006729456808,-0.1053874902291278,-0.06959727824589412
5.1160000000000005,0.49172260249766475,-0.14231867394978642,0.5209000554085043,-0.10667404830381655,-0.06959727824589412
5.117,0.4915796772439208,-0.14353177476268686,0.5207920960886838,-0.10795931982043061,-0.06959727824589412
5.118,0.49143553906618953,-0.14474452142520255,0.5206828527826183,-0.10924330606552807,-0.06959727824589412
5.119,0.491290188320118,-0.14595691094499885,0.5205723267742939,-0.11052600832438042,-0.06959727824589412
5.12,0.4911436253643443,-0.1471689403306279,0.5204605142863293,-0.1118124879644915,-0.0698502824217734
5.121,0.49099585056049816,-0.14838060659152635,0.5203474166052043,-0.11309768112496248,-0.0698502824217734
5.122,0.4908468642731994,-0.14959190673802675,0.5202330350161121,-0.11438158909227299,-0.0698502824217734
5.123,0.4906966668700567,-0.15080283778136774,0.5201173708029605,-0.11566421315161618,-0.0698502824217734
5.124,0.49054525872166704,-0.15201339673369874,0.5200004252483736,-0.11694555458690004,-0.0698502824217734
5.125,0.4903926402016153,-0.15322358060808317,0.5198821946597834,-0.11823058859031056,-0.07009897789987157
5.126,0.4902388116864722,-0.15443338641851528,0.5197626803222236,-0.11951433755971769,-0.07009897789987157
5.127,0.4900837735557947,-0.15564281117991685,0.5196418835194434,-0.12079680278015541,-0.07009897789987157
5.128,0.4899275261921235,-0.15685185190815515,0.5195198055339081,-0.12207798553537268,-0.07009897789987157
5.1290000000000004,0.48977006998098366,-0.1580605056200411,0.5193964476468003,-0.12335788710783474,-0.07009897789987157
5.13,0.48961140531088293,-0.15926876933334033,0.5192718062505928,-0.12464139620751663,-0.07034334933948634
5.131,0.4894515325733103,-0.16047664006678508,0.5191458826287947,-0.12592362179809885,-0.07034334933948634
5.132,0.48929045216273614,-0.1616841148400716,0.5190186780636316,-0.12720456516309048,-0.07034334933948634
5.133,0.48912816447661,-0.1628911906738787,0.5188901938360468,-0.12848422758471711,-0.07034334933948634
5.134,0.4889646699153608,-0.1640978645898653,0.5187604312257029,-0.1297626103439221,-0.07034334933948634
5.135,0.48879996888239535,-0.16530413361068216,0.518629386710336,-0.13104451536691106,-0.07058338166664316
5.136,0.4886340617840967,-0.16650999475998313,0.5184970615718512,-0.132325138484877,-0.07058338166664316
5.1370000000000005,0.4884669490298244,-0.1677154450624229,0.5183634570908714,-0.133604480979725,-0.07058338166664316
5.138,0.48829863103191223,-0.16892048154367545,0.5182285745467393,-0.13488254413207812,-0.07058338166664316
5.139,0.48812910820566857,-0.17012510123043031,0.518092415217518,-0.1361593292212789,-0.07058338166664316
5.14,0.4879583809693739,-0.17132930115040954,0.5179549756664245,-0.13743955109355818,-0.07081906007502749
5.141,0.4877864497442804,-0.17253307833237086,0.5178162571736805,-0.13871849274396517,-0.07081906007502749
5.142,0.4876133149546117,-0.17373642980611242,0.5176762610182278,-0.13999615545272176,-0.07081906007502749
5.143,0.4874389770275607,-0.1749393526024827,0.517534988477729,-0.14127254049876958,-0.07081906007502749
5.144,0.4872634363932886,-0.176141843753392,0.5173924408285693,-0.14254764915977136,-0.07081906007502749
5.1450000000000005,0.4870866934849246,-0.1773439002918116,0.5172486147196581,-0.1438261089111496,-0.0710503700269014
5.146,0.4869087487385645,-0.17854551925178508,0.5171035114294553,-0.14510329020277649,-0.0710503700269014
5.147,0.4867296025932688,-0.17974669766843987,0.5169571322351422,-0.14637919431311175,-0.0710503700269014
5.148,0.48654925549106337,-0.1809474325779849,0.5168094784126228,-0.14765382251933667,-0.0710503700269014
5.149,0.4863677078769362,-0.18214772101772883,0.5166605512365254,-0.14892717609735537,-0.0710503700269014
5.15,0.48618496019883817,-0.18334756002607794,0.5165103474416591,-0.15020379486633784,-0.0712772972539913
5.151,0.48600101290768133,-0.18454694664254737,0.5163588683046426,-0.15147913701655133,-0.0712772972539913
5.152,0.4858158664573371,-0.18574587790777122,0.516206115100818,-0.1527532038246146,-0.0712772972539913
5.1530000000000005,0.48562952130463566,-0.18694435086350716,0.5160520891042522,-0.15402599656586982,-0.0712772972539913
5.154,0.48544197790936566,-0.18814236255263955,0.5158967915877378,-0.15529751651438378,-0.0712772972539913
5.155,0.4852532367342713,-0.18933991001919642,0.5157402193721848,-0.15657221555303694,-0.07149982775837686
5.156,0.48506329824505307,-0.19053699030834564,0.5155823737322922,-0.15784563989265143,-0.07149982775837686
5.157,0.484872162910365,-0.19173360046641336,0.5154232559414843,-0.15911779080792632,-0.07149982775837686
5.158,0.4846798312018146,-0.19292973754088164,0.5152628672719121,-0.16038866957228592,-0.07149982775837686
5.159,0.48448630359396155,-0.19412539858039973,0.5151012089944542,-0.16165827745788117,-0.07149982775837686
5.16,0.48429158056431554,-0.19532058063479563,0.5149382780163175,-0.16293097813669033,-0.0717179478133517
5.1610000000000005,0.4840956625933365,-0.19651528075507504,0.5147740756102027,-0.16420240611482068,-0.0717179478133517
5.162,0.48389855016443273,-0.19770949599343288,0.5146086030475377,-0.1654725626649729,-0.0717179478133517
5.163,0.4837002437639592,-0.19890322340326438,0.5144418615984792,-0.16674144905857496,-0.0717179478133517
5.164,0.48350074388121755,-0.2000964600391632,0.5142738525319134,-0.16800906656578343,-0.0717179478133517
5.165,0.4833000510084536,-0.2012892029569392,0.5141045728415349,-0.169279690378503,-0.07193164396426632
5.166,0.48309816564085745,-0.20248144921361516,0.5139340237979675,-0.17054904356740982,-0.07193164396426632
5.167,0.4828950882765607,-0.2036731958674446,0.5137622066705644,-0.17181712740312774,-0.07193164396426632
5.168,0.48269081941663705,-0.20486443997790843,0.5135891227274094,-0.17308394315500994,-0.07193164396426632
5.1690000000000005,0.48248535956509914,-0.20605517860573297,0.5134147732353183,-0.17434949209114026,-0.07193164396426632
5.17,0.48227870922889915,-0.20724540881288625,0.5132391552746586,-0.17561796065963636,-0.072140903029362
5.171,0.4820708689179259,-0.20843512766259634,0.513062270113899,-0.17688516075956395,-0.072140903029362
5.172,0.481861839145005,-0.20962433221934745,0.5128841190202397,-0.17815109365939163,-0.072140903029362
5.173,0.48165162042589627,-0.21081301954889833,0.5127047032596134,-0.17941576062631948,-0.072140903029362
5.174,0.48144021327929376,-0.21200118671827978,0.5125240240966871,-0.1806791629262804,-0.072140903029362
5.175,0.4812276182268237,-0.21318883079580603,0.5123420786986818,-0.1819453980053658,-0.07234571210058444
5.176,0.4810138357930429,-0.21437594885108618,0.5121588683318324,-0.1832103668493721,-0.07234571210058444
5.1770000000000005,0.48079886650543846,-0.21556253795502295,0.5119743942611079,-0.18447407072453442,-0.07234571210058444
5.178,0.48058271089442595,-0.21674859517982448,0.5117886577502121,-0.18573651089582158,-0.07234571210058444
5.179,0.4803653694933474,-0.21793411759901504,0.5116016600615851,-0.18699768862693744,-0.07234571210058444
5.18,0.48014684283847153,-0.21911910228743328,0.511413398449476,-0.18826161210919803,-0.07254605854437597
5.181,0.479927131468991,-0.2203035463212486,0.511223874177808,-0.18952427166797636,-0.07254605854437597
5.182,0.47970623592702144,-0.2214874467779645,0.5110330885092408,-0.1907856685671959,-0.07254605854437597
5.183,0.4794841567576012,-0.2226708007364215,0.5108410427051713,-0.1920458040695162,-0.07254605854437597
5.184,0.47926089450868803,-0.2238536052768141,0.5106477380257349,-0.19330467943633423,-0.07254605854437597
5.1850000000000005,0.47903644973115955,-0.2250358574806883,0.510453171812378,-0.19456621335694704,-0.07274193000245698
5.186,0.4788108229788112,-0.22621755443095298,0.5102573453266344,-0.19582648574363923,-0.07274193000245698
5.187,0.4785840148083541,-0.22739869321189107,0.5100602598287765,-0.19708549785794474,-0.07274193000245698
5.188,0.4783560257794154,-0.22857927090915736,0.5098619165778163,-0.19834325096013594,-0.07274193000245698
5.189,0.47812685645453473,-0.22975928460979642,0.5096623168315071,-0.19959974630922495,-0.07274193000245698
5.19,0.47789650739916495,-0.23093873140224042,0.5094614580186563,-0.2008588128507675,-0.07293331439258892
5.191,0.4776649791816697,-0.23211760837632026,0.5092593413983305,-0.20211662032576852,-0.07293331439258892
5.192,0.4774322723733214,-0.23329591262327687,0.5090559682283372,-0.20337316999329452,-0.07293331439258892
5.1930000000000005,0.47719838754830113,-0.2344736412357604,0.508851339765226,-0.20462846311115301,-0.07293331439258892
5.194,0.4769633252836967,-0.2356507913078411,0.5086454572642901,-0.20588250093589364,-0.07293331439258892
5.195,0.4767270861595007,-0.2368273599350197,0.5084383182418569,-0.20713902243314408,-0.07312019990931662
5.196,0.4764896707586094,-0.23800334421423128,0.508229923954448,-0.20839428740889726,-0.07312019990931662
5.197,0.4762510796668222,-0.23917874124384889,0.5080202756573283,-0.2096482971196747,-0.07312019990931662
5.198,0.4760113134728383,-0.24035354812369983,0.5078093746045076,-0.21090105282074137,-0.07312019990931662
5.199,0.4757703727682577,-0.24152776195506231,0.5075972220487415,-0.21215255576610695,-0.07312019990931662
5.2,0.4755282581475768,-0.24270137984068307,0.5073838155940307,-0.2134064547108349,-0.07330257502470214
5.2010000000000005,0.4752849702081899,-0.2438743988847753,0.5071691564942741,-0.2146590997566181,-0.07330257502470214
5.202,0.47504050955038596,-0.2450468161930298,0.5069532460021168,-0.21591049215735553,-0.07330257502470214
5.203,0.4747948767773468,-0.24621862887262605,0.5067360853689511,-0.2171606331656922,-0.07330257502470214
5.204,0.4745480724951474,-0.24738983403223008,0.506517675844918,-0.21840952403302055,-0.07330257502470214
5.205,0.4743000973127523,-0.24856042878201232,0.5062980151218393,-0.2196607230787681,-0.07348042848902898
5.206,0.47405095184201584,-0.24973041023364512,0.5060771044509138,-0.22091067092546993,-0.07348042848902898
5.207,0.47380063669768,-0.2508997755003144,0.5058549450820895,-0.22215936882432505,-0.07348042848902898
5.208,0.473549152497372,-0.2520685216967301,0.5056315382640643,-0.2234068180252813,-0.07348042848902898
5.2090000000000005,0.47329649986160466,-0.25323664593912465,0.5054068852442872,-0.2246530197770366,-0.07348042848902898
5.21,0.4730426794137726,-0.25440414534527006,0.5051809838025434,-0.22590144174388957,-0.0736537493314993
5.211,0.4727876917801531,-0.25557101703447516,0.5049538351872546,-0.22714861528877567,-0.0736537493314993
5.212,0.4725315375899027,-0.25673725812760134,0.5047254406455944,-0.22839454166011688,-0.0736537493314993
5.213,0.4722742174750559,-0.25790286574706583,0.5044958014234894,-0.22963922210508675,-0.0736537493314993
5.214,0.47201573207052483,-0.2590678370168465,0.5042649187656197,-0.23088265786961165,-0.0736537493314993
5.215,0.4717560820140969,-0.26023216906249114,0.5040327905398708,-0.23212822574896022,-0.07382252686090951
5.216,0.47149526794643226,-0.26139585901112894,0.5037994179918104,-0.23337254806042945,-0.07382252686090951
5.2170000000000005,0.4712332905110639,-0.26255890399146914,0.5035648023657608,-0.23461562604958722,-0.07382252686090951
5.218,0.4709701503543954,-0.26372130113381265,0.5033289449048001,-0.23585746096075583,-0.07382252686090951
5.219,0.4707058481256983,-0.2648830475700627,0.503091846850763,-0.23709805403701326,-0.07382252686090951
5.22,0.47044038447711284,-0.2660441404337228,0.5028535061597668,-0.2383406909963025,-0.07398675066631324
5.221,0.4701737600636434,-0.26720457685991433,0.5026139240744482,-0.23958208531863248,-0.07398675066631324
5.222,0.46990597554315966,-0.26836435398537456,0.5023731018362015,-0.24082223824664012,-0.07398675066631324
5.223,0.4696370315763935,-0.2695234689484673,0.5021310406851798,-0.24206115102171974,-0.07398675066631324
5.224,0.4693669288269372,-0.2706819188891929,0.5018877418602957,-0.2432988248840243,-0.07398675066631324
5.2250000000000005,0.4690956679612421,-0.2718397009491927,0.5016432034060242,-0.24453845427149343,-0.0741464106176578
5.226,0.468823249648618,-0.2729968122717519,0.5013974265619946,-0.2457768440295751,-0.0741464106176578
5.227,0.4685496745612295,-0.27415325000181584,0.5011504125665966,-0.24701399539789867,-0.0741464106176578
5.228,0.4682749433740964,-0.27530901128598695,0.5009021626569818,-0.24824990961485394,-0.0741464106176578
5.229,0.46799905676509007,-0.2764640932725417,0.5006526780690642,-0.24948458791759223,-0.0741464106176578
5.23,0.46772201541493363,-0.2776184931114287,0.5004019569357973,-0.2507211332670029,-0.07430149686641212
5.231,0.4674438200071993,-0.2787722079542799,0.5001500004937262,-0.25195644207106416,-0.07430149686641212
5.232,0.467164471228306,-0.2799252349544213,0.49989680997815983,-0.25319051556632133,-0.07430149686641212
5.2330000000000005,0.4668839697675194,-0.2810775712668719,0.49964238662317173,-0.2544233549880833,-0.07430149686641212
5.234,0.4666023163169493,-0.2822292140483552,0.4993867316616013,-0.25565496157042344,-0.07430149686641212
5.235,0.46631951157154694,-0.2833801604573098,0.49912984331499555,-0.25688834660577653,-0.07445199984617462
5.236,0.46603555622910553,-0.28453040765388704,0.49887172281673947,-0.25812049825609423,-0.07445199984617462
5.237,0.465750450990256,-0.2856799527999691,0.49861237139898473,-0.2593514177547616,-0.07445199984617462
5.238,0.46546419655846794,-0.2868287930591649,0.4983517902926508,-0.26058110633393033,-0.07445199984617462
5.239,0.46517679364004494,-0.28797692559682797,0.4980899807274263,-0.2618095652245199,-0.07445199984617462
5.24,0.46488824294412584,-0.28912434758005273,0.4978269410135615,-0.2630397138647606,-0.07459791027326071
5.2410000000000005,0.46459854518268007,-0.2902710561776922,0.49756267238120516,-0.26426863235636106,-0.07459791027326071
5.242,0.46430770107050884,-0.2914170485603542,0.4972971760592757,-0.2654963219294699,-0.07459791027326071
5.243,0.4640157113252403,-0.2925623219004191,0.4970304532754627,-0.2667227838130057,-0.07459791027326071
5.244,0.46372257666733085,-0.2937068733720362,0.49676250525622806,-0.2679480192346579,-0.07459791027326071
5.245,0.46342829782006045,-0.29485070015114107,0.4964933304006297,-0.26917485559836885,-0.07473921914728017
5.246,0.46313287550953325,-0.29599379941545356,0.496222929935504,-0.2704004651257161,-0.07473921914728017
5.247,0.4628363104646747,-0.2971361683444886,0.49595130508646046,-0.27162484904353595,-0.07473921914728017
5.248,0.46253860341722897,-0.2982778041195669,0.495678457077883,-0.272848008577438,-0.07473921914728017
5.249,0.46223975510175924,-0.2994187039238132,0.49540438713293117,-0.2740699449518062,-0.07473921914728017
5.25,0.46193976625564337,-0.3005588649421732,0.49512909373956926,-0.27529339336188813,-0.0748759177516857
5.251,0.4616386376190743,-0.30169828436141166,0.4948525781212457,-0.27651561832356,-0.0748759177516857
5.252,0.46133636993505744,-0.30283695937012306,0.49457484150018544,-0.27773662106027014,-0.0748759177516857
5.253,0.46103296394940746,-0.30397488715874266,0.4942958850973912,-0.2789564027942436,-0.0748759177516857
5.2540000000000004,0.4607284204107493,-0.3051120649195442,0.4940157101326447,-0.28017496474648307,-0.0748759177516857
5.255,0.46042274007051337,-0.3062484898466558,0.4937343151829099,-0.2813949497348229,-0.07500799765431454
5.256,0.46011592368293525,-0.30738415913606326,0.4934517014681717,-0.2826137147381743,-0.07500799765431454
5.257,0.4598079720050546,-0.30851906998561296,0.49316787020719516,-0.28383126097652245,-0.07500799765431454
5.258,0.45949888579671083,-0.3096532195950277,0.49288282261752653,-0.2850475896686322,-0.07500799765431454
5.259,0.45918866582054374,-0.3107866051659048,0.4925965599154945,-0.28626270203204984,-0.07500799765431454
5.26,0.45887731284199074,-0.3119192239017267,0.49230908076715035,-0.287479148344176,-0.0751354507079106
5.261,0.4585648276292836,-0.313051073007872,0.49202038638894036,-0.28869437820999,-0.0751354507079106
5.2620000000000005,0.45825121095344884,-0.31418214969161407,0.49173047799609443,-0.2899083928459382,-0.0751354507079106
5.263,0.4579364635883048,-0.3153124511621324,0.4914393568026272,-0.2911211934672505,-0.0751354507079106
5.264,0.45762058631045865,-0.3164419746305231,0.49114702402133925,-0.2923327812879415,-0.0751354507079106
5.265,0.45730357989930687,-0.3175707173097967,0.4908534784074516,-0.293545613887666,-0.07525826905062133
5.266,0.45698544513703054,-0.31869867641489535,0.4905587211737968,-0.29475723365479073,-0.07525826905062133
5.267,0.4566661828085963,-0.3198258491626896,0.4902627535319946,-0.29596764180214835,-0.07525826905062133
5.268,0.4563457937017514,-0.3209522327719952,0.4899655766924533,-0.29717683954135865,-0.07525826905062133
5.269,0.4560242786070249,-0.32207782446357014,0.48966719186437047,-0.29838482808282973,-0.07525826905062133
5.2700000000000005,0.45570163831772265,-0.3232026214601313,0.48936759789221357,-0.2995939721568766,-0.07537644510648611
5.271,0.45537787362992815,-0.32432662098635134,0.4890667959851267,-0.30080190708684945,-0.07537644510648611
5.272,0.4550529853424979,-0.32544982026887576,0.4887647873510448,-0.3020086340818923,-0.07537644510648611
5.273,0.45472697425706216,-0.3265722165363194,0.48846157319669486,-0.30321415434994015,-0.07537644510648611
5.274,0.4543998411780201,-0.3276938070192836,0.48815715472759713,-0.3044184690977199,-0.07537644510648611
5.275,0.45407158691254057,-0.32881458895035404,0.4878515308775368,-0.30562385006034026,-0.07548997158590336
5.276,0.4537422122705586,-0.32993455956411144,0.4875447028518948,-0.306828025641998,-0.07548997158590336
5.277,0.45341171806477265,-0.33105371609714224,0.4872366718548467,-0.3080309970480741,-0.07548997158590336
5.2780000000000005,0.4530801051106447,-0.33217205578803766,0.486927439089364,-0.3092327654827441,-0.07548997158590336
5.279,0.45274737422639716,-0.3332895758774044,0.486617005757215,-0.3104333321489794,-0.07548997158590336
5.28,0.4524135262330096,-0.3344062736078752,0.48630537088156844,-0.311634875646552,-0.07559884148607951
5.281,0.4520785619542195,-0.33552214622410703,0.48599253566396783,-0.31283521760062705,-0.07559884148607951
5.282,0.4517424822165173,-0.3366371909727976,0.4856785013047551,-0.314034359212748,-0.07559884148607951
5.283,0.45140528784914696,-0.33775140510268226,0.48536326900307186,-0.3152323016832569,-0.07559884148607951
5.284,0.4510669796841017,-0.3388647858645497,0.48504683995686054,-0.3164290462112952,-0.07559884148607951
5.285,0.45072755855612295,-0.33997733051124485,0.48472921327873364,-0.3176266781269131,-0.07570304809146007
5.2860000000000005,0.450387025302699,-0.3410890362976731,0.48441039016632303,-0.3188231124106154,-0.07570304809146007
5.287,0.45004538076406214,-0.3421999004808097,0.484090371816063,-0.320018350260034,-0.07570304809146007
5.288,0.44970262578318554,-0.34330992031971025,0.48376915942319143,-0.3212123928716032,-0.07570304809146007
5.289,0.44935876120578383,-0.34441909307550855,0.48344675418175087,-0.32240524144056076,-0.07570304809146007
5.29,0.4490137878803079,-0.3455274160114336,0.48312315529385225,-0.32359888789860314,-0.07580258497414784
5.291,0.4486677066579455,-0.34663488639280754,0.4827983639531421,-0.3247913407101875,-0.07580258497414784
5.292,0.44832051839261805,-0.34774150148705607,0.4824723813520731,-0.32598260106896026,-0.07580258497414784
5.293,0.4479722239409773,-0.3488472585637188,0.48214520868190575,-0.3271726701673743,-0.07580258497414784
5.2940000000000005,0.44762282416240556,-0.349952154894449,0.48181684713270906,-0.32836154919668986,-0.07580258497414784
5.295,0.4472723199190125,-0.35105618775302333,0.4814872959961417,-0.32955113656737905,-0.07589744599429314
5.296,0.44692071207563167,-0.3521593544153532,0.481156556461791,-0.33073953435069753,-0.07589744599429314
5.297,0.4465680014998213,-0.35326165215948185,0.4808246297180548,-0.3319267437362327,-0.07589744599429314
5.298,0.44621418906185917,-0.3543630782656006,0.48049151695214243,-0.3331127659123823,-0.07589744599429314
5.299,0.44585927563474204,-0.3554636300160511,0.48015721935007605,-0.3342976020663558,-0.07589744599429314
5.3,0.4455032620941842,-0.35656330469532893,0.47982173629310576,-0.33548305697029895,-0.07598762530047559
5.301,0.44514614931861296,-0.35766209959009854,0.4794850689666864,-0.33666732641933816,-0.07598762530047559
5.3020000000000005,0.4447879381891689,-0.35876001198919155,0.47914721855508746,-0.3378504115989283,-0.07598762530047559
5.303,0.44442862958970286,-0.3598570391836171,0.4788081862413941,-0.3390323136933389,-0.07598762530047559
5.304,0.44406822440677224,-0.360953178466572,0.47846797320750845,-0.3402130338856551,-0.07598762530047559
5.305,0.4437067235296418,-0.36204842713343904,0.4781265789243101,-0.34139428319837084,-0.07607311733006847
5.306,0.44334412785027827,-0.36314278248180354,0.4777840045730483,-0.3425743512617738,-0.07607311733006847
5.307,0.44298043826335076,-0.3642362418114512,0.4774402513337912,-0.34375323925711343,-0.07607311733006847
5.308,0.4426156556662277,-0.3653288024243787,0.47709532038542674,-0.3449309483644577,-0.07607311733006847
5.309,0.4422497809589729,-0.3664204616248037,0.476749212905664,-0.3461074797626946,-0.07607311733006847
5.3100000000000005,0.4418828150443468,-0.36751121671916315,0.4764019284550449,-0.34728445061912344,-0.07615391680957502
5.311,0.44151475882780045,-0.3686010650161298,0.47605346821054023,-0.3484602445046958,-0.07615391680957502
5.312,0.4411456132174768,-0.3696900038266088,0.47570383334794386,-0.3496348625963826,-0.07615391680957502
5.313,0.4407753791242055,-0.37077803046375324,0.4753530250418739,-0.3508083060699777,-0.07615391680957502
5.314,0.44040405746150196,-0.3718651422429667,0.4750010444657738,-0.35198057610009925,-0.07615391680957502
5.315,0.440031649145566,-0.37295133648190765,0.47464789126987467,-0.3531531958990983,-0.07623001875495816
5.316,0.4396581550952784,-0.3740366105004986,0.4742935666267964,-0.3543246430782984,-0.07623001875495816
5.317,0.43928357623219777,-0.3751209616209363,0.4739380717079861,-0.3554949188103193,-0.07623001875495816
5.3180000000000005,0.4389079134805607,-0.3762043871676908,0.4735814076837195,-0.35666402426660815,-0.07623001875495816
5.319,0.43853116776727813,-0.3772868844675161,0.47322357572310203,-0.3578319606174407,-0.07623001875495816
5.32,0.4381533400219317,-0.3783684508494603,0.47286457556607575,-0.3590001570262622,-0.07630141847194657
5.321,0.4377744311767748,-0.3794490836448632,0.47250440838083707,-0.36016718523867486,-0.07630141847194657
5.322,0.43739444216672635,-0.3805287801873734,0.4721430753344142,-0.3613330464228751,-0.07630141847194657
5.323,0.43701337392937195,-0.3816075378129457,0.4717805775926683,-0.36249774174589117,-0.07630141847194657
5.324,0.4366312274049601,-0.38268535385985175,0.4714169163202947,-0.3636612723735842,-0.07630141847194657
5.325,0.43624800353639837,-0.38376222566869,0.47105209134696235,-0.3648249733323371,-0.0763681115563244
5.3260000000000005,0.4358637032692545,-0.38483815058238385,0.4706861038363722,-0.36598751059013124,-0.0763681115563244
5.327,0.43547832755175075,-0.38591312594619676,0.4703189549510616,-0.3671488853106676,-0.0763681115563244
5.328,0.4350918773347629,-0.38698714910773513,0.4699506458524051,-0.3683090986564834,-0.0763681115563244
5.329,0.43470435357181947,-0.3880602174169511,0.46958117770061614,-0.3694681517889534,-0.0763681115563244
5.33,0.43431575721909577,-0.3891323282261578,0.46921055041510107,-0.37062728551504853,-0.07643009389420205
5.331,0.4339260892354152,-0.390203478890027,0.4688387651549937,-0.3717852601074175,-0.07643009389420205
5.332,0.43353535058224524,-0.3912736667655999,0.4684658230782685,-0.37294207672519414,-0.07643009389420205
5.333,0.4331435422236937,-0.3923428892122966,0.46809172534174215,-0.374097736526353,-0.07643009389420205
5.3340000000000005,0.4327506651265093,-0.3934111435919158,0.46771647310107445,-0.3752522406677107,-0.07643009389420205
5.335,0.4323567202600776,-0.3944784272686448,0.46734006636541414,-0.3764067356602884,-0.07648736166227393
5.336,0.4319617085964175,-0.3955447376090697,0.4669625062892563,-0.3775600761578736,-0.07648736166227393
5.337,0.431565631110182,-0.39661007198217335,0.4665837940259413,-0.3787122633149612,-0.07648736166227393
5.338,0.4311684887786519,-0.39767442775935136,0.4662039307276564,-0.37986329828489174,-0.07648736166227393
5.339,0.43077028258173694,-0.3987378023144105,0.4658229175454366,-0.3810131822198523,-0.07648736166227393
5.34,0.43037101350197177,-0.3998001930235786,0.4654407545781724,-0.3821629672641934,-0.07653991132804754
5.341,0.4299706825245127,-0.4008615972655135,0.46505744297564894,-0.38331160252349017,-0.07653991132804754
5.3420000000000005,0.42956929063713617,-0.40192201242130665,0.4646729838865014,-0.38445908914752763,-0.07653991132804754
5.343,0.4291668388302377,-0.402981435874487,0.4642873784582165,-0.38560542828494104,-0.07653991132804754
5.344,0.42876332809682616,-0.4040398650110346,0.46390062783713326,-0.38675062108321706,-0.07653991132804754
5.345,0.4283587594325251,-0.4050972972193785,0.4635127322118781,-0.38789562525513516,-0.07658773965006474
5.346,0.4279531338355666,-0.4061537298904124,0.46312369272745524,-0.38903948442288133,-0.07658773965006474
5.347,0.4275464523067919,-0.4072091604174922,0.46273351052772377,-0.39018219973145973,-0.07658773965006474
5.348,0.42713871584964774,-0.408263586196447,0.46234218675539906,-0.3913237723247296,-0.07658773965006474
5.349,0.42672992547018235,-0.40931700462558823,0.46194972255205363,-0.39246420334540616,-0.07658773965006474
5.3500000000000005,0.42632008217704587,-0.4103694131057097,0.46155611819603803,-0.3936043560156229,-0.07663084367810659
5.351,0.4259091869814863,-0.4114208090400967,0.46116137482750486,-0.3947433685331694,-0.07663084367810659
5.352,0.4254972408973457,-0.4124711898345367,0.46076549358546665,-0.39588124203819836,-0.07663084367810659
5.353,0.4250842449410612,-0.41352055289731715,0.4603684756077969,-0.3970179776697223,-0.07663084367810659
5.354,0.4246702001316581,-0.4145688956392414,0.4599703220312313,-0.39815357656561473,-0.07663084367810659
5.355,0.4242551074907519,-0.4156162154736255,0.45957103322382714,-0.3992888074041164,-0.07666922075336198
5.356,0.42383896804254195,-0.41666250981631325,0.45917061032081535,-0.4004229030117795,-0.07666922075336198
5.357,0.4234217828138105,-0.4177077760856782,0.4587690544562915,-0.40155586452383496,-0.07666922075336198
5.3580000000000005,0.42300355283392105,-0.41875201170262893,0.4583663667632171,-0.40268769307437835,-0.07666922075336198
5.359,0.422584279134815,-0.4197952140906165,0.45796254837342076,-0.4038183897963712,-0.07666922075336198
5.36,0.42216396275100754,-0.420837380675645,0.457557599744644,-0.404948628776747,-0.07670286850860861
5.361,0.4217426047195886,-0.4218785088862698,0.45715152200712583,-0.4060777375181424,-0.07670286850860861
5.362,0.42132020608021614,-0.4229185961536127,0.456744316289975,-0.40720571715079645,-0.07670286850860861
5.363,0.4208967678751175,-0.4239576399113608,0.45633598372117123,-0.40833256880381785,-0.07670286850860861
5.364,0.42047229114908463,-0.42499563759577563,0.45592652542756607,-0.4094582936051862,-0.07670286850860861
5.365,0.42004677694947085,-0.42603258664570337,0.4555159419565571,-0.41058347100894793,-0.07673178486834559
5.3660000000000005,0.4196202263261905,-0.42706848450257423,0.45510423443332176,-0.4117075232353059,-0.07673178486834559
5.367,0.41919264033171544,-0.428103328610412,0.4546914039819123,-0.4128304514094375,-0.07673178486834559
5.368,0.41876402002107055,-0.4291371164158441,0.4542774517252569,-0.413952256655395,-0.07673178486834559
5.369,0.4183343664518349,-0.4301698453680996,0.4538623787851608,-0.4150729400961065,-0.07673178486834559
5.37,0.4179036806841354,-0.43120151291902353,0.45344618579864376,-0.41619298651698894,-0.07675596804892584
5.371,0.4174719637806459,-0.43223211652308,0.4530288738857523,-0.4173119128914505,-0.07675596804892584
5.372,0.4170392168065859,-0.43326165363735475,0.45261044416541274,-0.41842972033953757,-0.07675596804892584
5.373,0.4166054408297146,-0.4342901217215695,0.4521908977554326,-0.41954640998017656,-0.07675596804892584
5.3740000000000006,0.41617063692033157,-0.43531751823808046,0.4517702357725014,-0.4206619829311749,-0.07675596804892584
5.375,0.4157348061512728,-0.4363438406518876,0.451348458943222,-0.4217768292794172,-0.07677541655867107
5.376,0.4152979495979062,-0.43736908643064476,0.4509255683824407,-0.42289056078131115,-0.07677541655867107
5.377,0.41486006833813316,-0.4383932530446576,0.450501565203889,-0.4240031785517033,-0.07677541655867107
5.378,0.41442116345238095,-0.4394163379668991,0.4500764505201847,-0.425114683704325,-0.07677541655867107
5.3790000000000004,0.4139812360236043,-0.44043833867300775,0.4496502254428329,-0.4262250773517941,-0.07677541655867107
5.38,0.41354028713728097,-0.4414592526412972,0.4492228907879745,-0.4273346548584014,-0.07679012919795478
5.381,0.4130983178814074,-0.44247907735276615,0.448794447665187,-0.4284431227875021,-0.07679012919795478
5.382,0.4126553293464999,-0.44349781029109614,0.4483648971829383,-0.42955048224867365,-0.07679012919795478
5.383,0.4122113226255876,-0.44451544894266715,0.44793424044858793,-0.4306567343503841,-0.07679012919795478
5.384,0.41176629881421384,-0.44553199079655476,0.44750247856838793,-0.4317618801999928,-0.07679012919795478
5.385,0.41132025901043034,-0.44654743334454405,0.44706961244796695,-0.4328661204209784,-0.07680010505928055
5.386,0.41087320431479535,-0.4475617740811327,0.4466356431915652,-0.433969256401743,-0.07680010505928055
5.3870000000000005,0.4104251358303724,-0.44857501050353465,0.44620057190231865,-0.4350712892465269,-0.07680010505928055
5.388,0.4099760546627264,-0.44958714011168854,0.44576439968226017,-0.43617222005846595,-0.07680010505928055
5.389,0.40952596191991963,-0.4505981604082675,0.4453271276323206,-0.4372720499395931,-0.07680010505928055
5.39,0.40907485871251204,-0.45160806889867716,0.4448887567475604,-0.43837088476020036,-0.07680534352734229
5.391,0.40862274615355504,-0.4526168630910709,0.4444492881268144,-0.439468620745987,-0.07680534352734229
5.392,0.40816962535859186,-0.45362454049634837,0.4440087228678186,-0.4405652589957879,-0.07680534352734229
5.393,0.40771549744565355,-0.4546310986281645,0.4435670620672113,-0.441660800607339,-0.07680534352734229
5.394,0.40726036353525463,-0.45563653500293944,0.44312430682053405,-0.4427552466772785,-0.07680534352734229
5.3950000000000005,0.4068042247503932,-0.4566408471398577,0.44268045821221785,-0.44384860831618234,-0.0768058442790555
5.396,0.406347082216547,-0.4576440325608779,0.4422355173356244,-0.4449408765934473,-0.0768058442790555
5.397,0.40588893706166856,-0.45864608879074187,0.441789485283022,-0.44603205260243495,-0.0768058442790555
5.398,0.40542979041618676,-0.45964701335697333,0.44134236314558656,-0.4471221374354136,-0.0768058442790555
5.399,0.4049696434129997,-0.4606468037898914,0.440894152013403,-0.44821113218355935,-0.0768058442790555
5.4,0.4045084971874738,-0.461645457622614,0.4404448530602059,-0.44929895319704727,-0.0768016072835748
5.401,0.4040463528774426,-0.46264297239105945,0.4399944673738164,-0.4503856863895217,-0.0768016072835748
5.402,0.40358321162320027,-0.4636393456339617,0.43954299604096764,-0.4514713328488037,-0.0768016072835748
5.4030000000000005,0.4031190745675023,-0.4646345748928676,0.439090440147306,-0.4525558936616264,-0.0768016072835748
5.404,0.40265394285556116,-0.4656286577121468,0.43863680077739237,-0.4536393699136363,-0.0768016072835748
5.405,0.40218781763504224,-0.46662159163900097,0.4381820791941926,-0.45472158319976885,-0.07679263280230965
5.406,0.4017207000560641,-0.4676133742234621,0.43772627647992,-0.45580271427261526,-0.07679263280230965
5.407,0.4012525912711919,-0.4686040030184076,0.4372693937157056,-0.45688276421438884,-0.07679263280230965
5.408,0.4007834924354381,-0.46959347557955816,0.4368114319815994,-0.45796173410622065,-0.07679263280230965
5.409,0.4003134047062579,-0.47058178946548757,0.43635239235657125,-0.45903962502816065,-0.07679263280230965
5.41,0.3998423292435451,-0.47156894223763174,0.43589227619274035,-0.46011616383091036,-0.07677892138889358
5.4110000000000005,0.39937026720963203,-0.47255493146028815,0.4354310845666455,-0.4611916260948573,-0.07677892138889358
5.412,0.39889721976928544,-0.47353975470062537,0.4349688185537489,-0.46226601289654035,-0.07677892138889358
5.413,0.3984231880897022,-0.47452340952869115,0.4345054792284375,-0.4633393253114217,-0.07677892138889358
5.414,0.3979481733405079,-0.4755058935174159,0.4340410676640236,-0.46441156441388814,-0.07677892138889358
5.415,0.3974721766937553,-0.47648720424261604,0.4335755853016964,-0.46548236232725737,-0.07676047388915502
5.416,0.3969951993239177,-0.47746733928300694,0.43310903321225364,-0.4665520894427132,-0.07676047388915502
5.417,0.39651724240789044,-0.47844629622020074,0.4326414124654226,-0.4676207468310536,-0.07676047388915502
5.418,0.3960383071249836,-0.4794240726387206,0.4321727241298606,-0.4686883355620056,-0.07676047388915502
5.4190000000000005,0.39555839465692294,-0.4804006661259995,0.4317029692731563,-0.46975485670422673,-0.07676047388915502
5.42,0.3950775061878453,-0.48137607427238865,0.43123214942548,-0.47081984767634394,-0.07673729144107058
5.421,0.39459564290429416,-0.482350294671168,0.4307602656518225,-0.471883773657489,-0.07673729144107058
5.422,0.39411280599522025,-0.48332332491854313,0.43028731901610984,-0.47294663571265294,-0.07673729144107058
5.423,0.3936289966519746,-0.4842951626136608,0.4298133105812041,-0.4740084349057617,-0.07673729144107058
5.424,0.3931442160683092,-0.4852658053586071,0.4293382414089044,-0.4750691722996774,-0.07673729144107058
5.425,0.3926584654403725,-0.48623525075841645,0.42886211311826755,-0.4761282906368714,-0.07670937547468562
5.426,0.39217174596670484,-0.4872034964210809,0.42838492676841183,-0.4771863498557282,-0.07670937547468562
5.4270000000000005,0.39168405884823915,-0.4881705399575483,0.42790668341739646,-0.4782433510153662,-0.07670937547468562
5.428,0.39119540528829444,-0.4891363789817359,0.42742738412222264,-0.47929929517384456,-0.07670937547468562
5.429,0.39070578649257426,-0.49010101111053317,0.4269470299388345,-0.48035418338816444,-0.07670937547468562
5.43,0.39021520366916534,-0.49106443396380384,0.4264656225750755,-0.4814073637590169,-0.0766767277120301
5.431,0.38972365802853093,-0.4920266451644001,0.425983163084126,-0.48245949094949847,-0.0766767277120301
5.432,0.38923115078351167,-0.4929876423381604,0.42549965251811317,-0.4835105660127896,-0.0766767277120301
5.433,0.3887376831493207,-0.4939474231139186,0.42501509192811215,-0.48456059000101737,-0.0766767277120301
5.434,0.38824325634353934,-0.4949059851235131,0.4245294823641469,-0.48560956396525695,-0.0766767277120301
5.4350000000000005,0.387747871586117,-0.49586332600178656,0.42404282562274226,-0.48665674140463205,-0.07663935016701864
5.436,0.387251530099367,-0.49681944338659423,0.4235551227510757,-0.4877028716665678,-0.07663935016701864
5.437,0.3867542331079614,-0.49777433491881384,0.4230663747952775,-0.4887479557982416,-0.07663935016701864
5.438,0.3862559818389324,-0.4987279982423433,0.4225765828004317,-0.48979199484578373,-0.07663935016701864
5.439,0.3857567775216641,-0.4996804310041153,0.4220857478105774,-0.4908349898542783,-0.07663935016701864
5.44,0.3852566213878943,-0.5006316308540955,0.4215938717108101,-0.49187609976733027,-0.07659724514531134
5.441,0.38475551467170893,-0.5015815954452918,0.42110095554223964,-0.49291616857046916,-0.07659724514531134
5.442,0.3842534586095386,-0.5025303224337621,0.4206070003449348,-0.4939551973048049,-0.07659724514531134
5.4430000000000005,0.38375045444015604,-0.5034778094786179,0.4201120071579244,-0.49499318701040634,-0.07659724514531134
5.444,0.38324650340467525,-0.5044240542420271,0.4196159770191981,-0.49603013872630214,-0.07659724514531134
5.445,0.38274160674654417,-0.5053690543892267,0.41911891190230566,-0.4970651168924595,-0.07655041524418527
5.446,0.3822357657115462,-0.5063128075885209,0.4186208128422252,-0.4980990600804508,-0.07655041524418527
5.447,0.3817289815477927,-0.5072553115112944,0.4181216808728999,-0.49913196932525405,-0.07655041524418527
5.448,0.38122125550572383,-0.5081965638320116,0.4176215170272391,-0.5001638456608125,-0.07655041524418527
5.449,0.38071258883810366,-0.5091365622282248,0.41712032233711904,-0.5011946901200354,-0.07655041524418527
5.45,0.3802029828000154,-0.5100753043805836,0.4166180988644221,-0.5022234726969628,-0.07649886335237173
5.4510000000000005,0.37969243864886204,-0.5110127879728338,0.4161148476379308,-0.5032512264913133,-0.07649886335237173
5.452,0.37918095764436094,-0.511949010691827,0.4156105696853989,-0.5042779525318694,-0.07649886335237173
5.453,0.3786685410485396,-0.5128839702275286,0.4151052660335525,-0.5053036518463849,-0.07649886335237173
5.454,0.37815519012573606,-0.513817664273017,0.4145989377080909,-0.506328325461586,-0.07649886335237173
5.455,0.37764090614259166,-0.5147500905244969,0.4140915868591018,-0.5073508489891219,-0.0764425926498718
5.456,0.37712569036805205,-0.5156812466812972,0.4135832145091087,-0.5083723499931302,-0.0764425926498718
5.457,0.3766095440733599,-0.5166111304458848,0.41307382167961254,-0.5093928294961345,-0.0764425926498718
5.458,0.3760924685320559,-0.5175397395238617,0.41256340939109293,-0.5104122885196358,-0.0764425926498718
5.4590000000000005,0.37557446501997155,-0.5184670716239795,0.4120519786630088,-0.5114307280841136,-0.0764425926498718
5.46,0.3750555348152301,-0.5193931244581362,0.4115395317335206,-0.5124469294881848,-0.07638160660776425
5.461,0.374535679198239,-0.520317895741391,0.41102606961882976,-0.5134621146908519,-0.07638160660776425
5.462,0.3740148994516916,-0.52124138319196,0.41051159333412146,-0.5144762847083163,-0.07638160660776425
5.463,0.37349319686055893,-0.5221635845312322,0.4099961038935657,-0.5154894405557633,-0.07638160660776425
5.464,0.3729705727120909,-0.5230844974837663,0.4094796023103184,-0.5165015832473628,-0.07638160660776425
5.465,0.37244702829581117,-0.5240041197773001,0.40896209091047453,-0.5175113998438754,-0.0763159089879956
5.466,0.37192256490351244,-0.5249224491427591,0.40844357070385073,-0.5185202066237914,-0.0763159089879956
5.4670000000000005,0.3713971838292565,-0.5258394833142559,0.4079240426992538,-0.5195280045969275,-0.0763159089879956
5.468,0.37087088636936955,-0.5267552200290987,0.4074035079044817,-0.5205347947720905,-0.0763159089879956
5.469,0.3703436738224371,-0.5276696570278003,0.40688196732632465,-0.5215405781570783,-0.0763159089879956
5.47,0.36981554748930484,-0.5285827920540763,0.40635942337866887,-0.522543947655784,-0.07624550384313901
5.471,0.3692865086730715,-0.5294946228548577,0.4058358770648839,-0.5235463137849911,-0.07624550384313901
5.472,0.368756558679087,-0.5304051471802937,0.40531132938733583,-0.5245476775480689,-0.07624550384313901
5.473,0.36822569881495165,-0.5313143627837542,0.40478578134738846,-0.5255480399473835,-0.07624550384313901
5.474,0.3676939303905081,-0.5322222674218418,0.40425923394540414,-0.526547401984299,-0.07624550384313901
5.4750000000000005,0.36716125471784267,-0.5331288588543913,0.4037316896829115,-0.5275442624926376,-0.07617039551615065
5.476,0.36662767311128025,-0.5340341348444773,0.40320314955677106,-0.528540126140468,-0.07617039551615065
5.477,0.3660931868873792,-0.5349380931584232,0.4026736145628464,-0.5295349939246505,-0.07617039551615065
5.478,0.3655577973649323,-0.5358407315658,0.4021430856960053,-0.5305288668410489,-0.07617039551615065
5.479,0.3650215058649589,-0.5367420478394391,0.40161156395012076,-0.5315217458845309,-0.07617039551615065
5.48,0.3644843137107055,-0.5376420397554309,0.40107905191420934,-0.5325120359114485,-0.07609058864010051
5.481,0.36394622222764095,-0.5385407050931342,0.400545550578561,-0.533501335648339,-0.07609058864010051
5.482,0.3634072327434512,-0.5394380416351834,0.4000110609324755,-0.5344896460854927,-0.07609058864010051
5.4830000000000005,0.36286734658804,-0.5403340471674887,0.3994755839642633,-0.5354769682122091,-0.07609058864010051
5.484,0.3623265650935232,-0.5412287194792448,0.3989391206612465,-0.5364633030167989,-0.07609058864010051
5.485,0.3617848895942249,-0.5421220563629374,0.3984016736997699,-0.5374469614765398,-0.07600608813788474
5.486,0.3612423214266749,-0.5430140556143478,0.3978632440634921,-0.5384296362778209,-0.07600608813788474
5.487,0.3606988619296074,-0.5439047150325543,0.3973238327350878,-0.5394113284043008,-0.07600608813788474
5.488,0.36015451244395347,-0.5447940324199455,0.39678344069624916,-0.5403920388386543,-0.07600608813788474
5.489,0.3596092743128426,-0.545682005582217,0.3962420689276866,-0.5413717685625733,-0.07600608813788474
5.49,0.3590631488815945,-0.5465686323283856,0.39569972019290817,-0.5423487347784492,-0.07591689922192785
5.4910000000000005,0.35851613749771993,-0.5474539104707865,0.39515639546888004,-0.5433247240281094,-0.07591689922192785
5.492,0.3579682415109157,-0.5483378378250832,0.3946120957315915,-0.5442997372885199,-0.07591689922192785
5.493,0.3574194622730596,-0.5492204122102746,0.39406682195605586,-0.5452737755356699,-0.07591689922192785
5.494,0.3568698011382109,-0.5501016314486944,0.3935205751163113,-0.5462468397445728,-0.07591689922192785
5.495,0.3563192594626026,-0.5509814933660234,0.39297335806285855,-0.5472170534527052,-0.07582302739385251
5.496,0.35576783860464234,-0.5518599957912892,0.3924251717659114,-0.5481862969471296,-0.07582302739385251
5.497,0.35521553992490673,-0.5527371365568731,0.3918760171947133,-0.5491545711980595,-0.07582302739385251
5.498,0.35466236478613666,-0.5536129134985195,0.3913258953175386,-0.5501218771747386,-0.07582302739385251
5.4990000000000006,0.3541083145532381,-0.5544873244553338,0.39077480710169316,-0.5510882158454409,-0.07582302739385251
5.5,0.3535533905932742,-0.5553603672697951,0.3902227554844947,-0.5520516171984783,-0.07572447844414423
5.501,0.3529975942754641,-0.5562320397877579,0.3896697414293445,-0.5530140551501627,-0.07572447844414423
5.502,0.35244092697118123,-0.5571023398584548,0.38911576589868063,-0.5539755306638954,-0.07572447844414423
5.503,0.35188339005394553,-0.557971265334509,0.3885608298539785,-0.5549360447021143,-0.07572447844414423
5.5040000000000004,0.35132498489942454,-0.5588388140719324,0.3880049342557522,-0.5558955982262951,-0.07572447844414423
5.505,0.3507657128854281,-0.5597049839301336,0.3874480821279551,-0.5568521277971048,-0.07562125845179973
5.506,0.35020557539190317,-0.5605697727719264,0.38689027442711676,-0.5578077008383437,-0.07562125845179973
5.507,0.3496445738009345,-0.5614331784635287,0.3863315121088102,-0.5587623183065414,-0.07562125845179973
5.508,0.3490827094967364,-0.5622951988745745,0.38577179612765294,-0.559715981157271,-0.07562125845179973
5.509,0.34851998386565397,-0.5631558318781131,0.3852111274373078,-0.5606686903451497,-0.07562125845179973
5.51,0.3479563982961573,-0.5640150753506173,0.3846495091481773,-0.5616182891304833,-0.07551337378394124
5.511,0.34739195417883656,-0.5648729271719912,0.3840869422098603,-0.5625669383170316,-0.07551337378394124
5.5120000000000005,0.3468266529064021,-0.5657293852255696,0.3835234275710059,-0.5635146388543935,-0.07551337378394124
5.513,0.3462604958736792,-0.5665844473981264,0.3829589661793147,-0.5644613916912179,-0.07551337378394124
5.514,0.3456934844776035,-0.5674381115798819,0.3823935589815395,-0.5654071977752055,-0.07551337378394124
5.515,0.3451256201172186,-0.5682903756645054,0.38182720917434015,-0.5663498071993389,-0.07540083109543173
5.516,0.3445569041936746,-0.5691412375491178,0.3812599177003261,-0.5672914740140482,-0.07540083109543173
5.517,0.34398733811022025,-0.5699906951343044,0.3806916855011641,-0.5682321991619428,-0.07540083109543173
5.518,0.3434169232722046,-0.5708387463241109,0.3801225135175794,-0.5691719835846895,-0.07540083109543173
5.519,0.3428456610870681,-0.5716853890260571,0.3795524026893564,-0.5701108282230134,-0.07540083109543173
5.5200000000000005,0.3422735529643442,-0.5725306211511355,0.37898135629921503,-0.5710463901413596,-0.07528363732846108
5.521,0.3417006003156534,-0.5733744406138189,0.37840937528271723,-0.5719810164977874,-0.07528363732846108
5.522,0.3411268045546981,-0.5742168453320685,0.3778364605744894,-0.5729147082278588,-0.07528363732846108
5.523,0.3405521670972637,-0.5750578332273325,0.3772626131082232,-0.5738474662662002,-0.07528363732846108
5.524,0.3399766893612096,-0.5758974022245587,0.3766878338166767,-0.5747792915465032,-0.07528363732846108
5.525,0.33940037276647056,-0.5767355502521931,0.3761121260684275,-0.5757077482491991,-0.07516179971211925
5.526,0.3388232187350512,-0.5775722752421881,0.37553549079193227,-0.5766352764951923,-0.07516179971211925
5.527,0.33824522869102036,-0.5784075751300096,0.37495792891471935,-0.5775618772129395,-0.07516179971211925
5.5280000000000005,0.33766640406051235,-0.5792414478546363,0.3743794413633894,-0.578487551329969,-0.07516179971211925
5.529,0.3370867462717181,-0.580073891358572,0.37380002906361653,-0.5794122997728814,-0.07516179971211925
5.53,0.3365062567548869,-0.5809049035878434,0.3732196954696282,-0.5803335939883475,-0.07503532576194791
5.531,0.33592493694231823,-0.5817344824920111,0.3726384415027186,-0.5812539669095981,-0.07503532576194791
5.532,0.33534278826836034,-0.5825626260241729,0.37205626808326064,-0.5821734194579274,-0.07503532576194791
5.533,0.3347598121694078,-0.5833893321409657,0.37147317613070696,-0.5830919525537085,-0.07503532576194791
5.534,0.3341760100838969,-0.5842145988025735,0.37088916656359056,-0.5840095671163937,-0.07503532576194791
5.535,0.3335913834522999,-0.5850384239727348,0.3703042429215757,-0.584923642014867,-0.07490422327948365
5.5360000000000005,0.3330059337171256,-0.5858608056187419,0.36971840611873724,-0.5858368028384419,-0.07490422327948365
5.537,0.33241966232291364,-0.5866817417114488,0.36913165706823603,-0.5867490505011931,-0.07490422327948365
5.538,0.33183257071622907,-0.5875012302252793,0.36854399668231974,-0.5876603859162816,-0.07490422327948365
5.539,0.33124466034566347,-0.5883192691382252,0.36795542587232377,-0.5885708099959549,-0.07490422327948365
5.54,0.33065593266182586,-0.5891358564318585,0.3673659482631308,-0.5894776091929943,-0.07476850035176691
5.541,0.33006638911734393,-0.5899509900913302,0.36677556476153994,-0.5903835015908366,-0.07476850035176691
5.542,0.3294760311668585,-0.5907646681053783,0.36618427627344363,-0.5912884880962811,-0.07476850035176691
5.543,0.32888486026701835,-0.591576888466334,0.3655920837038284,-0.5921925696152202,-0.07476850035176691
5.5440000000000005,0.3282928778764783,-0.5923876491701253,0.36499898795677577,-0.5930957470526402,-0.07476850035176691
5.545,0.3277000854558974,-0.5931969482162789,0.36440499274216315,-0.5939952146126045,-0.07462816535084832
5.546,0.32710648446793067,-0.5940047836079316,0.36381009895945815,-0.5948937827050089,-0.07462816535084832
5.547,0.3265120763772309,-0.5948111533518281,0.36321430750722883,-0.5957914522293208,-0.07462816535084832
5.548,0.3259168626504396,-0.5956160554583331,0.36261761928314473,-0.5966882240841085,-0.07462816535084832
5.549,0.32532084475618817,-0.5964194879414296,0.3620200351839777,-0.5975840991670414,-0.07462816535084832
5.55,0.3247240241650921,-0.5972214488187272,0.3614215590043711,-0.5984761796065399,-0.0744832269332769
5.551,0.32412640234974566,-0.5980219361114686,0.3608221916364055,-0.5993673679655989,-0.0744832269332769
5.5520000000000005,0.32352798078472184,-0.5988209478445302,0.3602219339712692,-0.6002576651362989,-0.0744832269332769
5.553,0.3229287609465671,-0.5996184820464293,0.3596207868992594,-0.6011470720098281,-0.0744832269332769
5.554,0.32232874431379543,-0.6004145367493311,0.35901875130978295,-0.6020355894764838,-0.0744832269332769
5.555,0.3217279323668896,-0.6012091099890481,0.35841583108201513,-0.6029202277677985,-0.07433369403955592
5.556,0.32112632658829204,-0.6020021998050513,0.3578120271005943,-0.6038039814208218,-0.07433369403955592
5.557,0.3205239284624065,-0.602793804240469,0.3572073402492741,-0.6046868513201921,-0.07433369403955592
5.558,0.31992073947558913,-0.6035839213420977,0.3566017714109244,-0.605568838349663,-0.07433369403955592
5.559,0.3193167611161502,-0.6043725491604,0.3559953214675323,-0.6064499433921045,-0.07433369403955592
5.5600000000000005,0.3187119948743449,-0.6051596857495171,0.35538799438256574,-0.6073270849665843,-0.07417957589359868
5.561,0.31810644224237505,-0.6059453291672657,0.35477979103316626,-0.6082033493994896,-0.07417957589359868
5.562,0.3175001047143804,-0.6067294774751509,0.3541707122955983,-0.609078737567962,-0.07417957589359868
5.563,0.31689298378643976,-0.6075121287383627,0.3535607590452501,-0.6099532503482661,-0.07417957589359868
5.564,0.3162850809565624,-0.6082932810257887,0.3529499321566343,-0.6108268886157898,-0.07417957589359868
5.565,0.3156763977246887,-0.6090729324100124,0.3523382356772671,-0.6116964793672172,-0.07402088200215794
5.566,0.3150669355926848,-0.6098510809673207,0.3517256704767392,-0.6125652005278931,-0.07402088200215794
5.567,0.31445669606433646,-0.610627724777711,0.3511122374237718,-0.6134330529674084,-0.07402088200215794
5.5680000000000005,0.31384568064534984,-0.6114028619248911,0.3504979373862173,-0.6143000375544841,-0.07402088200215794
5.569,0.3132338908433454,-0.6121764904962865,0.3498827712310603,-0.6151661551569728,-0.07402088200215794
5.57,0.31262132816785226,-0.612948608583047,0.3492667430896154,-0.6160281414449006,-0.07385762215423837
5.571,0.31200799413030933,-0.6137192142800464,0.34864985382386887,-0.6168892657465405,-0.07385762215423837
5.572,0.311393890244056,-0.6144883056858935,0.34803210429494497,-0.6177495289238787,-0.07385762215423837
5.573,0.31077901802433394,-0.6152558809029299,0.34741349536310695,-0.6186089318380396,-0.07385762215423837
5.574,0.31016337898827856,-0.6160219380372409,0.34679402788775765,-0.6194674753492863,-0.07385762215423837
5.575,0.3095469746549172,-0.6167864751986577,0.3461737060837553,-0.6203218040023468,-0.07368980642049232
5.5760000000000005,0.3089298065451671,-0.6175494905007597,0.3455525308054285,-0.6211752783267543,-0.07368980642049232
5.577,0.3083118761818298,-0.618310982060882,0.3449305029062517,-0.6220278991768374,-0.07368980642049232
5.578,0.30769318508958576,-0.6190709480001213,0.3443076232388456,-0.6228796674060705,-0.07368980642049232
5.579,0.307073734794995,-0.6198293864433356,0.34368389265497856,-0.6237305838670743,-0.07368980642049232
5.58,0.3064535268264883,-0.6205862955191552,0.3430593154527923,-0.6245772021862592,-0.07351744515260482
5.581,0.3058325627143678,-0.6213416733599813,0.34243389247890516,-0.6254229738871251,-0.07351744515260482
5.582,0.3052108439908014,-0.622095518101993,0.34180762457908886,-0.62626789981629,-0.07351744515260482
5.583,0.3045883721898169,-0.6228478278851556,0.3411805125982693,-0.6271119808195259,-0.07351744515260482
5.5840000000000005,0.3039651488473022,-0.6235986008532183,0.34055255738052753,-0.6279552177417584,-0.07351744515260482
5.585,0.30334117550099976,-0.6243478351537226,0.33992376330702384,-0.6287940735036696,-0.07334054898264479
5.586,0.302716453690501,-0.6250955289380082,0.339294131216614,-0.6296320904098188,-0.07334054898264479
5.587,0.30209098495724424,-0.6258416803612161,0.33866366194731495,-0.6304692692990619,-0.07334054898264479
5.588,0.30146477084451273,-0.6265862875822898,0.3380323563363055,-0.6313056110094157,-0.07334054898264479
5.589,0.3008378128974262,-0.6273293487639868,0.33740021521992747,-0.6321411163780593,-0.07334054898264479
5.59,0.3002101126629425,-0.628070862072876,0.3367672430620893,-0.6329721578381295,-0.07315912882241495
5.591,0.29958167168984806,-0.6288108256793485,0.3361334406938326,-0.6338023682567397,-0.07315912882241495
5.5920000000000005,0.29895249152875925,-0.6295492377576168,0.33549880894536765,-0.6346317484649313,-0.07315912882241495
5.593,0.29832257373211635,-0.6302860964857219,0.33486334864607475,-0.6354602992929147,-0.07315912882241495
5.594,0.29769191985417737,-0.6310214000455395,0.3342270606245047,-0.63628802157007,-0.07315912882241495
5.595,0.29706053145101957,-0.6317551466227798,0.33358994942703896,-0.6371111974657556,-0.07297319586278316
5.596,0.2964284100805296,-0.6324873344069974,0.3329520158768534,-0.6379335501855455,-0.07297319586278316
5.597,0.29579555730240487,-0.6332179615915912,0.3323132607963008,-0.6387550805526157,-0.07297319586278316
5.598,0.2951619746781473,-0.6339470263738102,0.33167368500691147,-0.6395757893893187,-0.07297319586278316
5.599,0.29452766377105777,-0.6346745269547612,0.3310332893293943,-0.6403956775171851,-0.07297319586278316
5.6000000000000005,0.2938926261462367,-0.6354004615394073,0.33039207839232315,-0.6412109370711275,-0.07278276157298191
5.601,0.2932568633705749,-0.6361248283365787,0.3297500530109576,-0.642025381365516,-0.07278276157298191
5.602,0.2926203770127553,-0.6368476255589707,0.329107213999742,-0.6428390112156102,-0.07278276157298191
5.603,0.29198316864324386,-0.6375688514231537,0.32846356217230616,-0.6436518274358541,-0.07278276157298191
5.604,0.29134523983428834,-0.6382885041495755,0.3278190983414663,-0.6444638308398779,-0.07278276157298191
5.605,0.2907065921599153,-0.6390065819625637,0.3271738272177032,-0.6452711237630362,-0.0725878376999077
5.606,0.29006722719592504,-0.6397230830903319,0.32652774960830994,-0.6460776093932713,-0.0725878376999077
5.607,0.28942714651988577,-0.6404380057649863,0.32588086631977203,-0.6468832885378761,-0.0725878376999077
5.6080000000000005,0.28878635171113354,-0.6411513482225256,0.3252331781577687,-0.6476881620033365,-0.0725878376999077
5.609,0.2881448443507666,-0.6418631087028474,0.3245846859271734,-0.6484922305953312,-0.0725878376999077
5.61,0.2875026260216391,-0.6425732854497549,0.3239353944200833,-0.6492915070900838,-0.07238843626739562
5.611,0.28685969830836244,-0.643281876710956,0.32328530443577497,-0.6500899843083416,-0.07238843626739562
5.612,0.28621606279729533,-0.6439888807380741,0.3226344167727256,-0.6508876630493812,-0.07238843626739562
5.613,0.28557172107654516,-0.6446942957866459,0.3219827322286139,-0.6516845441116798,-0.07238843626739562
5.614,0.28492667473596184,-0.6453981201161292,0.32133025160032097,-0.652480628292916,-0.07238843626739562
5.615,0.2842809253671316,-0.6461003519899091,0.32067697976126486,-0.6532718390561326,-0.07218456957547664
5.6160000000000005,0.2836344745633783,-0.6468009896752966,0.32002291750265627,-0.654062258608586,-0.07218456957547664
5.617,0.2829873239197543,-0.6475000314435386,0.31936806561491476,-0.654851887741487,-0.07218456957547664
5.618,0.2823394750330387,-0.64819747556982,0.3187124248876695,-0.655640727245255,-0.07218456957547664
5.619,0.2816909295017357,-0.648893320333265,0.31805599610976,-0.6564287779095193,-0.07218456957547664
5.62,0.2810416889260655,-0.6495875640169474,0.3173987842356244,-0.6572118741356021,-0.07197625019961738
5.621,0.2803917549079654,-0.6502802049078893,0.3167407900483589,-0.6579941872654589,-0.07197625019961738
5.622,0.2797411290510838,-0.6509712412970671,0.3160820143302767,-0.6587757180821858,-0.07197625019961738
5.623,0.27908981296077373,-0.651660671479419,0.3154224578629086,-0.659556467368096,-0.07197625019961738
5.6240000000000006,0.27843780824409364,-0.6523484937538437,0.3147621214270039,-0.6603364359047202,-0.07197625019961738
5.625,0.27778511650980114,-0.6530347064232073,0.3141010100577153,-0.6611113692886146,-0.07176349098995158
5.626,0.2771317393683468,-0.65371930779435,0.3134391245299762,-0.661885527739125,-0.07176349098995158
5.627,0.27647767843187504,-0.654402296178084,0.312776465617945,-0.6626589120311849,-0.07176349098995158
5.628,0.2758229353142149,-0.6550836698892054,0.312113034095006,-0.6634315229389527,-0.07176349098995158
5.6290000000000004,0.2751675116308814,-0.6557634272464904,0.3114488307337702,-0.6642033612358128,-0.07176349098995158
5.63,0.27451140899906573,-0.6564415665727069,0.31078386064979424,-0.6649700839759866,-0.07154630507047721
5.631,0.2738546290376375,-0.6571180861946121,0.3101181246098008,-0.6657360399934201,-0.07154630507047721
5.632,0.2731971733671352,-0.6577929844429619,0.30945162337974597,-0.6665012300548363,-0.07154630507047721
5.633,0.27253904360976466,-0.6584662596525126,0.30878435772481977,-0.667265654926191,-0.07154630507047721
5.634,0.27188024138939626,-0.6591379101620237,0.3081163284094471,-0.6680293153726744,-0.07154630507047721
5.635,0.27122076833155984,-0.6598079343142638,0.30744754062927304,-0.6687877801740667,-0.0713247058382513
5.636,0.27056062606343806,-0.6604763304560162,0.3067779951427624,-0.6695454865106577,-0.0713247058382513
5.6370000000000005,0.2698998162138671,-0.6611430969380792,0.30610769270762145,-0.670302435140912,-0.0713247058382513
5.638,0.2692383404133303,-0.6618082321152721,0.3054366340807989,-0.6710586268225361,-0.0713247058382513
5.639,0.268576200293952,-0.6624717343464414,0.3047648200184864,-0.6718140623124786,-0.0713247058382513
5.64,0.2679133974894986,-0.6631336019944599,0.304092255796097,-0.6725642223894176,-0.07109870696257002
5.641,0.26724993363536864,-0.6637938334262363,0.30341894216379073,-0.6733136323062796,-0.07109870696257002
5.642,0.26658581036859397,-0.6644524270127146,0.3027448798709775,-0.6740622928132247,-0.07109870696257002
5.643,0.26592102932783346,-0.6651093811288797,0.30207006966631783,-0.6748102046596629,-0.07109870696257002
5.644,0.26525559215336675,-0.6657646941537642,0.30139451229772357,-0.6755573685942546,-0.07109870696257002
5.6450000000000005,0.26458950048709545,-0.6664183644704468,0.3007182131200502,-0.6762991776733427,-0.07086832238411388
5.646,0.26392275597253373,-0.6670703904660619,0.30004117287510684,-0.6770402449433516,-0.07086832238411388
5.647,0.2632553602548067,-0.6677207705318007,0.29936339230396075,-0.6777805711460905,-0.07086832238411388
5.648,0.26258731498064847,-0.6683695030629135,0.2986848721469381,-0.6785201570226267,-0.07086832238411388
5.649,0.2619186217983928,-0.6690165864587192,0.29800561314362484,-0.6792590033132864,-0.07086832238411388
5.65,0.2612492823579744,-0.6696620191226025,0.29732562072798857,-0.679992415636255,-0.0706335663140957
5.651,0.2605792983109225,-0.6703057994620222,0.29664489563344165,-0.6807250945469007,-0.0706335663140957
5.652,0.2599086713103548,-0.6709479258885155,0.295963438592663,-0.6814570407786357,-0.0706335663140957
5.6530000000000005,0.2592374030109773,-0.6715883968176986,0.29528125033759883,-0.6821882550641389,-0.0706335663140957
5.654,0.2585654950690787,-0.6722272106692725,0.29459833159946347,-0.6829187381353568,-0.0706335663140957
5.655,0.25789294914252353,-0.6728643658670289,0.29391468789100156,-0.683643708461889,-0.07039445323338153
5.656,0.25721976689075343,-0.6734998608388494,0.29323031993718346,-0.6843679538180948,-0.07039445323338153
5.657,0.25654594997477725,-0.6741336940167145,0.2925452284622545,-0.6850914749289443,-0.07039445323338153
5.658,0.255871500057172,-0.6747658638367033,0.2918594141897358,-0.685814272518683,-0.07039445323338153
5.659,0.25519641880207655,-0.6753963687389989,0.291172877842425,-0.6865363473108319,-0.07039445323338153
5.66,0.25452070787518605,-0.6760252071678938,0.29048562501150366,-0.687252830921353,-0.07015099789159651
5.6610000000000005,0.25384436894374923,-0.6766523775717924,0.2897976564134554,-0.6879685980482636,-0.07015099789159651
5.662,0.25316740367656676,-0.6772778784032127,0.28910897276404735,-0.6886836494080473,-0.07015099789159651
5.663,0.25248981374398155,-0.6779017081187949,0.28841957477833086,-0.6893979857164712,-0.07015099789159651
5.664,0.25181160081788095,-0.6785238651792999,0.2877294631706423,-0.6901116076885866,-0.07015099789159651
5.665,0.2511327665716865,-0.6791443480496183,0.2870386436102553,-0.6908195603870224,-0.06990321530622115
5.666,0.2504533126803548,-0.6797631551987695,0.28634711680512254,-0.6915268051327598,-0.06990321530622115
5.667,0.24977324082037172,-0.680380285099908,0.2856548834624888,-0.6922333426337515,-0.06990321530622115
5.668,0.24909255266974537,-0.6809957362303283,0.28496194428889154,-0.6929391735972421,-0.06990321530622115
5.6690000000000005,0.24841124990800686,-0.6816095070714652,0.2842682999901618,-0.6936442987297693,-0.06990321530622115
5.67,0.2477293342162038,-0.6822215961088994,0.2835739563133155,-0.6943436768462726,-0.06965112076165501
5.671,0.24704680727689385,-0.6828320018323637,0.28287891395773085,-0.6950423555846594,-0.06965112076165501
5.672,0.2463636707741459,-0.6834407227357411,0.28218317362208656,-0.6957403356443079,-0.06965112076165501
5.673,0.24567992639352984,-0.6840477573170746,0.28148673600436264,-0.6964376177238967,-0.06965112076165501
5.674,0.2449955758221185,-0.6846531040785655,0.2807896018018412,-0.6971342025214059,-0.06965112076165501
5.675,0.24431062074847812,-0.6852567615265813,0.28009177683892617,-0.69782496291505,-0.0693947298082788
5.676,0.24362506286266644,-0.6858587281716582,0.27939326180637786,-0.6985150325483006,-0.0693947298082788
5.6770000000000005,0.24293890385623024,-0.6864590025285026,0.27869405739426595,-0.6992044121119179,-0.0693947298082788
5.678,0.24225214542219936,-0.6870575831159963,0.27799416429197,-0.6998931022959716,-0.0693947298082788
5.679,0.24156478925508046,-0.6876544684572028,0.27729358318818015,-0.7005811037898412,-0.0693947298082788
5.68,0.2408768370508581,-0.6882496570793655,0.27659231998432887,-0.7012632038512814,-0.06913405826150137
5.681,0.2401882905069844,-0.6888431475139167,0.2758903753625162,-0.7019446218126602,-0.06913405826150137
5.682,0.23949915132238028,-0.6894349382964774,0.2751877500041601,-0.7026253583560775,-0.06913405826150137
5.683,0.23880942119742896,-0.6900250279668619,0.27448444458999716,-0.7033054141629514,-0.06913405826150137
5.684,0.23811910183396942,-0.690613415069084,0.27378045980008314,-0.7039847899140185,-0.06913405826150137
5.6850000000000005,0.2374281949352968,-0.6912000981513562,0.27307580161251505,-0.7046581875681199,-0.06886912220077401
5.686,0.236736702206156,-0.6917850757660957,0.2723704707006905,-0.7053309118245673,-0.06886912220077401
5.687,0.23604462535273504,-0.6923683464699296,0.2716644677373337,-0.7060029633567583,-0.06886912220077401
5.688,0.23535196608266631,-0.6929499088236944,0.27095779339449627,-0.706674342837417,-0.06886912220077401
5.689,0.23465872610501692,-0.6935297613924433,0.27025044834355766,-0.7073450509385951,-0.06886912220077401
5.69,0.2339649071302868,-0.6941079027454483,0.26954243863891064,-0.7080097046470285,-0.06859993796859766
5.691,0.2332705108704069,-0.694684331456202,0.2688337649452089,-0.7086736937017535,-0.06859993796859766
5.692,0.23257553903872938,-0.695259046102425,0.2681244279264415,-0.7093370187674237,-0.06859993796859766
5.6930000000000005,0.23187999335002893,-0.6958320452660652,0.2674144282459334,-0.7099996805080282,-0.06859993796859766
5.694,0.23118387552049618,-0.6964033275333038,0.26670376656634653,-0.7106616795868921,-0.06859993796859766
5.695,0.2304871872677311,-0.6969728914945598,0.26599244901799585,-0.7113175483506958,-0.06832652216953118
5.696,0.2297899303107443,-0.6975407357444894,0.2652804762567501,-0.7119727612457357,-0.06832652216953118
5.697,0.2290921063699464,-0.6981068588819946,0.2645678489378222,-0.7126273189278806,-0.06832652216953118
5.698,0.22839371716714943,-0.6986712595102225,0.26385456771576987,-0.7132812220523433,-0.06832652216953118
5.699,0.22769476442556005,-0.6992339362365695,0.2631406332444962,-0.7139344712736816,-0.06832652216953118
5.7,0.22699524986977315,-0.6997948876726884,0.26242605172986044,-0.7145815146357909,-0.06804889166914815
5.7010000000000005,0.22629517522577214,-0.7003541124344864,0.2617108238189059,-0.7152279109545381,-0.06804889166914815
5.702,0.22559454222092237,-0.7009116091421316,0.260994950158029,-0.7158736608769665,-0.06804889166914815
5.703,0.22489335258396537,-0.7014673764200569,0.2602784313929795,-0.7165187650494724,-0.06804889166914815
5.704,0.22419160804501687,-0.7020214128969615,0.2595612681688617,-0.7171632241178059,-0.06804889166914815
5.705,0.22348931033556094,-0.7025737172058164,0.2588434667666962,-0.7178014021655481,-0.06776706359300472
5.706,0.22278646118844816,-0.703124287983865,0.25812502782466096,-0.7184389420352426,-0.06776706359300472
5.707,0.22208306233788977,-0.7036731238726277,0.25740595198029587,-0.7190758443650674,-0.06776706359300472
5.708,0.2213791155194509,-0.704220223517908,0.2566862398705033,-0.7197121097925625,-0.06776706359300472
5.7090000000000005,0.2206746224700511,-0.7047655855697913,0.2559658921315487,-0.72034773895463,-0.06776706359300472
5.71,0.21996958492795776,-0.7053092086826502,0.2552449151192265,-0.7209770123221871,-0.06748105532558793
5.711,0.21926400463277937,-0.70585109151515,0.2545233094628101,-0.7216056564163768,-0.06748105532558793
5.712,0.21855788332546675,-0.7063912327302475,0.25380107579094363,-0.7222336718664721,-0.06748105532558793
5.713,0.2178512227483024,-0.7069296309951991,0.2530782147316425,-0.7228610593011174,-0.06748105532558793
5.714,0.21714402464490187,-0.7074662849815602,0.25235472691229416,-0.7234878193483281,-0.06748105532558793
5.715,0.21643629076020698,-0.7080011933651894,0.251630618763075,-0.7241081492191644,-0.06719088450923275
5.716,0.21572802284047915,-0.708534354826255,0.25090589090431487,-0.7247278587601299,-0.06719088450923275
5.7170000000000005,0.21501922263330064,-0.7090657680492327,0.2501805439557233,-0.7253469485915545,-0.06719088450923275
5.718,0.21430989188756472,-0.709595431722914,0.24945457853639016,-0.7259654193331475,-0.06719088450923275
5.719,0.2136000323534737,-0.7101233445404069,0.24872799526478617,-0.726583271603999,-0.06719088450923275
5.72,0.21288964578253697,-0.7106495051991378,0.2480008006450729,-0.7271946197132558,-0.06689656904304005
5.721,0.2121787339275612,-0.7111739124008588,0.2472729952885985,-0.7278053564744034,-0.06689656904304005
5.722,0.21146729854265156,-0.7116965648516467,0.2465445798060997,-0.7284154824987897,-0.06689656904304005
5.723,0.2107553413832049,-0.712217461261908,0.24581555480770254,-0.7290249983971517,-0.06689656904304005
5.724,0.21004286420590315,-0.7127366003463834,0.24508592090292292,-0.7296339047796154,-0.06689656904304005
5.7250000000000005,0.2093298687687137,-0.7132539808241487,0.24435568466950644,-0.7302362334164714,-0.0665981270817784
5.726,0.20861635683088275,-0.7137696014186182,0.24362484670978174,-0.7308379597246905,-0.0665981270817784
5.727,0.20790233015292844,-0.7142834608575505,0.24289340762547515,-0.7314390843066013,-0.0665981270817784
5.728,0.20718779049664227,-0.7147955578730474,0.2421613680177112,-0.7320396077639303,-0.0665981270817784
5.729,0.20647273962507814,-0.7153058912015615,0.2414287284870134,-0.732639530697802,-0.0665981270817784
5.73,0.20575717930255386,-0.7158144595838956,0.24069549568430562,-0.7332328027077991,-0.06629557703474719
5.731,0.20504111129464417,-0.716321261765207,0.23996167020285983,-0.7338254814457863,-0.06629557703474719
5.732,0.2043245373681749,-0.7168262964950125,0.2392272526353548,-0.7344175675050355,-0.06629557703474719
5.7330000000000005,0.20360745929122015,-0.7173295625271895,0.23849224357387658,-0.7350090614782254,-0.06629557703474719
5.734,0.20288987883310045,-0.7178310586199781,0.23775664360991913,-0.7355999639574421,-0.06629557703474719
5.735,0.2021717977643726,-0.7183307835359876,0.23702045946717434,-0.7361841427447778,-0.0659889375646567
5.736,0.20145321785683187,-0.7188287360421952,0.23628369172982103,-0.7367677373533262,-0.0659889375646567
5.737,0.20073414088350117,-0.7193249149099539,0.23554634098145377,-0.737350748367266,-0.0659889375646567
5.738,0.2000145686186322,-0.7198193189149911,0.23480840780508358,-0.7379331763701918,-0.0659889375646567
5.739,0.19929450283769887,-0.7203119468374134,0.23406989278313847,-0.7385150219451148,-0.0659889375646567
5.74,0.19857394531739023,-0.7208027974617115,0.23333080271166357,-0.7390900714748991,-0.06567822758647551
5.7410000000000005,0.19785289783561116,-0.7212918695767597,0.23259113816570842,-0.7396645459551537,-0.06567822758647551
5.742,0.1971313621714755,-0.7217791619758208,0.23185089971974748,-0.7402384459609281,-0.06567822758647551
5.743,0.19640934010529912,-0.7222646734565502,0.2311100879476808,-0.7408117720666967,-0.06567822758647551
5.744,0.1956868334186013,-0.7227484028209955,0.23036870342283441,-0.7413845248463595,-0.06567822758647551
5.745,0.19496384389409388,-0.7232303488756037,0.22962675301318758,-0.7419504096468382,-0.0653634662662543
5.746,0.19424037331568322,-0.7237105104312196,0.22888423728462506,-0.7425157285625165,-0.0653634662662543
5.747,0.19351642346846032,-0.7241888863030931,0.22814115680246577,-0.743080482159279,-0.0653634662662543
5.748,0.19279199613869855,-0.7246654753108795,0.22739751213146334,-0.7436446710024448,-0.0653634662662543
5.7490000000000006,0.1920670931138512,-0.7251402762786426,0.22665330383580656,-0.7442082956567675,-0.0653634662662543
5.75,0.19134171618254525,-0.7256132880348575,0.22590853885498505,-0.7447649808215098,-0.06504467301994962
5.751,0.1906158671345745,-0.7260845094124158,0.22516321774568396,-0.7453211093010873,-0.06504467301994962
5.752,0.189889547760901,-0.7265539392486244,0.22441734106403177,-0.7458766816521852,-0.06504467301994962
5.753,0.18916275985364395,-0.7270215763852131,0.22367090936560083,-0.746431698430932,-0.06504467301994962
5.7540000000000004,0.18843550520608107,-0.7274874196683332,0.22292392320540794,-0.7469861601929001,-0.06504467301994962
5.755,0.18770778561264173,-0.7279514679485621,0.222176389594025,-0.7475336113829518,-0.06472186751223102
5.756,0.18697960286890003,-0.728413720080908,0.22142830907890318,-0.7480805151218135,-0.06472186751223102
5.757000000000001,0.18625095877157538,-0.7288741749248089,0.22067968220694625,-0.7486268719569363,-0.06472186751223102
5.758,0.18552185511852542,-0.7293328313441378,0.21993050952451104,-0.7491726824352241,-0.06472186751223102
5.759,0.1847922937087393,-0.729789688207207,0.219180791577408,-0.7497179471030334,-0.06472186751223102
5.76,0.184062276342339,-0.7302447443867662,0.21843053544685895,-0.7502561305490355,-0.06439506965525786
5.761,0.18333180482056885,-0.73069799876001,0.21767974167104737,-0.7507937758115917,-0.06439506965525786
5.7620000000000005,0.182600880945794,-0.731149450208579,0.2169284107876185,-0.7513308834288852,-0.06439506965525786
5.763,0.18186950652149803,-0.7315990976185605,0.21617654333367992,-0.7518674539385615,-0.06439506965525786
5.764,0.18113768335227304,-0.7320469398804953,0.2154241398458022,-0.752403487877728,-0.06439506965525786
5.765,0.18040541324382153,-0.732492975889376,0.2146712074754202,-0.7529323703819994,-0.06406429960745572
5.766,0.1796726980029456,-0.7329372045446543,0.21391774675141645,-0.7534607240037665,-0.06406429960745572
5.767,0.17893953943754812,-0.7333796247502393,0.21316375820214453,-0.7539885492719118,-0.06406429960745572
5.768,0.1782059393566257,-0.733820235414503,0.21240924235542974,-0.754515846714789,-0.06406429960745572
5.769,0.17747189957026208,-0.7342590354502833,0.21165419973856953,-0.7550426168602233,-0.06406429960745572
5.7700000000000005,0.17673742188962818,-0.734696023774884,0.21089863757277072,-0.7555621657988087,-0.06372957777228087
5.771,0.17600250812697557,-0.7351311993100796,0.21014255637758225,-0.7560811951884555,-0.06372957777228087
5.772,0.17526716009562923,-0.7355645609821185,0.20938595667203355,-0.7565997055487127,-0.06372957777228087
5.773,0.17453137960998896,-0.7359961077217233,0.20862883897463494,-0.7571176973986096,-0.06372957777228087
5.774,0.17379516848551832,-0.7364258384640957,0.20787120380337828,-0.7576351712566566,-0.06372957777228087
5.775,0.17305852853874676,-0.7368537521489174,0.20711305844879693,-0.7581453545813388,-0.06339092479694128
5.776,0.17232146158725842,-0.7372798477203544,0.20635440342107422,-0.7586550277226963,-0.06339092479694128
5.777,0.17158396944969442,-0.7377041241270577,0.20559523922988332,-0.7591641911909125,-0.06339092479694128
5.7780000000000005,0.17084605394574165,-0.7381265803221679,0.20483556638438766,-0.7596728454956604,-0.06339092479694128
5.779,0.1701077168961349,-0.7385472152633159,0.20407538539324155,-0.7601809911461036,-0.06339092479694128
5.78,0.16936896012264577,-0.7389660279126276,0.20331470361585516,-0.7606817773863804,-0.06304836157114875
5.781,0.16862978544808485,-0.7393830172367232,0.20255352155301473,-0.761182062840417,-0.06304836157114875
5.782,0.1678901946962905,-0.7397981822067242,0.20179183970500572,-0.7616818480089995,-0.06304836157114875
5.783,0.1671501896921302,-0.7402115217982518,0.2010296585716133,-0.7621811333924134,-0.06304836157114875
5.784,0.1664097722614936,-0.7406230349914311,0.20026697865212287,-0.762679919490444,-0.06304836157114875
5.785,0.1656689442312854,-0.7410327207708952,0.1995038073743674,-0.7631712777554698,-0.06270190922581032
5.7860000000000005,0.16492770742942597,-0.7414405781257848,0.19874014522970518,-0.7636621446622305,-0.06270190922581032
5.787,0.16418606368484426,-0.7418466060497517,0.1979759927090031,-0.7641525207020845,-0.06270190922581032
5.788,0.16344401482747084,-0.7422508035409635,0.1972113503026372,-0.7646424063658986,-0.06270190922581032
5.789,0.16270156268823918,-0.742653169602102,0.19644621850049315,-0.765131802144049,-0.06270190922581032
5.79,0.16195870909907525,-0.7430537032403697,0.1956806047983686,-0.7656137021245396,-0.06235158913173201
5.791,0.16121545589289563,-0.7434524034674896,0.19491450967816354,-0.7660951202050497,-0.06235158913173201
5.792,0.16047180490360538,-0.7438492692997082,0.19414793362129606,-0.7665760568674792,-0.06235158913173201
5.793,0.15972775796608774,-0.7442442997577989,0.19338087710870283,-0.7670565125932464,-0.06235158913173201
5.7940000000000005,0.15898331691620537,-0.7446374938670632,0.19261334062083954,-0.7675364878632878,-0.06235158913173201
5.795,0.1582384835907934,-0.7450288506573332,0.19184533172100615,-0.7680088998333906,-0.0619974228983059
5.796,0.1574932598276524,-0.7454183691629757,0.19107685088161463,-0.7684808393915233,-0.0619974228983059
5.797,0.1567476474655495,-0.7458060484228917,0.19030789857460453,-0.768952307010098,-0.0619974228983059
5.798,0.15600164834420752,-0.7461918874805221,0.1895384752714435,-0.769423303161054,-0.0619974228983059
5.799,0.15525526430430586,-0.7465758853838468,0.18876858144312764,-0.7698938283158591,-0.0619974228983059
5.8,0.1545084971874739,-0.7469580411853889,0.18799822471999264,-0.7703567231349865,-0.06163943237216644
5.801,0.15376134883628348,-0.7473383539422177,0.18722740556493334,-0.7708191550592949,-0.06163943237216644
5.8020000000000005,0.15301382109424977,-0.7477168227159487,0.18645612444038165,-0.771281124551679,-0.06163943237216644
5.803,0.15226591580582402,-0.7480934465727478,0.18568438180830707,-0.7717426320745706,-0.06163943237216644
5.804,0.15151763481638733,-0.7484682245833332,0.18491217813021713,-0.7722036780899394,-0.06163943237216644
5.805,0.1507689799722478,-0.7488411558229777,0.18413952110301257,-0.7726570272045664,-0.06127763963585013
5.806,0.15001995312063857,-0.74921223937151,0.1833664111800425,-0.7731099229700789,-0.06127763963585013
5.807,0.1492705561097072,-0.7495814743133192,0.18259284881420265,-0.7735623658398257,-0.06127763963585013
5.808,0.148520790788518,-0.7499488597373537,0.18181883445793595,-0.7740143562667029,-0.06127763963585013
5.809,0.1477706590070407,-0.7503143947371275,0.1810443685632328,-0.7744658947031532,-0.06127763963585013
5.8100000000000005,0.14702016261615178,-0.7506780784107187,0.18026945889308424,-0.7749096701485787,-0.06091206700643169
5.811,0.14626930346762726,-0.7510399098607737,0.1794941058912657,-0.7753530018185587,-0.06091206700643169
5.812,0.1455180834141358,-0.7513998881945103,0.17871831000110883,-0.7757958901568688,-0.06091206700643169
5.813,0.1447665043092399,-0.7517580125237169,0.177942071665502,-0.7762383356068405,-0.06091206700643169
5.814,0.14401456800738457,-0.7521142819647579,0.17716539132689063,-0.7766803386113623,-0.06091206700643169
5.815,0.14326227636389874,-0.7524686956385738,0.1763882768138772,-0.7771145130134339,-0.06054273703414722
5.816,0.14250963123498814,-0.7528212526706833,0.1756107285606361,-0.7775482532411034,-0.06054273703414722
5.817,0.14175663447772807,-0.7531719521911883,0.17483274700090753,-0.7779815597285453,-0.06054273703414722
5.8180000000000005,0.14100328795006487,-0.7535207933347712,0.17405433256799804,-0.7784144329094997,-0.06054273703414722
5.819,0.14024959351080454,-0.7538677752407024,0.17327548569478077,-0.7788468732172732,-0.06054273703414722
5.82,0.1394955530196149,-0.7542128970528374,0.17249621427498668,-0.779271419794076,-0.06016967250100104
5.821,0.138741168337015,-0.7545561579196232,0.17171651873316238,-0.7796955418243019,-0.06016967250100104
5.822,0.1379864413243732,-0.7548975569940978,0.17093639949342987,-0.7801192397324976,-0.06016967250100104
5.823,0.1372313738439043,-0.7552370934338928,0.1701558569794871,-0.7805425139427852,-0.06016967250100104
5.824,0.13647596775866305,-0.7555747664012352,0.16937489161460823,-0.7809653648788624,-0.06016967250100104
5.825,0.1357202249325372,-0.7559105750629513,0.16859351135716585,-0.7813802574423708,-0.05979289641936877
5.8260000000000005,0.13496414723024786,-0.7562445185904664,0.16781171662205255,-0.7817947351133159,-0.05979289641936877
5.827,0.13420773651734247,-0.7565765961598075,0.16702950782374595,-0.78220879830659,-0.05979289641936877
5.828,0.13345099466018756,-0.7569068069516071,0.16624688537630927,-0.7826224474366708,-0.05979289641936877
5.829,0.13269392352597015,-0.7572351501511019,0.16546384969339165,-0.7830356829176215,-0.05979289641936877
5.83,0.13193652498268632,-0.7575616249481387,0.16468040879751633,-0.7834408958753152,-0.05941243203056582
5.831,0.1311788008991425,-0.7578862305371729,0.16389656309389627,-0.7838457036200511,-0.05941243203056582
5.832,0.13042075314494844,-0.7582089661172721,0.16311231298733922,-0.7842501065570424,-0.05941243203056582
5.833,0.12966238359051072,-0.7585298308921187,0.16232765888224812,-0.7846541050910967,-0.05941243203056582
5.8340000000000005,0.12890369410702998,-0.7588488240700112,0.1615426011826215,-0.7850576996266169,-0.05941243203056582
5.835,0.12814468656649886,-0.7591659448638649,0.16075714797463844,-0.7854532079830586,-0.05902830280341972
5.836,0.12738536284169125,-0.7594811924912165,0.1599712996538073,-0.785848320831144,-0.05902830280341972
5.837,0.12662572480616469,-0.759794566174223,0.1591850566152409,-0.7862430385663812,-0.05902830280341972
5.838,0.1258657743342488,-0.7601060651396668,0.15839841925365702,-0.7866373615838832,-0.05902830280341972
5.839,0.1251055133010467,-0.7604156886189548,0.15761138796337865,-0.7870312902783677,-0.05902830280341972
5.84,0.12434494358242774,-0.7607234358481215,0.1568239708937419,-0.787417069636746,-0.05864053243282795
5.841,0.12358406705502041,-0.7610293060678318,0.15603616843052612,-0.7878024632157657,-0.05864053243282795
5.8420000000000005,0.12282288559621275,-0.761333298523381,0.1552479809591249,-0.7881874714012065,-0.05864053243282795
5.843,0.1220614010841452,-0.7616354124646979,0.15445940886454643,-0.7885720945784619,-0.05864053243282795
5.844,0.12129961539770338,-0.7619356471463467,0.1536704525314139,-0.78895633313254,-0.05864053243282795
5.845,0.12053753041651948,-0.7622340018275275,0.15288112017171773,-0.7893323596961731,-0.05824914483828511
5.846,0.11977514802096069,-0.7625304757720808,0.1520914121614845,-0.7897080102332427,-0.05824914483828511
5.847,0.11901247009213152,-0.7628250682484856,0.15130132887636472,-0.7900832851197751,-0.05824914483828511
5.848,0.1182494985118622,-0.763117778529865,0.1505108706916333,-0.790458184731421,-0.05824914483828511
5.849,0.11748623516271102,-0.7634086058939848,0.14972003798218983,-0.7908327094434553,-0.05824914483828511
5.8500000000000005,0.11672268192795267,-0.7636975496232582,0.14892883902217258,-0.7911989600172601,-0.05785416416241519
5.851,0.11595884069158058,-0.7639846090047444,0.1481372741778321,-0.7915648443404911,-0.05785416416241519
5.852,0.11519471333829534,-0.7642697833301538,0.1473453438150527,-0.791930362779399,-0.05785416416241519
5.853,0.11443030175350699,-0.7645530718958463,0.14655304829935284,-0.7922955156998679,-0.05785416416241519
5.854,0.11366560782332337,-0.7648344740028362,0.14576038799588542,-0.7926603034674163,-0.05785416416241519
5.855,0.1129006334345516,-0.7651139889567914,0.14496737124042608,-0.7930167554593385,-0.05745561476948015
5.856,0.11213538047469084,-0.7653916160680363,0.14417399838942682,-0.7933728509992687,-0.05745561476948015
5.857,0.11136985083192492,-0.7656673546515542,0.14338026979898316,-0.7937285904436591,-0.05745561476948015
5.8580000000000005,0.11060404639512304,-0.7659412040269873,0.14258618582483457,-0.794083974148605,-0.05745561476948015
5.859,0.10983796905383236,-0.766213163518639,0.14179174682236473,-0.794439002469846,-0.05745561476948015
5.86,0.10907162069827084,-0.7664832324554771,0.14099696118847246,-0.7947856338922537,-0.057053521243877116
5.861,0.10830500321932861,-0.7667514101711327,0.14020182926978922,-0.795131918683239,-0.057053521243877116
5.862,0.10753811850855723,-0.7670176960039041,0.13940635141259977,-0.7954778571894333,-0.057053521243877116
5.863,0.1067709684581676,-0.767282089296758,0.13861052796284265,-0.7958234497571214,-0.057053521243877116
5.864,0.10600355496102795,-0.7675445893973294,0.1378143592661104,-0.7961686967322418,-0.057053521243877116
5.865,0.10523587991065307,-0.7678051956579263,0.13701785377990713,-0.796505486203282,-0.05664790838862002
5.8660000000000005,0.10446794520120571,-0.768063907435528,0.13622101184102228,-0.7968419388848511,-0.05664790838862002
5.867,0.10369975272748927,-0.7683207240917889,0.13542383378590855,-0.7971780551137386,-0.05664790838862002
5.868,0.10293130438494061,-0.7685756449930398,0.13462631995068217,-0.7975138352263973,-0.05664790838862002
5.869,0.10216260206963135,-0.7688286695102883,0.13382847067112322,-0.7978492795589432,-0.05664790838862002
5.87,0.10139364767825629,-0.7690797970192221,0.13303029446481934,-0.7981762063038607,-0.056238801223817525
5.871,0.10062444310813483,-0.7693290269002088,0.1322317916586973,-0.7985028061220332,-0.056238801223817525
5.872,0.09985499025720365,-0.769576358538298,0.1314329625793569,-0.7988290793403875,-0.056238801223817525
5.873,0.09908529102400944,-0.769821791323224,0.13063380755307138,-0.7991550262855235,-0.056238801223817525
5.8740000000000006,0.0983153473077094,-0.7700653246494057,0.12983432690578767,-0.7994806472837143,-0.056238801223817525
5.875,0.09754516100806399,-0.7703069579159486,0.12903452921465153,-0.7997976911361329,-0.05582622498511767
5.876,0.09677473402543046,-0.7705466905266467,0.12823441479670683,-0.8001144179446991,-0.05582622498511767
5.877,0.09600406826075995,-0.770784521889984,0.1274339839686804,-0.8004308280264567,-0.05582622498511767
5.878,0.09523316561559537,-0.7710204514191347,0.12663323704698226,-0.8007469216981326,-0.05582622498511767
5.8790000000000004,0.0944620279920606,-0.7712544785319666,0.12583217434770613,-0.8010626992761368,-0.05582622498511767
5.88,0.09369065729286284,-0.7714866026510407,0.12503080450702683,-0.8013698406793038,-0.05541020512215776
5.881,0.09291905542128084,-0.7717168232036142,0.12422912783208577,-0.8016766749410676,-0.05541020512215776
5.882000000000001,0.09214722428116641,-0.7719451396216406,0.1234271446297172,-0.8019832023685697,-0.05541020512215776
5.883,0.09137516577693701,-0.7721715513417714,0.12262485520644856,-0.8022894232686443,-0.05541020512215776
5.884,0.09060288181356853,-0.772396057805359,0.12182225986850073,-0.8025953379478188,-0.05541020512215776
5.885,0.0898303742965966,-0.7726186584584552,0.12101936731054493,-0.8028925579558109,-0.0549907672969992
5.886,0.08905764513210501,-0.7728393527518158,0.12021617782980112,-0.8031894807437951,-0.0549907672969992
5.8870000000000005,0.08828469622672701,-0.773058140140899,0.11941269172319213,-0.8034861066089913,-0.0549907672969992
5.888,0.08751152948763806,-0.7732750200858688,0.11860890928734381,-0.8037824358483223,-0.0549907672969992
5.889,0.0867381468225485,-0.7734899920515956,0.1178048308185854,-0.8040784687584139,-0.0549907672969992
5.89,0.0859645501397049,-0.7737030555076573,0.11700046506954809,-0.8043657490373062,-0.05456793738253399
5.891,0.08519074134787846,-0.7739142099283413,0.11619581232751217,-0.8046527420359195,-0.05456793738253399
5.892,0.08441672235636717,-0.7741234547926444,0.11539087287947063,-0.8049394480415343,-0.05456793738253399
5.893,0.08364249507498508,-0.7743307895842764,0.11458564701212948,-0.8052258673411434,-0.05456793738253399
5.894,0.08286806141406018,-0.7745362137916592,0.11378013501190802,-0.805512000221453,-0.05456793738253399
5.8950000000000005,0.08209342328443141,-0.7747397269079288,0.11297434568885757,-0.8057893230504495,-0.054141741460895974
5.896,0.08131858259744222,-0.7749413284309365,0.11216827932030095,-0.806066368556617,-0.054141741460895974
5.897,0.08054354126493325,-0.7751410178632514,0.11136193618328367,-0.8063431370172782,-0.054141741460895974
5.898,0.07976830119924368,-0.7753387947121589,0.11055531655457419,-0.8066196287094789,-0.054141741460895974
5.899,0.07899286431319955,-0.7755346584896649,0.10974842071066421,-0.8068958439099874,-0.054141741460895974
5.9,0.07821723252011517,-0.7757286087124946,0.10894125751848169,-0.8071631921825144,-0.05371220582185025
5.901,0.07744140773378579,-0.775920644902095,0.10813382724537492,-0.807430273106769,-0.05371220582185025
5.902,0.07666539186848015,-0.7761107665846364,0.10732613015842482,-0.8076970869500992,-0.05371220582185025
5.9030000000000005,0.07588918683894116,-0.776298973291012,0.10651816652444523,-0.8079636339795861,-0.05371220582185025
5.904,0.07511279456037846,-0.7764852645568405,0.1057099366099832,-0.8082299144620436,-0.05371220582185025
5.905,0.07433621694846192,-0.7766696399224668,0.10490144933829638,-0.808487271686805,-0.05327935696116952
5.906,0.07355945591931871,-0.7768520989329633,0.10409270496674204,-0.8087443715543416,-0.05327935696116952
5.907,0.07278251338953125,-0.77703264113813,0.10328370375242003,-0.8090012143220107,-0.05327935696116952
5.908,0.07200539127612621,-0.7772112660924975,0.10247444595217312,-0.8092578002469121,-0.05327935696116952
5.909,0.07122809149657691,-0.777387973355326,0.10166493182258722,-0.8095141295858885,-0.05327935696116952
5.91,0.07045061596879156,-0.7775627624906083,0.10085517034269934,-0.8097614798878828,-0.05284322157900726
5.9110000000000005,0.06967296661111458,-0.7777356330670693,0.10004516175985977,-0.8100085828395751,-0.05284322157900726
5.912,0.06889514534231936,-0.777906584658168,0.09923490632117145,-0.8102554386883157,-0.05284322157900726
5.913,0.06811715408160078,-0.7780756168420987,0.09842440427349024,-0.8105020476812076,-0.05284322157900726
5.914,0.06733899474857671,-0.7782427292017907,0.09761365586342513,-0.8107484100651066,-0.05284322157900726
5.915,0.06656066926327621,-0.7784079213249115,0.09680267012523852,-0.8109857381866062,-0.05240382657823934
5.916,0.06578217954614088,-0.7785711928038658,0.09599144729625854,-0.8112228289799844,-0.05240382657823934
5.917,0.06500352751801763,-0.7787325432357971,0.09517998761357598,-0.8114596826825692,-0.05240382657823934
5.918,0.06422471510015115,-0.7788919722225895,0.09436829131404452,-0.8116962995314514,-0.05240382657823934
5.9190000000000005,0.06344574421418545,-0.7790494793708678,0.09355635863428104,-0.8119326797634847,-0.05240382657823934
5.92,0.06266661678215195,-0.7792050642919989,0.09274419866321607,-0.8121599710649775,-0.05196119906281242
5.921,0.06188733472647194,-0.7793587266020922,0.0919318116281409,-0.8123870350751687,-0.05196119906281242
5.922,0.06110789996994553,-0.7795104659220012,0.09111919775611955,-0.8126138720213498,-0.05196119906281242
5.923,0.06032831443574961,-0.7796602818773248,0.09030635727398897,-0.8128404821305847,-0.05196119906281242
5.924,0.05954858004743489,-0.7798081740984065,0.08949329040835927,-0.8130668656297103,-0.05196119906281242
5.925,0.058768698728919336,-0.779954142220337,0.08868000630226847,-0.8132841060908019,-0.05151536633606786
5.926,0.0579886724044808,-0.7800981858829545,0.08786650517295704,-0.8135011293114325,-0.05151536633606786
5.9270000000000005,0.0572085029987576,-0.7802403047308457,0.08705278723744819,-0.8137179355088424,-0.05151536633606786
5.928,0.05642819243674106,-0.7803804984133462,0.08623885271254814,-0.8139345249000549,-0.05151536633606786
5.929,0.05564774264376816,-0.7805187665845424,0.08542470181484627,-0.8141508977018762,-0.05151536633606786
5.93,0.05486715554552295,-0.780655108903271,0.0846103437409241,-0.8143580739221556,-0.05106635589906506
5.931,0.05408643306802473,-0.7807895250331212,0.08379577869795789,-0.8145650429662148,-0.05106635589906506
5.932,0.053305577137629484,-0.7809220146424343,0.08298100689291665,-0.8147718050412299,-0.05106635589906506
5.933,0.05252458968102249,-0.7810525774043052,0.08216602853256248,-0.81497836035417,-0.05106635589906506
5.934,0.05174347262521089,-0.7811812129965837,0.08135084382345069,-0.8151847091117972,-0.05106635589906506
5.9350000000000005,0.050962227897525136,-0.781307921101874,0.08053546201513903,-0.8153818083116628,-0.05061419544887414
5.936,0.05018085742560805,-0.7814327014075364,0.07971988330472671,-0.8155787104123287,-0.05061419544887414
5.937,0.049399363137412715,-0.7815555536056882,0.07890410788911581,-0.8157754156108938,-0.05061419544887414
5.938,0.048617746961200366,-0.7816764773932036,0.07808813596501155,-0.8159719241042604,-0.05061419544887414
5.939,0.04783601082552946,-0.7817954724717151,0.0772719677289224,-0.8161682360891337,-0.05061419544887414
5.94,0.04705415665925707,-0.7819125385476144,0.07645561248281182,-0.8163552461105821,-0.05015891287687489
5.941,0.046272186391531536,-0.7820276753320524,0.07563907041368982,-0.816542069122009,-0.05015891287687489
5.942,0.04549010195178497,-0.7821408825409406,0.0748223417083794,-0.8167287053104245,-0.05015891287687489
5.9430000000000005,0.04470790526973388,-0.7822521598949516,0.07400542655351675,-0.8169151548626515,-0.05015891287687489
5.944,0.0439255982753717,-0.7823615071195192,0.07318832513555142,-0.8171014179653264,-0.05015891287687489
5.945,0.04314318289896141,-0.7824689239448405,0.07237104680827872,-0.8172783272727018,-0.04970053626703423
5.946,0.04236066107103693,-0.7825744101058747,0.07155359174860795,-0.8174550596707698,-0.04970053626703423
5.947,0.04157803472239133,-0.7826779653423455,0.07073596013327152,-0.8176316153364397,-0.04970053626703423
5.948,0.04079530578407908,-0.7827795893987404,0.06991815213882507,-0.8178079944464439,-0.04970053626703423
5.949,0.04001247618740427,-0.7828792820243125,0.06910016794164774,-0.8179841971773382,-0.04970053626703423
5.95,0.039229547863922874,-0.7829770429730797,0.06828201694678969,-0.8181509948580443,-0.04923909389417218
5.9510000000000005,0.038446522745430936,-0.7830728720038269,0.06746369932104862,-0.8183176257410697,-0.04923909389417218
5.952,0.03766340276396686,-0.7831667688801054,0.0666452152310554,-0.8184840899932121,-0.04923909389417218
5.953,0.03688018985179959,-0.7832587333702341,0.0658265648432743,-0.8186503877811023,-0.04923909389417218
5.954,0.0360968859414309,-0.7833487652472996,0.06500774832400309,-0.8188165192712047,-0.04923909389417218
5.955,0.035313492965583546,-0.7834368642891573,0.06418877512896672,-0.818973195036378,-0.048774614222224864
5.956,0.03453001285720271,-0.7835230302784315,0.06336964541484093,-0.8191297141257862,-0.048774614222224864
5.957,0.03374644754944856,-0.7836072630025162,0.06255035933814482,-0.8192860766961049,-0.048774614222224864
5.958,0.03296279897568884,-0.7836895622535756,0.06173091705524096,-0.8194422829038532,-0.048774614222224864
5.9590000000000005,0.03217906906949937,-0.7837699278285443,0.060911318722335565,-0.8195983329053939,-0.048774614222224864
5.96,0.031395259764656694,-0.7838483595291283,0.06009157384524503,-0.819744877090538,-0.04830712590247809
5.961,0.03061137299513057,-0.7839248571618055,0.05927168257051353,-0.819891274731497,-0.04830712590247809
5.962,0.029827410695085453,-0.7839994205378251,0.058451645044538716,-0.820037525974815,-0.04830712590247809
5.963,0.029043374798868614,-0.7840720494732096,0.057631461413571825,-0.8201836309668898,-0.04830712590247809
5.964,0.028259267241012465,-0.7841427437887544,0.05681113182371785,-0.8203295898539725,-0.04830712590247809
5.965,0.027475089956223567,-0.7842115033100282,0.0559906658302983,-0.8204659934195546,-0.04783665777180527
5.966,0.026690844879380532,-0.7842783278673737,0.055170063569716724,-0.8206022605815712,-0.04783665777180527
5.9670000000000005,0.02590653394553102,-0.7843432172959082,0.054349325178240294,-0.8207383914764257,-0.04783665777180527
5.968,0.025122159089885174,-0.7844061714355232,0.05352845079199991,-0.8208743862403853,-0.04783665777180527
5.969,0.024337722247808207,-0.7844671901308856,0.05270744054699033,-0.8210102450095811,-0.04783665777180527
5.97,0.023553225354821825,-0.7845262732314379,0.05188630404744874,-0.8211364995415894,-0.047363238850894045
5.971,0.022768670346592346,-0.7845834205913985,0.05106504141962968,-0.8212626278190657,-0.047363238850894045
5.972,0.021984059158932156,-0.784638632069762,0.05024365278966141,-0.8213886299682644,-0.047363238850894045
5.973,0.021199393727792247,-0.7846919075302995,0.0494221382835461,-0.8215145061153141,-0.047363238850894045
5.974,0.0204146759892548,-0.784743246841559,0.048600498027159884,-0.8216402563862166,-0.047363238850894045
5.9750000000000005,0.019629907879533712,-0.7847926498768661,0.0477787416730632,-0.8217563540966794,-0.0468868983424472
5.976,0.018845091334967166,-0.7848401165143234,0.04695686933735377,-0.8218723357094316,-0.0468868983424472
5.977,0.018060228292010205,-0.7848856466368119,0.046134881136013196,-0.8219882013405712,-0.0468868983424472
5.978,0.017275320687236133,-0.7849292401319906,0.045312777184907116,-0.8221039511060795,-0.0468868983424472
5.979,0.016490370457325553,-0.7849708968922966,0.04449055759978529,-0.8222195851218224,-0.0468868983424472
5.98,0.01570537953906424,-0.7850106168149463,0.043668232080936,-0.8223255188492882,-0.04640766562937929
5.981,0.014920349869341031,-0.7850483998019345,0.04284580073429298,-0.8224313466430264,-0.04640766562937929
5.982,0.014135283385136818,-0.7850842457600358,0.042023263665684006,-0.822537068608971,-0.04640766562937929
5.9830000000000005,0.013350182023526001,-0.7851181546008034,0.041200620980831056,-0.8226426848529497,-0.04640766562937929
5.984,0.01256504772166903,-0.7851501262405708,0.04037787278535037,-0.8227481954806843,-0.04640766562937929
5.985,0.011779882416804971,-0.7851801606004513,0.039555028826659705,-0.8228439586906641,-0.045925570273020876
5.986,0.010994688046252941,-0.785208257606338,0.03873208920052227,-0.8229396261374338,-0.045925570273020876
5.987,0.01020946654740022,-0.7852344171889041,0.03790905400260551,-0.8230351979167567,-0.045925570273020876
5.988,0.009424219857703685,-0.7852586392836038,0.03708592332848121,-0.8231306741243004,-0.045925570273020876
5.989,0.008638949914682373,-0.7852809238306712,0.03626269727362557,-0.8232260548556365,-0.045925570273020876
5.99,0.007853658655910032,-0.7853012707751216,0.035439385631984566,-0.8233116416410063,-0.045440642011276594
5.9910000000000005,0.007068348019016555,-0.7853196800667508,0.034615988489144975,-0.8233971428395909,-0.045440642011276594
5.992,0.006283019941676096,-0.7853361516601358,0.033792505930608,-0.8234825585369768,-0.045440642011276594
5.993,0.005497676361609397,-0.7853506855146346,0.03296893804178933,-0.8235678888186654,-0.045440642011276594
5.994,0.004712319216572782,-0.7853632815943863,0.03214528490801926,-0.8236531337700722,-0.045440642011276594
5.995,0.0039269504443560505,-0.7853739398683113,0.03132155636916782,-0.8237285388514382,-0.04495291075679814
5.996,0.003141571982779464,-0.7853826603101113,0.0304977525006401,-0.8238038685277227,-0.04495291075679814
5.997,0.0023561857696871922,-0.7853894428982697,0.029673873377765767,-0.823879122874331,-0.04495291075679814
5.998,0.0015707937429398676,-0.785394287616051,0.028849919075799174,-0.8239543019665926,-0.04495291075679814
5.9990000000000006,0.0007853978404151301,-0.7853971944515012,0.028025889669919413,-0.8240294058797619,-0.04495291075679814
6.0,1.8369701987210297e-16,-0.7853981633974483,0.02720179504531363,-0.8240946246057851,-0.04446240659514437
6.001,-0.0007853978404156509,-0.7853971944515012,0.026377635267200546,-0.8241597781130822,-0.04446240659514437
6.002,-0.0015707937429395003,-0.785394287616051,0.025553410400733674,-0.824224866466872,-0.04446240659514437
6.003,-0.002356185769686825,-0.7853894428982697,0.024729120511001366,-0.824289889732308,-0.04446240659514437
6.0040000000000004,-0.0031415719827799847,-0.7853826603101113,0.02390476566302689,-0.8243548479744786,-0.04446240659514437
6.005,-0.003926950444355683,-0.7853739398683113,0.023080355786704726,-0.8244098763221623,-0.04396915978291496
6.006,-0.004712319216572415,-0.7853632815943863,0.022255890937063226,-0.8244648496414985,-0.04396915978291496
6.007000000000001,-0.005497676361609029,-0.7853506855146346,0.02143137116907571,-0.8245197679875153,-0.04396915978291496
6.008,-0.0062830199416757295,-0.7853361516601358,0.020606796537660524,-0.824574631415186,-0.04396915978291496
6.009,-0.007068348019016188,-0.7853196800667508,0.019782167097681096,-0.8246294399794292,-0.04396915978291496
6.01,-0.007853658655909665,-0.7853012707751216,0.01895749282312673,-0.8246742745543675,-0.04347320074588924
6.011,-0.008638949914682007,-0.7852809238306712,0.018132773758832,-0.8247190642947309,-0.04347320074588924
6.0120000000000005,-0.009424219857704206,-0.7852586392836037,0.017308009949586645,-0.8247638092453539,-0.04347320074588924
6.013,-0.010209466547399853,-0.7852344171889041,0.01648320144013562,-0.8248085094510262,-0.04347320074588924
6.014,-0.010994688046252575,-0.785208257606338,0.015658348275179125,-0.824853164956493,-0.04347320074588924
6.015000000000001,-0.011779882416805491,-0.7851801606004513,0.014833460472186045,-0.8248878029930796,-0.04297456007715672
6.016,-0.012565047721668662,-0.7851501262405708,0.014008538065794416,-0.8249224063916297,-0.04297456007715672
6.017,-0.013350182023526521,-0.7851181546008034,0.013183581090607634,-0.8249569751867812,-0.04297456007715672
6.018,-0.01413528338513645,-0.7850842457600358,0.012358589581194497,-0.8249915094131376,-0.04297456007715672
6.019,-0.014920349869340663,-0.7850483998019345,0.011533563572089229,-0.8250260091052676,-0.04297456007715672
6.0200000000000005,-0.01570537953906476,-0.7850106168149463,0.010708513123622362,-0.8250504484668666,-0.042473268535211606
6.021,-0.016490370457325185,-0.7849708968922966,0.009883438260233258,-0.825074863389104,-0.042473268535211606
6.022,-0.017275320687235765,-0.7849292401319906,0.00905833900633684,-0.8250992538964191,-0.042473268535211606
6.023,-0.018060228292009838,-0.7848856466368119,0.008233215386323612,-0.8251236200132269,-0.042473268535211606
6.024,-0.018845091334966802,-0.7848401165143235,0.007408067424559695,-0.8251479617639179,-0.042473268535211606
6.025,-0.019629907879534232,-0.784792649876866,0.006582905223616699,-0.8251622009429954,-0.04196935704207229
6.026,-0.020414675989254432,-0.7847432468415592,0.005757728797733805,-0.8251764258828939,-0.04196935704207229
6.027,-0.021199393727791883,-0.7846919075302996,0.004932538161135953,-0.8251906365978524,-0.04196935704207229
6.0280000000000005,-0.021984059158932676,-0.784638632069762,0.0041073333280338565,-0.825204833102096,-0.04196935704207229
6.029,-0.02276867034659198,-0.7845834205913986,0.0032821143126240213,-0.8252190154098353,-0.04196935704207229
6.03,-0.023553225354821457,-0.784526273231438,0.0024568912590959683,-0.8252230535280529,-0.04146285668137176
6.031,-0.02433772224780784,-0.7844671901308856,0.0016316641714878158,-0.8252270876081523,-0.04146285668137176
6.032,-0.025122159089884806,-0.7844061714355232,0.0008064330538336442,-0.8252311176541716,-0.04146285668137176
6.033,-0.02590653394553154,-0.7843432172959082,-1.8802089836500598e-05,-0.8252351436701448,-0.04146285668137176
6.034,-0.026690844879380168,-0.7842783278673738,-0.0008440412554966027,-0.8252391656601021,-0.04146285668137176
6.035,-0.0274750899562232,-0.7842115033100282,-0.0016692742579649733,-0.8252330024683706,-0.04095379869643101
6.0360000000000005,-0.028259267241012097,-0.7841427437887544,-0.0024945011034048043,-0.8252268454398308,-0.04095379869643101
6.037,-0.029043374798868246,-0.7840720494732096,-0.003319721797973124,-0.8252206945683196,-0.04095379869643101
6.038,-0.029827410695085085,-0.7839994205378251,-0.004144936347820804,-0.82521454984768,-0.04095379869643101
6.039,-0.030611372995130202,-0.7839248571618055,-0.004970144759092565,-0.8252084112717609,-0.04095379869643101
6.04,-0.031395259764656326,-0.7838483595291283,-0.005795336806242821,-0.825192047150256,-0.04044221448833775
6.041,-0.03217906906949989,-0.7837699278285443,-0.006620512505635693,-0.8251756993928725,-0.04044221448833775
6.042,-0.03296279897568847,-0.7836895622535756,-0.007445671873618939,-0.8251593679832464,-0.04044221448833775
6.043,-0.033746447549448194,-0.7836072630025162,-0.00827081492652397,-0.8251430529050299,-0.04044221448833775
6.0440000000000005,-0.03453001285720323,-0.7835230302784314,-0.009095941680665862,-0.8251267541418916,-0.04044221448833775
6.045,-0.03531349296558318,-0.7834368642891574,-0.009921041870765892,-0.82510019010003,-0.03992813561401436
6.046,-0.03609688594143053,-0.7833487652472996,-0.010746115523388102,-0.8250736526222102,-0.03992813561401436
6.047,-0.03688018985179922,-0.7832587333702341,-0.01157116266506997,-0.8250471416818683,-0.03992813561401436
6.048,-0.03766340276396649,-0.7831667688801055,-0.012396183322322438,-0.8250206572524668,-0.03992813561401436
6.049,-0.038446522745431456,-0.7830728720038269,-0.013221177521629933,-0.8249941993074946,-0.03992813561401436
6.05,-0.039229547863922506,-0.7829770429730797,-0.014046134958613805,-0.8249574369838724,-0.039411593784260665
6.051,-0.0400124761874039,-0.7828792820243125,-0.014871055670036378,-0.8249207114225737,-0.039411593784260665
6.0520000000000005,-0.040795305784078716,-0.7827795893987404,-0.015695939692623215,-0.8248840225868364,-0.039411593784260665
6.053,-0.04157803472239096,-0.7826779653423455,-0.01652078706306315,-0.8248473704399347,-0.039411593784260665
6.054,-0.042360661071036566,-0.7825744101058747,-0.017345597818008332,-0.82481075494518,-0.039411593784260665
6.055,-0.04314318289896104,-0.7824689239448405,-0.018170361614615802,-0.8247637966074709,-0.03889262086180356
6.056,-0.04392559827537133,-0.7823615071195192,-0.0189950784998439,-0.8247168852280995,-0.03889262086180356
6.057,-0.044707905269734394,-0.7822521598949514,-0.01981974852060401,-0.8246700207601074,-0.03889262086180356
6.058,-0.04549010195178461,-0.7821408825409407,-0.02064437172376059,-0.8246232031565834,-0.03889262086180356
6.059,-0.04627218639153117,-0.7820276753320524,-0.021468948156131255,-0.8245764323706629,-0.03889262086180356
6.0600000000000005,-0.04705415665925759,-0.7819125385476143,-0.022293467437046733,-0.824519280915479,-0.0383712488593381
6.061,-0.047836010825529095,-0.7817954724717152,-0.023117929623658485,-0.8244621866117503,-0.0383712488593381
6.062,-0.048617746961200005,-0.7816764773932037,-0.02394233477306081,-0.8244051494023253,-0.0383712488593381
6.063,-0.04939936313741235,-0.7815555536056883,-0.024766682942290917,-0.8243481692301098,-0.0383712488593381
6.064,-0.05018085742560768,-0.7814327014075364,-0.025590974188328983,-0.8242912460380665,-0.0383712488593381
6.065,-0.05096222789752477,-0.781307921101874,-0.026415198093319762,-0.8242239049907791,-0.03784750993753382
6.066,-0.05174347262521052,-0.7811812129965838,-0.0272393547246043,-0.824156631284539,-0.03784750993753382
6.067,-0.052524589681022124,-0.7810525774043052,-0.028063444149456305,-0.8240894248520051,-0.03784750993753382
6.0680000000000005,-0.053305577137630004,-0.7809220146424342,-0.028887466435082207,-0.8240222856259037,-0.03784750993753382
6.069,-0.05408643306802436,-0.7807895250331212,-0.029711421648621235,-0.8239552135390286,-0.03784750993753382
6.07,-0.05486715554552258,-0.7806551089032711,-0.030535299335674785,-0.823877687053551,-0.037321436403075434
6.071,-0.055647742643767796,-0.7805187665845424,-0.031359099573769346,-0.8238002380945589,-0.037321436403075434
6.072,-0.056428192436740694,-0.7803804984133462,-0.03218282244035387,-0.8237228665845259,-0.037321436403075434
6.073,-0.05720850299875812,-0.7802403047308457,-0.033006468012799876,-0.8236455724460029,-0.037321436403075434
6.074,-0.05798867240448044,-0.7800981858829547,-0.0338300363684015,-0.8235683556016185,-0.037321436403075434
6.075,-0.05876869872891897,-0.779954142220337,-0.034653517016861646,-0.8234806484601498,-0.036793060706650504
6.0760000000000005,-0.05954858004743541,-0.7798081740984065,-0.03547691004588747,-0.8233930290258227,-0.036793060706650504
6.077,-0.06032831443574925,-0.7796602818773248,-0.036300215543098396,-0.8233054972109298,-0.036793060706650504
6.078,-0.06110789996994516,-0.7795104659220013,-0.03712343359602625,-0.8232180529278519,-0.036793060706650504
6.079,-0.06188733472647157,-0.7793587266020923,-0.037946564292115306,-0.8231306960890571,-0.036793060706650504
6.08,-0.06266661678215159,-0.779205064291999,-0.038769597105817094,-0.8230328137017872,-0.03626241544095513
6.081,-0.06344574421418507,-0.7790494793708679,-0.039592532135014,-0.8229350291969044,-0.03626241544095513
6.082,-0.06422471510015079,-0.7788919722225897,-0.040415369477490526,-0.8228373424765266,-0.03626241544095513
6.083,-0.06500352751801726,-0.7787325432357971,-0.04123810923093339,-0.8227397534428692,-0.03626241544095513
6.0840000000000005,-0.0657821795461414,-0.7785711928038657,-0.04206075149293164,-0.8226422619982454,-0.03626241544095513
6.085,-0.06656066926327583,-0.7784079213249117,-0.04288328570333466,-0.8225342104030209,-0.03572953333868826
6.086,-0.06733899474857635,-0.7782427292017908,-0.04370571197019405,-0.8224262668593916,-0.03572953333868826
6.087,-0.06811715408160042,-0.7780756168420988,-0.04452803040145336,-0.8223184312593059,-0.03572953333868826
6.088,-0.06889514534231898,-0.777906584658168,-0.04535024110494818,-0.8222107034948204,-0.03572953333868826
6.089,-0.06967296661111509,-0.7777356330670692,-0.04617234418840628,-0.8221030834580993,-0.03572953333868826
6.09,-0.0704506159687912,-0.7775627624906084,-0.04699432905772633,-0.8219848693200517,-0.035194447270522546
6.091,-0.07122809149657655,-0.7773879733553261,-0.047816195831122475,-0.821866773396142,-0.035194447270522546
6.0920000000000005,-0.07200539127612672,-0.7772112660924974,-0.04863794462669063,-0.8217487955681563,-0.035194447270522546
6.093,-0.07278251338953089,-0.7770326411381301,-0.04945957556240863,-0.8216309357179986,-0.035194447270522546
6.094,-0.07355945591931835,-0.7768520989329634,-0.05028108875613632,-0.821513193727691,-0.035194447270522546
6.095,-0.07433621694846156,-0.7766696399224668,-0.05110247358047515,-0.821384824338825,-0.03465719024308321
6.096,-0.0751127945603781,-0.7764852645568406,-0.0519237301637945,-0.8212565833193478,-0.03465719024308321
6.097,-0.07588918683894168,-0.7762989732910119,-0.05274485863433539,-0.8211284705408901,-0.03465719024308321
6.098,-0.07666539186847979,-0.7761107665846364,-0.0535658591202106,-0.8210004858752109,-0.03465719024308321
6.099,-0.07744140773378543,-0.7759206449020951,-0.054386731749404796,-0.8208726291941973,-0.03465719024308321
6.1000000000000005,-0.07821723252011568,-0.7757286087124945,-0.05520746586187774,-0.8207341124729414,-0.03411779539691092
6.101,-0.07899286431319918,-0.775534658489665,-0.05602806159614614,-0.8205957342684066,-0.03411779539691092
6.102,-0.07976830119924332,-0.775338794712159,-0.05684851909058822,-0.8204574944420764,-0.03411779539691092
6.103,-0.08054354126493289,-0.7751410178632515,-0.05766883848344379,-0.8203193928555725,-0.03411779539691092
6.104,-0.08131858259744186,-0.7749413284309367,-0.058489019912814445,-0.8201814293706552,-0.03411779539691092
6.105,-0.08209342328443192,-0.7747397269079286,-0.05930905268667582,-0.8200327738613729,-0.03357629600441697
6.106,-0.08286806141405982,-0.7745362137916593,-0.06012893695368342,-0.8198842670075999,-0.03357629600441697
6.107,-0.08364249507498472,-0.7743307895842765,-0.0609486728623441,-0.8197359086606806,-0.03357629600441697
6.1080000000000005,-0.08441672235636681,-0.7741234547926445,-0.06176826056101621,-0.8195876986721082,-0.03357629600441697
6.109,-0.08519074134787809,-0.7739142099283413,-0.06258770019790974,-0.8194396368935245,-0.03357629600441697
6.11,-0.08596455013970454,-0.7737030555076574,-0.06340698104967572,-0.8192808517659875,-0.03303272546782947
6.111,-0.08673814682254813,-0.7734899920515957,-0.0642261032750993,-0.8191222254235782,-0.03303272546782947
6.112,-0.0875115294876377,-0.7732750200858688,-0.06504506703280681,-0.8189637577075112,-0.03303272546782947
6.113,-0.08828469622672752,-0.7730581401408989,-0.06586387248126598,-0.8188054484591603,-0.03303272546782947
6.114,-0.08905764513210465,-0.7728393527518159,-0.06668251977878603,-0.8186472975200577,-0.03303272546782947
6.115,-0.08983037429659624,-0.7726186584584555,-0.06750099817135491,-0.8184783925688804,-0.032487117317139734
6.1160000000000005,-0.09060288181356904,-0.7723960578053588,-0.06831930782787757,-0.8183096565226543,-0.032487117317139734
6.117,-0.09137516577693665,-0.7721715513417716,-0.06913744891709005,-0.8181410892124744,-0.032487117317139734
6.118,-0.09214722428116691,-0.7719451396216404,-0.06995542160755965,-0.8179726904696047,-0.032487117317139734
6.119,-0.09291905542128048,-0.7717168232036143,-0.07077322606768513,-0.8178044601254779,-0.032487117317139734
6.12,-0.09369065729286248,-0.7714866026510409,-0.07159085151345464,-0.8176254457695129,-0.031939505208023584
6.121,-0.09446202799206112,-0.7712544785319665,-0.07240829812388254,-0.8174466104279039,-0.031939505208023584
6.122,-0.09523316561559501,-0.7710204514191348,-0.07322556607780417,-0.8172679539216364,-0.031939505208023584
6.123,-0.09600406826075959,-0.770784521889984,-0.07404265555387604,-0.8170894760718752,-0.031939505208023584
6.1240000000000006,-0.0967747340254301,-0.7705466905266468,-0.074859566730576,-0.8169111766999638,-0.031939505208023584
6.125,-0.09754516100806362,-0.7703069579159487,-0.07567628879455766,-0.8167220639816593,-0.031389922919770705
6.126,-0.09831534730770991,-0.7700653246494056,-0.07649282193493373,-0.816533140376073,-0.031389922919770705
6.127,-0.09908529102400908,-0.7698217913232241,-0.07730916634062782,-0.8163444056940924,-0.031389922919770705
6.128,-0.09985499025720329,-0.7695763585382981,-0.07812532220037462,-0.8161558597467937,-0.031389922919770705
6.1290000000000004,-0.10062444310813534,-0.7693290269002085,-0.07894128970272006,-0.8159675023454424,-0.031389922919770705
6.13,-0.10139364767825593,-0.7690797970192222,-0.07975705800565022,-0.815768302930161,-0.0308384043532057
6.131,-0.10216260206963099,-0.7688286695102885,-0.08057262730836452,-0.815569302714295,-0.0308384043532057
6.132000000000001,-0.10293130438494112,-0.7685756449930398,-0.08138799780986317,-0.8153705014986448,-0.0308384043532057
6.133,-0.10369975272748892,-0.768320724091789,-0.08220316970894738,-0.8151718990842103,-0.0308384043532057
6.134,-0.10446794520120621,-0.7680639074355279,-0.08301814320421957,-0.8149734952721902,-0.0308384043532057
6.135,-0.10523587991065271,-0.7678051956579264,-0.08383290742566707,-0.8147642214474897,-0.030284983528587123
6.136,-0.10600355496102759,-0.7675445893973296,-0.08464746258256368,-0.814555156896614,-0.030284983528587123
6.1370000000000005,-0.10677096845816723,-0.7672820892967581,-0.08546180888397398,-0.8143463014102891,-0.030284983528587123
6.138,-0.10753811850855687,-0.7670176960039042,-0.08627594653875342,-0.8141376547794505,-0.030284983528587123
6.139,-0.10830500321932826,-0.7667514101711328,-0.08708987575554866,-0.8139292167952429,-0.030284983528587123
6.140000000000001,-0.10907162069827135,-0.7664832324554769,-0.08790358563701878,-0.8137098814701179,-0.029729694583515584
6.141,-0.109837969053832,-0.7662131635186392,-0.0887170764024991,-0.8134907654803181,-0.029729694583515584
6.142,-0.11060404639512354,-0.7659412040269871,-0.0895303482711056,-0.813271868606508,-0.029729694583515584
6.143,-0.11136985083192456,-0.7656673546515543,-0.09034340146173518,-0.8130531906295718,-0.029729694583515584
6.144,-0.11213538047469047,-0.7653916160680365,-0.0911562361930658,-0.8128347313306126,-0.029729694583515584
6.1450000000000005,-0.11290063343455212,-0.7651139889567913,-0.0919688415411005,-0.8126053480346985,-0.029172571770826244
6.146,-0.11366560782332301,-0.7648344740028363,-0.09278121773522258,-0.8123761941220804,-0.029172571770826244
6.147,-0.11443030175350663,-0.7645530718958465,-0.09359336500458595,-0.8121472693633749,-0.029172571770826244
6.148,-0.115194713338295,-0.764269783330154,-0.09440528357811538,-0.8119185735294281,-0.029172571770826244
6.149,-0.11595884069158022,-0.7639846090047446,-0.0952169736845067,-0.8116901063913152,-0.029172571770826244
6.15,-0.11672268192795317,-0.763697549623258,-0.09602842437378076,-0.8114506892740534,-0.028613649456475765
6.151,-0.11748623516271066,-0.763408605893985,-0.09683963588535467,-0.8112115115739088,-0.028613649456475765
6.152,-0.11824949851186185,-0.7631177785298651,-0.09765060845840613,-0.8109725730514644,-0.028613649456475765
6.1530000000000005,-0.11901247009213116,-0.7628250682484856,-0.09846134233187367,-0.8107338734675424,-0.028613649456475765
6.154,-0.11977514802096033,-0.7625304757720809,-0.09927183774445687,-0.8104954125832045,-0.028613649456475765
6.155,-0.12053753041651913,-0.7622340018275277,-0.10008208372086984,-0.8102459764129697,-0.02805296211742147
6.156,-0.12129961539770304,-0.7619356471463468,-0.10089208051054874,-0.8099967896789052,-0.02805296211742147
6.157,-0.12206140108414484,-0.761635412464698,-0.10170182836268031,-0.8097478521315747,-0.02805296211742147
6.158,-0.12282288559621325,-0.7613332985233809,-0.10251132752620211,-0.8094991635217916,-0.02805296211742147
6.159,-0.12358406705502005,-0.7610293060678319,-0.10332057824980273,-0.8092507236006182,-0.02805296211742147
6.16,-0.12434494358242738,-0.7607234358481215,-0.10412956953356654,-0.8089912837638076,-0.027490544339500295
6.1610000000000005,-0.1251055133010472,-0.7604156886189546,-0.10493830163693338,-0.8087321033668338,-0.027490544339500295
6.162,-0.12586577433424845,-0.760106065139667,-0.10574677481908364,-0.808473182150257,-0.027490544339500295
6.163,-0.12662572480616432,-0.7597945661742231,-0.10655498933893853,-0.8082145198548968,-0.027490544339500295
6.164,-0.12738536284169089,-0.7594811924912166,-0.10736294545516037,-0.8079561162218319,-0.027490544339500295
6.165,-0.1281446865664985,-0.759165944863865,-0.10817063214388228,-0.8076866887219158,-0.026926430815286173
6.166,-0.12890369410702965,-0.7588488240700114,-0.10897804967453179,-0.8074175306494996,-0.026926430815286173
6.167,-0.12966238359051036,-0.7585298308921189,-0.10978519831626694,-0.8071486417351559,-0.026926430815286173
6.168,-0.13042075314494808,-0.7582089661172722,-0.11059207833797667,-0.8068800217097265,-0.026926430815286173
6.1690000000000005,-0.13117880089914302,-0.7578862305371726,-0.111398690008281,-0.8066116703043225,-0.026926430815286173
6.17,-0.13193652498268596,-0.7575616249481388,-0.11220502228004185,-0.8063322717608572,-0.026360656341954843
6.171,-0.13269392352596981,-0.7572351501511021,-0.11301107543265779,-0.8060531526159355,-0.026360656341954843
6.172,-0.1334509946601872,-0.7569068069516072,-0.11381684974524794,-0.8057743125901586,-0.026360656341954843
6.173,-0.1342077365173421,-0.7565765961598077,-0.11462234549665236,-0.8054957514044075,-0.026360656341954843
6.174,-0.13496414723024835,-0.7562445185904663,-0.1154275629654322,-0.8052174687798422,-0.026360656341954843
6.175,-0.13572022493253683,-0.7559105750629516,-0.11623249108185965,-0.8049281164274452,-0.02579325581914204
6.176,-0.13647596775866272,-0.7555747664012353,-0.11703713013528705,-0.8046390534274006,-0.02579325581914204
6.1770000000000005,-0.1372313738439048,-0.7552370934338926,-0.1178414804147774,-0.8043502794903561,-0.02579325581914204
6.178,-0.13798644132437288,-0.754897556994098,-0.11864554220910466,-0.8040617943272486,-0.02579325581914204
6.179,-0.13874116833701464,-0.7545561579196234,-0.11944931580675396,-0.8037735976493041,-0.02579325581914204
6.18,-0.13949555301961453,-0.7542128970528377,-0.12025279011609055,-0.8034743093365905,-0.02522426424678121
6.181,-0.14024959351080418,-0.7538677752407025,-0.12105596543640273,-0.8031753203121895,-0.02522426424678121
6.182,-0.14100328795006453,-0.7535207933347714,-0.12185884206667955,-0.802876630276813,-0.02522426424678121
6.183,-0.1417566344777277,-0.7531719521911884,-0.12266142030561102,-0.8025782389314718,-0.02522426424678121
6.184,-0.14250963123498778,-0.7528212526706836,-0.1234637004515885,-0.802280145977476,-0.02522426424678121
6.1850000000000005,-0.14326227636389924,-0.7524686956385735,-0.12426567139175446,-0.8019709401659575,-0.024653716722950747
6.186,-0.1440145680073842,-0.7521142819647582,-0.1250673334353147,-0.8016620435602505,-0.024653716722950747
6.187,-0.14476650430923954,-0.751758012523717,-0.12586868689116584,-0.8013534558511493,-0.024653716722950747
6.188,-0.14551808341413544,-0.7513998881945105,-0.1266697320678956,-0.8010451767297572,-0.024653716722950747
6.189,-0.1462693034676269,-0.751039909860774,-0.1274704692737831,-0.8007372058874864,-0.024653716722950747
6.19,-0.14702016261615228,-0.7506780784107184,-0.12827088737543355,-0.8004181016504331,-0.024081648441707938
6.191,-0.14777065900704037,-0.7503143947371276,-0.12907098669195116,-0.8000993165176169,-0.024081648441707938
6.192,-0.14852079078851765,-0.7499488597373538,-0.1298707675421211,-0.7997808501699334,-0.024081648441707938
6.1930000000000005,-0.14927055610970769,-0.7495814743133189,-0.13067023024440969,-0.7994627022885976,-0.024081648441707938
6.194,-0.1500199531206382,-0.7492122393715103,-0.13146937511696483,-0.7991448725551432,-0.024081648441707938
6.195,-0.15076897997224747,-0.7488411558229779,-0.13226819100654122,-0.7988158895764064,-0.023508094690915714
6.196,-0.151517634816387,-0.7484682245833333,-0.13306667824212187,-0.7984872355806483,-0.023508094690915714
6.197,-0.1522659158058237,-0.7480934465727479,-0.13386483715236075,-0.798158910238886,-0.023508094690915714
6.198,-0.15301382109425027,-0.7477168227159485,-0.13466266806558322,-0.7978309132224654,-0.023508094690915714
6.199,-0.15376134883628312,-0.7473383539422178,-0.13546017130978627,-0.7975032442030612,-0.023508094690915714
6.2,-0.15450849718747353,-0.746958041185389,-0.13625733571256213,-0.7971644027758595,-0.02293309085007287
6.2010000000000005,-0.15525526430430636,-0.7465758853838466,-0.13705416161275222,-0.7968259001900851,-0.02293309085007287
6.202,-0.15600164834420716,-0.7461918874805222,-0.13785064934885913,-0.7964877361068965,-0.02293309085007287
6.203,-0.15674764746554917,-0.7458060484228919,-0.1386467992590469,-0.796149910187791,-0.02293309085007287
6.204,-0.15749325982765203,-0.7454183691629759,-0.13944261168114153,-0.7958124220946047,-0.02293309085007287
6.205,-0.15823848359079307,-0.7450288506573333,-0.1402380754242618,-0.7954637431202725,-0.022356672388121657
6.206,-0.15898331691620585,-0.744637493867063,-0.14103319083708674,-0.7951154128249146,-0.022356672388121657
6.207,-0.15972775796608737,-0.7442442997577992,-0.14182795826794659,-0.7947674308598521,-0.022356672388121657
6.208,-0.16047180490360505,-0.7438492692997084,-0.14262237806482334,-0.7944197968767547,-0.022356672388121657
6.2090000000000005,-0.1612154558928953,-0.7434524034674899,-0.14341645057535096,-0.7940725105276404,-0.022356672388121657
6.21,-0.1619587090990749,-0.7430537032403698,-0.1442101645908653,-0.7937140155143381,-0.021778874861266687
6.211,-0.16270156268823882,-0.7426531696021023,-0.14500352046986134,-0.7933558789960491,-0.021778874861266687
6.212,-0.1634440148274705,-0.7422508035409637,-0.14579651857047563,-0.7929981006142783,-0.021778874861266687
6.213,-0.16418606368484392,-0.7418466060497519,-0.14658915925048652,-0.7926406800108894,-0.021778874861266687
6.214,-0.16492770742942645,-0.7414405781257846,-0.1473814428673146,-0.7922836168281038,-0.021778874861266687
6.215,-0.16566894423128503,-0.7410327207708954,-0.1481733581952041,-0.7919153278894913,-0.02119973391077834
6.216,-0.16640977226149326,-0.7406230349914313,-0.14896490560244394,-0.7915474072398173,-0.02119973391077834
6.2170000000000005,-0.1671501896921307,-0.7402115217982516,-0.14975608545695474,-0.7911798545107931,-0.02119973391077834
6.218,-0.16789019469629016,-0.7397981822067244,-0.15054689812628924,-0.7908126693344979,-0.02119973391077834
6.219,-0.16862978544808452,-0.7393830172367234,-0.15133734397763263,-0.790445851343379,-0.02119973391077834
6.22,-0.16936896012264543,-0.7389660279126277,-0.15212741176882988,-0.7900677911972516,-0.020619285260800223
6.221,-0.17010771689613455,-0.7385472152633161,-0.15291710187794114,-0.7896901091112704,-0.020619285260800223
6.222,-0.17084605394574215,-0.7381265803221677,-0.1537064146826485,-0.7893128047073751,-0.020619285260800223
6.223,-0.1715839694496941,-0.7377041241270578,-0.1544953505602564,-0.7889358776078838,-0.020619285260800223
6.224,-0.17232146158725808,-0.7372798477203546,-0.1552839098876919,-0.7885593274354918,-0.020619285260800223
6.2250000000000005,-0.17305852853874643,-0.7368537521489175,-0.15607208140709428,-0.7881715194023791,-0.02003756471613676
6.226,-0.173795168485518,-0.736425838464096,-0.15685986550627157,-0.7877840991772994,-0.02003756471613676
6.227,-0.1745313796099886,-0.7359961077217234,-0.15764726257264403,-0.7873970663724449,-0.02003756471613676
6.228,-0.17526716009562887,-0.7355645609821189,-0.15843427299324442,-0.7870104206003952,-0.02003756471613676
6.229,-0.17600250812697524,-0.7351311993100798,-0.15922089715471854,-0.7866241614741175,-0.02003756471613676
6.23,-0.17673742188962868,-0.7346960237748837,-0.16000712378419438,-0.7862266294758444,-0.019454608160050145
6.231,-0.17747189957026172,-0.7342590354502835,-0.16079295327920395,-0.7858294950095696,-0.019454608160050145
6.232,-0.17820593935662538,-0.7338202354145033,-0.1615783860368817,-0.785432757677761,-0.019454608160050145
6.2330000000000005,-0.1789395394375486,-0.7333796247502391,-0.16236342245396498,-0.7850364170832842,-0.019454608160050145
6.234,-0.17967269800294527,-0.7329372045446544,-0.16314806292679437,-0.784640472829402,-0.019454608160050145
6.235,-0.1804054132438212,-0.7324929758893762,-0.163932296168182,-0.7842332413876135,-0.01887045155204593
6.236,-0.18113768335227268,-0.7320469398804954,-0.16471612258535928,-0.7838264171772669,-0.01887045155204593
6.237,-0.1818695065214977,-0.7315990976185608,-0.1654995425851504,-0.7834199997911305,-0.01887045155204593
6.238,-0.18260088094579366,-0.7311494502085791,-0.16628255657397278,-0.7830139888223803,-0.01887045155204593
6.239,-0.18333180482056852,-0.7306979987600102,-0.16706516495783738,-0.7826083838645989,-0.01887045155204593
6.24,-0.18406227634233863,-0.7302447443867663,-0.16784735643593662,-0.7821914780992473,-0.01828513092565274
6.2410000000000005,-0.1847922937087398,-0.7297896882072067,-0.16862913142517627,-0.781774989239661,-0.01828513092565274
6.242,-0.18552185511852506,-0.7293328313441382,-0.1694104903420452,-0.7813589168689344,-0.01828513092565274
6.243,-0.18625095877157585,-0.7288741749248085,-0.17019143360261577,-0.7809432605705786,-0.01828513092565274
6.244,-0.1869796028688997,-0.7284137200809081,-0.1709719616225443,-0.780528019928521,-0.01828513092565274
6.245,-0.18770778561264137,-0.7279514679485624,-0.17175206308810062,-0.7801014655563167,-0.017698682386206532
6.246,-0.18843550520608154,-0.727487419668333,-0.1725317384258391,-0.7796753377384845,-0.017698682386206532
6.247,-0.18916275985364361,-0.7270215763852134,-0.17331098806188758,-0.7792496360484702,-0.017698682386206532
6.248,-0.18988954776090067,-0.7265539392486247,-0.17408981242194774,-0.7788243600601459,-0.017698682386206532
6.2490000000000006,-0.190615867134575,-0.7260845094124154,-0.17486821193129554,-0.7783995093478099,-0.017698682386206532
6.25,-0.19134171618254492,-0.7256132880348577,-0.17564617526397616,-0.7779633326806343,-0.01711114210861311
6.251,-0.1920670931138517,-0.7251402762786423,-0.1764237028561663,-0.777527592190126,-0.01711114210861311
6.252,-0.1927919961386982,-0.7246654753108798,-0.1772007951436064,-0.7770922874401082,-0.01711114210861311
6.253,-0.19351642346845996,-0.7241888863030933,-0.17797745256160125,-0.7766574179948403,-0.01711114210861311
6.2540000000000004,-0.1942403733156829,-0.7237105104312198,-0.17875367554502025,-0.7762229834190177,-0.01711114210861311
6.255,-0.19496384389409355,-0.7232303488756038,-0.17952945275638255,-0.7757772113623012,-0.0165225463351224
6.256,-0.19568683341860096,-0.7227484028209956,-0.1803047846414602,-0.7753318850776413,-0.0165225463351224
6.257000000000001,-0.1964093401052996,-0.7222646734565499,-0.18107967164557945,-0.7748870041192661,-0.0165225463351224
6.258,-0.19713136217147517,-0.721779161975821,-0.1818541142136213,-0.7744425680418493,-0.0165225463351224
6.259,-0.19785289783561166,-0.7212918695767595,-0.1826281127900218,-0.77399857640051,-0.0165225463351224
6.26,-0.1985739453173899,-0.7208027974617117,-0.18340165602647338,-0.7735432364515714,-0.015932931373096704
6.261,-0.1992945028376985,-0.7203119468374135,-0.18417474437831596,-0.7730883518425817,-0.015932931373096704
6.2620000000000005,-0.20001456861863268,-0.7198193189149907,-0.18494737830043417,-0.772633922118201,-0.015932931373096704
6.263,-0.20073414088350083,-0.7193249149099541,-0.18571955824725772,-0.7721799468235447,-0.015932931373096704
6.264,-0.20145321785683154,-0.7188287360421954,-0.1864912846727619,-0.7717264255041831,-0.015932931373096704
6.265000000000001,-0.20217179776437308,-0.7183307835359872,-0.18726254621851243,-0.7712615457505342,-0.01534233359276357
6.266,-0.2028898788331001,-0.7178310586199783,-0.18803334334938906,-0.7707971308766389,-0.01534233359276357
6.267,-0.20360745929121982,-0.7173295625271898,-0.18880367652980667,-0.7703331804176176,-0.01534233359276357
6.268,-0.20432453736817455,-0.7168262964950127,-0.18957354622371572,-0.7698696939090552,-0.01534233359276357
6.269,-0.20504111129464384,-0.7163212617652073,-0.19034295289460273,-0.7694066708870014,-0.01534233359276357
6.2700000000000005,-0.20575717930255433,-0.7158144595838952,-0.19111188517460734,-0.7689322800046139,-0.014750789424971322
6.271,-0.2064727396250778,-0.7153058912015617,-0.19188034353812045,-0.7684583635131087,-0.014750789424971322
6.272,-0.20718779049664193,-0.7147955578730476,-0.19264832845905855,-0.767984920938095,-0.014750789424971322
6.273,-0.2079023301529281,-0.7142834608575507,-0.1934158404108642,-0.7675119518056563,-0.014750789424971322
6.274,-0.20861635683088242,-0.7137696014186184,-0.19418287986650656,-0.7670394556423501,-0.014750789424971322
6.275,-0.20932986876871418,-0.7132539808241484,-0.19494943544940044,-0.7665555828938868,-0.01415833535895471
6.276,-0.21004286420590282,-0.7127366003463838,-0.1957155076434186,-0.7660721940181721,-0.01415833535895471
6.277,-0.21075534138320456,-0.7122174612619081,-0.19648109693194993,-0.765589288531333,-0.01415833535895471
6.2780000000000005,-0.21146729854265203,-0.7116965648516463,-0.19724620379789992,-0.7651068659499808,-0.01415833535895471
6.279,-0.21217873392756087,-0.711173912400859,-0.19801082872369113,-0.7646249257912099,-0.01415833535895471
6.28,-0.21288964578253664,-0.710649505199138,-0.19877496032471537,-0.7641316010242201,-0.013565007940069453
6.281,-0.21360003235347336,-0.7101233445404072,-0.19953859909429736,-0.7636387695819973,-0.013565007940069453
6.282,-0.21430989188756439,-0.7095954317229143,-0.20030174552526858,-0.7631464309712167,-0.013565007940069453
6.283,-0.2150192226333003,-0.709065768049233,-0.20106440010996762,-0.7626545846990469,-0.013565007940069453
6.284,-0.21572802284047882,-0.7085343548262553,-0.20182656334024077,-0.7621632302731493,-0.013565007940069453
6.285,-0.21643629076020665,-0.7080011933651896,-0.202588223824159,-0.7616604839182269,-0.012970843767543882
6.2860000000000005,-0.21714402464490234,-0.7074662849815597,-0.20334938206446868,-0.7611582403096596,-0.012970843767543882
6.287,-0.21785122274830207,-0.7069296309951995,-0.20411003856341337,-0.7606564989447009,-0.012970843767543882
6.288,-0.2185578833254664,-0.7063912327302477,-0.20487019382273447,-0.7601552593211071,-0.012970843767543882
6.289,-0.21926400463277904,-0.7058510915151504,-0.2056298483436716,-0.7596545209371368,-0.012970843767543882
6.29,-0.21996958492795743,-0.7053092086826505,-0.20638899072767763,-0.7591423840060442,-0.012375879492225763
6.291,-0.22067462247005154,-0.7047655855697909,-0.2071476214868895,-0.7586307592118826,-0.012375879492225763
6.292,-0.22137911551945055,-0.7042202235179083,-0.20790574113293203,-0.7581196460425152,-0.012375879492225763
6.293,-0.22208306233788944,-0.7036731238726279,-0.20866335017691834,-0.7576090439863172,-0.012375879492225763
6.2940000000000005,-0.22278646118844864,-0.7031242879838645,-0.20942044912945051,-0.7570989525321754,-0.012375879492225763
6.295,-0.2234893103355606,-0.7025737172058167,-0.21017702658606643,-0.7565774566159295,-0.011780151814312578
6.296,-0.22419160804501653,-0.7020214128969617,-0.21093308306826203,-0.7560564821955997,-0.011780151814312578
6.297,-0.22489335258396503,-0.7014673764200572,-0.21168861909701173,-0.7555360287496904,-0.011780151814312578
6.298,-0.22559454222092204,-0.700911609142132,-0.21244363519276896,-0.755016095757227,-0.011780151814312578
6.299,-0.22629517522577258,-0.7003541124344861,-0.2131981318754667,-0.7544966826977559,-0.011780151814312578
6.3,-0.22699524986977282,-0.6997948876726887,-0.2139520977354314,-0.75396585996468,-0.011183697481092048
6.301,-0.22769476442555972,-0.6992339362365698,-0.21470553330348574,-0.7534355680543372,-0.011183697481092048
6.3020000000000005,-0.22839371716714987,-0.698671259510222,-0.21545843910992166,-0.7529058064359047,-0.011183697481092048
6.303,-0.2290921063699461,-0.698106858881995,-0.21621081568450073,-0.7523765745790906,-0.011183697481092048
6.304,-0.229789930310744,-0.6975407357444897,-0.21696266355645485,-0.7518478719541333,-0.011183697481092048
6.305,-0.2304871872677308,-0.69697289149456,-0.21771397131160272,-0.7513077551478727,-0.01058655328467989
6.306,-0.23118387552049585,-0.6964033275333041,-0.21846473949006115,-0.7507681784584185,-0.01058655328467989
6.307,-0.2318799933500294,-0.6958320452660648,-0.2192149686314068,-0.7502291413456537,-0.01058655328467989
6.308,-0.23257553903872905,-0.6952590461024252,-0.2199646592746768,-0.7496906432700016,-0.01058655328467989
6.309,-0.23327051087040657,-0.6946843314562022,-0.22071381195836923,-0.7491526836924252,-0.01058655328467989
6.3100000000000005,-0.23396490713028648,-0.6941079027454486,-0.22146241526449917,-0.7486033061299275,-0.009988756059741543
6.311,-0.2346587261050166,-0.6935297613924436,-0.22221046974244416,-0.7480544779449925,-0.009988756059741543
6.312,-0.23535196608266598,-0.6929499088236948,-0.2229579759410324,-0.7475061985882423,-0.009988756059741543
6.313,-0.2360446253527347,-0.69236834646993,-0.22370493440854325,-0.7469584675108489,-0.009988756059741543
6.314,-0.2367367022061557,-0.6917850757660959,-0.22445134569270778,-0.746411284164533,-0.009988756059741543
6.315,-0.23742819493529727,-0.6912000981513557,-0.22519719837244176,-0.7458526797339929,-0.009390342681225818
6.316,-0.2381191018339691,-0.6906134150690842,-0.22594249300634964,-0.7452946339078834,-0.009390342681225818
6.317,-0.23880942119742865,-0.6900250279668622,-0.22668723015247724,-0.7447371461276,-0.009390342681225818
6.3180000000000005,-0.23949915132238075,-0.6894349382964771,-0.22743141036831235,-0.744180215835097,-0.009390342681225818
6.319,-0.24018829050698406,-0.6888431475139171,-0.22817503421078525,-0.7436238424728864,-0.009390342681225818
6.32,-0.24087683705085777,-0.6882496570793657,-0.2289180902564169,-0.7430560456316553,-0.008791350062088844
6.321,-0.24156478925508013,-0.687654468457203,-0.22966057907300416,-0.7424888165872654,-0.008791350062088844
6.322,-0.24225214542219903,-0.6870575831159965,-0.23040250122777609,-0.7419221547719199,-0.008791350062088844
6.323,-0.24293890385623068,-0.6864590025285021,-0.23114385728739448,-0.7413560596183898,-0.008791350062088844
6.324,-0.24362506286266614,-0.6858587281716585,-0.23188464781795448,-0.7407905305600132,-0.008791350062088844
6.325,-0.24431062074847779,-0.6852567615265815,-0.23262486139428695,-0.7402135763324735,-0.008191815151017114
6.3260000000000005,-0.24499557582211817,-0.6846531040785657,-0.23336449859334613,-0.7396371990591614,-0.008191815151017114
6.327,-0.2456799263935295,-0.6840477573170749,-0.23410355999150925,-0.7390613981631226,-0.008191815151017114
6.328,-0.2463636707741456,-0.6834407227357414,-0.23484204616457724,-0.7384861730679798,-0.008191815151017114
6.329,-0.24704680727689352,-0.682832001832364,-0.23557995768777518,-0.7379115231979322,-0.008191815151017114
6.33,-0.24772933421620347,-0.6822215961088997,-0.2363172831349485,-0.7373254471733371,-0.007591774930146823
6.331,-0.2484112499080073,-0.6816095070714648,-0.23705402309217327,-0.7367399572247667,-0.007591774930146823
6.332,-0.24909255266974506,-0.6809957362303285,-0.2377901781449394,-0.7361550527661449,-0.007591774930146823
6.333,-0.24977324082037142,-0.6803802850999083,-0.2385257488781514,-0.7355707332119817,-0.007591774930146823
6.3340000000000005,-0.25045331268035526,-0.6797631551987691,-0.23926073587612876,-0.7349869979773727,-0.007591774930146823
6.335,-0.25113276657168615,-0.6791443480496185,-0.23999512771243642,-0.734391836307651,-0.006991266412788556
6.336,-0.2518116008178806,-0.6785238651793002,-0.24072892498223603,-0.7337972697995991,-0.006991266412788556
6.337,-0.2524898137439812,-0.6779017081187952,-0.24146212828009408,-0.7332032978580553,-0.006991266412788556
6.338,-0.2531674036765664,-0.677277878403213,-0.24219473819998255,-0.732609919888453,-0.006991266412788556
6.339,-0.2538443689437497,-0.676652377571792,-0.24292675533527938,-0.7320171352968203,-0.006991266412788556
6.34,-0.2545207078751857,-0.676025207167894,-0.24365816825997372,-0.7314129246943462,-0.006390326641134782
6.341,-0.2551964188020762,-0.6753963687389992,-0.24438897757827618,-0.7308093183024745,-0.006390326641134782
6.3420000000000005,-0.25587150005717246,-0.6747658638367029,-0.24511918389379317,-0.7302063155169948,-0.006390326641134782
6.343,-0.2565459499747769,-0.6741336940167147,-0.24584878780952746,-0.7296039157343005,-0.006390326641134782
6.344,-0.2572197668907531,-0.6734998608388497,-0.24657778992787885,-0.729002118351389,-0.006390326641134782
6.345,-0.2578929491425232,-0.6728643658670291,-0.24730617882396558,-0.7283888960867172,-0.005788992683980754
6.346,-0.2585654950690784,-0.6722272106692728,-0.2480339551110099,-0.7277762870443101,-0.005788992683980754
6.347,-0.25923740301097775,-0.6715883968176982,-0.24876111940162085,-0.7271642906109453,-0.005788992683980754
6.348,-0.25990867131035444,-0.6709479258885157,-0.24948767230779487,-0.726552906174014,-0.005788992683980754
6.349,-0.26057929831092225,-0.6703057994620225,-0.2502136144409164,-0.7259421331215197,-0.005788992683980754
6.3500000000000005,-0.26124928235797484,-0.6696620191226021,-0.25093893437793746,-0.725319937021087,-0.005187301634441654
6.351,-0.2619186217983925,-0.6690165864587194,-0.2516636327410542,-0.7246983631167547,-0.005187301634441654
6.352,-0.2625873149806482,-0.668369503062914,-0.2523877101518405,-0.7240774107863268,-0.005187301634441654
6.353,-0.2632553602548064,-0.667720770531801,-0.25311116723124877,-0.7234570794082293,-0.005187301634441654
6.354,-0.26392275597253345,-0.6670703904660622,-0.25383400459961025,-0.7228373683615099,-0.005187301634441654
6.355,-0.2645895004870951,-0.6664183644704472,-0.25455621083641555,-0.7222062368053014,-0.004585290607650928
6.356,-0.2652555921533664,-0.6657646941537645,-0.2552777865727962,-0.7215757363806491,-0.004585290607650928
6.357,-0.2659210293278331,-0.66510938112888,-0.25599873243925264,-0.7209458664564214,-0.004585290607650928
6.3580000000000005,-0.26658581036859436,-0.6644524270127141,-0.25671904906565474,-0.720316626402118,-0.004585290607650928
6.359,-0.2672499336353683,-0.6637938334262367,-0.2574387370812426,-0.7196880155878689,-0.004585290607650928
6.36,-0.2679133974894983,-0.6631336019944601,-0.25815778506874965,-0.7190479875070508,-0.003982996738488731
6.361,-0.2685762002939517,-0.6624717343464417,-0.25887619366820397,-0.7184085994543136,-0.003982996738488731
6.362,-0.26923834041333,-0.6618082321152724,-0.2595939635189936,-0.7177698507896291,-0.003982996738488731
6.363,-0.2698998162138675,-0.6611430969380787,-0.26031109525986723,-0.7171317408736092,-0.003982996738488731
6.364,-0.2705606260634377,-0.6604763304560164,-0.26102758952893473,-0.7164942690675054,-0.003982996738488731
6.365,-0.2712207683315595,-0.659807934314264,-0.26174343491287677,-0.7158453839420233,-0.0033804571792771312
6.3660000000000005,-0.2718802413893967,-0.6591379101620233,-0.26245863206057846,-0.7151971477016669,-0.0033804571792771312
6.367,-0.27253904360976433,-0.6584662596525128,-0.26317318162027603,-0.7145495596975507,-0.0033804571792771312
6.368,-0.27319717336713495,-0.6577929844429622,-0.2638870842395575,-0.7139026192814387,-0.0033804571792771312
6.369,-0.27385462903763724,-0.6571180861946125,-0.26460034056536325,-0.7132563258057428,-0.0033804571792771312
6.37,-0.27451140899906545,-0.6564415665727072,-0.26531293918902515,-0.712598623661887,-0.002777709097493742
6.371,-0.2751675116308811,-0.6557634272464906,-0.2660248807682453,-0.711941579220175,-0.002777709097493742
6.372,-0.2758229353142146,-0.6550836698892057,-0.2667361659600682,-0.7112851918229047,-0.002777709097493742
6.373,-0.27647767843187476,-0.6544022961780843,-0.26744679542088123,-0.7106294608130317,-0.002777709097493742
6.3740000000000006,-0.2771317393683472,-0.6537193077943495,-0.2681567698064154,-0.7099743855341686,-0.002777709097493742
6.375,-0.27778511650980087,-0.6530347064232077,-0.2688660777133575,-0.7093079069421041,-0.0021747896734826792
6.376,-0.2784378082440941,-0.6523484937538433,-0.26957471980818615,-0.7086420948286316,-0.0021747896734826792
6.377,-0.2790898129607734,-0.6516606714794193,-0.2702826967567134,-0.7079769485272727,-0.0021747896734826792
6.378,-0.2797411290510835,-0.6509712412970674,-0.2709900092240856,-0.7073124673722151,-0.0021747896734826792
6.3790000000000004,-0.28039175490796586,-0.6502802049078887,-0.2716966578747839,-0.7066486506983125,-0.0021747896734826792
6.38,-0.28104168892606524,-0.6495875640169477,-0.2724026313115535,-0.7059734367695772,-0.001571736098153198
6.381,-0.2816909295017354,-0.6488933203332653,-0.2731079302096083,-0.7052988980547708,-0.001571736098153198
6.382000000000001,-0.2823394750330391,-0.6481974755698195,-0.27381255524348697,-0.704625033878679,-0.001571736098153198
6.383,-0.28298732391975395,-0.647500031443539,-0.2745165070870537,-0.7039518435667634,-0.001571736098153198
6.384,-0.283634474563378,-0.646800989675297,-0.27521978641349887,-0.7032793264451598,-0.001571736098153198
6.385,-0.28428092536713134,-0.6461003519899094,-0.275922381832329,-0.7025954188301284,-0.0009685855706898505
6.386,-0.28492667473596156,-0.6453981201161296,-0.2766242940274517,-0.7019121951227121,-0.0009685855706898505
6.3870000000000005,-0.2855717210765456,-0.6446942957866454,-0.2773255236820907,-0.7012296546390032,-0.0009685855706898505
6.388,-0.28621606279729506,-0.6439888807380745,-0.27802607147878644,-0.700547796695778,-0.0009685855706898505
6.389,-0.2868596983083621,-0.6432818767109565,-0.27872593809939694,-0.6998666206104961,-0.0009685855706898505
6.390000000000001,-0.2875026260216395,-0.6425732854497544,-0.2794251121608928,-0.6991740614958109,-0.00036537529626263707
6.391,-0.28814484435076626,-0.6418631087028477,-0.280123594355833,-0.6984821949402403,-0.00036537529626263707
6.392,-0.288786351711134,-0.6411513482225252,-0.28082138537608425,-0.6977910202512253,-0.00036537529626263707
6.393,-0.28942714651988544,-0.6404380057649867,-0.28151848591282114,-0.6971005367368993,-0.00036537529626263707
6.394,-0.29006722719592476,-0.6397230830903322,-0.2822148966565272,-0.6964107437060877,-0.00036537529626263707
6.3950000000000005,-0.2907065921599157,-0.6390065819625632,-0.28291060623233927,-0.695709575812056,0.0002378575162804153
6.396,-0.291345239834288,-0.6382885041495758,-0.2836056153414252,-0.6950091090859183,0.0002378575162804153
6.397,-0.2919831686432436,-0.637568851423154,-0.2842999246842517,-0.6943093428265068,0.0002378575162804153
6.398000000000001,-0.29262037701275495,-0.6368476255589709,-0.28499353496058505,-0.6936102763333547,0.0002378575162804153
6.399,-0.2932568633705746,-0.636124828336579,-0.28568644686949174,-0.6929119089066957,0.0002378575162804153
6.4,-0.2938926261462364,-0.6354004615394077,-0.2863786490449764,-0.6922021754846551,0.0008410756566970996
6.401,-0.2945276637710575,-0.6346745269547616,-0.28707014219677246,-0.6914931517960365,0.0008410756566970996
6.402,-0.29516197467814703,-0.6339470263738105,-0.28776092703390355,-0.6907848371311066,0.0008410756566970996
6.4030000000000005,-0.29579555730240525,-0.6332179615915906,-0.2884510042646844,-0.6900772307808416,0.0008410756566970996
6.404,-0.2964284100805293,-0.6324873344069978,-0.2891403745967213,-0.6893703320369268,0.0008410756566970996
6.405,-0.2970605314510193,-0.6317551466227801,-0.2898290266735879,-0.6886520768665769,0.0014442419156480459
6.406,-0.2976919198541771,-0.6310214000455399,-0.2905169612135393,-0.6879345399513974,0.0014442419156480459
6.407,-0.298322573732116,-0.6302860964857222,-0.29120417893411243,-0.687217720573133,0.0014442419156480459
6.408,-0.2989524915287597,-0.6295492377576164,-0.2918906805521267,-0.6865016180142469,0.0014442419156480459
6.409,-0.29958167168984773,-0.6288108256793489,-0.2925764667836846,-0.6857862315579197,0.0014442419156480459
6.41,-0.3002101126629422,-0.6280708620728763,-0.2932615262826292,-0.6850594989446218,0.002047319086997866
6.4110000000000005,-0.3008378128974266,-0.6273293487639864,-0.29394585977569315,-0.6843334930639372,0.002047319086997866
6.412,-0.30146477084451245,-0.6265862875822902,-0.2946294679888823,-0.6836082131891333,0.002047319086997866
6.413,-0.3020909849572439,-0.6258416803612165,-0.2953123516474765,-0.6828836585942043,0.002047319086997866
6.414,-0.3027164536905007,-0.6250955289380086,-0.29599451147603034,-0.6821598285538701,0.002047319086997866
6.415,-0.3033411755009995,-0.6243478351537229,-0.2966759361393563,-0.6814246633259141,0.002650269970105878
6.416,-0.30396514884730264,-0.6235986008532177,-0.29735662637261945,-0.6806902332631861,0.002650269970105878
6.417,-0.3045883721898166,-0.6228478278851559,-0.29803658291025,-0.6799565376305208,0.002650269970105878
6.418,-0.3052108439908011,-0.6220955181019934,-0.2987158064859435,-0.6792235756934881,0.002650269970105878
6.4190000000000005,-0.3058325627143682,-0.6213416733599807,-0.29939429783266186,-0.6784913467183925,0.002650269970105878
6.42,-0.306453526826488,-0.6205862955191556,-0.3000720456268861,-0.6777477942242317,0.0032530573721187596
6.421,-0.3070737347949947,-0.619829386443336,-0.30074905061216867,-0.6770049852825651,0.0032530573721187596
6.422,-0.30769318508958543,-0.6190709480001216,-0.3014253135313185,-0.6762629191498402,0.0032530573721187596
6.423,-0.30831187618182954,-0.6183109820608823,-0.3021008351264018,-0.6755215950832479,0.0032530573721187596
6.424,-0.3089298065451675,-0.6175494905007592,-0.3027756161387425,-0.6747810123407223,0.0032530573721187596
6.425,-0.30954697465491693,-0.616786475198658,-0.30344964525718865,-0.6740291184461762,0.0038556441102703953
6.426,-0.3101633789882782,-0.6160219380372413,-0.30412292323363416,-0.6732779764455246,0.0038556441102703953
6.4270000000000005,-0.31077901802433366,-0.6152558809029303,-0.30479545081922105,-0.6725275855868736,0.0038556441102703953
6.428,-0.3113938902440557,-0.6144883056858939,-0.3054672287643401,-0.6717779451190814,0.0038556441102703953
6.429,-0.31200799413030905,-0.6137192142800467,-0.3061382578186319,-0.6710290542917569,0.0038556441102703953
6.43,-0.312621328167852,-0.6129486085830473,-0.3068085266840091,-0.6702688653771817,0.004457993014172702
6.431,-0.31323389084334513,-0.6121764904962869,-0.3074780361206606,-0.6695094366515211,0.004457993014172702
6.432,-0.31384568064535023,-0.6114028619248908,-0.30814678688801517,-0.668750767354586,0.004457993014172702
6.433,-0.3144566960643362,-0.6106277247777113,-0.30881477974474214,-0.667992856726948,0.004457993014172702
6.434,-0.3150669355926845,-0.609851080967321,-0.3094820154487521,-0.6672357040099376,0.004457993014172702
6.4350000000000005,-0.3156763977246891,-0.6090729324100119,-0.31014848271571943,-0.6664672669673656,0.00506006692810371
6.436,-0.3162850809565621,-0.6082932810257891,-0.31081418231408126,-0.6656995983618361,0.00506006692810371
6.437,-0.3168929837864395,-0.607512128738363,-0.31147911501150616,-0.6649326974249122,0.00506006692810371
6.438,-0.3175001047143801,-0.6067294774751513,-0.31214328157489507,-0.6641665633889252,0.00506006692810371
6.439,-0.3181064422423748,-0.6059453291672662,-0.31280668277038204,-0.6634011954869742,0.00506006692810371
6.44,-0.31871199487434526,-0.6051596857495165,-0.31346930732809924,-0.662624557717221,0.0056618287133108555
6.441,-0.3193167611161499,-0.6043725491604004,-0.3141311560246845,-0.6618486965852375,0.0056618287133108555
6.442,-0.31992073947558886,-0.6035839213420982,-0.3147922296359989,-0.661073611314386,0.0056618287133108555
6.4430000000000005,-0.3205239284624062,-0.6027938042404695,-0.3154525289371277,-0.6602993011288054,0.0056618287133108555
6.444,-0.32112632658829177,-0.6020021998050517,-0.31611205470238113,-0.6595257652534104,0.0056618287133108555
6.445,-0.32172793236688935,-0.6012091099890484,-0.3167707956770443,-0.6587409746631512,0.006263241250292172
6.446,-0.32232874431379516,-0.6004145367493314,-0.3174287526459078,-0.6579569688634822,0.006263241250292172
6.447,-0.3229287609465668,-0.5996184820464296,-0.31808592639297745,-0.6571737470696128,0.006263241250292172
6.448,-0.3235279807847222,-0.5988209478445298,-0.318742317701475,-0.6563913084975374,0.006263241250292172
6.449,-0.3241264023497454,-0.5980219361114689,-0.31939792735383904,-0.655609652364034,0.006263241250292172
6.45,-0.32472402416509183,-0.5972214488187275,-0.3200527441112019,-0.6548167573628483,0.006864267441086369
6.4510000000000005,-0.32532084475618855,-0.5964194879414291,-0.32070676876645854,-0.6540246552566638,0.006864267441086369
6.452,-0.32591686265043934,-0.5956160554583335,-0.3213600021117111,-0.6532333452525854,0.006864267441086369
6.453,-0.3265120763772306,-0.5948111533518284,-0.32201244493826964,-0.652442826558511,0.006864267441086369
6.454,-0.3271064844679304,-0.5940047836079321,-0.32266409803665275,-0.6516530983831308,0.006864267441086369
6.455,-0.3277000854558971,-0.5931969482162792,-0.32331495018453327,-0.6508521478805164,0.0074648702115667105
6.456,-0.32829287787647804,-0.5923876491701258,-0.32396500218286167,-0.6500519983284045,0.0074648702115667105
6.457,-0.328884860267018,-0.5915768884663344,-0.3246142548317875,-0.6492526489258448,0.0074648702115667105
6.458,-0.3294760311668582,-0.5907646681053788,-0.3252627089306602,-0.6484540988726876,0.0074648702115667105
6.4590000000000005,-0.3300663891173443,-0.5899509900913297,-0.3259103652780298,-0.6476563473695836,0.0074648702115667105
6.46,-0.3306559326618256,-0.5891358564318588,-0.3265572126688017,-0.6468473907719394,0.008065012513725853
6.461,-0.3312446603456632,-0.5883192691382256,-0.3272032519119326,-0.646039243130893,0.008065012513725853
6.462,-0.33183257071622885,-0.5875012302252798,-0.3278484838155701,-0.6452319036374876,0.008065012513725853
6.463,-0.33241966232291337,-0.5866817417114493,-0.32849290918705365,-0.6444253714835756,0.008065012513725853
6.464,-0.33300593371712595,-0.5858608056187412,-0.32913652883291544,-0.6436196458618175,0.008065012513725853
6.465,-0.33359138345229966,-0.5850384239727352,-0.3297793315659848,-0.6428027330693966,0.008664657327956259
6.466,-0.33417601008389664,-0.5842145988025739,-0.3304213182031746,-0.6419866371897681,0.008664657327956259
6.4670000000000005,-0.3347598121694082,-0.5833893321409651,-0.33106248956058065,-0.6411713574060193,0.008664657327956259
6.468,-0.33534278826836006,-0.5825626260241732,-0.3317028464534827,-0.6403568929020541,0.008664657327956259
6.469,-0.33592493694231795,-0.5817344824920115,-0.3323423896963453,-0.6395432428625929,0.008664657327956259
6.47,-0.3365062567548866,-0.5809049035878437,-0.3329811081206117,-0.6387184242664234,0.009263767665342093
6.471,-0.33708674627171786,-0.5800738913585725,-0.33361900255110055,-0.6378944304888502,0.009263767665342093
6.472,-0.33766640406051207,-0.5792414478546367,-0.3342560738118056,-0.6370712607050545,0.009263767665342093
6.473,-0.3382452286910201,-0.5784075751300101,-0.33489232272589664,-0.6362489140910426,0.009263767665342093
6.474,-0.33882321873505095,-0.5775722752421886,-0.3355277501157203,-0.6354273898236447,0.009263767665342093
6.4750000000000005,-0.33940037276647095,-0.5767355502521927,-0.3361623448320227,-0.6345947163024224,0.009862306569934254
6.476,-0.33997668936120934,-0.5758974022245591,-0.3367961077074774,-0.6337628754547212,0.009862306569934254
6.477,-0.34055216709726344,-0.5750578332273328,-0.3374290395739253,-0.6329318664478678,0.009862306569934254
6.478,-0.3411268045546979,-0.5742168453320688,-0.3380611412623753,-0.6321016884500212,0.009862306569934254
6.479,-0.34170060031565314,-0.5733744406138194,-0.33869241360300545,-0.6312723406301726,0.009862306569934254
6.48,-0.3422735529643446,-0.572530621151135,-0.33932284546655256,-0.6304318635471218,0.01046023712103301
6.481,-0.3428456610870678,-0.5716853890260576,-0.3399524376934937,-0.629592226941154,0.01046023712103301
6.482,-0.3434169232722043,-0.5708387463241114,-0.3405811911234655,-0.6287534299717922,0.01046023712103301
6.4830000000000005,-0.34398733811022064,-0.5699906951343039,-0.34120910659526493,-0.6279154717993998,0.01046023712103301
6.484,-0.34455690419367435,-0.5691412375491183,-0.3418361849468501,-0.6270783515851797,0.01046023712103301
6.485,-0.3451256201172183,-0.5682903756645057,-0.342462415069635,-0.6262301227848852,0.011057522435465737
6.486,-0.34569348447760323,-0.5674381115798823,-0.3430877978118484,-0.625382742213391,0.011057522435465737
6.487,-0.3462604958736789,-0.5665844473981269,-0.34371233402087087,-0.6245362090224682,0.011057522435465737
6.488,-0.34682665290640247,-0.5657293852255689,-0.3443360245432356,-0.6236905223647364,0.011057522435465737
6.489,-0.3473919541788363,-0.5648729271719917,-0.34495887022462923,-0.6228456813936624,0.011057522435465737
6.49,-0.34795639829615704,-0.5640150753506178,-0.3455808599778281,-0.6219897531988715,0.01165412566985775
6.4910000000000005,-0.34851998386565436,-0.5631558318781126,-0.3462019946587604,-0.6211346809322755,0.01165412566985775
6.492,-0.34908270949673614,-0.5622951988745749,-0.34682227512249836,-0.6202804637379461,0.01165412566985775
6.493,-0.3496445738009342,-0.5614331784635291,-0.34744170222325915,-0.619427100760811,0.01165412566985775
6.494,-0.35020557539190295,-0.5605697727719269,-0.3480602768144058,-0.618574591146653,0.01165412566985775
6.495,-0.3507657128854279,-0.559704983930134,-0.34867798783076087,-0.6177110163550481,0.01225001002291154
6.496,-0.35132498489942493,-0.5588388140719318,-0.3492948361358991,-0.6168483051382349,0.01225001002291154
6.497,-0.35188339005394526,-0.5579712653345095,-0.34991082259253176,-0.6159864566326384,0.01225001002291154
6.498,-0.35244092697118096,-0.5571023398584553,-0.3505259480625073,-0.6151254699755475,0.01225001002291154
6.4990000000000006,-0.35299759427546384,-0.5562320397877583,-0.3511402134068124,-0.6142653443051137,0.01225001002291154
6.5,-0.35355339059327395,-0.5553603672697954,-0.35175360758299845,-0.6133941761860552,0.012845138737672367
6.501,-0.3541083145532378,-0.5544873244553342,-0.35236613146223356,-0.6125238792351156,0.012845138737672367
6.502,-0.35466236478613644,-0.5536129134985198,-0.35297778591481466,-0.611654452581127,0.012845138737672367
6.503,-0.35521553992490645,-0.5527371365568735,-0.35358857181016845,-0.6107858953537925,0.012845138737672367
6.5040000000000004,-0.3557678386046427,-0.5518599957912885,-0.35419849001685216,-0.6099182066836852,0.012845138737672367
6.505,-0.3563192594626024,-0.5509814933660239,-0.3548075295158271,-0.6090394989749256,0.013439475103797938
6.506,-0.35686980113821065,-0.5501016314486948,-0.35541569118580096,-0.6081616699738747,0.013439475103797938
6.507000000000001,-0.35741946227305993,-0.549220412210274,-0.3560229759046028,-0.6072847188018249,0.013439475103797938
6.508,-0.3579682415109155,-0.5483378378250835,-0.35662938454918375,-0.6064086445809471,0.013439475103797938
6.509,-0.35851613749772027,-0.5474539104707858,-0.357234917995618,-0.6055334464342902,0.013439475103797938
6.51,-0.35906314888159424,-0.5465686323283859,-0.35783956524895666,-0.6046472533386595,0.014032982459818832
6.511,-0.35960927431284234,-0.5456820055822175,-0.3584433271953928,-0.6037619464361245,0.014032982459818832
6.5120000000000005,-0.3601545124439538,-0.544794032419945,-0.3590462047202333,-0.602877524840492,0.014032982459818832
6.513,-0.36069886192960715,-0.5439047150325548,-0.35964819870789977,-0.6019939876664551,0.014032982459818832
6.514,-0.3612423214266746,-0.5430140556143482,-0.36024931004192934,-0.6011113340295923,0.014032982459818832
6.515000000000001,-0.3617848895942246,-0.5421220563629379,-0.360849527752141,-0.6002177102116546,0.014625624195405772
6.516,-0.36232656509352296,-0.5412287194792452,-0.36144885273215854,-0.5993249800175349,0.014625624195405772
6.517,-0.3628673465880403,-0.5403340471674882,-0.36204728587471213,-0.5984331425536092,0.014625624195405772
6.518,-0.363407232743451,-0.5394380416351838,-0.3626448280716393,-0.5975421969271475,0.014625624195405772
6.519,-0.36394622222764067,-0.5385407050931346,-0.3632414802138856,-0.5966521422463122,0.014625624195405772
6.5200000000000005,-0.3644843137107059,-0.5376420397554303,-0.3638372313567146,-0.5957511428289934,0.015217363753623956
6.521,-0.3650215058649587,-0.5367420478394395,-0.3644320824011257,-0.5948510444110919,0.015217363753623956
6.522,-0.3655577973649321,-0.5358407315658005,-0.3650260342472173,-0.5939518460916083,0.015217363753623956
6.523000000000001,-0.3660931868873795,-0.5349380931584227,-0.3656190877941877,-0.5930535469704442,0.015217363753623956
6.524,-0.36662767311128,-0.5340341348444777,-0.3662112439403361,-0.5921561461484013,0.015217363753623956
6.525,-0.367161254717843,-0.5331288588543907,-0.3668024917670457,-0.5912478267095891,0.015808164633189403
6.526,-0.36769393039050785,-0.5322222674218422,-0.3673928321826359,-0.5903404155902157,0.015808164633189403
6.527,-0.3682256988149514,-0.5313143627837547,-0.3679822660945179,-0.5894339118819617,0.015808164633189403
6.5280000000000005,-0.3687565586790868,-0.5304051471802942,-0.3685707944091953,-0.588528314677416,0.015808164633189403
6.529,-0.3692865086730712,-0.5294946228548582,-0.3691584180322654,-0.5876236230700748,0.015808164633189403
6.53,-0.3698155474893046,-0.5285827920540767,-0.3697451260719046,-0.5867080396391903,0.016397990390720995
6.531,-0.3703436738224368,-0.5276696570278008,-0.3703309194436963,-0.5857933717917366,0.016397990390720995
6.532,-0.3708708863693693,-0.5267552200290991,-0.3709157990623084,-0.5848796186121304,0.016397990390720995
6.533,-0.37139718382925685,-0.5258394833142553,-0.37149976584149413,-0.5839667791857039,0.016397990390720995
6.534,-0.37192256490351217,-0.5249224491427595,-0.3720828206940928,-0.5830548525987038,0.016397990390720995
6.535,-0.37244702829581094,-0.5240041197773005,-0.37266495275574607,-0.5821320616532454,0.016986804642984733
6.5360000000000005,-0.3729705727120913,-0.5230844974837657,-0.3732461629492448,-0.5812101934987325,0.016986804642984733
6.537,-0.3734931968605587,-0.5221635845312326,-0.37382645219645716,-0.5802892472123741,0.016986804642984733
6.538,-0.37401489945169136,-0.5212413831919605,-0.37440582141832945,-0.579369221872302,0.016986804642984733
6.539,-0.37453567919823877,-0.5203178957413914,-0.374984271534887,-0.57845011655757,0.016986804642984733
6.54,-0.3750555348152298,-0.5193931244581368,-0.3755617917099066,-0.5775201750196295,0.01757457106914436
6.541,-0.3755744650199719,-0.518467071623979,-0.37613838287332985,-0.576591163423227,0.01757457106914436
6.542,-0.3760924685320557,-0.5175397395238621,-0.37671404595416824,-0.5756630808384209,0.01757457106914436
6.543,-0.3766095440733596,-0.5166111304458852,-0.37728878188050446,-0.5747359263361995,0.01757457106914436
6.5440000000000005,-0.3771256903680518,-0.5156812466812977,-0.3778625915794929,-0.5738096989884804,0.01757457106914436
6.545,-0.3776409061425914,-0.5147500905244974,-0.37843546424371416,-0.572872664221232,0.018161253412998003
6.546,-0.37815519012573584,-0.5138176642730174,-0.3790074008102029,-0.5719365664887508,0.018161253412998003
6.547,-0.37866854104853936,-0.5128839702275291,-0.3795784022150569,-0.5710014048540021,0.018161253412998003
6.548,-0.3791809576443607,-0.5119490106918274,-0.38014846939343777,-0.5700671783808882,0.018161253412998003
6.549,-0.3796924386488624,-0.5110127879728331,-0.380717603279572,-0.5691338861342473,0.018161253412998003
6.55,-0.3802029828000152,-0.510075304380584,-0.3812857930955104,-0.5681898159384088,0.018746815485212596
6.551,-0.3807125888381034,-0.5091365622282252,-0.3818530397853232,-0.5672466898127662,0.018746815485212596
6.5520000000000005,-0.38122125550572417,-0.5081965638320111,-0.3824193442921365,-0.5663045068132492,0.018746815485212596
6.553,-0.3817289815477925,-0.5072553115112949,-0.3829847075581332,-0.5653632659967317,0.018746815485212596
6.554,-0.382235765711546,-0.5063128075885214,-0.3835491305245542,-0.5644229664210307,0.018746815485212596
6.555,-0.38274160674654395,-0.5053690543892271,-0.38411260244358547,-0.5634719190312985,0.019331221165561584
6.556,-0.38324650340467503,-0.5044240542420275,-0.3846751242662744,-0.5625218226889559,0.019331221165561584
6.557,-0.3837504544401558,-0.5034778094786183,-0.3852366969427174,-0.5615726764429557,0.019331221165561584
6.558,-0.38425345860953836,-0.5025303224337626,-0.3857973214220606,-0.5606244793432016,0.019331221165561584
6.559,-0.3847555146717087,-0.5015815954452922,-0.3863569986525011,-0.5596772304405472,0.019331221165561584
6.5600000000000005,-0.38525662138789457,-0.5006316308540948,-0.3869157179170231,-0.5587192645220037,0.019914434405148805
6.561,-0.3857567775216639,-0.49968043100411574,-0.3874734801735925,-0.5577622565693787,0.019914434405148805
6.562,-0.3862559818389321,-0.49872799824234376,-0.3880302863792172,-0.5568062056247064,0.019914434405148805
6.563,-0.3867542331079612,-0.4977743349188144,-0.3885861374899482,-0.5558511107309787,0.019914434405148805
6.564,-0.3872515300993668,-0.4968194433865947,-0.38914103446088033,-0.5548969709321447,0.019914434405148805
6.565,-0.38774787158611734,-0.49586332600178584,-0.38969496660645697,-0.55393214557664,0.020496419228633645
6.566,-0.38824325634353907,-0.4949059851235135,-0.39024793489150345,-0.5529682850464906,0.020496419228633645
6.567,-0.3887376831493205,-0.493947423113919,-0.3907999402798803,-0.5520053883768715,0.020496419228633645
6.5680000000000005,-0.389231150783512,-0.4929876423381598,-0.39135098373448424,-0.551043454603922,0.020496419228633645
6.569,-0.3897236580285307,-0.49202664516440053,-0.39190106621724896,-0.5500824827647454,0.020496419228633645
6.57,-0.3902152036691651,-0.49106443396380434,-0.39245017707473623,-0.5491108574872516,0.021077139736449983
6.571,-0.39070578649257404,-0.4901010111105336,-0.39299831727857126,-0.5481402038350354,0.021077139736449983
6.572,-0.3911954052882942,-0.48913637898173645,-0.39354548779940773,-0.5471705208364713,0.021077139736449983
6.573,-0.3916840588482389,-0.4881705399575488,-0.39409168960692864,-0.5462018075209059,0.021077139736449983
6.574,-0.39217174596670457,-0.48720349642108135,-0.3946369236698473,-0.545234062918656,0.021077139736449983
6.575,-0.39265846544037225,-0.486235250758417,-0.3951811793675009,-0.5442556976535968,0.021656560107021817
6.5760000000000005,-0.3931442160683095,-0.4852658053586065,-0.3957244576782547,-0.5432783107538028,0.021656560107021817
6.577,-0.3936289966519743,-0.48429516261366123,-0.3962667595794956,-0.5423019012409086,0.021656560107021817
6.578,-0.39411280599522003,-0.4833233249185436,-0.3968080860476331,-0.5413264681375273,0.021656560107021817
6.579,-0.39459564290429394,-0.48235029467116847,-0.3973484380581004,-0.5403520104672493,0.021656560107021817
6.58,-0.3950775061878451,-0.4813760742723892,-0.39788780502366516,-0.5393669655648027,0.022234644598968616
6.581,-0.3955583946569233,-0.4804006661259988,-0.3984261879293724,-0.5383829057072586,0.022234644598968616
6.582,-0.3960383071249834,-0.47942407263872117,-0.398963587759282,-0.5373998299095719,0.022234644598968616
6.583,-0.3965172424078902,-0.4784462962202012,-0.39950000549646963,-0.5364177371876829,0.022234644598968616
6.5840000000000005,-0.396995199323918,-0.47746733928300633,-0.40003544212302816,-0.5354366265585159,0.022234644598968616
6.585,-0.39747217669375506,-0.4764872042426165,-0.40056988708580904,-0.534444962780891,0.022811357553316012
6.586,-0.3979481733405077,-0.47550589351741646,-0.4011033413764761,-0.5334542906670439,0.022811357553316012
6.587,-0.39842318808970195,-0.4745234095286916,-0.40163580598570137,-0.5324646092253105,0.022811357553316012
6.588,-0.3988972197692852,-0.4735397547006258,-0.40216728190316636,-0.5314759174650189,0.022811357553316012
6.589,-0.39937026720963237,-0.4725549314602875,-0.40269777011756286,-0.5304882143964875,0.022811357553316012
6.59,-0.3998423292435449,-0.4715689422376321,-0.40322726011047705,-0.5294899929141772,0.02338666339569253
6.591,-0.4003134047062577,-0.470581789465488,-0.4037557528801304,-0.5284927696533491,0.02338666339569253
6.5920000000000005,-0.40078349243543837,-0.46959347557955755,-0.40428324942374616,-0.5274965436157819,0.02338666339569253
6.593,-0.40125259127119167,-0.46860400301840804,-0.40480975073755043,-0.5265013138042522,0.02338666339569253
6.594,-0.40172070005606386,-0.46761337422346255,-0.405335257816773,-0.5255070792225341,0.02338666339569253
6.595,-0.402187817635042,-0.4666215916390014,-0.40585976017838354,-0.5245023616105412,0.02396052663852175
6.596,-0.402653942855561,-0.46562865771214723,-0.4063832588270997,-0.5234986487161603,0.02396052663852175
6.597,-0.4031190745675026,-0.4646345748928669,-0.4069057547666344,-0.5224959395346737,0.02396052663852175
6.598,-0.4035832116232001,-0.46363934563396214,-0.40742724899969673,-0.5214942330623685,0.02396052663852175
6.599,-0.40404635287744245,-0.4626429723910599,-0.40794774252799326,-0.5204935282965357,0.02396052663852175
6.6000000000000005,-0.4045084971874736,-0.46164545762261444,-0.40846722490452386,-0.5194823765305748,0.02453291188321568
6.601,-0.40496964341299946,-0.460646803789892,-0.40898569714044025,-0.5184722359163799,0.02453291188321568
6.602,-0.40542979041618654,-0.4596470133569738,-0.40950316024588307,-0.5174631054427993,0.02453291188321568
6.603,-0.4058889370616684,-0.45864608879074237,-0.41001961522998276,-0.5164549840996921,0.02453291188321568
6.604,-0.40634708221654675,-0.4576440325608783,-0.4105350631008607,-0.5154478708779281,0.02453291188321568
6.605,-0.4068042247503935,-0.45664084713985703,-0.4110494934481913,-0.514430347330603,0.025103783822355657
6.606,-0.4072603635352544,-0.4556365350029399,-0.4115629072894981,-0.5134138413068253,0.025103783822355657
6.607,-0.40771549744565333,-0.4546310986281649,-0.4120753056412872,-0.5123983517890713,0.025103783822355657
6.6080000000000005,-0.40816962535859214,-0.45362454049634765,-0.41258668951904803,-0.5113838777608352,0.025103783822355657
6.609,-0.4086227461535548,-0.45261686309107135,-0.41309705993725465,-0.5103704182066272,0.025103783822355657
6.61,-0.4090748587125118,-0.45160806889867755,-0.41360640652289826,-0.5093465856435831,0.025673107241870573
6.611,-0.4095259619199194,-0.45059816040826794,-0.4141147302998114,-0.5083237769131022,0.025673107241870573
6.612,-0.40997605466272624,-0.44958714011168893,-0.41462203229080274,-0.5073019909913516,0.025673107241870573
6.613,-0.41042513583037266,-0.448575010503534,-0.4151283135176583,-0.5062812268555229,0.025673107241870573
6.614,-0.4108732043147951,-0.4475617740811332,-0.4156335750011421,-0.5052614834838299,0.025673107241870573
6.615,-0.4113202590104301,-0.4465474333445445,-0.416137806406202,-0.504231405059882,0.026240847023209623
6.6160000000000005,-0.41176629881421367,-0.4455319907965552,-0.4166410087629164,-0.5032023567143579,0.026240847023209623
6.617,-0.41221132262558735,-0.4445154489426676,-0.41714318310033355,-0.5021743374171793,0.026240847023209623
6.618,-0.4126553293464997,-0.4434978102910966,-0.41764433044647287,-0.5011473461392979,0.026240847023209623
6.619,-0.4130983178814072,-0.44247907735276665,-0.41814445182832555,-0.5001213818526944,0.026240847023209623
6.62,-0.41354028713728075,-0.44145925264129765,-0.41864353694943346,-0.4990851211079315,0.02680696814550862
6.621,-0.4139812360236046,-0.4404383386730071,-0.41914158684605735,-0.4980498966239134,0.02680696814550862
6.622,-0.4144211634523807,-0.43941633796689955,-0.4196386025534217,-0.49701570736437933,0.02680696814550862
6.623,-0.41486006833813294,-0.4383932530446581,-0.42013458510571583,-0.49598255229410476,0.02680696814550862
6.6240000000000006,-0.41529794959790656,-0.43736908643064404,-0.4206295355360947,-0.49495043037890046,0.02680696814550862
6.625,-0.41573480615127256,-0.4363438406518881,-0.4211234435873295,-0.4939080512347666,0.027371435687748035
6.626,-0.4161706369203319,-0.43531751823807974,-0.4216163103017993,-0.49286671446977687,0.027371435687748035
6.627,-0.4166054408297144,-0.43429012172157,-0.42210813672084085,-0.4918264190415521,0.027371435687748035
6.628,-0.4170392168065857,-0.43326165363735514,-0.4225989238847496,-0.4907871639087556,0.027371435687748035
6.6290000000000004,-0.4174719637806457,-0.4322321165230805,-0.42308867283278073,-0.48974894803109187,0.027371435687748035
6.63,-0.4179036806841352,-0.43120151291902403,-0.4235773733475672,-0.48870051478644255,0.02793421483091143
6.631,-0.4183343664518347,-0.4301698453681001,-0.42406502647754224,-0.4876531299750379,0.02793421483091143
6.632000000000001,-0.4187640200210709,-0.4291371164158434,-0.4245516332700907,-0.48660679254844463,0.02793421483091143
6.633,-0.4191926403317152,-0.42810332861041245,-0.42503719477155,-0.48556150145927796,0.02793421483091143
6.634,-0.4196202263261908,-0.4270684845025735,-0.4255217120272112,-0.48451725566120046,0.02793421483091143
6.635,-0.4200467769494706,-0.4260325866457038,-0.4260051748601995,-0.48346283298833664,0.028495270860130095
6.636,-0.42047229114908447,-0.4249956375957761,-0.42648758432493766,-0.4824094647381457,0.028495270860130095
6.6370000000000005,-0.42089676787511776,-0.4239576399113601,-0.42696894147479386,-0.481357149856205,0.028495270860130095
6.638,-0.421320206080216,-0.42291859615361327,-0.427449247362083,-0.4803058872891462,0.028495270860130095
6.639,-0.42174260471958835,-0.42187850888627026,-0.4279285030380677,-0.47925567598465446,0.028495270860130095
6.640000000000001,-0.4221639627510078,-0.42083738067564436,-0.428406698366993,-0.47819532892533334,0.029054569166822752
6.641,-0.4225842791348148,-0.41979521409061693,-0.4288838344092061,-0.47713604221307154,0.029054569166822752
6.642,-0.4230035528339213,-0.41875201170262827,-0.4293599122239936,-0.47607781478752204,0.029054569166822752
6.643,-0.42342178281381027,-0.4177077760856788,-0.429834932869583,-0.47502064558939805,0.029054569166822752
6.644,-0.4238389680425418,-0.4166625098163137,-0.4303088974031435,-0.4739645335604722,0.029054569166822752
6.6450000000000005,-0.42425510749075174,-0.41561621547362604,-0.4307817957306654,-0.472898327521895,0.029612075250837342
6.646,-0.4246702001316579,-0.41456889563924193,-0.4312536289183547,-0.47183318768935634,0.029612075250837342
6.647,-0.42508424494106095,-0.4135205528973177,-0.4317243980313514,-0.47076911299665025,0.029612075250837342
6.648000000000001,-0.425497240897346,-0.412471189834536,-0.43219410413373,-0.46970610237863686,0.029612075250837342
6.649,-0.42590918698148605,-0.41142080904009715,-0.4326627482885012,-0.4686441547712415,0.029612075250837342
6.65,-0.42632008217704614,-0.41036941310570896,-0.4331303204440232,-0.46757215552201886,0.030167754722569887
6.651,-0.4267299254701822,-0.4093170046255888,-0.43359682167229524,-0.46650122827204543,0.030167754722569887
6.652,-0.4271387158496475,-0.4082635861964475,-0.43406225304424456,-0.465431371949322,0.030167754722569887
6.6530000000000005,-0.42754645230679217,-0.4072091604174915,-0.4345266156297275,-0.46436258548292125,0.030167754722569887
6.654,-0.42795313383556643,-0.4061537298904128,-0.4349899104975305,-0.46329486780298695,0.030167754722569887
6.655,-0.42835875943252494,-0.40509729721937904,-0.4354521276389996,-0.4622171414690821,0.03072157330509349
6.656000000000001,-0.42876332809682643,-0.4040398650110339,-0.4359132681318611,-0.46114049286151115,0.03072157330509349
6.657,-0.42916683883023754,-0.4029814358744875,-0.43637333305276366,-0.46006492090254775,0.03072157330509349
6.658,-0.42956929063713645,-0.401922012421306,-0.4368323234772792,-0.45899042451554334,0.03072157330509349
6.659,-0.42997068252451254,-0.4008615972655139,-0.4372902404799041,-0.4579170026249259,0.03072157330509349
6.66,-0.4303710135019716,-0.39980019302357916,-0.43774707409558966,-0.4568336156855756,0.03127349683626905
6.6610000000000005,-0.4307702825817372,-0.3987378023144098,-0.4382028254077228,-0.45575131213316467,0.03127349683626905
6.662,-0.4311684887786517,-0.39767442775935186,-0.4386574954986071,-0.4546700908843061,0.03127349683626905
6.663,-0.43156563111018176,-0.3966100719821738,-0.4391110854494638,-0.4535899508566964,0.03127349683626905
6.664,-0.4319617085964173,-0.3955447376090703,-0.4395635963404329,-0.45251089096911434,0.03127349683626905
6.665,-0.4323567202600774,-0.3944784272686453,-0.4400150182506856,-0.4514219102527282,0.03182349127085177
6.666,-0.43275066512650956,-0.3934111435919151,-0.4404653522692027,-0.45033401851705845,0.03182349127085177
6.667,-0.4331435422236935,-0.39234288921229704,-0.4409145994838758,-0.44924721467312434,0.03182349127085177
6.668,-0.433535350582245,-0.3912736667656004,-0.44136276098150884,-0.4481614976330342,0.03182349127085177
6.6690000000000005,-0.4339260892354155,-0.3902034788900263,-0.4418098378478188,-0.4470768663099841,0.03182349127085177
6.67,-0.4343157572190956,-0.38913232822615823,-0.4422558202068088,-0.44598235899002225,0.03237152268259416
6.671,-0.43470435357181925,-0.3880602174169516,-0.4427007091529862,-0.44488894617738034,0.03237152268259416
6.672,-0.43509187733476273,-0.38698714910773563,-0.4431445057797638,-0.44379662677755105,0.03237152268259416
6.673,-0.43547832755175053,-0.38591312594619726,-0.44358721117946087,-0.44270539969712164,0.03237152268259416
6.674,-0.43586370326925433,-0.38483815058238435,-0.44402882644330466,-0.44161526384377264,0.03237152268259416
6.675,-0.4362480035363982,-0.3837622256686905,-0.44446934174073927,-0.4405152974346021,0.03291755726633756
6.676,-0.4366312274049599,-0.38268535385985225,-0.4449087581717311,-0.43941643099184075,0.03291755726633756
6.6770000000000005,-0.43701337392937223,-0.38160753781294504,-0.4453470768351466,-0.43831866341552217,0.03291755726633756
6.678,-0.4373944421667262,-0.3805287801873739,-0.4457842988287534,-0.4372219936067799,0.03291755726633756
6.679,-0.4377744311767746,-0.37944908364486374,-0.4462204252492213,-0.43612642046784633,0.03291755726633756
6.68,-0.4381533400219315,-0.3783684508494608,-0.44665544631204185,-0.43502106282057657,0.0334615613400952
6.681,-0.4385311677672779,-0.3772868844675167,-0.4470893631225728,-0.4339168105309541,0.0334615613400952
6.682,-0.43890791348056096,-0.37620438716769006,-0.44752217678506645,-0.43281366249362124,0.0334615613400952
6.683,-0.4392835762321976,-0.3751209616209368,-0.44795388840267075,-0.4317116176043257,0.0334615613400952
6.684,-0.43965815509527817,-0.37403661050049913,-0.44838449907743066,-0.4306106747599195,0.0334615613400952
6.6850000000000005,-0.4400316491455662,-0.3729513364819069,-0.4488139990714889,-0.4294999940582169,0.0340035013471327
6.686,-0.4404040574615018,-0.3718651422429672,-0.4492423894955261,-0.42839042403721606,0.0340035013471327
6.687,-0.44077537912420534,-0.37077803046375374,-0.4496696714591123,-0.42728196358623616,0.0340035013471327
6.688,-0.4411456132174766,-0.3696900038266094,-0.450095846070708,-0.42617461159570724,0.0340035013471327
6.689,-0.4415147588278003,-0.3686010650161303,-0.4505209144376652,-0.4250683669571689,0.0340035013471327
6.69,-0.4418828150443466,-0.36751121671916365,-0.45094486686937824,-0.4239524317130509,0.03454334385803867
6.691,-0.4422497809589727,-0.3664204616248042,-0.45136770448178243,-0.4228376124041771,0.03454334385803867
6.692,-0.44261565566622746,-0.3653288024243792,-0.45178942838969705,-0.4217239079146122,0.03454334385803867
6.6930000000000005,-0.442980438263351,-0.36423624181145053,-0.4522100397068266,-0.4206113171295368,0.03454334385803867
6.694,-0.4433441278502781,-0.36314278248180404,-0.45262953954576185,-0.4194998389352465,0.03454334385803867
6.695,-0.44370672352964163,-0.3620484271334395,-0.4530479182637467,-0.4183787179848556,0.03508105557278254
6.696,-0.44406822440677207,-0.36095317846657243,-0.4534651769819021,-0.4172587181554151,0.03508105557278254
6.697,-0.4444286295897027,-0.35985703918361756,-0.45388131682022786,-0.41613983832580403,0.03508105557278254
6.698,-0.4447879381891691,-0.3587600119891909,-0.4542963388976039,-0.4150220773760226,0.03508105557278254
6.699,-0.4451461493186128,-0.35766209959009904,-0.4547102443317911,-0.4139054341871909,0.03508105557278254
6.7,-0.44550326209418406,-0.35656330469532943,-0.4551230235284776,-0.4127791966865483,0.03561660332277247
6.7010000000000005,-0.44585927563474226,-0.3554636300160504,-0.45553467761390104,-0.41165408542340626,0.03561660332277247
6.702,-0.446214189061859,-0.3543630782656011,-0.45594520771317254,-0.4105300992715274,0.03561660332277247
6.703,-0.4465680014998211,-0.3532616521594824,-0.45635461495027835,-0.4094072371058004,0.03561660332277247
6.704,-0.4469207120756315,-0.35215935441535373,-0.4567629004480806,-0.40828549780223916,0.03561660332277247
6.705,-0.44727231991901234,-0.3510561877530239,-0.45717005466130356,-0.4071542132229789,0.0361499540729011
6.706,-0.4476228241624058,-0.3499521548944482,-0.45757607872123185,-0.4060240599282979,0.0361499540729011
6.707,-0.44797222394097713,-0.34884725856371934,-0.4579809737580188,-0.4048950367869116,0.0361499540729011
6.708,-0.4483205183926179,-0.3477415014870565,-0.4583847409006874,-0.40376714266866665,0.0361499540729011
6.7090000000000005,-0.4486677066579457,-0.3466348863928069,-0.458787381277132,-0.40264037644454,0.0361499540729011
6.71,-0.4490137878803077,-0.34552741601143416,-0.4591888853917016,-0.4015041145696238,0.036681074923580276
6.711,-0.44935876120578366,-0.34441909307550905,-0.4595892543806582,-0.40036898895658257,0.036681074923580276
6.712,-0.4497026257831854,-0.3433099203197108,-0.45998848937912734,-0.3992349984691544,0.036681074923580276
6.713,-0.450045380764062,-0.3421999004808103,-0.46038659152109956,-0.3981021419722136,0.036681074923580276
6.714,-0.45038702530269925,-0.3410890362976724,-0.4607835619394313,-0.39697041833176977,0.036681074923580276
6.715,-0.45072755855612284,-0.3399773305112454,-0.4611793911886825,-0.3958292492511825,0.03720993311277426
6.716,-0.4510669796841016,-0.33886478586455027,-0.4615740804100222,-0.3946892213396758,0.03720993311277426
6.7170000000000005,-0.4514052878491468,-0.33775140510268276,-0.46196763074347824,-0.39355033345608065,0.03720993311277426
6.718,-0.45174248221651714,-0.3366371909727981,-0.4623600433279386,-0.3924125844603691,0.03720993311277426
6.719,-0.4520785619542194,-0.3355221462241076,-0.46275131930115226,-0.3912759732136532,0.03720993311277426
6.72,-0.45241352623300946,-0.3344062736078758,-0.46314144926847234,-0.39012996732007915,0.037736496018018845
6.721,-0.452747374226397,-0.3332895758774049,-0.46353043437590474,-0.38898510743239867,0.037736496018018845
6.722,-0.45308010511064495,-0.3321720557880369,-0.46391827576830935,-0.3878413924046059,0.037736496018018845
6.723,-0.4534117180647725,-0.33105371609714274,-0.4643049745894012,-0.38669882109184095,0.037736496018018845
6.724,-0.45374221227055844,-0.329934559564112,-0.4646905319817516,-0.3855573923503887,0.037736496018018845
6.7250000000000005,-0.4540715869125408,-0.32881458895035326,-0.46507493860208643,-0.38440662033486966,0.038260731158432225
6.726,-0.45439984117802,-0.3276938070192841,-0.4654581956011778,-0.3832569990913661,0.038260731158432225
6.727,-0.454726974257062,-0.3265722165363199,-0.4658403041286469,-0.3821085274691061,0.038260731158432225
6.728,-0.4550529853424977,-0.3254498202688763,-0.4662212653329654,-0.38096120431846836,0.038260731158432225
6.729,-0.455377873629928,-0.3243266209863519,-0.46660108036145637,-0.37981502849098125,0.038260731158432225
6.73,-0.45570163831772287,-0.32320262146013057,-0.4669797399227949,-0.37865956133855583,0.038782606196722205
6.731,-0.45602427860702477,-0.3220778244635707,-0.4673572451724482,-0.3775052496532828,0.038782606196722205
6.732,-0.4563457937017512,-0.32095223277199575,-0.4677335972647279,-0.37635209227969507,0.038782606196722205
6.7330000000000005,-0.4566661828085961,-0.3198258491626901,-0.4681087973527914,-0.37520008806348093,0.038782606196722205
6.734,-0.4569854451370304,-0.31869867641489585,-0.46848284658864287,-0.37404923585148303,0.038782606196722205
6.735,-0.45730357989930676,-0.3175707173097972,-0.46885573573347966,-0.37288914483680796,0.03930208894117797
6.736,-0.45762058631045854,-0.3164419746305236,-0.4692274659473928,-0.3717302139131476,0.03930208894117797
6.737,-0.4579364635883047,-0.31531245116213297,-0.4695980383893132,-0.3705724419204109,0.03930208894117797
6.738,-0.45825121095344906,-0.3141821496916133,-0.46996745421701286,-0.3694158276996669,0.03930208894117797
6.739,-0.4585648276292834,-0.3130510730078725,-0.470335714587106,-0.36826037009314366,0.03930208894117797
6.74,-0.45887731284199057,-0.31191922390172727,-0.4707028103138821,-0.3670957267760974,0.03981914734765576
6.7410000000000005,-0.45918866582054396,-0.310786605165904,-0.4710687425619845,-0.3659322481023682,0.03981914734765576
6.742,-0.45949888579671067,-0.3096532195950282,-0.4714335124948918,-0.3647699329073127,0.03981914734765576
6.743,-0.45980797200505447,-0.30851906998561346,-0.47179712127491924,-0.3636087800274523,0.03981914734765576
6.744,-0.46011592368293514,-0.30738415913606376,-0.47215957006321974,-0.3624487883004717,0.03981914734765576
6.745,-0.4604227400705132,-0.3062484898466563,-0.4725208497277415,-0.3612796645217401,0.04033374952155769
6.746,-0.46072842041074913,-0.3051120649195447,-0.47288096143760827,-0.3601117098667872,0.04033374952155769
6.747,-0.46103296394940735,-0.3039748871587432,-0.4732399063607748,-0.35894492316648924,0.04033374952155769
6.748,-0.4613363699350573,-0.3028369593701236,-0.47359768566402766,-0.3577793032528916,0.04033374952155769
6.7490000000000006,-0.46163863761907453,-0.3016982843614109,-0.47395430051298687,-0.35661484895920753,0.04033374952155769
6.75,-0.4619397662556432,-0.30055886494217376,-0.4743097418298227,-0.3554413168358524,0.04084586371979747
6.751,-0.4622397551017591,-0.29941870392381376,-0.47466401078806736,-0.35426895824462057,0.04084586371979747
6.752,-0.4625386034172288,-0.2982778041195674,-0.47501710856007934,-0.35309777201198,0.04084586371979747
6.753,-0.46283631046467455,-0.2971361683444891,-0.4753690363170449,-0.3519277569655721,0.04084586371979747
6.7540000000000004,-0.4631328755095334,-0.2959937994154528,-0.4757197952289791,-0.3507589119342106,0.04084586371979747
6.755,-0.46342829782006034,-0.2948507001511416,-0.47606937627283435,-0.3495810438552212,0.04135545835275824
6.756,-0.46372257666733074,-0.2937068733720367,-0.47641778062647866,-0.3484043536443108,0.04135545835275824
6.757000000000001,-0.4640157113252405,-0.29256232190041837,-0.4767650094666023,-0.3472288401236113,0.04135545835275824
6.758,-0.46430770107050867,-0.2914170485603548,-0.4771110639687187,-0.34605450211643257,0.04135545835275824
6.759,-0.4645985451826803,-0.29027105617769144,-0.47745594530716595,-0.344881338447261,0.04135545835275824
6.76,-0.4648882429441257,-0.2891243475800533,-0.47779964451423507,-0.34369920706908885,0.04186250198624286
6.761,-0.46517679364004483,-0.2879769255968285,-0.47814216277205734,-0.3425182578222949,0.04186250198624286
6.7620000000000005,-0.4654641965584678,-0.2868287930591655,-0.47848350126158207,-0.3413384895247477,0.04186250198624286
6.763,-0.4657504509902559,-0.2856799527999696,-0.4788236611625776,-0.3401599009954981,0.04186250198624286
6.764,-0.4660355562291054,-0.2845304076538876,-0.47916264365363237,-0.33898249105477773,0.04186250198624286
6.765000000000001,-0.4663195115715471,-0.28338016045730896,-0.4795004398229292,-0.33779616929685474,0.042366963343411154
6.766,-0.46660231631694915,-0.28222921404835577,-0.4798370508567899,-0.3366110338606897,0.042366963343411154
6.767,-0.4668839697675196,-0.28107757126687116,-0.48017247794034984,-0.33542708355996076,0.042366963343411154
6.768,-0.46716447122830584,-0.2799252349544218,-0.48050672225755936,-0.33424431720953257,0.042366963343411154
6.769,-0.46744382000719914,-0.2787722079542805,-0.4808397849911848,-0.3330627336254548,0.042366963343411154
6.7700000000000005,-0.4677220154149338,-0.27761849311142794,-0.4811716572858505,-0.3318722946656951,0.04286881130671004
6.771,-0.46799905676508996,-0.2764640932725422,-0.4815023403319954,-0.33068304614489524,0.04286881130671004
6.772,-0.46827494337409625,-0.2753090112859875,-0.48183183531886803,-0.32949498687261614,0.04286881130671004
6.773000000000001,-0.46854967456122965,-0.2741532500018151,-0.4821601434345276,-0.3283081156596093,0.04286881130671004
6.774,-0.4688232496486179,-0.2729968122717524,-0.48248726586584545,-0.3271224313178155,0.04286881130671004
6.775,-0.46909566796124197,-0.27183970094919324,-0.48281319381443355,-0.3259279485881018,0.043368014919793633
6.776,-0.4693669288269371,-0.2706819188891934,-0.48313792847477466,-0.32473466034111786,0.043368014919793633
6.777,-0.46963703157639336,-0.2695234689484678,-0.483461471040157,-0.32354256538238085,0.043368014919793633
6.7780000000000005,-0.4699059755431598,-0.2683643539853738,-0.4837838227026756,-0.3223516625186026,0.043368014919793633
6.779,-0.4701737600636433,-0.26720457685991494,-0.4841049846532333,-0.3211619505576881,0.043368014919793633
6.78,-0.47044038447711267,-0.2660441404337233,-0.48442494815097265,-0.3199634977393418,0.043864543389430716
6.781000000000001,-0.4707058481256985,-0.2648830475700619,-0.48474371439434644,-0.3187662433738138,0.043864543389430716
6.782,-0.47097015035439527,-0.26372130113381315,-0.4850612845806091,-0.3175701862626514,0.043864543389430716
6.783,-0.47123329051106405,-0.26255890399146836,-0.4853776599058177,-0.3163753252086001,0.043864543389430716
6.784,-0.47149526794643215,-0.26139585901112944,-0.48569284156483333,-0.3151816590156029,0.043864543389430716
6.785,-0.4717560820140968,-0.2602321690624917,-0.4860068208748682,-0.3139793100348392,0.044358366087406426
6.7860000000000005,-0.472015732070525,-0.2590678370168457,-0.48631959903827127,-0.31277816340305625,0.044358366087406426
6.787,-0.47227421747505577,-0.2579028657470664,-0.48663117725618915,-0.3115782179179051,0.044358366087406426
6.788,-0.4725315375899025,-0.25673725812760184,-0.48694155672856737,-0.31037947237823904,0.044358366087406426
6.789,-0.472787691780153,-0.25557101703447577,-0.48725073865415147,-0.30918192558411267,0.044358366087406426
6.79,-0.4730426794137725,-0.2544041453452706,-0.487558714408759,-0.30797575460748033,0.044849452552410594
6.791,-0.47329649986160455,-0.25323664593912515,-0.4878654851985608,-0.30677078980182465,0.044849452552410594
6.792,-0.4735491524973719,-0.25206852169673066,-0.4881710522285218,-0.3055670299609746,0.044849452552410594
6.793,-0.4738006366976799,-0.25089977550031495,-0.4884754167024018,-0.30436447387996546,0.044849452552410594
6.7940000000000005,-0.474050951842016,-0.2497304102336444,-0.48877857982275685,-0.3031631203550373,0.044849452552410594
6.795,-0.4743000973127522,-0.24856042878201282,-0.4890805330245417,-0.3019532017848439,0.04533777249191667
6.796,-0.4745480724951473,-0.24738983403223067,-0.4893812775176749,-0.3007444931332207,0.04533777249191667
6.797,-0.47479487677734666,-0.24621862887262658,-0.48968081451086515,-0.2995369931902492,0.04533777249191667
6.798,-0.47504050955038585,-0.24504681619303037,-0.48997914521161234,-0.2983307007472206,0.04533777249191667
6.799,-0.47528497020819005,-0.24387439888477452,-0.490276270826209,-0.29712561459663506,0.04533777249191667
6.8,-0.4755282581475767,-0.24270137984068363,-0.49057218284927534,-0.29591202306635744,0.04582329578405002
6.801,-0.47577037276825757,-0.24152776195506287,-0.49086688249440297,-0.2946996451276101,0.04582329578405002
6.8020000000000005,-0.4760113134728385,-0.24035354812369905,-0.49116037097396975,-0.29348847956680146,0.04582329578405002
6.803,-0.47625107966682206,-0.23917874124384939,-0.4914526494991413,-0.29227852517155367,0.04582329578405002
6.804,-0.47648967075860926,-0.2380033442142318,-0.491743719279872,-0.2910697807307011,0.04582329578405002
6.805,-0.4767270861595006,-0.23682735993502027,-0.49203357187097235,-0.2898525911003815,0.046305992479447014
6.806,-0.4769633252836966,-0.2356507913078417,-0.49232220848963204,-0.28863661865969215,0.046305992479447014
6.807,-0.4771983875483013,-0.2344736412357596,-0.4926096303518235,-0.2874218621914435,0.046305992479447014
6.808,-0.4774322723733213,-0.2332959126232774,-0.49289583867230313,-0.2862083204796631,0.046305992479447014
6.809,-0.4776649791816696,-0.23211760837632078,-0.4931808346646127,-0.2849959923095945,0.046305992479447014
6.8100000000000005,-0.4778965073991651,-0.23093873140223964,-0.49346460994427394,-0.28377527966122285,0.04678583280310164
6.811,-0.4781268564545346,-0.22975928460979697,-0.49374716573199945,-0.2825557877254996,0.04678583280310164
6.812,-0.4783560257794153,-0.22857927090915792,-0.49402850324728115,-0.2813375152817121,0.04678583280310164
6.813,-0.478584014808354,-0.22739869321189166,-0.4943086237083915,-0.2801204611103683,0.04678583280310164
6.814,-0.4788108229788111,-0.22621755443095357,-0.49458752833238473,-0.27890462399319593,0.04678583280310164
6.815,-0.4790364497311597,-0.22503585748068752,-0.4948652087960108,-0.2776804636260787,0.04726278715620254
6.816,-0.4792608945086879,-0.22385360527681467,-0.49514166632343015,-0.27645752741932855,0.04726278715620254
6.817,-0.4794841567576011,-0.2226708007364221,-0.49541690213757894,-0.2752358141487852,0.04726278715620254
6.8180000000000005,-0.4797062359270214,-0.22148744677796503,-0.49569091746017047,-0.27401532259151234,0.04726278715620254
6.819,-0.4799271314689909,-0.22030354632124918,-0.49596371351169627,-0.2727960515257968,0.04726278715620254
6.82,-0.4801468428384715,-0.21911910228743384,-0.4962352820306482,-0.2715685189519118,0.047736826117958465
6.821,-0.4803653694933473,-0.2179341175990156,-0.4965056242445588,-0.2703422139106007,0.047736826117958465
6.822,-0.48058271089442584,-0.216748595179825,-0.49677474137973315,-0.26911713517433095,0.047736826117958465
6.823,-0.4807988665054386,-0.21556253795502217,-0.4970426346612499,-0.2678932815167974,0.047736826117958465
6.824,-0.4810138357930428,-0.2143759488510867,-0.49730930531296286,-0.2666706517129215,0.047736826117958465
6.825,-0.48122761822682364,-0.21318883079580658,-0.4975747451356151,-0.2654398226522603,0.0482079204474129
6.8260000000000005,-0.48144021327929387,-0.212001186718279,-0.49783895536003575,-0.2642102244206598,0.0482079204474129
6.827,-0.4816516204258962,-0.2108130195488989,-0.498101937215823,-0.2629818557872909,0.0482079204474129
6.828,-0.4818618391450049,-0.209624332219348,-0.49836369193134555,-0.26175471552255536,0.0482079204474129
6.829,-0.4820708689179258,-0.2084351276625969,-0.49862422073374363,-0.26052880239808457,0.0482079204474129
6.83,-0.4822787092288991,-0.2072454088128868,-0.4988835154865176,-0.2592947527739815,0.048676041085248395
6.831,-0.48248535956509925,-0.2060551786057322,-0.4991415774237171,-0.25806193719950254,0.048676041085248395
6.832,-0.48269081941663694,-0.204864439977909,-0.4993984077781577,-0.2568303544405981,0.048676041085248395
6.833,-0.4828950882765606,-0.20367319586744514,-0.49965400778142216,-0.25560000326445254,0.048676041085248395
6.8340000000000005,-0.48309816564085734,-0.2024814492136157,-0.4999083786638616,-0.25437088243948314,0.048676041085248395
6.835,-0.4833000510084535,-0.20128920295693978,-0.5001615123522356,-0.2531336883739321,0.04914115915557919
6.836,-0.4835007438812175,-0.20009646003916376,-0.5004134100837381,-0.25189773150244654,0.04914115915557919
6.837,-0.4837002437639591,-0.19890322340326494,-0.5006640730943259,-0.2506630105878325,0.04914115915557919
6.838,-0.4838985501644327,-0.19770949599343343,-0.50091350261872,-0.2494295243941331,0.04914115915557919
6.839,-0.48409566259333664,-0.19651528075507427,-0.5011616998904067,-0.2481972716866274,0.04914115915557919
6.84,-0.4842915805643155,-0.19532058063479618,-0.5014086568999023,-0.24695700949558613,0.049603245967731815
6.841,-0.4844863035939615,-0.1941253985804003,-0.5016543748874691,-0.2457179875667359,0.049603245967731815
6.8420000000000005,-0.48467983120181474,-0.19292973754088083,-0.501898855092129,-0.24448020465981454,0.049603245967731815
6.843,-0.4848721629103649,-0.19173360046641394,-0.5021420987516647,-0.2432436595358001,0.049603245967731815
6.844,-0.485063298245053,-0.1905369903083462,-0.5023841071026216,-0.24200835095690967,0.049603245967731815
6.845,-0.4852532367342712,-0.18933991001919695,-0.5026248721997671,-0.24076509714559247,0.050062273018014664
6.846,-0.48544197790936555,-0.1881423625526401,-0.5028643952863552,-0.23952308658808658,0.050062273018014664
6.847,-0.48562952130463555,-0.18694435086350772,-0.5031026776043963,-0.2382823180411382,0.050062273018014664
6.848,-0.485815866457337,-0.18574587790777178,-0.503339720394659,-0.23704279026273675,0.050062273018014664
6.849,-0.4860010129076813,-0.18454694664254792,-0.5035755248966711,-0.23580450201211373,0.050062273018014664
6.8500000000000005,-0.4861849601988383,-0.18334756002607716,-0.5038100832299414,-0.2345583332702721,0.05051821199147666
6.851,-0.48636770787693606,-0.18214772101772939,-0.5040433966406386,-0.2333134106971723,0.05051821199147666
6.852,-0.48654925549106326,-0.18094743257798546,-0.5042754663736853,-0.23206973304664558,0.05051821199147666
6.853,-0.48672960259326875,-0.17974669766844042,-0.504506293672759,-0.2308272990737694,0.05051821199147666
6.854,-0.4869087487385644,-0.17854551925178566,-0.5047358797802939,-0.22958610753486608,0.05051821199147666
6.855,-0.4870866934849247,-0.1773439002918108,-0.504964216881026,-0.22833710073205812,0.0509710347636549
6.856,-0.4872634363932885,-0.17614184375339256,-0.505191306223962,-0.22708934293605296,0.0509710347636549
6.857,-0.4874389770275606,-0.17493935260248328,-0.5054171490568599,-0.2258428328978438,0.0509710347636549
6.8580000000000005,-0.4876133149546118,-0.17373642980611165,-0.5056417466262295,-0.22459756936967284,0.0509710347636549
6.859,-0.48778644974428037,-0.17253307833237144,-0.5058651001773345,-0.22335355110503008,0.0509710347636549
6.86,-0.4879583809693738,-0.17132930115041012,-0.5060872019606204,-0.2221017832858789,0.05142071340230754
6.861,-0.48812910820566846,-0.1701251012304309,-0.506308053227855,-0.22085126723454687,0.05142071340230754
6.862,-0.4882986310319122,-0.168920481543676,-0.5065276552295542,-0.21960200169926616,0.05142071340230754
6.863,-0.4884669490298243,-0.16771544506242347,-0.5067460092149838,-0.21835398542952075,0.05142071340230754
6.864,-0.4886340617840966,-0.16650999475998368,-0.5069631164321599,-0.2171072171760451,0.05142071340230754
6.865,-0.4887999688823953,-0.16530413361068275,-0.5071789691977153,-0.2158527655554863,0.05186722016913782
6.8660000000000005,-0.4889646699153609,-0.16409786458986453,-0.5073935687661019,-0.21459956838654806,0.05186722016913782
6.867,-0.48912816447660995,-0.16289119067387928,-0.5076069163905167,-0.21334762441477875,0.05186722016913782
6.868,-0.48929045216273603,-0.16168411484007217,-0.5078190133229037,-0.2120969323869812,0.05186722016913782
6.869,-0.4894515325733102,-0.16047664006678566,-0.5080298608139548,-0.21084749105121148,0.05186722016913782
6.87,-0.4896114053108829,-0.15926876933334091,-0.5082394512469646,-0.20959043300973015,0.05231052752150511
6.871,-0.48977006998098377,-0.1580605056200403,-0.5084477858789909,-0.20833463202629032,0.05231052752150511
6.872,-0.4899275261921234,-0.15685185190815573,-0.5086548659658346,-0.20708008684383394,0.05231052752150511
6.873,-0.4900837735557946,-0.1556428111799174,-0.5088606927620412,-0.20582679620656,0.05231052752150511
6.8740000000000006,-0.4902388116864723,-0.15443338641851448,-0.5090652675209011,-0.20457475885992332,0.05231052752150511
6.875,-0.49039264020161527,-0.15322358060808372,-0.5092685826928399,-0.20331517193878093,0.052750608114123514
6.876,-0.490545258721667,-0.15201339673369932,-0.5094706395374445,-0.2020568446045597,0.052750608114123514
6.877,-0.49069666687005664,-0.15080283778136833,-0.5096714393130423,-0.20079977559767268,0.052750608114123514
6.878,-0.49084686427319935,-0.1495919067380273,-0.5098709832767021,-0.19954396365979254,0.052750608114123514
6.8790000000000004,-0.49099585056049827,-0.14838060659152555,-0.510069272684236,-0.19828940753385027,0.052750608114123514
6.88,-0.49114362536434425,-0.1471689403306285,-0.5102663000536662,-0.1970273694303014,0.05318743480074996
6.881,-0.49129018832011795,-0.1459569109449994,-0.5104620666470311,-0.1957665933648561,0.05318743480074996
6.882000000000001,-0.49143553906618964,-0.14474452142520175,-0.5106565737251065,-0.19450707807547626,0.05318743480074996
6.883,-0.4915796772439207,-0.14353177476268744,-0.510849822547408,-0.1932488223013858,0.05318743480074996
6.884,-0.49172260249766486,-0.14231867394978562,-0.511041814372191,-0.19199182478306942,0.05318743480074996
6.885,-0.49186431447476786,-0.14110522197970468,-0.5112325417855366,-0.19072741334556922,0.053620980635855665
6.886,-0.4920048128255699,-0.13989142184651399,-0.5114220060518561,-0.18946426631950655,0.053620980635855665
6.8870000000000005,-0.49214409720340496,-0.13867727654514608,-0.5116102084342965,-0.18820238244046994,0.053620980635855665
6.888,-0.49228216726460267,-0.13746278907138518,-0.5117971501947418,-0.18694176044531235,0.053620980635855665
6.889,-0.49241902266848914,-0.13624796242185566,-0.5119828325938139,-0.18568239907214992,0.053620980635855665
6.890000000000001,-0.49255466307738693,-0.13503279959402423,-0.5121672482861095,-0.18441569229555194,0.054051218876291725
6.891,-0.49268908815661716,-0.13381730358618166,-0.5123503985383352,-0.18315025222573056,0.054051218876291725
6.892,-0.49282229757449897,-0.1326014773974462,-0.5125322846159311,-0.181886077595979,0.054051218876291725
6.893,-0.49295429100235155,-0.13138532402774683,-0.512712907783072,-0.1806231671408572,0.054051218876291725
6.894,-0.4930850681144944,-0.13016884647781968,-0.5128922693026682,-0.17936151959619048,0.054051218876291725
6.8950000000000005,-0.49321462858824777,-0.12895204774920352,-0.5130703618982851,-0.17809259561693555,0.0544781229829369
6.896,-0.49334297210393396,-0.12773493084422968,-0.5132471868388468,-0.17682494056165987,0.0544781229829369
6.897,-0.4934700983448784,-0.12651749876601037,-0.5134227453920083,-0.17555855316143948,0.0544781229829369
6.898000000000001,-0.49359600699740963,-0.12529975451843958,-0.5135970388241569,-0.1742934321486193,0.0544781229829369
6.899,-0.4937206977508604,-0.12408170110618155,-0.5137700684004137,-0.17302957625681195,0.0544781229829369
6.9,-0.4938441702975689,-0.12286334153465929,-0.5139418269137619,-0.17175851334810843,0.05490166662233548
6.901,-0.4939664243328787,-0.12164467881005665,-0.5141123156352642,-0.17048872150231362,0.05490166662233548
6.902,-0.4940874595551403,-0.12042571593929999,-0.5142815358347125,-0.16922019944836458,0.05490166662233548
6.9030000000000005,-0.4942072756657112,-0.11920645593006045,-0.5144494887806289,-0.1679529459164695,0.05490166662233548
6.904,-0.49432587236895703,-0.11798690179074221,-0.514616175740267,-0.1666869596381063,0.05490166662233548
6.905,-0.4944432493722522,-0.11676705653047256,-0.514781589576472,-0.1654138362051018,0.055321823668319656
6.906000000000001,-0.4945594063859809,-0.11554692315909701,-0.5149457315623676,-0.1641419858955303,0.055321823668319656
6.907,-0.49467434312353686,-0.1143265046871761,-0.5151086029698039,-0.16287140743626838,0.055321823668319656
6.908,-0.49478805930132547,-0.11310580412596838,-0.5152702050693594,-0.16160209955546573,0.055321823668319656
6.909,-0.49490055463876303,-0.11188482448743388,-0.515430539130342,-0.16033406098254388,0.055321823668319656
6.91,-0.49501182885827877,-0.1106635687842157,-0.5155895980858994,-0.15905895555748883,0.055738568203624876
6.9110000000000005,-0.49512188168531446,-0.10944204002964229,-0.5157473832111373,-0.15778512523785884,0.055738568203624876
6.912,-0.49523071284832554,-0.10822024123771581,-0.5159038957798859,-0.1565125687485485,0.055738568203624876
6.913,-0.4953383220787823,-0.10699817542310054,-0.5160591370647016,-0.15524128481572744,0.055738568203624876
6.914,-0.4954447091111693,-0.10577584560112517,-0.5162131083368685,-0.1539712721668392,0.055738568203624876
6.915,-0.49554987368298736,-0.10455325478776428,-0.5163658026002728,-0.15269426340424266,0.05615187452148477
6.916,-0.49565381553475335,-0.10333040599964054,-0.5165172211319232,-0.15141853165040872,0.05615187452148477
6.917,-0.49575653441000084,-0.10210730225401313,-0.5166673652075515,-0.15014407562832863,0.05615187452148477
6.918,-0.49585803005528145,-0.1008839465687662,-0.5168162361016138,-0.1488708940622706,0.05615187452148477
6.9190000000000005,-0.4959583022201646,-0.09966034196241111,-0.5169638350872915,-0.14759898567777865,0.05615187452148477
6.92,-0.49605735065723894,-0.09843649145406774,-0.5171101552396411,-0.1463201523495565,0.05656171712721838
6.921,-0.496155175122112,-0.09721239806346842,-0.5172551978374957,-0.14504259785466259,0.05656171712721838
6.922,-0.49625177537341175,-0.09598806481094045,-0.51739896415841,-0.14376632091426356,0.05656171712721838
6.923,-0.4963471511727868,-0.09476349471740307,-0.5175414554786608,-0.14249132025080494,0.05656171712721838
6.924,-0.49644130228490685,-0.09353869080436264,-0.5176826730732488,-0.14121759458800975,0.05656171712721838
6.925,-0.4965342284774631,-0.09231365609390245,-0.5178226100888274,-0.13993701557862567,0.05696807073980356
6.926,-0.4966259295211697,-0.09108839360867108,-0.5179612678059756,-0.13865771714825098,0.05696807073980356
6.9270000000000005,-0.49671640518976334,-0.08986290637188332,-0.5180986475039919,-0.13737969801630665,0.05696807073980356
6.928,-0.4968056552600042,-0.08863719740730847,-0.5182347504608954,-0.13610295690349428,0.05696807073980356
6.929,-0.4968936795116768,-0.0874112697392588,-0.5183695779534272,-0.1348274925317947,0.05696807073980356
6.93,-0.4969804777275898,-0.08618512639259172,-0.5185031232002606,-0.1335452468333942,0.05737091029343569
6.931,-0.49706604969357754,-0.08495877039269131,-0.5186353874836412,-0.13226428338069207,0.05737091029343569
6.932,-0.4971503951984995,-0.08373220476547046,-0.5187663720845327,-0.13098460089144268,0.05737091029343569
6.933,-0.4972335140342415,-0.0825054325373593,-0.5188960782826174,-0.12970619808468253,0.05737091029343569
6.934,-0.4973154059957162,-0.08127845673529359,-0.5190245073562981,-0.12842907368072914,0.05737091029343569
6.9350000000000005,-0.49739607088086324,-0.08005128038671694,-0.5191516525966864,-0.12714524038826694,0.05777021093907343
6.936,-0.49747550849065003,-0.07882390651956359,-0.5192775152876155,-0.12586269092909722,0.05777021093907343
6.937,-0.4975537186290723,-0.07759633816225515,-0.5194020967116348,-0.12458142401938666,0.05777021093907343
6.938,-0.4976307011031541,-0.07636857834369733,-0.5195253981500114,-0.1233014383765858,0.05777021093907343
6.939,-0.497706455722949,-0.07514063009326263,-0.5196474208827309,-0.12202273271942775,0.05777021093907343
6.94,-0.49778098230154,-0.07391249644079269,-0.5197681582737567,-0.12073739102578887,0.05816594804597224
6.941,-0.49785428065504,-0.07268418041658659,-0.5198876116084306,-0.11945333467384364,0.05816594804597224
6.942,-0.4979263506025928,-0.07145568505138923,-0.5200057821708088,-0.11817056237825035,0.05816594804597224
6.9430000000000005,-0.49799719196637293,-0.07022701337639223,-0.5201226712436637,-0.11688907285495266,0.05816594804597224
6.944,-0.4980668045715862,-0.06899816842322215,-0.5202382801084849,-0.11560886482117827,0.05816594804597224
6.945,-0.4981351882464707,-0.06776915322392901,-0.5203526022024972,-0.11432209401229303,0.05855809720320329
6.946,-0.4982023428222962,-0.06653997081098843,-0.5204656388124714,-0.11303660997421666,0.05855809720320329
6.947,-0.4982682681333657,-0.06531062421728301,-0.5205773912238916,-0.11175241142017837,0.05855809720320329
6.948,-0.49833296401701493,-0.06408111647610606,-0.5206878607209563,-0.11046949706469412,0.05855809720320329
6.949,-0.4983964303136133,-0.06285145062114295,-0.5207970485865798,-0.10918786562356536,0.05855809720320329
6.95,-0.4984586668665639,-0.06162162968647469,-0.5209049483316534,-0.10789974507351861,0.058946634221159
6.9510000000000005,-0.4985196735223045,-0.0603916567065594,-0.5210115612442974,-0.10661291264402191,0.058946634221159
6.952,-0.4985794501303069,-0.059161534716235954,-0.5211168886113443,-0.10532736704695471,0.058946634221159
6.953,-0.49863799654307855,-0.05793126675070527,-0.5212209317183398,-0.10404310699548458,0.058946634221159
6.954,-0.4986953126161618,-0.05670085584553405,-0.5213236918495439,-0.10276013120406592,0.058946634221159
6.955,-0.498751398208135,-0.055470305036636094,-0.521425162589914,-0.10147074037020093,0.05933153513304662
6.956,-0.4988062531806126,-0.05423961736027461,-0.5215253452288412,-0.10018263892716979,0.05933153513304662
6.957,-0.4988598773982453,-0.05300879585305048,-0.5216242410544267,-0.09889582558558169,0.05933153513304662
6.958,-0.49891227072872074,-0.05177784355189065,-0.521721851353484,-0.09761029905733518,0.05933153513304662
6.9590000000000005,-0.4989634330427635,-0.050546763494048935,-0.5218181774115397,-0.0963260580556169,0.05933153513304662
6.96,-0.4990133642141358,-0.049315558717094386,-0.5219132128880133,-0.095035476473634,0.059712776196364566
6.961,-0.4990620641196373,-0.048084232258899635,-0.5220069590734865,-0.09374618547323307,0.059712776196364566
6.962,-0.4991095326391059,-0.046852787157643086,-0.5220994172572503,-0.09245818376383255,0.059712776196364566
6.963,-0.49915576965541775,-0.045621226451790335,-0.5221905887273064,-0.09117147005614143,0.059712776196364566
6.964,-0.4992007750544875,-0.044389553180097775,-0.5222804747703685,-0.089886043062158,0.059712776196364566
6.965,-0.4992445487252689,-0.043157770381595385,-0.5223690691207098,-0.08859435034120848,0.06009033389436805
6.966,-0.49928709055975484,-0.041925881095583366,-0.5224563730700228,-0.08730394931297991,0.06009033389436805
6.9670000000000005,-0.4993284004529775,-0.04069388836162747,-0.5225423879087085,-0.08601483868577957,0.06009033389436805
6.968,-0.49936847830300873,-0.0394617952195487,-0.5226271149258778,-0.08472701716920643,0.06009033389436805
6.969,-0.49940732401096055,-0.03822960470941161,-0.522710555409352,-0.08344048347414987,0.06009033389436805
6.97,-0.49944493748098495,-0.03699731987152659,-0.5227927031686439,-0.0821477592919253,0.060464184937521
6.971,-0.4994813186202745,-0.03576494374643119,-0.5228735594964777,-0.08085632783388295,0.060464184937521
6.972,-0.49951646733906235,-0.034532479374892386,-0.522953125684285,-0.07956618780729866,0.060464184937521
6.973,-0.4995503835506225,-0.03329992979789488,-0.5230314030222057,-0.07827733792074093,0.060464184937521
6.974,-0.49958306717127005,-0.03206729805662946,-0.5231083927990898,-0.07698977688406977,0.060464184937521
6.9750000000000005,-0.4996145181203615,-0.0308345871924938,-0.5231840889000717,-0.07569610098188712,0.06083430626492944
6.976,-0.4996447363202946,-0.029601800247080808,-0.5232584926188273,-0.07440371875560664,0.06083430626492944
6.977,-0.49967372169650914,-0.028368940262166943,-0.5233316052477388,-0.07311262891155244,0.06083430626492944
6.978,-0.49970147417748645,-0.027136010279714448,-0.5234034280778962,-0.0718228301573423,0.06083430626492944
6.979,-0.4997279936947501,-0.025903013341854107,-0.523473962399098,-0.07053432120188637,0.06083430626492944
6.98,-0.4997532801828658,-0.024669952490881882,-0.5235432021724779,-0.06923977337976917,0.06120067504576584
6.981,-0.4997773335794416,-0.023436830769255654,-0.5236111486925833,-0.06794652010547408,0.06120067504576584
6.982,-0.49980015382512827,-0.022203651219577895,-0.5236778032526678,-0.0666545600844533,0.06120067504576584
6.9830000000000005,-0.499821740863619,-0.02097041688459795,-0.5237431671446913,-0.06536389202345352,0.06120067504576584
6.984,-0.49984209464164997,-0.01973713080720034,-0.5238072416593218,-0.06407451463051475,0.06120067504576584
6.985,-0.4998612151090003,-0.018503796030393087,-0.5238700208340641,-0.06277917474227064,0.06156326868067954
6.986,-0.499879102218492,-0.017270415597309928,-0.523931505964258,-0.06148513019391478,0.06156326868067954
6.987,-0.49989575592599056,-0.01603699255119169,-0.5239916983439481,-0.060192379690107274,0.06156326868067954
6.988,-0.49991117619040454,-0.014803529935388521,-0.5240505992658849,-0.058900921936803574,0.06156326868067954
6.989,-0.4999253629736859,-0.013570030793348205,-0.5241082100215262,-0.05761075564125318,0.06156326868067954
6.99,-0.4999383162408303,-0.012336498168604472,-0.5241645247251158,-0.0563147035895482,0.061922064803186405
6.9910000000000005,-0.49995003595987675,-0.011102935104779237,-0.5242195446727057,-0.055019947589894924,0.061922064803186405
6.992,-0.49996052210190806,-0.009869344645563946,-0.524273271159052,-0.0537264863462413,0.061922064803186405
6.993,-0.4999697746410507,-0.00863572983472322,-0.5243257054776158,-0.052434318563831336,0.061922064803186405
6.994,-0.4999777935544749,-0.007402093716077579,-0.524376848920565,-0.051143442949203775,0.061922064803186405
6.995,-0.49998457882239483,-0.0061684393335001185,-0.5244266956792456,-0.04984675868063354,0.06227704128105147
6.996,-0.49999013042806856,-0.004934769730911791,-0.524475247050342,-0.048551371096331876,0.06227704128105147
6.997,-0.499994448357798,-0.0037010879522710962,-0.5245225043292416,-0.047257278899614515,0.06227704128105147
6.998,-0.4999975326009291,-0.002467397041562399,-0.5245684688100367,-0.04596448079509387,0.06227704128105147
6.9990000000000006,-0.49999938314985176,-0.0012337000427967788,-0.5246131417855254,-0.04467297548867775,0.06227704128105147
7.0,-0.5,-3.3664237140131323e-16,-0.5246565175245143,-0.04337573898883599,0.06262817621765408
7.001,-0.49999938314985176,0.0012337000427975007,-0.5246985973242397,-0.04207979972549407,0.06262817621765408
7.002,-0.4999975326009291,0.0024673970415617255,-0.5247393824806411,-0.040785156401415494,0.06262817621765408
7.003,-0.499994448357798,0.003701087952270423,-0.5247788742883618,-0.039491807720661,0.06262817621765408
7.0040000000000004,-0.49999013042806856,0.004934769730912511,-0.5248170740407504,-0.038199752388587256,0.06262817621765408
7.005,-0.49998457882239483,0.0061684393334994455,-0.5248539760844275,-0.03690204367713193,0.06297544795333715
7.006,-0.4999777935544749,0.007402093716076905,-0.5248895817171019,-0.03560563267438806,0.06297544795333715
7.007000000000001,-0.4999697746410507,0.008635729834722546,-0.5249238922351845,-0.03431051808264693,0.06297544795333715
7.008,-0.49996052210190806,0.009869344645563272,-0.52495690893379,-0.03301669860549754,0.06297544795333715
7.009,-0.49995003595987675,0.011102935104778564,-0.5249886331067378,-0.0317241729478253,0.06297544795333715
7.01,-0.4999383162408303,0.012336498168603799,-0.5250190591788114,-0.030426072073542598,0.0633188350667438
7.011,-0.4999253629736859,0.013570030793347532,-0.5250481884481115,-0.02912926930013418,0.0633188350667438
7.0120000000000005,-0.4999111761904045,0.014803529935389243,-0.525076022211441,-0.027833763329499172,0.0633188350667438
7.013,-0.49989575592599056,0.016036992551191016,-0.5251025617643058,-0.026539552864834795,0.0633188350667438
7.014,-0.499879102218492,0.017270415597309255,-0.5251278084009164,-0.025246636610635084,0.0633188350667438
7.015000000000001,-0.4998612151090003,0.01850379603039381,-0.5251517566245629,-0.023948223646501628,0.06365831637614099
7.016,-0.49984209464164997,0.019737130807199667,-0.5251744077336583,-0.022651109095332307,0.06365831637614099
7.017,-0.499821740863619,0.02097041688459867,-0.525195763025317,-0.021355291658714155,0.06365831637614099
7.018,-0.49980015382512827,0.022203651219577222,-0.5252158237953566,-0.020060770039532622,0.06365831637614099
7.019,-0.4997773335794416,0.02343683076925498,-0.5252345913382985,-0.01876754294197027,0.06365831637614099
7.0200000000000005,-0.49975328018286574,0.024669952490882607,-0.5252520602362788,-0.017468897980213872,0.06399387094072143
7.021,-0.4997279936947501,0.02590301334185343,-0.5252682317879422,-0.01617155166341923,0.06399387094072143
7.022,-0.49970147417748645,0.02713601027971378,-0.5252831072906352,-0.01487550269294138,0.06399387094072143
7.023000000000001,-0.49967372169650914,0.028368940262167668,-0.5252966880404066,-0.01358074977143401,0.06399387094072143
7.024,-0.49964473632029466,0.02960180024708014,-0.5253089753320095,-0.012287291602848147,0.06399387094072143
7.025,-0.49961451812036145,0.03083458719249452,-0.5253199638267595,-0.010988494750007322,0.06432547806189887
7.026,-0.4995830671712701,0.032067298056628786,-0.5253296548234535,-0.009690996694019337,0.06432547806189887
7.027,-0.49955038355062253,0.03329992979789421,-0.5253380496195896,-0.00839479613608734,0.06432547806189887
7.0280000000000005,-0.49951646733906235,0.0345324793748931,-0.5253451495113683,-0.007099891778713276,0.06432547806189887
7.029,-0.49948131862027456,0.035764943746430515,-0.5253509557936941,-0.0058062823256965854,0.06432547806189887
7.03,-0.499444937480985,0.03699731987152592,-0.5253554632073918,-0.004507413697679191,0.06465311728458487
7.031000000000001,-0.49940732401096055,0.038229604709412335,-0.5253586730513301,-0.003209843938289815,0.06465311728458487
7.032,-0.49936847830300873,0.039461795219548026,-0.5253605866230787,-0.0019135717486598281,0.06465311728458487
7.033,-0.49932840045297744,0.0406938883616282,-0.5253612052189099,-0.0006185958312194711,0.06465311728458487
7.034,-0.4992870905597549,0.04192588109558269,-0.5253605301337997,0.0006750851103034456,0.06465311728458487
7.035,-0.49924454872526897,0.043157770381594705,-0.5253585561884065,0.0019739453931621187,0.06497676839844882
7.0360000000000005,-0.4992007750544875,0.0443895531800971,-0.5253552846815908,0.003271506815737933,0.06497676839844882
7.037,-0.49915576965541775,0.04562122645178966,-0.5253507169109138,0.004567770676891171,0.06497676839844882
7.038,-0.4991095326391059,0.04685278715764241,-0.5253448541726397,0.005862738274183256,0.06497676839844882
7.039000000000001,-0.49906206411963727,0.04808423225890036,-0.5253376977617358,0.007156410903878049,0.06497676839844882
7.04,-0.4990133642141358,0.04931555871709372,-0.525329242579014,0.008455182721757465,0.0652964114391647
7.041,-0.4989634330427635,0.05054676349404965,-0.5253194899232462,0.009752655767819002,0.0652964114391647
7.042,-0.49891227072872074,0.05177784355188998,-0.5253084410919053,0.011048831340834477,0.0652964114391647
7.043,-0.49885987739824533,0.053008795853049816,-0.525296097381167,0.012343710738276937,0.0652964114391647
7.0440000000000005,-0.49880625318061256,0.054239617360275334,-0.5252824600859107,0.013637295256321954,0.0652964114391647
7.045,-0.4987513982081351,0.05547030503663543,-0.5252675241874158,0.014935898494858539,0.06561202668964534
7.046,-0.4986953126161618,0.05670085584553337,-0.5252512909842857,0.01623320313015659,0.06561202668964534
7.047,-0.49863799654307855,0.0579312667507046,-0.5252337617738249,0.017529210460819337,0.06561202668964534
7.048,-0.49857945013030697,0.05916153471623528,-0.5252149378520407,0.018823921784151425,0.06561202668964534
7.049,-0.4985196735223045,0.06039165670656012,-0.5251948205136445,0.02011733839616018,0.06561202668964534
7.05,-0.498458666866564,0.06162162968647401,-0.5251734048206931,0.021415692951389124,0.06592359468125523
7.051,-0.49839643031361336,0.06285145062114228,-0.525150692071541,0.02271274915206284,0.06592359468125523
7.0520000000000005,-0.49833296401701493,0.0640811164761054,-0.5251266835632444,0.02400850829653588,0.06592359468125523
7.053,-0.4982682681333657,0.06531062421728234,-0.5251013805915625,0.02530297168186445,0.06592359468125523
7.054,-0.4982023428222962,0.06653997081098775,-0.5250747844509587,0.026596140603807692,0.06592359468125523
7.055,-0.4981351882464707,0.06776915322392835,-0.5250468902845715,0.027894166387104128,0.06623109619501218
7.056,-0.49806680457158625,0.06899816842322148,-0.5250176993904269,0.029190894144617268,0.06623109619501218
7.057,-0.4979971919663729,0.07022701337639294,-0.5249872130652525,0.030486325174372893,0.06623109619501218
7.058,-0.4979263506025929,0.07145568505138856,-0.5249554326044794,0.03178046077309876,0.06623109619501218
7.059,-0.49785428065504006,0.07268418041658592,-0.5249223593022432,0.033073302236225906,0.06623109619501218
7.0600000000000005,-0.49778098230153994,0.07391249644079341,-0.5248879883830639,0.034370919179245216,0.06653451226277672
7.061,-0.4977064557229491,0.07514063009326195,-0.5248523211445586,0.035667238505321504,0.06653451226277672
7.062,-0.49763070110315416,0.07636857834369666,-0.5248153588830465,0.036962261512071715,0.06653451226277672
7.063,-0.49755371862907233,0.07759633816225449,-0.5247771028935507,0.03825598949581518,0.06653451226277672
7.064,-0.49747550849065003,0.07882390651956292,-0.5247375544697992,0.0395484237515749,0.06653451226277672
7.065,-0.49739607088086324,0.08005128038671627,-0.524696708917988,0.04084555181119161,0.06683382416841432
7.066,-0.4973154059957163,0.08127845673529292,-0.5246545675352453,0.0421413827427487,0.06683382416841432
7.067,-0.49723351403424154,0.08250543253735863,-0.5246111316174019,0.043435917843374236,0.06683382416841432
7.0680000000000005,-0.49715039519849946,0.08373220476547118,-0.524566402458993,0.04472915840889915,0.06683382416841432
7.069,-0.4970660496935776,0.08495877039269065,-0.5245203813532592,0.046021105733858536,0.06683382416841432
7.07,-0.49698047772758985,0.08618512639259106,-0.5244730636883621,0.047317664897103845,0.06712901344895841
7.071,-0.4968936795116768,0.08741126973925813,-0.524424450760861,0.04861292750118591,0.06712901344895841
7.072,-0.4968056552600042,0.0886371974073078,-0.5243745438660183,0.0499068948426639,0.06712901344895841
7.073,-0.4967164051897633,0.08986290637188403,-0.5243233442978016,0.0511995682168004,0.06712901344895841
7.074,-0.49662592952116974,0.09108839360867041,-0.524270853348884,0.052490948917562764,0.06712901344895841
7.075,-0.49653422847746315,0.09231365609390178,-0.5242170664896775,0.05378685920656007,0.06742006189574344
7.0760000000000005,-0.4964413022849068,0.09353869080436336,-0.5241619850160922,0.055081473585268374,0.06742006189574344
7.077,-0.4963471511727869,0.0947634947174024,-0.5241056102227426,0.056374793349597975,0.06742006189574344
7.078,-0.4962517753734118,0.09598806481093979,-0.5240479434029485,0.05766681979416324,0.06742006189574344
7.079,-0.49615517512211205,0.09721239806346775,-0.5239889858487362,0.05895755421228395,0.06742006189574344
7.08,-0.496057350657239,0.09843649145406709,-0.523928733113047,0.060252735689182255,0.06770695155552937
7.081,-0.4959583022201647,0.09966034196241043,-0.5238671864910623,0.06154662198460366,0.06770695155552937
7.082,-0.4958580300552815,0.10088394656876555,-0.5238043472766686,0.06283921439372964,0.06770695155552937
7.083,-0.4957565344100009,0.10210730225401245,-0.5237402167624582,0.0641305142104465,0.06770695155552937
7.0840000000000005,-0.4956538155347533,0.10333040599964123,-0.5236747962397308,0.06542052272734664,0.06770695155552937
7.085,-0.4955498736829874,0.10455325478776362,-0.5236080813442315,0.06671489549925153,0.06798966473161183
7.086,-0.49544470911116933,0.10577584560112452,-0.5235400733703331,0.0680079738983845,0.06798966473161183
7.087,-0.49533832207878237,0.10699817542309988,-0.523470773611114,0.06929975921911835,0.06798966473161183
7.088,-0.4952307128483256,0.10822024123771515,-0.5234001833583595,0.07059025275453147,0.06798966473161183
7.089,-0.49512188168531435,0.10944204002964301,-0.523328303902563,0.07187945579640917,0.06798966473161183
7.09,-0.4950118288582788,0.11066356878421504,-0.5232551309625427,0.07317294002031097,0.06826818398491015
7.091,-0.4949005546387631,0.11188482448743321,-0.5231806658317827,0.07446513075998885,0.06826818398491015
7.0920000000000005,-0.4947880593013254,0.1131058041259691,-0.5231049098024737,0.07575602930892707,0.06826818398491015
7.093,-0.4946743431235369,0.11432650468717545,-0.5230278641655144,0.07704563695931635,0.06826818398491015
7.094,-0.49455940638598095,0.11554692315909634,-0.5229495302105124,0.07833395500205524,0.06826818398491015
7.095,-0.4944432493722523,0.1167670565304719,-0.5228699037396226,0.0796264708897541,0.06854249213504512
7.096,-0.4943258723689571,0.11798690179074155,-0.5227889860453611,0.08091769426156524,0.06854249213504512
7.097,-0.49420727566571115,0.11920645593006116,-0.5227067784189511,0.08220762641000458,0.06854249213504512
7.098,-0.49408745955514033,0.12042571593929934,-0.5226232821503248,0.08349626862629547,0.06854249213504512
7.099,-0.49396642433287874,0.12164467881005597,-0.5225384985281245,0.08478362220037008,0.06854249213504512
7.1000000000000005,-0.49384417029756883,0.12286334153466,-0.522452423438101,0.08607509002339768,0.06881257226139832
7.101,-0.49372069775086047,0.1240817011061809,-0.5223650581717224,0.08736526637860224,0.06881257226139832
7.102,-0.4935960069974096,0.12529975451844028,-0.522276404019165,0.08865415255745161,0.06881257226139832
7.103,-0.4934700983448785,0.1265174987660097,-0.5221864622693149,0.08994174985012213,0.06881257226139832
7.104,-0.493342972103934,0.12773493084422902,-0.5220952342097693,0.09122805954549996,0.06881257226139832
7.105,-0.49321462858824766,0.12895204774920424,-0.5220027158101292,0.09251839964003755,0.06907840770415463
7.106,-0.49308506811449443,0.130168846477819,-0.5219089083607348,0.0938074493944806,0.06907840770415463
7.107,-0.4929542910023516,0.1313853240277462,-0.5218138131506356,0.09509521009916921,0.06907840770415463
7.1080000000000005,-0.492822297574499,0.13260147739744554,-0.5217174314675924,0.09638168304315314,0.06907840770415463
7.109,-0.4926890881566172,0.13381730358618096,-0.5216197645980782,0.09766686951419308,0.06907840770415463
7.11,-0.492554663077387,0.13503279959402356,-0.5215208085957923,0.09895600228598551,0.06933998206533165
7.111,-0.4924190226684892,0.136247962421855,-0.5214205647498673,0.10024384592500617,0.06933998206533165
7.112,-0.4922821672646028,0.13746278907138454,-0.521319034348147,0.1015304017203878,0.06933998206533165
7.113,-0.4921440972034049,0.1386772765451468,-0.521216218677187,0.10281567095997404,0.06933998206533165
7.114,-0.49200481282556996,0.13989142184651332,-0.5211121190222567,0.1040996549303207,0.06933998206533165
7.115,-0.49186431447476797,0.14110522197970402,-0.5210067315213972,0.10538750085958623,0.06959727920979253
7.1160000000000005,-0.4917226024976648,0.1423186739497863,-0.5209000574624543,0.10667405894292249,0.06959727920979253
7.117,-0.4915796772439208,0.14353177476268678,-0.5207920981319861,0.10795933046817542,0.06959727920979253
7.118,-0.4914355390661896,0.14474452142520244,-0.5206828548152642,0.1092433167219031,0.06959727920979253
7.119,-0.491290188320118,0.14595691094499877,-0.5205723287962748,0.11052601898937704,0.06959727920979253
7.12,-0.4911436253643443,0.14716894033062783,-0.5204605162976391,0.1118124986357124,0.06985028326623621
7.121,-0.49099585056049816,0.14838060659152627,-0.5203474186058367,0.11309769180240141,0.06985028326623621
7.122,-0.4908468642731994,0.14959190673802664,-0.5202330370060607,0.11438159977592373,0.06985028326623621
7.123,-0.4906966668700567,0.15080283778136763,-0.5201173727822193,0.11566422384147253,0.06985028326623621
7.1240000000000006,-0.49054525872166704,0.15201339673369865,-0.5200004272169363,0.11694556528295579,0.06985028326623621
7.125,-0.4903926402016153,0.15322358060808305,-0.519882196617646,0.11823059929023644,0.07009897862818011
7.126,-0.4902388116864722,0.15443338641851517,-0.5197626822693825,0.1195143482635098,0.07009897862818011
7.127,-0.4900837735557947,0.15564281117991674,-0.5196418854558947,0.12079681348780989,0.07009897862818011
7.128,-0.4899275261921235,0.15685185190815507,-0.5195198074596479,0.12207799624688569,0.07009897862818011
7.1290000000000004,-0.48977006998098366,0.158060505620041,-0.5193964495618246,0.1233578978232024,0.07009897862818011
7.13,-0.489611405310883,0.15926876933334025,-0.5192718081549001,0.1246414069244777,0.07034334995492464
7.131,-0.4894515325733103,0.160476640066785,-0.5191458845223835,0.1259236325166517,0.07034334995492464
7.132000000000001,-0.489290452162736,0.1616841148400729,-0.5190186799465003,0.12720457588323353,0.07034334995492464
7.133,-0.48912816447661,0.16289119067387858,-0.5188901957081938,0.12848423830644878,0.07034334995492464
7.134,-0.48896466991536086,0.16409786458986522,-0.5187604330871266,0.12976262106724082,0.07034334995492464
7.135,-0.48879996888239535,0.16530413361068208,-0.518629388561037,0.13104452608962347,0.07058338217249488
7.136,-0.4886340617840967,0.16650999475998304,-0.51849706341183,0.13232514920698374,0.07058338217249488
7.1370000000000005,-0.4884669490298244,0.1677154450624228,-0.5183634589201288,0.13360449170122665,0.07058338217249488
7.138,-0.48829863103191223,0.16892048154367537,-0.5182285763652759,0.13488255485297532,0.07058338217249488
7.139,-0.48812910820566857,0.1701251012304302,-0.5180924170253343,0.13615933994157223,0.07058338217249488
7.140000000000001,-0.48795838096937366,0.1713293011504108,-0.5179549774635231,0.1374395618111221,0.07081906047457277
7.141,-0.4877864497442805,0.17253307833237078,-0.5178162589600643,0.13871850345880243,0.07081906047457277
7.142,-0.48761331495461174,0.17373642980611234,-0.5176762627938996,0.1399961661648351,0.07081906047457277
7.143,-0.4874389770275607,0.1749393526024826,-0.5175349902426913,0.1412725512081617,0.07081906047457277
7.144,-0.4872634363932886,0.17614184375339192,-0.5173924425828249,0.142547659866445,0.07081906047457277
7.1450000000000005,-0.4870866934849246,0.17734390029181152,-0.5172486164632119,0.14382611961304675,0.07105037032341054
7.146,-0.4869087487385645,0.178545519251785,-0.517103513162312,0.14510330089990192,0.07105037032341054
7.147,-0.48672960259326886,0.1797466976684398,-0.5169571339573065,0.14637920500547022,0.07105037032341054
7.148000000000001,-0.48654925549106315,0.18094743257798615,-0.5168094801240996,0.14765383320693296,0.07105037032341054
7.149,-0.4863677078769362,0.18214772101772875,-0.5166605529373194,0.14892718678019423,0.07105037032341054
7.15,-0.4861849601988382,0.18334756002607785,-0.516510349131777,0.1502038055424286,0.0712772974507274
7.151,-0.48600101290768133,0.18454694664254728,-0.5163588699840911,0.1514791476859007,0.0712772974507274
7.152,-0.4858158664573371,0.1857458779077711,-0.5162061167696038,0.15275321448722937,0.0712772974507274
7.1530000000000005,-0.48562952130463566,0.18694435086350705,-0.516052090762382,0.1540260072217567,0.0712772974507274
7.154,-0.48544197790936566,0.18814236255263947,-0.5158967932352184,0.15529752716354947,0.0712772974507274
7.155,-0.4852532367342713,0.1893399100191963,-0.5157402210090248,0.15657222619355768,0.07149982785858831
7.156000000000001,-0.4850632982450529,0.19053699030834692,-0.5155823753585003,0.1578456505245359,0.07149982785858831
7.157,-0.484872162910365,0.19173360046641327,-0.5154232575570691,0.15911780143118312,0.07149982785858831
7.158,-0.4846798312018146,0.19292973754088155,-0.5152628688768821,0.1603886801869237,0.07149982785858831
7.159,-0.4844863035939616,0.19412539858039965,-0.5151012105888182,0.16165828806390856,0.07149982785858831
7.16,-0.4842915805643156,0.19532058063479554,-0.514938279600086,0.16293098873225006,0.0717179478202713
7.1610000000000005,-0.48409566259333653,0.19651528075507496,-0.5147740771833861,0.16420241669992325,0.0717179478202713
7.162,-0.4838985501644328,0.1977094959934328,-0.5146086046101465,0.16547257323962875,0.0717179478202713
7.163,-0.4837002437639592,0.1989032234032643,-0.5144418631505236,0.16674145962279455,0.0717179478202713
7.164000000000001,-0.4835007438812174,0.20009646003916445,-0.5142738540734041,0.1680090771195772,0.0717179478202713
7.165,-0.48330005100845363,0.2012892029569391,-0.514104574372484,0.1692797009200798,0.0719316438811095
7.166,-0.48309816564085745,0.20248144921361508,-0.5139340253183873,0.1705490540967819,0.0719316438811095
7.167,-0.4828950882765607,0.2036731958674445,-0.5137622081804669,0.1718171379203073,0.0719316438811095
7.168,-0.48269081941663705,0.20486443997790835,-0.5135891242268069,0.1730839536600092,0.0719316438811095
7.1690000000000005,-0.48248535956509914,0.20605517860573286,-0.5134147747242229,0.1743495025839714,0.0719316438811095
7.17,-0.4822787092288992,0.20724540881288617,-0.5132391567530844,0.17561797113857386,0.07214090285932187
7.171,-0.4820708689179259,0.20843512766259625,-0.5130622715818598,0.17688517122462172,0.07214090285932187
7.172,-0.481861839145005,0.20962433221934737,-0.5128841204777492,0.17815110411058355,0.07214090285932187
7.173,-0.4816516204258963,0.21081301954889825,-0.5127047047066856,0.1794157710636594,0.07214090285932187
7.174,-0.48144021327929376,0.2120011867182797,-0.5125240255333359,0.1806791733497822,0.07214090285932187
7.175,-0.48122761822682375,0.21318883079580594,-0.5123420801249225,0.18194540841336904,0.07234571184683136
7.176,-0.4810138357930429,0.2143759488510861,-0.5121588697476807,0.1832103772418923,0.07234571184683136
7.1770000000000005,-0.48079886650543846,0.21556253795502286,-0.5119743956665791,0.18447408110158703,0.07234571184683136
7.178,-0.48058271089442595,0.21674859517982434,-0.5117886591453217,0.18573652125742207,0.07234571184683136
7.179,-0.4803653694933474,0.21793411759901496,-0.5116016614463486,0.18699769897310128,0.07234571184683136
7.18,-0.4801468428384716,0.2191191022874332,-0.5114133998239102,0.18826162243832925,0.07254605821005351
7.181,-0.479927131468991,0.22030354632124852,-0.5112238755419302,0.189524281980092,0.07254605821005351
7.182,-0.4797062359270215,0.22148744677796442,-0.5110330898630678,0.19078567886231299,0.07254605821005351
7.183,-0.47948415675760125,0.22267080073642143,-0.5108410440487202,0.19204581434765175,0.07254605821005351
7.184,-0.47926089450868803,0.22385360527681403,-0.5106477393590227,0.19330468969750517,0.07254605821005351
7.1850000000000005,-0.47903644973115955,0.22503585748068822,-0.5104531731354232,0.19456622359962128,0.0727419295906813
7.186,-0.4788108229788112,0.2262175544309529,-0.5102573466394553,0.19582649596783527,0.0727419295906813
7.187,-0.47858401480835416,0.227398693211891,-0.5100602611313917,0.19708550806368105,0.0727419295906813
7.188,-0.4783560257794154,0.22857927090915728,-0.5098619178702443,0.198343261147431,0.0727419295906813
7.189,-0.47812685645453473,0.2297592846097963,-0.5096623181137662,0.1995997564780972,0.0727419295906813
7.19,-0.477896507399165,0.23093873140224028,-0.5094614592907665,0.200858822999748,0.07293331390644525
7.191,-0.4776649791816698,0.23211760837632017,-0.5092593426603116,0.20211663045487716,0.07293331390644525
7.192,-0.4774322723733214,0.23329591262327679,-0.509055969480209,0.20337318010255118,0.07293331390644525
7.1930000000000005,-0.47719838754830113,0.23447364123576028,-0.5088513410070085,0.20462847320057753,0.07293331390644525
7.194,-0.4769633252836968,0.23565079130784103,-0.508645458496003,0.20588251100550586,0.07293331390644525
7.195,-0.47672708615950077,0.2368273599350196,-0.5084383194635215,0.20713903248153753,0.0731201993518585
7.196,-0.47648967075860943,0.2380033442142312,-0.5082299251660853,0.20839429743609317,0.0731201993518585
7.197,-0.4762510796668222,0.23917874124384877,-0.5080202768589597,0.20964830712569424,0.0731201993518585
7.198,-0.47601131347283837,0.24035354812369975,-0.507809375796154,0.21090106280560572,0.0731201993518585
7.199,-0.4757703727682577,0.24152776195506223,-0.5075972232304242,0.2121525657298373,0.0731201993518585
7.2,-0.4755282581475769,0.242701379840683,-0.5073838167657722,0.21340646465208643,0.0733025743989484
7.2010000000000005,-0.47528497020818994,0.24387439888477522,-0.5071691576560967,0.21465910967541332,0.0733025743989484
7.202,-0.47504050955038596,0.2450468161930297,-0.506953247154043,0.21591050205371687,0.0733025743989484
7.203,-0.4747948767773468,0.24621862887262597,-0.5067360865110033,0.2171606430396421,0.0733025743989484
7.204,-0.4745480724951474,0.24738983403223,-0.5065176769771187,0.21840953388458142,0.0733025743989484
7.205,-0.4743000973127523,0.2485604287820122,-0.506298016244212,0.21966073290665608,0.07348042779796202
7.206,-0.4740509518420159,0.24973041023364503,-0.5060771055634823,0.22091068072970865,0.07348042779796202
7.207,-0.4738006366976801,0.2508997755003143,-0.5058549461848774,0.22215937860493817,0.07348042779796202
7.208,-0.47354915249737206,0.25206852169673005,-0.505631539357095,0.22340682778229248,0.07348042779796202
7.2090000000000005,-0.47329649986160466,0.25323664593912454,-0.5054068863275846,0.22465302951046942,0.07348042779796202
7.21,-0.4730426794137726,0.25440414534527,-0.505180984876132,0.22590145145252025,0.07365374857806413
7.211,-0.4727876917801532,0.2555710170344751,-0.5049538362511594,0.227148624972629,0.07365374857806413
7.212,-0.4725315375899027,0.25673725812760123,-0.5047254416998402,0.22839455131921765,0.07365374857806413
7.213,-0.4722742174750559,0.2579028657470658,-0.5044958024681008,0.22963923173945971,0.07365374857806413
7.214,-0.4720157320705249,0.2590678370168464,-0.5042649198006215,0.23088266747928154,0.07365374857806413
7.215,-0.47175608201409697,0.260232169062491,-0.5040327915652887,0.2321282353327625,0.0738225260480119
7.216,-0.47149526794643226,0.26139585901112883,-0.5037994190076703,0.23337255761839,0.0738225260480119
7.2170000000000005,-0.4712332905110639,0.26255890399146903,-0.5035648033720886,0.23461563558173185,0.0738225260480119
7.218,-0.4709701503543954,0.26372130113381254,-0.5033289459016216,0.23585747046711036,0.0738225260480119
7.219,-0.4707058481256983,0.2648830475700626,-0.503091847838104,0.23709806351760349,0.0738225260480119
7.22,-0.47044038447711284,0.2660441404337227,-0.502853507137654,0.23834070045002226,0.07398674979681812
7.221,-0.4701737600636434,0.2672045768599143,-0.5026139250429085,0.2395820947455086,0.07398674979681812
7.222,-0.46990597554315966,0.26836435398537445,-0.5023731027952618,0.24082224764669946,0.07398674979681812
7.223,-0.4696370315763935,0.2695234689484672,-0.5021310416348669,0.24206116039498912,0.07398674979681812
7.224,-0.4693669288269372,0.2706819188891928,-0.5018877428006363,0.2432988342305305,0.07398674979681812
7.2250000000000005,-0.4690956679612421,0.27183970094919263,-0.5016432043370461,0.24453846359018772,0.07414640969438709
7.226,-0.46882324964861805,0.27299681227175177,-0.5013974274837256,0.24577685332048527,0.07414640969438709
7.227,-0.4685496745612295,0.2741532500018158,-0.5011504134790645,0.24701400466105253,0.07414640969438709
7.228,-0.4682749433740964,0.27530901128598684,-0.5009021635602142,0.24824991885027922,0.07414640969438709
7.229,-0.4679990567650901,0.27646409327254157,-0.5006526789630888,0.24948459712531668,0.07414640969438709
7.23,-0.46772201541493363,0.2776184931114286,-0.5004019578206428,0.2507211424460342,0.074301495892144
7.231,-0.4674438200071993,0.2787722079542798,-0.5001500013694213,0.25195645122143107,0.074301495892144
7.232,-0.467164471228306,0.2799252349544212,-0.4998968108447333,0.25319052468805253,0.074301495892144
7.2330000000000005,-0.46688396976751945,0.28107757126687183,-0.4996423874806521,0.25442336408120736,0.074301495892144
7.234,-0.4666023163169493,0.28222921404835516,-0.49938673251001714,0.25565497063496906,0.074301495892144
7.235,-0.46631951157154694,0.2833801604573097,-0.49912984415437633,0.2568883556408069,0.07445199882364259
7.236,-0.4660355562291056,0.284530407653887,-0.4988717236471147,0.258120507261639,0.07445199882364259
7.237,-0.4657504509902561,0.285679952799969,-0.49861237222038385,0.2593514267308502,0.07445199882364259
7.238,-0.465464196558468,0.28682879305916487,-0.49835179110510325,0.2605811152805922,0.07445199882364259
7.239,-0.465176793640045,0.2879769255968279,-0.49808998153096146,0.26180957414178446,0.07445199882364259
7.24,-0.46488824294412584,0.2891243475800527,-0.4978269418082097,0.2630397227517457,0.07459790920515169
7.2410000000000005,-0.4645985451826801,0.2902710561776921,-0.4975626731669966,0.264268641213097,0.07459790920515169
7.242,-0.46430770107050884,0.2914170485603541,-0.4972971768362406,0.26549633075598694,0.07459790920515169
7.243,-0.46401571132524033,0.29256232190041903,-0.4970304540436313,0.266722792609334,0.07459790920515169
7.244,-0.46372257666733085,0.2937068733720361,-0.49676250601563043,0.26794802800082773,0.07459790920515169
7.245,-0.46342829782006045,0.29485070015114095,-0.4964933311512969,0.2691748643335516,0.07473921803623393
7.246,-0.46313287550953325,0.29599379941545345,-0.496222930677467,0.2704004738299427,0.07473921803623393
7.247,-0.4628363104646747,0.29713616834448847,-0.49595130581975017,0.2716248577168374,0.07473921803623393
7.248,-0.46253860341722897,0.2982778041195668,-0.49567845780253034,0.27284801721984525,0.07473921803623393
7.2490000000000006,-0.4622397551017589,0.29941870392381437,-0.495404387848967,0.27406995356335007,0.07473921803623393
7.25,-0.46193976625564337,0.30055886494217315,-0.49512909444702524,0.2752934019417926,0.0748759166002942
7.251,-0.4616386376190743,0.30169828436141155,-0.4948525788201534,0.27651562687185666,0.0748759166002942
7.252,-0.46133636993505744,0.302836959370123,-0.4945748421905764,0.2777366295769907,0.0748759166002942
7.253,-0.4610329639494075,0.3039748871587426,-0.494295885779297,0.27895641127941956,0.0748759166002942
7.2540000000000004,-0.4607284204107493,0.30511206491954407,-0.49401571080609685,0.280174973200146,0.0748759166002942
7.255,-0.46042274007051337,0.3062484898466557,-0.4937343158479406,0.28139495815624826,0.07500799646511988
7.256,-0.4601159236829353,0.30738415913606315,-0.4934517021248132,0.2826137231273944,0.07500799646511988
7.257000000000001,-0.45980797200505424,0.3085190699856141,-0.49316787085547964,0.2838312693335694,0.07500799646511988
7.258,-0.45949888579671083,0.30965321959502756,-0.4928828232574861,0.28504759799353824,0.07500799646511988
7.259,-0.4591886658205438,0.3107866051659047,-0.4925965605471613,0.28626271032484707,0.07500799646511988
7.26,-0.45887731284199074,0.31191922390172666,-0.49230908139055707,0.2874791566041903,0.07513544948340496
7.261,-0.45856482762928363,0.3130510730078719,-0.4920203870041198,0.28869438643725426,0.07513544948340496
7.2620000000000005,-0.45825121095344884,0.31418214969161395,-0.49173047860307934,0.2899084010404851,0.07513544948340496
7.263,-0.45793646358830487,0.31531245116213236,-0.4914393574014502,0.2911212016291127,0.07513544948340496
7.264,-0.4576205863104587,0.316441974630523,-0.4911470246120331,0.2923327894171517,0.07513544948340496
7.265000000000001,-0.45730357989930653,0.31757071730979786,-0.4908534789900495,0.29354562198359946,0.07525826779324694
7.266,-0.45698544513703054,0.31869867641489524,-0.49055872174833204,0.2947572417174808,0.07525826779324694
7.267,-0.4566661828085963,0.31982584916268947,-0.4902627540985004,0.29596764983162827,0.07525826779324694
7.268,-0.4563457937017514,0.32095223277199514,-0.48996557725096274,0.2971768475376616,0.07525826779324694
7.269,-0.45602427860702494,0.3220778244635701,-0.48966719241491674,0.29838483604598887,0.07525826779324694
7.2700000000000005,-0.45570163831772265,0.32320262146013123,-0.4893675984348304,0.2995939800863155,0.0753764438186309
7.271,-0.45537787362992815,0.3243266209863513,-0.4890667965198478,0.3008019149826018,0.0753764438186309
7.272,-0.45505298534249794,0.3254498202688757,-0.4887647878779038,0.3020086419439918,0.0753764438186309
7.273000000000001,-0.4547269742570618,0.32657221653632057,-0.48846157371572535,0.3032141621784204,0.0753764438186309
7.274,-0.4543998411780202,0.32769380701928347,-0.48815715523883274,0.3044184768926146,0.0753764438186309
7.275,-0.4540715869125406,0.3288145889503539,-0.4878515313810116,0.3056238578211201,0.07548997026990603
7.276,-0.4537422122705586,0.3299345595641114,-0.48754470334764294,0.30682803336869713,0.07548997026990603
7.277,-0.4534117180647727,0.3310537160971421,-0.4872366723429022,0.30803100474072653,0.07548997026990603
7.2780000000000005,-0.4530801051106447,0.33217205578803755,-0.4869274395697608,0.3092327731413839,0.07548997026990603
7.279,-0.45274737422639716,0.33328957587740426,-0.48661700622998716,0.3104333397736407,0.07548997026990603
7.28,-0.4524135262330096,0.33440627360787517,-0.4863053713467504,0.31163488323675154,0.07559884014422542
7.281000000000001,-0.4520785619542196,0.335522146224107,-0.485992536121594,0.3128352251563993,0.07559884014422542
7.282,-0.4517424822165173,0.3366371909727975,-0.4856785017548599,0.3140343667341274,0.07559884014422542
7.283,-0.45140528784914696,0.33775140510268215,-0.4853632694456896,0.3152323091702778,0.07559884014422542
7.284,-0.45106697968410175,0.33886478586454966,-0.4850468403920256,0.316429053663992,0.07559884014422542
7.285,-0.450727558556123,0.3399773305112448,-0.48472921370648075,0.31762668554484763,0.07570304672598105
7.2860000000000005,-0.45038702530269903,0.34108903629767306,-0.48441039058668695,0.3188231197938224,0.07570304672598105
7.287,-0.45004538076406214,0.34219990048080967,-0.4840903722290784,0.3200183576085482,0.07570304672598105
7.288,-0.44970262578318554,0.3433099203197102,-0.48376915982889296,0.32121240018545927,0.07570304672598105
7.289000000000001,-0.44935876120578344,0.3444190930755097,-0.48344675458017317,0.3224052487197934,0.07570304672598105
7.29,-0.4490137878803079,0.34552741601143355,-0.48312315568503034,0.3235988951428181,0.07580258358722261
7.291,-0.4486677066579455,0.3466348863928075,-0.48279836433711093,0.3247913479194197,0.07580258358722261
7.292,-0.44832051839261805,0.34774150148705596,-0.4824723817288677,0.32598260824324476,0.07580258358722261
7.293,-0.4479722239409773,0.34884725856371873,-0.48214520905156094,0.327172677306746,0.07580258358722261
7.2940000000000005,-0.4476228241624056,0.34995215489444886,-0.48181684749525977,0.3283615563011837,0.07580258358722261
7.295,-0.44727231991901256,0.3510561877530233,-0.48148729635162313,0.32955114363664345,0.07589744458804629
7.296,-0.4469207120756317,0.3521593544153531,-0.48115655681023833,0.33073954138476774,0.07589744458804629
7.297,-0.4465680014998213,0.3532616521594818,-0.4808246300595032,0.3319267507351439,0.07589744458804629
7.298,-0.4462141890618592,0.3543630782656005,-0.48049151728662703,0.33311277287616964,0.07589744458804629
7.299,-0.44585927563474204,0.355463630016051,-0.480157219677632,0.3342976089950544,0.07589744458804629
7.3,-0.4455032620941842,0.3565633046953288,-0.47982173661376837,0.3354830638635989,0.07598762387697783
7.301,-0.44514614931861296,0.3576620995900984,-0.4794850692804911,0.3366673332772748,0.07598762387697783
7.3020000000000005,-0.44478793818916895,0.3587600119891915,-0.47914721886206957,0.3378504184215371,0.07598762387697783
7.303,-0.44442862958970286,0.359857039183617,-0.4788081865415889,0.3390323204806551,0.07598762387697783
7.304,-0.44406822440677224,0.3609531784665719,-0.4784679735009512,0.340213040637714,0.07598762387697783
7.305,-0.44370672352964186,0.36204842713343893,-0.4781265792110363,0.341394289914903,0.0760731158913362
7.306,-0.44334412785027827,0.36314278248180343,-0.47778400485309347,0.3425743579428148,0.0760731158913362
7.307,-0.44298043826335076,0.36423624181145114,-0.4774402516071908,0.34375324590269873,0.0760731158913362
7.308,-0.4426156556662277,0.3653288024243786,-0.47709532065221616,0.3449309549746228,0.0760731158913362
7.309,-0.44224978095897294,0.3664204616248036,-0.4767492131658787,0.3461074863374749,0.0760731158913362
7.3100000000000005,-0.44188281504434684,0.36751121671916304,-0.4764019287087204,0.3472844571582888,0.07615391535757016
7.311,-0.4415147588278005,0.3686010650161297,-0.4760534684577121,0.34846025100828193,0.07615391535757016
7.312,-0.4411456132174768,0.36969000382660877,-0.4757038335886477,0.34963486906442504,0.07615391535757016
7.313,-0.4407753791242055,0.3707780304637531,-0.4753530252761452,0.350808312502512,0.07615391535757016
7.314,-0.440404057461502,0.37186514224296663,-0.47500104469364807,0.35198058249716085,0.07615391535757016
7.315,-0.440031649145566,0.37295133648190754,-0.4746478914913876,0.35315320226049546,0.0762300172915882
7.316,-0.4396581550952784,0.3740366105004985,-0.47429356684198354,0.3543246494040667,0.0762300172915882
7.317,-0.43928357623219777,0.37512096162093617,-0.47393807191688303,0.3554949251004944,0.0762300172915882
7.3180000000000005,-0.43890791348056074,0.37620438716769067,-0.4735814078863618,0.3566640305212257,0.0762300172915882
7.319,-0.43853116776727813,0.37728688446751607,-0.4732235759195253,0.35783196683653623,0.0762300172915882
7.32,-0.43815334002193174,0.3783684508494602,-0.47286457575631563,0.359000163209681,0.07630141699906431
7.321,-0.4377744311767748,0.3794490836448632,-0.4725044085649292,0.3601671913864526,0.07630141699906431
7.322,-0.4373944421667264,0.3805287801873733,-0.47214307551239415,0.36133305253504744,0.07630141699906431
7.323,-0.437013373929372,0.38160753781294565,-0.47178057776457166,0.36249774782249367,0.07630141699906431
7.324,-0.43663122740496013,0.3826853538598517,-0.471416916486157,0.36366127841465246,0.07630141699906431
7.325,-0.43624800353639837,0.3837622256686899,-0.47105209150681926,0.3648249793377524,0.07636811007572855
7.3260000000000005,-0.4358637032692545,0.38483815058238374,-0.47068610399025934,0.36598751655992917,0.07636811007572855
7.327,-0.43547832755175075,0.38591312594619664,-0.47031895509901445,0.3671488912448838,0.07636811007572855
7.328,-0.43509187733476296,0.3869871491077351,-0.4699506459944593,0.3683091045551535,0.07636811007572855
7.329,-0.43470435357181947,0.388060217416951,-0.4695811778368072,0.3694681576521129,0.07636811007572855
7.33,-0.4343157572190958,0.3891323282261577,-0.46921055054546457,0.3706272913426135,0.07643009240763618
7.331,-0.43392608923541526,0.39020347889002693,-0.46883876527956514,0.3717852658994236,0.07643009240763618
7.332,-0.43353535058224524,0.3912736667655998,-0.46846582319708346,0.37294208248167693,0.07643009240763618
7.333,-0.4331435422236937,0.3923428892122965,-0.4680917254548361,0.374097742247348,0.07643009240763618
7.3340000000000005,-0.43275066512650934,0.3934111435919157,-0.46771647320848286,0.3752522463532534,0.07643009240763618
7.335,-0.4323567202600776,0.3944784272686447,-0.4673400664671725,0.3764067413103287,0.07648736017142792
7.336,-0.4319617085964175,0.39554473760906966,-0.4669625063854001,0.37756008177244693,0.07648736017142792
7.337,-0.431565631110182,0.3966100719821733,-0.466583794116506,0.37871226889410303,0.07648736017142792
7.338,-0.4311684887786519,0.39767442775935125,-0.46620393081267736,0.3798633038286375,0.07648736017142792
7.339,-0.43077028258173694,0.3987378023144104,-0.4658229176249491,0.3810131877282374,0.07648736017142792
7.34,-0.4303710135019718,0.39980019302357855,-0.4654407546522119,0.3821629727372003,0.0765399098345569
7.341,-0.42997068252451276,0.4008615972655134,-0.46505744304425073,0.3833116079611542,0.0765399098345569
7.3420000000000005,-0.4295692906371362,0.4019220124213066,-0.46467298394970086,0.3844590945498842,0.0765399098345569
7.343,-0.42916683883023776,0.40298143587448687,-0.46428737851604884,0.38560543365202543,0.0765399098345569
7.344,-0.4287633280968262,0.4040398650110345,-0.46390062788963377,0.3867506264150645,0.0765399098345569
7.345,-0.42835875943252516,0.4050972972193784,-0.463512732259082,0.3878956305517597,0.07658773815551138
7.346,-0.4279531338355666,0.40615372989041226,-0.4631236927693977,0.3890394896843182,0.07658773815551138
7.347,-0.42754645230679195,0.4072091604174921,-0.46273351056443995,0.3901822049577441,0.07658773815551138
7.348,-0.42713871584964774,0.40826358619644687,-0.46234218678692407,0.3913237775158966,0.07658773815551138
7.349,-0.4267299254701824,0.4093170046255882,-0.4619497225784226,0.39246420850149094,0.07658773815551138
7.3500000000000005,-0.42632008217704587,0.41036941310570957,-0.4615561182172859,0.39360436113666986,0.07663084218401904
7.351,-0.4259091869814863,0.41142080904009665,-0.4611613748436667,0.3947433736192136,0.07663084218401904
7.352,-0.42549724089734575,0.4124711898345366,-0.4607654935965774,0.39588124708927475,0.07663084218401904
7.353,-0.4250842449410612,0.4135205528973171,-0.46036847561389155,0.39701798268586586,0.07663084218401904
7.354,-0.4246702001316581,0.4145688956392413,-0.45997032203234467,0.39815358154686037,0.07663084218401904
7.355,-0.42425510749075196,0.4156162154736255,-0.45957103321999415,0.3992888123505378,0.07666921926121495
7.356,-0.423838968042542,0.41666250981631314,-0.45917061031207074,0.40042290792341156,0.07666921926121495
7.357,-0.42342178281381054,0.41770777608567816,-0.45876905444267,0.4015558694007125,0.07666921926121495
7.3580000000000005,-0.42300355283392105,0.4187520117026289,-0.4583663667447535,0.4026876979165361,0.07666921926121495
7.359,-0.422584279134815,0.41979521409061643,-0.45796254835014966,0.40381839460384383,0.07666921926121495
7.36,-0.4221639627510076,0.42083738067564497,-0.45755759971660004,0.4049486335496365,0.07670286701982447
7.361,-0.4217426047195886,0.4218785088862697,-0.45715152197434356,0.40607774225648335,0.07670286701982447
7.362,-0.4213202060802162,0.42291859615361266,-0.45674431625248896,0.40720572185462334,0.07670286701982447
7.363,-0.4208967678751175,0.4239576399113607,-0.4563359836790158,0.4083325734731652,0.07670286701982447
7.364,-0.4204722911490847,0.4249956375957755,-0.4559265253807757,0.4094582982400885,0.07670286701982447
7.365,-0.42004677694947085,0.42603258664570326,-0.4555159419051662,0.4105834756095343,0.07673178338429416
7.3660000000000005,-0.41962022632619056,0.4270684845025741,-0.4551042343773646,0.41170752780161063,0.07673178338429416
7.367,-0.4191926403317155,0.42810332861041195,-0.4546914039214231,0.4128304559414949,0.07673178338429416
7.368,-0.4187640200210706,0.429137116415844,-0.45427745166026984,0.4139522611532393,0.07673178338429416
7.369,-0.4183343664518349,0.4301698453680995,-0.45386237871571006,0.41507294455977195,0.07673178338429416
7.37,-0.4179036806841354,0.4312015129190234,-0.4534461857247634,0.41619299094663065,0.07675596657092473
7.371,-0.41747196378064594,0.4322321165230799,-0.4530288738074763,0.4173119172871025,0.07675596657092473
7.372,-0.41703921680658596,0.43326165363735464,-0.45261044408277507,0.41842972470123385,0.07675596657092473
7.373,-0.4166054408297146,0.4342901217215694,-0.4521908976684671,0.4195464143079511,0.07675596657092473
7.3740000000000006,-0.4161706369203316,0.43531751823808035,-0.451770235681242,0.42066198722506165,0.07675596657092473
7.375,-0.4157348061512728,0.43634384065188747,-0.4513484588477024,0.42177683353959633,0.07677541508798623
7.376,-0.4152979495979063,0.43736908643064465,-0.4509255682826946,0.42289056500781647,0.07677541508798623
7.377,-0.41486006833813316,0.4383932530446576,-0.45050156509995004,0.4240031827445684,0.07677541508798623
7.378,-0.414421163452381,0.439416337966899,-0.45007645041208644,0.42511468786358353,0.07677541508798623
7.3790000000000004,-0.41398123602360437,0.4404383386730077,-0.44965022533060894,0.4262250814774797,0.07677541508798623
7.38,-0.41354028713728097,0.44145925264129715,-0.4492228906716582,0.4273346589507182,0.07679012773580118
7.381,-0.41309831788140744,0.44247907735276604,-0.44879444754481174,0.4284431268464835,0.07679012773580118
7.382000000000001,-0.4126553293464994,0.4434978102910972,-0.4483648970585374,0.42955048627435305,0.07679012773580118
7.383,-0.4122113226255876,0.4445154489426671,-0.4479342403201946,0.4306567383427947,0.07679012773580118
7.384,-0.4117662988142139,0.44553199079655464,-0.4475024784360354,0.43176188415916794,0.07679012773580118
7.385,-0.41132025901043034,0.44654743334454394,-0.4470696123116883,0.4328661243471452,0.07680010360682293
7.386,-0.41087320431479535,0.4475617740811327,-0.44663564305139336,0.43396926029493454,0.07680010360682293
7.3870000000000005,-0.41042513583037243,0.4485750105035346,-0.4462005717582866,0.43507129310677606,0.07680010360682293
7.388,-0.40997605466272646,0.44958714011168843,-0.4457643995344008,0.43617222388580573,0.07680010360682293
7.389,-0.40952596191991963,0.4505981604082674,-0.4453271274806667,0.43727205373405637,0.07680010360682293
7.390000000000001,-0.4090748587125116,0.45160806889867816,-0.44488875659214466,0.43837088852203626,0.0768053420856968
7.391,-0.40862274615355504,0.45261686309107085,-0.4444492879676694,0.43946862447522816,0.0768053420856968
7.392,-0.40816962535859186,0.45362454049634826,-0.44400872270497693,0.4405652626924669,0.0768053420856968
7.393,-0.4077154974456536,0.45463109862816437,-0.44356706190070544,0.44166080427148835,0.0768053420856968
7.394,-0.40726036353525463,0.4556365350029393,-0.4431243066503965,0.4427552503089308,0.0768053420856968
7.3950000000000005,-0.40680422475039324,0.45664084713985764,-0.4426804580384809,0.4438486119156076,0.07680584284928453
7.396,-0.406347082216547,0.45764403256087777,-0.4422355171583202,0.4449408801606777,0.07680584284928453
7.397,-0.4058889370616686,0.45864608879074176,-0.4417894851021827,0.4460320561375027,0.07680584284928453
7.398000000000001,-0.4054297904161868,0.4596470133569733,-0.44134236296124435,0.4471221409383509,0.07680584284928453
7.399,-0.40496964341299974,0.4606468037898914,-0.44089415182558994,0.44821113565439824,0.07680584284928453
7.4,-0.40450849718747384,0.46164545762261394,-0.44044485286895385,0.4492989566360778,0.07680160586669692
7.401,-0.40404635287744267,0.46264297239105934,-0.4399944671791571,0.4503856897967756,0.07680160586669692
7.402,-0.4035832116232003,0.46363934563396164,-0.43954299584293277,0.4514713362243128,0.07680160586669692
7.4030000000000005,-0.4031190745675023,0.4646345748928675,-0.43909043994592734,0.4525558970054224,0.07680160586669692
7.404,-0.4026539428555612,0.4656286577121467,-0.4386368005727016,0.45363937322575093,0.07680160586669692
7.405,-0.40218781763504224,0.46662159163900085,-0.4381820789862211,0.45472158648051103,0.0767926313992937
7.406000000000001,-0.4017207000560636,0.46761337422346316,-0.4377262762686991,0.4558027175220164,0.0767926313992937
7.407,-0.40125259127119195,0.46860400301840754,-0.4372693935012666,0.45688276743248024,0.0767926313992937
7.408,-0.40078349243543815,0.46959347557955805,-0.4368114317639736,0.45796173729303363,0.0767926313992937
7.409,-0.400313404706258,0.47058178946548745,-0.43635239213578986,0.45903962818372646,0.0767926313992937
7.41,-0.3998423292435452,0.4715689422376316,-0.4358922759688343,0.46011616695555596,0.0767789200006609
7.4110000000000005,-0.3993702672096321,0.4725549314602881,-0.43543108433964567,0.4611916291886136,0.0767789200006609
7.412,-0.39889721976928544,0.4735397547006253,-0.4349688183236862,0.4622660159594382,0.0767789200006609
7.413,-0.39842318808970223,0.4745234095286911,-0.43450547899534275,0.463339328343492,0.0767789200006609
7.414000000000001,-0.3979481733405079,0.4755058935174159,-0.4340410674279276,0.4644115674151617,0.0767789200006609
7.415,-0.39747217669375534,0.476487204242616,-0.4335755850626295,0.4654823652980782,0.07676047251658077
7.416,-0.39699519932391775,0.4774673392830069,-0.4331090329702464,0.46655209238311174,0.07676047251658077
7.417,-0.3965172424078905,0.47844629622020063,-0.43264141222050534,0.4676207497410602,0.07676047251658077
7.418,-0.39603830712498367,0.4794240726387206,-0.4321727238820637,0.46868833844165075,0.07676047251658077
7.4190000000000005,-0.395558394656923,0.4804006661259994,-0.43170296902251015,0.46975485955354074,0.07676047251658077
7.42,-0.3950775061878454,0.48137607427238865,-0.43123214917201447,0.47081985049568686,0.07673729008498394
7.421,-0.39459564290429416,0.4823502946711679,-0.43076026539556755,0.47188377644689083,0.07673729008498394
7.422000000000001,-0.3941128059952197,0.4833233249185441,-0.4302873187570954,0.47294663847214363,0.07673729008498394
7.423,-0.3936289966519746,0.4842951626136607,-0.42981331031946,0.47400843763537115,0.07673729008498394
7.424,-0.39314421606830924,0.4852658053586071,-0.42933824114446056,0.47506917499943546,0.07673729008498394
7.425,-0.39265846544037253,0.4862352507584164,-0.4288621128511534,0.47612829330715345,0.07670937413587035
7.426,-0.39217174596670484,0.48720349642108085,-0.42838492649865684,0.4771863524965637,0.07670937413587035
7.4270000000000005,-0.3916840588482392,0.48817053995754817,-0.42790668314503005,0.47824335362678455,0.07670937413587035
7.428,-0.3911954052882945,0.4891363789817359,-0.4274273838472742,0.47929929775587515,0.07670937413587035
7.429,-0.39070578649257426,0.4901010111105331,-0.42694702966133335,0.4803541859408367,0.07670937413587035
7.43,-0.3902152036691654,0.4910644339638037,-0.42646562229505064,0.48140736628272035,0.07667672639122602
7.431,-0.389723658028531,0.49202664516440003,-0.42598316280160636,0.48245949344426214,0.07667672639122602
7.432,-0.3892311507835117,0.4929876423381603,-0.42549965223312775,0.4835105684786424,0.07667672639122602
7.433,-0.3887376831493208,0.4939474231139185,-0.42501509164068974,0.48456059243798827,0.07667672639122602
7.434,-0.38824325634353934,0.49490598512351297,-0.42452948207431634,0.4856095663733748,0.07667672639122602
7.4350000000000005,-0.38774787158611707,0.49586332600178645,-0.42404282533053206,0.4866567437842999,0.07663934886492205
7.436,-0.387251530099367,0.4968194433865942,-0.4235551224565142,0.48770287401781404,0.07663934886492205
7.437,-0.3867542331079615,0.49777433491881384,-0.4230663744983931,0.48874795812109467,0.07663934886492205
7.438,-0.3862559818389324,0.4987279982423432,-0.42257658250125285,0.489791997140272,0.07663934886492205
7.439,-0.38575677752166415,0.4996804310041152,-0.4220857475091324,0.4908349921204302,0.07663934886492205
7.44,-0.3852566213878943,0.5006316308540953,-0.42159387140712684,0.49187610200556126,0.07659724386257578
7.441,-0.384755514671709,0.5015815954452917,-0.42110095523634605,0.4929161707808072,0.07659724386257578
7.442,-0.38425345860953863,0.5025303224337621,-0.4206070000368588,0.4939551994872779,0.07659724386257578
7.4430000000000005,-0.3837504544401561,0.5034778094786179,-0.4201120068476938,0.49499318916504215,0.07659724386257578
7.444,-0.3832465034046753,0.504424054242027,-0.41961597670684064,0.49603014085312863,0.07659724386257578
7.445,-0.3827416067465442,0.5053690543892267,-0.41911891158784875,0.497065118991904,0.07655041398142226
7.446,-0.38223576571154627,0.5063128075885208,-0.4186208125256962,0.4980990621525405,0.07655041398142226
7.447,-0.3817289815477928,0.5072553115112943,-0.4181216805543262,0.4991319713700164,0.07655041398142226
7.448,-0.3812212555057239,0.5081965638320115,-0.41762151670664793,0.5001638476782748,0.07655041398142226
7.449,-0.38071258883810366,0.5091365622282248,-0.4171203220145377,0.5011946921102249,0.07655041398142226
7.45,-0.38020298280001547,0.5100753043805835,-0.41661809853987736,0.5022234746603178,0.07649886211015201
7.4510000000000005,-0.37969243864886204,0.5110127879728337,-0.4161148473114495,0.5032512284278605,0.07649886211015201
7.452,-0.379180957644361,0.5119490106918269,-0.41561056935700785,0.5042779544416357,0.07649886211015201
7.453,-0.3786685410485396,0.5128839702275285,-0.41510526570327844,0.5053036537293971,0.07649886211015201
7.454,-0.3781551901257361,0.5138176642730169,-0.41459893737596054,0.5063283273178708,0.07649886211015201
7.455,-0.37764090614259166,0.5147500905244969,-0.4140915865251414,0.5073508508191275,0.0764425914287256
7.456,-0.3771256903680521,0.5156812466812972,-0.4135832141733445,0.5083723517968828,0.0764425914287256
7.457,-0.37660954407335995,0.5166111304458847,-0.4130738213420708,0.5093928312736604,0.0764425914287256
7.458,-0.37609246853205597,0.5175397395238617,-0.4125634090517999,0.5104122902709612,0.0764425914287256
7.4590000000000005,-0.3755744650199716,0.5184670716239794,-0.41205197832199064,0.5114307298092649,0.0764425914287256
7.46,-0.3750555348152301,0.5193931244581362,-0.411539531390803,0.5124469311876192,0.07638160540818255
7.461,-0.37453567919823905,0.5203178957413909,-0.4110260692744384,0.5134621163645953,0.07638160540818255
7.462,-0.37401489945169164,0.5212413831919599,-0.41051159298808204,0.5144762863563943,0.07638160540818255
7.463,-0.373493196860559,0.5221635845312321,-0.4099961035459038,0.5154894421782016,0.07638160540818255
7.464,-0.37297057271209094,0.5230844974837662,-0.40947960196105965,0.5165015848441871,0.07638160540818255
7.465,-0.3724470282958112,0.5240041197773001,-0.4089620905596441,0.5175114014155515,0.07631590781043077
7.466,-0.37192256490351244,0.5249224491427591,-0.4084435703514738,0.5185202081703446,0.07631590781043077
7.4670000000000005,-0.3713971838292565,0.5258394833142558,-0.4079240423453554,0.5195280061183829,0.07631590781043077
7.468,-0.3708708863693696,0.5267552200290986,-0.40740350754908694,0.5205347962684731,0.07631590781043077
7.469,-0.37034367382243716,0.5276696570278003,-0.40688196696945855,0.5215405796284133,0.07631590781043077
7.47,-0.3698155474893049,0.5285827920540762,-0.406359423020356,0.522543949102545,0.0762455026880062
7.471,-0.36928650867307156,0.5294946228548576,-0.4058358767051488,0.5235463152072025,0.0762455026880062
7.472,-0.3687565586790871,0.5304051471802937,-0.40531132902620304,0.5245476789457555,0.0762455026880062
7.473,-0.3682256988149517,0.5313143627837541,-0.4047857809848825,0.5255480413205699,0.0762455026880062
7.474,-0.36769393039050813,0.5322222674218418,-0.40425923358154947,0.5265474033330094,0.0762455026880062
7.4750000000000005,-0.3671612547178427,0.5331288588543912,-0.4037316893177321,0.527544263817353,0.07617039438382803
7.476,-0.3666276731112803,0.5340341348444771,-0.40320314919029093,0.5285401274412121,0.07617039438382803
7.477,-0.36609318688737924,0.5349380931584232,-0.40267361419508946,0.5295349952014475,0.07617039438382803
7.478,-0.3655577973649324,0.5358407315657999,-0.40214308532699555,0.5305288680939226,0.07617039438382803
7.479,-0.36502150586495896,0.536742047839439,-0.40161156357988204,0.5315217471135053,0.07617039438382803
7.48,-0.36448431371070555,0.5376420397554309,-0.401079051542765,0.5325120371170105,0.07609058753093065
7.481,-0.363946222227641,0.5385407050931341,-0.4005455502059345,0.533501336830512,0.07609058753093065
7.482,-0.36340723274345127,0.5394380416351833,-0.40001106055869023,0.5344896472443001,0.07609058753093065
7.4830000000000005,-0.36286734658804004,0.5403340471674887,-0.39947558358934254,0.5354769693476744,0.07609058753093065
7.484,-0.36232656509352323,0.5412287194792447,-0.3989391202852136,0.5364633041289454,0.07609058753093065
7.485,-0.36178488959422495,0.5421220563629374,-0.39840167332264775,0.5374469625658599,0.07600608705217494
7.486,-0.3612423214266749,0.5430140556143477,-0.3978632436853034,0.5384296373443376,0.07600608705217494
7.487,-0.36069886192960743,0.5439047150325542,-0.3973238323558554,0.5394113294480367,0.07600608705217494
7.488,-0.3601545124439535,0.5447940324199454,-0.3967834403159958,0.5403920398596321,0.07600608705217494
7.489,-0.3596092743128427,0.545682005582217,-0.39624206854643496,0.541371769560816,0.07600608705217494
7.49,-0.3590631488815945,0.5465686323283855,-0.39569971981068053,0.5423487357544542,0.07591689815995172
7.4910000000000005,-0.35851613749772,0.5474539104707864,-0.3951563950856986,0.5433247249818988,0.07591689815995172
7.492,-0.3579682415109158,0.548337837825083,-0.3946120953474785,0.5442997382201159,0.07591689815995172
7.493,-0.3574194622730596,0.5492204122102745,-0.3940668215710334,0.5452737764450948,0.07591689815995172
7.494,-0.35686980113821093,0.5501016314486943,-0.39352057473040153,0.5462468406318487,0.07591689815995172
7.495,-0.3563192594626027,0.5509814933660234,-0.3929733576760832,0.5472170543183339,0.07582302635585011
7.496,-0.3557678386046424,0.5518599957912891,-0.3924251713782921,0.5481862977911326,0.07582302635585011
7.497,-0.3552155399249068,0.552737136556873,-0.3918760168062716,0.5491545720204585,0.07582302635585011
7.498,-0.3546623647861367,0.5536129134985194,-0.39132589492829606,0.550121877975555,0.07582302635585011
7.4990000000000006,-0.35410831455323816,0.5544873244553338,-0.39077480671167136,0.5510882166246964,0.07582302635585011
7.5,-0.35355339059327423,0.555360367269795,-0.3902227550937147,0.5520516179566782,0.07572447743032383
7.501,-0.3529975942754641,0.5562320397877578,-0.38966974103782737,0.553014055887328,0.07572447743032383
7.502,-0.35244092697118123,0.5571023398584547,-0.38911576550644733,0.5539755313800472,0.07572447743032383
7.503,-0.35188339005394553,0.557971265334509,-0.3885608294610501,0.5549360453972736,0.07572447743032383
7.5040000000000004,-0.3513249848994246,0.5588388140719323,-0.3880049338621496,0.5558955989004828,0.07572447743032383
7.505,-0.3507657128854282,0.5597049839301336,-0.3874480817336988,0.5568521284508291,0.07562125746233812
7.506,-0.3502055753919032,0.5605697727719264,-0.3868902740322272,0.5578077014716251,0.07562125746233812
7.507000000000001,-0.3496445738009339,0.5614331784635296,-0.3863315117133078,0.5587623189194002,0.07562125746233812
7.508,-0.3490827094967365,0.5622951988745744,-0.38577179573155806,0.5597159817497276,0.07562125746233812
7.509,-0.348519983865654,0.563155831878113,-0.38521112704064087,0.5606686909172246,0.07562125746233812
7.51,-0.3479563982961574,0.5640150753506173,-0.38464950875095816,0.5616182896826871,0.0755133728189848
7.511,-0.3473919541788366,0.5648729271719911,-0.3840869418121088,0.5625669388493841,0.0755133728189848
7.5120000000000005,-0.34682665290640213,0.5657293852255695,-0.38352342717274185,0.5635146393669145,0.0755133728189848
7.513,-0.34626049587367924,0.5665844473981264,-0.38295896578055794,0.5644613921839272,0.0755133728189848
7.514,-0.3456934844776035,0.5674381115798818,-0.38239355858230983,0.565407198248123,0.0755133728189848
7.515000000000001,-0.3451256201172186,0.5682903756645052,-0.38182720877465687,0.5663498076529768,0.07540083015509716
7.516,-0.34455690419367463,0.5691412375491178,-0.3812599173002084,0.5672914744484258,0.07540083015509716
7.517,-0.3439873381102203,0.5699906951343043,-0.38069168510063134,0.5682321995770793,0.07540083015509716
7.518,-0.3434169232722046,0.5708387463241108,-0.38012251311665074,0.5691719839806041,0.07540083015509716
7.519,-0.34284566108706815,0.5716853890260571,-0.37955240228805104,0.5701108285997254,0.07540083015509716
7.5200000000000005,-0.34227355296434425,0.5725306211511355,-0.37898135589755166,0.5710463904993824,0.07528363641283661
7.521,-0.34170060031565347,0.5733744406138188,-0.3784093748807145,0.5719810168371398,0.07528363641283661
7.522,-0.3411268045546982,0.5742168453320684,-0.377836460172166,0.5729147085485593,0.07528363641283661
7.523000000000001,-0.3405521670972631,0.5750578332273333,-0.37726261270559774,0.5738474665682675,0.07528363641283661
7.524,-0.33997668936120967,0.5758974022245587,-0.37668783341376777,0.5747792918299559,0.07528363641283661
7.525,-0.3394003727664706,0.5767355502521931,-0.3761121256652532,0.5757077485145513,0.07516179882126547
7.526,-0.3388232187350513,0.577572275242188,-0.37553549038851075,0.5766352767424621,0.07516179882126547
7.527,-0.3382452286910204,0.5784075751300095,-0.3749579285110686,0.5775618774421449,0.07516179882126547
7.5280000000000005,-0.3376664040605124,0.5792414478546363,-0.3743794409595275,0.5784875515411281,0.07516179882126547
7.529,-0.33708674627171814,0.580073891358572,-0.3738000286595615,0.5794122999660123,0.07516179882126547
7.53,-0.33650625675488693,0.5809049035878433,-0.37321969506539754,0.5803335941639642,0.07503532489589848
7.531000000000001,-0.3359249369423176,0.581734482492012,-0.37263844109832983,0.5812539670677183,0.07503532489589848
7.532,-0.33534278826836034,0.5825626260241727,-0.3720562676787313,0.5821734195985685,0.07503532489589848
7.533,-0.3347598121694078,0.5833893321409656,-0.3714731757260544,0.5830919526768878,0.07503532489589848
7.534,-0.3341760100838969,0.5842145988025734,-0.3708891661588323,0.5840095672221289,0.07503532489589848
7.535,-0.33359138345229994,0.5850384239727346,-0.3703042425167286,0.5849236421036718,0.07490422243824638
7.5360000000000005,-0.3330059337171256,0.5858608056187418,-0.36971840571381825,0.585836802910333,0.07490422243824638
7.537,-0.3324196623229137,0.5866817417114488,-0.3691316566632621,0.5867490505561876,0.07490422243824638
7.538,-0.3318325707162291,0.5875012302252792,-0.3685439962773077,0.5876603859543964,0.07490422243824638
7.539000000000001,-0.33124466034566286,0.5883192691382261,-0.3679554254672905,0.5885708100172069,0.07490422243824638
7.54,-0.3306559326618259,0.5891358564318584,-0.36736594785809257,0.5894776091978962,0.07476849953532459
7.541,-0.330066389117344,0.5899509900913302,-0.36677556435651315,0.5903835015794048,0.07476849953532459
7.542,-0.32947603116685853,0.5907646681053782,-0.3661842758684446,0.5912884880685318,0.07476849953532459
7.543,-0.32888486026701835,0.5915768884663339,-0.36559208329887344,0.5921925695711698,0.07476849953532459
7.5440000000000005,-0.3282928778764783,0.5923876491701252,-0.36499898755188115,0.5930957469923052,0.07476849953532459
7.545,-0.32770008545589746,0.5931969482162789,-0.36440499233734464,0.5939952145364961,0.0746281645591595
7.546,-0.3271064844679307,0.5940047836079315,-0.3638100985547315,0.5948937826131427,0.0746281645591595
7.547000000000001,-0.3265120763772303,0.594811153351829,-0.3632143071026098,0.5957914521217128,0.0746281645591595
7.548,-0.3259168626504397,0.5956160554583331,-0.3626176188786491,0.5966882239607743,0.0746281645591595
7.549,-0.3253208447561882,0.5964194879414295,-0.3620200347796211,0.5975840990279967,0.0746281645591595
7.55,-0.32472402416509216,0.5972214488187271,-0.3614215586001688,0.5984761794522943,0.07448322616627695
7.551,-0.3241264023497457,0.5980219361114685,-0.36082219123237264,0.5993673677961675,0.07448322616627695
7.5520000000000005,-0.3235279807847219,0.5988209478445302,-0.36022193356742094,0.6002576649516969,0.07448322616627695
7.553,-0.32292876094656714,0.5996184820464292,-0.35962078649561086,0.6011470718100707,0.07448322616627695
7.554,-0.3223287443137955,0.600414536749331,-0.35901875090634927,0.6020355892615861,0.07448322616627695
7.555,-0.3217279323668897,0.601209109989048,-0.358415830678811,0.6029202275382677,0.07433369329715775
7.556,-0.3211263265882921,0.6020021998050513,-0.35781202669763434,0.6038039811766726,0.07433369329715775
7.557,-0.3205239284624065,0.602793804240469,-0.3572073398465729,0.604686851061439,0.07433369329715775
7.558,-0.3199207394755892,0.6035839213420977,-0.35660177100849655,0.6055688380763208,0.07433369329715775
7.559,-0.31931676111615026,0.6043725491604,-0.35599532106539233,0.6064499431041876,0.07433369329715775
7.5600000000000005,-0.3187119948743449,0.605159685749517,-0.35538799398072773,0.6073270846645973,0.07417957517569371
7.561,-0.3181064422423751,0.6059453291672657,-0.3547797906316443,0.6082033490834465,0.07417957517569371
7.562,-0.31750010471438045,0.6067294774751508,-0.3541707118944064,0.609078737237877,0.07417957517569371
7.563,-0.3168929837864398,0.6075121287383626,-0.35356075864440223,0.609953250004153,0.07417957517569371
7.564,-0.31628508095656244,0.6082932810257886,-0.3529499317561446,0.6108268882576627,0.07417957517569371
7.565,-0.31567639772468875,0.6090729324100124,-0.352338235277149,0.6116964789955774,0.07402088130861656
7.566,-0.31506693559268484,0.6098510809673205,-0.3517256700770063,0.6125652001427542,0.07402088130861656
7.567,-0.3144566960643365,0.610627724777711,-0.3511122370244375,0.6134330525687838,0.07402088130861656
7.5680000000000005,-0.3138456806453499,0.6114028619248911,-0.3504979369872951,0.6143000371423873,0.07402088130861656
7.569,-0.31323389084334546,0.6121764904962864,-0.3498827708325637,0.6151661547314173,0.07402088130861656
7.57,-0.3126213281678523,0.6129486085830469,-0.34926674269155733,0.6160281410063841,0.07385762148491162
7.571,-0.3120079941303094,0.6137192142800463,-0.34864985342626226,0.616889265295076,0.07385762148491162
7.572,-0.31139389024405606,0.6144883056858934,-0.34803210389780276,0.6177495284594792,0.07385762148491162
7.573,-0.310779018024334,0.6152558809029298,-0.347413494966442,0.6186089313607179,0.07385762148491162
7.574,-0.3101633789882786,0.6160219380372408,-0.34679402749158295,0.6194674748590554,0.07385762148491162
7.575,-0.30954697465491726,0.6167864751986576,-0.34617370568808326,0.6203218034997006,0.07368980577521203
7.5760000000000005,-0.3089298065451671,0.6175494905007597,-0.34555253041027156,0.6211752778117051,0.07368980577521203
7.577,-0.30831187618182987,0.6183109820608819,-0.34493050251162216,0.6220278986493977,0.07368980577521203
7.578,-0.30769318508958576,0.6190709480001212,-0.3443076228447559,0.6228796668662525,0.07368980577521203
7.579,-0.30707373479499506,0.6198293864433355,-0.343683892261441,0.6237305833148905,0.07368980577521203
7.58,-0.30645352682648835,0.6205862955191551,-0.34305931505981885,0.6245772016221993,0.07351744453118472
7.581,-0.3058325627143679,0.6213416733599811,-0.34243389208650765,0.6254229733112008,0.07351744453118472
7.582,-0.30521084399080145,0.622095518101993,-0.3418076241872791,0.6262678992285132,0.07351744453118472
7.583,-0.30458837218981694,0.6228478278851556,-0.3411805122070592,0.6271119802199084,0.07351744453118472
7.5840000000000005,-0.30396514884730225,0.6235986008532183,-0.34055255698992887,0.6279552171303122,0.07351744453118472
7.585,-0.3033411755009998,0.6243478351537225,-0.339923762917048,0.6287940728808795,0.07334054838488119
7.586,-0.30271645369050104,0.6250955289380081,-0.33929413082727233,0.6296320897756963,0.07334054838488119
7.587,-0.3020909849572443,0.625841680361216,-0.3386636615586187,0.6304692686536182,0.07334054838488119
7.588,-0.3014647708445128,0.6265862875822897,-0.33803235594826603,0.6313056103526622,0.07334054838488119
7.589,-0.3008378128974263,0.6273293487639868,-0.337400214832556,0.6321411157100072,0.07334054838488119
7.59,-0.3002101126629425,0.628070862072876,-0.33676724267539676,0.6329721571592589,0.07315912824808762
7.591,-0.2995816716898481,0.6288108256793484,-0.3361334403078297,0.6338023675670614,0.07315912824808762
7.5920000000000005,-0.2989524915287593,0.6295492377576168,-0.33549880856006525,0.6346317477644561,0.07315912824808762
7.593,-0.29832257373211635,0.6302860964857219,-0.3348633482614836,0.6354602985816534,0.07315912824808762
7.594,-0.2976919198541774,0.6310214000455394,-0.3342270602406356,0.6362880208480335,0.07315912824808762
7.595,-0.2970605314510196,0.6317551466227797,-0.33358994904390216,0.6371111967334185,0.07297319531165578
7.596,-0.29642841008052967,0.6324873344069973,-0.33295201549445924,0.6379335494429182,0.07297319531165578
7.597,-0.2957955573024049,0.633217961591591,-0.33231326041465953,0.6387550797997085,0.07297319531165578
7.598,-0.29516197467814737,0.6339470263738101,-0.33167368462603336,0.6395757886261418,0.07297319531165578
7.599,-0.2945276637710578,0.6346745269547611,-0.33103328894928963,0.6403956767437489,0.07297319531165578
7.6000000000000005,-0.29389262614623674,0.6354004615394072,-0.33039207801300174,0.6412109362879012,0.07278276104480329
7.601,-0.29325686337057494,0.6361248283365786,-0.32975005263242924,0.6420253805725094,0.07278276104480329
7.602,-0.29262037701275534,0.6368476255589706,-0.3291072136220164,0.6428390104128329,0.07278276104480329
7.603,-0.2919831686432439,0.6375688514231536,-0.3284635617953931,0.6436518266233161,0.07278276104480329
7.604,-0.2913452398342884,0.6382885041495754,-0.3278190979653755,0.6444638300175889,0.07278276104480329
7.605,-0.29070659215991534,0.6390065819625637,-0.32717382684244406,0.6452711229314596,0.07258783719441275
7.606,-0.2900672271959251,0.6397230830903318,-0.32652774923389166,0.6460776085524164,0.07258783719441275
7.607,-0.2894271465198858,0.6404380057649863,-0.3258808659462039,0.6468832876877522,0.07258783719441275
7.6080000000000005,-0.2887863517111336,0.6411513482225256,-0.32523317778505995,0.6476881611439527,0.07258783719441275
7.609,-0.28814484435076665,0.6418631087028474,-0.32458468555533326,0.648492229726697,0.07258783719441275
7.61,-0.2875026260216391,0.6425732854497549,-0.3239353940491206,0.6492915062126564,0.07238843578430568
7.611,-0.2868596983083625,0.643281876710956,-0.32328530406569844,0.6500899834221299,0.07238843578430568
7.612,-0.2862160627972954,0.643988880738074,-0.32263441640354407,0.6508876621543939,0.07238843578430568
7.613,-0.2855717210765452,0.6446942957866458,-0.32198273186033616,0.6516845432079256,0.07238843578430568
7.614,-0.2849266747359619,0.6453981201161292,-0.3213302512329558,0.6524806273804038,0.07238843578430568
7.615,-0.2842809253671317,0.6461003519899091,-0.3206769793948205,0.6532718381353134,0.0721845691144998
7.6160000000000005,-0.28363447456337837,0.6468009896752965,-0.32002291713714104,0.6540622576794681,0.0721845691144998
7.617,-0.28298732391975434,0.6475000314435386,-0.31936806525033695,0.6548518868040787,0.0721845691144998
7.618,-0.2823394750330387,0.64819747556982,-0.31871242452403736,0.6556407262995646,0.0721845691144998
7.619,-0.28169092950173574,0.6488933203332649,-0.3180559957470818,0.656428776955555,0.0721845691144998
7.62,-0.28104168892606557,0.6495875640169474,-0.317398783873908,0.6572118731738085,0.07197624976045022
7.621,-0.2803917549079655,0.6502802049078892,-0.31674078968761216,0.6579941862958437,0.07197624976045022
7.622,-0.27974112905108384,0.6509712412970671,-0.3160820139705074,0.6587757171047569,0.07197624976045022
7.623,-0.27908981296077373,0.651660671479419,-0.3154224575041245,0.6595564663828611,0.07197624976045022
7.6240000000000006,-0.2784378082440937,0.6523484937538436,-0.3147621210692128,0.6603364349116873,0.07197624976045022
7.625,-0.2777851165098012,0.6530347064232073,-0.3141010097009246,0.6611113682882211,0.07176349057227922
7.626,-0.2771317393683468,0.6537193077943498,-0.31343912417419323,0.6618855267313785,0.07176349057227922
7.627,-0.2764776784318751,0.654402296178084,-0.31277646526317715,0.6626589110160926,0.07176349057227922
7.628,-0.275822935314215,0.6550836698892053,-0.31211303374126065,0.6634315219165221,0.07176349057227922
7.6290000000000004,-0.27516751163088143,0.6557634272464903,-0.3114488303810546,0.6642033602060512,0.07176349057227922
7.63,-0.2745114089990658,0.6564415665727069,-0.3107838602981153,0.6649700829393246,0.07154630467397431
7.631,-0.2738546290376376,0.6571180861946121,-0.3101181242591654,0.6657360389498648,0.07154630467397431
7.632000000000001,-0.27319717336713456,0.6577929844429625,-0.309451623030161,0.6665012290043943,0.07154630467397431
7.633,-0.2725390436097647,0.6584662596525125,-0.3087843573762921,0.6672656538688695,0.07154630467397431
7.634,-0.2718802413893963,0.6591379101620236,-0.30811632806198364,0.6680293143084801,0.07154630467397431
7.635,-0.2712207683315599,0.6598079343142637,-0.30744754028288024,0.6687877791034232,0.07132470546258254
7.636,-0.2705606260634381,0.6604763304560161,-0.30677799479744666,0.6695454854335715,0.07132470546258254
7.6370000000000005,-0.26989981621386716,0.6611430969380792,-0.30610769236338925,0.6703024340573895,0.07132470546258254
7.638,-0.26923834041333033,0.6618082321152721,-0.30543663373765667,0.6710586257325838,0.07132470546258254
7.639,-0.26857620029395207,0.6624717343464414,-0.3047648196764406,0.6718140612161029,0.07132470546258254
7.640000000000001,-0.2679133974894979,0.6631336019944606,-0.30409225545515356,0.6725642212870346,0.07109870660739273
7.641,-0.2672499336353687,0.6637938334262363,-0.3034189418239557,0.6733136311978954,0.07109870660739273
7.642,-0.26658581036859397,0.6644524270127146,-0.3027448795322568,0.6740622916988454,0.07109870660739273
7.643,-0.26592102932783346,0.6651093811288796,-0.30207006932871755,0.6748102035392943,0.07109870660739273
7.644,-0.2652555921533668,0.6657646941537642,-0.30139451196124967,0.6755573674679028,0.07109870660739273
7.6450000000000005,-0.2645895004870955,0.6664183644704468,-0.3007182127847082,0.6762991765414164,0.0708683220490715
7.646,-0.2639227559725338,0.6670703904660619,-0.30004117254090235,0.6770402438058564,0.0708683220490715
7.647,-0.2632553602548068,0.6677207705318007,-0.29936339197089934,0.6777805700030319,0.0708683220490715
7.648000000000001,-0.2625873149806478,0.6683695030629143,-0.29868487181502534,0.6785201558740104,0.0708683220490715
7.649,-0.26191862179839287,0.6690165864587191,-0.29800561281286625,0.6792590021591178,0.0708683220490715
7.65,-0.26124928235797445,0.6696620191226025,-0.29732562039838933,0.6799924144769353,0.07063356599882899
7.651,-0.2605792983109226,0.6703057994620221,-0.2966448953050069,0.6807250933824349,0.07063356599882899
7.652,-0.25990867131035483,0.6709479258885154,-0.29596343826539784,0.681457039609029,0.07063356599882899
7.6530000000000005,-0.25923740301097736,0.6715883968176986,-0.29528125001150846,0.6821882538893966,0.07063356599882899
7.654,-0.2585654950690788,0.6722272106692724,-0.294598331274553,0.6829187369554838,0.07063356599882899
7.655,-0.2578929491425236,0.6728643658670289,-0.2939146875672757,0.6836437072772787,0.07039445293752233
7.656000000000001,-0.2572197668907527,0.67349986083885,-0.2932303196146469,0.6843679526287519,0.07039445293752233
7.657,-0.2565459499747773,0.6741336940167144,-0.29254522814091205,0.6850914737348737,0.07039445293752233
7.658,-0.2558715000571721,0.6747658638367032,-0.2918594138695922,0.6858142713198893,0.07039445293752233
7.659,-0.2551964188020766,0.6753963687389988,-0.29117287752348486,0.6865363461073198,0.07039445293752233
7.66,-0.2545207078751861,0.6760252071678937,-0.29048562469377137,0.6872528297135079,0.07015099761476969
7.6610000000000005,-0.2538443689437493,0.6766523775717923,-0.2897976560969353,0.6879685968360898,0.07015099761476969
7.662,-0.25316740367656676,0.6772778784032126,-0.2891089724487438,0.6886836481915491,0.07015099761476969
7.663,-0.2524898137439816,0.6779017081187948,-0.28841957446424815,0.689397984495653,0.07015099761476969
7.664000000000001,-0.25181160081788023,0.6785238651793005,-0.2877294628577847,0.6901116064634528,0.07015099761476969
7.665,-0.25113276657168654,0.6791443480496182,-0.28703864329862677,0.6908195591579502,0.06990321504804599
7.666,-0.25045331268035487,0.6797631551987695,-0.286347116494727,0.6915268038997532,0.06990321504804599
7.667,-0.24977324082037178,0.6803802850999079,-0.28565488315333015,0.6922333413968144,0.06990321504804599
7.668,-0.24909255266974542,0.6809957362303282,-0.2849619439809738,0.6929391723563785,0.06990321504804599
7.6690000000000005,-0.24841124990800692,0.6816095070714651,-0.2842682996834888,0.693644297484983,0.06990321504804599
7.67,-0.24772933421620386,0.6822215961088994,-0.28357395600789087,0.694343675597933,0.06965112052174485
7.671,-0.2470468072768939,0.6828320018323636,-0.2828789136535581,0.69504235433277,0.06965112052174485
7.672000000000001,-0.24636367077414595,0.683440722735741,-0.28218317331916926,0.6957403343888721,0.06965112052174485
7.673,-0.2456799263935299,0.6840477573170746,-0.2814867357027043,0.6964376164649181,0.06965112052174485
7.674,-0.24499557582211856,0.6846531040785654,-0.28078960150144544,0.697134201258888,0.06965112052174485
7.675,-0.24431062074847817,0.6852567615265812,-0.2800917765397961,0.697824961649354,0.06939472958624249
7.676,-0.2436250628626665,0.6858587281716582,-0.2793932615085167,0.6985150312794295,0.06939472958624249
7.6770000000000005,-0.2429389038562303,0.6864590025285026,-0.2786940570976768,0.699204410839875,0.06939472958624249
7.678,-0.24225214542219942,0.6870575831159962,-0.27799416399665605,0.69989310102076,0.06939472958624249
7.679,-0.24156478925508051,0.6876544684572027,-0.2772935828941446,0.7005811025114641,0.06939472958624249
7.68,-0.24087683705085816,0.6882496570793654,-0.2765923196915745,0.7012632025700916,0.0691340580569432
7.681,-0.24018829050698445,0.6888431475139166,-0.27589037507104586,0.7019446205286604,0.0691340580569432
7.682,-0.23949915132238034,0.6894349382964774,-0.2751877497139766,0.7026253570692705,0.0691340580569432
7.683,-0.238809421197429,0.6900250279668619,-0.27448444430110325,0.7033054128733401,0.0691340580569432
7.684,-0.23811910183396948,0.6906134150690839,-0.27378045951248164,0.7039847886216056,0.0691340580569432
7.6850000000000005,-0.23742819493529685,0.6912000981513561,-0.2730758013262084,0.7046581862732499,0.06886912201329473
7.686,-0.23673670220615606,0.6917850757660956,-0.27237047041568113,0.7053309105272426,0.06886912201329473
7.687,-0.2360446253527351,0.6923683464699296,-0.27166446745362416,0.7060029620569813,0.06886912201329473
7.688,-0.23535196608266637,0.6929499088236943,-0.27095779311208895,0.7066743415351903,0.06886912201329473
7.689,-0.23465872610501698,0.6935297613924433,-0.270250448062455,0.707345049633921,0.06886912201329473
7.69,-0.23396490713028686,0.6941079027454483,-0.2695424383591148,0.7080097033402429,0.06859993779779451
7.691,-0.23327051087040696,0.6946843314562019,-0.26883376466672193,0.7086736923928586,0.06859993779779451
7.692,-0.23257553903872943,0.6952590461024248,-0.26812442764926553,0.7093370174564216,0.06859993779779451
7.6930000000000005,-0.23187999335002898,0.6958320452660651,-0.2674144279700706,0.7099996791949211,0.06859993779779451
7.694,-0.23118387552049624,0.6964033275333038,-0.2667037662917989,0.7106616782716821,0.06859993779779451
7.695,-0.23048718726773115,0.6969728914945598,-0.26599244874476524,0.7113175470337104,0.06832652201499884
7.696,-0.22978993031074435,0.6975407357444893,-0.2652804759848383,0.7119727599269767,0.06832652201499884
7.697,-0.22909210636994645,0.6981068588819945,-0.26456784866723093,0.7126273176073498,0.06832652201499884
7.698,-0.22839371716714946,0.6986712595102224,-0.2638545674465009,0.7132812207300424,0.06832652201499884
7.699,-0.2276947644255601,0.6992339362365695,-0.26314063297655127,0.7139344699496123,0.06832652201499884
7.7,-0.2269952498697732,0.6997948876726883,-0.262426051463241,0.7145815133102723,0.06804889153047891
7.7010000000000005,-0.2262951752257722,0.7003541124344864,-0.2617108235536134,0.7152279096275717,0.06804889153047891
7.702,-0.22559454222092243,0.7009116091421316,-0.26099494989406485,0.7158736595485536,0.06804889153047891
7.703,-0.22489335258396542,0.7014673764200567,-0.2602784311303452,0.7165187637196146,0.06804889153047891
7.704,-0.22419160804501692,0.7020214128969615,-0.2595612679075587,0.7171632227865046,0.06804889153047891
7.705,-0.223489310335561,0.7025737172058164,-0.2588434665067256,0.7178014008331138,0.06776706346978892
7.706,-0.22278646118844822,0.7031242879838648,-0.2581250275660239,0.7184389407016765,0.06776706346978892
7.707,-0.22208306233788982,0.7036731238726277,-0.2574059517229935,0.7190758430303705,0.06776706346978892
7.708,-0.22137911551945091,0.7042202235179079,-0.2566862396145368,0.7197121084567359,0.06776706346978892
7.7090000000000005,-0.22067462247005115,0.7047655855697913,-0.2559658918769191,0.720347737617675,0.06776706346978892
7.71,-0.21996958492795782,0.7053092086826502,-0.2552449148659347,0.7209770109844056,0.06748105521741513
7.711,-0.21926400463277942,0.70585109151515,-0.2545233092108569,0.7216056550777695,0.06748105521741513
7.712,-0.2185578833254668,0.7063912327302475,-0.2538010755403299,0.72223367052704,0.06748105521741513
7.713,-0.21785122274830246,0.7069296309951991,-0.253078214482369,0.7228610579608613,0.06748105521741513
7.714,-0.21714402464490193,0.7074662849815601,-0.25235472666436176,0.7234878180072487,0.06748105521741513
7.715,-0.21643629076020704,0.7080011933651893,-0.2516306185164842,0.7241081478775553,0.06719088441569163
7.716,-0.2157280228404792,0.7085343548262549,-0.2509058906590662,0.7247278574179916,0.06719088441569163
7.7170000000000005,-0.2150192226333007,0.7090657680492327,-0.2501805437118173,0.7253469472488875,0.06719088441569163
7.718,-0.21430989188756477,0.709595431722914,-0.24945457829382736,0.7259654179899524,0.06719088441569163
7.719,-0.21360003235347375,0.7101233445404068,-0.24872799502356707,0.7265832702602762,0.06719088441569163
7.72,-0.21288964578253702,0.7106495051991378,-0.24800080040519779,0.7271946183692903,0.06689656896371857
7.721,-0.21217873392756126,0.7111739124008588,-0.24727299505006758,0.7278053551301954,0.06689656896371857
7.722,-0.21146729854265162,0.7116965648516467,-0.24654457956891324,0.7284154811543396,0.06689656896371857
7.723,-0.21075534138320495,0.7122174612619079,-0.24581555457186077,0.7290249970524597,0.06689656896371857
7.724,-0.2100428642059032,0.7127366003463834,-0.2450859206684261,0.7296339034346816,0.06689656896371857
7.7250000000000005,-0.20932986876871376,0.7132539808241487,-0.24435568443635453,0.7302362320715722,0.06659812701626482
7.726,-0.2086163568308828,0.7137696014186181,-0.2436248464779747,0.7308379583798259,0.06659812701626482
7.727,-0.2079023301529285,0.7142834608575505,-0.24289340739501292,0.7314390829617714,0.06659812701626482
7.728,-0.20718779049664232,0.7147955578730473,-0.2421613677885938,0.7320396064191349,0.06659812701626482
7.729,-0.2064727396250782,0.7153058912015615,-0.24142872825924075,0.7326395293530411,0.06659812701626482
7.73,-0.2057571793025539,0.7158144595838954,-0.2406954954578774,0.7332328013633407,0.06629557698262997
7.731,-0.20504111129464422,0.7163212617652069,-0.2399616699777758,0.73382548010163,0.06629557698262997
7.732,-0.20432453736817496,0.7168262964950124,-0.2392272524116146,0.7344175661611809,0.06629557698262997
7.7330000000000005,-0.2036074592912202,0.7173295625271895,-0.23849224335147992,0.7350090601346724,0.06629557698262997
7.734,-0.2028898788331005,0.7178310586199781,-0.23775664338886573,0.7355999626141903,0.06629557698262997
7.735,-0.20217179776437266,0.7183307835359874,-0.23702045924746365,0.7361841414020865,0.0659889375255253
7.736,-0.20145321785683193,0.7188287360421952,-0.23628369151145245,0.7367677360111949,0.0659889375255253
7.737,-0.20073414088350122,0.7193249149099539,-0.23554634076442676,0.7373507470256943,0.0659889375255253
7.738,-0.20001456861863226,0.719819318914991,-0.23480840758939758,0.7379331750291791,0.0659889375255253
7.739,-0.19929450283769892,0.7203119468374133,-0.23406989256879293,0.7385150206046605,0.0659889375255253
7.74,-0.19857394531739028,0.7208027974617114,-0.23333080249865767,0.7390900701352542,0.06567822755992057
7.7410000000000005,-0.19785289783561122,0.7212918695767597,-0.23259113795404135,0.7396645446163174,0.06567822755992057
7.742,-0.19713136217147556,0.7217791619758208,-0.23185089950941845,0.7402384446228994,0.06567822755992057
7.743,-0.19640934010529917,0.7222646734565501,-0.23111008773868896,0.740811770729475,0.06567822755992057
7.744,-0.19568683341860135,0.7227484028209954,-0.23036870321517902,0.741384523509944,0.06567822755992057
7.745,-0.19496384389409394,0.7232303488756036,-0.22962675280686756,0.7419504083114714,0.06536346625186804
7.746,-0.19424037331568328,0.7237105104312196,-0.22888423707963937,0.7425157272281973,0.06536346625186804
7.747,-0.19351642346846037,0.7241888863030931,-0.22814115659881337,0.7430804808260064,0.06536346625186804
7.748,-0.1927919961386986,0.7246654753108795,-0.22739751192914315,0.7436446696702178,0.06536346625186804
7.7490000000000006,-0.19206709311385126,0.7251402762786425,-0.22665330363481756,0.744208294325585,0.06536346625186804
7.75,-0.1913417161825453,0.7256132880348575,-0.22590853865532595,0.7447649794916059,0.06504467301732625
7.751,-0.19061586713457457,0.7260845094124158,-0.2251632175473535,0.7453211079724609,0.06504467301732625
7.752,-0.18988954776090106,0.7265539392486244,-0.22441734086702866,0.7458766803248349,0.06504467301732625
7.753,-0.189162759853644,0.7270215763852131,-0.2236709091699238,0.7464316971048566,0.06504467301732625
7.7540000000000004,-0.18843550520608113,0.7274874196683332,-0.2229239230110557,0.7469861588680983,0.06504467301732625
7.755,-0.1877077856126418,0.727951467948562,-0.22217638940099607,0.7475336100596495,0.06472186752096697
7.756,-0.18697960286890009,0.7284137200809079,-0.22142830888719606,0.7480805138000092,0.06472186752096697
7.757000000000001,-0.18625095877157544,0.7288741749248089,-0.22067968201655944,0.7486268706366285,0.06472186752096697
7.758,-0.18552185511852548,0.7293328313441378,-0.21993050933544303,0.7491726811164112,0.06472186752096697
7.759,-0.18479229370873937,0.729789688207207,-0.21918079138965732,0.7497179457857142,0.06472186752096697
7.76,-0.18406227634233904,0.7302447443867661,-0.21843053526042389,0.7502561292334274,0.06439506967495215
7.761,-0.1833318048205689,0.73069799876001,-0.2176797414859262,0.750793774497693,0.06439506967495215
7.7620000000000005,-0.18260088094579405,0.731149450208579,-0.2169284106038095,0.7513308821166944,0.06439506967495215
7.763,-0.18186950652149808,0.7315990976185605,-0.21617654315118143,0.7518674526280767,0.06439506967495215
7.764,-0.1811376833522731,0.7320469398804952,-0.2154241396646125,0.7524034865689477,0.06439506967495215
7.765000000000001,-0.18040541324382076,0.7324929758893765,-0.21467120729553735,0.7529323690751331,0.06406429963771208
7.766,-0.17967269800294566,0.7329372045446542,-0.21391774657283855,0.7534607226988121,0.06406429963771208
7.767,-0.17893953943754817,0.7333796247502393,-0.21316375802486967,0.7539885479688676,0.06406429963771208
7.768,-0.17820593935662576,0.7338202354145029,-0.212409242179456,0.754515845413653,0.06406429963771208
7.769,-0.17747189957026213,0.7342590354502831,-0.211654199563895,0.7550426155609936,0.06406429963771208
7.7700000000000005,-0.17673742188962824,0.734696023774884,-0.21089863739939332,0.7555621645016867,0.06372957781270064
7.771,-0.17600250812697563,0.7351311993100796,-0.21014255620549988,0.756081193893439,0.06372957781270064
7.772,-0.1752671600956293,0.7355645609821185,-0.20938595650124409,0.7565997042557996,0.06372957781270064
7.773000000000001,-0.17453137960998819,0.7359961077217237,-0.2086288388051363,0.7571176961077978,0.06372957781270064
7.774,-0.17379516848551838,0.7364258384640957,-0.20787120363516837,0.757635169967944,0.06372957781270064
7.775,-0.17305852853874681,0.7368537521489174,-0.20711305828187346,0.7581453532949187,0.06339092484713511
7.776,-0.17232146158725847,0.7372798477203544,-0.2063544032554349,0.7586550264385665,0.06339092484713511
7.777,-0.1715839694496945,0.7377041241270575,-0.20559523906552582,0.7591641899090706,0.06339092484713511
7.7780000000000005,-0.1708460539457417,0.7381265803221679,-0.20483556622130972,0.7596728442161043,0.06339092484713511
7.779,-0.17010771689613496,0.7385472152633159,-0.2040753852314409,0.7601809898688309,0.06339092484713511
7.78,-0.16936896012264582,0.7389660279126274,-0.20331470345532932,0.7606817761115766,0.0630483616307291
7.781000000000001,-0.16862978544808407,0.7393830172367236,-0.20255352139376123,0.7611820615680797,0.0630483616307291
7.782,-0.16789019469629055,0.7397981822067241,-0.2017918395470221,0.7616818467391262,0.0630483616307291
7.783,-0.16715018969213027,0.7402115217982518,-0.2010296584148971,0.7621811321250016,0.0630483616307291
7.784,-0.16640977226149364,0.7406230349914311,-0.2002669784966716,0.7626799182254912,0.0630483616307291
7.785,-0.16566894423128545,0.7410327207708952,-0.19950380722017846,0.7631712764931535,0.06270190929439352
7.7860000000000005,-0.16492770742942603,0.7414405781257847,-0.19874014507677593,0.7636621434025482,0.06270190929439352
7.787,-0.1641860636848443,0.7418466060497516,-0.1979759925573309,0.7641525194450336,0.06270190929439352
7.788,-0.1634440148274709,0.7422508035409635,-0.1972113501522194,0.7646424051114764,0.06270190929439352
7.789000000000001,-0.16270156268823924,0.742653169602102,-0.19644621835132717,0.7651318008922529,0.06270190929439352
7.79,-0.1619587090990753,0.7430537032403696,-0.19568060465045162,0.7656137008755394,0.062351589208938726
7.791,-0.16121545589289568,0.7434524034674896,-0.19491450953149278,0.7660951189588426,0.062351589208938726
7.792,-0.16047180490360544,0.7438492692997081,-0.19414793347586873,0.7665760556240626,0.062351589208938726
7.793,-0.1597277579660878,0.7442442997577988,-0.1933808769645161,0.7670565113526173,0.062351589208938726
7.7940000000000005,-0.15898331691620543,0.7446374938670631,-0.19261334047789067,0.7675364866254435,0.062351589208938726
7.795,-0.15823848359079348,0.7450288506573332,-0.19184533157929218,0.7680088985984933,0.06199742298376126
7.796,-0.15749325982765244,0.7454183691629757,-0.19107685074113262,0.76848083815957,0.06199742298376126
7.797000000000001,-0.15674764746554873,0.7458060484228921,-0.19030789843535154,0.7689523057810856,0.06199742298376126
7.798,-0.15600164834420757,0.746191887480522,-0.18953847513341657,0.7694233019349798,0.06199742298376126
7.799,-0.15525526430430592,0.7465758853838468,-0.18876858130632385,0.76989382709272,0.06199742298376126
7.8,-0.15450849718747395,0.7469580411853889,-0.1879982245844089,0.7703567219149373,0.06163943246550045
7.801,-0.15376134883628353,0.7473383539422176,-0.18722740543056657,0.7708191538423323,0.06163943246550045
7.8020000000000005,-0.15301382109424982,0.7477168227159487,-0.18645612430722877,0.7712811233378001,0.06163943246550045
7.803,-0.15226591580582408,0.7480934465727478,-0.185684381676365,0.7717426308637723,0.06163943246550045
7.804,-0.1515176348163874,0.7484682245833331,-0.18491217799948279,0.7722036768822185,0.06163943246550045
7.805000000000001,-0.1507689799722479,0.7488411558229777,-0.1841395209734827,0.7726570260000702,0.061277639736697566
7.806,-0.15001995312063862,0.74921223937151,-0.18336641105171392,0.7731099217688041,0.061277639736697566
7.807,-0.14927055610970724,0.7495814743133192,-0.18259284868707215,0.7735623646417693,0.061277639736697566
7.808,-0.14852079078851807,0.7499488597373537,-0.1818188343320003,0.7740143550718614,0.061277639736697566
7.809,-0.14777065900704076,0.7503143947371274,-0.18104436843848878,0.7744658935115235,0.061277639736697566
7.8100000000000005,-0.14702016261615183,0.7506780784107187,-0.1802694587695285,0.7749096689603007,0.06091206711443244
7.811,-0.14626930346762732,0.7510399098607737,-0.17949410576889485,0.775353000633629,0.06091206711443244
7.812,-0.14551808341413586,0.7513998881945103,-0.17871830987991957,0.7757958889752841,0.06091206711443244
7.813,-0.14476650430923996,0.7517580125237169,-0.17794207154549097,0.7762383344285975,0.06091206711443244
7.814,-0.14401456800738463,0.7521142819647579,-0.1771653912080545,0.7766803374364575,0.06091206711443244
7.815,-0.1432622763638988,0.7524686956385737,-0.1763882766962125,0.777114511842,0.06054273714894626
7.816,-0.1425096312349882,0.7528212526706833,-0.17561072844413936,0.7775482520731369,0.06054273714894626
7.817,-0.14175663447772813,0.7531719521911882,-0.17483274688557532,0.7779815585640427,0.06054273714894626
7.8180000000000005,-0.14100328795006495,0.7535207933347712,-0.17405433245382687,0.7784144317484576,0.06054273714894626
7.819,-0.1402495935108046,0.7538677752407024,-0.1732754855817672,0.7788468720596881,0.06054273714894626
7.82,-0.13949555301961494,0.7542128970528373,-0.17249621416312713,0.7792714186400733,0.060169672622249294
7.821,-0.13874116833701505,0.7545561579196232,-0.17171651862245324,0.7796955406738783,0.060169672622249294
7.822,-0.13798644132437327,0.7548975569940978,-0.1709363993838676,0.7801192385856494,0.060169672622249294
7.823,-0.13723137384390438,0.7552370934338928,-0.17015585687106807,0.7805425127995087,0.060169672622249294
7.824,-0.1364759677586631,0.7555747664012352,-0.16937489150732893,0.7809653637391542,0.060169672622249294
7.825,-0.13572022493253724,0.7559105750629513,-0.16859351125102257,0.7813802563063494,0.059792896546722527
7.8260000000000005,-0.1349641472302479,0.7562445185904664,-0.16781171651704158,0.7817947339809775,0.059792896546722527
7.827,-0.13420773651734252,0.7565765961598074,-0.16702950771986363,0.782208797177931,0.059792896546722527
7.828,-0.13345099466018762,0.7569068069516071,-0.16624688527355194,0.7826224463116875,0.059792896546722527
7.829,-0.13269392352597023,0.7572351501511019,-0.16546384959175564,0.7830356817963103,0.059792896546722527
7.83,-0.13193652498268638,0.7575616249481386,-0.16468040869699785,0.7834408947577878,0.05941243216368701
7.831,-0.13117880089914258,0.7578862305371729,-0.16389656299449154,0.7838457025063037,0.05941243216368701
7.832,-0.1304207531449485,0.7582089661172721,-0.16311231288904446,0.7842501054470712,0.05941243216368701
7.833,-0.12966238359051077,0.7585298308921187,-0.16232765878505956,0.7846541039848979,0.05941243216368701
7.8340000000000005,-0.12890369410703006,0.7588488240700112,-0.16154260108653537,0.7850576985241867,0.05941243216368701
7.835,-0.1281446865664989,0.7591659448638649,-0.16075714787965087,0.785453206884502,0.05902830294197638
7.836,-0.1273853628416913,0.7594811924912165,-0.1599712995599144,0.7858483197364571,0.05902830294197638
7.837,-0.12662572480616474,0.759794566174223,-0.15918505652243883,0.7862430374755601,0.05902830294197638
7.838,-0.12586577433424886,0.7601060651396668,-0.15839841916194192,0.7866373604969241,0.05902830294197638
7.839,-0.12510551330104674,0.7604156886189548,-0.15761138787274664,0.7870312891952668,0.05902830294197638
7.84,-0.1243449435824278,0.7607234358481215,-0.15682397080418906,0.7874170685576014,0.05864053257649411
7.841,-0.12358406705502047,0.7610293060678318,-0.15603616834204848,0.7878024621405737,0.05864053257649411
7.8420000000000005,-0.12282288559621281,0.761333298523381,-0.1552479808717185,0.7881874703299631,0.05864053257649411
7.843,-0.12206140108414526,0.7616354124646979,-0.15445940877820735,0.788572093511163,0.05864053257649411
7.844,-0.12129961539770345,0.7619356471463467,-0.15367045244613817,0.7889563320691817,0.05864053257649411
7.845,-0.12053753041651954,0.7622340018275275,-0.15288112008750132,0.7893323586368474,0.058249144986741
7.846,-0.11977514802096074,0.7625304757720808,-0.15209141207832338,0.7897080091779454,0.058249144986741
7.847,-0.11901247009213158,0.7628250682484855,-0.15130132879425487,0.7900832840685023,0.058249144986741
7.848,-0.11824949851186227,0.763117778529865,-0.1505108706105707,0.7904581836841685,0.058249144986741
7.849,-0.11748623516271108,0.7634086058939847,-0.14972003790217048,0.7908327084002192,0.058249144986741
7.8500000000000005,-0.11672268192795272,0.7636975496232582,-0.14892883894319237,0.791198958978126,0.05785416431534719
7.851,-0.11595884069158063,0.7639846090047444,-0.14813727409988692,0.7915648433054548,0.05785416431534719
7.852,-0.11519471333829541,0.7642697833301538,-0.14734534373813846,0.7919303617484563,0.05785416431534719
7.853,-0.11443030175350705,0.7645530718958463,-0.14655304822346543,0.7922955146730148,0.05785416431534719
7.854,-0.11366560782332343,0.7648344740028361,-0.14576038792102078,0.7926603024446488,0.05785416431534719
7.855,-0.11290063343455167,0.7651139889567914,-0.14496737116658004,0.7930167544407358,0.05745561492658099
7.856,-0.11213538047469089,0.7653916160680363,-0.14417399831659522,0.7933728499848267,0.05745561492658099
7.857,-0.11136985083192498,0.7656673546515542,-0.14338026972716184,0.7937285894333735,0.05745561492658099
7.8580000000000005,-0.1106040463951231,0.7659412040269872,-0.14258618575401935,0.7940839731424718,0.05745561492658099
7.859,-0.10983796905383242,0.766213163518639,-0.1417917467525515,0.794439001467861,0.05745561492658099
7.86,-0.10907162069827091,0.7664832324554771,-0.140996961119657,0.79478563289449,0.057053521404846014
7.861,-0.10830500321932868,0.7667514101711326,-0.14020182920196733,0.7951319176896924,0.057053521404846014
7.862,-0.10753811850855728,0.7670176960039041,-0.13940635134576723,0.7954778562000996,0.057053521404846014
7.863,-0.10677096845816765,0.767282089296758,-0.13861052789699524,0.7958234487719964,0.057053521404846014
7.864,-0.10600355496102801,0.7675445893973294,-0.1378143592012439,0.7961686957513213,0.057053521404846014
7.865,-0.10523587991065313,0.7678051956579263,-0.13701785371601727,0.7965054852266332,0.05664790855316305
7.8660000000000005,-0.10446794520120577,0.768063907435528,-0.1362210117781048,0.7968419379124698,0.05664790855316305
7.867,-0.10369975272748934,0.7683207240917889,-0.1354238337239592,0.7971780541456206,0.05664790855316305
7.868,-0.10293130438494068,0.7685756449930398,-0.13462631988969664,0.7975138342625382,0.05664790855316305
7.869,-0.1021626020696314,0.7688286695102883,-0.13382847061109732,0.797849278599339,0.05664790855316305
7.87,-0.10139364767825634,0.7690797970192221,-0.13303029440574873,0.7981762053485726,0.0562388013916469
7.871,-0.10062444310813488,0.7693290269002088,-0.13223179160057769,0.798502805171057,0.0562388013916469
7.872,-0.09985499025720371,0.7695763585382979,-0.13143296252218398,0.7988290783937189,0.0562388013916469
7.873,-0.0990852910240095,0.769821791323224,-0.1306338074968408,0.7991550253431581,0.0562388013916469
7.8740000000000006,-0.09831534730770945,0.7700653246494057,-0.12983432685049517,0.7994806463456479,0.0562388013916469
7.875,-0.09754516100806404,0.7703069579159486,-0.12903452916029276,0.7997976902024213,0.055826225155952494
7.876,-0.09677473402543052,0.7705466905266467,-0.12823441474327743,0.8001144170153379,0.055826225155952494
7.877,-0.09600406826076002,0.770784521889984,-0.127433983916176,0.8004308271014416,0.055826225155952494
7.878,-0.09523316561559543,0.7710204514191347,-0.12663323699539852,0.8007469207774592,0.055826225155952494
7.8790000000000004,-0.09446202799206067,0.7712544785319666,-0.12583217429703872,0.8010626983598008,0.055826225155952494
7.88,-0.0936906572928629,0.7714866026510407,-0.12503080445727136,0.8013698397673555,0.055410205295723616
7.881,-0.0929190554212809,0.7717168232036142,-0.12422912778323786,0.8016766740335026,0.055410205295723616
7.882000000000001,-0.09214722428116646,0.7719451396216406,-0.12342714458177248,0.8019832014653836,0.055410205295723616
7.883,-0.09137516577693706,0.7721715513417714,-0.12262485515940265,0.8022894223698327,0.055410205295723616
7.884,-0.09060288181356858,0.772396057805359,-0.12182225982234927,0.8025953370533774,0.055410205295723616
7.885,-0.08983037429659667,0.7726186584584552,-0.12101936726528349,0.8028925570657846,0.05499076747302857
7.886,-0.08905764513210507,0.7728393527518157,-0.12021617778542532,0.8031894798581793,0.05499076747302857
7.8870000000000005,-0.08828469622672706,0.773058140140899,-0.11941269167969754,0.8034861057277818,0.05499076747302857
7.888,-0.08751152948763812,0.7732750200858688,-0.11860890924472602,0.8037824349715146,0.05499076747302857
7.889,-0.08673814682254856,0.7734899920515956,-0.11780483077684001,0.8040784678860037,0.05499076747302857
7.890000000000001,-0.08596455013970497,0.7737030555076573,-0.11700046502867067,0.804365748169333,0.05456793756076615
7.891,-0.08519074134787852,0.7739142099283413,-0.1161958122874983,0.8046527411723791,0.05456793756076615
7.892,-0.08441672235636723,0.7741234547926444,-0.11539087284031588,0.804939447182422,0.05456793756076615
7.893,-0.08364249507498514,0.7743307895842764,-0.11458564697382942,0.805225866486455,0.05456793756076615
7.894,-0.08286806141406024,0.7745362137916592,-0.11378013497445824,0.8055119993711839,0.05456793756076615
7.8950000000000005,-0.08209342328443146,0.7747397269079287,-0.1129743456522536,0.8057893222046343,0.054141741641077
7.896,-0.08131858259744229,0.7749413284309365,-0.11216827928453835,0.8060663677152512,0.054141741641077
7.897,-0.08054354126493331,0.7751410178632514,-0.11136193614835799,0.8063431361803575,0.054141741641077
7.898000000000001,-0.07976830119924286,0.775338794712159,-0.11055531652048099,0.8066196278769987,0.054141741641077
7.899,-0.0789928643131996,0.7755346584896649,-0.10974842067739905,0.8068958430819433,0.054141741641077
7.9,-0.07821723252011524,0.7757286087124946,-0.10894125748604011,0.807163191358936,0.05371220600373302
7.901,-0.07744140773378584,0.775920644902095,-0.10813382721375246,0.8074302722876517,0.05371220600373302
7.902,-0.07666539186848022,0.7761107665846364,-0.10732613012761702,0.8076970861354388,0.05371220600373302
7.9030000000000005,-0.07588918683894123,0.776298973291012,-0.10651816649444765,0.807963633169378,0.05371220600373302
7.904,-0.07511279456037852,0.7764852645568405,-0.10570993658079136,0.8082299136562833,0.05371220600373302
7.905,-0.07433621694846197,0.7766696399224668,-0.10490144930990584,0.8084872708855173,0.05327935714451386
7.906000000000001,-0.07355945591931878,0.7768520989329633,-0.10409270493914832,0.808744370757522,0.05327935714451386
7.907,-0.0727825133895313,0.77703264113813,-0.10328370372561867,0.8090012135296548,0.05327935714451386
7.908,-0.07200539127612626,0.7772112660924975,-0.10247444592615965,0.8092577994590154,0.05327935714451386
7.909,-0.07122809149657698,0.777387973355326,-0.1016649317973572,0.8095141288024467,0.05327935714451386
7.91,-0.07045061596879161,0.7775627624906083,-0.10085517031824828,0.8097614791089158,0.052843221763579654
7.9110000000000005,-0.06967296661111463,0.7777356330670693,-0.1000451617361832,0.8100085820650785,0.052843221763579654
7.912,-0.06889514534231941,0.777906584658168,-0.09923490629826492,0.810255437918285,0.052843221763579654
7.913,-0.06811715408160084,0.7780756168420986,-0.09842440425134928,0.8105020469156383,0.052843221763579654
7.914000000000001,-0.0673389947485759,0.7782427292017909,-0.09761365584204529,0.8107484093039943,0.052843221763579654
7.915,-0.06656066926327626,0.7784079213249115,-0.09680267010461532,0.8109857374299666,0.05240382676381323
7.916,-0.06578217954614095,0.7785711928038658,-0.09599144727638752,0.8112228282278129,0.05240382676381323
7.917,-0.06500352751801769,0.7787325432357971,-0.09517998759445266,0.8114596819348613,0.05240382676381323
7.918,-0.06422471510015121,0.7788919722225895,-0.09436829129566446,0.8116962987882027,0.05240382676381323
7.9190000000000005,-0.0634457442141855,0.7790494793708678,-0.09355635861663977,0.8119326790246908,0.05240382676381323
7.92,-0.062666616782152,0.7792050642919989,-0.09274419864630912,0.8121599703306495,0.051961199249167964
7.921,-0.061887334726471996,0.7793587266020922,-0.09193181161196382,0.8123870343453021,0.051961199249167964
7.922000000000001,-0.0611078999699447,0.7795104659220015,-0.09111919774066787,0.8126138712959402,0.051961199249167964
7.923,-0.06032831443574967,0.7796602818773248,-0.09030635725925824,0.8128404814096276,0.051961199249167964
7.924,-0.05954858004743495,0.7798081740984065,-0.08949329039434505,0.8130668649132013,0.051961199249167964
7.925,-0.05876869872891939,0.779954142220337,-0.0886800062889663,0.813284105378748,0.051515366522992004
7.926,-0.057988672404480864,0.7800981858829545,-0.08786650516036247,0.8135011286038291,0.051515366522992004
7.9270000000000005,-0.05720850299875766,0.7802403047308457,-0.08705278722555679,0.8137179348056851,0.051515366522992004
7.928,-0.05642819243674112,0.7803804984133462,-0.08623885270135545,0.8139345242013393,0.051515366522992004
7.929,-0.05564774264376822,0.7805187665845424,-0.08542470180434786,0.8141508970075978,0.051515366522992004
7.930000000000001,-0.05486715554552213,0.7806551089032712,-0.08461034373111553,0.8143580732323172,0.05106635608635347
7.931,-0.05408643306802479,0.7807895250331212,-0.08379577868883473,0.814565042280812,0.05106635608635347
7.932,-0.053305577137629546,0.7809220146424343,-0.08298100688447446,0.8147718043602582,0.05106635608635347
7.933,-0.05252458968102255,0.7810525774043052,-0.08216602852479683,0.814978359677625,0.05106635608635347
7.934,-0.05174347262521095,0.7811812129965837,-0.08135084381635715,0.8151847084396744,0.05106635608635347
7.9350000000000005,-0.05096222789752519,0.781307921101874,-0.0805354620087132,0.8153818076439612,0.0506141956363238
7.936,-0.050180857425608114,0.7814327014075364,-0.07971988329896415,0.8155787097490437,0.0506141956363238
7.937,-0.04939936313741278,0.7815555536056882,-0.07890410788401213,0.8157754149520211,0.0506141956363238
7.938,-0.04861774696120043,0.7816764773932036,-0.07808813596056233,0.8159719234497955,0.0506141956363238
7.939,-0.04783601082552952,0.7817954724717151,-0.07727196772512325,0.8161682354390722,0.0506141956363238
7.94,-0.047054156659257135,0.7819125385476144,-0.07645561247965833,0.8163552454649191,0.05015891306429489
7.941,-0.04627218639153159,0.7820276753320524,-0.0756390704111776,0.8165420684807401,0.05015891306429489
7.942,-0.04549010195178503,0.7821408825409406,-0.07482234170650405,0.8167287046735452,0.05015891306429489
7.9430000000000005,-0.044707905269733936,0.7822521598949516,-0.07400542655227389,0.8169151542301576,0.05015891306429489
7.944,-0.043925598275371756,0.7823615071195192,-0.07318832513493669,0.8171014173372133,0.05015891306429489
7.945,-0.04314318289896146,0.7824689239448405,-0.07237104680828772,0.8172783266489608,0.049700536454238595
7.946,-0.04236066107103699,0.7825744101058747,-0.07155359174923633,0.8174550590513966,0.049700536454238595
7.947,-0.04157803472239139,0.7826779653423455,-0.0707359601345149,0.81763161472143,0.049700536454238595
7.948,-0.040795305784079146,0.7827795893987404,-0.0699181521406791,0.8178079938357933,0.049700536454238595
7.949,-0.04001247618740433,0.7828792820243125,-0.06910016794410806,0.8179841965710423,0.049700536454238595
7.95,-0.03922954786392294,0.7829770429730796,-0.06828201694985196,0.8181509942560908,0.04923909408098144
7.9510000000000005,-0.038446522745431,0.7830728720038269,-0.06746369932470851,0.8183176251434544,0.04923909408098144
7.952,-0.03766340276396692,0.7831667688801054,-0.06664521523530859,0.8184840893999306,0.04923909408098144
7.953,-0.03688018985179965,0.7832587333702341,-0.06582656484811644,0.8186503871921502,0.04923909408098144
7.954,-0.036096885941430956,0.7833487652472996,-0.06500774832942986,0.8188165186865777,0.04923909408098144
7.955,-0.03531349296558361,0.7834368642891573,-0.0641887751349738,0.8189731944560604,0.04877461440846639
7.956,-0.03453001285720277,0.7835230302784315,-0.06336964542142402,0.8191297135497737,0.04877461440846639
7.957,-0.033746447549448624,0.7836072630025162,-0.06255035934529964,0.8192860761243933,0.04877461440846639
7.958,-0.0329627989756889,0.7836895622535756,-0.0617309170629632,0.8194422823364382,0.04877461440846639
7.9590000000000005,-0.03217906906949943,0.7837699278285443,-0.06091131873062093,0.8195983323422711,0.04877461440846639
7.96,-0.031395259764656756,0.7838483595291283,-0.06009157385408924,0.8197448765316885,0.04830712608798553
7.961,-0.03061137299513063,0.7839248571618055,-0.059271682579912326,0.8198912741769165,0.04830712608798553
7.962,-0.029827410695085512,0.7839994205378251,-0.05845164505448783,0.8200375254244994,0.04830712608798553
7.963,-0.029043374798868676,0.7840720494732096,-0.05763146142406699,0.8201836304208345,0.04830712608798553
7.964,-0.028259267241012524,0.7841427437887544,-0.05681113183475482,0.8203295893121734,0.04830712608798553
7.965,-0.027475089956223626,0.7842115033100282,-0.05599066584187283,0.8204659928819896,0.047836657956418845
7.966,-0.026690844879380594,0.7842783278673737,-0.055170063581824594,0.820602260048236,0.047836657956418845
7.9670000000000005,-0.02590653394553108,0.7843432172959082,-0.054349325190877276,0.8207383909473162,0.047836657956418845
7.968,-0.025122159089885236,0.7844061714355232,-0.053528450805161776,0.8208743857154972,0.047836657956418845
7.969,-0.02433772224780827,0.7844671901308856,-0.052707440560672864,0.8210102444889101,0.047836657956418845
7.97,-0.023553225354821884,0.7845262732314379,-0.05188630406164775,0.8211364990251104,0.047363239034460276
7.971,-0.02276867034659241,0.7845834205913985,-0.05106504143434098,0.8212626273067746,0.047363239034460276
7.972,-0.02198405915893222,0.784638632069762,-0.05024365280488082,0.821388629460157,0.047363239034460276
7.973,-0.02119939372779231,0.7846919075302995,-0.04942213829926943,0.8215145056113861,0.047363239034460276
7.974,-0.020414675989254862,0.784743246841559,-0.04860049804338297,0.8216402558864638,0.047363239034460276
7.9750000000000005,-0.01962990787953377,0.7847926498768661,-0.0477787416897819,0.8217563536010738,0.046886898524819094
7.976,-0.01884509133496723,0.7848401165143234,-0.04695686935456393,0.8218723352179691,0.046886898524819094
7.977,-0.018060228292010264,0.7848856466368119,-0.046134881153710686,0.8219882008532475,0.046886898524819094
7.978,-0.017275320687236192,0.7849292401319906,-0.045312777203087795,0.8221039506228907,0.046886898524819094
7.979,-0.016490370457325612,0.7849708968922966,-0.04449055761844503,0.8222195846427641,0.046886898524819094
7.98,-0.015705379539064302,0.7850106168149463,-0.0436682321000707,0.8223255183743297,0.046407665810416124
7.981,-0.014920349869341092,0.7850483998019345,-0.04284580075389854,0.8224313461721636,0.046407665810416124
7.982,-0.01413528338513688,0.7850842457600358,-0.04202326368575634,0.8225370681421997,0.046407665810416124
7.9830000000000005,-0.013350182023526062,0.7851181546008034,-0.041200621001366074,0.8226426843902659,0.046407665810416124
7.984,-0.01256504772166909,0.7851501262405708,-0.04037787280634399,0.822748195022084,0.046407665810416124
7.985,-0.011779882416805033,0.7851801606004513,-0.039555028848107875,0.8228439582361137,0.0459255704525881
7.986,-0.010994688046253004,0.785208257606338,-0.03873208922242095,0.8229396256869294,0.0459255704525881
7.987,-0.010209466547400282,0.7852344171889041,-0.03790905402495065,0.8230351974702942,0.0459255704525881
7.988,-0.009424219857703746,0.7852586392836038,-0.03708592335126878,0.8231306736818756,0.0459255704525881
7.989,-0.008638949914682436,0.7852809238306712,-0.03626269729685153,0.8232260544172455,0.0459255704525881
7.99,-0.007853658655910095,0.7853012707751216,-0.03543938565564492,0.8233116412066132,0.04544064218924569
7.9910000000000005,-0.007068348019016617,0.7853196800667508,-0.034615988513235725,0.8233971424091915,0.04544064218924569
7.992,-0.006283019941676158,0.7853361516601358,-0.03379250595512516,0.8234825581105673,0.04544064218924569
7.993,-0.005497676361609458,0.7853506855146346,-0.03296893806672892,0.8235678883962416,0.04544064218924569
7.994,-0.004712319216572843,0.7853632815943863,-0.03214528493337729,0.8236531333516303,0.04544064218924569
7.995,-0.003926950444356111,0.7853739398683113,-0.03132155639494035,0.8237285384369396,0.04495291093304665
7.996,-0.003141571982779525,0.7853826603101113,-0.03049775252682319,0.8238038681171636,0.04495291093304665
7.997,-0.002356185769687254,0.7853894428982697,-0.029673873404355483,0.8238791224677073,0.04495291093304665
7.998,-0.0015707937429399288,0.785394287616051,-0.028849919102791582,0.8239543015639006,0.04495291093304665
7.9990000000000006,-0.0007853978404151914,0.7853971944515012,-0.028025889697310586,0.8240294054809977,0.04495291093304665
8.0,-2.4492935982947064e-16,0.7853981633974483,-0.02720179507309968,0.8240946242109078,0.04446240676955586
