time_s,target_position_rad,target_velocity_rad_s,position_rad,velocity_rad_s,torque_nm
0.0,0.0,6.283185307179586,3.7699111843077517e-05,0.03769911184307752,1.8849555921538759
0.001,0.006283019941676304,6.2826892132810865,0.00011305963641738948,0.07536052457431196,1.8849555921538759
0.002,0.01256504772166874,6.281201009924566,0.00022604391231020464,0.11298427589281516,1.8849555921538759
0.003,0.01884509133496727,6.278720932114587,0.0003766143157702045,0.15057040345999986,1.8849555921538759
0.004,0.025122159089884778,6.275249371484185,0.0005647332606698219,0.1881189448996174,1.8849555921538759
0.005,0.03139525976465669,6.270786876233027,0.0007903933152726996,0.2256600546028777,1.8864614324079965
0.006,0.03766340276396636,6.265334151040844,0.0010535569384691342,0.2631636231964347,1.8864614324079965
0.007,0.04392559827537158,6.258892056956154,0.0013541866266905324,0.3006296882213982,1.8864614324079965
0.008,0.05018085742560745,6.251461611260292,0.001692244913871869,0.3380582871813367,1.8864614324079965
0.009000000000000001,0.05642819243674085,6.24304398730677,0.0020676943714141843,0.3754494575423153,1.8864614324079965
0.01,0.06266661678215213,6.233640514335991,0.002480341482736149,0.4126471113219645,1.8786551618595784
0.011,0.06889514534231903,6.223252677265344,0.002930149050183983,0.4498075674478341,1.8786551618595784
0.012,0.07511279456037853,6.211882116454724,0.0034170799133015606,0.48693086311757783,1.8786551618595784
0.013000000000000001,0.0813185825974418,6.199530627447493,0.003941096948793212,0.5240170354916518,1.8786551618595784
0.014,0.08751152948763802,6.18620016068695,0.004502163070486564,0.5610661216933517,1.8786551618595784
0.015,0.0936906572928623,6.171892821208328,0.0050999006260242065,0.5977375555376432,1.8616249982992443
0.016,0.09985499025720351,6.156610868306384,0.005734272943972297,0.6343723179480905,1.8616249982992443
0.017,0.10600355496102731,6.140356715178638,0.006405243389568425,0.6709704455961273,1.8616249982992443
0.018000000000000002,0.1121353804746906,6.123132928544291,0.007112775364684941,0.707531975116516,1.8616249982992443
0.019,0.11824949851186234,6.10494222823892,0.007856832307792326,0.7440569431073843,1.8616249982992443
0.02,0.1243449435824274,6.085787486784972,0.008636855101669654,0.7800227938773279,1.8354953856525464
0.021,0.13042075314494847,6.0656717289381765,0.009452807780466156,0.8159526787965015,1.8354953856525464
0.022,0.13647596775866258,6.0445981312098835,0.010304654414296911,0.8518466338307559,1.8354953856525464
0.023,0.14250963123498805,6.022570021365467,0.011192359109206887,0.887704694909976,1.8354953856525464
0.024,0.14852079078851746,5.999590877898831,0.012115886007135004,0.923526897928117,1.8354953856525464
0.025,0.1545084971874737,5.975664329483111,0.013074497907201737,0.9586119000667325,1.8004264518271755
0.026000000000000002,0.16047180490360477,5.950794154397667,0.014068159724404946,0.9936618172032092,1.8004264518271755
0.027,0.1664097722614933,5.924984279931451,0.015096836408827495,1.0286766844225494,1.8004264518271755
0.028,0.17232146158725853,5.898238781762835,0.016160492945602165,1.0636565367746704,1.8004264518271755
0.029,0.17820593935662538,5.870561883316026,0.017259094354876603,1.0986014092744392,1.8004264518271755
0.03,0.18406227634233896,5.84195795509413,0.018391729429296184,1.1326350744195814,1.7566133277208318
0.031,0.18988954776090053,5.812431513988998,0.019558364135195763,1.1666347058995785,1.7566133277208318
0.032,0.1956868334186012,5.781987222567964,0.02075896447294386,1.2006003377480956,1.7566133277208318
0.033,0.20145321785683132,5.750629888337564,0.02199349647690862,1.234532003964764,1.7566133277208318
0.034,0.20718779049664207,5.71836446298438,0.023261926215423837,1.268429738515216,1.7566133277208318
0.035,0.21288964578253636,5.685196041593106,0.02456317323080169,1.3012470153778526,1.7042853300575922
0.036000000000000004,0.21855788332546647,5.651129861841982,0.025897204705765318,1.3340314749636266,1.7042853300575922
0.037,0.22419160804501612,5.6161713031756975,0.027263987855855133,1.3667831500898149,1.7042853300575922
0.038,0.2297899303107439,5.580325885955918,0.028663489929396012,1.399502073540877,1.7042853300575922
0.039,0.23535196608266626,5.543599270589556,0.0300956782074645,1.432188278068488,1.7042853300575922
0.04,0.24087683705085766,5.5059972566349265,0.03155930839748006,1.463630190015554,1.6437050112567175
0.041,0.24636367077414578,5.4675257818859295,0.03305434905753073,1.4950406600506727,1.6437050112567175
0.042,0.2518116008178804,5.428190921434402,0.034580768777146484,1.5264197196157563,1.6437050112567175
0.043000000000000003,0.2572197668907532,5.387998886710796,0.03613853617726776,1.557767400121275,1.6437050112567175
0.044,0.2625873149806478,5.3469560245033145,0.03772761991021405,1.589083732946288,1.6437050112567175
0.045,0.26791339748949833,5.305068815955681,0.03934661790102861,1.6189979908145693,1.5751670800613864
0.046,0.27319717336713456,5.262343875543701,0.0409955002354536,1.6488823344249826,1.5751670800613864
0.047,0.278437808244094,5.218787950030747,0.042674237029145384,1.6787367936917854,1.5751670800613864
0.048,0.28363447456337826,5.174407917402373,0.044382798427644705,1.7085613984993213,1.5751670800613864
0.049,0.28878635171113376,5.129210785780202,0.046121154606346755,1.7383561787020496,1.5751670800613864
0.05,0.29389262614623657,5.0832036923152595,0.047887752372813376,1.7665977664666224,1.4989971971637424
0.051000000000000004,0.2989524915287594,5.036393902060934,0.049682563485456806,1.7948111126434305,1.4989971971637424
0.052000000000000005,0.30396514884730275,4.988788806825741,0.05150555973093087,1.822996245474062,1.4989971971637424
0.053,0.30892980654516716,4.9403959240060775,0.05335671292410273,1.8511531931718628,1.4989971971637424
0.054,0.31384568064535023,4.891222895399126,0.0552359949080247,1.8792819839219657,1.4989971971637424
0.055,0.3187119948743448,4.8412774859961365,0.05714170862297384,1.9057137149491414,1.4155506505548914
0.056,0.3235279807847221,4.790567582756239,0.05907382763721913,1.9321190142452902,1.4155506505548914
0.057,0.32829287787647826,4.739101193361003,0.06103232554546127,1.9584979082421428,1.4155506505548914
0.058,0.33300593371712583,4.686886444949932,0.06301717596880627,1.9848504233449984,1.4155506505548914
0.059000000000000004,0.33766640406051224,4.633931582837092,0.06502835255473902,2.011176585932751,1.4155506505548914
0.06,0.3422735529643443,4.580244969209083,0.06706402218240187,2.0356696276628603,1.3252109158021104
0.061,0.34682665290640247,4.525835081804551,0.06912416035875311,2.0601381763512396,1.3252109158021104
0.062,0.3513249848994246,4.470710512575458,0.07120874261524404,2.0845822564909304,1.3252109158021104
0.063,0.35576783860464267,4.414879966330309,0.07331774450779452,2.1090018925504816,1.3252109158021104
0.064,0.36015451244395347,4.358352259359564,0.0754511416167685,2.1333971089739734,1.3252109158021104
0.065,0.3644843137107058,4.3011363180434445,0.07760697309077166,2.1558314740031737,1.228388106908716
0.066,0.36875655867908697,4.243241177442351,0.07978521649543902,2.1782434046673447,1.228388106908716
0.067,0.37297057271209105,4.184675979870128,0.08198584941883987,2.2006329234008515,1.228388106908716
0.068,0.3771256903680519,4.1254499734503804,0.08420884947145549,2.223000052615625,1.228388106908716
0.069,0.38122125550572394,4.065572510656092,0.08645419428615667,2.2453448147011836,1.228388106908716
0.07,0.3852566213878946,4.005053046832758,0.08871980410252,2.2656098163633414,1.1255173238429483
0.07100000000000001,0.3892311507835117,3.943901138705282,0.09100565865554384,2.285854553023837,1.1255173238429483
0.07200000000000001,0.39314421606830946,3.882126442868852,0.09331173770049152,2.3060790449476722,1.1255173238429483
0.073,0.39699519932391764,3.8197387142640573,0.0956380210128711,2.3262833123795836,1.1255173238429483
0.074,0.40078349243543826,3.7567478046364626,0.09798448838841516,2.346467375544063,1.1255173238429483
0.075,0.4045084971874737,3.6931636609809133,0.10034895043464825,2.3644620462331023,1.017056903229172
0.076,0.40816962535859197,3.6289963239707848,0.10273138915689971,2.3824387222514525,1.017056903229172
0.077,0.4117662988142137,3.5642559263724407,0.1051317865784935,2.4003974215937847,1.017056903229172
0.078,0.4152979495979063,3.498952691445157,0.10755012474073027,2.418338162236774,1.017056903229172
0.079,0.4187640200210708,3.433096931326748,0.10998638570286938,2.4362609621391207,1.017056903229172
0.08,0.42216396275100754,3.3666990454051597,0.11243828013562789,2.4518944327585035,0.903486579076088
0.081,0.4254972408973459,3.2997695186762894,0.11490579240553515,2.467512269907267,0.903486579076088
0.082,0.42876332809682616,3.2323189200882774,0.11738890689475404,2.4831144892188814,0.903486579076088
0.083,0.43196170859641764,3.164357900872555,0.11988760800106522,2.4987011063111844,0.903486579076088
0.084,0.43509187733476284,3.0958971928618833,0.12240188013785162,2.5142721367863947,0.903486579076088
0.085,0.43815334002193185,3.0269476067956793,0.12492934411371664,2.527463975865027,0.7853055607709458
0.08600000000000001,0.44114561321747664,2.9575200306128737,0.12746998673682122,2.540642623104581,0.7853055607709458
0.08700000000000001,0.4440682244067723,2.887625427732574,0.1300237948285181,2.553808091696895,0.7853055607709458
0.088,0.44692071207563183,2.8172748353228214,0.13259075522333874,2.566960394820617,0.7853055607709458
0.089,0.4497026257831855,2.746479362557683,0.13517085476897997,2.5800995456412155,0.7853055607709458
0.09,0.4524135262330098,2.675250188862998,0.13776163482579343,2.590780056813466,0.6630305358945944
0.091,0.45505298534249783,2.6035985621510083,0.14036308471326797,2.6014498874745446,0.6630305358945944
0.092,0.45762058631045877,2.531535797044182,0.14297519376157294,2.612109048304962,0.6630305358945944
0.093,0.46011592368293514,2.4590732730885096,0.14559795131154749,2.622757549974549,0.6630305358945944
0.094,0.462538603417229,2.3862224329565334,0.14823134671468996,2.6333954031424662,0.6630305358945944
0.095,0.4648882429441257,2.3129947806404267,0.15087285259454344,2.641505879853489,0.5371936057082596
0.096,0.467164471228306,2.23940187963537,0.15352246084063126,2.649608246087801,0.5371936057082596
0.097,0.46936692882693704,2.165455351113548,0.15618016335058713,2.6577025099558784,0.5371936057082596
0.098,0.4714952679464322,2.091166872089032,0.1588459520301472,2.665788679560088,0.5371936057082596
0.099,0.47354915249737217,2.0165481735738364,0.1615198187931419,2.673866762994693,0.5371936057082596
0.1,0.47552825814757677,1.9416110387254666,0.16419917849260215,2.67935969946026,0.40834016142810187
0.101,0.4774322723733215,1.8663673009862118,0.16688402563559152,2.684847142989362,0.40834016142810187
0.10200000000000001,0.4792608945086879,1.7908288422145162,0.16957435473466645,2.6903290990749347,0.40834016142810187
0.10300000000000001,0.48101383579304297,1.7150075908086873,0.17227016030787087,2.6958055732044217,0.40834016142810187
0.10400000000000001,0.48269081941663694,1.638915519823271,0.17497143687873065,2.7012765708597795,0.40834016142810187
0.105,0.48429158056431554,1.562564645078366,0.1776755527072123,2.7041158284816547,0.27702670963674575
0.106,0.48581586645733693,1.485967023262176,0.18038250495405822,2.706952246845908,0.27702670963674575
0.107,0.48726343639328856,1.4091347500271372,0.18309229078285003,2.709785828791797,0.27702670963674575
0.108,0.48863406178409674,1.332079958079862,0.18580490736000577,2.7126165771557402,0.27702670963674575
0.109,0.48992752619212343,1.2548148152652434,0.18852035185477709,2.715444494771319,0.27702670963674575
0.11,0.4911436253643443,1.1773515226450215,0.19123595727816126,2.7156054233841727,0.1438186553812451
0.111,0.49228216726460267,1.0997023125710805,0.19395172346922968,2.7157661910684134,0.1438186553812451
0.112,0.493342972103934,1.0218794467538326,0.19666765026721464,2.7159267979849697,0.1438186553812451
0.113,0.49432587236895703,0.9438952143259383,0.19938373751150926,2.71608724429461,0.1438186553812451
0.114,0.4952307128483256,0.8657619299017215,0.2020999850416672,2.7162475301579403,0.1438186553812451
0.115,0.49605735065723894,0.7874919316325438,0.20481370208532845,2.7137170436612528,0.009288051673524533
0.116,0.4968056552600042,0.7090975792584641,0.2075248911729795,2.711189087651062,0.009288051673524533
0.117,0.4974755084906501,0.6305912521565008,0.21023355483257639,2.7086636595968816,0.009288051673524533
0.11800000000000001,0.49806680457158625,0.551985347385775,0.21293969558954715,2.7061407569707554,0.009288051673524533
0.11900000000000001,0.49857945013030697,0.4732922777298811,0.2156433159667944,2.703620377247255,0.009288051673524533
0.12,0.4990133642141358,0.39452446973675565,0.21834171295014923,2.6983969833548387,-0.12598867575846706
0.121,0.49936847830300873,0.3156943617563845,0.22103489176300556,2.6931788128563143,-0.12598867575846706
0.122,0.4996447363202946,0.23681440197664833,0.22372285762353386,2.687965860528289,-0.12598867575846706
0.123,0.49984209464164997,0.15789704645759906,0.22640561574468646,2.6827581211525913,-0.12598867575846706
0.124,0.49996052210190806,0.07895475716451485,0.22908317133420272,2.6775555895162695,-0.12598867575846706
0.125,0.5,3.8473413874435795e-16,0.231752820707739,2.6696493735362874,-0.26143301952328624
0.126,0.49996052210190806,-0.07895475716451407,0.2344145717715113,2.6617510637722854,-0.26143301952328624
0.127,0.49984209464164997,-0.15789704645759825,0.23706843242382933,2.6538606523180475,-0.26143301952328624
0.128,0.4996447363202946,-0.2368144019766476,0.2397144105551046,2.6459781312752635,-0.26143301952328624
0.129,0.49936847830300873,-0.3156943617563837,0.24235251404785813,2.6381034927535225,-0.26143301952328624
0.13,0.4990133642141358,-0.3945244697367548,0.2449800501033506,2.6275360554924783,-0.3964666884145279
0.131,0.49857945013030697,-0.4732922777298803,0.2475970292890193,2.6169791856686953,-0.3964666884145279
0.132,0.49806680457158625,-0.5519853473857755,0.25020346216173406,2.606432872714736,-0.3964666884145279
0.133,0.4974755084906501,-0.6305912521565014,0.2527993592678078,2.5958971060737306,-0.3964666884145279
0.134,0.4968056552600042,-0.7090975792584647,0.25538473114300714,2.585371875199366,-0.3964666884145279
0.135,0.4960573506572389,-0.7874919316325446,0.25795690736827087,2.572176225263745,-0.5305139030211098
0.136,0.4952307128483256,-0.865761929901722,0.26051590113924894,2.558993770978059,-0.5305139030211098
0.137,0.494325872368957,-0.9438952143259388,0.2630617256383956,2.5458244991466588,-0.5305139030211098
0.138,0.493342972103934,-1.0218794467538317,0.2655943940349827,2.53266839658709,-0.5305139030211098
0.139,0.49228216726460267,-1.0997023125710812,0.26811391948511276,2.5195254501300806,-0.5305139030211098
0.14,0.4911436253643443,-1.1773515226450222,0.27061766533619125,2.503745851078469,-0.6630036800740677
0.14100000000000001,0.48992752619212343,-1.2548148152652443,0.2731056473678172,2.487982031625909,-0.6630036800740677
0.14200000000000002,0.4886340617840967,-1.3320799580798623,0.27557788134380995,2.472233975992802,-0.6630036800740677
0.14300000000000002,0.48726343639328856,-1.4091347500271376,0.2780343830122253,2.456501668415328,-0.6630036800740677
0.14400000000000002,0.48581586645733693,-1.4859670232621767,0.2804751681053707,2.440785093145431,-0.6630036800740677
0.145,0.4842915805643156,-1.5625646450783637,0.282897644971492,2.4224768661213005,-0.7933720965492488
0.146,0.482690819416637,-1.6389155198232703,0.2853018319188162,2.4041869473241944,-0.7933720965492488
0.147,0.48101383579304297,-1.7150075908086866,0.2876877472372621,2.385915318445885,-0.7933720965492488
0.148,0.479260894508688,-1.7908288422145155,0.29005540919845857,2.367661961196454,-0.7933720965492488
0.149,0.47743227237332153,-1.8663673009862112,0.29240483605576284,2.3494268573042727,-0.7933720965492488
0.15,0.4755282581475768,-1.941611038725466,0.2947334921957173,2.3286561399544627,-0.9210645246252935
0.151,0.47354915249737217,-2.0165481735738355,0.2970413983890393,2.3079061933220024,-0.9210645246252935
0.152,0.47149526794643226,-2.0911668720890315,0.2993285753856755,2.2871769966361746,-0.9210645246252935
0.153,0.4693669288269371,-2.1654553511135473,0.3015950439148225,2.2664685291470326,-0.9210645246252935
0.154,0.46716447122830607,-2.239401879635369,0.3038408246849479,2.24578077012538,-0.9210645246252935
0.155,0.46488824294412573,-2.3129947806404263,0.3060634489177289,2.2226242327810266,-1.0455378287113861
0.156,0.462538603417229,-2.3862224329565325,0.3082629397697029,2.199490851974018,-1.0455378287113861
0.157,0.4601159236829352,-2.4590732730885088,0.31043932037425076,2.1763806045478162,-1.0455378287113861
0.158,0.4576205863104588,-2.531535797044181,0.3125926138416198,2.1532934673690405,-1.0455378287113861
0.159,0.45505298534249783,-2.6035985621510074,0.3147228432589472,2.1302294173274436,-1.0455378287113861
0.16,0.45241352623300973,-2.675250188862998,0.3168276171965392,2.104773937591936,-1.1662625159090074
0.161,0.4497026257831856,-2.746479362557681,0.3189069611098753,2.0793439133361638,-1.1662625159090074
0.162,0.44692071207563194,-2.817274835322819,0.32096090042897996,2.0539393191046473,-1.1662625159090074
0.163,0.4440682244067723,-2.887625427732574,0.3229894605584473,2.0285601294673627,-1.1662625159090074
0.164,0.44114561321747664,-2.9575200306128746,0.32499266687746703,2.003206319019715,-1.1662625159090074
0.165,0.43815334002193174,-3.026947606795681,0.3269682154935386,1.9755486160715816,-1.2827248314556896
0.166,0.43509187733476284,-3.0958971928618824,0.328916134064365,1.9479185708263962,-1.2827248314556896
0.167,0.4319617085964177,-3.164357900872554,0.3308364502199914,1.920316155626456,-1.2827248314556896
0.168,0.4287633280968261,-3.2323189200882783,0.33272919156283315,1.892741342841716,-1.2827248314556896
0.169,0.42549724089734586,-3.29976951867629,0.3345943856677029,1.8651941048697604,-1.2827248314556896
0.17,0.4221639627510075,-3.3666990454051615,0.3364298260026495,1.8354403349465733,-1.3944287909158672
0.171,0.4187640200210709,-3.433096931326747,0.33823554232144276,1.8057163187933094,-1.3944287909158672
0.17200000000000001,0.41529794959790634,-3.498952691445157,0.340011564348099,1.7760220266561988,-1.3944287909158672
0.17300000000000001,0.41176629881421367,-3.5642559263724416,0.3417579217769102,1.7463574288112254,-1.3944287909158672
0.17400000000000002,0.4081696253585919,-3.628996323970785,0.3434746442724743,1.7167224955640967,-1.3944287909158672
0.17500000000000002,0.4045084971874737,-3.693163660980913,0.34515963208272016,1.6849878102458626,-1.500898141133504
0.176,0.4007834924354384,-3.7567478046364595,0.3468129169423331,1.6532848596129468,-1.500898141133504
0.177,0.39699519932391775,-3.819738714264055,0.34843453055426377,1.621613611930664,-1.500898141133504
0.178,0.3931442160683095,-3.882126442868852,0.3500245045897598,1.5899740354960632,-1.500898141133504
0.179,0.3892311507835117,-3.943901138705282,0.3515828706883977,1.558366098637897,-1.500898141133504
0.18,0.3852566213878946,-4.005053046832758,0.35310764485609214,1.524774167694415,-1.601678242242203
0.181,0.38122125550572405,-4.065572510656089,0.35459886068477403,1.4912158286818766,-1.601678242242203
0.182,0.377125690368052,-4.12544997345038,0.3560565517327824,1.4576910480083507,-1.601678242242203
0.183,0.3729705727120911,-4.184675979870128,0.3574807515248979,1.4241997921154983,-1.601678242242203
0.184,0.36875655867908697,-4.243241177442351,0.3588714935523764,1.3907420274785387,-1.601678242242203
0.185,0.3644843137107057,-4.3011363180434445,0.3602269180805607,1.3554245281842614,-1.6963378633399364
0.186,0.3601545124439535,-4.358352259359563,0.36154706042694995,1.3201423463892785,-1.6963378633399364
0.187,0.3557678386046427,-4.414879966330308,0.362831955873726,1.2848954467760905,-1.6963378633399364
0.188,0.3513249848994246,-4.470710512575458,0.36408163966778856,1.2496837940625156,-1.6963378633399364
0.189,0.34682665290640247,-4.525835081804551,0.3652961470207902,1.2145073530016544,-1.6963378633399364
0.19,0.3422735529643444,-4.580244969209081,0.36647375044874336,1.1776034279531304,-1.7844708847761122
0.191,0.3376664040605123,-4.633931582837092,0.367614486855573,1.140736406829655,-1.7844708847761122
0.192,0.33300593371712583,-4.686886444949932,0.36871839310830035,1.1039062527273031,-1.7844708847761122
0.193,0.3282928778764782,-4.739101193361003,0.3697855060370794,1.0671129287790535,-1.7844708847761122
0.194,0.3235279807847221,-4.79056758275624,0.3708158624352341,1.030356398154752,-1.7844708847761122
0.195,0.31871199487434493,-4.841277485996136,0.3718078745189834,0.9920120837492564,-1.8656979003670449
0.196,0.3138456806453503,-4.8912228953991255,0.3727615806326416,0.9537061136581663,-1.8656979003670449
0.197,0.30892980654516716,-4.9403959240060775,0.37367701908217876,0.9154384495371672,-1.8656979003670449
0.198,0.30396514884730264,-4.988788806825742,0.37455422813525907,0.8772090530802892,-1.8656979003670449
0.199,0.29895249152875936,-5.036393902060935,0.37539324602127894,0.839017886019868,-1.8656979003670449
0.2,0.2938926261462366,-5.0832036923152595,0.37619263153514776,0.7993855138688357,-1.9396677132506228
0.201,0.2887863517111338,-5.129210785780202,0.3769524243092377,0.7597927740899544,-1.9396677132506228
0.202,0.2836344745633782,-5.174407917402373,0.37767266393628857,0.720239627050852,-1.9396677132506228
0.203,0.2784378082440939,-5.218787950030747,0.37835338996944734,0.6807260331587887,-1.9396677132506228
0.20400000000000001,0.2731971733671346,-5.2623438755437,0.378994641922308,0.6412519528606174,-1.9396677132506228
0.20500000000000002,0.26791339748949833,-5.305068815955681,0.3795951314488255,0.6004895265175466,-2.006058719510509
0.20600000000000002,0.2625873149806478,-5.3469560245033145,0.3801548993114263,0.5597678626008189,-2.006058719510509
0.20700000000000002,0.25721976689075315,-5.387998886710797,0.38067398623177434,0.519086920348008,-2.006058719510509
0.20800000000000002,0.2518116008178803,-5.428190921434404,0.3811524328908118,0.47844665903744976,-2.006058719510509
0.209,0.24636367077414578,-5.4675257818859295,0.3815902799288,0.4378470379882021,-2.006058719510509
0.21,0.2408768370508578,-5.505997256634926,0.3819863975162674,0.3961175874673575,-2.0645801741428227
0.211,0.2353519660826664,-5.543599270589555,0.38234082738266445,0.35442986639703367,-2.0645801741428227
0.212,0.229789930310744,-5.580325885955918,0.38265361121571223,0.3127838330477802,-2.0645801741428227
0.213,0.22419160804501614,-5.6161713031756975,0.3829247906614441,0.27117944573187597,-2.0645801741428227
0.214,0.21855788332546644,-5.651129861841982,0.3831544073242474,0.22961666280328763,-2.0645801741428227
0.215,0.21288964578253644,-5.685196041593105,0.38334149490369984,0.18708757945243754,-2.1149733344023396
0.216,0.20718779049664215,-5.71836446298438,0.3834860959288848,0.1446010251849383,-2.1149733344023396
0.217,0.20145321785683137,-5.750629888337564,0.3835882528863565,0.10215695747170658,-2.1149733344023396
0.218,0.19568683341860119,-5.781987222567964,0.3836480082201827,0.059755333826188084,-2.1149733344023396
0.219,0.1898895477609007,-5.812431513988997,0.383665404331987,0.0173961118043151,-2.1149733344023396
0.22,0.18406227634233907,-5.841957955094129,0.38363964279815854,-0.025761533828465785,-2.1570124760488287
0.221,0.1782059393566254,-5.870561883316026,0.38357076677634294,-0.06887602181561389,-2.1570124760488287
0.222,0.17232146158725853,-5.898238781762835,0.38345881938102816,-0.11194739531477485,-2.1570124760488287
0.223,0.16640977226149326,-5.924984279931451,0.3833038436835877,-0.15497569744043665,-2.1570124760488287
0.224,0.16047180490360485,-5.950794154397667,0.38310588271232376,-0.19796097126397277,-2.1570124760488287
0.225,0.15450849718747375,-5.975664329483111,0.3828643095864607,-0.24157312586301763,-2.190505778515442
0.226,0.14852079078851746,-5.999590877898831,0.3825791679181533,-0.28514166830746346,-2.190505778515442
0.227,0.14250963123498803,-6.022570021365468,0.3822505012759438,-0.32866664220946484,-2.190505778515442
0.228,0.13647596775866253,-6.0445981312098835,0.38187835318480623,-0.3721480911375642,-2.190505778515442
0.229,0.13042075314494853,-6.0656717289381765,0.3814627671261895,-0.4155860586167355,-2.190505778515442
0.23,0.12434494358242741,-6.085787486784972,0.3810032907321206,-0.45947639406887864,-2.215296075537995
0.231,0.1182494985118623,-6.10494222823892,0.380499967892935,-0.5033228391855696,-2.215296075537995
0.232,0.1121353804746905,-6.123132928544292,0.3799528424550779,-0.547125437857144,-2.215296075537995
0.233,0.1060035549610274,-6.140356715178638,0.3793619582211478,-0.5908842339300467,-2.215296075537995
0.234,0.09985499025720353,-6.156610868306384,0.3787273589499409,-0.6345992712068766,-2.215296075537995
0.23500000000000001,0.09369065729286229,-6.171892821208328,0.37804876904863893,-0.6785899013019616,-2.2312614683145924
0.23600000000000002,0.08751152948763793,-6.18620016068695,0.377326232507872,-0.7225365407669515,-2.2312614683145924
0.23700000000000002,0.08131858259744167,-6.199530627447494,0.3765597932742795,-0.7664392335924765,-2.2312614683145924
0.23800000000000002,0.07511279456037856,-6.211882116454723,0.37574949525055434,-0.8102980237251758,-2.2312614683145924
0.23900000000000002,0.06889514534231901,-6.223252677265344,0.3748953822954866,-0.8541129550677424,-2.2312614683145924
0.24,0.06266661678215227,-6.23364051433599,0.37399735713739773,-0.8980251580888176,-2.2383157988071427
0.241,0.05642819243674094,-6.24304398730677,0.37305546368849085,-0.9418934489068715,-2.2383157988071427
0.242,0.05018085742560749,-6.251461611260292,0.37206974581705676,-0.9857178714341075,-2.2383157988071427
0.243,0.043925598275371576,-6.258892056956154,0.37104024734751795,-1.0294984695388163,-2.2383157988071427
0.244,0.03766340276396652,-6.265334151040844,0.36996701206047256,-1.0732352870454203,-2.2383157988071427
0.245,0.03139525976465679,-6.270786876233027,0.3688501218290872,-1.116890231385333,-2.236408981347913
0.246,0.02512215908988483,-6.275249371484185,0.3676896203083063,-1.160501520780906,-2.236408981347913
0.247,0.018845091334967267,-6.278720932114587,0.3664855511094192,-1.2040691988870833,-2.236408981347913
0.248,0.012565047721668906,-6.281201009924566,0.36523795780010404,-1.2475933093151546,-2.236408981347913
0.249,0.006283019941676418,-6.2826892132810865,0.3639468839044712,-1.2910738956327976,-2.236408981347913
0.25,6.123233995736766e-17,-6.283185307179586,0.3626125905389086,-1.3342933655626243,-2.2255271912729793
0.251,-0.006283019941676296,-6.2826892132810865,0.36123512092288607,-1.3774696160225213,-2.2255271912729793
0.252,-0.012565047721668785,-6.281201009924566,0.3598145182326541,-1.4206026902319584,-2.2255271912729793
0.253,-0.018845091334967146,-6.278720932114587,0.3583508256012869,-1.463692631367186,-2.2255271912729793
0.254,-0.02512215908988471,-6.275249371484185,0.3568440861187256,-1.5067394825612785,-2.2255271912729793
0.255,-0.03139525976465667,-6.270786876233027,0.3552947395174495,-1.549346601276083,-2.205692909868289
0.256,-0.037663402763966396,-6.265334151040844,0.35370282840457734,-1.5919111128721728,-2.205692909868289
0.257,-0.04392559827537145,-6.258892056956154,0.3520683953446207,-1.6344330599566663,-2.205692909868289
0.258,-0.050180857425607364,-6.251461611260292,0.35039148285952665,-1.6769124850940755,-2.205692909868289
0.259,-0.05642819243674082,-6.24304398730677,0.3486721334287203,-1.7193494308063473,-2.205692909868289
0.26,-0.06266661678215214,-6.233640514335991,0.3469109640508351,-1.7611693778851536,-2.176964825480638
0.261,-0.06889514534231911,-6.223252677265344,0.34510801654581824,-1.8029475050168813,-2.176964825480638
0.262,-0.07511279456037843,-6.211882116454724,0.34326333269179676,-1.8446838540214772,-2.176964825480638
0.263,-0.08131858259744176,-6.199530627447493,0.3413769542251197,-1.8863784666770684,-2.176964825480638
0.264,-0.08751152948763805,-6.18620016068695,0.3394489228403997,-1.9280313847200041,-2.176964825480638
0.265,-0.09369065729286238,-6.171892821208327,0.33748003073524013,-1.9688921051595445,-2.139437591213021
0.266,-0.09985499025720362,-6.156610868306384,0.3354703187703615,-2.0097119648786452,-2.139437591213021
0.267,-0.10600355496102727,-6.140356715178638,0.33341982776562346,-2.050491004738027,-2.139437591213021
0.268,-0.1121353804746906,-6.123132928544291,0.3313285985000659,-2.0912292655575495,-2.139437591213021
0.269,-0.1182494985118624,-6.104942228238919,0.32919667171194966,-2.1319267881162522,-2.139437591213021
0.27,-0.12434494358242751,-6.085787486784972,0.3270250120218177,-2.1716596901319236,-2.09324144018937
0.271,-0.13042075314494841,-6.0656717289381765,0.32481365916257215,-2.211352859245579,-2.09324144018937
0.272,-0.1364759677586626,-6.0445981312098835,0.32256265282738206,-2.251006335190121,-2.09324144018937
0.273,-0.1425096312349881,-6.022570021365467,0.3202720326697233,-2.290620157658718,-2.09324144018937
0.274,-0.14852079078851754,-5.999590877898831,0.3179418383034185,-2.330194366304847,-2.09324144018937
0.275,-0.15450849718747386,-5.975664329483111,0.31557320329828126,-2.3686350051372473,-2.038541659935264
0.276,-0.16047180490360474,-5.950794154397668,0.31316616609495046,-2.407037203330815,-2.038541659935264
0.277,-0.16640977226149337,-5.92498427993145,0.3107207650956243,-2.4454009993261896,-2.038541659935264
0.278,-0.1723214615872586,-5.898238781762835,0.30823703866409874,-2.4837264315255685,-2.038541659935264
0.279,-0.1782059393566255,-5.870561883316025,0.305715025125806,-2.522013538292748,-2.038541659935264
0.28,-0.18406227634233915,-5.841957955094128,0.303156022842492,-2.559002283313989,-1.9755379279767042
0.281,-0.18988954776090058,-5.812431513988998,0.30056006880290176,-2.595954039590209,-1.9755379279767042
0.28200000000000003,-0.1956868334186013,-5.781987222567964,0.2979271999587916,-2.632868844110153,-1.9755379279767042
0.28300000000000003,-0.20145321785683146,-5.7506298883375635,0.295257453224966,-2.669746733825577,-1.9755379279767042
0.28400000000000003,-0.20718779049664224,-5.718364462984379,0.2925508654793147,-2.7065877456512855,-1.9755379279767042
0.28500000000000003,-0.21288964578253633,-5.685196041593106,0.28980889505118296,-2.741970428131759,-1.9044635113062482
0.28600000000000003,-0.21855788332546652,-5.651129861841982,0.2870315773232532,-2.7773177279297525,-1.9044635113062482
0.28700000000000003,-0.22419160804501623,-5.616171303175697,0.28421894764282524,-2.8126296804279476,-1.9044635113062482
0.28800000000000003,-0.22978993031074407,-5.580325885955917,0.2813710413218516,-2.8479063209736446,-1.9044635113062482
0.289,-0.2353519660826661,-5.543599270589557,0.2784878936369728,-2.883147684878796,-1.9044635113062482
0.29,-0.2408768370508575,-5.505997256634927,0.27557111741312085,-2.916776223851967,-1.8255843329024999
0.291,-0.2463636707741457,-5.46752578188593,0.2726207462788347,-2.9503711342861654,-1.8255843329024999
0.292,-0.2518116008178802,-5.428190921434405,0.26963681382902477,-2.983932449809929,-1.8255843329024999
0.293,-0.25721976689075304,-5.387998886710798,0.2666193536250066,-3.0174602040181693,-1.8255843329024999
0.294,-0.2625873149806477,-5.346956024503315,0.2635683991945344,-3.050954430472201,-1.8255843329024999
0.295,-0.2679133974894982,-5.305068815955682,0.26048571176031243,-3.0826874342219908,-1.7391979090131096
0.296,-0.2731971733671345,-5.262343875543701,0.2573713230553444,-3.114388704968031,-1.7391979090131096
0.297,-0.2784378082440938,-5.218787950030748,0.2542252647809011,-3.146058274443325,-1.7391979090131096
0.298,-0.2836344745633781,-5.174407917402375,0.2510475686065519,-3.1776961743491436,-1.7391979090131096
0.299,-0.2887863517111337,-5.129210785780203,0.24783826617019686,-3.2093024363550566,-1.7391979090131096
0.3,-0.2938926261462365,-5.0832036923152595,0.24459926039304974,-3.23900577714712,-1.6456321614209275
0.301,-0.29895249152875925,-5.036393902060935,0.24133058097845136,-3.2686794145983917,-1.6456321614209275
0.302,-0.3039651488473025,-4.988788806825743,0.23803225760003915,-3.2983233784122117,-1.6456321614209275
0.303,-0.30892980654516705,-4.9403959240060775,0.23470431990177693,-3.327937698262218,-1.6456321614209275
0.304,-0.3138456806453502,-4.891222895399126,0.23134679749798456,-3.3575224037923745,-1.6456321614209275
0.305,-0.3187119948743448,-4.8412774859961365,0.22796172773440787,-3.385069763576698,-1.5452441094057874
0.306,-0.323527980784722,-4.790567582756241,0.22454913815840663,-3.412589576001237,-1.5452441094057874
0.307,-0.3282928778764781,-4.739101193361004,0.22110905628979327,-3.4400818686133516,-1.5452441094057874
0.308,-0.3330059337171257,-4.686886444949932,0.21764150962086043,-3.467546668932854,-1.5452441094057874
0.309,-0.3376664040605122,-4.633931582837092,0.2141465256164084,-3.494984004452037,-1.5452441094057874
0.31,-0.34227355296434436,-4.580244969209083,0.21062626822702904,-3.5202573893793576,-1.4384184465886192
0.311,-0.34682665290640236,-4.525835081804552,0.2070807627261073,-3.5455055009217507,-1.4384184465886192
0.312,-0.35132498489942454,-4.470710512575459,0.2035100343617547,-3.5707283643526013,-1.4384184465886192
0.313,-0.3557678386046426,-4.41487996633031,0.19991410835683468,-3.5959260049200212,-1.4384184465886192
0.314,-0.36015451244395347,-4.358352259359564,0.1962930099089878,-3.6210984478468737,-1.4384184465886192
0.315,-0.36448431371070567,-4.301136318043446,0.1926490212394228,-3.643988669564994,-1.3255660082983587
0.316,-0.36875655867908685,-4.243241177442353,0.1889821652383614,-3.666856001061396,-1.3255660082983587
0.317,-0.37297057271209105,-4.1846759798701285,0.1852924647731351,-3.6897004652263017,-1.3255660082983587
0.318,-0.3771256903680519,-4.1254499734503804,0.18157994268820807,-3.7125220849270426,-1.3255660082983587
0.319,-0.38122125550572394,-4.065572510656091,0.1778446218052,-3.735320883008083,-1.3255660082983587
0.32,-0.3852566213878947,-4.005053046832757,0.17408889380036424,-3.7557280048357464,-1.2071221355335917
0.321,-0.3892311507835118,-3.943901138705281,0.17031277908082265,-3.7761147195415825,-1.2071221355335917
0.322,-0.3931442160683093,-3.8821264428688553,0.16651629803328993,-3.796481047532713,-1.2071221355335917
0.323,-0.3969951993239175,-3.8197387142640586,0.16269947102409407,-3.816827009195852,-1.2071221355335917
0.324,-0.4007834924354382,-3.756747804636463,0.15886231839919673,-3.8371526248973282,-1.2071221355335917
0.325,-0.40450849718747367,-3.693163660980914,0.15500733202808434,-3.8549863711123993,-1.0835449419984164
0.326,-0.40816962535859197,-3.6289963239707848,0.1511345297445031,-3.872802283581255,-1.0835449419984164
0.327,-0.4117662988142137,-3.56425592637244,0.14724392936436545,-3.890600380137642,-1.0835449419984164
0.328,-0.41529794959790634,-3.498952691445156,0.14333554868576798,-3.9083806785974726,-1.0835449419984164
0.329,-0.41876402002107094,-3.4330969313267468,0.13940940548900912,-3.9261431967588436,-1.0835449419984164
0.33,-0.42216396275100765,-3.3666990454051584,0.13546808216562556,-3.941323323383563,-0.955313491073928
0.331,-0.42549724089734603,-3.2997695186762868,0.1315115938957439,-3.956488269881658,-0.955313491073928
0.332,-0.42876332809682605,-3.2323189200882796,0.12753995584431066,-3.971638051433255,-0.955313491073928
0.333,-0.4319617085964176,-3.164357900872556,0.12355318316110736,-3.9867726832033004,-0.955313491073928
0.334,-0.4350918773347628,-3.0958971928618837,0.11955129098076578,-4.001892180341575,-0.955313491073928
0.335,-0.4381533400219318,-3.02694760679568,0.11553694217480572,-4.014348805960066,-0.8229258899416267
0.336,-0.4411456132174767,-2.9575200306128737,0.11151014919985278,-4.026792974952938,-0.8229258899416267
0.337,-0.4440682244067723,-2.8876254277325732,0.10747092450007596,-4.039224699776818,-0.8229258899416267
0.338,-0.44692071207563194,-2.8172748353228183,0.10341928050720009,-4.051643992875873,-0.8229258899416267
0.339,-0.4497026257831856,-2.7464793625576798,0.09935522964051827,-4.06405086668183,-0.8229258899416267
0.34,-0.4524135262330099,-2.6752501888629947,0.0952815048785351,-4.0737247619831765,-0.6868973084014056
0.341,-0.4550529853424978,-2.603598562151009,0.09119811589514587,-4.083388983389221,-0.6868973084014056
0.342,-0.45762058631045877,-2.5315357970441825,0.08710507235457202,-4.09304354057386,-0.6868973084014056
0.343,-0.4601159236829352,-2.4590732730885088,0.0830023839113707,-4.102688443201314,-0.6868973084014056
0.34400000000000003,-0.462538603417229,-2.386222432956533,0.07889006021044456,-4.112323700926141,-0.6868973084014056
0.34500000000000003,-0.46488824294412573,-2.312994780640425,0.07477089367461488,-4.119166535829684,-0.5477579302234258
0.34600000000000003,-0.46716447122830607,-2.2394018796353676,0.07064489114671656,-4.126002527898322,-0.5477579302234258
0.34700000000000003,-0.4693669288269371,-2.165455351113546,0.06651205946274166,-4.132831683974892,-0.5477579302234258
0.34800000000000003,-0.4714952679464323,-2.091166872089029,0.062372405451846274,-4.139654010895386,-0.5477579302234258
0.34900000000000003,-0.4735491524973722,-2.0165481735738333,0.05822593593635732,-4.146469515488959,-0.5477579302234258
0.35000000000000003,-0.47552825814757677,-1.9416110387254675,0.05407549187348107,-4.150444062876247,-0.4060508451388207
0.35100000000000003,-0.4774322723733215,-1.8663673009862125,0.04992107723776492,-4.154414635716146,-0.4060508451388207
0.352,-0.4792608945086878,-1.790828842214521,0.045762695999781715,-4.158381237983207,-0.4060508451388207
0.353,-0.48101383579304285,-1.7150075908086921,0.041600352126133715,-4.162343873648,-0.4060508451388207
0.354,-0.4826908194166369,-1.6389155198232759,0.037434049579456584,-4.166302546677128,-0.4060508451388207
0.355,-0.4842915805643155,-1.562564645078368,0.033266666737529975,-4.167382841926609,-0.26232988980791594
0.356,-0.48581586645733693,-1.4859670232621782,0.029098204680649133,-4.168462056880841,-0.26232988980791594
0.357,-0.48726343639328856,-1.4091347500271392,0.024928664488029016,-4.1695401926201185,-0.26232988980791594
0.358,-0.4886340617840967,-1.3320799580798626,0.02075804723780536,-4.170617250223657,-0.26232988980791594
0.359,-0.48992752619212343,-1.2548148152652443,0.01658635400703577,-4.171693230769591,-0.26232988980791594
0.36,-0.49114362536434436,-1.1773515226450209,0.01241648932057084,-4.16986468646493,-0.11715744630538905
0.361,-0.4922821672646027,-1.09970231257108,0.008248451349866268,-4.168037970704573,-0.11715744630538905
0.362,-0.49334297210393396,-1.0218794467538361,0.004082238268206292,-4.166213081659976,-0.11715744630538905
0.363,-0.494325872368957,-0.9438952143259418,-8.215174929813128e-05,-4.164390017504424,-0.11715744630538905
0.364,-0.4952307128483256,-0.865761929901725,-0.004244720525711159,-4.1625687764130275,-0.11715744630538905
0.365,-0.4960573506572389,-0.7874919316325459,-0.008402548777484352,-4.157828251773193,0.028897793171089092
0.366,-0.4968056552600042,-0.7090975792584662,-0.01255564124514235,-4.153092467657998,0.028897793171089092
0.367,-0.4974755084906501,-0.6305912521565016,-0.016704002664469267,-4.148361419326918,0.028897793171089092
0.368,-0.49806680457158625,-0.5519853473857756,-0.020847637766513438,-4.143635102044169,0.028897793171089092
0.369,-0.49857945013030697,-0.4732922777298805,-0.024986551277592143,-4.138913511078703,0.028897793171089092
0.37,-0.4990133642141358,-0.3945244697367536,-0.029117820613429178,-4.131269335837035,0.17526308652949762
0.371,-0.49936847830300873,-0.3156943617563881,-0.033241453418199784,-4.123632804770608,0.17526308652949762
0.372,-0.4996447363202946,-0.23681440197665052,-0.03735745732843503,-4.116003910235247,0.17526308652949762
0.373,-0.49984209464164997,-0.1578970464576012,-0.04146583997302945,-4.108382644594422,0.17526308652949762
0.374,-0.49996052210190806,-0.07895475716451561,-0.04556660897324869,-4.100769000219238,0.17526308652949762
0.375,-0.5,-1.1542024162330739e-15,-0.049656849926107464,-4.090240952858773,0.3213639180122685
0.376,-0.49996052210190806,0.0789547571645133,-0.053736573359653136,-4.079723433545669,0.3213639180122685
0.377,-0.49984209464164997,0.1578970464575989,-0.057805789791405014,-4.069216431751878,0.3213639180122685
0.378,-0.4996447363202946,0.23681440197664821,-0.061864509728364894,-4.05871993695988,0.3213639180122685
0.379,-0.49936847830300873,0.31569436175638577,-0.06591274366702757,-4.048233938662675,0.3213639180122685
0.38,-0.4990133642141358,0.39452446973675126,-0.06994759684612306,-4.0348531790955,0.4666262814256117
0.381,-0.49857945013030697,0.4732922777298782,-0.07396908264641096,-4.021485800287892,0.4666262814256117
0.382,-0.49806680457158625,0.5519853473857734,-0.07797721443527005,-4.008131788859092,0.4666262814256117
0.383,-0.4974755084906501,0.6305912521564994,-0.08197200556671176,-3.9947911314417213,0.4666262814256117
0.384,-0.4968056552600042,0.709097579258464,-0.08595346938139353,-3.981463814681767,0.4666262814256117
0.385,-0.49605735065723894,0.7874919316325437,-0.08991874215303376,-3.965272771640233,0.6104789613426025
0.386,-0.4952307128483256,0.8657619299017227,-0.0938678400726755,-3.949097919641741,0.6104789613426025
0.387,-0.494325872368957,0.9438952143259395,-0.09780077931517074,-3.932939242495247,0.6104789613426025
0.388,-0.493342972103934,1.021879446753834,-0.10171757603919664,-3.9167967240259,0.6104789613426025
0.389,-0.4922821672646027,1.0997023125710779,-0.10561824638727166,-3.900670348075022,0.6104789613426025
0.39,-0.49114362536434436,1.1773515226450186,-0.10949996894893337,-3.8817225616617095,0.7523558032618667
0.391,-0.4899275261921235,1.2548148152652419,-0.11336276267196818,-3.8627937230348106,0.7523558032618667
0.392,-0.48863406178409674,1.3320799580798601,-0.11720664648521471,-3.8438838132465385,0.7523558032618667
0.393,-0.48726343639328856,1.409134750027137,-0.12103163929858277,-3.8249928133680546,0.7523558032618667
0.394,-0.485815866457337,1.485967023262176,-0.12483776000307222,-3.8061207044894494,0.7523558032618667
0.395,-0.48429158056431554,1.5625646450783657,-0.1286222406275822,-3.7844806245100027,0.8916979637478577
0.396,-0.4826908194166369,1.6389155198232734,-0.13238510281219273,-3.7628621846105355,0.8916979637478577
0.397,-0.4810138357930429,1.7150075908086901,-0.1361263681753437,-3.741265363150968,0.8916979637478577
0.398,-0.47926089450868786,1.790828842214519,-0.13984605831385657,-3.71969013851286,0.8916979637478577
0.399,-0.47743227237332153,1.8663673009862105,-0.14354419480295597,-3.6981364890993897,0.8916979637478577
0.4,-0.4755282581475768,1.9416110387254653,-0.1472180740329331,-3.673879229977126,1.0279561316582146
0.401,-0.47354915249737217,2.0165481735738364,-0.15086772026104708,-3.6496462281139848,1.0279561316582146
0.402,-0.4714952679464322,2.091166872089032,-0.15449315772029978,-3.6254374592527063,1.0279561316582146
0.403,-0.46936692882693704,2.165455351113549,-0.15809441061946009,-3.6012528991602895,1.0279561316582146
0.404,-0.46716447122830596,2.2394018796353707,-0.16167150314308806,-3.577092523627965,1.0279561316582146
0.405,-0.4648882429441256,2.312994780640428,-0.16522180671995884,-3.550303576870768,1.1605927116784427
0.406,-0.46253860341722897,2.3862224329565356,-0.16874534813901917,-3.5235414190603285,1.1605927116784427
0.40700000000000003,-0.4601159236829351,2.459073273088512,-0.17224215416242689,-3.496806023407699,1.1605927116784427
0.40800000000000003,-0.4576205863104588,2.5315357970441807,-0.1757122515255776,-3.470097363150723,1.1605927116784427
0.40900000000000003,-0.4550529853424979,2.603598562151007,-0.17915566693713159,-3.443415411554003,1.1605927116784427
0.41000000000000003,-0.4524135262330098,2.6752501888629974,-0.18256985725404337,-3.414190316911782,1.2890839615333436
0.41100000000000003,-0.4497026257831855,2.746479362557683,-0.18595485170140758,-3.3849944473642037,1.2890839615333436
0.41200000000000003,-0.44692071207563183,2.817274835322821,-0.18931067947509375,-3.3558277736861726,1.2890839615333436
0.41300000000000003,-0.4440682244067722,2.8876254277325764,-0.19263736974177556,-3.3266902666818194,1.2890839615333436
0.41400000000000003,-0.44114561321747653,2.9575200306128764,-0.19593495163896002,-3.297581897184471,1.2890839615333436
0.41500000000000004,-0.4381533400219317,3.026947606795683,-0.19920097751275875,-3.2660258737987244,1.4129220744281028
0.41600000000000004,-0.4350918773347627,3.095897192861887,-0.2024354789191951,-3.2345014064363635,1.4129220744281028
0.417,-0.4319617085964177,3.1643579008725538,-0.20563848738273646,-3.203008463541365,1.4129220744281028
0.418,-0.42876332809682616,3.2323189200882774,-0.20881003439632573,-3.1715470135892616,1.4129220744281028
0.419,-0.42549724089734614,3.2997695186762845,-0.21195015142141282,-3.14011702508711,1.4129220744281028
0.42,-0.42216396275100776,3.366699045405156,-0.21505649598550508,-3.1063445640922533,1.53161719848849
0.421,-0.41876402002107105,3.4330969313267445,-0.21812910186106346,-3.0726058755583914,1.53161719848849
0.422,-0.41529794959790645,3.4989526914451545,-0.22116800278677654,-3.038900925713063,1.53161719848849
0.423,-0.41176629881421384,3.5642559263724385,-0.2241732324675941,-3.00522968081758,1.53161719848849
0.424,-0.4081696253585921,3.6289963239707825,-0.2271448245747611,-2.971592107166993,1.53161719848849
0.425,-0.4045084971874738,3.693163660980912,-0.23008055110211653,-2.935726527355447,1.644699385218946
0.426,-0.4007834924354383,3.7567478046364617,-0.23298044791524025,-2.899896813123713,1.644699385218946
0.427,-0.3969951993239177,3.8197387142640564,-0.23584455084384645,-2.86410292860621,1.644699385218946
0.428,-0.3931442160683094,3.882126442868853,-0.23867289568181968,-2.828344837973225,1.644699385218946
0.429,-0.38923115078351195,3.943901138705279,-0.24146551818725057,-2.792622505430873,1.644699385218946
0.43,-0.3852566213878948,4.005053046832756,-0.24422031366099045,-2.754795473739886,1.7517204592778
0.431,-0.3812212555057241,4.065572510656089,-0.24693731993007104,-2.7170062690805903,1.7517204592778
0.432,-0.377125690368052,4.125449973450379,-0.24961657478369698,-2.6792548536259537,1.7517204592778
0.433,-0.37297057271209116,4.184675979870127,-0.25225811597328374,-2.6415411895867718,1.7517204592778
0.434,-0.368756558679087,4.243241177442351,-0.25486198121249537,-2.603865239211629,1.7517204592778
0.435,-0.3644843137107058,4.3011363180434445,-0.25742619747042417,-2.5642162579288152,1.852255802180101
0.436,-0.3601545124439534,4.358352259359565,-0.25995080439605145,-2.5246069256272845,1.852255802180101
0.437,-0.3557678386046426,4.41487996633031,-0.26243584159870953,-2.4850372026580554,1.852255802180101
0.438,-0.3513249848994248,4.470710512575455,-0.26488134864812135,-2.445507049411795,1.852255802180101
0.439,-0.3468266529064027,4.52583508180455,-0.2672873650744401,-2.4060164263187813,1.852255802180101
0.44,-0.3422735529643445,4.580244969209081,-0.26965205736347503,-2.3646922890348914,1.94590604287855
0.441,-0.3376664040605123,4.633931582837091,-0.2719754668393633,-2.3234094758882855,1.94590604287855
0.442,-0.3330059337171259,4.6868864449499315,-0.2742576347849181,-2.2821679455548263,1.94590604287855
0.443,-0.32829287787647826,4.739101193361003,-0.2764986024416698,-2.2409676567517005,1.94590604287855
0.444,-0.32352798078472217,4.790567582756239,-0.27869841100990717,-2.199808568237378,1.94590604287855
0.445,-0.3187119948743448,4.841277485996137,-0.28085537379660547,-2.156962786698317,2.032298648541179
0.446,-0.3138456806453501,4.891222895399126,-0.2829695336475463,-2.1141598509407955,2.032298648541179
0.447,-0.3089298065451674,4.940395924006075,-0.2850409333656653,-2.0713997181190313,2.032298648541179
0.448,-0.30396514884730286,4.98878880682574,-0.2870696157110954,-2.028682345430089,2.032298648541179
0.449,-0.2989524915287596,5.036393902060932,-0.2890556234012092,-1.9860076901138353,2.032298648541179
0.45,-0.2938926261462367,5.0832036923152595,-0.29099742329544814,-1.941799894238948,2.1110894092386734
0.451,-0.28878635171113387,5.129210785780202,-0.29289505960160805,-1.8976363061599357,2.1110894092386734
0.452,-0.28363447456337826,5.174407917402373,-0.29474857648327707,-1.8535168816690024,2.1110894092386734
0.453,-0.278437808244094,5.218787950030747,-0.29655801805987964,-1.80944157660256,2.1110894092386734
0.454,-0.27319717336713445,5.262343875543702,-0.2983234284067208,-1.765410346841184,2.1110894092386734
0.455,-0.26791339748949816,5.305068815955682,-0.3000434340670017,-1.7200056602808727,2.181963810673505
0.456,-0.2625873149806477,5.346956024503315,-0.3017180804454088,-1.6746463784071217,2.181963810673505
0.457,-0.2572197668907534,5.387998886710795,-0.3033474129012241,-1.6293324558152444,2.181963810673505
0.458,-0.2518116008178805,5.4281909214344015,-0.30493147674837,-1.5840638471459592,2.181963810673505
0.459,-0.24636367077414584,5.467525781885929,-0.30647031725545537,-1.538840507085343,2.181963810673505
0.46,-0.24087683705085766,5.5059972566349265,-0.30796272615624315,-1.4924089007877521,2.244638289525276
0.461,-0.23535196608266626,5.543599270589556,-0.30940874988233963,-1.4460237260964588,2.244638289525276
0.462,-0.22978993031074385,5.580325885955918,-0.3108084348189195,-1.3996849365798567,2.244638289525276
0.463,-0.224191608045016,5.6161713031756975,-0.31216182730477227,-1.3533924858527713,2.244638289525276
0.464,-0.21855788332546627,5.651129861841983,-0.31346897363234866,-1.307146327576413,2.244638289525276
0.465,-0.2128896457825361,5.685196041593107,-0.31472883558626846,-1.259861953919827,2.298861366450481
0.466,-0.2071877904966422,5.718364462984379,-0.3159414604509054,-1.2126248646368976,2.298861366450481
0.467,-0.20145321785683143,5.750629888337564,-0.31710689546334864,-1.165435012443251,2.298861366450481
0.468,-0.19568683341860124,5.781987222567964,-0.31822518781345044,-1.1182923501017983,2.298861366450481
0.46900000000000003,-0.18988954776090056,5.812431513988998,-0.3192963846438731,-1.0711968304226869,2.298861366450481
0.47000000000000003,-0.18406227634233893,5.84195795509413,-0.3203196219844202,-1.023237340547102,2.3444146522581133
0.47100000000000003,-0.17820593935662524,5.870561883316026,-0.3212949477945816,-0.9753258101613926,2.3444146522581133
0.47200000000000003,-0.17232146158725836,5.898238781762835,-0.3222224099858877,-0.927462191306069,2.3444146522581133
0.47300000000000003,-0.16640977226149312,5.924984279931452,-0.3231020564219573,-0.8796464360696007,2.3444146522581133
0.47400000000000003,-0.1604718049036045,5.950794154397669,-0.32393393491854566,-0.8318784965883689,2.3444146522581133
0.47500000000000003,-0.15450849718747384,5.975664329483111,-0.32471735926217177,-0.7834243436261088,2.3811137232835877
0.47600000000000003,-0.14852079078851751,5.999590877898831,-0.32545237790698855,-0.7350186448168109,2.3811137232835877
0.47700000000000004,-0.14250963123498808,6.022570021365467,-0.32613903925869486,-0.6866613517063224,2.3811137232835877
0.47800000000000004,-0.13647596775866258,6.0445981312098835,-0.3267773916745838,-0.6383524158889443,2.3811137232835877
0.47900000000000004,-0.1304207531449484,6.0656717289381765,-0.3273674834635912,-0.5900917890073836,2.3811137232835877
0.48,-0.12434494358242767,6.085787486784972,-0.32790880898355956,-0.5413255199683755,2.408808862500034
0.481,-0.11824949851186257,6.104942228238919,-0.328401417000758,-0.49260801719840647,2.408808862500034
0.482,-0.11213538047469078,6.12313292854429,-0.3288453562326892,-0.4439392319312074,2.408808862500034
0.483,-0.10600355496102745,6.140356715178637,-0.32924067534813845,-0.3953191154492755,2.408808862500034
0.484,-0.0998549902572036,6.156610868306384,-0.32958742296722227,-0.34674761908382556,2.408808862500034
0.485,-0.09369065729286234,6.171892821208328,-0.3298852761254183,-0.29785315819601443,2.4273856634363655
0.486,-0.087511529487638,6.18620016068695,-0.3301342837171874,-0.2490075917690911,2.4273856634363655
0.487,-0.08131858259744217,6.199530627447492,-0.330334494588096,-0.20021087090859468,2.4273856634363655
0.488,-0.07511279456037884,6.211882116454723,-0.3304859575348649,-0.15146294676895877,2.4273856634363655
0.489,-0.06889514534231929,6.223252677265344,-0.3305887213054184,-0.1027637705534625,2.4273856634363655
0.49,-0.06266661678215232,6.23364051433599,-0.33064264700231105,-0.05392569689264169,2.4367654945133674
0.491,-0.056428192436741,6.24304398730677,-0.3306477834636165,-0.005136461305481704,2.4367654945133674
0.492,-0.050180857425607545,6.251461611260292,-0.3306041794785704,0.04360398504609112,2.4367654945133674
0.493,-0.04392559827537164,6.258892056956154,-0.3305118837876191,0.09229569095131238,2.4367654945133674
0.494,-0.03766340276396636,6.265334151040844,-0.33037094508246845,0.1409387051506284,2.4367654945133674
0.495,-0.03139525976465663,6.270786876233027,-0.3301814091995838,0.18953588288468462,2.4369058219603428
0.496,-0.02512215908988511,6.275249371484185,-0.3299433247361428,0.23808446344100678,2.4369058219603428
0.497,-0.01884509133496755,6.278720932114587,-0.329656740240726,0.2865844954167726,2.4369058219603428
0.498,-0.012565047721668969,6.281201009924566,-0.32932170421336543,0.3350360273605627,2.4369058219603428
0.499,-0.00628301994167648,6.2826892132810865,-0.32893826510559304,0.38343910777240897,2.4369058219603428
0.5,-1.2246467991473532e-16,6.283185307179586,-0.3285066534291277,0.43161167646530335,2.427800390033339
0.501,0.006283019941676234,6.2826892132810865,-0.3280269173565382,0.47973607258950485,2.427800390033339
0.502,0.012565047721668722,6.281201009924566,-0.3274991050122206,0.5278123443175822,2.427800390033339
0.503,0.018845091334967305,6.278720932114587,-0.3269232644724467,0.5758405397739313,2.427800390033339
0.504,0.02512215908988487,6.275249371484185,-0.32629944376541187,0.6238207070348242,2.427800390033339
0.505,0.03139525976465639,6.270786876233027,-0.3256280572939277,0.6713864714841813,2.4094792578195974
0.506,0.03766340276396611,6.265334151040844,-0.3249091526237586,0.7189046701690891,2.4094792578195974
0.507,0.043925598275371396,6.258892056956154,-0.32414277727310326,0.7663753506553119,2.4094792578195974
0.508,0.0501808574256073,6.251461611260292,-0.3233289787126422,0.8137985604610486,2.4094792578195974
0.509,0.05642819243674076,6.24304398730677,-0.32246780436558525,0.8611743470569795,2.4094792578195974
0.51,0.06266661678215209,6.233640514335991,-0.32155985101902573,0.9079533465595061,2.382008692479178
0.511,0.06889514534231905,6.223252677265344,-0.3206051654519632,0.9546855670625302,2.382008692479178
0.512,0.0751127945603786,6.211882116454723,-0.3196037943966182,1.0013710553450512,2.382008692479178
0.513,0.08131858259744192,6.199530627447493,-0.3185557845384789,1.0480098581392898,2.382008692479178
0.514,0.08751152948763775,6.18620016068695,-0.31746118251634814,1.094602022130734,2.382008692479178
0.515,0.0936906572928621,6.171892821208328,-0.3163207652778527,1.1404172384954372,2.3454909193416986
0.516,0.09985499025720335,6.156610868306385,-0.31513457863820893,1.1861866396437757,2.3454909193416986
0.517,0.10600355496102722,6.140356715178638,-0.31390266836681796,1.231910271390966,2.3454909193416986
0.518,0.11213538047469054,6.123132928544291,-0.31262508018731155,1.277588179506409,2.3454909193416986
0.519,0.11824949851186234,6.10494222823892,-0.31130185977759783,1.3232204097137366,2.3454909193416986
0.52,0.12434494358242744,6.085787486784972,-0.309933961313697,1.3678984639008513,2.300063729841421
0.521,0.13042075314494855,6.0656717289381765,-0.30852142947366323,1.412531840033779,2.300063729841421
0.522,0.13647596775866278,6.044598131209883,-0.30706430889087266,1.4571205827905735,2.300063729841421
0.523,0.14250963123498828,6.022570021365467,-0.30556264415406803,1.5016647368046114,2.300063729841421
0.524,0.1485207907885173,5.999590877898832,-0.3040164798074034,1.5461643466646353,2.300063729841421
0.525,0.1545084971874736,5.975664329483112,-0.30242694362610867,1.5895361812946767,2.245899948835297
0.526,0.1604718049036047,5.950794154397668,-0.3007940789820186,1.632864644090088,2.245899948835297
0.527,0.1664097722614933,5.924984279931451,-0.29911792920359587,1.676149778422704,2.245899948835297
0.528,0.17232146158725856,5.898238781762835,-0.2973985375759749,1.7193916276209873,2.245899948835297
0.529,0.17820593935662543,5.870561883316026,-0.29563594734100485,1.7625902349700722,2.245899948835297
0.53,0.1840622763423391,5.841957955094129,-0.29383145556100165,1.8044917800031801,2.1832067634039047
0.531,0.18988954776090072,5.812431513988997,-0.2919851041375104,1.846351423491255,2.1832067634039047
0.532,0.19568683341860144,5.781987222567963,-0.2900969349301745,1.8881692073358418,2.1832067634039047
0.533,0.2014532178568312,5.750629888337565,-0.28816698975677796,1.929945173396584,2.1832067634039047
0.534,0.207187790496642,5.718364462984381,-0.2861953103932867,1.9716793634912655,2.1832067634039047
0.535,0.21288964578253627,5.685196041593107,-0.2841833582108433,2.011952182443418,2.1122249157821984
0.536,0.21855788332546647,5.651129861841982,-0.2821311734822667,2.0521847285766186,2.1122249157821984
0.537,0.2241916080450162,5.6161713031756975,-0.280038796440103,2.092377042163686,2.1122249157821984
0.538,0.22978993031074402,5.580325885955917,-0.27790626727666584,2.132529163437166,2.1122249157821984
0.539,0.23535196608266643,5.543599270589555,-0.2757336261440765,2.172641132589373,2.1122249157821984
0.54,0.24087683705085783,5.505997256634925,-0.2735224930973476,2.2111330467288544,2.0332277636035343
0.541,0.24636367077414603,5.467525781885928,-0.27127290662839343,2.2495864689541962,2.0332277636035343
0.542,0.25181160081788034,5.428190921434404,-0.2689849051906361,2.2880014377573126,2.0332277636035343
0.543,0.25721976689075315,5.387998886710797,-0.2666585271990445,2.326377991591626,2.0332277636035343
0.544,0.26258731498064786,5.346956024503314,-0.26429381103017235,2.3647161688721052,2.0332277636035343
0.545,0.26791339748949833,5.305068815955681,-0.26189252917324585,2.4012818569265213,1.9465202111644142
0.546,0.2731971733671346,5.2623438755437,-0.25945471819395294,2.437810979292883,1.9465202111644142
0.547,0.27843780824409414,5.2187879500307455,-0.2569804146214161,2.4743035725368783,1.9465202111644142
0.548,0.2836344745633784,5.174407917402372,-0.25446965494822843,2.51075967318763,1.9465202111644142
0.549,0.288786351711134,5.1292107857802005,-0.2519224756304907,2.5471793177377307,1.9465202111644142
0.55,0.2938926261462368,5.083203692315258,-0.24934079474175216,2.581680888738527,1.852437515926713
0.551,0.29895249152875975,5.036393902060931,-0.24672464678358383,2.616147958168323,1.852437515926713
0.552,0.3039651488473027,4.988788806825742,-0.24407406622305514,2.650580560528689,1.852437515926713
0.553,0.3089298065451672,4.9403959240060775,-0.24138908749276844,2.6849787302866943,1.852437515926713
0.554,0.3138456806453503,4.8912228953991255,-0.2386697449908935,2.7193425018749418,1.852437515926713
0.555,0.318711994874345,4.841277485996135,-0.2359180949520211,2.7516500388724037,1.751343974966835
0.556,0.3235279807847223,4.790567582756238,-0.23313416968368822,2.783925268332868,1.751343974966835
0.557,0.32829287787647843,4.739101193361002,-0.23031800146112436,2.8161682225638716,1.751343974966835
0.558,0.333005933717126,4.68688644494993,-0.2274696225272837,2.8483789338406442,1.751343974966835
0.559,0.33766640406051246,4.633931582837089,-0.22458906509287757,2.8805574344061404,1.751343974966835
0.56,0.34227355296434464,4.58024496920908,-0.22167851558597473,2.9105495069028406,1.6436314965553263
0.561,0.34682665290640247,4.525835081804551,-0.21873800399864768,2.940511587327044,1.6436314965553263
0.562,0.35132498489942465,4.470710512575458,-0.21576756029297686,2.9704437056708235,1.6436314965553263
0.5630000000000001,0.3557678386046428,4.414879966330308,-0.2127672144010806,3.0003458918962593,1.6436314965553263
0.5640000000000001,0.3601545124439536,4.358352259359563,-0.20973699622514513,3.0302181759354694,1.6436314965553263
0.5650000000000001,0.36448431371070594,4.301136318043443,-0.20667921390613553,3.0577823190096156,1.5297180625040943
0.5660000000000001,0.36875655867908713,4.243241177442349,-0.20359389500819483,3.085318897940688,1.5297180625040943
0.5670000000000001,0.3729705727120913,4.184675979870125,-0.200481067067902,3.112827940292829,1.5297180625040943
0.5680000000000001,0.37712569036805216,4.125449973450377,-0.1973407575942994,3.1403094736026183,1.5297180625040943
0.5690000000000001,0.3812212555057242,4.065572510656088,-0.1941729940689203,3.1677635253790974,1.5297180625040943
0.5700000000000001,0.3852566213878946,4.005053046832758,-0.1909801973853196,3.192796683600713,1.410046087349728
0.5710000000000001,0.3892311507835118,3.943901138705282,-0.1877623925766555,3.217804808664107,1.410046087349728
0.5720000000000001,0.3931442160683095,3.8821264428688513,-0.18451960465105308,3.2427879256024372,1.410046087349728
0.5730000000000001,0.3969951993239178,3.819738714264054,-0.18125185859162923,3.2677460594238292,1.410046087349728
0.5740000000000001,0.4007834924354384,3.7567478046364595,-0.17795917935651784,3.2926792351114,1.410046087349728
0.5750000000000001,0.4045084971874739,3.6931636609809106,-0.17464409118702456,3.315088169493265,1.2850806808488369
0.5760000000000001,0.4081696253585922,3.6289963239707803,-0.1713066164920838,3.3374746949407483,1.2850806808488369
0.577,0.41176629881421345,3.5642559263724456,-0.16794677765822102,3.3598388338627845,1.2850806808488369
0.578,0.41529794959790606,3.4989526914451616,-0.16456459704957513,3.3821806086458985,1.2850806808488369
0.579,0.41876402002107066,3.4330969313267516,-0.1611600970079209,3.4045000416542295,1.2850806808488369
0.58,0.42216396275100737,3.3666990454051633,-0.15773589530989546,3.424201698025438,1.1553078206431366
0.581,0.4254972408973458,3.299769518676292,-0.15429201165715517,3.443883652740275,1.1553078206431366
0.582,0.42876332809682605,3.2323189200882805,-0.15082846573165476,3.4635459255003975,1.1553078206431366
0.583,0.4319617085964176,3.1643579008725564,-0.147345277195667,3.4831885359877597,1.1553078206431366
0.584,0.43509187733476257,3.095897192861889,-0.14384246569180237,3.502811503864635,1.1553078206431366
0.585,0.43815334002193157,3.0269476067956855,-0.14032273235059547,3.519733341206906,1.0212324423067831
0.586,0.4411456132174764,2.957520030612879,-0.13678609409388365,3.5366382567118344,1.0212324423067831
0.587,0.44406822440677207,2.887625427732579,-0.13323256782658238,3.553526267301258,1.0212324423067831
0.588,0.4469207120756317,2.8172748353228236,-0.12966217043670228,3.5703973898800925,1.0212324423067831
0.589,0.4497026257831854,2.7464793625576855,-0.12607491879536592,3.587251641336348,1.0212324423067831
0.59,0.4524135262330097,2.675250188863,-0.12247358687658462,3.6013319187813067,0.8833764543147468
0.591,0.4550529853424978,2.6035985621510096,-0.1188581887606358,3.61539811594882,0.8833764543147468
0.592,0.4576205863104587,2.5315357970441834,-0.11522873851371662,3.6294502469191663,0.8833764543147468
0.593,0.46011592368293497,2.4590732730885145,-0.11158525018795808,3.643488325758542,0.8833764543147468
0.594,0.46253860341722886,2.3862224329565387,-0.107927737821439,3.6575123665190783,0.8833764543147468
0.595,0.46488824294412556,2.312994780640431,-0.10425903743357108,3.66870038786791,0.7422766857675351
0.596,0.4671644712283059,2.239401879635374,-0.10057916021237569,3.679877221195393,0.7422766857675351
0.597,0.4693669288269369,2.165455351113552,-0.09688811733468614,3.691042877689548,0.7422766857675351
0.598,0.47149526794643215,2.0911668720890346,-0.09318591996615892,3.702197368527209,0.7422766857675351
0.599,0.47354915249737206,2.016548173573839,-0.08947257926128489,3.7133407048740326,0.7422766857675351
0.6,0.47552825814757677,1.9416110387254684,-0.08575098224161627,3.7215970196686214,0.598482774973154
0.601,0.4774322723733215,1.8663673009862134,-0.08202113716346786,3.729845078148416,0.598482774973154
0.602,0.4792608945086878,1.790828842214522,-0.07828305227489812,3.7380848885697304,0.598482774973154
0.603,0.4810138357930428,1.7150075908086928,-0.0745367358157175,3.746316459180624,0.598482774973154
0.604,0.48269081941663683,1.6389155198232765,-0.0707821960174966,3.7545397982209066,0.598482774973154
0.605,0.4842915805643155,1.5625646450783686,-0.06702235965892948,3.759836358567103,0.45255500722086284
0.606,0.4858158664573369,1.4859670232621789,-0.06325723203657653,3.7651276223529533,0.45255500722086284
0.607,0.4872634363932885,1.4091347500271398,-0.05948681844170151,3.7704135948750177,0.45255500722086284
0.608,0.4886340617840967,1.3320799580798632,-0.05571112416027695,3.7756942814245598,0.45255500722086284
0.609,0.48992752619212343,1.2548148152652452,-0.0519301544729894,3.7809696872875524,0.45255500722086284
0.61,0.4911436253643443,1.1773515226450215,-0.04814686451318349,3.783289959805903,0.3050621102819083
0.611,0.49228216726460267,1.0997023125710808,-0.04436125660113176,3.785607912051735,0.3050621102819083
0.612,0.49334297210393396,1.0218794467538368,-0.040573333054786435,3.7879235463453216,0.3050621102819083
0.613,0.494325872368957,0.9438952143259425,-0.03678309618978182,3.7902368650046143,0.3050621102819083
0.614,0.4952307128483256,0.8657619299017256,-0.032990548319436576,3.7925478703452478,0.3050621102819083
0.615,0.4960573506572389,0.7874919316325468,-0.029198661416634884,3.7918869028016933,0.15657901633954074
0.616,0.4968056552600042,0.709097579258467,-0.025407434820409202,3.7912265962256826,0.15657901633954074
0.617,0.4974755084906501,0.6305912521565024,-0.021616867870452954,3.7905669499562475,0.15657901633954074
0.618,0.49806680457158625,0.5519853473857764,-0.017826959907119872,3.789907963333082,0.15657901633954074
0.619,0.49857945013030697,0.47329227772988125,-0.014037710271423332,3.7892496356965397,0.15657901633954074
0.62,0.4990133642141358,0.3945244697367543,-0.010252096193378826,3.7856140780445067,0.00768459918318265
0.621,0.49936847830300873,0.3156943617563888,-0.0064701140374287,3.781982155950126,0.00768459918318265
0.622,0.4996447363202946,0.2368144019766513,-0.0026917601716508603,3.7783538657778393,0.00768459918318265
0.623,0.49984209464164997,0.15789704645760197,0.0010829690322448648,3.774729203895725,0.00768459918318265
0.624,0.49996052210190806,0.07895475716451637,0.004854077198920358,3.771108166675493,0.00768459918318265
0.625,0.5,1.92367069372179e-15,0.008618593445341166,3.7645162464208077,-0.14104060440048805
0.626,0.49996052210190806,-0.07895475716451253,0.012376524363427543,3.757930918086377,-0.14104060440048805
0.627,0.49984209464164997,-0.15789704645759814,0.016127876538507824,3.751352175080281,-0.14104060440048805
0.628,0.4996447363202946,-0.2368144019766474,0.019872656549325015,3.744780010817191,-0.14104060440048805
0.629,0.49936847830300873,-0.315694361756385,0.02361087096804338,3.738214418718364,-0.14104060440048805
0.63,0.4990133642141358,-0.3945244697367505,0.02733956683874214,3.728695870698759,-0.28901668004434944
0.631,0.49857945013030697,-0.4732922777298774,0.031058753679969315,3.7191868412271734,-0.28901668004434944
0.632,0.49806680457158625,-0.5519853473857727,0.03476844100075437,3.709687320785059,-0.28901668004434944
0.633,0.4974755084906501,-0.6305912521564985,0.03846863830061776,3.700197299863387,-0.28901668004434944
0.634,0.4968056552600042,-0.7090975792584631,0.04215935506958039,3.690716768962637,-0.28901668004434944
0.635,0.49605735065723894,-0.787491931632543,0.045837667789394,3.6783127198136096,-0.4356666190032368
0.636,0.4952307128483256,-0.865761929901722,0.04950358886410773,3.665921074713731,-0.4356666190032368
0.637,0.4943258723689571,-0.9438952143259333,0.053157130685366684,3.6535418212589525,-0.4356666190032368
0.638,0.493342972103934,-1.021879446753833,0.056798305632424315,3.6411749470576287,-0.4356666190032368
0.639,0.4922821672646027,-1.099702312571077,0.06042712607215482,3.6288204397305064,-0.4356666190032368
0.64,0.4911436253643443,-1.1773515226450233,0.06404070931964304,3.61358324748821,-0.5804185901282799
0.641,0.4899275261921235,-1.2548148152652412,0.06763907061208119,3.5983612924381565,-0.5804185901282799
0.642,0.4886340617840967,-1.332079958079865,0.07122222517142433,3.5831545593431526,-0.5804185901282799
0.643,0.4872634363932886,-1.409134750027136,0.07479018820440558,3.5679630329812437,-0.5804185901282799
0.644,0.4858158664573371,-1.4859670232621698,0.07834297490255128,3.552786698145697,-0.5804185901282799
0.645,0.48429158056431554,-1.562564645078365,0.08187775465016596,3.5347797476146776,-0.7227081916436899
0.646,0.48269081941663705,-1.6389155198232674,0.08539454545420015,3.5167908040341893,-0.7227081916436899
0.647,0.4810138357930429,-1.7150075908086895,0.08889336530359743,3.4988198493972815,-0.7227081916436899
0.648,0.47926089450868803,-1.7908288422145129,0.09237423216931244,3.4808668657150106,-0.7227081916436899
0.649,0.4774322723733214,-1.866367300986215,0.09583716400432886,3.462931835016422,-0.7227081916436899
0.65,0.4755282581475768,-1.9416110387254646,0.09927939329403354,3.442229289704684,-0.86198067383607
0.651,0.473549152497372,-2.016548173573841,0.1027009407409718,3.421547446938258,-0.86198067383607
0.652,0.47149526794643226,-2.0911668720890315,0.1061018270269864,3.400886286014598,-0.86198067383607
0.653,0.4693669288269372,-2.1654553511135433,0.10948207281323825,3.3802457862518622,-0.86198067383607
0.654,0.467164471228306,-2.2394018796353703,0.11284169874022715,3.359625926988889,-0.86198067383607
0.655,0.46488824294412584,-2.312994780640422,0.11617801117881142,3.3363124385842804,-0.9976931238809958
0.656,0.46253860341722897,-2.386222432956535,0.1194910334424795,3.3130222636680764,-0.9976931238809958
0.657,0.46011592368293525,-2.459073273088506,0.12278078882140628,3.2897553789267886,-0.9976931238809958
0.658,0.45762058631045865,-2.5315357970441847,0.1260473005824765,3.266511761070242,-0.9976931238809958
0.659,0.4550529853424979,-2.603598562151006,0.12929059196930806,3.243291386831552,-0.9976931238809958
0.66,0.4524135262330096,-2.675250188863002,0.13250805373266916,3.217461763361101,-1.129316604180963
0.661,0.44970262578318554,-2.746479362557682,0.13569971170218328,3.1916579695141207,-1.129316604180963
0.662,0.44692071207563167,-2.8172748353228254,0.13886559168164428,3.1658799794609873,-1.129316604180963
0.663,0.44406822440677224,-2.887625427732576,0.1420057194490422,3.140127767397907,-1.129316604180963
0.664,0.4411456132174768,-2.9575200306128706,0.1451201207565891,3.11440130754689,-1.129316604180963
0.665,0.4381533400219317,-3.0269476067956824,0.148206280898113,3.0861601415239015,-1.2563382357720863
0.666,0.4350918773347629,-3.095897192861881,0.15126422811477994,3.057947216666936,-1.2563382357720863
0.667,0.4319617085964175,-3.1643579008725577,0.15429399061951476,3.029762504734827,-1.2563382357720863
0.668,0.42876332809682616,-3.232318920088277,0.1572955965970294,3.0016059775146506,-1.2563382357720863
0.669,0.4254972408973457,-3.2997695186762934,0.16026907420385111,2.973477606821694,-1.2563382357720863
0.67,0.42216396275100754,-3.36669904540516,0.1632120130686945,2.9429388648433976,-1.3782632185737436
0.671,0.41876402002107055,-3.433096931326753,0.16612444373030158,2.9124306616070794,-1.3782632185737436
0.672,0.4152979495979062,-3.498952691445158,0.1690063966968756,2.8819529665739974,-1.3782632185737436
0.673,0.41176629881421384,-3.564255926372438,0.17185790244611154,2.8515057492359484,-1.3782632185737436
0.674,0.40816962535859186,-3.628996323970787,0.17467899142522678,2.8210889791152374,-1.3782632185737436
0.675,0.4045084971874738,-3.693163660980912,0.17746736697975282,2.788375554526035,-1.4946167805043507
0.676,0.4007834924354381,-3.7567478046364653,0.18022306182311423,2.755694843361422,-1.4946167805043507
0.677,0.3969951993239177,-3.8197387142640555,0.1829461086360222,2.723046812907974,-1.4946167805043507
0.678,0.3931442160683092,-3.8821264428688567,0.18563654006650718,2.690431430484979,-1.4946167805043507
0.679,0.38923115078351167,-3.943901138705283,0.18829438872995158,2.657848663444407,-1.4946167805043507
0.68,0.3852566213878943,-4.005053046832764,0.1909174806237772,2.623091893825617,-1.6049460477672657
0.681,0.38122125550572383,-4.065572510656093,0.19350585050475363,2.588369880976446,-1.6049460477672657
0.682,0.37712569036805205,-4.125449973450378,0.19605953309489377,2.5536825901401246,-1.6049460477672657
0.683,0.3729705727120909,-4.18467597987013,0.1985785630814884,2.519029986594639,-1.6049460477672657
0.684,0.368756558679087,-4.24324117744235,0.2010629751171411,2.4844120356526993,-1.6049460477672657
0.685,0.3644843137107055,-4.301136318043447,0.2035107263041797,2.4477511870386124,-1.7088218289217152
0.686,0.36015451244395347,-4.358352259359564,0.20592185330345286,2.4111269992731397,-1.7088218289217152
0.687,0.35576783860464234,-4.4148799663303135,0.2082963927391483,2.374539435695432,-1.7088218289217152
0.6880000000000001,0.35132498489942454,-4.470710512575459,0.2106343811988296,2.3379884596813025,-1.7088218289217152
0.6890000000000001,0.3468266529064021,-4.525835081804557,0.21293585523347278,2.301474034643187,-1.7088218289217152
0.6900000000000001,0.3422735529643442,-4.580244969209084,0.21519891098796745,2.263055754494665,-1.8058403056939383
0.6910000000000001,0.33766640406051235,-4.63393158283709,0.21742358688059374,2.2246758926262915,-1.8058403056939383
0.6920000000000001,0.3330059337171256,-4.686886444949935,0.21960992129121354,2.1863344106197866,-1.8058403056939383
0.6930000000000001,0.3282928778764783,-4.7391011933610026,0.2217579525613088,2.148031270095288,-1.8058403056939383
0.6940000000000001,0.32352798078472184,-4.790567582756242,0.22386771899402014,2.109766432711314,-1.8058403056939383
0.6950000000000001,0.3187119948743449,-4.8412774859961365,0.2259374631678217,2.069744173801571,-1.8956246238515853
0.6960000000000001,0.31384568064534984,-4.891222895399129,0.22796722510497244,2.0297619371507376,-1.8956246238515853
0.6970000000000001,0.3089298065451671,-4.9403959240060775,0.229957044787709,1.989819682736555,-1.8956246238515853
0.6980000000000001,0.3039651488473022,-4.988788806825746,0.2319069621582858,1.9499173705767867,-1.8956246238515853
0.6990000000000001,0.29895249152875925,-5.036393902060935,0.23381701711901498,1.9100549607291781,-1.8956246238515853
0.7000000000000001,0.2938926261462367,-5.083203692315259,0.23568560549722625,1.868588378211271,-1.9778263778588876
0.7010000000000001,0.28878635171113354,-5.129210785780205,0.23751276875950214,1.827163262275882,-1.9778263778588876
0.7020000000000001,0.2836344745633783,-5.174407917402373,0.23929854833095857,1.7857795714564284,-1.9778263778588876
0.7030000000000001,0.27843780824409364,-5.21878795003075,0.24104298559528636,1.7444372643277943,-1.9778263778588876
0.704,0.2731971733671352,-5.262343875543695,0.24274612189479267,1.7031362995062889,-1.9778263778588876
0.705,0.2679133974894986,-5.305068815955679,0.24440651251833045,1.660390623537799,-2.0521269834491784
0.706,0.26258731498064847,-5.346956024503308,0.24602420021157573,1.6176876932452777,-2.0521269834491784
0.707,0.25721976689075343,-5.387998886710795,0.2475992276774588,1.575027465883049,-2.0521269834491784
0.708,0.25181160081788095,-5.428190921434399,0.24913163757620696,1.5324098987481825,-2.0521269834491784
0.709,0.2463636707741459,-5.467525781885929,0.2506214725253874,1.4898349491804508,-2.0521269834491784
0.71,0.2408768370508581,-5.505997256634924,0.2520674528609648,1.445980335577397,-2.1182389326936706
0.711,0.23535196608266631,-5.543599270589556,0.2534696224375528,1.4021695765879463,-2.1182389326936706
0.712,0.2297899303107443,-5.580325885955915,0.25482802506591024,1.3584026283574848,-2.1182389326936706
0.713,0.22419160804501687,-5.616171303175692,0.2561427045129855,1.3146794470752539,-2.1182389326936706
0.714,0.21855788332546675,-5.65112986184198,0.2574137045019598,1.270999988974305,-2.1182389326936706
0.715,0.21288964578253697,-5.685196041593103,0.25863991535241293,1.2262108504531495,-2.175906926609068
0.716,0.20718779049664227,-5.718364462984379,0.25982138185348347,1.181466501070515,-2.175906926609068
0.717,0.20145321785683187,-5.750629888337562,0.2609581487495207,1.1367668960372632,-2.175906926609068
0.718,0.1956868334186013,-5.781987222567964,0.26205026074012977,1.0921119906090446,-2.175906926609068
0.719,0.189889547760901,-5.8124315139889955,0.26309776248021605,1.0475017400862543,-2.175906926609068
0.72,0.184062276342339,-5.84195795509413,0.2640997185409456,1.0019560607295706,-2.224908880829869
0.721,0.1782059393566257,-5.870561883316024,0.26505617446799784,0.9564559270522436,-2.224908880829869
0.722,0.17232146158725842,-5.898238781762835,0.2659671757615064,0.9110012935085939,-2.224908880829869
0.723,0.1664097722614936,-5.924984279931449,0.2668327678761049,0.865592114598488,-2.224908880829869
0.724,0.16047180490360538,-5.9507941543976655,0.26765299622097216,0.8202283448672921,-2.224908880829869
0.725,0.1545084971874739,-5.975664329483111,0.26842710320148716,0.7741069805149825,-2.2650568003721174
0.726,0.148520790788518,-5.99959087789883,0.26915513493901416,0.7280317375270252,-2.2650568003721174
0.727,0.14250963123498814,-6.022570021365467,0.26983713750879623,0.6820025697820559,-2.2650568003721174
0.728,0.13647596775866305,-6.044598131209882,0.27047315694000107,0.6360194312048315,-2.2650568003721174
0.729,0.13042075314494844,-6.0656717289381765,0.27106323921576725,0.5900822757661843,-2.2650568003721174
0.73,0.12434494358242774,-6.085787486784972,0.271606807458857,0.5435682430897776,-2.296197520032026
0.731,0.1182494985118622,-6.10494222823892,0.27210390818330304,0.49710072444604725,-2.296197520032026
0.732,0.11213538047469084,-6.12313292854429,0.272554587856624,0.4506796733209607,-2.296197520032026
0.733,0.10600355496102795,-6.140356715178635,0.272958892899871,0.40430504324699923,-2.296197520032026
0.734,0.09985499025720365,-6.156610868306384,0.27331686968767416,0.3579767878031117,-2.296197520032026
0.735,0.09369065729286284,-6.171892821208326,0.2736281242325396,0.3112545448654475,-2.3182133074930538
0.736,0.08751152948763806,-6.18620016068695,0.27389270325671033,0.264579024170721,-2.3182133074930538
0.737,0.08131858259744222,-6.199530627447492,0.274110653435707,0.2179501789966892,-2.3182133074930538
0.738,0.07511279456037846,-6.211882116454724,0.2742820213983748,0.17136796266783144,-2.3182133074930538
0.739,0.06889514534231936,-6.223252677265344,0.27440685372693013,0.12483232855530255,-2.3182133074930538
0.74,0.06266661678215195,-6.233640514335991,0.2744849407766217,0.07808704969160837,-2.331022326756944
0.741,0.05642819243674106,-6.24304398730677,0.2745163292927285,0.031388516106777876,-2.331022326756944
0.742,0.05018085742560805,-6.251461611260291,0.27450106597378404,-0.01526331894446778,-2.331022326756944
0.743,0.0439255982753717,-6.258892056956154,0.2744391974716234,-0.061868502160662184,-2.331022326756944
0.744,0.03766340276396686,-6.265334151040843,0.2743307703914297,-0.1084270801936404,-2.331022326756944
0.745,0.031395259764656694,-6.270786876233027,0.274175760159115,-0.155010232314754,-2.334578960065362
0.746,0.025122159089885174,-6.275249371484185,0.27397421335783123,-0.20154680128374647,-2.334578960065362
0.747,0.018845091334967166,-6.278720932114587,0.27372617652414744,-0.24803683368376994,-2.334578960065362
0.748,0.01256504772166903,-6.281201009924566,0.27343169614809604,-0.29448037605139343,-2.334578960065362
0.749,0.006283019941676096,-6.2826892132810865,0.2730908186732194,-0.34087747487664927,-2.334578960065362
0.75,1.8369701987210297e-16,-6.283185307179586,0.27270370459607685,-0.387114077142519,-2.3288739870373196
0.751,-0.0062830199416757295,-6.2826892132810865,0.2722704001532707,-0.43330444280612285,-2.3288739870373196
0.752,-0.012565047721668662,-6.281201009924566,0.27179095153516664,-0.47944861810406314,-2.3288739870373196
0.753,-0.018845091334966802,-6.278720932114588,0.2712654048859399,-0.5255466492267055,-2.3288739870373196
0.754,-0.025122159089884806,-6.275249371484185,0.2706938063036217,-0.5715985823182251,-2.3288739870373196
0.755,-0.031395259764656326,-6.270786876233027,0.2700765006274796,-0.6173056761421268,-2.3139346203109965
0.756,-0.03766340276396649,-6.265334151040844,0.2694135335646074,-0.6629670628722046,-2.3139346203109965
0.757,-0.04392559827537133,-6.258892056956154,0.26870495077639184,-0.7085827882155523,-2.3139346203109965
0.758,-0.05018085742560768,-6.251461611260291,0.2679507978785583,-0.7541528978335567,-2.3139346203109965
0.759,-0.056428192436740694,-6.24304398730677,0.26715112044121636,-0.7996774373419431,-2.3139346203109965
0.76,-0.06266661678215159,-6.233640514335992,0.26630644619336086,-0.8446742478555002,-2.28982439754495
0.761,-0.06889514534231898,-6.223252677265344,0.2654168201318023,-0.8896260615585436,-2.28982439754495
0.762,-0.0751127945603781,-6.211882116454725,0.2644822872083544,-0.9345329234478841,-2.28982439754495
0.763,-0.08131858259744186,-6.199530627447493,0.2635028923298791,-0.9793948784753352,-2.28982439754495
0.764,-0.0875115294876377,-6.18620016068695,0.26247868035833133,-1.024211971547759,-2.28982439754495
0.765,-0.09369065729286248,-6.171892821208327,0.2614103597401511,-1.0683206181802223,-2.2566429302005577
0.766,-0.09985499025720329,-6.156610868306385,0.260297974583985,-1.1123851561660532,-2.2566429302005577
0.767,-0.10600355496102759,-6.140356715178637,0.2591415689543711,-1.1564056296138983,-2.2566429302005577
0.768,-0.11213538047469047,-6.123132928544292,0.25794118687178286,-1.2003820825882956,-2.2566429302005577
0.769,-0.11824949851186185,-6.1049422282389205,0.25669687231267313,-1.2443145591097184,-2.2566429302005577
0.77,-0.12434494358242738,-6.085787486784972,0.2554095115579207,-1.2873607547524644,-2.214525510092777
0.771,-0.13042075314494808,-6.065671728938177,0.25407914765372114,-1.3303639041995674,-2.214525510092777
0.772,-0.13647596775866272,-6.044598131209883,0.2527058236032239,-1.3733240504972233,-2.214525510092777
0.773,-0.14250963123498778,-6.0225700213654685,0.25128958236657534,-1.4162412366485817,-2.214525510092777
0.774,-0.14852079078851765,-5.9995908778988305,0.24983046686096155,-1.4591155056137886,-2.214525510092777
0.775,-0.15450849718747353,-5.975664329483112,0.24832953761934823,-1.5009292416133282,-2.163642575257667
0.776,-0.16047180490360505,-5.950794154397667,0.24678683645547136,-1.5427011638768682,-2.163642575257667
0.777,-0.16640977226149326,-5.924984279931451,0.24520240514125322,-1.5844313142181448,-2.163642575257667
0.778,-0.17232146158725808,-5.898238781762837,0.24357628540684415,-1.6261197344090799,-2.163642575257667
0.779,-0.17820593935662538,-5.870561883316026,0.2419085189406643,-1.6677664661798242,-2.163642575257667
0.78,-0.18406227634233863,-5.841957955094131,0.24020033626020587,-1.7081826804584503,-2.104199037240298
0.781,-0.18988954776090067,-5.812431513988997,0.23845177778168308,-1.7485584785227979,-2.104199037240298
0.782,-0.19568683341860096,-5.781987222567965,0.23666288388089401,-1.788893900789081,-2.104199037240298
0.783,-0.20145321785683154,-5.7506298883375635,0.23483369489326092,-1.8291889876330978,-2.104199037240298
0.784,-0.20718779049664193,-5.718364462984381,0.23296425111387065,-1.8694437793902707,-2.104199037240298
0.785,-0.21288964578253664,-5.685196041593104,0.2310559481088107,-1.9083030050599536,-2.0364334724536644
0.786,-0.2185578833254664,-5.651129861841982,0.22910882473730673,-1.947123371503967,-2.0364334724536644
0.787,-0.22419160804501653,-5.616171303175694,0.22712291981972518,-1.9859049175815364,-2.0364334724536644
0.788,-0.229789930310744,-5.580325885955918,0.22509827213761216,-2.024647682113028,-2.0364334724536644
0.789,-0.23535196608266598,-5.543599270589558,0.22303492043373216,-2.0633517038799885,-2.0364334724536644
0.79,-0.24087683705085777,-5.505997256634926,0.22093441973794015,-2.1005006957920216,-1.960617180795661
0.791,-0.2463636707741456,-5.467525781885931,0.218796807199228,-2.1376125387121427,-1.960617180795661
0.792,-0.2518116008178806,-5.4281909214344015,0.21662211992943867,-2.174687269789344,-1.960617180795661
0.793,-0.2572197668907531,-5.387998886710798,0.2144103950033032,-2.2117249261354677,-1.960617180795661
0.794,-0.2625873149806482,-5.346956024503312,0.21216166945847795,-2.2487255448252452,-1.960617180795661
0.795,-0.2679133974894983,-5.305068815955681,0.20987765157689284,-2.2840178815851218,-1.8770531152350831
0.796,-0.27319717336713495,-5.2623438755436975,0.2075583766508846,-2.319274926008238,-1.8770531152350831
0.797,-0.2784378082440941,-5.218787950030746,0.20520387993749767,-2.3544967133869315,-1.8770531152350831
0.798,-0.283634474563378,-5.174407917402376,0.20281419665851944,-2.389683278978246,-1.8770531152350831
0.799,-0.288786351711134,-5.129210785780201,0.20038936200051546,-2.4248346580039697,-1.8770531152350831
0.8,-0.2938926261462364,-5.083203692315261,0.19793123068343776,-2.4581313170777035,-1.786074686586891
0.801,-0.2989524915287597,-5.036393902060931,0.1954398360039454,-2.491394679492364,-1.786074686586891
0.802,-0.30396514884730264,-4.988788806825742,0.19291521122540078,-2.5246247785446094,-1.786074686586891
0.803,-0.3089298065451675,-4.940395924006074,0.190357389577903,-2.5578216474978026,-1.786074686586891
0.804,-0.31384568064535023,-4.891222895399126,0.18776640425832095,-2.5909853195820425,-1.786074686586891
0.805,-0.31871199487434526,-4.841277485996132,0.1851442490350947,-2.6221552232262515,-1.6880444481895593
0.806,-0.3235279807847222,-4.790567582756238,0.18249095507812788,-2.6532939569668166,-1.6880444481895593
0.807,-0.32829287787647804,-4.739101193361006,0.17980655352615424,-2.684401551973641,-1.6880444481895593
0.808,-0.33300593371712595,-4.68688644494993,0.17709107548676878,-2.7154780393854585,-1.6880444481895593
0.809,-0.33766640406051207,-4.633931582837094,0.1743445520364589,-2.7465234503098643,-1.6880444481895593
0.81,-0.3422735529643446,-4.58024496920908,0.17156910805628592,-2.775443980172982,-1.5833526656713715
0.811,-0.34682665290640247,-4.525835081804551,0.16876477246677968,-2.8043355895062363,-1.5833526656713715
0.812,-0.35132498489942493,-4.4707105125754545,0.1659315741595495,-2.8331983072301576,-1.5833526656713715
0.8130000000000001,-0.3557678386046427,-4.414879966330308,0.16306954199731316,-2.8620321622363547,-1.5833526656713715
0.8140000000000001,-0.3601545124439538,-4.35835225935956,0.16017870481392563,-2.890837183387546,-1.5833526656713715
0.8150000000000001,-0.3644843137107059,-4.301136318043443,0.15726131015217254,-2.917394661753079,-1.472415777446032
0.8160000000000001,-0.3687565586790868,-4.2432411774423535,0.15431738456953228,-2.9439255826402464,-1.472415777446032
0.8170000000000001,-0.3729705727120913,-4.184675979870126,0.15134695459692576,-2.9704299726065266,-1.472415777446032
0.8180000000000001,-0.3771256903680518,-4.125449973450381,0.1483500467387429,-2.9969078581828406,-1.472415777446032
0.8190000000000001,-0.38122125550572417,-4.0655725106560885,0.14532668747286934,-3.0233592658735784,-1.472415777446032
0.8200000000000001,-0.38525662138789457,-4.005053046832758,0.14227923807122145,-3.0474494016478904,-1.3556747520092818
0.8210000000000001,-0.389231150783512,-3.9439011387052783,0.13920772262393502,-3.071515447286428,-1.3556747520092818
0.8220000000000001,-0.3931442160683095,-3.882126442868852,0.13611216519705568,-3.0955574268793273,-1.3556747520092818
0.8230000000000001,-0.396995199323918,-3.8197387142640506,0.13299258983256304,-3.1195753644926336,-1.3556747520092818
0.8240000000000001,-0.40078349243543837,-3.7567478046364604,0.1298490205483947,-3.1435692841683265,-1.3556747520092818
0.8250000000000001,-0.4045084971874736,-3.6931636609809155,0.12668392296654024,-3.1650975818544684,-1.2335933485155135
0.8260000000000001,-0.40816962535859214,-3.628996323970781,0.12349731861529732,-3.186604351242924,-1.2335933485155135
0.8270000000000001,-0.41176629881421367,-3.5642559263724416,0.12028922900143534,-3.208089613861991,-1.2335933485155135
0.8280000000000001,-0.41529794959790656,-3.4989526914451523,0.11705967561021689,-3.2295533912184395,-1.2335933485155135
0.8290000000000001,-0.4187640200210709,-3.433096931326747,0.11380867990541936,-3.2509957047975315,-1.2335933485155135
0.8300000000000001,-0.4221639627510078,-3.366699045405155,0.11053880207057673,-3.269877834842637,-1.1066562874951413
0.8310000000000001,-0.425497240897346,-3.299769518676288,0.10725006098781903,-3.288741082757697,-1.1066562874951413
0.8320000000000001,-0.42876332809682643,-3.232318920088271,0.10394247552039419,-3.3075854674248424,-1.1066562874951413
0.833,-0.4319617085964173,-3.164357900872562,0.10061606451268687,-3.3264110077073203,-1.1066562874951413
0.834,-0.43509187733476273,-3.095897192861885,0.09727084679023736,-3.3452177224495157,-1.1066562874951413
0.835,-0.4381533400219315,-3.0269476067956864,0.09390946693873173,-3.36137985150563,-0.9753673389281889
0.836,-0.4411456132174766,-2.957520030612875,0.09053194112029904,-3.377525818432688,-0.9753673389281889
0.837,-0.44406822440677207,-2.8876254277325795,0.08713828548090621,-3.3936556393928194,-0.9753673389281889
0.838,-0.4469207120756315,-2.81727483532283,0.08372851615037422,-3.4097693305319905,-0.9753673389281889
0.839,-0.4497026257831854,-2.7464793625576864,0.08030264924239419,-3.4258669079800224,-0.9753673389281889
0.84,-0.45241352623300946,-2.6752501888630063,0.07686340325461784,-3.4392459877763564,-0.8402473352157024
0.841,-0.4550529853424977,-2.6035985621510105,0.07341079156612494,-3.452611688492894,-0.8402473352157024
0.842,-0.45762058631045854,-2.5315357970441887,0.06994482754261623,-3.465964023508715,-0.8402473352157024
0.843,-0.46011592368293514,-2.45907327308851,0.0664655245364267,-3.4793030061895203,-0.8402473352157024
0.844,-0.4625386034172288,-2.386222432956539,0.06297289588653907,-3.492628649887645,-0.8402473352157024
0.845,-0.4648882429441257,-2.3129947806404263,0.059469723222963566,-3.5031726635755005,-0.701832116887164
0.846,-0.46716447122830584,-2.2394018796353743,0.0559560170897139,-3.513706133249668,-0.701832116887164
0.847,-0.4693669288269371,-2.1654553511135473,0.05243178802025974,-3.5242290694541616,-0.701832116887164
0.848,-0.47149526794643215,-2.0911668720890355,0.048897046537537285,-3.534741482722451,-0.701832116887164
0.849,-0.4735491524973719,-2.0165481735738453,0.04535180315395981,-3.5452433835774717,-0.701832116887164
0.85,-0.4755282581475767,-1.941611038725469,0.04179889160538297,-3.552911548576844,-0.5606704191474723
0.851,-0.4774322723733213,-1.8663673009862192,0.038238319559971756,-3.5605720454112166,-0.5606704191474723
0.852,-0.4792608945086879,-1.7908288422145173,0.034670094678223004,-3.5682248817487547,-0.5606704191474723
0.853,-0.4810138357930428,-1.7150075908086937,0.031094224612973047,-3.5758700652499553,-0.5606704191474723
0.854,-0.48269081941663694,-1.638915519823272,0.027510717009405394,-3.583507603567655,-0.5606704191474723
0.855,-0.4842915805643155,-1.5625646450783695,0.023922446479289292,-3.5882705301161004,-0.4173217076006561
0.856,-0.485815866457337,-1.4859670232621742,0.020329417785551293,-3.5930286937379976,-0.4173217076006561
0.857,-0.4872634363932885,-1.4091347500271405,0.01673163568635502,-3.5977820991962726,-0.4173217076006561
0.858,-0.4886340617840966,-1.3320799580798695,0.01312910493510593,-3.6025307512490894,-0.4173217076006561
0.859,-0.4899275261921234,-1.2548148152652459,0.009521830280456075,-3.6072746546498533,-0.4173217076006561
0.86,-0.49114362536434425,-1.177351522645028,0.005912715821027109,-3.6091144594289664,-0.2723539716881531
0.861,-0.49228216726460267,-1.0997023125710814,0.002301763396623808,-3.6109524244033007,-0.2723539716881531
0.862,-0.49334297210393396,-1.0218794467538375,-0.0013110251547888527,-3.6127885514126605,-0.2723539716881531
0.863,-0.49432587236895703,-0.9438952143259377,-0.004925647997083863,-3.614622842295011,-0.2723539716881531
0.864,-0.49523071284832554,-0.8657619299017265,-0.008542103295970343,-3.616455298886479,-0.2723539716881531
0.865,-0.49605735065723894,-0.7874919316325419,-0.012157468969248863,-3.6153656732785193,-0.1263414845463562
0.866,-0.4968056552600042,-0.7090975792584677,-0.01577174610654503,-3.6142771372961677,-0.1263414845463562
0.867,-0.49747550849065003,-0.6305912521565087,-0.019384935796394828,-3.613189689849799,-0.1263414845463562
0.868,-0.4980668045715862,-0.5519853473857772,-0.022997039126245705,-3.6121033298508762,-0.1263414845463562
0.869,-0.4985794501303069,-0.47329227772988763,-0.026608057182457658,-3.6110180562119525,-0.1263414845463562
0.87,-0.4990133642141358,-0.3945244697367551,-0.030215061471375815,-3.6070042889181564,0.020137461879203067
0.871,-0.49936847830300873,-0.3156943617563896,-0.03381805600676747,-3.6029945353916544,0.020137461879203067
0.872,-0.4996447363202946,-0.23681440197664647,-0.037417044798386145,-3.5989887916186785,0.020137461879203067
0.873,-0.49984209464164997,-0.15789704645760272,-0.04101203185197562,-3.5949870535894757,0.020137461879203067
0.874,-0.49996052210190806,-0.07895475716451157,-0.04460302116927392,-3.5909893172983023,0.020137461879203067
0.875,-0.5,-2.693138971210506e-15,-0.048187089440504365,-3.5840682712304432,0.16650283752803774
0.876,-0.49996052210190806,0.07895475716450617,-0.05176424358671301,-3.577154146208652,0.16650283752803774
0.877,-0.49984209464164997,0.15789704645759733,-0.055334490522024896,-3.5702469353118826,0.16650283752803774
0.878,-0.49964473632029466,0.2368144019766411,-0.058897837153650906,-3.56334663162601,0.16650283752803774
0.879,-0.49936847830300873,0.3156943617563842,-0.06245429038189473,-3.5564532282438233,0.16650283752803774
0.88,-0.4990133642141358,0.39452446973674976,-0.06600094365367572,-3.5466532717809858,0.3121751617296896
0.881,-0.49857945013030697,0.47329227772988225,-0.06953780676895033,-3.536863115274611,0.3121751617296896
0.882,-0.49806680457158625,0.5519853473857719,-0.07306488951787507,-3.5270827489247427,0.3121751617296896
0.883,-0.49747550849065003,0.6305912521565034,-0.0765822016808163,-3.517312162941224,0.3121751617296896
0.884,-0.4968056552600042,0.7090975792584624,-0.08008975302835998,-3.5075513475436892,0.3121751617296896
0.885,-0.496057350657239,0.7874919316325367,-0.08358466526878622,-3.494912240426243,0.45657778849510966
0.886,-0.4952307128483256,0.8657619299017212,-0.08706695104120213,-3.482285772415915,0.45657778849510966
0.887,-0.4943258723689571,0.9438952143259324,-0.09053662297207572,-3.469671930873597,0.45657778849510966
0.888,-0.493342972103934,1.0218794467538321,-0.09399369367524854,-3.457070703172821,0.45657778849510966
0.889,-0.4922821672646028,1.0997023125710763,-0.09743817575194828,-3.444482076699746,0.45657778849510966
0.89,-0.4911436253643443,1.1773515226450226,-0.10086723056295975,-3.4290548110114734,0.5991391805786385
0.891,-0.4899275261921235,1.2548148152652405,-0.10428087353554864,-3.4136429725888893,0.5991391805786385
0.892,-0.4886340617840967,1.3320799580798643,-0.10767912008155336,-3.3982465460047275,0.5991391805786385
0.893,-0.4872634363932886,1.4091347500271354,-0.11106198559740052,-3.38286551584715,0.5991391805786385
0.894,-0.4858158664573371,1.485967023262169,-0.11442948546412025,-3.3674998667197302,0.5991391805786385
0.895,-0.4842915805643156,1.5625646450783643,-0.11777883192770648,-3.3493464635862296,0.7392951633390376
0.896,-0.48269081941663705,1.6389155198232668,-0.12111004314156235,-3.3312112138558625,0.7392951633390376
0.897,-0.4810138357930429,1.7150075908086888,-0.12442313724093756,-3.313094099375226,0.7392951633390376
0.898,-0.47926089450868803,1.7908288422145122,-0.12771813234294663,-3.2949951020090698,0.7392951633390376
0.899,-0.4774322723733214,1.8663673009862143,-0.13099504654658692,-3.27691420364028,0.7392951633390376
0.9,-0.4755282581475769,1.941611038725464,-0.1342511540130334,-3.2561074664464846,0.8764911495077432
0.901,-0.47354915249737206,2.0165481735738404,-0.13748647554902327,-3.2353215359898835,0.8764911495077432
0.902,-0.47149526794643226,2.0911668720890306,-0.140701031940487,-3.2145563914637387,0.8764911495077432
0.903,-0.4693669288269372,2.1654553511135424,-0.14389484395256913,-3.19381201208212,0.8764911495077432
0.904,-0.467164471228306,2.2394018796353694,-0.14706793232964901,-3.1730883770798832,0.8764911495077432
0.905,-0.46488824294412584,2.3129947806404214,-0.15021764393183007,-3.1497116021810605,1.010184326087138
0.906,-0.46253860341722897,2.3862224329565342,-0.1533440021358872,-3.1263582040571367,1.010184326087138
0.907,-0.4601159236829353,2.459073273088505,-0.15644703029521853,-3.1030281593313367,1.010184326087138
0.908,-0.4576205863104587,2.531535797044184,-0.1595267517398688,-3.0797214446502625,1.010184326087138
0.909,-0.45505298534249794,2.6035985621510056,-0.16258318977655267,-3.0564380366838697,1.010184326087138
0.91,-0.4524135262330096,2.6752501888630014,-0.16561377445930484,-3.030584682752163,1.1398457947511473
0.911,-0.44970262578318554,2.7464793625576815,-0.16861853164147922,-3.0047571821743877,1.1398457947511473
0.912,-0.4469207120756317,2.817274835322825,-0.1715974871505764,-2.97895550909719,1.1398457947511473
0.913,-0.44406822440677224,2.887625427732575,-0.17455066678826947,-2.95317963769307,1.1398457947511473
0.914,-0.4411456132174768,2.95752003061287,-0.17747809633042982,-2.927429542160354,1.1398457947511473
0.915,-0.43815334002193174,3.0269476067956815,-0.18037729918990195,-2.8992028594721173,1.264962657303807
0.916,-0.43509187733476296,3.0958971928618806,-0.18324830359336852,-2.871004403466569,1.264962657303807
0.917,-0.4319617085964175,3.1643579008725573,-0.18609113773928554,-2.8428341459170263,1.264962657303807
0.918,-0.4287633280968262,3.232318920088276,-0.18890582979791057,-2.8146920586250332,1.264962657303807
0.919,-0.42549724089734575,3.299769518676293,-0.1916924079113309,-2.7865781134203322,1.264962657303807
0.92,-0.4221639627510076,3.3666990454051597,-0.19444849864587846,-2.756090734547546,1.3850400379682943
0.921,-0.4187640200210706,3.433096931326752,-0.1971741324889321,-2.7256338430536324,1.3850400379682943
0.922,-0.4152979495979063,3.498952691445157,-0.1998693398973833,-2.6952074084512128,1.3850400379682943
0.923,-0.4117662988142139,3.564255926372437,-0.20253415129766672,-2.6648114002833956,1.3850400379682943
0.924,-0.40816962535859186,3.628996323970786,-0.20516859708579047,-2.634445788123746,1.3850400379682943
0.925,-0.40450849718747384,3.6931636609809115,-0.20777041636743554,-2.601819281645062,1.4996030345280307
0.926,-0.40078349243543815,3.7567478046364644,-0.2103396417691084,-2.569225401672856,1.4996030345280307
0.927,-0.39699519932391775,3.819738714264055,-0.21287630588468903,-2.536664115580623,1.4996030345280307
0.928,-0.39314421606830924,3.8821264428688567,-0.21538044127546352,-2.5041353907744814,1.4996030345280307
0.929,-0.3892311507835117,3.9439011387052822,-0.21785208047015667,-2.471639194693146,1.4996030345280307
0.93,-0.3852566213878943,4.005053046832763,-0.22028908405384268,-2.437003583686007,1.6081985906222973
0.931,-0.3812212555057239,4.065572510656092,-0.22269148666213257,-2.402402608289875,1.6081985906222973
0.932,-0.3771256903680521,4.125449973450378,-0.2250593228960017,-2.367836233869139,1.6081985906222973
0.933,-0.37297057271209094,4.184675979870129,-0.22739262732182453,-2.333304425822824,1.6081985906222973
0.934,-0.3687565586790871,4.24324117744235,-0.22969143447140908,-2.2988071495845555,1.6081985906222973
0.935,-0.36448431371070555,4.301136318043447,-0.23195373486820786,-2.262300396798775,1.7103972818098077
0.936,-0.3601545124439535,4.358352259359563,-0.23417956501897363,-2.22583015076578,1.7103972818098077
0.937,-0.3557678386046424,4.414879966330313,-0.23636896139395244,-2.189396374978818,1.7103972818098077
0.9380000000000001,-0.3513249848994246,4.470710512575458,-0.2385219604269201,-2.152999032967643,1.7103972818098077
0.9390000000000001,-0.34682665290640213,4.525835081804556,-0.24063859851521857,-2.116638088298479,1.7103972818098077
0.9400000000000001,-0.34227355296434425,4.580244969209084,-0.24271700406526167,-2.0784055500431005,1.8057950083540173
0.9410000000000001,-0.3376664040605124,4.63393158283709,-0.24475721530958766,-2.040211244325977,1.8057950083540173
0.9420000000000001,-0.3330059337171256,4.686886444949934,-0.24675927044250223,-2.002055132914571,1.8057950083540173
0.9430000000000001,-0.3282928778764783,4.739101193361002,-0.24872320762011682,-1.963937177614576,1.8057950083540173
0.9440000000000001,-0.3235279807847219,4.790567582756242,-0.2506490649603867,-1.925857340269881,1.8057950083540173
0.9450000000000001,-0.3187119948743449,4.841277485996136,-0.2525351161515553,-1.8860511911685733,1.8940145880518888
0.9460000000000001,-0.3138456806453499,4.891222895399129,-0.25438140099977163,-1.846284848216367,1.8940145880518888
0.9470000000000001,-0.3089298065451671,4.9403959240060775,-0.2561879592713788,-1.806558271607113,1.8940145880518888
0.9480000000000001,-0.30396514884730225,4.988788806825746,-0.2579548306929532,-1.766871421574468,1.8940145880518888
0.9490000000000001,-0.2989524915287593,5.036393902060935,-0.25968205495134505,-1.7272242583918558,1.8940145880518888
0.9500000000000001,-0.29389262614623674,5.083203692315258,-0.26136805784062206,-1.686002889277017,1.9747072428223507
0.9510000000000001,-0.2887863517111336,5.129210785780205,-0.26301288058215333,-1.6448227415312928,1.9747072428223507
0.9520000000000001,-0.28363447456337837,5.174407917402372,-0.26461656435608666,-1.6036837739333145,1.9747072428223507
0.9530000000000001,-0.2784378082440937,5.218787950030749,-0.2661791503013896,-1.5625859453029343,1.9747072428223507
0.9540000000000001,-0.27319717336713456,5.2623438755437,-0.26770067951589077,-1.5215292145011843,1.9747072428223507
0.9550000000000001,-0.2679133974894979,5.305068815955685,-0.26917973612171364,-1.4790566058228862,2.047553973189846
0.9560000000000001,-0.2625873149806478,5.3469560245033145,-0.27061636259146693,-1.4366264697532665,2.047553973189846
0.9570000000000001,-0.2572197668907527,5.3879988867108,-0.27201060135528665,-1.3942387638197162,2.047553973189846
0.9580000000000001,-0.25181160081788023,5.428190921434404,-0.27336249480087876,-1.3518934455920997,2.047553973189846
0.9590000000000001,-0.24636367077414595,5.467525781885928,-0.27467208527356146,-1.3095904726827106,2.047553973189846
0.96,-0.24087683705085816,5.505997256634923,-0.27593812081946667,-1.266035545905214,2.1122668152406967
0.961,-0.23535196608266637,5.543599270589555,-0.27716064499352117,-1.2225241740544948,2.1122668152406967
0.962,-0.22978993031074435,5.580325885955914,-0.2783397013070968,-1.1790563135756262,2.1122668152406967
0.963,-0.22419160804501692,5.616171303175692,-0.279475333228054,-1.1356319209572368,2.1122668152406967
0.964,-0.2185578833254668,5.65112986184198,-0.2805675841807855,-1.0922509527314657,2.1122668152406967
0.965,-0.21288964578253702,5.685196041593103,-0.28161537108306234,-1.047786902276857,2.1685899750938673
0.966,-0.20718779049664232,5.718364462984378,-0.28261873839893503,-1.0033673158727028,2.1685899750938673
0.967,-0.20145321785683193,5.750629888337562,-0.28357773054798996,-0.9589921490549528,2.1685899750938673
0.968,-0.19568683341860135,5.781987222567963,-0.284492391905394,-0.9146613574040204,2.1685899750938673
0.969,-0.18988954776090106,5.8124315139889955,-0.2853627668019387,-0.8703748965447391,2.1685899750938673
0.97,-0.18406227634233904,5.841957955094129,-0.2861879453068587,-0.8251785049199771,2.2163008364108596
0.971,-0.17820593935662576,5.870561883316023,-0.28696797261654555,-0.78002730968684,2.2163008364108596
0.972,-0.17232146158725847,5.898238781762835,-0.2877028938821945,-0.7349212656489359,2.2163008364108596
0.973,-0.16640977226149364,5.924984279931449,-0.28839275420984956,-0.6898603276550698,2.2163008364108596
0.974,-0.16047180490360544,5.950794154397665,-0.28903759866044876,-0.6448444505991975,2.2163008364108596
0.975,-0.15450849718747395,5.975664329483111,-0.2896366940498579,-0.5990953894091855,2.255210836970642
0.976,-0.14852079078851807,5.99959087789883,-0.2901900861271383,-0.5533920772803634,2.255210836970642
0.977,-0.1425096312349882,6.022570021365467,-0.290697820595602,-0.5077344684636702,2.255210836970642
0.978,-0.1364759677586631,6.044598131209882,-0.2911599431128578,-0.4621225172557937,2.255210836970642
0.979,-0.1304207531449485,6.0656717289381765,-0.29157649929085694,-0.41655617799912503,2.255210836970642
0.98,-0.1243449435824278,6.085787486784972,-0.291946935588461,-0.37043629760408414,2.285166210852087
0.981,-0.11824949851186227,6.10494222823892,-0.29227129812555047,-0.3243625370894383,2.285166210852087
0.982,-0.11213538047469089,6.12313292854429,-0.29254963297588576,-0.27833485033530714,2.285166210852087
0.983,-0.10600355496102801,6.140356715178635,-0.2927819861671537,-0.23235319126793008,2.285166210852087
0.984,-0.09985499025720371,6.156610868306383,-0.2929684036810133,-0.1864175138596204,2.285166210852087
0.985,-0.0936906572928629,6.171892821208326,-0.29310851380549313,-0.1401101244798271,2.3060485932966843
0.986,-0.08751152948763812,6.18620016068695,-0.29320236284798257,-0.09384904248941359,2.3060485932966843
0.987,-0.08131858259744229,6.199530627447492,-0.29324999706956356,-0.04763422158099049,2.3060485932966843
0.988,-0.07511279456037852,6.211882116454724,-0.29325146268505703,-0.0014656154934758123,2.3060485932966843
0.989,-0.06889514534231941,6.223252677265344,-0.2932068058630691,0.044656821987951345,2.3060485932966843
0.99,-0.062666616782152,6.233640514335991,-0.29311583818818576,0.09096767488328832,2.317775485866246
0.991,-0.05642819243674112,6.24304398730677,-0.29297860597126,0.13723221692572996,2.317775485866246
0.992,-0.050180857425608114,6.251461611260291,-0.2927951554768339,0.18345049442612915,2.317775485866246
0.993,-0.043925598275371756,6.258892056956154,-0.2925655329231849,0.22962255364902795,2.317775485866246
0.994,-0.03766340276396692,6.265334151040843,-0.2922897844823722,0.27574844081270383,2.317775485866246
0.995,-0.031395259764656756,6.270786876233027,-0.2919679057783991,0.3218787039731217,2.3203005800615277
0.996,-0.025122159089885236,6.275249371484185,-0.2915999429415287,0.3679628368703791,2.3203005800615277
0.997,-0.01884509133496723,6.278720932114587,-0.29118594205589393,0.4140008856347393,2.3203005800615277
0.998,-0.01256504772166909,6.281201009924566,-0.2907259491595436,0.45999289635033513,2.3203005800615277
0.999,-0.006283019941676158,6.2826892132810865,-0.29022001024448835,0.5059389150552154,2.3203005800615277
1.0,-2.4492935982947064e-16,6.283185307179586,-0.2896683049895857,0.551705254902686,2.3136139381262875
1.0010000000000001,0.006283019941676556,6.2826892132810865,-0.28907087916117535,0.597425828410309,2.3136139381262875
1.002,0.012565047721668601,6.281201009924566,-0.2884277784798309,0.6431006813444244,2.3136139381262875
1.0030000000000001,0.018845091334967628,6.278720932114587,-0.28773904862040534,0.6887298594256057,2.3136139381262875
1.004,0.025122159089884747,6.275249371484185,-0.28700473521207664,0.7343134083287058,2.3136139381262875
1.0050000000000001,0.03139525976465715,6.270786876233027,-0.28622520127654977,0.7795339355268724,2.2977420303247635
1.006,0.03766340276396644,6.265334151040844,-0.2854004920343519,0.8247092421978408,2.2977420303247635
1.0070000000000001,0.04392559827537216,6.258892056956154,-0.28453065266078975,0.8698393735621383,2.2977420303247635
1.008,0.05018085742560762,6.251461611260292,-0.2836157282859947,0.9149243747950714,2.2977420303247635
1.0090000000000001,0.05642819243674151,6.24304398730677,-0.2826557639949679,0.9599642910267716,2.2977420303247635
1.01,0.06266661678215152,6.233640514335992,-0.2816513047156612,1.0044592793066849,2.2727476285470045
1.0110000000000001,0.0688951453423198,6.223252677265343,-0.2806023949430629,1.0489097725983183,2.2727476285470045
1.012,0.07511279456037803,6.211882116454725,-0.2795090791276662,1.09331581539666,2.2727476285470045
1.0130000000000001,0.08131858259744268,6.199530627447492,-0.278371401675514,1.1376774521522035,2.2727476285470045
1.014,0.08751152948763764,6.186200160686951,-0.277189406948243,1.1819947272709914,2.2727476285470045
1.0150000000000001,0.09369065729286243,6.171892821208327,-0.275963819624566,1.2255873236769887,2.2387295566634116
1.016,0.09985499025720324,6.156610868306385,-0.2746946832970794,1.26913632748658,2.2387295566634116
1.0170000000000001,0.10600355496102752,6.140356715178637,-0.27338204151478707,1.3126417822923615,2.2387295566634116
1.018,0.11213538047469042,6.123132928544292,-0.2720259377831437,1.3561037316433373,2.2387295566634116
1.0190000000000001,0.11824949851186266,6.104942228238918,-0.2706264155640988,1.399522219044962,2.2387295566634116
1.02,0.12434494358242733,6.085787486784973,-0.26918437642130055,1.4420391427982182,2.1958222986150555
1.0210000000000001,0.1304207531449489,6.065671728938175,-0.26769986287167286,1.484513549627721,2.1958222986150555
1.022,0.13647596775866264,6.044598131209883,-0.26617291738962245,1.5269454820503945,2.1958222986150555
1.0230000000000001,0.14250963123498858,6.022570021365466,-0.2646035824070818,1.5693349825406453,2.1958222986150555
1.024,0.1485207907885176,5.9995908778988305,-0.2629919003135514,1.6116820935304057,2.1958222986150555
1.025,0.15450849718747262,5.975664329483116,-0.2613389459927988,1.6529543207526325,2.144195465787861
1.026,0.16047180490360496,5.950794154397667,-0.2596447607170511,1.694185275747637,2.144195465787861
1.027,0.16640977226149234,5.924984279931455,-0.25790938571726346,1.7353749997876466,2.144195465787861
1.028,0.17232146158725803,5.898238781762837,-0.25613286218315984,1.7765235341036163,2.144195465787861
1.029,0.1782059393566245,5.87056188331603,-0.25431523126327454,1.8176309198852698,2.144195465787861
1.03,0.18406227634233857,5.841957955094131,-0.2524577369117937,1.8574943514808622,2.0840531257738846
1.031,0.1898895477608998,5.812431513989002,-0.2505604189921488,1.897317919644859,2.0840531257738846
1.032,0.1956868334186009,5.781987222567966,-0.24862331732790813,1.937101664240692,2.0840531257738846
1.033,0.20145321785683068,5.750629888337568,-0.2466464717028162,1.976845625091929,2.0840531257738846
1.034,0.20718779049664188,5.718364462984382,-0.24462992186083388,2.016549841982315,2.0840531257738846
1.035,0.21288964578253577,5.68519604159311,-0.24257507590879016,2.054845952043732,2.0156329951699776
1.036,0.21855788332546636,5.651129861841983,-0.24048197214279507,2.093103765995088,2.0156329951699776
1.037,0.22419160804501567,5.6161713031757,-0.23835064882066256,2.1313233221324923,2.0156329951699776
1.038,0.22978993031074393,5.580325885955918,-0.2361811441619488,2.1695046587137594,2.0156329951699776
1.039,0.23535196608266593,5.543599270589558,-0.23397349634799036,2.2076478139584452,2.0156329951699776
1.04,0.24087683705085772,5.505997256634926,-0.23172927207185387,2.2442242761364994,1.9392054996006403
1.041,0.24636367077414553,5.467525781885931,-0.2294485079100015,2.280764161852376,1.9392054996006403
1.042,0.2518116008178806,5.4281909214344015,-0.22713124040231894,2.317267507682536,1.9392054996006403
1.043,0.2572197668907523,5.387998886710804,-0.22477750605215208,2.3537343501668664,1.9392054996006403
1.044,0.26258731498064813,5.346956024503312,-0.22238734132634336,2.390164725808712,1.9392054996006403
1.045,0.2679133974894975,5.305068815955687,-0.21996246531116695,2.424876015176419,1.8550727046757742
1.046,0.2731971733671349,5.2623438755436975,-0.2175029127179122,2.459552593254758,1.8550727046757742
1.047,0.2784378082440933,5.218787950030753,-0.21500871822315717,2.494194494755019,1.8550727046757742
1.048,0.2836344745633779,5.174407917402377,-0.2124799164688034,2.5288017543537795,1.8550727046757742
1.049,0.2887863517111332,5.1292107857802085,-0.20991654206211047,2.563374406692941,1.8550727046757742
1.05,0.29389262614623635,5.083203692315262,-0.20732045968738216,2.596082374728316,1.7635671221033897
1.051,0.2989524915287589,5.036393902060938,-0.20469170205258652,2.6287576347956554,1.7635671221033897
1.052,0.3039651488473026,4.988788806825743,-0.2020303018329836,2.6614002196029274,1.7635671221033897
1.053,0.3089298065451668,4.940395924006081,-0.1993362916711582,2.694010161825392,1.7635671221033897
1.054,0.31384568064535023,4.891222895399126,-0.19660970417705256,2.7265874941056345,1.7635671221033897
1.055,0.31871199487434454,4.84127748599614,-0.19385254226252763,2.7571619145249278,1.665050395669946
1.056,0.3235279807847222,4.790567582756238,-0.19106483650200382,2.7877057605238016,1.665050395669946
1.057,0.328292877876478,4.739101193361006,-0.18824661743932714,2.8182190626766768,1.665050395669946
1.058,0.33300593371712595,4.686886444949931,-0.18539791558779975,2.848701851527399,1.665050395669946
1.059,0.33766640406051207,4.633931582837095,-0.18251876143021048,2.8791541575892703,1.665050395669946
1.06,0.34227355296434453,4.5802449692090805,-0.1796112881893333,2.907473240877182,1.5599118722750531
1.061,0.34682665290640174,4.52583508180456,-0.1766755241842515,2.935764005081806,1.5599118722750531
1.062,0.3513249848994249,4.470710512575455,-0.17371149770572927,2.964026478522225,1.5599118722750531
1.063,0.355767838604642,4.414879966330317,-0.17071923701624006,2.992260689489204,1.5599118722750531
1.064,0.3601545124439538,4.35835225935956,-0.16769877034999484,3.0204666662452158,1.5599118722750531
1.065,0.3644843137107052,4.301136318043452,-0.16465235280914264,3.046417540852188,1.4485670636608707
1.066,0.36875655867908674,4.2432411774423535,-0.1615800103445581,3.072342464584553,1.4485670636608707
1.067,0.3729705727120906,4.184675979870135,-0.15848176888116491,3.098241463393186,1.4485670636608707
1.068,0.37712569036805177,4.125449973450382,-0.1553576543179619,3.12411456320301,1.4485670636608707
1.069,0.38122125550572356,4.065572510656097,-0.15220769252804886,3.1499617899130246,1.4485670636608707
1.07,0.38525662138789457,4.005053046832759,-0.14903425157982758,3.1734409482212675,1.3314560049078072
1.071,0.3892311507835114,3.943901138705287,-0.14583735495245637,3.1968966273712023,1.3314560049078072
1.072,0.39314421606830946,3.8821264428688527,-0.1426170261016144,3.2203288508419874,1.3314560049078072
1.073,0.3969951993239174,3.81973871426406,-0.1393732884595251,3.2437376420893016,1.3314560049078072
1.074,0.40078349243543837,3.756747804636461,-0.13610616543497972,3.2671230245453686,1.3314560049078072
1.075,0.40450849718747356,3.6931636609809164,-0.1328181287031354,3.288036731844335,1.209041516175571
1.076,0.4081696253585921,3.628996323970782,-0.1295091991776994,3.308929525436002,1.209041516175571
1.077,0.4117662988142136,3.564255926372442,-0.12617939775146533,3.329801426234077,1.209041516175571
1.078,0.4152979495979065,3.498952691445153,-0.12282874529633397,3.3506524551313546,1.209041516175571
1.079,0.4187640200210703,3.433096931326758,-0.11945726266333424,3.3714826329997347,1.209041516175571
1.08,0.42216396275100776,3.3666990454051553,-0.1160675153654765,3.389747297857741,1.08180737455031
1.081,0.4254972408973455,3.2997695186762983,-0.11265952166742561,3.4079936980508894,1.08180737455031
1.082,0.42876332809682643,3.232318920088272,-0.10923329981558177,3.4262218518438448,1.08180737455031
1.083,0.4319617085964173,3.1643579008725626,-0.10578886803809877,3.444431777483007,1.08180737455031
1.084,0.43509187733476273,3.0958971928618855,-0.10232624454490223,3.4626234931965305,1.08180737455031
1.085,0.4381533400219315,3.0269476067956873,-0.09884807854713464,3.4781659977676025,0.9502564032134145
1.086,0.4411456132174766,2.9575200306128755,-0.09535438558730053,3.493692959834103,0.9502564032134145
1.087,0.444068224406772,2.8876254277325804,-0.09184518119236199,3.5092043949385374,0.9502564032134145
1.088,0.4469207120756319,2.8172748353228205,-0.08832048087375412,3.5247003186078674,0.9502564032134145
1.089,0.4497026257831853,2.746479362557687,-0.08478030012740059,3.5401807463535278,0.9502564032134145
1.09,0.4524135262330098,2.6752501888629965,-0.08122736139208395,3.5529387353166473,0.8149084854736613
1.091,0.4550529853424977,2.603598562151011,-0.07766167742579315,3.5656839662908038,0.8149084854736613
1.092,0.4576205863104589,2.5315357970441794,-0.07408326097375917,3.578416452033986,0.8149084854736613
1.093,0.4601159236829351,2.459073273088511,-0.07049212476846774,3.5911362052914253,0.8149084854736613
1.094,0.46253860341722913,2.38622243295653,-0.06688828152967213,3.603843238795607,0.8149084854736613
1.095,0.4648882429441257,2.312994780640427,-0.0632745161638853,3.6137653657868323,0.6762985115010416
1.096,0.4671644712283062,2.2394018796353645,-0.05965083859323423,3.623677570651066,0.6762985115010416
1.097,0.46936692882693704,2.165455351113548,-0.056017258729923795,3.633579863310436,0.6762985115010416
1.098,0.47149526794643243,2.0911668720890257,-0.05237378647624665,3.6434722536771464,0.6762985115010416
1.099,0.4735491524973719,2.0165481735738457,-0.04872043172459316,3.6533547516534903,0.6762985115010416
1.1,0.475528258147577,1.941611038725459,-0.045060030842374005,3.6604008822191556,0.5349742658659309
1.101,0.4774322723733213,1.8663673009862203,-0.04139259087571975,3.667439966654255,0.5349742658659309
1.102,0.47926089450868814,1.7908288422145073,-0.03771811886371483,3.6744720120049195,0.5349742658659309
1.103,0.4810138357930428,1.7150075908086944,-0.0340366218384046,3.6814970253102333,0.5349742658659309
1.104,0.48269081941663694,1.6389155198232728,-0.030348106824802358,3.6885150136022418,0.5349742658659309
1.105,0.4842915805643154,1.5625646450783701,-0.026655450440929297,3.692656383873061,0.39149426422107425
1.106,0.485815866457337,1.4859670232621751,-0.022958656828155687,3.696793612773609,0.39149426422107425
1.107,0.4872634363932885,1.4091347500271414,-0.01925773012371043,3.700926704445257,0.39149426422107425
1.108,0.48863406178409674,1.3320799580798595,-0.015552674460685197,3.7050556630252336,0.39149426422107425
1.109,0.4899275261921234,1.2548148152652465,-0.011843493968038568,3.7091804926466296,0.39149426422107425
1.11,0.4911436253643444,1.1773515226450177,-0.008133094144931298,3.710399823107269,0.24642554766428237
1.111,0.49228216726460267,1.0997023125710823,-0.004421476210693851,3.7116179342374473,0.24642554766428237
1.112,0.4933429721039341,1.0218794467538272,-0.0007086413834373551,3.7128348272564957,0.24642554766428237
1.113,0.494325872368957,0.9438952143259385,0.00300540911994517,3.714050503382525,0.24642554766428237
1.114,0.49523071284832565,0.8657619299017163,0.006720674083777598,3.715264963832428,0.24642554766428237
1.115,0.49605735065723894,0.7874919316325428,0.010434230611515933,3.713556527738335,0.10034144348695717
1.116,0.49680565526000425,0.7090975792584574,0.01414608041159627,3.7118498000803357,0.10034144348695717
1.117,0.49747550849065003,0.6305912521565095,0.017856225190746262,3.7101447791499944,0.10034144348695717
1.118,0.4980668045715863,0.5519853473857669,0.021564666653986847,3.7084414632405838,0.10034144348695717
1.119,0.4985794501303069,0.4732922777298883,0.025271406504633928,3.7067398506470823,0.10034144348695717
1.12,0.49901336421413583,0.3945244697367447,0.02897351600145328,3.7021094968193533,-0.04618069885409748
1.121,0.49936847830300873,0.3156943617563904,0.03267099977479873,3.697483773345452,-0.04618069885409748
1.122,0.4996447363202946,0.23681440197664724,0.036363862450393754,3.6928626755950247,-0.04618069885409748
1.123,0.49984209464164997,0.15789704645760352,0.0400521086493361,3.688246198942348,-0.04618069885409748
1.124,0.49996052210190806,0.07895475716451233,0.04373574298810243,3.6836343387663235,-0.04618069885409748
1.125,0.5,3.4626072486992218e-15,0.04741184245677786,3.676099468675435,-0.19256178760610076
1.1260000000000001,0.49996052210190806,-0.07895475716451658,0.0510804145902325,3.6685721334546377,-0.19256178760610076
1.127,0.49984209464164997,-0.15789704645759658,0.05474146691580156,3.6610523255690612,-0.19256178760610076
1.1280000000000001,0.4996447363202946,-0.23681440197665146,0.05839500695329293,3.65354003749137,-0.19256178760610076
1.129,0.49936847830300873,-0.3156943617563835,0.062041042214994686,3.6460352617017566,-0.19256178760610076
1.1300000000000001,0.4990133642141358,-0.39452446973676014,0.06567666697592607,3.6356247609313894,-0.3382232754332729
1.131,0.49857945013030697,-0.4732922777298814,0.06930189164658786,3.6252246706617925,-0.3382232754332729
1.1320000000000001,0.4980668045715862,-0.5519853473857822,0.07291672662707033,3.614834980482465,-0.3382232754332729
1.133,0.4974755084906501,-0.6305912521565026,0.07652118230706365,3.6044556799933174,-0.3382232754332729
1.1340000000000001,0.49680565526000414,-0.7090975792584727,0.0801152690658683,3.5940867588046586,-0.3382232754332729
1.135,0.496057350657239,-0.7874919316325358,0.08369610994903519,3.5808408831668856,-0.4825894439484171
1.1360000000000001,0.4952307128483255,-0.8657619299017314,0.08726371820243994,3.5676082534047504,-0.4825894439484171
1.137,0.4943258723689571,-0.9438952143259316,0.09081810705871232,3.5543888562723773,-0.4825894439484171
1.1380000000000001,0.4933429721039339,-1.0218794467538426,0.09435928973724945,3.5411826785371368,-0.4825894439484171
1.139,0.4922821672646028,-1.0997023125710756,0.09788727944422909,3.527989706979631,-0.4825894439484171
1.1400000000000001,0.4911436253643443,-1.1773515226450217,0.1013992393679608,3.511959923731708,-0.6250896770471653
1.141,0.4899275261921235,-1.2548148152652396,0.10489518553822784,3.495946170267033,-0.6250896770471653
1.1420000000000001,0.4886340617840967,-1.3320799580798635,0.10837513396878366,3.4799484305558224,-0.6250896770471653
1.143,0.4872634363932886,-1.4091347500271347,0.11183910065736799,3.4639666885843234,-0.6250896770471653
1.1440000000000001,0.4858158664573369,-1.485967023262179,0.11528710158572279,3.4480009283547957,-0.6250896770471653
1.145,0.4842915805643156,-1.5625646450783637,0.11871635129886778,3.4292497131449857,-0.7651607140727621
1.1460000000000001,0.48269081941663683,-1.638915519823277,0.12212686854801816,3.4105172491503857,-0.7651607140727621
1.147,0.48101383579304297,-1.7150075908086877,0.12551867206563794,3.39180351761978,-0.7651607140727621
1.1480000000000001,0.4792608945086878,-1.7908288422145222,0.12889178056545864,3.3731084998207046,-0.7651607140727621
1.149,0.4774322723733215,-1.8663673009862136,0.13224621274249806,3.3544321770394285,-0.7651607140727621
1.1500000000000001,0.4755282581475766,-1.9416110387254737,0.13557924550988207,3.333032767384003,-0.9022488739193135
1.151,0.47354915249737206,-2.016548173573839,0.1388909002670203,3.3116547571382324,-0.9022488739193135
1.1520000000000001,0.471495267946432,-2.0911668720890404,0.142181198391923,3.290298124902708,-0.9022488739193135
1.153,0.46936692882693726,-2.165455351113542,0.14545016124122243,3.268962849299419,-0.9022488739193135
1.154,0.46716447122830634,-2.2394018796353583,0.14869781015019415,3.2476489089717333,-0.9022488739193135
1.155,0.4648882429441259,-2.3129947806404205,0.151921495165431,3.223685015236846,-1.0358122412957826
1.156,0.46253860341722935,-2.3862224329565236,0.1551212402508267,3.1997450853956937,-1.0358122412957826
1.157,0.4601159236829353,-2.4590732730885048,0.15829706934631108,3.1758290954843824,-1.0358122412957826
1.158,0.4576205863104591,-2.531535797044173,0.16144900636787407,3.1519370215629823,-1.0358122412957826
1.159,0.45505298534249794,-2.6035985621510047,0.16457707520758957,3.1280688397155036,-1.0358122412957826
1.16,0.45241352623301007,-2.6752501888629903,0.1676787095223349,3.101634314745334,-1.1653228065227075
1.161,0.4497026257831856,-2.7464793625576807,0.17075393574663505,3.0752262243001347,-1.1653228065227075
1.162,0.4469207120756321,-2.817274835322814,0.17380278028858043,3.0488445419453805,-1.1653228065227075
1.163,0.4440682244067723,-2.887625427732574,0.17682526952985342,3.022489241272981,-1.1653228065227075
1.164,0.44114561321747686,-2.9575200306128693,0.17982142982575466,2.996160295901254,-1.1653228065227075
1.165,0.43815334002193174,-3.0269476067956806,0.1827887885903517,2.967358764597018,-1.2902685504167262
1.166,0.435091877334763,-3.0958971928618797,0.18572737462517577,2.9385860348240866,-1.2902685504167262
1.167,0.4319617085964176,-3.1643579008725564,0.1886372167029567,2.909842077780928,-1.2902685504167262
1.168,0.4287633280968267,-3.232318920088266,0.1915183435676515,2.8811268646948127,-1.2902685504167262
1.169,0.4254972408973458,-3.299769518676292,0.19437078393447327,2.8524403668217833,-1.2902685504167262
1.17,0.4221639627510081,-3.366699045405149,0.19719216875160753,2.8213848171342613,-1.4101554660350097
1.171,0.41876402002107066,-3.433096931326752,0.19998252907460395,2.7903603229964267,-1.4101554660350097
1.172,0.41529794959790683,-3.4989526914451474,0.2027418959279567,2.7593668533527302,-1.4101554660350097
1.173,0.41176629881421395,-3.5642559263724367,0.20547030030513536,2.7284043771786775,-1.4101554660350097
1.174,0.4081696253585924,-3.6289963239707763,0.20816777316861615,2.6974728634807987,-1.4101554660350097
1.175,0.4045084971874739,-3.6931636609809106,0.21083205836904745,2.664285200431302,-1.5245095093007972
1.176,0.4007834924354387,-3.7567478046364555,0.21346318909409231,2.6311307250448546,-1.5245095093007972
1.177,0.39699519932391775,-3.819738714264054,0.2160611984982261,2.5980094041337938,-1.5245095093007972
1.178,0.3931442160683098,-3.882126442868847,0.21862611970276977,2.5649212045436443,-1.5245095093007972
1.179,0.3892311507835118,-3.943901138705282,0.22115798579592286,2.5318660931530848,-1.5245095093007972
1.18,0.3852566213878949,-4.005053046832754,0.22365466245356655,2.4966766576436954,-1.6328784708118076
1.181,0.38122125550572394,-4.065572510656092,0.22611618486513638,2.4615224115698155,-1.6328784708118076
1.182,0.37712569036805216,-4.125449973450377,0.22854258818487838,2.4264033197420094,-1.6328784708118076
1.183,0.37297057271209094,-4.184675979870129,0.23093390753188442,2.391319347006031,-1.6328784708118076
1.184,0.36875655867908713,-4.243241177442349,0.23329017799012722,2.356270458242789,-1.6328784708118076
1.185,0.36448431371070555,-4.301136318043446,0.23560939550268287,2.319217512555652,-1.7348337614447138
1.186,0.3601545124439542,-4.358352259359555,0.23789159712249708,2.282201619814202,-1.7348337614447138
1.187,0.35576783860464245,-4.414879966330313,0.24013681986546256,2.2452227429654936,-1.7348337614447138
1.188,0.35132498489942526,-4.47071051257545,0.2423451007104562,2.208280844993634,-1.7348337614447138
1.189,0.34682665290640213,-4.525835081804555,0.24451647659937595,2.171375888919746,-1.7348337614447138
1.19,0.3422735529643449,-4.580244969209076,0.2466490816703126,2.132605070936652,-1.8299721047087087
1.191,0.33766640406051246,-4.633931582837089,0.24874295469408414,2.093873023771541,-1.8299721047087087
1.192,0.33300593371712633,-4.686886444949926,0.25079813440273774,2.0551797086535952,-1.8299721047087087
1.193,0.3282928778764784,-4.739101193361002,0.2528146594895885,2.0165250868507676,-1.8299721047087087
1.194,0.3235279807847226,-4.790567582756235,0.2547925686092582,1.9779091196697427,-1.8299721047087087
1.195,0.31871199487434493,-4.841277485996136,0.2567301414772249,1.9375728679666813,-1.91791712916959
1.196,0.3138456806453506,-4.891222895399122,0.25862741842974024,1.8972769525153228,-1.91791712916959
1.197,0.30892980654516716,-4.9403959240060775,0.2604844397627197,1.8570213329794156,-1.91791712916959
1.198,0.303965148847303,-4.988788806825738,0.2623012457317827,1.8168059690630445,-1.91791712916959
1.199,0.29895249152875936,-5.036393902060934,0.2640778765522933,1.7766308205105896,-1.91791712916959
1.2,0.2938926261462368,-5.083203692315258,0.2658127643248902,1.7348877725968816,-1.9983208546598672
1.201,0.28878635171113365,-5.129210785780204,0.2675059507926213,1.6931864677310875,-1.9983208546598672
1.202,0.2836344745633784,-5.174407917402372,0.26915747765679143,1.651526864170159,-1.9983208546598672
1.203,0.27843780824409375,-5.218787950030749,0.2707673865770042,1.6099089202127916,-1.9983208546598672
1.204,0.27319717336713534,-5.262343875543694,0.2723357191712036,1.5683325941993815,-1.9983208546598672
1.205,0.26791339748949794,-5.305068815955684,0.2738610661314806,1.5253469602769836,-2.070865066409931
1.206,0.2625873149806486,-5.346956024503308,0.2753434704434691,1.482404311988508,-2.070865066409931
1.207,0.25721976689075277,-5.3879988867107995,0.2767829750498174,1.4395046063483208,-2.070865066409931
1.208,0.25181160081788106,-5.428190921434398,0.2781796228502312,1.396647800413774,-2.070865066409931
1.209,0.246363670774146,-5.467525781885928,0.27953345670151636,1.3538338512851615,-2.070865066409931
1.21,0.24087683705085822,-5.505997256634922,0.28084323146751666,1.3097747660003296,-2.135262571677341
1.211,0.23535196608266643,-5.543599270589555,0.28210899120731747,1.2657597398007825,-2.135262571677341
1.212,0.2297899303107444,-5.580325885955914,0.2833307799359449,1.221788728627435,-2.135262571677341
1.213,0.22419160804501617,-5.6161713031756975,0.2845086416244102,1.1778616884652606,-2.135262571677341
1.214,0.21855788332546686,-5.651129861841979,0.28564262019975345,1.1339785753432485,-2.135262571677341
1.215,0.21288964578253627,-5.685196041593107,0.28673163962984305,1.0890194300895986,-2.191258333915341
1.216,0.20718779049664238,-5.718364462984378,0.28777574487382424,1.0441052439812022,-2.191258333915341
1.217,0.20145321785683118,-5.750629888337565,0.28877498084588316,0.9992359720589141,-2.191258333915341
1.218,0.1956868334186014,-5.781987222567963,0.2897293924152917,0.9544115694085484,-2.191258333915341
1.219,0.1898895477609003,-5.812431513988999,0.29063902440645256,0.909631991160833,-2.191258333915341
1.22,0.1840622763423391,-5.841957955094129,0.29150297415602217,0.8639497495695779,-2.2386304800047157
1.221,0.17820593935662501,-5.870561883316028,0.2923212873462421,0.818313190219914,-2.2386304800047157
1.222,0.17232146158725856,-5.898238781762835,0.29309400961367166,0.7727222674295998,-2.2386304800047157
1.223,0.16640977226149287,-5.924984279931452,0.2938211865492337,0.7271769355620759,-2.2386304800047157
1.224,0.1604718049036055,-5.950794154397665,0.2945028636982601,0.6816771490264195,-2.2386304800047157
1.225,0.15450849718747314,-5.975664329483114,0.295138315346606,0.6354516483459044,-2.277191176574434
1.226,0.14852079078851813,-5.999590877898829,0.2957275877197721,0.5892723731660698,-2.277191176574434
1.227,0.1425096312349874,-6.02257002136547,0.2962707269970335,0.5431392772614151,-2.277191176574434
1.228,0.1364759677586632,-6.044598131209882,0.2967677793114862,0.497052314452665,-2.277191176574434
1.229,0.13042075314494855,-6.0656717289381765,0.2972187907500929,0.45101143860672366,-2.277191176574434
1.23,0.12434494358242786,-6.085787486784971,0.29762321542982195,0.40442467972906015,-2.3067873719528382
1.231,0.11824949851186232,-6.10494222823892,0.2979810999374322,0.35788450761027435,-2.3067873719528382
1.232,0.11213538047469096,-6.12313292854429,0.29829249081309583,0.3113908756636073,-2.3067873719528382
1.233,0.1060035549610272,-6.140356715178638,0.2985574345504447,0.26494373734888693,-2.3067873719528382
1.234,0.09985499025720378,-6.156610868306383,0.29877597759661717,0.21854304617248127,-2.3067873719528382
1.235,0.09369065729286209,-6.171892821208328,0.298947756071727,0.17177847510987374,-2.327301400821753
1.236,0.08751152948763818,-6.18620016068695,0.29907281674034536,0.12506066861832882,-2.327301400821753
1.237,0.08131858259744147,-6.199530627447494,0.29915120632027864,0.07838957993327544,-2.327301400821753
1.238,0.07511279456037859,-6.211882116454723,0.2991829714826155,0.03176516233690711,-2.327301400821753
1.239,0.0688951453423186,-6.223252677265345,0.29916815885177367,-0.014812630841864849,-2.327301400821753
1.24,0.06266661678215207,-6.233640514335991,0.2991065880045789,-0.06157084719477259,-2.3386514491874806
1.241,0.0564281924367403,-6.243043987306771,0.29899830569924757,-0.10828230533132743,-2.3386514491874806
1.242,0.05018085742560817,-6.251461611260291,0.2988433586472378,-0.1549470520097457,-2.3386514491874806
1.243,0.04392559827537094,-6.258892056956155,0.29864179351329634,-0.20156513394148556,-2.3386514491874806
1.244,0.037663402763966985,-6.265334151040843,0.29839365691550507,-0.24813659779129368,-2.3386514491874806
1.245,0.03139525976465593,-6.270786876233028,0.2980989526167549,-0.2947042987501868,-2.3407918778342185
1.246,0.025122159089885295,-6.275249371484185,0.2977577271847468,-0.34122543200812094,-2.3407918778342185
1.247,0.01884509133496729,-6.278720932114587,0.297370027140614,-0.3877000441327972,-2.3407918778342185
1.248,0.01256504772166915,-6.281201009924566,0.29693589895896866,-0.4341281816453487,-2.3407918778342185
1.249,0.006283019941676219,-6.2826892132810865,0.29645538906794827,-0.4805098910203877,-2.3407918778342185
1.25,3.061616997868383e-16,-6.283185307179586,0.2959286854187592,-0.5267036491890404,-2.3337134029836553
1.2510000000000001,-0.0062830199416764945,-6.2826892132810865,0.2953558342051597,-0.5728512135995245,-2.3337134029836553
1.252,-0.01256504772166854,-6.281201009924566,0.2947368815747141,-0.6189526304455981,-2.3337134029836553
1.2530000000000001,-0.018845091334967565,-6.278720932114587,0.2940718736288393,-0.6650079458748256,-2.3337134029836553
1.254,-0.025122159089884685,-6.275249371484185,0.29336085642285065,-0.7110172059886238,-2.3337134029836553
1.2550000000000001,-0.03139525976465709,-6.270786876233027,0.29260420137139903,-0.756655051451602,-2.3174431334483363
1.256,-0.037663402763966375,-6.265334151040844,0.2918019541123299,-0.8022472590691171,-2.3174431334483363
1.2570000000000001,-0.043925598275372096,-6.258892056956154,0.29095416023785087,-0.8477938744790147,-2.3174431334483363
1.258,-0.050180857425607565,-6.251461611260292,0.29006086529457736,-0.8932949432735023,-2.3174431334483363
1.2590000000000001,-0.05642819243674146,-6.24304398730677,0.2891221147835782,-0.9387505109991956,-2.3174431334483363
1.26,-0.06266661678215146,-6.233640514335992,0.28813846213380734,-0.9836526497708463,-2.2920444641324984
1.2610000000000001,-0.06889514534231975,-6.223252677265344,0.2871099522474036,-1.0285098864037254,-2.2920444641324984
1.262,-0.07511279456037798,-6.211882116454725,0.2860366299816036,-1.0733222657999717,-2.2920444641324984
1.2630000000000001,-0.08131858259744262,-6.199530627447492,0.2849185401487868,-1.1180898328168216,-2.2920444641324984
1.264,-0.08751152948763757,-6.186200160686951,0.2837557275165202,-1.1628126322666548,-2.2920444641324984
1.2650000000000001,-0.09369065729286236,-6.171892821208327,0.28254892536035975,-1.2068021561604134,-2.2576168263012666
1.266,-0.09985499025720317,-6.156610868306385,0.28129817766982945,-1.2507476905302783,-2.2576168263012666
1.2670000000000001,-0.10600355496102747,-6.140356715178637,0.28000352839046366,-1.2946492793657733,-2.2576168263012666
1.268,-0.11213538047469036,-6.123132928544292,0.27866502142385124,-1.338506966612433,-2.2576168263012666
1.2690000000000001,-0.11824949851186259,-6.104942228238919,0.2772827006276794,-1.3823207961718458,-2.2576168263012666
1.27,-0.12434494358242726,-6.085787486784973,0.2758574762463916,-1.425224381287757,-2.2142952956041517
1.2710000000000001,-0.1304207531449488,-6.065671728938175,0.2743893911835731,-1.4680850628185522,-2.2142952956041517
1.272,-0.13647596775866258,-6.0445981312098835,0.27287848829990524,-1.5109028836678167,-2.2142952956041517
1.2730000000000001,-0.14250963123498853,-6.022570021365466,0.271324810413209,-1.553677886696232,-2.2142952956041517
1.274,-0.14852079078851668,-5.999590877898834,0.2697284002984874,-1.5964101147216188,-2.2142952956041517
1.2750000000000001,-0.15450849718747425,-5.975664329483109,0.26809034159269246,-1.6380587057949045,-2.16225005940037
1.276,-0.1604718049036049,-5.950794154397667,0.26641067594441536,-1.679665648277117,-2.16225005940037
1.2770000000000001,-0.16640977226149312,-5.924984279931452,0.26468944496059854,-1.7212309838168474,-2.16225005940037
1.278,-0.17232146158725797,-5.898238781762838,0.2629266902065775,-1.762754754021038,-2.16225005940037
1.2790000000000001,-0.1782059393566261,-5.8705618833160225,0.2611224532061225,-1.8042370004550243,-2.16225005940037
1.28,-0.18406227634233935,-5.841957955094127,0.25927798672775815,-1.8444664783643423,-2.1016857454886546
1.281,-0.18988954776090056,-5.812431513988998,0.2573933310009624,-1.884655726795751,-2.1016857454886546
1.282,-0.19568683341860085,-5.781987222567966,0.25546852621498367,-1.9248047859787285,-2.1016857454886546
1.283,-0.20145321785683062,-5.750629888337569,0.25350361251888115,-1.9649136961025229,-2.1016857454886546
1.284,-0.20718779049664263,-5.718364462984377,0.251498630021565,-2.0049824973161936,-2.1016857454886546
1.285,-0.21288964578253491,-5.685196041593115,0.24945499569444826,-2.043634327116703,-2.0328406148912763
1.286,-0.2185578833254663,-5.651129861841983,0.24737274818936084,-2.0822475050874116,-2.0328406148912763
1.287,-0.22419160804501562,-5.616171303175701,0.24525192611948068,-2.1208220698801497,-2.0328406148912763
1.288,-0.22978993031074307,-5.580325885955923,0.2430925680593726,-2.159358060108095,-2.0328406148912763
1.289,-0.2353519660826651,-5.543599270589564,0.24089471254502678,-2.1978555143458123,-2.0328406148912763
1.29,-0.24087683705085766,-5.5059972566349265,0.23865993517375775,-2.2347773712690366,-1.955985621878503
1.291,-0.24636367077414548,-5.467525781885931,0.23638827286742242,-2.2716623063353376,-1.955985621878503
1.292,-0.2518116008178798,-5.428190921434408,0.23407976251095586,-2.3085103564665723,-1.955985621878503
1.293,-0.25721976689075227,-5.387998886710804,0.2317344409524082,-2.345321558547676,-1.955985621878503
1.294,-0.2625873149806481,-5.346956024503312,0.2293523450029815,-2.3820959494266982,-1.955985621878503
1.295,-0.26791339748949816,-5.305068815955682,0.22693520268260534,-2.4171423203761444,-1.8714233449436546
1.296,-0.2731971733671341,-5.262343875543705,0.2244830490376507,-2.4521536449546413,-1.8714233449436546
1.297,-0.27843780824409325,-5.2187879500307535,0.22199591907944213,-2.4871299582085595,-1.8714233449436546
1.298,-0.28363447456337865,-5.1744079174023705,0.2194738477842929,-2.522071295149224,-1.8714233449436546
1.299,-0.28878635171113387,-5.129210785780202,0.21691687009353997,-2.556977690752948,-1.8714233449436546
1.3,-0.2938926261462363,-5.083203692315262,0.2143268596446188,-2.59001044892116,-1.7794867929482465
1.301,-0.29895249152875886,-5.036393902060938,0.21170384947028761,-2.623010174331204,-1.7794867929482465
1.302,-0.30396514884730325,-4.988788806825736,0.20904787257027177,-2.6559769000158377,-1.7794867929482465
1.303,-0.308929806545166,-4.940395924006088,0.206358961911297,-2.6889106589747866,-1.7794867929482465
1.304,-0.3138456806453502,-4.891222895399126,0.20363715042712222,-2.721811484174777,-1.7794867929482465
1.305,-0.3187119948743445,-4.84127748599614,0.20088444999260863,-2.752700434513589,-1.6805380911493422
1.306,-0.3235279807847215,-4.790567582756246,0.19810089149670657,-2.7835584959020623,-1.6805380911493422
1.307,-0.32829287787647726,-4.739101193361014,0.19528650579747742,-2.814385699229147,-1.6805380911493422
1.308,-0.3330059337171259,-4.6868864449499315,0.19244132372212452,-2.8451820753529047,-1.6805380911493422
1.309,-0.337666404060512,-4.633931582837095,0.18956537606702398,-2.8759476551005387,-1.6805380911493422
1.31,-0.3422735529643438,-4.5802449692090885,0.18666080501853263,-2.904571048491344,-1.5749670522953005
1.311,-0.3468266529064017,-4.525835081804561,0.18372763920004387,-2.933165818488759,-1.5749670522953005
1.312,-0.3513249848994248,-4.470710512575455,0.18076590720632768,-2.961731993716176,-1.5749670522953005
1.313,-0.3557678386046426,-4.41487996633031,0.17777563760355933,-2.990269602768366,-1.5749670522953005
1.314,-0.36015451244395313,-4.3583522593595685,0.17475685892934784,-3.0187786742115037,-1.5749670522953005
1.315,-0.36448431371070517,-4.3011363180434525,0.17171183524104194,-3.045023688305886,-1.4631896384296907
1.316,-0.3687565586790873,-4.243241177442346,0.16864059278365576,-3.071242457386174,-1.4631896384296907
1.317,-0.37297057271209116,-4.184675979870127,0.16554315777595838,-3.097435007697382,-1.4631896384296907
1.318,-0.37712569036805177,-4.125449973450383,0.1624195564105001,-3.123601365458278,-1.4631896384296907
1.319,-0.3812212555057235,-4.065572510656098,0.1592698148536387,-3.1497415568614135,-1.4631896384296907
1.32,-0.38525662138789507,-4.005053046832751,0.15609631011194466,-3.1735047416940416,-1.3456463194744688
1.321,-0.38923115078351084,-3.9439011387052965,0.15289906594860284,-3.197244163341837,-1.3456463194744688
1.322,-0.3931442160683094,-3.882126442868853,0.14967810610303486,-3.2209598455679846,-1.3456463194744688
1.323,-0.3969951993239174,-3.8197387142640604,0.14643345429092297,-3.244651812111906,-1.3456463194744688
1.324,-0.40078349243543887,-3.756747804636453,0.14316513420423368,-3.2683200866892834,-1.3456463194744688
1.325,-0.404508497187473,-3.693163660980926,0.13987562643092968,-3.2895077733040123,-1.2228003350709062
1.326,-0.4081696253585921,-3.6289963239707825,0.13656495215869754,-3.3106742722321263,-1.2228003350709062
1.327,-0.4117662988142136,-3.564255926372443,0.13323313255403624,-3.3318196046613124,-1.2228003350709062
1.328,-0.415297949597906,-3.498952691445164,0.12988018876227816,-3.352943791758069,-1.2228003350709062
1.329,-0.4187640200210703,-3.4330969313267587,0.12650614190761045,-3.3740468546677294,-1.2228003350709062
1.33,-0.42216396275100776,-3.366699045405156,0.12311356638246662,-3.392575525143831,-1.0951358665384645
1.331,-0.4254972408973459,-3.2997695186762894,0.11970248071551716,-3.4110856669494565,-1.0951358665384645
1.332,-0.42876332809682594,-3.232318920088282,0.11627290341690388,-3.4295772986132764,-1.0951358665384645
1.333,-0.43196170859641725,-3.1643579008725635,0.11282485297825845,-3.4480504386454323,-1.0951358665384645
1.334,-0.4350918773347631,-3.0958971928618766,0.10935834787272089,-3.466505105537556,-1.0951358665384645
1.335,-0.4381533400219319,-3.026947606795678,0.10587604614976553,-3.4823017229553535,-0.9631561261667421
1.336,-0.44114561321747653,-2.9575200306128764,0.1023779636060098,-3.498082543755733,-0.9631561261667421
1.337,-0.444068224406772,-2.887625427732581,0.09886411602227449,-3.5138475837353123,-0.9631561261667421
1.338,-0.4469207120756323,-2.8172748353228108,0.09533451916359958,-3.529596858674912,-0.9631561261667421
1.339,-0.44970262578318493,-2.7464793625576975,0.09178918877926001,-3.5453303843395716,-0.9631561261667421
1.34,-0.4524135262330098,-2.6752501888629974,0.08823085609787715,-3.5583326813828635,-0.8273813713815674
1.341,-0.45505298534249766,-2.603598562151012,0.08465953412174804,-3.571321976129112,-0.8273813713815674
1.342,-0.4576205863104592,-2.53153579704417,0.08107523584016742,-3.5842982815806144,-0.8273813713815674
1.343,-0.46011592368293475,-2.459073273088522,0.07747797422944075,-3.5972616107266653,-0.8273813713815674
1.344,-0.46253860341722913,-2.3862224329565307,0.07386776225289718,-3.61021197654357,-0.8273813713815674
1.345,-0.4648882429441257,-2.312994780640428,0.0702473935512977,-3.6203687015994888,-0.688346851623103
1.346,-0.46716447122830584,-2.2394018796353756,0.06661687828136734,-3.6305152699303513,-0.688346851623103
1.347,-0.4693669288269367,-2.1654553511135597,0.06297622658967446,-3.640651691692883,-0.688346851623103
1.348,-0.4714952679464324,-2.0911668720890266,0.05932544861264081,-3.6507779770336524,-0.688346851623103
1.349,-0.47354915249737217,-2.016548173573836,0.05566455447655173,-3.6608941360890808,-0.688346851623103
1.35,-0.4755282581475767,-1.9416110387254706,0.05199638922067795,-3.668165255873775,-0.5466006960391738
1.351,-0.47743227237332125,-1.866367300986221,0.04832096011613927,-3.675429104538685,-0.5466006960391738
1.352,-0.47926089450868814,-1.790828842214508,0.044638274426784336,-3.68268568935493,-0.5466006960391738
1.353,-0.481013835793043,-1.7150075908086846,0.040948339409197974,-3.6899350175863583,-0.5466006960391738
1.354,-0.4826908194166369,-1.6389155198232734,0.03725116231270842,-3.6971770964895554,-0.5466006960391738
1.355,-0.4842915805643154,-1.562564645078371,0.03354962835830874,-3.7015339543996797,-0.40270175033069233
1.356,-0.48581586645733715,-1.485967023262165,0.02984374190285685,-3.705886455451894,-0.40270175033069233
1.357,-0.4872634363932883,-1.409134750027153,0.026133507298853793,-3.710234604003056,-0.40270175033069233
1.358,-0.48863406178409674,-1.3320799580798601,0.022418928894448124,-3.7145784044056667,-0.40270175033069233
1.359,-0.4899275261921234,-1.2548148152652474,0.01870001103344025,-3.718917861007875,-0.40270175033069233
1.36,-0.4911436253643445,-1.1773515226450075,0.014979667742867648,-3.7203432905726013,-0.2572173712867093
1.361,-0.4922821672646025,-1.099702312571094,0.011257900448159885,-3.721767294707763,-0.2572173712867093
1.362,-0.4933429721039341,-1.0218794467538281,0.0075347105733210955,-3.7231898748387895,-0.2572173712867093
1.363,-0.494325872368957,-0.9438952143259394,0.0038100995409314103,-3.724611032389685,-0.2572173712867093
1.364,-0.49523071284832554,-0.865761929901728,8.40687721483809e-05,-3.7260307687830294,-0.2572173712867093
1.365,-0.4960573506572388,-0.7874919316325547,-0.003640450389620138,-3.724519161768519,-0.11072118771363204
1.366,-0.49680565526000425,-0.7090975792584582,-0.007363459455981162,-3.723009066361023,-0.11072118771363204
1.367,-0.4974755084906501,-0.630591252156499,-0.011084959937030096,-3.7215004810489347,-0.11072118771363204
1.368,-0.4980668045715862,-0.5519853473857788,-0.014804953341352255,-3.7199934043221585,-0.11072118771363204
1.369,-0.4985794501303069,-0.47329227772988913,-0.018523441176024363,-3.718487834672109,-0.11072118771363204
1.37,-0.49901336421413583,-0.3945244697367455,-0.02223748633959371,-3.714045163569349,0.03620916340438607
1.371,-0.4993684783030088,-0.31569436175638,-0.025947093274731405,-3.709606935137692,0.03620916340438607
1.372,-0.4996447363202946,-0.23681440197664802,-0.02965226641966587,-3.705173144934467,0.03620916340438607
1.373,-0.49984209464164997,-0.15789704645760427,-0.03335301020818732,-3.7007437885214447,0.03620916340438607
1.374,-0.49996052210190806,-0.07895475716450195,-0.03704932906965215,-3.6963188614648357,0.03620916340438607
1.375,-0.5,-1.5393254719815557e-14,-0.04073829172592395,-3.6889626562717956,0.18299431657875032
1.3760000000000001,-0.49996052210190806,0.0789547571645158,-0.0444199055332079,-3.681613807283949,0.18299431657875032
1.377,-0.49984209464164997,0.15789704645759584,-0.048094177840352983,-3.67427230714509,0.18299431657875032
1.3780000000000001,-0.4996447363202946,0.23681440197666184,-0.05176111598885935,-3.66693814850637,0.18299431657875032
1.379,-0.4993684783030088,0.31569436175637156,-0.05542072731288564,-3.6596113240262884,0.18299431657875032
1.3800000000000001,-0.4990133642141358,0.39452446973675936,-0.05907009791630137,-3.649370603415734,0.32905546432641386
1.381,-0.49857945013030697,0.47329227772988064,-0.06270923803982716,-3.63914012352579,0.32905546432641386
1.3820000000000001,-0.49806680457158625,0.5519853473857703,-0.06633815791394289,-3.6289198741157356,0.32905546432641386
1.383,-0.49747550849065014,0.6305912521564907,-0.06995686775889798,-3.6187098449550916,0.32905546432641386
1.3840000000000001,-0.49680565526000414,0.7090975792584719,-0.07356537778472158,-3.6085100258236085,0.32905546432641386
1.385,-0.4960573506572389,0.7874919316325462,-0.07716080296768953,-3.5954251829679484,0.4738166414918117
1.3860000000000001,-0.49523071284832565,0.8657619299017195,-0.08074315639264468,-3.5823534249551443,0.4738166414918117
1.387,-0.4943258723689571,0.9438952143259309,-0.08431245113134503,-3.569294738700353,0.4738166414918117
1.3880000000000001,-0.4933429721039339,1.0218794467538417,-0.08786870024247684,-3.5562491111318164,0.4738166414918117
1.389,-0.4922821672646026,1.0997023125710856,-0.09141191677166768,-3.543216529190848,0.4738166414918117
1.3900000000000001,-0.49114362536434436,1.177351522645021,-0.09493925594436203,-3.527339172694349,0.6167069983654072
1.391,-0.4899275261921235,1.254814815265239,-0.09845073363791638,-3.5114776935543466,0.6167069983654072
1.3920000000000001,-0.4886340617840965,1.3320799580798737,-0.10194636571380987,-3.495632075893484,0.6167069983654072
1.393,-0.48726343639328845,1.4091347500271447,-0.10542616801766015,-3.4798023038502826,0.6167069983654072
1.3940000000000001,-0.48581586645733693,1.4859670232621784,-0.10889015637923928,-3.463988361579124,0.6167069983654072
1.395,-0.4842915805643156,1.5625646450783628,-0.11233553749138428,-3.445381112145003,0.7571630536270934
1.3960000000000001,-0.4826908194166366,1.6389155198232868,-0.1157623299613446,-3.426792469960316,0.7571630536270934
1.397,-0.4810138357930432,1.7150075908086762,-0.11917055237776242,-3.4082224164178134,0.7571630536270934
1.3980000000000001,-0.4792608945086878,1.7908288422145215,-0.12256022331069127,-3.389670932928854,0.7571630536270934
1.399,-0.4774322723733215,1.866367300986213,-0.12593136131161467,-3.3711380009233833,0.7571630536270934
1.4000000000000001,-0.4755282581475769,1.9416110387254626,-0.12928123555617269,-3.349874244558005,0.8946309182227294
1.401,-0.4735491524973724,2.016548173573828,-0.1326098673081217,-3.3286317519489925,0.8946309182227294
1.4020000000000001,-0.47149526794643204,2.0911668720890395,-0.13591727780995427,-3.307410501832589,0.8946309182227294
1.403,-0.4693669288269369,2.1654553511135517,-0.13920348828292056,-3.2862104729663018,0.8946309182227294
1.4040000000000001,-0.46716447122830607,2.239401879635368,-0.14246851992704945,-3.265031644128881,0.8946309182227294
1.405,-0.4648882429441259,2.31299478064042,-0.14570971516990627,-3.2411952428568194,1.0285684813966374
1.4060000000000001,-0.4625386034172287,2.3862224329565436,-0.1489270978478923,-3.2173826779860297,1.0285684813966374
1.407,-0.46011592368293497,2.4590732730885145,-0.1521206917735724,-3.193593925680111,1.0285684813966374
1.408,-0.4576205863104595,2.5315357970441625,-0.1552905207356989,-3.1698289621264983,1.0285684813966374
1.409,-0.455052985342498,2.6035985621510043,-0.15843660849923535,-3.146087763536439,1.0285684813966374
1.41,-0.45241352623301007,2.67525018886299,-0.1615563812240032,-3.119772724767857,1.158447550252279
1.411,-0.4497026257831852,2.74647936255769,-0.16464986522504124,-3.0934840010380436,1.158447550252279
1.412,-0.44692071207563255,2.8172748353228036,-0.1677170867910732,-3.06722156603196,1.158447550252279
1.413,-0.4440682244067723,2.8876254277325737,-0.17075807218453407,-3.0409853934608826,1.158447550252279
1.414,-0.44114561321747686,2.957520030612869,-0.17377284764159645,-3.014775457062376,1.158447550252279
1.415,-0.43815334002193224,3.0269476067956704,-0.17675893320451383,-2.986085562917379,1.2837559343967424
1.416,-0.43509187733476345,3.0958971928618695,-0.17971635756318036,-2.9574243586665268,1.2837559343967424
1.417,-0.4319617085964176,3.164357900872556,-0.18264514937880028,-2.9287918156199253,1.2837559343967424
1.418,-0.42876332809682627,3.2323189200882747,-0.18554533728391664,-2.9001879051163706,1.2837559343967424
1.419,-0.42549724089734625,3.2997695186762823,-0.18841694988243995,-2.871612598523319,1.2837559343967424
1.42,-0.4221639627510081,3.366699045405149,-0.1912576108790159,-2.8406609965759677,1.403999467441404
1.421,-0.41876402002107066,3.4330969313267516,-0.1940673512252465,-2.8097403462305635,1.403999467441404
1.422,-0.41529794959790634,3.498952691445156,-0.196846201841782,-2.7788506165355047,1.403999467441404
1.423,-0.411766298814214,3.564255926372436,-0.19959419361835215,-2.747991776570141,1.403999467441404
1.424,-0.40816962535859247,3.6289963239707754,-0.20231135741379688,-2.7171637954447427,1.403999467441404
1.425,-0.4045084971874734,3.693163660980919,-0.20499542996629858,-2.684072552501691,1.5187039573803456
1.426,-0.40078349243543926,3.7567478046364458,-0.20764644436710017,-2.6510144008015826,1.5187039573803456
1.427,-0.3969951993239178,3.819738714264054,-0.21026443367435335,-2.617989307253174,1.5187039573803456
1.428,-0.39314421606830985,3.8821264428688464,-0.21284943091315167,-2.584997238798314,1.5187039573803456
1.429,-0.3892311507835112,3.9439011387052902,-0.21540146907556357,-2.552038162411909,1.5187039573803456
1.43,-0.3852566213878955,4.005053046832745,-0.21791840685865008,-2.5169377830865223,1.627417058148732
1.431,-0.38122125550572394,4.065572510656091,-0.22040027936279052,-2.481872504140461,1.627417058148732
1.432,-0.3771256903680522,4.125449973450376,-0.22284712165326387,-2.446842290473346,1.627417058148732
1.433,-0.3729705727120916,4.18467597987012,-0.22525896876028376,-2.411847107019898,1.627417058148732
1.434,-0.36875655867908774,4.24324117744234,-0.22763585567903366,-2.3768869187499035,1.627417058148732
1.435,-0.36448431371070567,4.301136318043446,-0.2299757715097653,-2.3399158307316603,1.7297100549746607
1.436,-0.3601545124439536,4.358352259359563,-0.23227875322356675,-2.3029817138014352,1.7297100549746607
1.437,-0.3557678386046431,4.414879966330304,-0.2345448377545549,-2.2660845309881408,1.7297100549746607
1.438,-0.3513249848994253,4.470710512575449,-0.23677406199991255,-2.2292242453576594,1.7297100549746607
1.439,-0.3468266529064022,4.525835081804555,-0.23896646281992537,-2.1924008200128084,1.7297100549746607
1.44,-0.3422735529643443,4.580244969209083,-0.2411201676479886,-2.153704828063241,1.8251795564777298
1.441,-0.3376664040605125,4.633931582837088,-0.24323521518009422,-2.1150475321056232,1.8251795564777298
1.442,-0.3330059337171264,4.686886444949926,-0.2453116440735382,-2.076428893443963,1.8251795564777298
1.443,-0.32829287787647776,4.739101193361009,-0.24734949294695915,-2.0378488734209648,1.8251795564777298
1.444,-0.323527980784722,4.790567582756241,-0.24934880038037716,-1.9993074334179892,1.8251795564777298
1.445,-0.318711994874345,4.841277485996135,-0.251307839524625,-1.9590391442478452,1.9134490868363012
1.446,-0.3138456806453507,4.891222895399121,-0.2532266506479919,-1.9188111233668714,1.9134490868363012
1.447,-0.30892980654516655,4.940395924006084,-0.25510527397849864,-1.8786233305067785,1.9134490868363012
1.448,-0.30396514884730375,4.988788806825731,-0.2569437497039382,-1.8384757254395458,1.9134490868363012
1.449,-0.2989524915287594,5.036393902060934,-0.25874211797191554,-1.7983682679773803,1.9134490868363012
1.45,-0.29389262614623685,5.083203692315257,-0.26049880446019014,-1.7566864882746198,1.9941705717391485
1.451,-0.2887863517111344,5.129210785780197,-0.2622138508505417,-1.7150463903515623,1.9941705717391485
1.452,-0.2836344745633792,5.174407917402365,-0.26388729878306816,-1.6734479325264278,1.9941705717391485
1.453,-0.2784378082440938,5.218787950030748,-0.2655191898562273,-1.6318910731591183,1.9941705717391485
1.454,-0.27319717336713467,5.2623438755437,-0.2671095656268785,-1.5903757706511763,1.9941705717391485
1.455,-0.2679133974894988,5.305068815955678,-0.2686570105075139,-1.5474448806353889,2.067025712256816
1.456,-0.26258731498064863,5.346956024503307,-0.27016156742902353,-1.504556921509617,2.067025712256816
1.457,-0.2572197668907528,5.3879988867107995,-0.2716232792793665,-1.4617118503429711,2.067025712256816
1.458,-0.25181160081788034,5.428190921434403,-0.27304218890361404,-1.418909624247492,2.067025712256816
1.459,-0.24636367077414606,5.467525781885928,-0.27441833910399216,-1.376150200378108,2.067025712256816
1.46,-0.24087683705085827,5.505997256634922,-0.2757504786093457,-1.3321395053535265,2.131727241210177
1.461,-0.23535196608266568,5.54359927058956,-0.27703865143036965,-1.2881728210239696,2.131727241210177
1.462,-0.22978993031074368,5.5803258859559195,-0.2782829015337484,-1.244250103378742,2.131727241210177
1.463,-0.22419160804501623,5.616171303175697,-0.2794832728421996,-1.2003713084511598,2.131727241210177
1.464,-0.2185578833254669,5.651129861841979,-0.2806398092345181,-1.156536392318505,2.131727241210177
1.465,-0.21288964578253552,5.685196041593111,-0.28175142868930275,-1.1116194547846376,2.1880200570774497
1.466,-0.20718779049664324,5.718364462984374,-0.2828181761234911,-1.066747434188304,2.1880200570774497
1.467,-0.20145321785683123,5.750629888337565,-0.2838400964091036,-1.0219202856125669,2.1880200570774497
1.468,-0.19568683341860146,5.781987222567963,-0.28481723437328904,-0.9771379641854053,2.1880200570774497
1.469,-0.1898895477609012,5.812431513988995,-0.28574963479836873,-0.9324004250796709,2.1880200570774497
1.47,-0.18406227634234,5.841957955094124,-0.28663638917840406,-0.8867543800353074,2.2356822309641955
1.471,-0.17820593935662507,5.870561883316027,-0.2874775431594401,-0.8411539810359882,2.2356822309641955
1.472,-0.1723214615872586,5.898238781762835,-0.28827314234187573,-0.7955991824356683,2.2356822309641955
1.473,-0.16640977226149375,5.924984279931449,-0.2890232322805097,-0.7500899386339487,2.2356822309641955
1.474,-0.16047180490360555,5.950794154397665,-0.2897278584845857,-0.7046262040760308,2.2356822309641955
1.475,-0.1545084971874732,5.975664329483114,-0.29038628954480444,-0.6584310602187154,2.274525882661968
1.476,-0.14852079078851732,5.999590877898832,-0.2909985716563097,-0.6122821115052574,2.274525882661968
1.477,-0.1425096312349883,6.022570021365467,-0.29156475096805023,-0.5661793117405127,2.274525882661968
1.478,-0.13647596775866325,6.044598131209881,-0.29208487358282575,-0.5201226147755329,2.274525882661968
1.479,-0.13042075314494775,6.065671728938178,-0.2925589855573333,-0.474111974507518,2.274525882661968
1.48,-0.12434494358242705,6.085787486784974,-0.29298653546141956,-0.4275499040862593,2.30439792233756
1.481,-0.11824949851186238,6.104942228238919,-0.293367569857155,-0.38103439573542186,2.30439792233756
1.482,-0.11213538047469102,6.1231329285442895,-0.29370213526004796,-0.33456540289293524,2.30439792233756
1.483,-0.1060035549610264,6.14035671517864,-0.29399027813909123,-0.2881428790432911,2.30439792233756
1.484,-0.0998549902572047,6.156610868306381,-0.2942320449168087,-0.24176677771749663,2.30439792233756
1.485,-0.09369065729286215,6.171892821208328,-0.29442706631465,-0.19502139784126632,2.3251806549256404
1.486,-0.08751152948763824,6.18620016068695,-0.2945753890779949,-0.14832276334491223,2.3251806549256404
1.487,-0.0813185825974424,6.199530627447492,-0.294677059905478,-0.1016708274830545,2.3251806549256404
1.488,-0.07511279456037952,6.211882116454722,-0.29473212544903504,-0.05506554355705865,2.3251806549256404
1.489,-0.06889514534231865,6.223252677265345,-0.29474063231395004,-0.008506864914988782,2.3251806549256404
1.49,-0.06266661678215213,6.233640514335991,-0.2947023948271033,0.03823748684670399,2.3367922448388896
1.491,-0.05642819243674124,6.24304398730677,-0.2946174597328467,0.08493509425663509,2.3367922448388896
1.492,-0.05018085742560823,6.251461611260291,-0.29448587372878754,0.13158600405915624,2.3367922448388896
1.493,-0.043925598275371,6.258892056956155,-0.2943076834658357,0.17819026295187487,2.3367922448388896
1.494,-0.03766340276396616,6.265334151040844,-0.29408293554825,0.22474791758570078,2.3367922448388896
1.495,-0.031395259764656874,6.270786876233027,-0.29381162863779864,0.27130691045134275,2.3391870391613843
1.496,-0.025122159089885358,6.275249371484185,-0.2934938092934745,0.31781934432411907,2.3391870391613843
1.497,-0.018845091334966466,6.278720932114588,-0.2931295240277115,0.3642852657630226,2.3391870391613843
1.498,-0.012565047721668325,6.281201009924567,-0.292718819306431,0.4107047212804873,2.3391870391613843
1.499,-0.00628301994167628,6.2826892132810865,-0.29226174154908857,0.4570777573424345,2.3391870391613843
1.5,-3.6739403974420594e-16,6.283185307179586,-0.2917584737545425,0.5032677945460785,2.3323557480493218
1.5010000000000001,0.006283019941677322,6.2826892132810865,-0.29120906211283,0.5494116417125189,2.3323557480493218
1.502,0.01256504772166759,6.281201009924567,-0.2906135527677982,0.5955093450317928,2.3323557480493218
1.5030000000000001,0.018845091334967506,6.278720932114587,-0.28997199181715044,0.6415609506477474,2.3323557480493218
1.504,0.025122159089884622,6.275249371484185,-0.2892844253124924,0.6875665046580861,2.3323557480493218
1.5050000000000001,0.031395259764657915,6.270786876233026,-0.2885512198647064,0.7332054477859636,2.3163254816267824
1.506,0.037663402763965424,6.265334151040845,-0.28777242111273565,0.7787987519707134,2.3163254816267824
1.5070000000000001,0.043925598275372034,6.258892056956154,-0.28694807464988437,0.8243464628512783,2.3163254816267824
1.508,0.0501808574256075,6.251461611260292,-0.2860782260238634,0.8698486260209627,2.3163254816267824
1.5090000000000001,0.056428192436740514,6.243043987306771,-0.2851629207368359,0.9153052870274774,2.3163254816267824
1.51,0.06266661678215141,6.233640514335992,-0.28420270756223087,0.9602131746050605,2.291159643230529
1.5110000000000001,0.06889514534231969,6.223252677265344,-0.2831976314079358,1.005076154295066,2.291159643230529
1.512,0.0751127945603788,6.211882116454723,-0.2821477371369304,1.0498942710053814,2.291159643230529
1.5130000000000001,0.08131858259744168,6.199530627447494,-0.28105306956733145,1.0946675695989865,2.291159643230529
1.514,0.08751152948763752,6.186200160686951,-0.27991367347243745,1.139396094893998,2.291159643230529
1.5150000000000001,0.09369065729286317,6.171892821208325,-0.27873027762004987,1.183395852387602,2.2569576794248993
1.516,0.09985499025720398,6.156610868306382,-0.27750292600992615,1.2273516101237125,2.2569576794248993
1.5170000000000001,0.10600355496102741,6.140356715178637,-0.27623166259782406,1.2712634121020867,2.2569576794248993
1.518,0.1121353804746903,6.123132928544292,-0.27491653129554555,1.3151313022784825,2.2569576794248993
1.5190000000000001,0.1182494985118634,6.104942228238916,-0.27355757597098085,1.358955324564702,2.2569576794248993
1.52,0.12434494358242634,6.085787486784976,-0.27215570250798526,1.4018734629955951,2.2138546877728964
1.5210000000000001,0.13042075314494875,6.065671728938176,-0.27071095382469723,1.4447486832880574,2.2138546877728964
1.522,0.13647596775866253,6.0445981312098835,-0.269223372796337,1.4875810283602273,2.2138546877728964
1.5230000000000001,0.1425096312349893,6.022570021365463,-0.26769300225524967,1.530370541087325,2.2138546877728964
1.524,0.14852079078851663,5.999590877898835,-0.26611988499094796,1.5731172643016955,2.2138546877728964
1.5250000000000001,0.1545084971874742,5.97566432948311,-0.2645051004262323,1.6147845647156192,2.1620208839112687
1.526,0.16047180490360485,5.950794154397667,-0.2628486902284032,1.656410197829129,2.1620208839112687
1.5270000000000001,0.16640977226149306,5.924984279931452,-0.26115069602309365,1.6979942053095252,2.1620208839112687
1.528,0.17232146158725792,5.898238781762838,-0.2594111593943112,1.739536628782441,2.1620208839112687
1.5290000000000001,0.17820593935662604,5.870561883316023,-0.2576301218844793,1.7810375098318838,2.1620208839112687
1.53,0.1840622763423393,5.841957955094127,-0.2558088321935566,1.821289690922698,2.10166093003231
1.5310000000000001,0.1898895477609005,5.812431513988998,-0.2539473305737242,1.8615016198324217,2.10166093003231
1.532,0.1956868334186008,5.781987222567967,-0.25204565723691097,1.9016733368132355,2.10166093003231
1.5330000000000001,0.20145321785683218,5.75062988833756,-0.2501038523548339,1.9418048820770684,2.10166093003231
1.534,0.20718779049664257,5.718364462984377,-0.24812195605903825,1.9818962957956374,2.10166093003231
1.5350000000000001,0.21288964578253647,5.685196041593105,-0.24610138139698995,2.0205746620482894,2.0330131274223895
1.536,0.21855788332546625,5.651129861841983,-0.24404216704705525,2.059214349934689,2.0330131274223895
1.537,0.22419160804501556,5.616171303175701,-0.24194435164892206,2.097815398133202,2.0330131274223895
1.538,0.22978993031074302,5.580325885955924,-0.23980797380363855,2.136377845283517,2.0330131274223895
1.539,0.23535196608266504,5.5435992705895645,-0.23763307207365186,2.174901729986681,2.0330131274223895
1.54,0.2408768370508576,5.5059972566349265,-0.2354212182758703,2.2118537977815644,1.9563484762434924
1.541,0.24636367077414542,5.467525781885932,-0.23317244936236164,2.248768913508653,1.9563484762434924
1.542,0.25181160081787973,5.428190921434408,-0.23088680224824162,2.285647114120014,1.9563484762434924
1.543,0.2572197668907522,5.387998886710805,-0.22856431381171086,2.322488436530764,1.9563484762434924
1.544,0.262587314980648,5.346956024503312,-0.22620502089409175,2.359292917619103,1.9563484762434924
1.545,0.26791339748949816,5.305068815955683,-0.2238106478772649,2.394373016826847,1.871969606268154
1.546,0.27319717336713406,5.262343875543705,-0.22138122984132952,2.429418035935383,1.871969606268154
1.547,0.2784378082440932,5.2187879500307535,-0.2189168018313047,2.464428010024811,1.871969606268154
1.548,0.2836344745633786,5.1744079174023705,-0.21641739885716457,2.4994029741401493,1.871969606268154
1.549,0.2887863517111338,5.129210785780202,-0.2138830558938732,2.534342963291372,1.871969606268154
1.55,0.29389262614623624,5.083203692315262,-0.21131564308188935,2.5674128119838286,1.7802095827873856
1.551,0.2989524915287588,5.036393902060939,-0.20871519349106177,2.6004495908275924,1.7802095827873856
1.552,0.3039651488473032,4.988788806825736,-0.20608174015816927,2.6334533328925125,1.7802095827873856
1.553,0.30892980654516594,4.940395924006089,-0.2034153160869539,2.6664240712153675,1.7802095827873856
1.554,0.3138456806453501,4.891222895399127,-0.200715954248154,2.6993618387999,1.7802095827873856
1.555,0.31871199487434443,4.841277485996141,-0.19798566315934482,2.730291088809177,1.6814305924038693
1.556,0.32352798078472145,4.790567582756247,-0.1952244737497764,2.7611894095684453,1.6814305924038693
1.557,0.3282928778764772,4.739101193361014,-0.19243241691776944,2.792056832006954,1.6814305924038693
1.558,0.33300593371712583,4.686886444949932,-0.18960952353074642,2.8228933870230244,1.6814305924038693
1.559,0.33766640406051196,4.6339315828370955,-0.18675582442526234,2.8536991054840786,1.6814305924038693
1.56,0.3422735529643438,4.580244969209089,-0.18387345856860582,2.882365856656529,1.5760225138967157
1.561,0.3468266529064017,4.525835081804561,-0.18096245462752802,2.911003941077807,1.5760225138967157
1.562,0.35132498489942476,4.470710512575456,-0.17802284124011336,2.9396133874146635,1.5760225138967157
1.563,0.35576783860464256,4.414879966330311,-0.17505464701580817,2.9681942243051833,1.5760225138967157
1.564,0.3601545124439531,4.358352259359569,-0.17205790053544937,2.9967464803588126,1.5760225138967157
1.565,0.3644843137107051,4.3011363180434525,-0.16903486277397495,3.023037761474408,1.464401379797701
1.566,0.36875655867908724,4.243241177442346,-0.16598556002266607,3.0493027513088875,1.464401379797701
1.567,0.3729705727120911,4.184675979870127,-0.16291001854651255,3.0755414761535325,1.464401379797701
1.568,0.3771256903680517,4.125449973450383,-0.15980826458423922,3.101753962273333,1.464401379797701
1.569,0.3812212555057235,4.065572510656098,-0.1566803243483322,3.1279402359070136,1.464401379797701
1.57,0.38525662138789507,4.005053046832751,-0.1535285718979661,3.1517524503661103,1.3470077347501759
1.571,0.3892311507835108,3.943901138705297,-0.15035303104535536,3.1755408526107476,1.3470077347501759
1.572,0.3931442160683094,3.882126442868854,-0.14715372557890222,3.1993054664531404,1.3470077347501759
1.573,0.39699519932391736,3.8197387142640613,-0.14393067926322053,3.2230463156816906,1.3470077347501759
1.574,0.4007834924354388,3.7567478046364533,-0.1406839158391595,3.2467634240610126,1.3470077347501759
1.575,0.40450849718747295,3.693163660980926,-0.13741591308058,3.268002758579536,1.224304897129239
1.576,0.408169625358592,3.6289963239707834,-0.13412669222681645,3.2892208537635415,1.224304897129239
1.577,0.41176629881421356,3.5642559263724434,-0.13081627449596409,3.310417730852363,1.224304897129239
1.578,0.41529794959790595,3.498952691445164,-0.1274846810849,3.331593411064095,1.224304897129239
1.579,0.41876402002107027,3.433096931326759,-0.12413193316930438,3.3527479155956157,1.224304897129239
1.58,0.4221639627510077,3.3666990454051566,-0.12076060245900869,3.3713307102956898,1.0967771307834866
1.581,0.42549724089734586,3.29976951867629,-0.11737070753680762,3.389894922201064,1.0967771307834866
1.582,0.4287633280968259,3.2323189200882823,-0.11396226696691308,3.4084405698945326,1.0967771307834866
1.583,0.43196170859641725,3.164357900872564,-0.11053529929497277,3.4269676719403077,1.0967771307834866
1.584,0.4350918773347631,3.0958971928618775,-0.10708982304808873,3.445476246884037,1.0967771307834866
1.585,0.43815334002193185,3.026947606795679,-0.1036284937227693,3.4613293253194235,0.9649277341135336
1.586,0.44114561321747653,2.9575200306128773,-0.10015132717209294,3.4771665506763747,0.9649277341135336
1.587,0.44406822440677196,2.8876254277325817,-0.09665833923328497,3.492987938807969,0.9649277341135336
1.588,0.4469207120756322,2.8172748353228116,-0.09314954572773354,3.5087935055514317,0.9649277341135336
1.589,0.4497026257831849,2.746479362557698,-0.08962496246100539,3.524583266728151,0.9649277341135336
1.59,0.45241352623300973,2.675250188862998,-0.0860873182364634,3.5376442245419923,0.8292770540284844
1.591,0.45505298534249766,2.6035985621510123,-0.08253662611506538,3.5506921213980203,0.8292770540284844
1.592,0.45762058631045915,2.531535797044171,-0.07897289914470819,3.563726970357192,0.8292770540284844
1.593,0.4601159236829347,2.4590732730885225,-0.07539615036024079,3.576748784467404,0.8292770540284844
1.594,0.4625386034172291,2.386222432956531,-0.07180639278347728,3.5897575767635064,0.8292770540284844
1.595,0.4648882429441256,2.3129947806404285,-0.06820641775563817,3.5999750278391085,0.6903604326182824
1.596,0.4671644712283058,2.239401879635377,-0.06459623549417454,3.610182261463635,0.6903604326182824
1.597,0.4693669288269367,2.16545535111356,-0.06097585620632,3.6203792878545373,0.6903604326182824
1.598,0.4714952679464324,2.091166872089027,-0.05734529008910095,3.6305661172190486,0.6903604326182824
1.599,0.4735491524973721,2.016548173573837,-0.053704547329346757,3.640742759754195,0.6903604326182824
1.6,0.47552825814757665,1.9416110387254712,-0.05005647079045941,3.6480765388873455,0.5487260946452297
1.601,0.47743227237332125,1.8663673009862216,-0.04640106780621805,3.6554029842413627,0.5487260946452297
1.602,0.47926089450868814,1.7908288422145089,-0.042738345703068024,3.662722103150026,0.5487260946452297
1.603,0.481013835793043,1.7150075908086853,-0.03906831180012824,3.6700339029397804,0.5487260946452297
1.604,0.4826908194166369,1.638915519823274,-0.0353909734091985,3.6773383909297452,0.5487260946452297
1.605,0.4842915805643154,1.562564645078372,-0.03170921369697585,3.681759712222648,0.40493298419161594
1.606,0.48581586645733715,1.4859670232621656,-0.028023037084781596,3.6861766121942576,0.40493298419161594
1.607,0.4872634363932883,1.4091347500271538,-0.0243324479895157,3.6905890952658957,0.40493298419161594
1.608,0.48863406178409674,1.3320799580798608,-0.020637450823661238,3.694997165854462,0.40493298419161594
1.609,0.4899275261921234,1.254814815265248,-0.0169380499952888,3.6994008283724398,0.40493298419161594
1.61,0.4911436253643445,1.1773515226450082,-0.013237157596564712,3.700892398724088,0.2595485590010371
1.611,0.4922821672646025,1.0997023125710947,-0.009534775119059327,3.7023824775053846,0.2595485590010371
1.612,0.4933429721039341,1.0218794467538288,-0.005830904052851428,3.7038710662079,0.2595485590010371
1.613,0.494325872368957,0.94389521432594,-0.002125545886529715,3.7053581663217128,0.2595485590010371
1.614,0.49523071284832554,0.8657619299017288,0.0015812978928056967,3.706843779335412,0.2595485590010371
1.615,0.4960573506572388,0.7874919316325554,0.005286697759386134,3.7053998665804366,0.11314655121800932
1.616,0.49680565526000425,0.709097579258459,0.00899065515712435,3.7039573977382165,0.11314655121800932
1.617,0.4974755084906501,0.6305912521564998,0.01269317152848919,3.7025163713648386,0.11314655121800932
1.618,0.4980668045715862,0.5519853473857795,0.016394248314507025,3.701076786017834,0.11314655121800932
1.619,0.4985794501303069,0.4732922777298899,0.0200938869547632,3.6996386402561763,0.11314655121800932
1.62,0.49901336421413583,0.39452446973674626,0.02378915205044638,3.6952650956831783,-0.033695296637083816
1.621,0.4993684783030088,0.31569436175638077,0.027480047975101132,3.6908959246547535,-0.033695296637083816
1.622,0.4996447363202946,0.23681440197664877,0.031166579097898488,3.686531122797357,-0.033695296637083816
1.623,0.49984209464164997,0.15789704645760505,0.034848749783640304,3.682170685741818,-0.033695296637083816
1.624,0.49996052210190806,0.07895475716450272,0.03852656439276364,3.6778146091233346,-0.033695296637083816
1.625,0.5,-6.159635389950968e-15,0.0421970932370474,3.6705288442837607,-0.18039751152252947
1.6260000000000001,0.49996052210190806,-0.07895475716451504,0.04586034360225643,3.6632503652090262,-0.18039751152252947
1.627,0.49984209464165,-0.15789704645759506,0.0495163227668698,3.655979164613367,-0.18039751152252947
1.6280000000000001,0.4996447363202946,-0.23681440197666112,0.0531650380020881,3.6487152352183028,-0.18039751152252947
1.629,0.4993684783030088,-0.3156943617563708,0.05680649657184073,3.641458569752634,-0.18039751152252947
1.6300000000000001,0.4990133642141358,-0.3945244697367586,0.06043778605949237,3.631289487651637,-0.32638117656222765
1.631,0.49857945013030697,-0.47329227772988,0.06405891663412511,3.621130574632741,-0.32638117656222765
1.6320000000000001,0.49806680457158625,-0.5519853473857695,0.06766989845465197,3.6109818205268636,-0.32638117656222765
1.633,0.49747550849065014,-0.6305912521564899,0.07127074166982707,3.600843215175092,-0.32638117656222765
1.6340000000000001,0.49680565526000414,-0.7090975792584712,0.07486145641825574,3.5907147484286726,-0.32638117656222765
1.635,0.4960573506572389,-0.7874919316325455,0.07843915904762518,3.577702629369436,-0.4710702155403993
1.6360000000000001,0.49523071284832565,-0.8657619299017189,0.08200386257005443,3.5647035224292587,-0.4710702155403993
1.637,0.4943258723689571,-0.94389521432593,0.08555557998465045,3.5517174145960215,-0.4710702155403993
1.6380000000000001,0.4933429721039339,-1.021879446753841,0.08909432427752106,3.5387442928706174,-0.4710702155403993
1.639,0.4922821672646026,-1.099702312571085,0.092620108421788,3.5257841442669386,-0.4710702155403993
1.6400000000000001,0.49114362536434436,-1.1773515226450204,0.0961300889085869,3.509980486798902,-0.6138936661884749
1.641,0.48992752619212354,-1.2548148152652383,0.09962428154157524,3.4941926329883337,-0.6138936661884749
1.6420000000000001,0.4886340617840965,-1.3320799580798728,0.10310270210860681,3.4784205670315758,-0.6138936661884749
1.643,0.48726343639328845,-1.409134750027144,0.10656536638174759,3.4626642731407746,-0.6138936661884749
1.6440000000000001,0.48581586645733693,-1.4859670232621778,0.11001229011729145,3.4469237355438644,-0.6138936661884749
1.645,0.4842915805643156,-1.5625646450783621,0.11344068117043392,3.428391053142468,-0.7542879332926196
1.6460000000000001,0.48269081941663666,-1.638915519823286,0.11685055807385739,3.4098769034234735,-0.7542879332926196
1.647,0.48101383579304324,-1.7150075908086755,0.12024193934171158,3.3913812678541975,-0.7542879332926196
1.6480000000000001,0.47926089450868786,-1.7908288422145204,0.12361484346963207,3.3729041279204908,-0.7542879332926196
1.649,0.4774322723733215,-1.8663673009862118,0.12696928893475878,3.3544454651267177,-0.7542879332926196
1.6500000000000001,0.47552825814757693,-1.9416110387254617,0.13030254597416577,3.3332570394069907,-0.8916990127300175
1.651,0.4735491524973724,-2.0165481735738275,0.13361463577627875,3.3120898021129834,-0.8916990127300175
1.6520000000000001,0.47149526794643204,-2.0911668720890386,0.136905579508335,3.29094373205627,-0.8916990127300175
1.653,0.469366928826937,-2.165455351113551,0.14017539831640463,3.269818808069614,-0.8916990127300175
1.6540000000000001,0.4671644712283061,-2.2394018796353676,0.14342411332541158,3.248715009006944,-0.8916990127300175
1.655,0.4648882429441259,-2.312994780640419,0.14664906792585639,3.2249546004448013,-1.0255846776567803
1.6560000000000001,0.4625386034172287,-2.3862224329565427,0.1498502858781476,3.2012179522912207,-1.0255846776567803
1.657,0.460115923682935,-2.4590732730885136,0.1530277909189334,3.177505040785794,-1.0255846776567803
1.6580000000000001,0.45762058631045877,-2.531535797044182,0.15618160676112527,3.1538158421918725,-1.0255846776567803
1.659,0.455052985342498,-2.6035985621510034,0.1593117570939218,3.130150332796545,-1.0255846776567803
1.6600000000000001,0.45241352623300934,-2.6752501888630094,0.16241566894402118,3.1039118500993546,-1.1554166182196912
1.661,0.44970262578318526,-2.7464793625576895,0.16549336854990604,3.0776996058848614,-1.1554166182196912
1.6620000000000001,0.4469207120756318,-2.8172748353228227,0.16854488212382063,3.051513573914583,-1.1554166182196912
1.663,0.44406822440677235,-2.887625427732573,0.1715702358517969,3.0253537279762743,-1.1554166182196912
1.6640000000000001,0.4411456132174761,-2.957520030612888,0.1745694558936808,2.999220041883904,-1.1554166182196912
1.665,0.43815334002193224,-3.0269476067956695,0.17754006306499587,2.970607171315073,-1.2806825263473691
1.666,0.4350918773347635,-3.0958971928618686,0.18048208597861268,2.9420229136168103,-1.2806825263473691
1.667,0.43196170859641764,-3.164357900872555,0.18339555321878892,2.9134672401762463,-1.2806825263473691
1.668,0.4287633280968263,-3.2323189200882743,0.18628049334119803,2.8849401224091227,-1.2806825263473691
1.669,0.4254972408973463,-3.299769518676282,0.1891369348729578,2.8564415317597662,-1.2806825263473691
1.67,0.42216396275100815,-3.3666990454051486,0.19196250220083794,2.825567327880139,-1.4008881173933738
1.671,0.4187640200210707,-3.4330969313267508,0.19475722619904232,2.7947239982043914,-1.4008881173933738
1.672,0.4152979495979064,-3.498952691445156,0.19752113771090063,2.7639115118583195,-1.4008881173933738
1.673,0.411766298814214,-3.564255926372435,0.20025426754889922,2.7331298379985935,-1.4008881173933738
1.674,0.4081696253585925,-3.628996323970775,0.20295664649471196,2.7023789458127276,-1.4008881173933738
1.675,0.40450849718747345,-3.693163660980918,0.20562601187996582,2.6693653852538635,-1.5155590806525705
1.676,0.4007834924354393,-3.756747804636445,0.2082623967182214,2.6363848382555584,-1.5155590806525705
1.677,0.39699519932391786,-3.8197387142640538,0.21086583399002565,2.6034372718042516,-1.5155590806525705
1.678,0.39314421606830985,-3.8821264428688456,0.21343635664294505,2.570522652919396,-1.5155590806525705
1.679,0.3892311507835113,-3.9439011387052894,0.21597399759159847,2.5376409486534253,-1.5155590806525705
1.68,0.38525662138789557,-4.005053046832744,0.21847661604028218,2.5026184486837066,-1.6242429510532566
1.681,0.381221255505724,-4.065572510656091,0.22094424701149615,2.467630971213958,-1.6242429510532566
1.682,0.3771256903680522,-4.125449973450376,0.22337692549271781,2.4326784812216786,-1.6242429510532566
1.683,0.37297057271209166,-4.18467597987012,0.2257746864364372,2.397760943719392,-1.6242429510532566
1.684,0.3687565586790878,-4.24324117744234,0.2281375647601918,2.3628783237546074,-1.6242429510532566
1.685,0.36448431371070567,-4.301136318043445,0.2304635499877299,2.325985227538085,-1.726510894638388
1.686,0.36015451244395363,-4.358352259359562,0.23275267901214766,2.2891290244177793,-1.726510894638388
1.687,0.3557678386046431,-4.414879966330303,0.23500498868964825,2.2523096775005937,-1.726510894638388
1.688,0.3513249848994253,-4.470710512575449,0.23722051583957857,2.2155271499303253,-1.726510894638388
1.689,0.34682665290640224,-4.525835081804555,0.23939929724446618,2.1787814048876273,-1.726510894638388
1.69,0.34227355296434436,-4.580244969209082,0.24153946067993312,2.1401634354669543,-1.8219594007892563
1.691,0.33766640406051257,-4.633931582837088,0.24364104476394882,2.1015840840157023,-1.8219594007892563
1.692,0.33300593371712645,-4.686886444949925,0.24570408807586472,2.0630433119159015,-1.8219594007892563
1.693,0.3282928778764778,-4.739101193361008,0.2477286291564529,2.0245410805882007,-1.8219594007892563
1.694,0.32352798078472206,-4.790567582756241,0.24971470650794475,1.9860773514918273,-1.8219594007892563
1.695,0.31871199487434504,-4.841277485996135,0.2516605935445948,1.9458870366500638,-1.910211874513588
1.696,0.31384568064535073,-4.891222895399121,0.25356633045671795,1.905736912123142,-1.910211874513588
1.697,0.30892980654516655,-4.940395924006083,0.2554319573944387,1.865626937720747,-1.910211874513588
1.698,0.3039651488473038,-4.98878880682573,0.25725751446773143,1.8255570732927546,-1.910211874513588
1.699,0.29895249152875947,-5.036393902060933,0.25904304174646064,1.78552727872919,-1.910211874513588
1.7,0.2938926261462369,-5.083203692315256,0.26078696509546084,1.7439233490001853,-1.9909201225137814
1.701,0.2887863517111344,-5.129210785780197,0.26248932611866177,1.7023610232009094,-1.9909201225137814
1.702,0.2836344745633792,-5.174407917402364,0.26415016637838923,1.660840259727433,-1.9909201225137814
1.703,0.27843780824409387,-5.218787950030748,0.26576952739540666,1.61936101701743,-1.9909201225137814
1.704,0.2731971733671347,-5.2623438755437,0.2673474506489568,1.5779232535501369,-1.9909201225137814
1.705,0.26791339748949883,-5.305068815955678,0.26888252066470997,1.5350700157531736,-2.0637657271706598
1.706,0.2625873149806487,-5.346956024503307,0.27037478029590395,1.4922596311940073,-2.0637657271706598
1.707,0.2572197668907529,-5.387998886710799,0.27182427235292334,1.4494920570194,-2.0637657271706598
1.708,0.2518116008178804,-5.428190921434402,0.27323103960334233,1.4067672504189674,-2.0637657271706598
1.709,0.24636367077414612,-5.467525781885927,0.27459512477196746,1.3640851686251352,-2.0637657271706598
1.71,0.24087683705085833,-5.505997256634921,0.27591527662936355,1.3201518573961053,-2.128461303020235
1.711,0.23535196608266573,-5.543599270589559,0.27719153910884187,1.2762624794783044,-2.128461303020235
1.712,0.22978993031074374,-5.580325885955919,0.27842395609978027,1.2324169909384215,-2.128461303020235
1.713,0.22419160804501628,-5.616171303175697,0.2796125714476673,1.1886153478870785,-2.128461303020235
1.714,0.21855788332546697,-5.651129861841979,0.2807574289541461,1.1448575064787867,-2.128461303020235
1.715,0.21288964578253558,-5.685196041593111,0.28185744657050316,1.1000176163570121,-2.1847516307647905
1.716,0.2071877904966433,-5.718364462984373,0.2829126691366285,1.0552225661253594,-2.1847516307647905
1.717,0.2014532178568313,-5.750629888337565,0.2839231414475724,1.0104723109439382,-2.1847516307647905
1.718,0.19568683341860152,-5.781987222567962,0.2848889082535901,0.9657668060176985,-2.1847516307647905
1.719,0.18988954776090125,-5.812431513988995,0.2858100142601865,0.921106006596385,-2.1847516307647905
1.72,0.18406227634234004,-5.841957955094124,0.2866855508674894,0.8755366073029317,-2.232414664342845
1.721,0.17820593935662513,-5.870561883316027,0.2875155636448982,0.8300127774087719,-2.232414664342845
1.722,0.17232146158725867,-5.898238781762834,0.28830009811624274,0.7845344713445063,-2.232414664342845
1.723,0.1664097722614938,-5.924984279931448,0.28903919975982906,0.7391016435863048,-2.232414664342845
1.724,0.1604718049036056,-5.950794154397664,0.28973291400848494,0.6937142486558616,-2.232414664342845
1.725,0.15450849718747328,-5.975664329483114,0.29038050929475046,0.6475952862655314,-2.2712624070837157
1.726,0.14852079078851738,-5.999590877898831,0.290982031737588,0.6015224428375916,-2.2712624070837157
1.727,0.14250963123498836,-6.022570021365467,0.2915375274098411,0.5554956722530797,-2.2712624070837157
1.728,0.1364759677586633,-6.044598131209881,0.29204704233828027,0.5095149284391524,-2.2712624070837157
1.729,0.1304207531449478,-6.065671728938178,0.2925106225036493,0.4635801653690389,-2.2712624070837157
1.73,0.12434494358242712,-6.085787486784974,0.2929277162557832,0.4170937521338969,-2.301141653488648
1.731,0.11824949851186245,-6.104942228238919,0.29329837008109516,0.37065382531199004,-2.301141653488648
1.732,0.11213538047469107,-6.1231329285442895,0.2936226304195121,0.3242603384169051,-2.301141653488648
1.733,0.10600355496102645,-6.14035671517864,0.2939005436645208,0.2779132450087152,-2.301141653488648
1.734,0.09985499025720476,-6.15661086830638,0.2941321561632147,0.23161249869393355,-2.301141653488648
1.735,0.0936906572928622,-6.171892821208328,0.2943170983575357,0.18494219432101194,-2.3219345937113833
1.736,0.08751152948763831,-6.18620016068695,0.2944554169177882,0.13831856025246325,-2.3219345937113833
1.737,0.08131858259744247,-6.199530627447492,0.2945471584676062,0.09174154981798313,-2.3219345937113833
1.738,0.07511279456037959,-6.211882116454722,0.29459236958400015,0.045211116393937475,-2.3219345937113833
1.739,0.06889514534231872,-6.223252677265345,0.2945910967974035,-0.0012727865966841306,-2.3219345937113833
1.74,0.0626666167821522,-6.23364051433599,0.29454315409802634,-0.04794269937713333,-2.3335592783522943
1.741,0.056428192436741305,-6.24304398730677,0.2944485881557815,-0.09456594224480208,-2.3335592783522943
1.742,0.050180857425608294,-6.251461611260291,0.2943074455939119,-0.14114256186960317,-2.3335592783522943
1.743,0.043925598275371056,-6.258892056956154,0.29411977298903713,-0.18767260487477944,-2.3335592783522943
1.744,0.03766340276396622,-6.265334151040844,0.2938856168712002,-0.23415611783695053,-2.3335592783522943
1.745,0.03139525976465694,-6.270786876233027,0.2936049755106464,-0.2806413605537518,-2.3359699417319093
1.746,0.02512215908988542,-6.275249371484185,0.29327789539261856,-0.3270801180278362,-2.3359699417319093
1.747,0.018845091334966525,-6.278720932114588,0.2929044229558741,-0.3734724367444465,-2.3359699417319093
1.748,0.012565047721668386,-6.281201009924567,0.29248460459273173,-0.4198183631423403,-2.3359699417319093
1.749,0.006283019941676342,-6.2826892132810865,0.2920184866491179,-0.4661179436138361,-2.3359699417319093
1.75,4.286263797015736e-16,-6.283185307179586,0.2915062516798003,-0.5122349693175815,-2.3291571823679598
1.7510000000000001,-0.00628301994167726,-6.2826892132810865,0.2909479458018047,-0.5583058779956231,-2.3291571823679598
1.752,-0.012565047721667529,-6.281201009924567,0.29034361508603973,-0.6043307157649868,-2.3291571823679598
1.7530000000000001,-0.018845091334967444,-6.278720932114587,0.28969330555734313,-0.650309528696581,-2.3291571823679598
1.754,-0.025122159089884563,-6.275249371484185,0.2889970631945279,-0.6962423628152437,-2.3291571823679598
1.7550000000000001,-0.03139525976465785,-6.270786876233026,0.2882552541140766,-0.7418090804513026,-2.3131479999437063
1.756,-0.03766340276396537,-6.265334151040845,0.28746792388270687,-0.7873302313697254,-2.3131479999437063
1.7570000000000001,-0.04392559827537197,-6.258892056956154,0.28663511802156966,-0.8328058611372298,-2.3131479999437063
1.758,-0.05018085742560744,-6.251461611260292,0.2857568820062947,-0.8782360152749666,-2.3131479999437063
1.7590000000000001,-0.05642819243674045,-6.243043987306771,0.2848332612670361,-0.9236207392585658,-2.3131479999437063
1.76,-0.06266661678215134,-6.233640514335992,0.2838648040347444,-0.9684572322917393,-2.2880056886216025
1.7610000000000001,-0.06889514534231962,-6.223252677265344,0.28285155514591254,-1.0132488888318796,-2.2880056886216025
1.762,-0.07511279456037873,-6.211882116454723,0.2817935593921971,-1.0579957537154798,-2.2880056886216025
1.7630000000000001,-0.08131858259744162,-6.199530627447494,0.2806908615204629,-1.1026978717341964,-2.2880056886216025
1.764,-0.08751152948763746,-6.186200160686951,0.27954350623282803,-1.1473552876348942,-2.2880056886216025
1.7650000000000001,-0.0936906572928631,-6.171892821208325,0.2783522217087383,-1.1912845240897276,-2.2538295871234117
1.766,-0.09985499025720392,-6.156610868306383,0.2771170518774302,-1.235169831308106,-2.2538295871234117
1.7670000000000001,-0.10600355496102735,-6.140356715178638,0.2758380406242109,-1.2790112532192661,-2.2538295871234117
1.768,-0.11213538047469024,-6.123132928544292,0.2745152317905024,-1.322808833708515,-2.2538295871234117
1.7690000000000001,-0.11824949851186334,-6.104942228238916,0.27314866917388514,-1.3665626166172749,-2.2538295871234117
1.77,-0.12434494358242629,-6.085787486784977,0.27173925802615323,-1.4094111477319162,-2.2107546865629333
1.7710000000000001,-0.1304207531449487,-6.065671728938176,0.2702870411958378,-1.452216830315443,-2.2107546865629333
1.772,-0.13647596775866247,-6.0445981312098835,0.2687920614886214,-1.4949797072163862,-2.2107546865629333
1.7730000000000001,-0.14250963123498925,-6.022570021365463,0.267254361667381,-1.5376998212404285,-2.2107546865629333
1.774,-0.14852079078851657,-5.999590877898835,0.26567398445223056,-1.5803772151504467,-2.2107546865629333
1.7750000000000001,-0.15450849718747414,-5.97566432948311,0.2640520085923437,-1.6219758598868805,-2.1589510975792088
1.776,-0.1604718049036048,-5.950794154397667,0.2623884756863651,-1.6635329059785777,-2.1589510975792088
1.7770000000000001,-0.166409772261493,-5.924984279931452,0.2606834272913409,-1.7050483950241833,-2.1589510975792088
1.778,-0.17232146158725786,-5.898238781762839,0.25893690492276017,-1.7465223685807432,-2.1589510975792088
1.7790000000000001,-0.178205939356626,-5.870561883316023,0.2571489500545964,-1.7879548681637465,-2.1589510975792088
1.78,-0.18406227634233924,-5.841957955094128,0.25532081067372336,-1.8281393808730424,-2.098623378872986
1.7810000000000001,-0.18988954776090045,-5.812431513988998,0.25345252696465376,-1.8682837090696292,-2.098623378872986
1.782,-0.19568683341860074,-5.781987222567967,0.25154413907171574,-1.9083878929380191,-2.098623378872986
1.7830000000000001,-0.20145321785683212,-5.75062988833756,0.24959568709909322,-1.9484519726225409,-2.098623378872986
1.784,-0.20718779049664252,-5.718364462984378,0.24760721111086584,-1.9884759882273781,-2.098623378872986
1.7850000000000001,-0.2128896457825364,-5.685196041593106,0.24558012340403076,-2.027087706835081,-2.0300097297965225
1.786,-0.2185578833254662,-5.651129861841984,0.2435144625903066,-2.0656608137241763,-2.0300097297965225
1.7870000000000001,-0.2241916080450171,-5.616171303175691,0.2414102672428002,-2.1041953475063826,-2.0300097297965225
1.788,-0.22978993031074296,-5.580325885955924,0.23926757589604541,-2.1426913467548068,-2.0300097297965225
1.7890000000000001,-0.23535196608266656,-5.543599270589554,0.23708642704604144,-2.1811488500039826,-2.0300097297965225
1.79,-0.24087683705085755,-5.505997256634927,0.2348683917238838,-2.21803532215764,-1.9533810501830815
1.7910000000000001,-0.24636367077414692,-5.4675257818859215,0.23261350681604465,-2.254884907839144,-1.9533810501830815
1.792,-0.2518116008178797,-5.428190921434408,0.23032180917210968,-2.2916976439349663,-1.9533810501830815
1.793,-0.25721976689075216,-5.387998886710805,0.227993335604815,-2.328473567294693,-1.9533810501830815
1.794,-0.26258731498064797,-5.346956024503313,0.22562812289008394,-2.3652127147310598,-1.9533810501830815
1.795,-0.2679133974894981,-5.305068815955684,0.22322789459064507,-2.4002282994388597,-1.8690398711265512
1.796,-0.273197173367134,-5.2623438755437055,0.22079268572208313,-2.435208868561952,-1.8690398711265512
1.797,-0.27843780824409314,-5.2187879500307535,0.2183225312649672,-2.470154457115921,-1.8690398711265512
1.798,-0.28363447456337854,-5.1744079174023705,0.21581746616488587,-2.505065100081336,-1.8690398711265512
1.799,-0.28878635171113376,-5.129210785780203,0.2132775253324821,-2.539940832403786,-1.8690398711265512
1.8,-0.29389262614623624,-5.083203692315262,0.2107045780576921,-2.5729472747899997,-1.7773191609308796
1.801,-0.29895249152875875,-5.036393902060939,0.2080986573469583,-2.605920710733827,-1.7773191609308796
1.802,-0.30396514884730313,-4.988788806825736,0.20545979617371657,-2.638861173241711,-1.7773191609308796
1.803,-0.3089298065451659,-4.94039592400609,0.20278802747842947,-2.671768695287087,-1.7773191609308796
1.804,-0.31384568064535007,-4.891222895399127,0.20008338416861907,-2.7046433098104177,-1.7773191609308796
1.805,-0.3187119948743444,-4.841277485996142,0.19734787388189962,-2.7355102867194403,-1.6785810109416441
1.806,-0.3235279807847214,-4.790567582756248,0.19458152748524807,-2.766346396651554,-1.6785810109416441
1.807,-0.32829287787647715,-4.739101193361015,0.19178437581477434,-2.797151670473735,-1.6785810109416441
1.808,-0.3330059337171258,-4.686886444949932,0.18895644967575223,-2.8279261390220944,-1.6785810109416441
1.809,-0.3376664040605119,-4.6339315828370955,0.18609777984265033,-2.858669833101905,-1.6785810109416441
1.81,-0.34227355296434375,-4.58024496920909,0.1832105043752526,-2.887275467397726,-1.5732152064461438
1.811,-0.34682665290640163,-4.525835081804561,0.18029465187919336,-2.915852496059251,-1.5732152064461438
1.812,-0.35132498489942476,-4.470710512575457,0.17735025093150125,-2.944400947692115,-1.5732152064461438
1.813,-0.35576783860464256,-4.414879966330312,0.17437733008062792,-2.972920850873346,-1.5732152064461438
1.814,-0.360154512443953,-4.358352259359569,0.17137591784647652,-3.0014122341513954,-1.5732152064461438
1.815,-0.3644843137107051,-4.301136318043453,0.16834827427079363,-3.0276435756828834,-1.4616376882819808
1.816,-0.36875655867908724,-4.243241177442347,0.1652944255849208,-3.05384868587284,-1.4616376882819808
1.817,-0.3729705727120911,-4.184675979870128,0.1622143979939682,-3.080027590952607,-1.4616376882819808
1.818,-0.37712569036805166,-4.125449973450384,0.1591082176768409,-3.1061803171272944,-1.4616376882819808
1.819,-0.38122125550572344,-4.065572510656098,0.1559759107862651,-3.1323068905758067,-1.4616376882819808
1.82,-0.385256621387895,-4.005053046832752,0.15281985042435536,-3.156060361909739,-1.3442889112254037
1.821,-0.3892311507835107,-3.943901138705298,0.14964006034458302,-3.1797900797723373,-1.3442889112254037
1.822,-0.39314421606830935,-3.882126442868855,0.14643656427666596,-3.203496067917073,-1.3442889112254037
1.823,-0.3969951993239173,-3.819738714264062,0.1432093859265923,-3.227178350073664,-1.3442889112254037
1.824,-0.40078349243543876,-3.7567478046364533,0.1399585489766442,-3.2508369499480985,-1.3442889112254037
1.825,-0.40450849718747295,-3.6931636609809266,0.1366865302215333,-3.272018755110912,-1.2216321056380828
1.826,-0.408169625358592,-3.628996323970784,0.13339335084306472,-3.293179378468563,-1.2216321056380828
1.827,-0.4117662988142135,-3.5642559263724443,0.13007903200186186,-3.314318841202856,-1.2216321056380828
1.828,-0.4152979495979059,-3.4989526914451643,0.12674359483738745,-3.3354371644744147,-1.2216321056380828
1.829,-0.4187640200210702,-3.43309693132676,0.12338706046796474,-3.356534369422702,-1.2216321056380828
1.83,-0.4221639627510077,-3.3666990454051575,0.1200119996039268,-3.375060864037933,-1.0941514492326814
1.831,-0.42549724089734586,-3.2997695186762908,0.11661843077176826,-3.393568832158549,-1.0941514492326814
1.832,-0.4287633280968259,-3.232318920088283,0.11320637247945721,-3.412058292311044,-1.0941514492326814
1.833,-0.4319617085964172,-3.164357900872565,0.10977584321645383,-3.4305292630033866,-1.0941514492326814
1.834,-0.43509187733476307,-3.095897192861878,0.10632686145372879,-3.4489817627250368,-1.0941514492326814
1.835,-0.43815334002193185,-3.026947606795679,0.10286208166964303,-3.464779784085762,-0.962350156172514
1.836,-0.4411456132174765,-2.9575200306128777,0.09938151966221791,-3.4805620074251267,-0.962350156172514
1.837,-0.44406822440677196,-2.887625427732582,0.09588519121367675,-3.496328448541152,-0.962350156172514
1.838,-0.4469207120756322,-2.817274835322812,0.09237311209046069,-3.512079123216061,-0.962350156172514
1.839,-0.4497026257831849,-2.746479362557699,0.0888452980432444,-3.527814047216295,-0.962350156172514
1.84,-0.45241352623300973,-2.6752501888629987,0.08530447684025438,-3.540821202990009,-0.8267484910465195
1.841,-0.45505298534249766,-2.603598562151013,0.08175066148864643,-3.5538153516079496,-0.8267484910465195
1.842,-0.45762058631045915,-2.5315357970441714,0.07818386498256916,-3.566796506077272,-0.8267484910465195
1.843,-0.4601159236829347,-2.4590732730885234,0.07460410030317703,-3.579764679392125,-0.8267484910465195
1.844,-0.4625386034172291,-2.386222432956532,0.07101138041864337,-3.5927198845336634,-0.8267484910465195
1.845,-0.4648882429441256,-2.3129947806404294,0.06740849561968308,-3.602884798960281,-0.6878817155575678
1.846,-0.4671644712283058,-2.2394018796353774,0.06379545607121061,-3.613039548472472,-0.6878817155575678
1.847,-0.4693669288269367,-2.165455351113561,0.06017227192797546,-3.623184143235151,-0.6878817155575678
1.848,-0.4714952679464324,-2.091166872089028,0.056538953334572394,-3.633318593403067,-0.6878817155575678
1.849,-0.4735491524973721,-2.0165481735738373,0.052895510425451576,-3.6434429091208154,-0.6878817155575678
1.85,-0.47552825814757665,-1.941611038725472,0.049244784999719335,-3.6507254257322437,-0.5462979760274533
1.851,-0.47743227237332125,-1.8663673009862223,0.04558678433989227,-3.6580006598270605,-0.5462979760274533
1.852,-0.4792608945086881,-1.7908288422145098,0.04192151572120449,-3.6652686186877825,-0.5462979760274533
1.853,-0.48101383579304297,-1.715007590808686,0.038248986411614845,-3.6725293095896436,-0.5462979760274533
1.854,-0.4826908194166369,-1.6389155198232748,0.03456920367181424,-3.679782739800603,-0.5462979760274533
1.855,-0.4842915805643154,-1.5625646450783726,0.03088504959195233,-3.684154079861914,-0.40255614005559026
1.856,-0.48581586645733715,-1.4859670232621665,0.027196528543369163,-3.688521048583164,-0.40255614005559026
1.857,-0.48726343639328823,-1.4091347500271545,0.02350364489303347,-3.6928836503356925,-0.40255614005559026
1.858,-0.48863406178409674,-1.3320799580798617,0.019806403003547003,-3.6972418894864685,-0.40255614005559026
1.859,-0.4899275261921234,-1.2548148152652487,0.01610480723314891,-3.701595770398094,-0.40255614005559026
1.86,-0.4911436253643445,-1.177351522645009,0.012401768586703832,-3.7030386464450773,-0.2572235908690613
1.861,-0.4922821672646025,-1.0997023125710956,0.008697288507087819,-3.7044800796160136,-0.2572235908690613
1.862,-0.4933429721039341,-1.0218794467538297,0.00499136843573404,-3.7059200713537788,-0.2572235908690613
1.863,-0.494325872368957,-0.9438952143259407,0.0012840098126342342,-3.707358623099806,-0.2572235908690613
1.864,-0.49523071284832554,-0.8657619299017295,-0.0024247859236598535,-3.7087957362940878,-0.2572235908690613
1.865,-0.49605735065723877,-0.787491931632556,-0.006132090343979021,-3.7073044203191676,-0.11087398806869841
1.866,-0.49680565526000425,-0.7090975792584597,-0.009837904939639243,-3.7058145956602226,-0.11087398806869841
1.867,-0.4974755084906501,-0.6305912521565006,-0.01354223120046518,-3.7043262608259364,-0.11087398806869841
1.868,-0.4980668045715862,-0.5519853473857803,-0.017245070614791663,-3.7028394143264842,-0.11087398806869841
1.869,-0.4985794501303069,-0.4732922777298907,-0.020946424669465197,-3.7013540546735317,-0.11087398806869841
1.87,-0.49901336421413583,-0.3945244697367471,-0.02464335907015622,-3.6969344006910245,0.035914996391694154
1.871,-0.49936847830300873,-0.31569436175638155,-0.02833587823651872,-3.6925191663624997,0.035914996391694154
1.872,-0.4996447363202946,-0.23681440197664955,-0.03202398658378702,-3.688108347268303,0.035914996391694154
1.873,-0.49984209464164997,-0.15789704645760583,-0.03570768852278022,-3.683701938993201,0.035914996391694154
1.874,-0.49996052210190806,-0.07895475716450348,-0.0393869884599066,-3.679299937126374,0.035914996391694154
1.875,-0.5,-1.693219127479299e-14,-0.04305895781793469,-3.671969358028093,0.1825639580577203
1.8760000000000001,-0.49996052210190806,0.07895475716451426,-0.0467236039274436,-3.6646461095089107,0.1825639580577203
1.877,-0.49984209464165,0.15789704645759428,-0.05038093411168185,-3.6573301842382473,0.1825639580577203
1.8780000000000001,-0.4996447363202946,0.23681440197666032,-0.0540309556865747,-3.650021574892855,0.1825639580577203
1.879,-0.4993684783030088,0.31569436175637,-0.05767367596073151,-3.6427202741568077,0.1825639580577203
1.8800000000000001,-0.4990133642141358,0.3945244697367578,-0.061306183633680934,-3.6325076729494254,0.32849404666126125
1.881,-0.49857945013030697,0.4732922777298792,-0.06492848891802419,-3.6223052843432506,0.32849404666126125
1.8820000000000001,-0.49806680457158625,0.5519853473857688,-0.06854060201614988,-3.612113098125682,0.32849404666126125
1.883,-0.4974755084906502,0.6305912521564891,-0.07214253312024421,-3.6019311040943314,0.32849404666126125
1.8840000000000001,-0.49680565526000414,0.7090975792584704,-0.07573429241230123,-3.5917592920570116,0.32849404666126125
1.885,-0.4960573506572389,0.7874919316325447,-0.07931299736005384,-3.5787049477526147,0.47312925061699174
1.8860000000000001,-0.49523071284832565,0.8657619299017182,-0.08287866101784637,-3.5656636577925225,0.47312925061699174
1.887,-0.4943258723689571,0.9438952143259294,-0.08643129642696876,-3.55263540912239,0.47312925061699174
1.8880000000000001,-0.4933429721039339,1.0218794467538403,-0.08997091661566968,-3.539620188700928,0.47312925061699174
1.889,-0.49228216726460267,1.0997023125710843,-0.09349753459916957,-3.526617983499887,0.47312925061699174
1.8900000000000001,-0.49114362536434436,1.1773515226450195,-0.0970083079912797,-3.5107733921101247,0.6158986703131224
1.891,-0.48992752619212354,1.2548148152652374,-0.10050325263659145,-3.4949446453117523,0.6158986703131224
1.8920000000000001,-0.4886340617840965,1.3320799580798721,-0.10398238436385163,-3.479131727260178,0.6158986703131224
1.893,-0.48726343639328845,1.4091347500271432,-0.10744571898597828,-3.463334622126655,0.6158986703131224
1.8940000000000001,-0.48581586645733693,1.485967023262177,-0.11089327230007655,-3.447553314098266,0.6158986703131224
1.895,-0.48429158056431565,1.5625646450783612,-0.11432225328543623,-3.4289809853596775,0.7562387712245099
1.8960000000000001,-0.48269081941663666,1.6389155198232854,-0.11773268051438605,-3.410427228949828,0.7562387712245099
1.897,-0.48101383579304324,1.7150075908086748,-0.12112457254068244,-3.3918920262963876,0.7562387712245099
1.8980000000000001,-0.47926089450868786,1.7908288422145198,-0.12449794789952805,-3.373375358845601,0.7562387712245099
1.899,-0.4774322723733215,1.8663673009862112,-0.1278528251075903,-3.3548772080622653,0.7562387712245099
1.9000000000000001,-0.47552825814757693,1.941611038725461,-0.13118647552628537,-3.333650418695076,0.8935956079563447
1.901,-0.4735491524973724,2.0165481735738267,-0.13449892038240263,-3.312444856117254,0.8935956079563447
1.9020000000000001,-0.47149526794643204,2.0911668720890377,-0.13779018088150463,-3.29126049910201,0.8935956079563447
1.903,-0.469366928826937,2.1654553511135504,-0.14106027820794842,-3.2700973264437807,0.8935956079563447
1.9040000000000001,-0.4671644712283061,2.2394018796353667,-0.14430923352490663,-3.24895531695821,0.8935956079563447
1.905,-0.46488824294412595,2.3129947806404183,-0.14753439134633906,-3.2251578214324286,1.0274270104411498
1.9060000000000001,-0.46253860341722874,2.3862224329565422,-0.15073577546974123,-3.201384123402173,1.0274270104411498
1.907,-0.460115923682935,2.4590732730885128,-0.15391340966881117,-3.177634199069948,1.0274270104411498
1.9080000000000001,-0.4576205863104588,2.531535797044181,-0.15706731769347324,-3.153908024662055,1.0274270104411498
1.909,-0.455052985342498,2.6035985621510025,-0.1601975232699018,-3.13020557642857,1.0274270104411498
1.9100000000000001,-0.45241352623300934,2.6752501888630085,-0.16330145454628073,-3.103931276378916,1.1572047236612582
1.911,-0.44970262578318526,2.7464793625576887,-0.16637913779691005,-3.077683250629312,1.1572047236612582
1.9120000000000001,-0.44692071207563183,2.817274835322822,-0.16943059926981552,-3.0514614729054577,1.1572047236612582
1.913,-0.44406822440677235,2.8876254277325724,-0.17245586518677486,-3.0252659169593272,1.1572047236612582
1.9140000000000001,-0.4411456132174761,2.957520030612887,-0.175454961743344,-2.9990965565691425,1.1572047236612582
1.915,-0.4381533400219323,3.026947606795669,-0.17842541087350752,-2.970449130163528,1.282416492452267
1.9160000000000001,-0.4350918773347626,3.0958971928618872,-0.18136724122469183,-2.941830351184319,1.282416492452267
1.917,-0.43196170859641764,3.164357900872554,-0.18428048141567593,-2.913240190984089,1.282416492452267
1.9180000000000001,-0.4287633280968263,3.2323189200882734,-0.18716516003661998,-2.88467862094406,1.282416492452267
1.919,-0.42549724089734636,3.299769518676281,-0.19002130564909406,-2.8561456124740703,1.282416492452267
1.92,-0.42216396275100815,3.3666990454051477,-0.19284654375429244,-2.8252381051983977,1.4025680831599372
1.921,-0.41876402002107077,3.4330969313267503,-0.19564090525972244,-2.7943615054300004,1.4025680831599372
1.922,-0.41529794959790645,3.4989526914451554,-0.1984044210419838,-2.7635157822613716,1.4025680831599372
1.923,-0.41176629881421406,3.5642559263724345,-0.20113712194679972,-2.7327009048159114,1.4025680831599372
1.924,-0.4081696253585925,3.628996323970774,-0.20383903878904763,-2.701916842247897,1.4025680831599372
1.925,-0.40450849718747345,3.6931636609809178,-0.20650791000976984,-2.668871220722213,1.5171852341717926
1.926,-0.4007834924354393,3.7567478046364444,-0.2091437686545879,-2.635858644818055,1.5171852341717926
1.927,-0.39699519932391786,3.819738714264053,-0.21174664773607768,-2.6028790814898013,1.5171852341717926
1.928,-0.3931442160683099,3.882126442868845,-0.21431658023380257,-2.5699324977248756,1.5171852341717926
1.929,-0.38923115078351134,3.943901138705289,-0.2168535990943463,-2.5370188605437147,1.5171852341717926
1.93,-0.3852566213878956,4.005053046832743,-0.21935556462547695,-2.5019655311306543,1.6258155276258388
1.931,-0.38122125550572405,4.06557251065609,-0.22182251188052396,-2.466947255047007,1.6258155276258388
1.932,-0.37712569036805227,4.125449973450375,-0.2242544758777634,-2.431963997239443,1.6258155276258388
1.933,-0.37297057271209166,4.18467597987012,-0.2266514916004531,-2.397015722689687,1.6258155276258388
1.934,-0.36875655867908785,4.243241177442339,-0.22901359399686758,-2.3621023964144805,1.6258155276258388
1.935,-0.3644843137107057,4.3011363180434445,-0.23133877368738745,-2.325179690519872,1.7280301749097011
1.936,-0.3601545124439537,4.358352259359561,-0.2336270675947186,-2.288293907331158,1.7280301749097011
1.937,-0.35576783860464317,4.414879966330303,-0.23587851260464424,-2.251445009925633,1.7280301749097011
1.938,-0.3513249848994254,4.470710512575448,-0.23809314556606176,-2.2146329614175135,1.7280301749097011
1.939,-0.3468266529064023,4.525835081804554,-0.24027100329101966,-2.177857724957902,1.7280301749097011
1.94,-0.3422735529643444,4.580244969209081,-0.24241021464407453,-2.139211353054875,1.8234257089034456
1.941,-0.33766640406051257,4.6339315828370875,-0.2445108182715983,-2.100603627523751,1.8234257089034456
1.942,-0.3330059337171265,4.686886444949924,-0.24657285278131644,-2.0620345097181585,1.8234257089034456
1.943,-0.3282928778764779,4.739101193361007,-0.2485963567423468,-2.0235039610303716,1.8234257089034456
1.944,-0.3235279807847221,4.79056758275624,-0.25058136868523806,-1.9850119428912723,1.8234257089034456
1.945,-0.3187119948743451,4.841277485996134,-0.2525261631046607,-1.9447944194226208,1.9116255762880079
1.946,-0.3138456806453508,4.89122289539912,-0.25443078021813814,-1.904617113477438,1.9116255762880079
1.947,-0.3089298065451666,4.940395924006082,-0.2562952602029763,-1.8644799848382003,1.9116255762880079
1.948,-0.30396514884730386,4.98878880682573,-0.2581196431963039,-1.824382993327602,1.9116255762880079
1.949,-0.2989524915287595,5.036393902060933,-0.25990396929511245,-1.7843260988085141,1.9116255762880079
1.95,-0.29389262614623696,5.083203692315256,-0.2616466654353495,-1.742696140237008,1.9922816236348821
1.951,-0.2887863517111345,5.129210785780196,-0.26334777324697356,-1.7011078116240734,1.9922816236348821
1.952,-0.28363447456337926,5.174407917402364,-0.2650073343183133,-1.6595610713397517,1.9922816236348821
1.953,-0.2784378082440939,5.218787950030747,-0.26662539019610904,-1.6180558777957144,1.9922816236348821
1.954,-0.2731971733671348,5.262343875543699,-0.26820198238555426,-1.576592189445221,1.9922816236348821
1.955,-0.2679133974894989,5.305068815955678,-0.2697356964733818,-1.5337140878275282,2.0650754714123805
1.956,-0.26258731498064874,5.3469560245033065,-0.27122657533769323,-1.490878864311453,2.0650754714123805
1.957,-0.25721976689075293,5.387998886710799,-0.27267466181371214,-1.4480864760188938,2.0650754714123805
1.958,-0.25181160081788045,5.428190921434402,-0.27407999869382677,-1.4053368801146273,2.0650754714123805
1.959,-0.24636367077414617,5.467525781885927,-0.27544262872763303,-1.3626300338062651,2.0650754714123805
1.96,-0.24087683705085836,5.505997256634921,-0.2767613017359958,-1.3186730083627407,2.129719770485905
1.961,-0.2353519660826658,5.543599270589559,-0.2780360616759404,-1.2747599399446599,2.129719770485905
1.962,-0.2297899303107438,5.580325885955919,-0.2792669524605354,-1.230890784594997,2.129719770485905
1.963,-0.22419160804501634,5.616171303175696,-0.2804540179589361,-1.1870654984006839,2.129719770485905
1.964,-0.21855788332546702,5.651129861841979,-0.2815973019964287,-1.143284037492565,2.129719770485905
1.965,-0.21288964578253564,5.685196041593111,-0.2826957235631607,-1.0984215667320028,2.1859593361534886
1.966,-0.20718779049664335,5.718364462984373,-0.2837493275216029,-1.053603958442201,2.1859593361534886
1.967,-0.20145321785683135,5.750629888337564,-0.2847581586893636,-1.0088311677606892,2.1859593361534886
1.968,-0.1956868334186016,5.781987222567962,-0.28572226183923344,-0.9641031498698587,2.1859593361534886
1.969,-0.1898895477609013,5.812431513988995,-0.2866416816992304,-0.919419859996919,2.1859593361534886
1.97,-0.1840622763423401,5.841957955094124,-0.28751551069626247,-0.8738289970321003,2.2335721552410934
1.971,-0.17820593935662518,5.870561883316027,-0.28834379442119273,-0.8282837249302463,2.2335721552410934
1.972,-0.17232146158725872,5.898238781762834,-0.28912657841929323,-0.7827839981004941,2.2335721552410934
1.973,-0.16640977226149387,5.924984279931448,-0.2898639081902908,-0.7373297709975718,2.2335721552410934
1.974,-0.16047180490360569,5.950794154397664,-0.29055582918841255,-0.6919209981217523,2.2335721552410934
1.975,-0.15450849718747334,5.975664329483114,-0.2912016108602905,-0.6457816718779639,2.272370262283338
1.976,-0.14852079078851743,5.999590877898831,-0.2918012993452509,-0.5996884849604192,2.272370262283338
1.977,-0.14250963123498842,6.022570021365467,-0.29235494073648066,-0.553641391229792,2.272370262283338
1.978,-0.13647596775866336,6.044598131209881,-0.29286258108107355,-0.5076403445928954,2.272370262283338
1.979,-0.13042075314494786,6.065671728938178,-0.2933242663800762,-0.4616852990026358,2.272370262283338
1.98,-0.12434494358242718,6.085787486784973,-0.2937394459841532,-0.4151796040770015,2.302200481331581
1.981,-0.1182494985118625,6.104942228238919,-0.2941081663989995,-0.36872041484629287,2.302200481331581
1.982,-0.11213538047469114,6.1231329285442895,-0.2944304740838043,-0.322307684804815,2.302200481331581
1.983,-0.10600355496102651,6.14035671517864,-0.29470641545129767,-0.27594136749337855,2.302200481331581
1.984,-0.09985499025720482,6.15661086830638,-0.2949360368677969,-0.22962141649925355,2.302200481331581
1.985,-0.09369065729286227,6.171892821208328,-0.2951189697622704,-0.1829328944735114,2.3229450304621437
1.986,-0.08751152948763836,6.1862001606869494,-0.2952552608232402,-0.136291060969795,2.3229450304621437
1.987,-0.08131858259744253,6.199530627447492,-0.2953449566925398,-0.08969586929958234,2.3229450304621437
1.988,-0.07511279456037964,6.2118821164547215,-0.29538810396536086,-0.04314727282103988,2.3229450304621437
1.989,-0.06889514534231878,6.223252677265345,-0.29538474919029983,0.0033547750610240304,2.3229450304621437
1.99,-0.06266661678215225,6.23364051433599,-0.2953347073302819,0.05004186001793871,2.334521986598785
1.991,-0.05642819243674136,6.24304398730677,-0.295238025072392,0.09668225788989647,2.334521986598785
1.992,-0.050180857425608356,6.251461611260291,-0.29509474905702804,0.14327601536398227,2.334521986598785
1.993,-0.04392559827537112,6.258892056956154,-0.2949049258779474,0.18982317908059398,2.334521986598785
1.994,-0.037663402763966285,6.265334151040844,-0.29466860208231394,0.2363237956334891,2.334521986598785
1.995,-0.031395259764657,6.270786876233027,-0.29438577689829976,0.2828251840141591,2.336885608815175
1.996,-0.02512215908988548,6.275249371484185,-0.2940564968272933,0.32928007100644846,2.336885608815175
1.997,-0.018845091334966587,6.278720932114588,-0.29368080832418153,0.3756885031117455,2.336885608815175
1.998,-0.012565047721668447,6.281201009924567,-0.2932587577973966,0.42205052678493726,2.336885608815175
1.999,-0.006283019941676403,6.2826892132810865,-0.29279039160896214,0.4683661884344558,2.336885608815175
2.0,-4.898587196589413e-16,6.283185307179586,-0.2922758932563393,0.5144983526228506,2.3300265188414624
2.001,0.006283019941675423,6.2826892132810865,-0.2917153088716922,0.560584384647057,2.3300265188414624
2.0020000000000002,0.012565047721669245,6.281201009924566,-0.291108684541053,0.6066243306392392,2.3300265188414624
2.003,0.01884509133496738,6.278720932114587,-0.29045606630436754,0.6526182366854292,2.3300265188414624
2.004,0.0251221590898845,6.275249371484185,-0.28975750015554197,0.698566148825573,2.3300265188414624
2.005,0.03139525976465602,6.270786876233028,-0.28901335313810395,0.744147017438,2.3139717380626323
2.0060000000000002,0.037663402763967076,6.265334151040843,-0.2882236708329221,0.7896823051818147,2.3139717380626323
2.007,0.04392559827537191,6.258892056956154,-0.2873884987752842,0.8351720576378855,2.3139717380626323
2.008,0.05018085742560738,6.251461611260292,-0.28650788245494274,0.8806163203415003,2.3139717380626323
2.009,0.05642819243674039,6.243043987306771,-0.2855818673161603,0.9260151387824114,2.3139717380626323
2.0100000000000002,0.06266661678215305,6.233640514335989,-0.28461100250089943,0.970864815260883,2.2887845808627
2.011,0.06889514534231957,6.223252677265344,-0.28359533285883654,1.0156696420628761,2.2887845808627
2.012,0.07511279456037867,6.211882116454723,-0.28253490319479846,1.0604296640380673,2.2887845808627
2.013,0.08131858259744155,6.199530627447494,-0.2814297582688072,1.1051449259912831,2.2887845808627
2.0140000000000002,0.08751152948763914,6.186200160686948,-0.2802799427961246,1.1498154726825458,2.2887845808627
2.015,0.09369065729286305,6.171892821208325,-0.27908618585082,1.1937569453045775,2.254564404735709
2.016,0.09985499025720386,6.156610868306383,-0.27784853137436605,1.2376544764539872,2.254564404735709
2.017,0.10600355496102555,6.140356715178642,-0.2765670232642938,1.2815081100722474,2.254564404735709
2.0180000000000002,0.11213538047469192,6.123132928544288,-0.27524170537423687,1.3253178900568894,2.254564404735709
2.019,0.11824949851186328,6.104942228238917,-0.27387262151397535,1.3690838602615467,2.254564404735709
2.02,0.12434494358242623,6.085787486784977,-0.27246067781321104,1.4119437007642819,2.211446218149832
2.021,0.13042075314494692,6.065671728938182,-0.2710059171317845,1.4547606814265142,2.211446218149832
2.0220000000000002,0.13647596775866414,6.044598131209878,-0.26950838228667645,1.4975348451080843,2.211446218149832
2.023,0.1425096312349892,6.022570021365463,-0.26796811605205045,1.5402662346259728,2.211446218149832
2.024,0.14852079078851652,5.999590877898835,-0.2663851611592961,1.5829548927543435,2.211446218149832
2.025,0.1545084971874724,5.975664329483117,-0.2647605972184803,1.6245639408158326,2.159600147712169
2.0260000000000002,0.16047180490360644,5.95079415439766,-0.26309446583865104,1.66613137982926,2.159600147712169
2.027,0.16640977226149295,5.924984279931452,-0.2613868085872474,1.707657251403674,2.159600147712169
2.028,0.1723214615872578,5.898238781762839,-0.25963766699014085,1.7491415971065138,2.159600147712169
2.029,0.17820593935662427,5.870561883316031,-0.2578470825316772,1.7905844584636508,2.159600147712169
2.0300000000000002,0.18406227634233918,5.841957955094128,-0.2560163040423373,1.8307784893399306,2.099230766737176
2.031,0.1898895477609004,5.812431513988998,-0.2541453717161519,1.8709323261853341,2.099230766737176
2.032,0.1956868334186007,5.781987222567968,-0.25223432570695803,1.9110460091938923,2.099230766737176
2.033,0.20145321785683046,5.75062988833757,-0.2502832061284386,1.951119578519442,2.099230766737176
2.0340000000000003,0.20718779049664246,5.718364462984378,-0.2482920530541629,1.991153074275666,2.099230766737176
2.035,0.21288964578253636,5.685196041593106,-0.24626227960720415,2.029773446958763,2.03057628786863
2.036,0.21855788332546613,5.651129861841984,-0.24419392440793497,2.0683551992691767,2.03057628786863
2.037,0.22419160804501545,5.616171303175701,-0.2420870260381077,2.10689836982728,2.03057628786863
2.0380000000000003,0.2297899303107445,5.580325885955914,-0.23994162304089287,2.145402997214825,2.03057628786863
2.039,0.2353519660826665,5.543599270589555,-0.23775775392091789,2.183869119974983,2.03057628786863
2.04,0.24087683705085752,5.505997256634927,-0.23553699051760404,2.2207634033138386,1.953907622941534
2.041,0.2463636707741453,5.467525781885933,-0.2332793697252347,2.2576207923693556,1.953907622941534
2.0420000000000003,0.2518116008178812,5.428190921434398,-0.23098492840119889,2.294441324035817,1.953907622941534
2.043,0.2572197668907536,5.387998886710793,-0.22865370336602828,2.3312250351706116,1.953907622941534
2.044,0.2625873149806479,5.346956024503313,-0.226285731403434,2.3679719625942717,1.953907622941534
2.045,0.26791339748949805,5.305068815955684,-0.22388273686652643,2.4029945369075634,1.8695273137942876
2.0460000000000003,0.27319717336713545,5.262343875543694,-0.2214447547778799,2.4379820886465415,1.8695273137942876
2.047,0.27843780824409453,5.218787950030742,-0.21897182012504612,2.4729346528337808,1.8695273137942876
2.048,0.2836344745633785,5.174407917402371,-0.2164639678605893,2.5078522644568326,1.8695273137942876
2.049,0.2887863517111337,5.129210785780203,-0.21392123290212103,2.5427349584682615,1.8695273137942876
2.05,0.29389262614623474,5.083203692315276,-0.21134548531184622,2.5757475902748097,1.7777683382508158
2.051,0.29895249152876013,5.036393902060927,-0.20873675810239667,2.608727209449551,1.7777683382508158
2.052,0.3039651488473031,4.988788806825737,-0.20609508425339154,2.6416738490051177,1.7777683382508158
2.053,0.30892980654516583,4.94039592400609,-0.20342049671147042,2.6745875419211287,1.7777683382508158
2.054,0.3138456806453486,4.891222895399142,-0.2007130283903262,2.707468321144224,1.7777683382508158
2.055,0.3187119948743457,4.841277485996128,-0.19797468768158344,2.7383407087427782,1.678992795984915
2.056,0.32352798078472134,4.790567582756248,-0.1952055054576297,2.7691822239537336,1.678992795984915
2.057,0.3282928778764771,4.739101193361016,-0.19240551255998023,2.7999928976494783,1.678992795984915
2.058,0.33300593371712445,4.686886444949948,-0.1895747397993087,2.830772760671527,1.678992795984915
2.059,0.3376664040605132,4.633931582837081,-0.18671321795547813,2.861521843830554,1.678992795984915
2.06,0.3422735529643437,4.58024496920909,-0.18382308582390233,2.8901321315757875,1.5735904794532045
2.061,0.3468266529064016,4.525835081804562,-0.18090437201486906,2.918713809033276,1.5735904794532045
2.062,0.35132498489942343,4.470710512575473,-0.17795710511005575,2.9472669048133064,1.5735904794532045
2.063,0.3557678386046425,4.414879966330312,-0.1749813136625582,2.9757914474975573,1.5735904794532045
2.064,0.360154512443953,4.35835225935957,-0.17197702619691907,3.004287465639124,1.5735904794532045
2.065,0.36448431371070505,4.301136318043454,-0.16894650347203485,3.0305227248842157,1.4619773355365473
2.066,0.36875655867908597,4.243241177442365,-0.1658897717231648,3.0567317488700625,1.4619773355365473
2.067,0.37297057271209105,4.1846759798701285,-0.16280685715933288,3.0829145638319235,1.4619773355365473
2.068,0.3771256903680516,4.125449973450384,-0.15969778596335404,3.1090711959788226,1.4619773355365473
2.069,0.3812212555057234,4.065572510656099,-0.15656258429186046,3.135201671493575,1.4619773355365473
2.07,0.38525662138789385,4.005053046832771,-0.15340362594555915,3.1589583463013065,1.3445938239612674
2.071,0.38923115078351184,3.943901138705281,-0.1502209346811249,3.1826912644342307,1.3445938239612674
2.072,0.3931442160683093,3.882126442868855,-0.1470145342314759,3.206400449649022,1.3445938239612674
2.073,0.3969951993239173,3.8197387142640626,-0.14378444830579729,3.230085925678598,1.3445938239612674
2.074,0.4007834924354377,3.7567478046364724,-0.14053070058956513,3.253747716232145,1.3445938239612674
2.075,0.40450849718747395,3.6931636609809093,-0.13725576855746965,3.274932032095487,1.2219031789787074
2.076,0.40816962535859197,3.6289963239707848,-0.1339596733938267,3.2960951636429656,1.2219031789787074
2.077,0.4117662988142135,3.5642559263724447,-0.1306424362617678,3.3172371320588967,1.2219031789787074
2.078,0.4152979495979059,3.498952691445165,-0.1273040783032614,3.338357958506412,1.2219031789787074
2.079,0.41876402002107116,3.433096931326742,-0.12394462063913392,3.3594576641274796,1.2219031789787074
2.08,0.42216396275100765,3.3666990454051584,-0.12056663464104729,3.377985998086624,1.0943895811635869
2.081,0.4254972408973458,3.2997695186762916,-0.11717013883733549,3.396495803711809,1.0943895811635869
2.082,0.4287633280968258,3.232318920088284,-0.11375515173780412,3.414987099531369,1.0943895811635869
2.083,0.4319617085964181,3.164357900872546,-0.11032169183374901,3.4334599040551095,1.0943895811635869
2.084,0.43509187733476307,3.095897192861879,-0.10686977759797468,3.451914235774326,1.0943895811635869
2.085,0.4381533400219318,3.0269476067956798,-0.10340206415150521,3.4677134464694763,0.9625562465462191
2.086,0.44114561321747564,2.957520030612898,-0.09991856729355128,3.483496857953931,0.9625562465462191
2.087,0.44406822440677274,2.887625427732563,-0.09641930280752438,3.4992644860269015,0.9625562465462191
2.088,0.44692071207563216,2.817274835322813,-0.09290428646105257,3.515016346471799,0.9625562465462191
2.089,0.4497026257831848,2.7464793625576993,-0.08937353400599632,3.5307524550562515,0.9625562465462191
2.09,0.45241352623300896,2.6752501888630196,-0.08582977383458272,3.543760171413596,0.826923440620041
2.091,0.45505298534249833,2.6035985621509936,-0.08227301895452814,3.556754880054583,0.826923440620041
2.092,0.4576205863104591,2.5315357970441723,-0.07870328236054121,3.569736593986929,0.826923440620041
2.093,0.46011592368293464,2.4590732730885243,-0.07512057703433586,3.582705326205343,0.826923440620041
2.094,0.46253860341722836,2.3862224329565533,-0.07152491594464433,3.5956610896915384,0.826923440620041
2.095,0.46488824294412623,2.312994780640409,-0.06791908998754125,3.605825957103091,0.6880264250622024
2.096,0.4671644712283058,2.2394018796353783,-0.06430310932789401,3.615980659647232,0.6880264250622024
2.097,0.46936692882693665,2.165455351113562,-0.06067698412040519,3.626125207488829,0.6880264250622024
2.098,0.4714952679464317,2.0911668720890497,-0.0570407245096226,3.636259610782584,0.6880264250622024
2.099,0.4735491524973721,2.016548173573838,-0.053394340629949556,3.6463838796730452,0.6880264250622024
2.1,0.47552825814757665,1.9416110387254726,-0.04974067486725077,3.653665762698788,0.5464133452707807
2.101,0.4774322723733212,1.8663673009862232,-0.04607973450340926,3.6609403638415046,0.5464133452707807
2.102,0.4792608945086876,1.7908288422145318,-0.042411526813026186,3.6682076903830785,0.5464133452707807
2.103,0.48101383579304297,1.7150075908086866,-0.03873605906342807,3.675467749598111,0.5464133452707807
2.104,0.4826908194166369,1.6389155198232757,-0.03505333851467414,3.6827205487539283,0.5464133452707807
2.105,0.48429158056431537,1.5625646450783732,-0.03136624782512786,3.6870906895462805,0.4026430670553124
2.106,0.4858158664573367,1.4859670232621889,-0.02767479136493002,3.6914564601978404,0.4026430670553124
2.107,0.4872634363932886,1.4091347500271334,-0.023978973499851272,3.6958178650787485,0.4026430670553124
2.108,0.4886340617840967,1.3320799580798623,-0.020278798591296495,3.700174908554776,0.4026430670553124
2.109,0.4899275261921233,1.2548148152652496,-0.01657427099630917,3.7045275949873275,0.4026430670553124
2.11,0.4911436253643442,1.1773515226450317,-0.012868302269496456,3.7059687268127126,0.2572829710186181
2.111,0.4922821672646028,1.0997023125710743,-0.009160893851990183,3.7074084175062723,0.2572829710186181
2.112,0.4933429721039341,1.0218794467538304,-0.005452047183481044,3.708846668509138,0.2572829710186181
2.113,0.494325872368957,0.9438952143259416,-0.0017417637022200429,3.7102834812610013,0.2572829710186181
2.114,0.49523071284832554,0.8657619299017304,0.00196995515498007,3.7117188572001125,0.2572829710186181
2.115,0.496057350657239,0.7874919316325348,0.005680180427589667,3.7102252726095974,0.11090671333424462
2.116,0.49680565526000425,0.7090975792584605,0.00938891360919334,3.7087331816036726,0.11090671333424462
2.117,0.4974755084906501,0.6305912521565014,0.013096156191882095,3.7072425826887536,0.11090671333424462
2.118,0.4980668045715862,0.5519853473857811,0.016801909666254843,3.7057534743727496,0.11090671333424462
2.119,0.498579450130307,0.47329227772986915,0.020506175521419905,3.704265855165062,0.11090671333424462
2.12,0.49901336421413583,0.3945244697367479,0.02420601894996494,3.6998434285450355,-0.035908038243062324
2.121,0.49936847830300873,0.31569436175638227,0.027901444374316568,3.695425424351629,-0.035908038243062324
2.122,0.49964473632029455,0.2368144019766726,0.031592456212478984,3.6910118381624164,-0.035908038243062324
2.123,0.49984209464165,0.15789704645758426,0.03527905887803837,3.6866026655593926,-0.035908038243062324
2.124,0.49996052210190806,0.07895475716450426,0.03896125678016735,3.682197902128972,-0.035908038243062324
2.125,0.5,-4.620698834973536e-15,0.04263612084671021,3.6748640665428622,-0.18258188419902766
2.126,0.49996052210190806,-0.07895475716449118,0.046303658411502545,3.667537564792339,-0.18258188419902766
2.1270000000000002,0.49984209464164997,-0.15789704645761585,0.04996387680104611,3.6602183895435663,-0.18258188419902766
2.128,0.4996447363202946,-0.23681440197665954,0.05361678333451615,3.652906533470042,-0.18258188419902766
2.129,0.4993684783030088,-0.3156943617563693,0.05726238532376875,3.6456019892525915,-0.18258188419902766
2.13,0.4990133642141359,-0.3945244697367348,0.060897770991433765,3.635385667665018,-0.32853597991606354
2.1310000000000002,0.49857945013030686,-0.4732922777299006,0.0645229505538328,3.6251795623990315,-0.32853597991606354
2.132,0.4980668045715863,-0.5519853473857681,0.06813793421707111,3.614983663238311,-0.32853597991606354
2.133,0.4974755084906502,-0.6305912521564884,0.07174273217704787,3.6047979599767515,-0.32853597991606354
2.134,0.49680565526000436,-0.7090975792584475,0.07533735461946632,3.5946224424184536,-0.32853597991606354
2.1350000000000002,0.4960573506572387,-0.787491931632566,0.07891891855303956,3.58156393357324,-0.47319432013976115
2.136,0.49523071284832565,-0.8657619299017173,0.08248743703627644,3.5685184832368715,-0.47319432013976115
2.137,0.49432587236895714,-0.9438952143259287,0.08604292311462727,3.5554860783508393,-0.47319432013976115
2.138,0.49334297210393424,-1.0218794467538175,0.08958538982049696,3.542466705869693,-0.47319432013976115
2.1390000000000002,0.49228216726460267,-1.0997023125710834,0.09311485017325799,3.529460352761028,-0.47319432013976115
2.14,0.49114362536434436,-1.1773515226450189,0.09662846134542147,3.513611172163474,-0.6159860122396414
2.141,0.48992752619212354,-1.2548148152652367,0.10012623918616799,3.497777840746518,-0.6159860122396414
2.142,0.4886340617840969,-1.3320799580798497,0.10360819952882896,3.4819603426609786,-0.6159860122396414
2.1430000000000002,0.48726343639328845,-1.4091347500271425,0.1070743581909025,3.466158662073525,-0.6159860122396414
2.144,0.48581586645733693,-1.485967023262176,0.11052473097406916,3.4503727831666584,-0.6159860122396414
2.145,0.48429158056431565,-1.5625646450783603,0.11395652643386679,3.4317954597976317,-0.7563475292930127
2.146,0.4826908194166371,-1.638915519823263,0.11736976314761877,3.413236713751974,-0.7563475292930127
2.1470000000000002,0.48101383579304274,-1.7150075908086957,0.12076445967407112,3.394696526452362,-0.7563475292930127
2.148,0.47926089450868786,-1.790828842214519,0.12414063455341118,3.3761748793400495,-0.7563475292930127
2.149,0.47743227237332153,-1.8663673009862105,0.12749830630728604,3.357671753874849,-0.7563475292930127
2.15,0.47552825814757693,-1.9416110387254601,0.13083474589072502,3.336439583438984,-0.8937249340995107
2.1510000000000002,0.4735491524973719,-2.016548173573847,0.13414997453589858,3.315228645173555,-0.8937249340995107
2.152,0.4714952679464321,-2.0911668720890373,0.13744401345374496,3.294038917846391,-0.8937249340995107
2.153,0.46936692882693704,-2.1654553511135495,0.14071688383399153,3.2728703802465544,-0.8937249340995107
2.154,0.4671644712283061,-2.239401879635366,0.14396860684517584,3.2517230111843176,-0.8937249340995107
2.1550000000000002,0.4648882429441253,-2.3129947806404387,0.147196526612042,3.2279197668661426,-1.027576065349528
2.156,0.46253860341722874,-2.3862224329565414,0.15040066693783427,3.204140325792286,-1.027576065349528
2.157,0.4601159236829351,-2.459073273088512,0.15358105160199378,3.180384664159503,-1.027576065349528
2.158,0.45762058631045954,-2.53153579704416,0.15673770436018214,3.156652758188353,-1.027576065349528
2.1590000000000003,0.45505298534249733,-2.603598562151022,0.1598706489443053,3.132944584123174,-1.027576065349528
2.16,0.4524135262330094,-2.6752501888630076,0.16297731313029798,3.106664185992682,-1.1573726773184463
2.161,0.4497026257831853,-2.7464793625576878,0.1660577231985583,3.0804100682603206,-1.1573726773184463
2.162,0.4469207120756326,-2.8172748353228014,0.16911190540320398,3.0541822046456915,-1.1573726773184463
2.1630000000000003,0.4440682244067716,-2.8876254277325915,0.17213988597209864,3.027980568894677,-1.1573726773184463
2.164,0.44114561321747614,-2.9575200306128866,0.17514169110687805,3.0018051347794135,-1.1573726773184463
2.165,0.4381533400219323,-3.0269476067956687,0.17811484238602984,2.973151279151786,-1.282602524642416
2.166,0.43509187733476357,-3.0958971928618673,0.18105936846340964,2.944526077379786,-1.282602524642416
2.1670000000000003,0.4319617085964168,-3.1643579008725733,0.1839752979642192,2.9159295008095576,-1.282602524642416
2.168,0.4287633280968264,-3.2323189200882725,0.18686265948503508,2.8873615208158996,-1.282602524642416
2.169,0.42549724089734636,-3.29976951867628,0.1897214815938373,2.858822108802235,-1.282602524642416
2.17,0.4221639627510082,-3.366699045405147,0.1925493894528518,2.8279078590144757,-1.4027713839478726
2.1710000000000003,0.4187640200210698,-3.4330969313267685,0.1953464139763283,2.797024523476504,-1.4027713839478726
2.172,0.41529794959790645,-3.4989526914451545,0.19811258604760237,2.76617207127407,-1.4027713839478726
2.173,0.41176629881421406,-3.5642559263724336,0.20084793651912622,2.735350471523838,-1.4027713839478726
2.174,0.4081696253585926,-3.628996323970774,0.20355249621249957,2.7045596933733567,-1.4027713839478726
2.1750000000000003,0.4045084971874735,-3.693163660980917,0.20622400324609244,2.6715070335928566,-1.517405004356334
2.176,0.4007834924354383,-3.7567478046364617,0.20886249067256457,2.638487426472137,-1.517405004356334
2.177,0.3969951993239179,-3.8197387142640524,0.21146799151152312,2.6055008389585383,-1.517405004356334
2.178,0.39314421606830996,-3.882126442868845,0.2140405387495556,2.572547238032453,-1.517405004356334
2.179,0.38923115078351245,-3.9439011387052707,0.2165801653402629,2.539626590707294,-1.517405004356334
2.18,0.3852566213878945,-4.00505304683276,0.21908473128479614,2.5045659445332515,-1.626050979166753
2.181,0.38122125550572405,-4.065572510656089,0.2215542716438015,2.469540359005383,-1.626050979166753
2.182,0.3771256903680523,-4.125449973450374,0.22398882144286456,2.4345497990630425,-1.626050979166753
2.183,0.3729705727120917,-4.184675979870119,0.2263884156725452,2.3995942296806443,-1.626050979166753
2.184,0.3687565586790867,-4.243241177442355,0.22875308928841281,2.3646736158676287,-1.626050979166753
2.185,0.3644843137107058,-4.3011363180434445,0.231080832620038,2.3277433316251863,-1.728280531328736
2.186,0.3601545124439537,-4.3583522593595605,0.233371682597705,2.2908499776669866,-1.728280531328736
2.187,0.3557678386046432,-4.414879966330302,0.23562567611476773,2.253993517062745,-1.728280531328736
2.188,0.35132498489942415,-4.470710512575464,0.23784285002768685,2.2171739129191077,-1.728280531328736
2.189,0.34682665290640236,-4.525835081804553,0.24002324115606646,2.180391128379614,-1.728280531328736
2.19,0.3422735529643445,-4.580244969209081,0.2421649780892045,2.141736933138033,-1.8236902056600526
2.191,0.33766640406051396,-4.633931582837072,0.2442680994812962,2.103121392091694,-1.8236902056600526
2.192,0.33300593371712517,-4.6868864449499394,0.24633264394788262,2.0645444665864012,-1.8236902056600526
2.193,0.3282928778764779,-4.739101193361007,0.24835865006588922,2.0260061180066136,-1.8236902056600526
2.194,0.3235279807847221,-4.790567582756239,0.25034615637366464,1.9875063077754058,-1.8236902056600526
2.195,0.3187119948743465,-4.841277485996119,0.2522934371059097,1.9472807322450285,-1.9119034611300938
2.196,0.31384568064534946,-4.8912228953991335,0.25420053248819985,1.9070953822901817,-1.9119034611300938
2.197,0.30892980654516666,-4.940395924006082,0.25606748270588514,1.8669502176852897,-1.9119034611300938
2.198,0.3039651488473039,-4.98878880682573,0.25789432790413014,1.8268451982450025,-1.9119034611300938
2.199,0.29895249152876097,-5.036393902060919,0.2596811081879543,1.7867802838241555,-1.9119034611300938
2.2,0.29389262614623557,-5.083203692315269,0.26142625024835614,1.7451420604018262,-1.992572156925265
2.201,0.28878635171113454,-5.129210785780196,0.26312979572355905,1.703545475202919,-1.992572156925265
2.202,0.2836344745633793,-5.174407917402363,0.26479178621014826,1.6619904865892108,-1.992572156925265
2.203,0.2784378082440954,-5.218787950030735,0.2664122632631124,1.6204770529641164,-1.992572156925265
2.204,0.27319717336713334,-5.262343875543711,0.26799126839588505,1.5790051327726469,-1.992572156925265
2.205,0.26791339748949894,-5.305068815955677,0.2695273869649963,1.5361185691112489,-2.0653779264312693
2.206,0.2625873149806488,-5.3469560245033065,0.2710206618570098,1.4932748920135122,-2.0653779264312693
2.207,0.2572197668907545,-5.387998886710787,0.2724711359156027,1.4504740585928733,-2.0653779264312693
2.208,0.2518116008178805,-5.4281909214344015,0.2738788519416083,1.407716026005655,-2.0653779264312693
2.209,0.24636367077414623,-5.467525781885926,0.27524385269305934,1.3650007514510238,-2.0653779264312693
2.21,0.2408768370508584,-5.505997256634921,0.2765648877750847,1.3210350820253691,-2.130033433710185
2.211,0.23535196608266742,-5.5435992705895485,0.27784200115335383,1.27711337826914,-2.130033433710185
2.212,0.22978993031074385,-5.580325885955918,0.2790752367495705,1.233235596216667,-2.130033433710185
2.213,0.2241916080450164,-5.616171303175696,0.2802646384415168,1.1894016919462467,-2.130033433710185
2.214,0.21855788332546708,-5.651129861841978,0.2814102500630969,1.1456116215800967,-2.130033433710185
2.215,0.2128896457825373,-5.685196041593101,0.28251099040290517,1.100740339808255,-2.186283507513078
2.216,0.2071877904966418,-5.718364462984382,0.28356690433222337,1.0559139293181852,-2.186283507513078
2.217,0.2014532178568314,-5.750629888337564,0.28457803667746195,1.0111323452386054,-2.186283507513078
2.218,0.19568683341860166,-5.781987222567961,0.28554443222020504,0.9663955427431052,-2.186283507513078
2.219,0.18988954776090136,-5.812431513988994,0.28646613569725515,0.9217034770501006,-2.186283507513078
2.22,0.1840622763423385,-5.841957955094132,0.28734223934786113,0.8761036506059884,-2.233906148353103
2.221,0.17820593935662524,-5.870561883316026,0.28817278877184943,0.8305494239883203,-2.233906148353103
2.222,0.17232146158725878,-5.898238781762833,0.2889578295234467,0.7850407515972699,-2.233906148353103
2.223,0.16640977226149395,-5.924984279931448,0.2896974071113253,0.7395775878786106,-2.233906148353103
2.224,0.16047180490360405,-5.950794154397671,0.290391566998649,0.69415988732367,-2.233906148353103
2.225,0.1545084971874734,-5.975664329483113,0.29103957845799205,0.6480114593430586,-2.272713404664386
2.226,0.1485207907885175,-5.999590877898831,0.29164148763778247,0.6019091797904278,-2.272713404664386
2.227,0.1425096312349902,-6.02257002136546,0.29219734064029984,0.5558530025173497,-2.272713404664386
2.228,0.1364759677586617,-6.044598131209886,0.29270718352172137,0.5098428814215447,-2.272713404664386
2.229,0.13042075314494794,-6.065671728938178,0.2931710622921682,0.4638787704468354,-2.272713404664386
2.23,0.12434494358242723,-6.085787486784973,0.29358842614155284,0.4173638493846081,-2.3025521145890244
2.231,0.11824949851186428,-6.104942228238913,0.29395932158479626,0.370895443243443,-2.3025521145890244
2.232,0.11213538047468946,-6.123132928544295,0.29428379509030467,0.324473505508419,-2.3025521145890244
2.233,0.10600355496102656,-6.14035671517864,0.2945618930800158,0.2780979897111301,-2.3025521145890244
2.234,0.09985499025720489,-6.15661086830638,0.29479366192944545,0.2317688494296385,-2.3025521145890244
2.235,0.09369065729286408,-6.171892821208323,0.29497873291981636,0.18507099037091784,-2.323304510464551
2.236,0.08751152948763667,-6.186200160686953,0.2951171527489876,0.1384198291712559,-2.323304510464551
2.237,0.08131858259744258,-6.199530627447492,0.29520896806812036,0.09181531913279362,-2.323304510464551
2.238,0.0751127945603797,-6.2118821164547215,0.29525422548172475,0.04525741360436981,-2.323304510464551
2.239,0.0688951453423206,-6.223252677265341,0.29525297154770624,-0.001253934018525582,-2.323304510464551
2.24,0.06266661678215055,-6.233640514335994,0.2952050210939492,-0.0479504537570341,-2.334888683626352
2.241,0.05642819243674142,-6.24304398730677,0.29511042081697336,-0.09460027697580409,-2.334888683626352
2.242,0.05018085742560841,-6.251461611260291,0.29496921736660203,-0.14120345037135532,-2.334888683626352
2.243,0.04392559827537295,-6.258892056956152,0.2947814573460085,-0.187760020593511,-2.334888683626352
2.244,0.03766340276396634,-6.265334151040844,0.2945471873117631,-0.23427003424544451,-2.334888683626352
2.245,0.03139525976465706,-6.270786876233027,0.2942664063693981,-0.28078094236500883,-2.3372589076904866
2.246,0.02512215908988554,-6.275249371484185,0.29393916102982165,-0.3272453395764536,-2.3372589076904866
2.247,0.018845091334968422,-6.278720932114587,0.29356549775743096,-0.37366327239068686,-2.3372589076904866
2.248,0.012565047721668509,-6.281201009924566,0.29314546297015887,-0.4200347872721059,-2.3372589076904866
2.249,0.006283019941676464,-6.2826892132810865,0.2926791030395202,-0.46635993063864356,-2.3372589076904866
2.25,5.51091059616309e-16,-6.283185307179586,0.2921666013524314,-0.5125016870888314,-2.330405819041322
2.251,-0.006283019941675362,-6.2826892132810865,0.2916080040506488,-0.558597301782569,-2.330405819041322
2.2520000000000002,-0.012565047721669182,-6.281201009924566,0.2910033572297872,-0.6046468208616128,-2.330405819041322
2.253,-0.018845091334967323,-6.278720932114587,0.29035270693936566,-0.6506502904215776,-2.330405819041322
2.254,-0.02512215908988444,-6.275249371484185,0.2896560991828537,-0.6966077565119825,-2.330405819041322
2.255,-0.03139525976465596,-6.270786876233028,0.288913900905022,-0.7421982778316971,-2.314356453811333
2.2560000000000002,-0.03766340276396701,-6.265334151040843,0.28812615769639194,-0.7877432086300921,-2.314356453811333
2.257,-0.043925598275371854,-6.258892056956154,0.28729291510189425,-0.8332425944976887,-2.314356453811333
2.258,-0.050180857425607316,-6.251461611260292,0.2864142186209148,-0.8786964809794177,-2.314356453811333
2.259,-0.056428192436740326,-6.243043987306771,0.2854901137073402,-0.9241049135746648,-2.314356453811333
2.2600000000000002,-0.06266661678215299,-6.23364051433599,0.28452114941585493,-0.9689642914852379,-2.2891741412073836
2.261,-0.0688951453423195,-6.223252677265344,0.28350737060583703,-1.0137788100179004,-2.2891741412073836
2.262,-0.07511279456037862,-6.211882116454723,0.282448822091805,-1.05854851403203,-2.2891741412073836
2.263,-0.0813185825974415,-6.199530627447494,0.28134554864346284,-1.1032734483421458,-2.2891741412073836
2.2640000000000002,-0.08751152948763909,-6.186200160686948,0.28019759498574487,-1.1479536577179514,-2.2891741412073836
2.265,-0.093690657292863,-6.171892821208325,0.2790056901166125,-1.19190486913232,-2.254958253604328
2.266,-0.0998549902572038,-6.156610868306383,0.27776987798727726,-1.2358121293352742,-2.254958253604328
2.267,-0.1060035549610255,-6.140356715178642,0.2764902025049992,-1.2796754822780254,-2.254958253604328
2.2680000000000002,-0.11213538047469185,-6.123132928544288,0.2751667075331314,-1.323494971867834,-2.254958253604328
2.269,-0.11824949851186321,-6.104942228238917,0.2737994368911633,-1.3672706419680527,-2.254958253604328
2.27,-0.12434494358242616,-6.085787486784977,0.2723892966435494,-1.4101402476139298,-2.211843814392256
2.271,-0.13042075314494686,-6.065671728938182,0.2709363296598952,-1.452966983654161,-2.211843814392256
2.2720000000000002,-0.13647596775866405,-6.044598131209878,0.2694405787669369,-1.4957508929583518,-2.211843814392256
2.273,-0.14250963123498914,-6.022570021365464,0.2679020867485836,-1.5384920183532387,-2.211843814392256
2.274,-0.14852079078851646,-5.999590877898836,0.2663208963459609,-1.5811904026227306,-2.211843814392256
2.275,-0.15450849718747234,-5.975664329483117,0.2646980871144383,-1.6228092315226075,-2.1600009651249827
2.2760000000000002,-0.16047180490360638,-5.95079415439766,0.26303370067284476,-1.6643864415935845,-2.1600009651249827
2.277,-0.1664097722614929,-5.924984279931452,0.2613277785983903,-1.7059220744544905,-2.1600009651249827
2.278,-0.17232146158725775,-5.898238781762839,0.25958036242670773,-1.7474161716825356,-2.1600009651249827
2.279,-0.1782059393566242,-5.870561883316031,0.25779149365189435,-1.7888687748133527,-2.1600009651249827
2.2800000000000002,-0.18406227634233913,-5.841957955094129,0.25596242105997435,-1.8290725919199933,-2.0996342940726995
2.281,-0.18988954776090033,-5.812431513988999,0.25409318485476484,-1.8692362052095273,-2.0996342940726995
2.282,-0.19568683341860063,-5.781987222567968,0.2521838251998791,-1.9093596548857716,-2.0996342940726995
2.283,-0.2014532178568304,-5.75062988833757,0.25023438221876676,-1.94944298111234,-2.0996342940726995
2.2840000000000003,-0.2071877904966424,-5.718364462984378,0.24824489599475408,-1.9894862240126816,-2.0996342940726995
2.285,-0.2128896457825363,-5.685196041593107,0.24621677961638883,-2.028116378365243,-2.030982028828708
2.286,-0.21855788332546608,-5.6511298618419845,0.24415007171382538,-2.066707902563452,-2.030982028828708
2.287,-0.2241916080450154,-5.616171303175702,0.24204481087858792,-2.1052608352374627,-2.030982028828708
2.2880000000000003,-0.22978993031074443,-5.580325885955914,0.23990103566360912,-2.1437752149787994,-2.030982028828708
2.289,-0.23535196608266645,-5.543599270589555,0.23771878458326873,-2.1822510803403947,-2.030982028828708
2.29,-0.24087683705085747,-5.505997256634928,0.23549962945208555,-2.2191551311831867,-1.9543150961566123
2.291,-0.24636367077414525,-5.467525781885933,0.2332436071741104,-2.256022277975136,-1.9543150961566123
2.2920000000000003,-0.2518116008178811,-5.428190921434398,0.23095075461649012,-2.292852557620293,-1.9543150961566123
2.293,-0.25721976689075354,-5.387998886710794,0.22862110860950433,-2.3296460069858047,-1.9543150961566123
2.294,-0.26258731498064786,-5.346956024503314,0.22625470594660238,-2.366402662901951,-1.9543150961566123
2.295,-0.267913397489498,-5.305068815955684,0.22385327096530758,-2.4014349812948153,-1.8699360527883206
2.2960000000000003,-0.2731971733671354,-5.262343875543694,0.2214168386979383,-2.4364322673692866,-1.8699360527883206
2.297,-0.27843780824409453,-5.218787950030743,0.2189454441417806,-2.4713945561576836,-1.8699360527883206
2.298,-0.2836344745633784,-5.174407917402372,0.21643912225912332,-2.5063218826572924,-1.8699360527883206
2.299,-0.28878635171113365,-5.129210785780204,0.2138979079772929,-2.5412142818304013,-1.8699360527883206
2.3000000000000003,-0.29389262614623757,-5.083203692315251,0.2113236713519165,-2.5742366253764213,-1.7781778913925157
2.301,-0.2989524915287601,-5.036393902060928,0.2087164454053376,-2.607225946578895,-1.7781778913925157
2.302,-0.303965148847303,-4.988788806825738,0.20607626312687743,-2.6401822784601663,-1.7781778913925157
2.303,-0.30892980654516583,-4.940395924006091,0.20340315747286788,-2.6731056540095564,-1.7781778913925157
2.3040000000000003,-0.31384568064535134,-4.891222895399115,0.2006971613666845,-2.705996106183397,-1.7781778913925157
2.305,-0.31871199487434565,-4.8412774859961285,0.19796028320207876,-2.736878164605731,-1.6794027264258795
2.306,-0.3235279807847213,-4.790567582756248,0.19519255386110912,-2.767729340969643,-1.6794027264258795
2.307,-0.32829287787647704,-4.739101193361016,0.19239400419495192,-2.7985496661571907,-1.6794027264258795
2.308,-0.3330059337171244,-4.686886444949948,0.18956466502393238,-2.829339171019551,-1.6794027264258795
2.309,-0.3376664040605131,-4.633931582837082,0.18670456713755532,-2.860097886377049,-1.6794027264258795
2.31,-0.34227355296434364,-4.580244969209091,0.18381584934176357,-2.8887177957917403,-1.5740003650534105
2.311,-0.3468266529064015,-4.525835081804563,0.18089854025646654,-2.917309085297017,-1.5740003650534105
2.312,-0.3513249848994234,-4.470710512575474,0.17795266847295374,-2.9458717835127883,-1.5740003650534105
2.313,-0.35576783860464245,-4.414879966330312,0.1749782625539234,-2.974405919030344,-1.5740003650534105
2.314,-0.36015451244395297,-4.35835225935957,0.17197535103351103,-3.0029115204123817,-1.5740003650534105
2.315,-0.364484313710705,-4.301136318043454,0.1689461946892435,-3.0291563442675242,-1.4623867687777539
2.316,-0.36875655867908597,-4.243241177442365,0.1658908197659447,-3.0553749232988117,-1.4623867687777539
2.317,-0.372970572712091,-4.184675979870129,0.16280925248219363,-3.081567283751068,-1.4623867687777539
2.318,-0.3771256903680516,-4.125449973450385,0.15970151903035076,-3.107733451842872,-1.4623867687777539
2.319,-0.38122125550572333,-4.0655725106561,0.15656764557658417,-3.133873453766584,-1.4623867687777539
2.32,-0.3852566213878938,-4.005053046832771,0.1534100059480344,-3.157639628549794,-1.3450024118488118
2.321,-0.3892311507835118,-3.943901138705282,0.15022862391087616,-3.1813820371582207,-1.3450024118488118
2.322,-0.3931442160683093,-3.8821264428688553,0.14702352320751813,-3.2051007033580388,-1.3450024118488118
2.323,-0.39699519932391725,-3.8197387142640635,0.14379472755662648,-3.228795650891657,-1.3450024118488118
2.324,-0.40078349243543765,-3.756747804636473,0.14054226065314873,-3.2524669034777416,-1.3450024118488118
2.325,-0.4045084971874739,-3.6931636609809098,0.13726860000571584,-3.2736606474329077,-1.2223105429321957
2.326,-0.4081696253585919,-3.628996323970785,0.13397376680807171,-3.2948331976441185,-1.2223105429321957
2.327,-0.41176629881421345,-3.5642559263724456,0.13065778223276658,-3.3159845753051185,-1.2223105429321957
2.328,-0.41529794959790584,-3.4989526914451656,0.12732066743117812,-3.337114801588457,-1.2223105429321957
2.329,-0.41876402002107116,-3.4330969313267423,0.12396244353353261,-3.3582238976455123,-1.2223105429321957
2.33,-0.4221639627510076,-3.3666990454051584,0.12058568195264681,-3.3767615808858062,-1.0947953568969744
2.331,-0.4254972408973458,-3.299769518676292,0.11719040122620394,-3.3952807264428597,-1.0947953568969744
2.332,-0.4287633280968258,-3.2323189200882845,0.11377661987334958,-3.413781352854356,-1.0947953568969744
2.333,-0.431961708596418,-3.1643579008725466,0.11034435639471014,-3.4322634786394413,-1.0947953568969744
2.334,-0.435091877334763,-3.0958971928618793,0.1068936292724114,-3.4507271222987415,-1.0947953568969744
2.335,-0.4381533400219318,-3.0269476067956806,0.1034270936755562,-3.466535596855198,-0.9629600839377681
2.336,-0.4411456132174756,-2.9575200306128986,0.09994476541261911,-3.482328262937098,-0.9629600839377681
2.337,-0.4440682244067727,-2.887625427732564,0.0964466602762662,-3.4981051363529163,-0.9629600839377681
2.338,-0.44692071207563216,-2.817274835322814,0.09293279404337088,-3.5138662328953187,-0.9629600839377681
2.339,-0.4497026257831848,-2.7464793625577,0.0894031824750297,-3.5296115683411786,-0.9629600839377681
2.34,-0.4524135262330089,-2.6752501888630205,0.0858605540181854,-3.54262845684429,-0.8273250035726296
2.341,-0.45505298534249833,-2.6035985621509945,0.0823049216897265,-3.5556323284588984,-0.8273250035726296
2.342,-0.4576205863104591,-2.5315357970441728,0.0787362984935246,-3.568623196201892,-0.8273250035726296
2.343,-0.46011592368293464,-2.4590732730885247,0.07515469742044746,-3.581601073077143,-0.8273250035726296
2.344,-0.46253860341722836,-2.386222432956554,0.07156013144837194,-3.5945659720755185,-0.8273250035726296
2.345,-0.46488824294412623,-2.31299478064041,0.0679553915344414,-3.6047399139305325,-0.6884253913544638
2.346,-0.46716447122830573,-2.2394018796353787,0.0643404878525977,-3.6149036818436913,-0.6884253913544638
2.347,-0.46936692882693665,-2.1654553511135624,0.06071543056660877,-3.625057285988937,-0.6884253913544638
2.348,-0.4714952679464317,-2.0911668720890506,0.05708022983007873,-3.635200736530037,-0.6884253913544638
2.349,-0.47354915249737206,-2.016548173573839,0.05343489578645813,-3.6453340436205965,-0.6884253913544638
2.35,-0.4755282581475766,-1.9416110387254732,0.049782270888753165,-3.6526248977049667,-0.5468094063995325
2.351,-0.4774322723733212,-1.8663673009862238,0.04612236242781791,-3.6599084609352524,-0.5468094063995325
2.352,-0.4792608945086876,-1.7908288422145324,0.04245517768721561,-3.6671847406023077,-0.5468094063995325
2.353,-0.48101383579304297,-1.7150075908086873,0.03878072394322591,-3.6744537439896963,-0.5468094063995325
2.354,-0.48269081941663683,-1.6389155198232763,0.03509900846485221,-3.681715478373697,-0.5468094063995325
2.355,-0.48429158056431537,-1.562564645078374,0.0314129139833955,-3.6860944814567183,-0.4030359280697382
2.356,-0.4858158664573367,-1.4859670232621895,0.02772244487785884,-3.690469105536656,-0.4030359280697382
2.357,-0.4872634363932886,-1.4091347500271343,0.024027605522866327,-3.694839354992514,-0.4030359280697382
2.358,-0.4886340617840967,-1.332079958079863,0.02032840028866741,-3.6992052341989163,-0.4030359280697382
2.359,-0.4899275261921233,-1.2548148152652503,0.016624833541141297,-3.703566747526112,-0.4030359280697382
2.36,-0.49114362536434414,-1.1773515226450324,0.012919816913355779,-3.7050166277855188,-0.25767235034664693
2.361,-0.4922821672646028,-1.099702312571075,0.009213351855191112,-3.706465058164666,-0.25767235034664693
2.362,-0.493342972103934,-1.021879446753831,0.005505439815077678,-3.7079120401134342,-0.25767235034664693
2.363,-0.494325872368957,-0.9438952143259423,0.0017960822399974243,-3.709357575080254,-0.25767235034664693
2.364,-0.49523071284832554,-0.8657619299017311,-0.0019147194245146826,-3.7108016645121067,-0.25767235034664693
2.365,-0.496057350657239,-0.7874919316325355,-0.005624036134214309,-3.709316709699626,-0.11129234260157728
2.366,-0.49680565526000425,-0.7090975792584612,-0.009331869374056266,-3.707833239841958,-0.11129234260157728
2.367,-0.4974755084906501,-0.6305912521565021,-0.013038220627510413,-3.706351253454147,-0.11129234260157728
2.368,-0.4980668045715862,-0.5519853473857819,-0.016743091376563136,-3.7048707490527244,-0.11129234260157728
2.369,-0.498579450130307,-0.4732922777298699,-0.02044648310171884,-3.7033917251557034,-0.11129234260157728
2.37,-0.49901336421413583,-0.39452446973674854,-0.02414546090686137,-3.6989778051425306,0.03552641440085236
2.371,-0.49936847830300873,-0.31569436175638305,-0.027840029205910742,-3.694568299049371,0.03552641440085236
2.372,-0.49964473632029455,-0.23681440197667342,-0.03153019240837305,-3.6901632024623043,0.03552641440085236
2.373,-0.49984209464165,-0.15789704645758507,-0.03521595491934487,-3.685762510971825,0.03552641440085236
2.374,-0.49996052210190806,-0.07895475716450502,-0.03889732113951771,-3.681366220172836,0.03552641440085236
2.375,-0.5,-1.8471127829770422e-14,-0.04257136190330375,-3.6740407637860457,0.18220450833088053
2.376,-0.49996052210190806,0.07895475716449041,-0.04623808453615939,-3.666722632855642,0.18220450833088053
2.3770000000000002,-0.49984209464164997,0.15789704645761504,-0.049897496356215564,-3.6594118200561687,0.18220450833088053
2.378,-0.4996447363202946,0.2368144019766588,-0.05354960467428506,-3.652108318069495,0.18220450833088053
2.379,-0.4993684783030088,0.31569436175636845,-0.057194416793869864,-3.6448121195848078,0.18220450833088053
2.38,-0.4990133642141359,0.394524469736734,-0.06082902083969597,-3.634604045826104,0.32816308195593036
2.3810000000000002,-0.49857945013030686,0.47329227772989985,-0.06445342701983713,-3.6244061801411593,0.32816308195593036
2.382,-0.4980668045715863,0.5519853473857673,-0.06806764553215902,-3.6142185123218997,0.32816308195593036
2.383,-0.4974755084906502,0.6305912521564876,-0.07167168656432948,-3.6040410321704592,0.32816308195593036
2.384,-0.49680565526000436,0.7090975792584467,-0.07526556029382865,-3.5938737294991703,0.32816308195593036
2.3850000000000002,-0.4960573506572387,0.7874919316325654,-0.07884638362724607,-3.580823333417417,0.47282611761270044
2.386,-0.49523071284832565,0.8657619299017166,-0.08241416961497781,-3.5677859877317455,0.47282611761270044
2.387,-0.49432587236895714,0.9438952143259278,-0.08596893129436957,-3.55476167939176,0.47282611761270044
2.388,-0.49334297210393424,1.0218794467538168,-0.08951068168972968,-3.541750395360114,0.47282611761270044
2.3890000000000002,-0.49228216726460267,1.0997023125710828,-0.09303943381234218,-3.5287521226124996,0.47282611761270044
2.39,-0.49114362536434436,1.1773515226450182,-0.0965523447286226,-3.512910916280422,0.6156227104732508
2.391,-0.48992752619212354,1.254814815265236,-0.10004943027977728,-3.4970855511546763,0.6156227104732508
2.392,-0.48863406178409696,1.3320799580798488,-0.10353070629117134,-3.4812760113940566,0.6156227104732508
2.3930000000000002,-0.4872634363932885,1.4091347500271418,-0.10699618857234454,-3.4654822811731973,0.6156227104732508
2.394,-0.485815866457337,1.4859670232621753,-0.1104458929170271,-3.449704344682559,0.6156227104732508
2.395,-0.48429158056431565,1.5625646450783597,-0.1138770277709323,-3.4311348539052027,0.7559893216336986
2.396,-0.48269081941663716,1.6389155198232623,-0.11728961170355091,-3.4125839326186234,0.7559893216336986
2.3970000000000002,-0.4810138357930428,1.715007590808695,-0.12068366326580425,-3.3940515622533307,0.7559893216336986
2.398,-0.47926089450868786,1.7908288422145184,-0.12405920099006265,-3.3755377242584035,0.7559893216336986
2.399,-0.47743227237332153,1.8663673009862098,-0.12741624339016414,-3.357042400101471,0.7559893216336986
2.4,-0.475528258147577,1.9416110387254593,-0.13075206130782285,-3.335817917658704,0.8933720021332534
2.4010000000000002,-0.4735491524973719,2.016548173573846,-0.13406667596752123,-3.3146146596983805,0.8933720021332534
2.402,-0.4714952679464321,2.0911668720890364,-0.13736010857251724,-3.293432604996017,0.8933720021332534
2.403,-0.46936692882693704,2.165455351113549,-0.1406323803048656,-3.272271732348356,0.8933720021332534
2.404,-0.4671644712283062,2.2394018796353654,-0.14388351232543894,-3.2511320205733427,0.8933720021332534
2.4050000000000002,-0.46488824294412534,2.312994780640438,-0.14711084864240917,-3.2273363169702343,1.0272285791267612
2.406,-0.4625386034172288,2.3862224329565405,-0.1503144130514799,-3.203564409070729,1.0272285791267612
2.407,-0.4601159236829351,2.4590732730885114,-0.15349422932455903,-3.179816273079123,1.0272285791267612
2.408,-0.45762058631045954,2.5315357970441594,-0.15665032120978253,-3.1560918852235087,1.0272285791267612
2.4090000000000003,-0.45505298534249733,2.6035985621510216,-0.15978271243153827,-3.13239122175575,1.0272285791267612
2.41,-0.4524135262330094,2.675250188863007,-0.1628888306461606,-3.1061182146223403,1.1570307955826848
2.411,-0.4497026257831853,2.7464793625576873,-0.16596870212665668,-3.079871480496064,1.1570307955826848
2.412,-0.44692071207563266,2.817274835322801,-0.1690223531197606,-3.0536509931039144,1.1570307955826848
2.4130000000000003,-0.44406822440677163,2.8876254277325906,-0.17204980984595977,-3.0274567261991567,1.1570307955826848
2.414,-0.44114561321747614,2.9575200306128857,-0.17505109849952108,-3.001288653561304,1.1570307955826848
2.415,-0.43815334002193235,3.0269476067956678,-0.17802374053652759,-2.9726420370064974,1.2822663950622688
2.416,-0.43509187733476357,3.0958971928618664,-0.18096776460359584,-2.9440240670682454,1.2822663950622688
2.4170000000000003,-0.4319617085964168,3.1643579008725724,-0.18388319931869576,-2.9154347150999316,1.2822663950622688
2.418,-0.4287633280968264,3.232318920088272,-0.18677007327117934,-2.8868739524835862,1.2822663950622688
2.419,-0.4254972408973464,3.2997695186762797,-0.1896284150218092,-2.858341750629857,1.2822663950622688
2.42,-0.42216396275100826,3.3666990454051464,-0.19245584960782136,-2.8274345860121852,1.4024411433521027
2.4210000000000003,-0.4187640200210698,3.4330969313267676,-0.1952524079363805,-2.796558328559131,1.4024411433521027
2.422,-0.4152979495979065,3.498952691445154,-0.19801812088374401,-2.76571294736353,1.4024411433521027
2.423,-0.4117662988142141,3.564255926372433,-0.20075301929529313,-2.7348984115491244,1.4024411433521027
2.424,-0.4081696253585926,3.6289963239707737,-0.20345713398556367,-2.7041146902705333,1.4024411433521027
2.4250000000000003,-0.40450849718747356,3.6931636609809164,-0.2061282029455645,-2.6710689600008304,1.517080778971615
2.426,-0.4007834924354383,3.756747804636461,-0.2087662592210259,-2.6380562754613974,1.517080778971615
2.427,-0.39699519932391797,3.8197387142640515,-0.2113713358246324,-2.605076603606504,1.517080778971615
2.428,-0.39314421606831,3.8821264428688442,-0.21394346573605588,-2.572129911423465,1.517080778971615
2.4290000000000003,-0.3892311507835114,3.943901138705287,-0.2164826819019885,-2.539216165932609,1.517080778971615
2.43,-0.38525662138789457,4.005053046832759,-0.218986844194058,-2.5041622920695206,1.6257328848577983
2.431,-0.3812212555057241,4.0655725106560885,-0.2214559876661383,-2.469143472080295,1.6257328848577983
2.432,-0.3771256903680524,4.125449973450374,-0.22389014733704937,-2.434159670911059,1.6257328848577983
2.433,-0.3729705727120918,4.184675979870118,-0.22628935819059237,-2.399210853542992,1.6257328848577983
2.434,-0.36875655867908674,4.243241177442354,-0.22865365517558467,-2.364296984992293,1.6257328848577983
2.435,-0.36448431371070583,4.3011363180434445,-0.23098102849011515,-2.327373314530491,1.7279686738404787
2.436,-0.36015451244395374,4.35835225935956,-0.2332715150578543,-2.2904865677391513,1.7279686738404787
2.437,-0.3557678386046433,4.414879966330302,-0.2355251517655489,-2.2536367076946027,1.7279686738404787
2.438,-0.3513249848994242,4.470710512575463,-0.237741975463059,-2.2168236975100983,1.7279686738404787
2.439,-0.34682665290640236,4.525835081804552,-0.2399220229633948,-2.1800475003357787,1.7279686738404787
2.44,-0.3422735529643445,4.580244969209081,-0.242063422722613,-2.1413997592182117,1.8233846808615586
2.441,-0.337666404060514,4.6339315828370715,-0.24416621338845476,-2.1027906658417623,1.8233846808615586
2.442,-0.3330059337171253,4.686886444949939,-0.24623043357001345,-2.0642201815586896,1.8233846808615586
2.443,-0.32829287787647793,4.739101193361007,-0.24825612183777335,-2.0256882677598997,1.8233846808615586
2.444,-0.32352798078472217,4.790567582756239,-0.25024331672364825,-1.9871948858749087,1.8233846808615586
2.445,-0.31871199487434654,4.841277485996119,-0.2521902923275321,-1.9469756038838355,1.9116043552599118
2.446,-0.3138456806453495,4.8912228953991335,-0.25409708886870686,-1.9067965411747534,1.9116043552599118
2.447,-0.3089298065451667,4.940395924006081,-0.2559637465262352,-1.8666576575283804,1.9116043552599118
2.448,-0.30396514884730397,4.988788806825729,-0.2577903054390009,-1.8265589127656539,1.9116043552599118
2.449,-0.298952491528761,5.036393902060919,-0.2595768057057486,-1.78650026674769,1.9116043552599118
2.45,-0.2938926261462356,5.083203692315268,-0.2613216738812928,-1.744868175544184,1.9922795468379135
2.451,-0.2887863517111346,5.129210785780196,-0.26302495159772465,-1.7032777164318815,1.9922795468379135
2.452,-0.28363447456337937,5.174407917402363,-0.26468668044550336,-1.6617288477786913,1.9922795468379135
2.453,-0.2784378082440955,5.218787950030734,-0.26630690197349755,-1.6202215279941543,1.9922795468379135
2.454,-0.2731971733671334,5.26234387554371,-0.26788565768902695,-1.5787557155294019,1.9922795468379135
2.455,-0.26791339748949894,5.305068815955677,-0.2694215328112439,-1.5358751222169809,2.0650918798445796
2.456,-0.26258731498064886,5.346956024503306,-0.2709145702207418,-1.4930374094978722,2.0650918798445796
2.457,-0.25721976689075454,5.387998886710786,-0.2723648127552333,-1.4502425344914827,2.0650918798445796
2.458,-0.25181160081788057,5.4281909214344015,-0.2737723032095934,-1.4074904543600997,2.0650918798445796
2.459,-0.24636367077414628,5.467525781885926,-0.2751370843359022,-1.364781126308848,2.0650918798445796
2.46,-0.24087683705085847,5.505997256634921,-0.2764579056008957,-1.320821264993475,2.129754009453218
2.461,-0.23535196608266748,5.5435992705895485,-0.27773481096443514,-1.2769053635394172,2.129754009453218
2.462,-0.2297899303107439,5.580325885955918,-0.27896784434242194,-1.2330333779868135,2.129754009453218
2.463,-0.22419160804501645,5.616171303175695,-0.2801570496068417,-1.1892052644197624,2.129754009453218
2.464,-0.21855788332546713,5.651129861841978,-0.281302470585808,-1.1454209789662784,2.129754009453218
2.465,-0.21288964578253736,5.685196041593101,-0.28240302592867983,-1.1005553428718249,2.186010755774355
2.466,-0.20718779049664185,5.718364462984382,-0.2834587605010933,-1.055734572413466,2.186010755774355
2.467,-0.20145321785683146,5.7506298883375635,-0.28446971912381885,-1.0109586227255654,2.186010755774355
2.468,-0.1956868334186017,5.781987222567961,-0.2854359465728062,-0.9662274489873527,2.186010755774355
2.469,-0.18988954776090142,5.812431513988994,-0.2863574875792291,-0.9215410064228783,2.186010755774355
2.47,-0.18406227634233854,5.841957955094132,-0.287233434242427,-0.8759466631978777,2.2336401109288837
2.471,-0.1782059393566253,5.870561883316026,-0.2880638321567431,-0.8303979143161022,2.2336401109288837
2.472,-0.17232146158725883,5.898238781762833,-0.2888487268709263,-0.7848947141832084,2.2336401109288837
2.473,-0.166409772261494,5.924984279931447,-0.2895881638881767,-0.7394370172504475,2.2336401109288837
2.474,-0.1604718049036041,5.95079415439767,-0.2902821886661913,-0.6940247780146194,2.2336401109288837
2.475,-0.15450849718747345,5.975664329483113,-0.2909300703371238,-0.6478816709324696,2.272454115206755
2.476,-0.14852079078851757,5.999590877898831,-0.2915318550440812,-0.601784706957402,2.272454115206755
2.477,-0.14250963123499025,6.02257002136546,-0.29208758888402747,-0.5557338399463095,2.272454115206755
2.478,-0.13647596775866178,6.044598131209886,-0.2925973179078297,-0.5097290238022282,2.272454115206755
2.479,-0.130420753144948,6.065671728938177,-0.293061088120304,-0.46377021247429084,2.272454115206755
2.48,-0.1243449435824273,6.085787486784973,-0.29347834857058874,-0.4172604502847459,2.3022995988535326
2.481,-0.11824949851186435,6.104942228238913,-0.2938491457684461,-0.3707971978573905,2.3022995988535326
2.482,-0.11213538047468952,6.123132928544295,-0.2941735261771286,-0.3243804086824625,2.3022995988535326
2.483,-0.10600355496102663,6.14035671517864,-0.2944515362134253,-0.2780100362967094,2.3022995988535326
2.484,-0.09985499025720494,6.15661086830638,-0.29468322224770865,-0.23168603428334203,2.3022995988535326
2.485,-0.09369065729286413,6.171892821208322,-0.29486821542022656,-0.18499317251791492,2.3230587865571883
2.486,-0.08751152948763674,6.186200160686953,-0.2950065624238408,-0.13834700361425323,2.3230587865571883
2.487,-0.08131858259744265,6.199530627447492,-0.2950983099047203,-0.09174748087949522,2.3230587865571883
2.488,-0.07511279456037977,6.2118821164547215,-0.2951435044623878,-0.045194557667471956,2.3230587865571883
2.489,-0.06889514534232066,6.223252677265341,-0.29514219264976643,0.0013118126213392811,2.3230587865571883
2.49,-0.06266661678215062,6.233640514335994,-0.2950941891537127,0.048003496053710494,2.3346497622496276
2.491,-0.056428192436741485,6.24304398730677,-0.29499954066591005,0.09464848780264934,2.3346497622496276
2.492,-0.050180857425608474,6.251461611260291,-0.2948582938313502,0.14124683455983925,2.3346497622496276
2.493,-0.04392559827537301,6.258892056956152,-0.29467049524837996,0.18779858297027197,2.3346497622496276
2.494,-0.0376634027639664,6.265334151040844,-0.29443619146874767,0.23430377963229423,2.3346497622496276
2.495,-0.031395259764657124,6.270786876233027,-0.2941553814570472,0.28081001170042996,2.3370267923884005
2.496,-0.0251221590898856,6.275249371484185,-0.29382811171951073,0.3272697375364975,2.3370267923884005
2.497,-0.018845091334968485,6.278720932114587,-0.293454428715864,0.373683003646729,2.3370267923884005
2.498,-0.01256504772166857,6.281201009924566,-0.29303437885937317,0.4200498564908503,2.3370267923884005
2.499,-0.006283019941676525,6.2826892132810865,-0.292568008516891,0.46637034248212744,2.3370267923884005
2.5,-6.123233995736766e-16,6.283185307179586,-0.2920555009346225,0.5125075822685057,2.3301805064430186
2.501,0.006283019941675301,6.2826892132810865,-0.2914969022498074,0.5585986848150976,2.3301805064430186
2.5020000000000002,0.012565047721669121,6.281201009924566,-0.2908922585535483,0.6046436962591428,2.3301805064430186
2.503,0.01884509133496726,6.278720932114587,-0.2902416158908565,0.6506426626917441,2.3301805064430186
2.504,0.02512215908988438,6.275249371484185,-0.2895450202606986,0.6965956301579127,2.3301805064430186
2.505,0.031395259764655896,6.270786876233028,-0.2888028384674934,0.7421817932052197,2.3141379338732433
2.5060000000000002,0.03766340276396695,6.265334151040843,-0.2880151160974039,0.7877223700894793,2.3141379338732433
2.507,0.04392559827537179,6.258892056956154,-0.287181898691007,0.8332174063968547,2.3141379338732433
2.508,0.05018085742560726,6.251461611260292,-0.2863032317433391,0.8786669476679227,2.3141379338732433
2.509,0.05642819243674027,6.243043987306771,-0.28537916070394137,0.9240710393977197,2.3141379338732433
2.5100000000000002,0.06266661678215292,6.23364051433599,-0.284410234487634,0.9689262163073954,2.2889623974536697
2.511,0.06889514534231944,6.223252677265344,-0.2833964979495938,1.0137365380401615,2.2889623974536697
2.512,0.07511279456037855,6.211882116454723,-0.28233799590014264,1.0585020494511947,2.2889623974536697
2.513,0.08131858259744144,6.199530627447494,-0.28123477310479184,1.103222795350817,2.2889623974536697
2.5140000000000002,0.08751152948763903,6.186200160686948,-0.2800868742842873,1.1478988205045395,2.2889623974536697
2.515,0.09369065729286292,6.171892821208326,-0.278895028297336,1.1918459869513436,2.254753263365436
2.516,0.09985499025720374,6.156610868306383,-0.27765927909110427,1.235749206231701,2.254753263365436
2.517,0.10600355496102544,6.140356715178642,-0.2763796705688115,1.279608522292778,2.254753263365436
2.5180000000000002,0.11213538047469179,6.123132928544288,-0.27505624658977373,1.323423979037794,2.254753263365436
2.519,0.11824949851186316,6.104942228238917,-0.2736890509694477,1.367195620326065,2.254753263365436
2.52,0.1243449435824261,6.085787486784977,-0.2722789896337611,1.4100613356865672,2.211645549041421
2.521,0.1304207531449468,6.065671728938182,-0.27082610544842944,1.4528841853317092,2.211645549041421
2.5220000000000002,0.136475967758664,6.044598131209878,-0.26933044123630223,1.495664212127206,2.211645549041421
2.523,0.14250963123498908,6.022570021365464,-0.26779203977740634,1.5384014588959072,2.211645549041421
2.524,0.14852079078851638,5.999590877898836,-0.2662109438089885,1.5810959684178396,2.211645549041421
2.525,0.15450849718747228,5.975664329483117,-0.26458823274873283,1.6227110602556718,2.159809390312505
2.5260000000000002,0.16047180490360632,5.950794154397661,-0.26292394821173115,1.6642845370016661,2.159809390312505
2.527,0.16640977226149284,5.9249842799314525,-0.26121813177146025,1.7058164402709146,2.159809390312505
2.528,0.17232146158725767,5.898238781762839,-0.2594708249598234,1.7473068116368937,2.159809390312505
2.529,0.17820593935662415,5.870561883316032,-0.2576820692671919,1.788755692631507,2.159809390312505
2.5300000000000002,0.18406227634233907,5.841957955094129,-0.2558531133428539,1.8289559243380324,2.0994493699578487
2.531,0.18988954776090028,5.812431513988999,-0.253983997387041,1.8691159558128514,2.0994493699578487
2.532,0.19568683341860058,5.781987222567968,-0.2520747615597848,1.9092358272561956,2.0994493699578487
2.533,0.20145321785683035,5.75062988833757,-0.2501254459809567,1.9493155788280963,2.0994493699578487
2.5340000000000003,0.20718779049664235,5.718364462984378,-0.2481360907303083,1.989355250648425,2.0994493699578487
2.535,0.21288964578253625,5.685196041593107,-0.24610810876070432,2.0279819696039585,2.0308037103090935
2.536,0.21855788332546602,5.6511298618419845,-0.2440415386988638,2.0665700618405363,2.0308037103090935
2.537,0.22419160804501534,5.616171303175702,-0.24193641913287892,2.105119565984878,2.0308037103090935
2.5380000000000003,0.22978993031074438,5.580325885955914,-0.23979278861225384,2.143630520625075,2.0308037103090935
2.539,0.2353519660826664,5.543599270589555,-0.23761068564794322,2.1821029643106318,2.0308037103090935
2.54,0.2408768370508574,5.505997256634928,-0.235391681919935,2.219003728008219,1.95414333309489
2.541,0.2463636707741452,5.467525781885934,-0.2331358143289929,2.2558675909421084,1.95414333309489
2.5420000000000003,0.25181160081788106,5.428190921434398,-0.23084311973897986,2.292694590013064,1.95414333309489
2.543,0.25721976689075354,5.387998886710794,-0.22851363497689492,2.329484762084949,1.95414333309489
2.544,0.2625873149806478,5.3469560245033145,-0.22614739683291016,2.3662381439847615,1.95414333309489
2.545,0.26791339748949794,5.305068815955684,-0.22374612951126466,2.4012673216454985,1.869770790236093
2.5460000000000003,0.27319717336713534,5.262343875543694,-0.2213098680411361,2.4362614701285747,1.869770790236093
2.547,0.278437808244093,5.218787950030755,-0.21883864741667292,2.471220624463168,1.869770790236093
2.548,0.2836344745633769,5.174407917402385,-0.2163325025970295,2.506144819643427,1.869770790236093
2.549,0.28878635171113215,5.129210785780217,-0.213791468506401,2.5410340906285054,1.869770790236093
2.5500000000000003,0.2938926261462375,5.0832036923152515,-0.2112174150684669,2.574053437934103,1.7780190698113008
2.551,0.29895249152876,5.036393902060928,-0.2086103753025745,2.6070397658923947,1.7780190698113008
2.552,0.30396514884730297,4.988788806825738,-0.2059703821950518,2.6399931075227285,1.7780190698113008
2.553,0.30892980654516716,4.9403959240060775,-0.20329746869924037,2.672913495811432,1.7780190698113008
2.5540000000000003,0.3138456806453499,4.891222895399129,-0.20059166773552853,2.7058009637118463,1.7780190698113008
2.555,0.31871199487434426,4.841277485996143,-0.1978549875671423,2.736680168386235,1.6792502819050346
2.556,0.3235279807847212,4.790567582756249,-0.19508745907328634,2.7675284938559495,1.6792502819050346
2.557,0.32829287787647704,4.739101193361017,-0.19228911310228614,2.7983459710001943,1.6792502819050346
2.5580000000000003,0.333005933717127,4.68688644494992,-0.18945998047161883,2.829132630667295,1.6792502819050346
2.559,0.33766640406051307,4.633931582837082,-0.1866000919679441,2.8598885036747284,1.6792502819050346
2.56,0.3422735529643449,4.580244969209076,-0.18371158626818257,2.8885056997615512,1.5738542295248825
2.561,0.34682665290640274,4.525835081804548,-0.1807944919895303,2.9170942786522875,1.5738542295248825
2.562,0.3513249848994246,4.470710512575458,-0.17784883772056617,2.945654268964133,1.5738542295248825
2.563,0.3557678386046424,4.414879966330313,-0.1748746520212805,2.9741856992856666,1.5738542295248825
2.564,0.3601545124439529,4.358352259359571,-0.17187196342310362,3.0026885981768787,1.5738542295248825
2.565,0.364484313710705,4.301136318043455,-0.16884303257612038,3.0289308469832537,1.4622468702275901
2.566,0.3687565586790859,4.243241177442366,-0.16578788572257955,3.055146853540822,1.4622468702275901
2.567,0.37297057271209216,4.184675979870113,-0.16270654907848772,3.081336644091833,1.4622468702275901
2.568,0.3771256903680527,4.125449973450369,-0.15959904883363543,3.107500244852293,1.4622468702275901
2.569,0.3812212555057245,4.065572510656083,-0.15646541115162343,3.1336376820119924,1.4622468702275901
2.57,0.38525662138789263,4.0050530468327885,-0.15330800973380296,3.157401417820486,1.3448686745252707
2.571,0.3892311507835117,3.9439011387052822,-0.1501268683439098,3.181141389893171,1.3448686745252707
2.572,0.39314421606830924,3.882126442868856,-0.146922010721916,3.204857621993783,1.3448686745252707
2.573,0.3969951993239172,3.819738714264064,-0.1436934605840537,3.2285501378622947,1.3448686745252707
2.574,0.4007834924354376,3.7567478046364737,-0.14044124162283875,3.252218961214938,1.3448686745252707
2.575,0.4045084971874749,3.6931636609808924,-0.13716783122283402,3.2734104000047313,1.2221828875504135
2.576,0.40816962535859086,3.6289963239708043,-0.13387325057547828,3.2945806473557346,1.2221828875504135
2.577,0.4117662988142124,3.5642559263724642,-0.13055752085101888,3.3157297244593873,1.2221828875504135
2.578,0.41529794959790484,3.498952691445185,-0.12722066319853295,3.336857652485936,1.2221828875504135
2.579,0.4187640200210711,3.433096931326743,-0.12386269874594849,3.3579644525844583,1.2221828875504135
2.58,0.4221639627510076,3.366699045405159,-0.12048619878379982,3.376499962148676,1.0946737008401224
2.581,0.42549724089734575,3.299769518676293,-0.1170911818475965,3.39501693620333,1.0946737008401224
2.582,0.42876332809682577,3.2323189200882854,-0.11367766645431257,3.4135153932839293,1.0946737008401224
2.583,0.4319617085964171,3.164357900872566,-0.11024567110240513,3.4319953519074478,1.0946737008401224
2.584,0.4350918773347621,3.0958971928618997,-0.10679521427183279,3.450456830572343,1.0946737008401224
2.585,0.4381533400219309,3.0269476067957006,-0.10332895101126192,3.4662632605708614,0.9628443414545347
2.586,0.4411456132174756,2.9575200306128995,-0.09984689712712254,3.4820538841393813,0.9628443414545347
2.587,0.4440682244067727,2.8876254277325644,-0.09634906841003821,3.4978287170843325,0.9628443414545347
2.588,0.4469207120756321,2.8172748353228143,-0.09283548063484187,3.513587775196339,0.9628443414545347
2.589,0.4497026257831856,2.746479362557681,-0.08930614956059164,3.529331074250233,0.9628443414545347
2.59,0.4524135262330096,2.675250188863001,-0.08576380351569624,3.5423460448954036,0.8272150859710329
2.591,0.45505298534249755,2.6035985621510154,-0.0822084555151263,3.555348000569929,0.8272150859710329
2.592,0.4576205863104584,2.5315357970441936,-0.07864011856083752,3.5683369542887795,0.8272150859710329
2.593,0.4601159236829346,2.4590732730885256,-0.07505880564178362,3.5813129190539112,0.8272150859710329
2.594,0.4625386034172283,2.3862224329565547,-0.07146452973392935,3.594275907854278,0.8272150859710329
2.595,0.4648882429441262,2.3129947806404108,-0.06786008167783908,3.6044480560902628,0.6883212071919508
2.596,0.46716447122830634,2.2394018796353587,-0.06424547164566106,3.6146100321780117,0.6883212071919508
2.597,0.4693669288269372,2.1654553511135424,-0.06062070979937139,3.624761846289673,0.6883212071919508
2.598,0.47149526794643226,2.0911668720890297,-0.05698580629078417,3.634903508587222,0.6883212071919508
2.599,0.47354915249737206,2.0165481735738395,-0.05334077126156169,3.645035029222474,0.6883212071919508
2.6,0.4755282581475766,1.941611038725474,-0.04968844705013506,3.652324211426635,0.5467108616691766
2.601,0.4774322723733212,1.8663673009862245,-0.04602884094568647,3.6596061044485917,0.5467108616691766
2.602,0.47926089450868753,1.790828842214533,-0.04236196023010894,3.6668807155775265,0.5467108616691766
2.603,0.4810138357930434,1.7150075908086668,-0.03868781217801361,3.6741480520953327,0.5467108616691766
2.604,0.4826908194166373,1.6389155198232557,-0.035006404056736995,3.681408121276621,0.5467108616691766
2.605,0.4842915805643158,1.562564645078353,-0.031320618485054,3.685785571682997,0.4029429263826253
2.606,0.48581586645733627,1.485967023262212,-0.027630459840415032,3.6901586446389665,0.4029429263826253
2.607,0.4872634363932886,1.409134750027135,-0.023935932495893052,3.69452734452198,0.4029429263826253
2.608,0.4886340617840967,1.3320799580798637,-0.020237040820187943,3.6988916757051107,0.4029429263826253
2.609,0.4899275261921233,1.254814815265251,-0.016533789177630886,3.703251642557058,0.4029429263826253
2.61,0.49114362536434414,1.177351522645033,-0.012829089090854178,3.704700086776708,0.25758479311034244
2.611,0.49228216726460305,1.0997023125710539,-0.00912294200830204,3.706147082552138,0.25758479311034244
2.612,0.49334297210393374,1.021879446753854,-0.0054153493769702465,3.7075926313317926,0.25758479311034244
2.613,0.4943258723689567,0.9438952143259651,-0.0017063126424075787,3.709036734562668,0.25758479311034244
2.614,0.49523071284832526,0.8657619299017539,0.002004166751282733,3.7104793936903118,0.25758479311034244
2.615,0.496057350657239,0.7874919316325362,0.005713159868163247,3.7089931168805133,0.11121012919457984
2.616,0.49680565526000425,0.709097579258462,0.009420668194510772,3.7075083263475244,0.11121012919457984
2.617,0.4974755084906501,0.6305912521565029,0.01312669321511584,3.706025020605068,0.11121012919457984
2.618,0.4980668045715862,0.5519853473857826,0.016831236413284194,3.7045431981683548,0.11121012919457984
2.619,0.4985794501303069,0.47329227772989296,0.020534299270838274,3.703062857554078,0.11121012919457984
2.62,0.49901336421413567,0.3945244697367717,0.024232946997805628,3.698647726967352,-0.035603386458597064
2.621,0.4993684783030087,0.31569436175640614,0.02792718400931684,3.6942370115112126,-0.035603386458597064
2.622,0.49964473632029455,0.23681440197667414,0.03161701471608737,3.6898307067705294,-0.035603386458597064
2.623,0.49984209464165,0.15789704645758582,0.03530244352442195,3.6854288083345867,-0.035603386458597064
2.624,0.49996052210190806,0.0789547571645058,0.038983474836219036,3.68103131179708,-0.035603386458597064
2.625,0.5,-3.0817622799961044e-15,0.04265717958984009,3.6737047536210516,-0.18227634321156294
2.626,0.49996052210190806,-0.07895475716451196,0.04632356511184329,3.6663855220031993,-0.18227634321156294
2.6270000000000002,0.49984209464165,-0.15789704645759195,0.049982638721460255,3.6590736096169647,-0.18227634321156294
2.628,0.49964473632029466,-0.2368144019766357,0.05363440773060337,3.6517690091431163,-0.18227634321156294
2.629,0.4993684783030088,-0.31569436175636767,0.05727887944387311,3.6444717132697417,-0.18227634321156294
2.63,0.4990133642141359,-0.3945244697367332,0.060913142087722354,3.634262643849244,-0.32822988536141695
2.6310000000000002,0.49857945013030686,-0.4732922777298991,0.06453720587122053,3.6240637834981664,-0.32822988536141695
2.632,0.49806680457158614,-0.5519853473857887,0.06815108099322796,3.61387512200744,-0.32822988536141695
2.633,0.49747550849065003,-0.630591252156509,0.07175477764240616,3.6036966491782043,-0.32822988536141695
2.634,0.4968056552600042,-0.7090975792584681,0.07534830599722796,3.5935283548217978,-0.32822988536141695
2.6350000000000002,0.49605735065723894,-0.7874919316325423,0.07892878306376261,3.5804770665346504,-0.4728879966162799
2.636,0.4952307128483257,-0.8657619299017159,0.0824962218932984,3.56743882953579,-0.4728879966162799
2.637,0.49432587236895714,-0.9438952143259272,0.08605063552407233,3.5544136307739285,-0.4728879966162799
2.638,0.49334297210393424,-1.021879446753816,0.08959203698128315,3.5414014572108288,-0.4728879966162799
2.6390000000000002,0.4922821672646024,-1.099702312571104,0.09312043927710445,3.528402295821292,-0.4728879966162799
2.64,0.4911436253643441,-1.1773515226450393,0.09663299957516261,3.5125602980581623,-0.6156797733654202
2.641,0.4899275261921232,-1.2548148152652572,0.1001297337174554,3.4967341422927958,-0.6156797733654202
2.642,0.48863406178409735,-1.3320799580798262,0.1036106575301386,3.4809238126831947,-0.6156797733654202
2.6430000000000002,0.4872634363932885,-1.409134750027141,0.1070757868235418,3.465129293403203,-0.6156797733654202
2.644,0.485815866457337,-1.4859670232621747,0.1105251373921843,3.4493505686424917,-0.6156797733654202
2.645,0.4842915805643157,-1.562564645078359,0.1139559177767027,3.4307803845184095,-0.7560416777719924
2.646,0.48269081941663716,-1.6389155198232617,0.11736814654728116,3.412228770578451,-0.7560416777719924
2.6470000000000002,0.4810138357930423,-1.7150075908087155,0.12076184225553359,3.393695708252433,-0.7560416777719924
2.648,0.4792608945086874,-1.7908288422145389,0.12413702343452233,3.3751811789887407,-0.7560416777719924
2.649,0.4774322723733221,-1.8663673009861879,0.12749370859877665,3.356685164254312,-0.7560416777719924
2.65,0.47552825814757754,-1.9416110387254373,0.13082916868263078,3.3354600838541315,-0.8934197617963229
2.6510000000000002,0.4735491524973719,-2.0165481735738453,0.13414342491116513,3.314256228534351,-0.8934197617963229
2.652,0.4714952679464321,-2.091166872089036,0.13743649848823503,3.2930735770698902,-0.8934197617963229
2.653,0.46936692882693704,-2.1654553511135477,0.14070841059649192,3.271912108256894,-0.8934197617963229
2.654,0.4671644712283062,-2.239401879635364,0.14395918239740463,3.2507718009127107,-0.8934197617963229
2.6550000000000002,0.464888242944126,-2.3129947806404165,0.14718615798944898,3.226975592044348,-1.0272718533724952
2.656,0.46253860341722947,-2.386222432956519,0.15038936116883383,3.203203179384854,-1.0272718533724952
2.657,0.4601159236829358,-2.45907327308849,0.15356881570797185,3.1794545391380193,-1.0272718533724952
2.658,0.4576205863104596,-2.5315357970441585,0.1567245453555033,3.1557296475314316,-1.0272718533724952
2.6590000000000003,0.4550529853424974,-2.6035985621510207,0.15985657383631974,3.1320284808164502,-1.0272718533724952
2.66,0.45241352623300946,-2.6752501888630063,0.16296232889473317,3.1057550584134246,-1.1570696961104576
2.661,0.4497026257831854,-2.7464793625576864,0.16604183680416595,3.079507909432802,-1.1570696961104576
2.662,0.4469207120756319,-2.81727483532282,0.1690951238117671,3.05328700760116,-1.1570696961104576
2.6630000000000003,0.44406822440677246,-2.88762542773257,0.17212221613843845,3.0270923266713496,-1.1570696961104576
2.664,0.44114561321747703,-2.9575200306128653,0.17512313997886092,3.000923840422469,-1.1570696961104576
2.665,0.43815334002193235,-3.0269476067956673,0.17809541687476138,2.972276895900461,-1.282301034079298
2.666,0.4350918773347636,-3.095897192861866,0.18103907547308434,2.9436585983229744,-1.282301034079298
2.6670000000000003,0.43196170859641686,-3.164357900872572,0.1839541443921274,2.9150689190430654,-1.282301034079298
2.668,0.4287633280968255,-3.2323189200882907,0.18684065222156984,2.8865078294424364,-1.282301034079298
2.669,0.42549724089734553,-3.299769518676298,0.18969862752250125,2.857975300931408,-1.282301034079298
2.67,0.4221639627510073,-3.3666990454051646,0.19252569541546286,2.8270678929615976,-1.4024716334439593
2.6710000000000003,0.4187640200210708,-3.433096931326748,0.1953218868078626,2.7961913923997566,-1.4024716334439593
2.672,0.4152979495979065,-3.498952691445153,0.1980872325762011,2.7653457683384777,-1.4024716334439593
2.673,0.41176629881421417,-3.5642559263724323,0.20082176356610235,2.73453098990126,-1.4024716334439593
2.674,0.40816962535859264,-3.6289963239707728,0.20352551059234483,2.7037470262424796,-1.4024716334439593
2.6750000000000003,0.4045084971874725,-3.6931636609809337,0.20619621172690153,2.670701134556702,-1.5171072329767685
2.676,0.4007834924354373,-3.7567478046364786,0.20883390001566415,2.63768828876261,-1.5171072329767685
2.677,0.3969951993239169,-3.819738714264069,0.21143860847147847,2.604708455814312,-1.5171072329767685
2.678,0.3931442160683111,-3.882126442868826,0.21401037007417742,2.5717616026989623,-1.5171072329767685
2.6790000000000003,0.38923115078351145,-3.9439011387052867,0.21654921777061414,2.538847696436728,-1.5171072329767685
2.68,0.38525662138789457,-4.005053046832758,0.2190530115110395,2.5037937404253654,-1.6257554157462848
2.681,0.38122125550572417,-4.0655725106560885,0.22152178634940953,2.4687748383700145,-1.6257554157462848
2.682,0.3771256903680524,-4.125449973450373,0.22395557730462626,2.4337909552167187,-1.6257554157462848
2.6830000000000003,0.37297057271208944,-4.184675979870151,0.22635441936057282,2.3988420559465764,-1.6257554157462848
2.684,0.3687565586790856,-4.24324117744237,0.22871834746614852,2.363928105575704,-1.6257554157462848
2.685,0.36448431371070705,-4.301136318043427,0.23104535189572672,2.327004429578196,-1.7279873945966222
2.686,0.360154512443955,-4.358352259359544,0.2333354695729834,2.2901176772566854,-1.7279873945966222
2.6870000000000003,0.35576783860464206,-4.414879966330317,0.2355887373846709,2.253267811687496,-1.7279873945966222
2.688,0.35132498489942426,-4.4707105125754625,0.23780519218065477,2.2164547959838763,-1.7279873945966222
2.689,0.3468266529064024,-4.525835081804552,0.23998487077395073,2.17967859329596,-1.7279873945966222
2.69,0.34227355296434453,-4.5802449692090805,0.24212590169456596,2.1410309206152496,-1.8233997043707244
2.691,0.33766640406051274,-4.633931582837086,0.24422832359017319,2.10242189560722,-1.8233997043707244
2.692,0.3330059337171266,-4.686886444949923,0.2462921750697974,2.0638514796241982,-1.8233997043707244
2.693,0.3282928778764793,-4.739101193360991,0.24831749470385456,2.0253196340571598,-1.8233997043707244
2.694,0.32352798078472356,-4.790567582756224,0.25030432102419026,1.9868263203356882,-1.8233997043707244
2.695,0.3187119948743466,-4.841277485996119,0.25225092820232164,1.9466071781313679,-1.9116157941992296
2.696,0.3138456806453495,-4.891222895399133,0.2541573564573909,1.906428255069252,-1.9116157941992296
2.697,0.3089298065451668,-4.940395924006081,0.2560236459683211,1.866289510930198,-1.9116157941992296
2.698,0.3039651488473026,-4.988788806825743,0.2578498368738564,1.8261909055352832,-1.9116157941992296
2.699,0.29895249152875963,-5.036393902060932,0.25963596927260213,1.7861323987457633,-1.9116157941992296
2.7,0.2938926261462371,-5.083203692315255,0.26138046978867774,1.7445005160755969,-1.9922875135710354
2.701,0.28878635171113465,-5.129210785780195,0.26308338005396587,1.7029102652881005,-1.9922875135710354
2.702,0.2836344745633794,-5.174407917402363,0.26474474165871725,1.6613616047513917,-1.9922875135710354
2.703,0.27843780824409553,-5.218787950030734,0.26636459615159247,1.6198544928752197,-1.9922875135710354
2.704,0.27319717336713345,-5.26234387554371,0.2679429850397034,1.5783888881109238,-1.9922875135710354
2.705,0.2679133974894975,-5.305068815955687,0.2694784936091998,1.535508569496405,-2.065096486320395
2.706,0.2625873149806474,-5.346956024503317,0.2709711647404003,1.4926711312005008,-2.065096486320395
2.707,0.2572197668907531,-5.387998886710798,0.2724210412707432,1.4498765303428924,-2.065096486320395
2.708,0.2518116008178806,-5.4281909214344015,0.27382816599482934,1.4071247240861418,-2.065096486320395
2.709,0.24636367077414634,-5.467525781885925,0.275192581664465,1.3644156696356478,-2.065096486320395
2.71,0.24087683705085852,-5.50599725663492,0.2765130378110888,1.3204561466238445,-2.129755367108383
2.711,0.23535196608266754,-5.543599270589548,0.27778957839422386,1.276540583135053,-2.129755367108383
2.712,0.22978993031074238,-5.5803258859559275,0.2790222473294336,1.2326689352097502,-2.129755367108383
2.713,0.22419160804501492,-5.616171303175705,0.28021108848836596,1.1888411589323729,-2.129755367108383
2.714,0.21855788332546877,-5.651129861841968,0.28135614569879724,1.1450572104312728,-2.129755367108383
2.715,0.21288964578253902,-5.685196041593091,0.2824563376725093,1.1001919737120451,-2.1860089754398255
2.716,0.2071877904966419,-5.718364462984382,0.2835117092747388,1.0553716022295365,-2.1860089754398255
2.717,0.2014532178568315,-5.7506298883375635,0.2845223053258573,1.0105960511185104,-2.1860089754398255
2.718,0.19568683341860177,-5.7819872225679605,0.2854881706014159,0.9658652755585954,-2.1860089754398255
2.719,0.18988954776090147,-5.812431513988993,0.28640934983219013,0.9211792307742402,-2.1860089754398255
2.72,0.18406227634233696,-5.84195795509414,0.2872849351776788,0.8755853454886616,-2.23363530274022
2.721,0.178205939356627,-5.870561883316018,0.28811497223176713,0.8300370540883686,-2.23363530274022
2.722,0.17232146158726055,-5.898238781762825,0.2888995065427466,0.7845343109794758,-2.23363530274022
2.723,0.16640977226149573,-5.924984279931439,0.2896385836133603,0.7390770706136919,-2.23363530274022
2.724,0.16047180490360416,-5.95079415439767,0.2903322489008486,0.6936652874882738,-2.23363530274022
2.725,0.1545084971874735,-5.975664329483113,0.290979771595279,0.6475226944304222,-2.2724463885181665
2.726,0.14852079078851763,-5.9995908778988305,0.29158119783924463,0.6014262439656285,-2.2724463885181665
2.727,0.1425096312349886,-6.022570021365466,0.29213657372919594,0.5553758899512995,-2.2724463885181665
2.728,0.13647596775866352,-6.04459813120988,0.29264594531548693,0.5093715862909849,-2.2724463885181665
2.729,0.13042075314494977,-6.065671728938172,0.29310935860242127,0.4634132869343306,-2.2724463885181665
2.73,0.12434494358242908,-6.085787486784968,0.29352626269482557,0.4169040924042808,-2.302289062155774
2.731,0.1182494985118644,-6.104942228238913,0.29389670410189433,0.370441407068761,-2.302289062155774
2.732,0.11213538047468959,-6.123132928544294,0.29422072928631293,0.32402518441857675,-2.302289062155774
2.733,0.10600355496102669,-6.140356715178639,0.29449838466430395,0.2776553779910427,-2.302289062155774
2.734,0.09985499025720326,-6.156610868306385,0.2947297166056739,0.23133194136993615,-2.302289062155774
2.735,0.09369065729286245,-6.171892821208327,0.29491435630415447,0.1846396984805842,-2.3230455473991016
2.736,0.08751152948763855,-6.1862001606869494,0.2950523504519886,0.1379941478341216,-2.3230455473991016
2.737,0.0813185825974427,-6.199530627447492,0.2951437456947269,0.09139524273830543,-2.3230455473991016
2.738,0.07511279456037982,-6.2118821164547215,0.2951885886312745,0.044842936547585095,-2.3230455473991016
2.739,0.06889514534232072,-6.223252677265341,0.2951869258139376,-0.0016628173369445248,-2.3230455473991016
2.74,0.06266661678215067,-6.233640514335994,0.2951385719808747,-0.04835383306287335,-2.3346339271632885
2.741,0.05642819243673978,-6.243043987306772,0.2950435738231016,-0.09499815777307624,-2.3346339271632885
2.742,0.05018085742560677,-6.251461611260293,0.294901977984943,-0.14159583815856894,-2.3346339271632885
2.743,0.0439255982753713,-6.258892056956154,0.29471383106407933,-0.18814692086367613,-2.3346339271632885
2.744,0.037663402763966465,-6.265334151040844,0.29447917961159326,-0.23465145248607822,-2.3346339271632885
2.745,0.03139525976465718,-6.270786876233026,0.2941980226412233,-0.28115697036995124,-2.3370084668179563
2.746,0.025122159089885663,-6.275249371484184,0.29387040665848735,-0.3276159827359404,-2.3370084668179563
2.747,0.018845091334968544,-6.278720932114587,0.29349637812239776,-0.37402853608956355,-2.3370084668179563
2.748,0.012565047721666856,-6.281201009924567,0.29307598344550795,-0.4203946768898331,-2.3370084668179563
2.749,0.00628301994167481,-6.2826892132810865,0.29260926899395867,-0.4667144515493024,-2.3370084668179563
2.75,2.4499125789312946e-15,-6.283185307179586,0.29209641806096737,-0.512850932991293,-2.3301597946769976
2.751,-0.006283019941673463,-6.282689213281087,0.2915374767830155,-0.5589412779518417,-2.3301597946769976
2.7520000000000002,-0.01256504772166906,-6.281201009924566,0.29093249125044807,-0.6049855325674298,-2.3301597946769976
2.753,-0.018845091334967198,-6.278720932114587,0.2902815075075197,-0.6509837429284023,-2.3301597946769976
2.754,-0.025122159089884317,-6.275249371484185,0.28958457155244066,-0.6969359550790138,-2.3301597946769976
2.755,-0.03139525976465584,-6.270786876233028,0.28884205023453713,-0.7425213179035428,-2.314114938980397
2.7560000000000002,-0.037663402763968665,-6.265334151040842,0.2880539891391719,-0.7880610953652472,-2.314114938980397
2.757,-0.04392559827536996,-6.258892056956156,0.28722043380612244,-0.8335553330494898,-2.314114938980397
2.758,-0.05018085742560543,-6.251461611260295,0.2863414297296264,-0.8790040764960483,-2.314114938980397
2.759,-0.05642819243673844,-6.243043987306773,0.28541702235842725,-0.9244073711991602,-2.314114938980397
2.7600000000000002,-0.06266661678215286,-6.23364051433599,0.28444776065017485,-0.9692617082524052,-2.288937221222209
2.761,-0.06889514534231939,-6.223252677265344,0.2834336894592063,-1.0140711909685969,-2.288937221222209
2.762,-0.07511279456037849,-6.211882116454724,0.2823748535950042,-1.0588358642020725,-2.288937221222209
2.763,-0.08131858259744137,-6.199530627447495,0.28127129782224186,-1.1035557727623146,-2.288937221222209
2.7640000000000002,-0.08751152948763721,-6.186200160686952,0.2801230668608279,-1.1482309614139965,-2.288937221222209
2.765,-0.09369065729286112,-6.17189282120833,0.27893088961025037,-1.1921772505774961,-2.2547260062456784
2.766,-0.09985499025720194,-6.156610868306388,0.2776948100167985,-1.2360795934518323,-2.2547260062456784
2.767,-0.10600355496102537,-6.140356715178642,0.2764148719828152,-1.279938033983294,-2.2547260062456784
2.7680000000000002,-0.11213538047469174,-6.123132928544288,0.275091119366741,-1.3237526160742243,-2.2547260062456784
2.769,-0.1182494985118631,-6.104942228238917,0.273723595983158,-1.3675233835830636,-2.2547260062456784
2.77,-0.12434494358242777,-6.085787486784972,0.27231320779675666,-1.4103881864013155,-2.211616310091744
2.771,-0.13042075314494847,-6.0656717289381765,0.2708599976723399,-1.453210124416749,-2.211616310091744
2.7720000000000002,-0.13647596775866225,-6.044598131209884,0.26936400843184577,-1.495989240494167,-2.211616310091744
2.773,-0.1425096312349873,-6.02257002136547,0.2678252828543903,-1.5387255774555078,-2.211616310091744
2.774,-0.14852079078851632,-5.999590877898836,0.26624386367631037,-1.5814191780798872,-2.211616310091744
2.775,-0.15450849718747223,-5.975664329483117,0.2646208303520656,-1.623033324244778,-2.159778267148534
2.7760000000000002,-0.16047180490360624,-5.950794154397661,0.2629562244958021,-1.664605856263504,-2.159778267148534
2.777,-0.16640977226149445,-5.924984279931445,0.26125008768005187,-1.7061368157502113,-2.159778267148534
2.778,-0.17232146158725928,-5.8982387817628315,0.25950246143577443,-1.7476262442774317,-2.159778267148534
2.779,-0.17820593935662574,-5.870561883316023,0.2577133872523983,-1.789074183376125,-2.159778267148534
2.7800000000000002,-0.18406227634233902,-5.841957955094129,0.2558841138140314,-1.8292734383668463,-2.0994164587048756
2.781,-0.18988954776090022,-5.812431513989,0.2540146813199288,-1.869432494102577,-2.0994164587048756
2.782,-0.19568683341860052,-5.781987222567968,0.25210512992914624,-1.909551390782572,-2.0994164587048756
2.783,-0.2014532178568303,-5.750629888337571,0.2501554997605804,-1.949630168565887,-2.0994164587048756
2.7840000000000003,-0.2071877904966439,-5.718364462984369,0.24816583089300895,-1.9896688675714187,-2.0994164587048756
2.785,-0.2128896457825378,-5.685196041593097,0.24613753631219396,-2.028294580814999,-2.030769105557597
2.786,-0.21855788332546755,-5.651129861841976,0.2440706546438486,-2.066881668345336,-2.030769105557597
2.787,-0.2241916080450137,-5.616171303175713,0.24196522447506047,-2.1054301687881427,-2.030769105557597
2.7880000000000003,-0.22978993031074432,-5.580325885955915,0.23982128435432995,-2.1439401207305067,-2.030769105557597
2.789,-0.23535196608266634,-5.543599270589555,0.23763887279160903,-2.182411562720928,-2.030769105557597
2.79,-0.24087683705085736,-5.505997256634928,0.23541956149789364,-2.21931129371539,-1.9541071278591327
2.791,-0.24636367077414514,-5.467525781885934,0.23316338737291478,-2.256174124978857,-1.9541071278591327
2.7920000000000003,-0.2518116008178825,-5.428190921434387,0.2308703872795037,-2.293000093411061,-1.9541071278591327
2.793,-0.25721976689075193,-5.387998886710806,0.22854059804362886,-2.3297892358748324,-1.9541071278591327
2.794,-0.26258731498064625,-5.346956024503326,0.22617405645443273,-2.36654158919614,-1.9541071278591327
2.795,-0.2679133974894964,-5.305068815955697,0.22377248674530748,-2.4015697091252584,-1.8697330759157254
2.7960000000000003,-0.2731971733671353,-5.262343875543695,0.22133592394437301,-2.4365628009344475,-1.8697330759157254
2.797,-0.2784378082440944,-5.218787950030744,0.21886440304472118,-2.4715208996518276,-1.8697330759157254
2.798,-0.2836344745633783,-5.174407917402373,0.2163579590044507,-2.50644404027049,-1.8697330759157254
2.799,-0.28878635171113354,-5.129210785780205,0.21381662674670218,-2.541332257748534,-1.8697330759157254
2.8000000000000003,-0.293892626146236,-5.083203692315265,0.21124227622248828,-2.5743505242139038,-1.7779799361558957
2.801,-0.2989524915287586,-5.036393902060942,0.20863494045007547,-2.607335772412808,-1.7779799361558957
2.802,-0.3039651488473015,-4.988788806825752,0.20599465241471196,-2.640288035363513,-1.7779799361558957
2.803,-0.3089298065451657,-4.940395924006091,0.2033214450686607,-2.6732073460512673,-1.7779799361558957
2.8040000000000003,-0.31384568064535123,-4.891222895399116,0.20061535133123237,-2.706093737428334,-1.7779799361558957
2.805,-0.31871199487434554,-4.8412774859961285,0.19787837949120185,-2.7369718400305354,-1.6792098169814942
2.806,-0.32352798078472256,-4.7905675827562355,0.19511056042667171,-2.767819064530135,-1.6792098169814942
2.807,-0.3282928778764783,-4.7391011933610026,0.1923119249848665,-2.7986354418052346,-1.6792098169814942
2.8080000000000003,-0.3330059337171256,-4.686886444949935,0.18948250398216343,-2.829421002703059,-1.6792098169814942
2.809,-0.33766640406051174,-4.633931582837098,0.18662232820412344,-2.8601757780399857,-1.6792098169814942
2.81,-0.3422735529643436,-4.580244969209092,0.18373353635146775,-2.888791852655699,-1.573812519687666
2.811,-0.34682665290640147,-4.525835081804565,0.18081615704027096,-2.9173793111967963,-1.573812519687666
2.8120000000000003,-0.3513249848994258,-4.470710512575443,0.17787021885799162,-2.945938182279353,-1.573812519687666
2.813,-0.3557678386046436,-4.414879966330298,0.1748957503635008,-2.974468494490827,-1.573812519687666
2.814,-0.36015451244395413,-4.358352259359556,0.1718927800871107,-3.0029702763900894,-1.573812519687666
2.815,-0.36448431371070616,-4.301136318043439,0.16886356870099517,-3.029211386115532,-1.4622040000916385
2.816,-0.36875655867908463,-4.243241177442383,0.16580814244626393,-3.055426254731249,-1.4622040000916385
2.817,-0.3729705727120909,-4.184675979870129,0.16272652753778558,-3.081614908478351,-1.4622040000916385
2.818,-0.3771256903680515,-4.125449973450387,0.15961875016421387,-3.107777373571705,-1.4622040000916385
2.819,-0.3812212555057233,-4.065572510656102,0.1564848364880139,-3.1339136761999664,-1.4622040000916385
2.82,-0.38525662138789374,-4.005053046832772,0.1533271602309513,-3.1576762570625996,-1.344824726941657
2.821,-0.38923115078351284,-3.943901138705265,0.15014574515560694,-3.18141507534437,-1.344824726941657
2.822,-0.3931442160683103,-3.8821264428688393,0.14694061500079908,-3.205130154807859,-1.344824726941657
2.823,-0.3969951993239161,-3.819738714264082,0.1437117934816072,-3.228821519191884,-1.344824726941657
2.824,-0.4007834924354365,-3.7567478046364915,0.14045930428939568,-3.2524891922115255,-1.344824726941657
2.825,-0.40450849718747384,-3.6931636609809115,0.13718562482750468,-3.273679461891005,-1.2221379435845547
2.826,-0.40816962535859186,-3.628996323970787,0.13389077628620388,-3.294848541300805,-1.2221379435845547
2.827,-0.4117662988142134,-3.564255926372447,0.1305747798345727,-3.3159964516311953,-1.2221379435845547
2.828,-0.4152979495979058,-3.498952691445167,0.12723765662052144,-3.337123214051255,-1.2221379435845547
2.829,-0.41876402002107205,-3.433096931326725,0.12387942777081255,-3.358228849708895,-1.2221379435845547
2.83,-0.4221639627510066,-3.3666990454051784,0.12050266459315831,-3.376763177654236,-1.0946278397525233
2.831,-0.4254972408973448,-3.2997695186763125,0.11710738562188668,-3.3952789712716323,-1.0946278397525233
2.832,-0.4287633280968248,-3.2323189200883053,0.11369360937279127,-3.413776249095411,-1.0946278397525233
2.833,-0.43196170859641797,-3.164357900872548,0.1102613543431499,-3.432255029641366,-1.0946278397525233
2.834,-0.43509187733476296,-3.0958971928618806,0.10681063901174313,-3.450715331406775,-1.0946278397525233
2.835,-0.43815334002193174,-3.026947606795682,0.10334411844285409,-3.466520568889049,-0.9627976406840218
2.836,-0.44114561321747636,-2.9575200306128804,0.09986180844172024,-3.48231000113384,-0.9627976406840218
2.837,-0.44406822440677185,-2.8876254277325852,0.09636372479777386,-3.4980836439463867,-0.9627976406840218
2.838,-0.4469207120756313,-2.817274835322835,0.09284988328465774,-3.513841513116121,-0.9627976406840218
2.839,-0.44970262578318476,-2.7464793625577015,0.08932029966024105,-3.529583624416685,-0.9627976406840218
2.84,-0.45241352623300884,-2.675250188863022,0.08577770226702637,-3.5425973932146766,-0.8271676211204009
2.841,-0.4550529853424983,-2.603598562150996,0.0822221041187825,-3.55559814824387,-0.8271676211204009
2.842,-0.45762058631045904,-2.531535797044174,0.07865351821626447,-3.568585902518034,-0.8271676211204009
2.843,-0.46011592368293525,-2.4590732730885057,0.07507195754722655,-3.5815606690379242,-0.8271676211204009
2.844,-0.46253860341722897,-2.3862224329565347,0.07147743508643525,-3.5945224607912944,-0.8271676211204009
2.845,-0.4648882429441255,-2.312994780640432,0.06787274168706443,-3.6046933993708206,-0.6882730520158629
2.846,-0.4671644712283057,-2.2394018796353805,0.06425788752005267,-3.614854167011767,-0.6882730520158629
2.847,-0.4693669288269366,-2.1654553511135637,0.06063288274616759,-3.625004773885072,-0.6882730520158629
2.848,-0.47149526794643165,-2.091166872089052,0.05699773751601609,-3.635145230151504,-0.6882730520158629
2.849,-0.4735491524973726,-2.0165481735738195,0.05335246197005442,-3.64527554596167,-0.6882730520158629
2.85,-0.4755282581475771,-1.9416110387254537,0.04969989845787742,-3.652563512176996,-0.5466620880643982
2.851,-0.4774322723733217,-1.8663673009862038,0.046040054267451315,-3.659844190426107,-0.5466620880643982
2.852,-0.47926089450868703,-1.7908288422145553,0.04237293667945435,-3.6671175879969686,-0.5466620880643982
2.853,-0.4810138357930429,-1.715007590808689,0.03869855296728408,-3.67438371217026,-0.5466620880643982
2.854,-0.48269081941663683,-1.638915519823278,0.035016910397064706,-3.6816425702193776,-0.5466620880643982
2.855,-0.4842915805643153,-1.5625646450783754,0.03133089159732794,-3.6860187997367673,-0.4028936043804594
2.856,-0.48581586645733665,-1.485967023262191,0.027640500944303297,-3.6903906530246395,-0.4028936043804594
2.857,-0.487263436393289,-1.409134750027114,0.023945742809844073,-3.694758134459224,-0.4028936043804594
2.858,-0.4886340617840971,-1.3320799580798428,0.0202466215614317,-3.699121248412374,-0.4028936043804594
2.859,-0.48992752619212293,-1.2548148152652736,0.016543141562180126,-3.703479999251571,-0.4028936043804594
2.86,-0.4911436253643438,-1.177351522645056,0.012838214343110384,-3.704927219069741,-0.25753499087109333
2.861,-0.4922821672646027,-1.0997023125710765,0.00913184135144229,-3.7063729916680934,-0.25753499087109333
2.862,-0.493342972103934,-1.0218794467538326,0.005424024032948443,-3.707817318493847,-0.25753499087109333
2.863,-0.4943258723689569,-0.9438952143259438,0.0017147638319556678,-3.7092602009927753,-0.25753499087109333
2.864,-0.4952307128483255,-0.8657619299017326,-0.001995937808653537,-3.7107016406092046,-0.25753499087109333
2.865,-0.4960573506572392,-0.787491931632515,-0.005705151945882217,-3.709214137228679,-0.1111599130041645
2.866,-0.49680565526000403,-0.7090975792584849,-0.00941288006723375,-3.7077281213515336,-0.1111599130041645
2.867,-0.49747550849064986,-0.6305912521565259,-0.013119123658724016,-3.7062435914902654,-0.1111599130041645
2.868,-0.49806680457158603,-0.5519853473858056,-0.016823884204882875,-3.7047605461588584,-0.1111599130041645
2.869,-0.498579450130307,-0.4732922777298715,-0.020527163188755658,-3.703278983872783,-0.1111599130041645
2.87,-0.4990133642141358,-0.39452446973675015,-0.024226025814600767,-3.698862625845109,0.03565395219004952
2.871,-0.49936847830300873,-0.3156943617563846,-0.027920476498776232,-3.694450684175463,0.03565395219004952
2.872,-0.4996447363202946,-0.2368144019766526,-0.031610519653223715,-3.6900431544474865,0.03565395219004952
2.873,-0.49984209464164997,-0.1578970464576089,-0.03529615968547295,-3.685640032249238,0.03565395219004952
2.874,-0.49996052210190806,-0.07895475716452888,-0.03897740099864614,-3.681241313173188,0.03565395219004952
2.875,-0.5,-2.0010064384747856e-14,-0.04265131452658717,-3.6739135279410298,0.18232719594924263
2.876,-0.4999605221019081,0.07895475716448887,-0.04631790759708128,-3.666593070494104,0.18232719594924263
2.8770000000000002,-0.49984209464164997,0.15789704645761352,-0.0499771875305859,-3.6592799335046253,0.18232719594924263
2.878,-0.4996447363202946,0.23681440197665724,-0.05362916164023804,-3.651974109652136,0.18232719594924263
2.879,-0.49936847830300873,0.3156943617563892,-0.05727383723186154,-3.644675591623499,0.18232719594924263
2.88,-0.4990133642141358,0.39452446973675476,-0.060908302528604547,-3.634465296743005,0.3282809644435276
2.8810000000000002,-0.498579450130307,0.47329227772987614,-0.06453256774076194,-3.6242652121573915,0.3282809644435276
2.882,-0.4980668045715863,0.5519853473857658,-0.0681466430684183,-3.6140753276563635,0.3282809644435276
2.883,-0.4974755084906502,0.630591252156486,-0.07175053870145814,-3.6038956330398366,0.3282809644435276
2.884,-0.49680565526000436,0.7090975792584452,-0.07534426481957607,-3.5937261181179263,0.3282809644435276
2.8850000000000002,-0.4960573506572387,0.7874919316325638,-0.07892493842671088,-3.5806736071348118,0.47293924324982184
2.886,-0.4952307128483254,0.8657619299017372,-0.08249257257537355,-3.5676341486626804,0.47293924324982184
2.887,-0.49432587236895686,0.9438952143259484,-0.08604718030502258,-3.554607729649021,0.47293924324982184
2.888,-0.49334297210393396,1.021879446753837,-0.08958877464207696,-3.5415943370543754,0.47293924324982184
2.8890000000000002,-0.49228216726460267,1.0997023125710812,-0.09311736859992928,-3.5285939578523244,0.47293924324982184
2.89,-0.4911436253643444,1.1773515226450164,-0.09663011934121134,-3.5127507412820647,0.6157311306203721
2.891,-0.4899275261921236,1.2548148152652345,-0.10012704270913972,-3.496923367928375,0.6157311306203721
2.892,-0.48863406178409696,1.3320799580798472,-0.10360815453108776,-3.4811118219480393,0.6157311306203721
2.8930000000000002,-0.4872634363932881,1.409134750027162,-0.10707347061860145,-3.465316087513684,0.6157311306203721
2.894,-0.4858158664573366,1.4859670232621955,-0.11052300676741522,-3.449536148813763,0.6157311306203721
2.895,-0.48429158056431615,1.5625646450783368,-0.11395397151826869,-3.4309647508534726,0.756093090573828
2.896,-0.48269081941663766,1.6389155198232392,-0.11736638344255984,-3.412411924291143,0.756093090573828
2.8970000000000002,-0.4810138357930428,1.7150075908086932,-0.12076026109311522,-3.393877650555375,0.756093090573828
2.898,-0.4792608945086879,1.790828842214517,-0.12413562300420856,-3.3753619110933433,0.756093090573828
2.899,-0.4774322723733216,1.8663673009862085,-0.12749248769157934,-3.3568646873707735,0.756093090573828
2.9,-0.475528258147577,1.941611038725458,-0.1308281260907244,-3.3356383991450653,0.8934711769168742
2.9010000000000002,-0.47354915249737134,2.016548173573866,-0.13414255942793196,-3.314433337207583,0.8934711769168742
2.902,-0.4714952679464327,2.091166872089014,-0.137435808908264,-3.293249480332038,0.8934711769168742
2.903,-0.4693669288269377,2.1654553511135264,-0.14070789571557737,-3.2720868073133684,0.8934711769168742
2.904,-0.46716447122830684,2.239401879635343,-0.14395884101254508,-3.2509452969677177,0.8934711769168742
2.9050000000000002,-0.4648882429441254,2.312994780640436,-0.14718598889982745,-3.2271478872823645,1.0273232194192854
2.906,-0.46253860341722886,2.386222432956539,-0.15038936317483415,-3.2033742750066962,1.0273232194192854
2.907,-0.46011592368293514,2.4590732730885096,-0.15356898761117746,-3.1796244363433037,1.0273232194192854
2.908,-0.4576205863104589,2.5315357970441785,-0.15672488595869605,-3.155898347518575,1.0273232194192854
2.9090000000000003,-0.4550529853424981,2.603598562151,-0.15985708194347872,-3.132195984782671,1.0273232194192854
2.91,-0.45241352623301023,2.6752501888629854,-0.1629630033130063,-3.1059213695275956,1.1571209635146338
2.911,-0.44970262578318615,2.7464793625576656,-0.1660426763418941,-3.0796730288877754,1.1571209635146338
2.912,-0.4469207120756327,2.817274835322799,-0.1690961272784827,-3.053450936588595,1.1571209635146338
2.9130000000000003,-0.4440682244067717,2.8876254277325892,-0.1721233823448644,-3.0272550663817137,1.1571209635146338
2.914,-0.4411456132174762,2.9575200306128844,-0.17512446773690946,-3.0010853920450393,1.1571209635146338
2.915,-0.43815334002193157,3.026947606795686,-0.1780969050004608,-2.9724372635513507,1.2823521550821733
2.916,-0.4350918773347628,3.0958971928618846,-0.18104072278364697,-2.943817783186156,1.2823521550821733
2.9170000000000003,-0.4319617085964178,3.1643579008725515,-0.1839559497059483,-2.9152269223013265,1.2823521550821733
2.918,-0.4287633280968265,3.2323189200882707,-0.1868426143582257,-2.8866646522773816,1.2823521550821733
2.919,-0.4254972408973465,3.2997695186762783,-0.18970074530274916,-2.858130944523461,1.2823521550821733
2.92,-0.4221639627510083,3.366699045405145,-0.19252796766508645,-2.827222362337296,1.4025225620820636
2.9210000000000003,-0.41876402002106994,3.4330969313267663,-0.19532431235381978,-2.7963446887333174,1.4025225620820636
2.922,-0.41529794959790556,3.4989526914451714,-0.19808981024662273,-2.765497892802943,1.4025225620820636
2.923,-0.41176629881421317,3.5642559263724505,-0.20082449219029122,-2.7346819436684986,1.4025225620820636
2.924,-0.40816962535859164,3.62899632397079,-0.2035283890007744,-2.703896810483189,1.4025225620820636
2.9250000000000003,-0.4045084971874736,3.6931636609809146,-0.2061992387559458,-2.670849755171389,1.5171579250658325
2.926,-0.4007834924354384,3.7567478046364595,-0.2088370745028607,-2.637835746914901,1.5171579250658325
2.927,-0.396995199323918,3.81973871426405,-0.21144192925552738,-2.6048547526666694,1.5171579250658325
2.928,-0.39314421606831007,3.882126442868843,-0.21401383599494006,-2.571906739412686,1.5171579250658325
2.9290000000000003,-0.38923115078351034,3.9439011387053036,-0.21655282766911202,-2.5389916741719567,1.5171579250658325
2.93,-0.3852566213878935,4.005053046832775,-0.21905676423503254,-2.5039365659205077,1.6258058288638564
2.931,-0.38122125550572533,4.065572510656071,-0.22152568074780984,-2.46891651277731,1.6258058288638564
2.932,-0.3771256903680536,4.125449973450356,-0.2239596122274971,-2.4339314796872555,1.6258058288638564
2.9330000000000003,-0.37297057271209066,4.184675979870134,-0.2263585936591274,-2.398981431630291,1.6258058288638564
2.934,-0.3687565586790868,4.2432411774423535,-0.22872265999274877,-2.3640663336213836,1.6258058288638564
2.935,-0.3644843137107059,4.301136318043443,-0.23104980151027527,-2.3271415175264916,1.7280374880635334
2.936,-0.36015451244395386,4.35835225935956,-0.23334005513652295,-2.2902536262476945,1.7280374880635334
2.9370000000000003,-0.35576783860464084,4.414879966330332,-0.23559345775938312,-2.2534026228601762,1.7280374880635334
2.938,-0.35132498489942554,4.4707105125754465,-0.23781004622985916,-2.2165884704760455,1.7280374880635334
2.939,-0.34682665290640374,4.525835081804536,-0.23998985736210346,-2.1798111322442986,1.7280374880635334
2.94,-0.3422735529643459,4.5802449692090645,-0.24213101969443088,-2.141162332327424,1.823449439231524
2.9410000000000003,-0.33766640406051146,4.633931582837101,-0.24423357187564135,-2.102552181210466,1.823449439231524
2.942,-0.33300593371712534,4.686886444949938,-0.24629755251588598,-2.063980640244625,1.823449439231524
2.943,-0.32829287787647804,4.739101193361005,-0.24832300018670572,-2.0254476708197497,1.823449439231524
2.944,-0.3235279807847223,4.790567582756238,-0.25030995342107004,-1.9869532343642995,1.823449439231524
2.945,-0.31871199487434526,4.841277485996132,-0.25225668639953597,-1.9467329784659035,1.911665133201579
2.946,-0.31384568064535096,4.891222895399118,-0.25416323934235935,-1.906552942823406,1.911665133201579
2.947,-0.3089298065451682,4.940395924006067,-0.2560296524295759,-1.866413087216551,1.911665133201579
2.948,-0.3039651488473041,4.9887888068257285,-0.25785596580104125,-1.8263133714653028,1.911665133201579
2.949,-0.29895249152876113,5.036393902060918,-0.25964221955647104,-1.786253755429806,1.911665133201579
2.95,-0.2938926261462357,5.0832036923152675,-0.26138684032972254,-1.7446207732514962,1.992336421143993
2.951,-0.28878635171113326,5.129210785780208,-0.2630898697537779,-1.703029424055365,1.992336421143993
2.952,-0.28363447456337804,5.174407917402375,-0.26475134941998635,-1.6614796662084297,1.992336421143993
2.953,-0.2784378082440941,5.2187879500307455,-0.26637132087810567,-1.6199714581193414,1.992336421143993
2.954,-0.27319717336713495,5.2623438755436975,-0.267949825636344,-1.5785047582383422,1.992336421143993
2.955,-0.26791339748949905,5.305068815955675,-0.2694854489912531,-1.535623354909066,2.065144928551895
2.956,-0.26258731498064897,5.346956024503306,-0.2709782338242362,-1.492784832983119,2.065144928551895
2.957,-0.25721976689075465,5.387998886710785,-0.2724282229738153,-1.449989149579098,2.065144928551895
2.958,-0.2518116008178791,5.428190921434412,-0.27383545923567376,-1.407236261858481,2.065144928551895
2.959,-0.24636367077414484,5.467525781885936,-0.27519998536269935,-1.3645261270255846,2.065144928551895
2.96,-0.24087683705085702,5.505997256634931,-0.2765205508973635,-1.3205655346641223,2.129803311721839
2.961,-0.23535196608266915,5.543599270589536,-0.2777971998002585,-1.2766489028950214,2.129803311721839
2.962,-0.22978993031074402,5.580325885955918,-0.2790299759880162,-1.2327761877576897,2.129803311721839
2.963,-0.22419160804501656,5.616171303175694,-0.2802189233333517,-1.1889473453354953,2.129803311721839
2.964,-0.21855788332546724,5.651129861841977,-0.2813640856651074,-1.145162331755723,2.129803311721839
2.965,-0.21288964578253747,5.6851960415931,-0.28246438170669597,-1.1002960415885714,2.186056391769786
2.966,-0.20718779049664032,5.71836446298439,-0.28351985632440757,-1.055474617711587,2.186056391769786
2.967,-0.20145321785682996,5.750629888337572,-0.28453055433966606,-1.0106980152584797,2.186056391769786
2.968,-0.19568683341860343,5.781987222567952,-0.28549652052907387,-0.9659661894078255,2.186056391769786
2.969,-0.18988954776090317,5.812431513988985,-0.2864177996244569,-0.921279095383022,2.186056391769786
2.97,-0.18406227634233865,5.841957955094131,-0.2872934837975104,-0.8756841730534913,2.233682161707382
2.971,-0.1782059393566254,5.870561883316026,-0.2881236186431567,-0.8301348456462903,2.233682161707382
2.972,-0.17232146158725895,5.898238781762832,-0.2889082497107232,-0.7846310675664964,2.233682161707382
2.973,-0.16640977226149412,5.924984279931446,-0.289647422503988,-0.7391727932647822,2.233682161707382
2.974,-0.1604718049036059,5.950794154397663,-0.29034118248122537,-0.6937599772373698,2.233682161707382
2.975,-0.15450849718747525,5.975664329483105,-0.29098879884523343,-0.6476163640080596,2.272492662603643
2.976,-0.14852079078851937,5.999590877898824,-0.2915903177396254,-0.6015188943919787,2.272492662603643
2.977,-0.14250963123499036,6.022570021365459,-0.2921457852618709,-0.5554675222455139,2.272492662603643
2.978,-0.1364759677586619,6.044598131209885,-0.2926552474633421,-0.5094622014711955,2.272492662603643
2.979,-0.1304207531449481,6.065671728938177,-0.29311875034935975,-0.46350288601765144,2.272492662603643
2.98,-0.12434494358242741,6.085787486784972,-0.2935357430379839,-0.41699268862414074,2.3023347253746516
2.981,-0.11824949851186274,6.104942228238918,-0.29390627203941194,-0.3705290014280236,2.3023347253746516
2.982,-0.11213538047469138,6.1231329285442895,-0.294230383817331,-0.3241117779191025,2.3023347253746516
2.983,-0.10600355496102848,6.140356715178634,-0.2945081247889647,-0.2777409716336904,2.3023347253746516
2.984,-0.09985499025720505,6.156610868306379,-0.29473954132511926,-0.23141653615456365,2.3023347253746516
2.985,-0.09369065729286426,6.171892821208322,-0.2949242646332322,-0.18472330811294158,2.3230905752733757
2.986,-0.08751152948763685,6.186200160686953,-0.29506234140653154,-0.13807677329936113,2.3230905752733757
2.987,-0.08131858259744101,6.199530627447496,-0.29515381829155213,-0.09147688502059426,2.3230905752733757
2.988,-0.07511279456037813,6.211882116454725,-0.29519874188818224,-0.04492359663010615,2.3230905752733757
2.989,-0.06889514534231901,6.223252677265344,-0.29519715874971025,0.0015831384719914646,2.3230905752733757
2.99,-0.06266661678215249,6.23364051433599,-0.2951488836284428,0.048275121267405775,2.334678296694315
2.991,-0.05642819243674161,6.24304398730677,-0.2950539632163628,0.09492041208002466,2.334678296694315
2.992,-0.0501808574256086,6.251461611260291,-0.29491244415876094,0.14151905760183095,2.334678296694315
2.993,-0.04392559827537313,6.258892056956152,-0.29472437305428284,0.18807110447811543,2.334678296694315
2.994,-0.03766340276396475,6.265334151040846,-0.2944897964549753,0.23457659930752361,2.334678296694315
2.995,-0.03139525976465547,6.270786876233028,-0.2942087133891379,0.2810830658373819,2.337052156458291
2.996,-0.02512215908988395,6.275249371484185,-0.2938811703632372,0.3275430259007103,2.337052156458291
2.997,-0.018845091334970383,6.278720932114586,-0.2935072138372332,0.37395652600397544,2.337052156458291
2.998,-0.012565047721668693,6.281201009924566,-0.2930868902246261,0.4203236126071373,2.337052156458291
2.999,-0.006283019941676648,6.2826892132810865,-0.2926202458925024,0.466644332123696,2.337052156458291
3.0,-7.347880794884119e-16,6.283185307179586,-0.2921074641490248,0.5127817434776077,2.33020278430177
3.001,0.006283019941675178,6.2826892132810865,-0.2915485911316046,0.5588730174201655,2.33020278430177
3.0020000000000002,0.012565047721670775,6.281201009924565,-0.2909436729315158,0.6049182000887807,2.33020278430177
3.003,0.01884509133496891,6.278720932114586,-0.2902927555939411,0.6509173375747274,2.33020278430177
3.004,0.02512215908988248,6.275249371484186,-0.28959588511801787,0.6968704759231881,2.33020278430177
3.005,0.031395259764654,6.270786876233029,-0.28885342836837347,0.7424567496444308,2.314157209858296
3.0060000000000002,0.03766340276396683,6.265334151040843,-0.2880654309312815,0.7879974370919522,2.314157209858296
3.007,0.043925598275371666,6.258892056956154,-0.2872319383474295,0.8334925838520262,2.314157209858296
3.008,0.050180857425607135,6.251461611260292,-0.28635299611196413,0.8789422354653401,2.314157209858296
3.009,0.056428192436740146,6.243043987306772,-0.28542864967453707,0.9243464374270407,2.314157209858296
3.0100000000000002,0.06266661678215456,6.2336405143359865,-0.28445944800842776,0.969201666109335,2.288978755986067
3.011,0.06889514534231757,6.223252677265347,-0.2834454359688648,1.014012039562947,2.288978755986067
3.012,0.07511279456037667,6.211882116454728,-0.2823866583662217,1.0587776026431055,2.288978755986067
3.013,0.08131858259743957,6.199530627447499,-0.2812831599660615,1.1034984001601837,2.288978755986067
3.0140000000000002,0.0875115294876389,6.186200160686949,-0.28013498548918175,1.1481744768797448,2.288978755986067
3.015,0.09369065729286281,6.171892821208326,-0.27894286385100164,1.1921216381801183,2.2547667888626632
3.016,0.09985499025720362,6.156610868306384,-0.2777068389986824,1.2360248523191915,2.2547667888626632
3.017,0.10600355496102705,6.140356715178639,-0.2764269548354383,1.2798841632441256,2.2547667888626632
3.0180000000000002,0.11213538047468995,6.123132928544293,-0.27510325522058016,1.3236996148581348,2.2547667888626632
3.019,0.11824949851186131,6.104942228238922,-0.2737357839695596,1.36747125102053,2.2547667888626632
3.02,0.124344943582426,6.0857874867849775,-0.27232544706327344,1.4103369062861757,2.2116563258333053
3.021,0.1304207531449467,6.065671728938183,-0.2708722873673769,1.4531596958965556,2.2116563258333053
3.0220000000000002,0.13647596775866389,6.044598131209878,-0.26937634770465957,1.4959396627173251,2.2116563258333053
3.023,0.14250963123498894,6.022570021365464,-0.2678376708550883,1.538676849571274,2.2116563258333053
3.024,0.14852079078851796,5.99959087789883,-0.26625629955584995,1.5813712992383688,2.2116563258333053
3.025,0.15450849718747386,5.975664329483111,-0.2646333132778596,1.622986277990332,2.1598175025600703
3.0260000000000002,0.16047180490360452,5.950794154397669,-0.26296875363609606,1.6645596417635429,2.1598175025600703
3.027,0.16640977226149273,5.9249842799314525,-0.2612626622039231,1.7060914321729808,2.1598175025600703
3.028,0.17232146158725756,5.8982387817628394,-0.25951508051313105,1.7475816907920092,2.1598175025600703
3.029,0.17820593935662404,5.870561883316032,-0.25772605005397864,1.7890304591524187,2.1598175025600703
3.0300000000000002,0.1840622763423406,5.841957955094121,-0.25589681952725385,1.8292305267247693,2.0994549015751494
3.031,0.1898895477609018,5.812431513988992,-0.2540274291330243,1.8693903942295476,2.0994549015751494
3.032,0.1956868334186021,5.78198722256796,-0.2521179190311575,1.909510101866821,2.0994549015751494
3.033,0.2014532178568286,5.7506298883375795,-0.250168329341361,1.949589689796457,2.0994549015751494
3.0340000000000003,0.20718779049664224,5.718364462984379,-0.24817870014322285,1.9896291981381635,2.0994549015751494
3.035,0.21288964578253614,5.685196041593107,-0.24615044443938508,2.0282557038377855,2.030806744888001
3.036,0.2185578833254659,5.651129861841985,-0.24408360085635336,2.066843583031708,2.030806744888001
3.037,0.22419160804501526,5.616171303175703,-0.24197820798200692,2.1053928743464363,2.030806744888001
3.0380000000000003,0.22978993031074585,5.580325885955905,-0.23983430436563707,2.1439036163698497,2.030806744888001
3.039,0.23535196608266784,5.543599270589545,-0.23765192851798583,2.18237584765124,2.030806744888001
3.04,0.24087683705085575,5.50599725663494,-0.2354326521671056,2.2192763508802447,1.9541439538327932
3.041,0.24636367077414356,5.467525781885945,-0.23317651221349958,2.2561399536060205,1.9541439538327932
3.0420000000000003,0.25181160081788095,5.428190921434399,-0.2308835455207705,2.2929666927290704,1.9541439538327932
3.043,0.25721976689075343,5.387998886710795,-0.2285537889156575,2.329756605112997,1.9541439538327932
3.044,0.2625873149806477,5.346956024503315,-0.22618727918807296,2.36650972758454,1.9541439538327932
3.045,0.26791339748949783,5.305068815955685,-0.2237857405886187,2.4015385994542853,1.869769079866485
3.0460000000000003,0.2731971733671367,5.262343875543683,-0.22134920814616654,2.436532442452161,1.869769079866485
3.047,0.27843780824409287,5.218787950030756,-0.2188777168545595,2.4714912916070384,1.869769079866485
3.048,0.2836344745633768,5.1744079174023865,-0.21637130167264673,2.506415181912761,1.869769079866485
3.049,0.28878635171113204,5.129210785780218,-0.21382999752431855,2.541304148328178,1.869769079866485
3.0500000000000003,0.2938926261462374,5.083203692315252,-0.21125567437792797,2.5743231463905945,1.7780151105372344
3.051,0.29895249152875997,5.0363939020609285,-0.20864836525247302,2.6073091254549485,1.7780151105372344
3.052,0.3039651488473029,4.98878880682574,-0.20600810313393278,2.6402621185402384,1.7780151105372344
3.053,0.30892980654516705,4.9403959240060775,-0.20333492097530034,2.673182158632443,1.7780151105372344
3.0540000000000003,0.31384568064534984,4.89122289539913,-0.2006288516966158,2.7060692786845553,1.7780151105372344
3.055,0.31871199487434415,4.841277485996144,-0.19789190360410322,2.7369480925125784,1.6792441553353963
3.056,0.32352798078472117,4.79056758275625,-0.19512410757657644,2.767796027526774,1.6792441553353963
3.057,0.32829287787647693,4.739101193361018,-0.1923254944619705,2.798613114605955,1.6792441553353963
3.0580000000000003,0.3330059337171269,4.68688644494992,-0.18949609507737245,2.829399384598057,1.6792441553353963
3.059,0.337666404060513,4.633931582837083,-0.18663594020905228,2.860154868320167,1.6792441553353963
3.06,0.3422735529643448,4.580244969209077,-0.18374716857526815,2.888771633784116,1.5738460166134671
3.061,0.3468266529064027,4.525835081804549,-0.18082980879278554,2.917359782482601,1.5738460166134671
3.0620000000000003,0.35132498489942454,4.47071051257546,-0.17788388944975314,2.945919343032388,1.5738460166134671
3.063,0.3557678386046423,4.414879966330314,-0.1749094391057315,2.9744503440216246,1.5738460166134671
3.064,0.3601545124439528,4.358352259359573,-0.17190648629172164,3.0029528140098725,1.5738460166134671
3.065,0.3644843137107049,4.301136318043456,-0.16887729169750149,3.029194594220161,1.462236651214928
3.0660000000000003,0.36875655867908824,4.243241177442334,-0.16582188156485125,3.0554101326502394,1.462236651214928
3.067,0.37297057271209205,4.184675979870114,-0.16274028210930935,3.0815994555418875,1.462236651214928
3.068,0.3771256903680526,4.12544997345037,-0.15963251952019872,3.1077625891106444,1.462236651214928
3.069,0.3812212555057244,4.065572510656085,-0.1564986199606529,3.1338995595458323,1.462236651214928
3.0700000000000003,0.3852566213878948,4.005053046832755,-0.15334095717008894,3.15766279056395,1.344856528883172
3.071,0.38923115078351167,3.943901138705283,-0.15015955491173788,3.1814022583510497,1.344856528883172
3.072,0.3931442160683092,3.8821264428688576,-0.14695443692506752,3.2051179866703623,1.344856528883172
3.073,0.39699519932391714,3.819738714264065,-0.14372562692580615,3.2288099992613555,1.344856528883172
3.074,0.40078349243543754,3.756747804636475,-0.14047314860596638,3.2524783198397578,1.344856528883172
3.075,0.40450849718747484,3.6931636609808938,-0.13719947938656787,3.2736692193985024,1.2221688939292232
3.076,0.4081696253585908,3.6289963239708047,-0.1339046404585102,3.2948389280576884,1.2221688939292232
3.077,0.41176629881421234,3.564255926372466,-0.130588652991502,3.315987467008215,1.2221688939292232
3.078,0.4152979495979047,3.4989526914451865,-0.1272515381340822,3.3371148574197913,1.2221688939292232
3.079,0.41876402002107105,3.433096931326744,-0.12389331701364123,3.3582211204409558,1.2221688939292232
3.08,0.42216396275100754,3.36669904540516,-0.12051656095558035,3.376756058060886,1.094657937018559
3.081,0.4254972408973457,3.2997695186762943,-0.11712128849483715,3.3952724607431963,1.094657937018559
3.082,0.4287633280968257,3.2323189200882867,-0.11370751814781432,3.4137703470228242,1.094657937018559
3.083,0.431961708596417,3.1643579008725675,-0.11027526841239815,3.4322497354161725,1.094657937018559
3.084,0.435091877334762,3.0958971928619006,-0.10682455776797703,3.4507106444211275,1.094657937018559
3.085,0.43815334002193085,3.026947606795702,-0.10335804129651448,3.4665164714625503,0.9628268842921881
3.086,0.44114561321747553,2.957520030612901,-0.09987573480383755,3.4823064926769316,0.9628268842921881
3.087,0.4440682244067726,2.887625427732566,-0.09637765407996744,3.4980807238700984,0.9628268842921881
3.088,0.44692071207563205,2.8172748353228156,-0.09286381489913537,3.513839180832072,0.9628268842921881
3.089,0.44970262578318554,2.7464793625576824,-0.08933423301979829,3.5295818793370834,0.9628268842921881
3.09,0.4524135262330096,2.6752501888630023,-0.08579163680211327,3.542596217685014,0.8271960113633916
3.091,0.4550529853424975,2.6035985621510167,-0.08223603926041867,3.555597541694597,0.8271960113633916
3.092,0.4576205863104583,2.5315357970441954,-0.0786674533960385,3.5685858643801702,0.8271960113633916
3.093,0.4601159236829345,2.459073273088527,-0.07508589219729545,3.581561198743058,0.8271960113633916
3.094,0.4625386034172283,2.386222432956556,-0.07149136863952386,3.5945235577715824,0.8271960113633916
3.095,0.4648882429441261,2.312994780640412,-0.0678866735935095,3.6046950460143696,0.6883005900279489
3.096,0.4671644712283063,2.23940187963536,-0.06427181723074059,3.614856362768914,0.6883005900279489
3.097,0.4693669288269372,2.1654553511135437,-0.06064680971253388,3.6250075182067043,0.6883005900279489
3.098,0.47149526794643226,2.0911668720890315,-0.057011661190044825,3.6351485224890565,0.6883005900279489
3.099,0.473549152497372,2.0165481735738413,-0.0533663818042777,3.6452793857671266,0.6883005900279489
3.1,0.47552825814757654,1.9416110387254757,-0.049713813922380515,3.6525678818971836,0.5466887757912132
3.101,0.47743227237332114,1.8663673009862258,-0.0460539648328494,3.659849089531111,0.5466887757912132
3.102,0.47926089450868753,1.7908288422145349,-0.042386841816892,3.667123015957404,0.5466887757912132
3.103,0.4810138357930434,1.7150075908086682,-0.03871245214843473,3.674389668457271,0.5466887757912132
3.104,0.4826908194166373,1.638915519823257,-0.03503080309413009,3.681649054304638,0.5466887757912132
3.105,0.48429158056431576,1.5625646450783546,-0.03134477729998878,3.6860257941413135,0.40291944454900686
3.106,0.4858158664573362,1.4859670232622135,-0.02765437914275063,3.6903981572381523,0.40291944454900686
3.107,0.48726343639328856,1.4091347500271365,-0.023959612994778737,3.6947661479718943,0.40291944454900686
3.108,0.4886340617840967,1.3320799580798652,-0.020260483224063833,3.6991297707149027,0.40291944454900686
3.109,0.48992752619212326,1.2548148152652525,-0.016556994194228666,3.703489029835168,0.40291944454900686
3.11,0.49114362536434414,1.1773515226450346,-0.012852057453684132,3.704936740544535,0.2575599869601056
3.111,0.49228216726460305,1.0997023125710552,-0.00914567445014094,3.7063830035431926,0.2575599869601056
3.112,0.49334297210393374,1.0218794467538554,-0.0054378466298620875,3.7078278202788515,0.2575599869601056
3.113,0.49432587236895664,0.9438952143259667,-0.0017285754376643128,3.709271192197775,0.2575599869601056
3.114,0.49523071284832526,0.8657619299017555,0.0019821376830804665,3.710713120744779,0.2575599869601056
3.115,0.496057350657239,0.7874919316325377,0.005691363772088794,3.7092260890083275,0.11118406921464463
3.116,0.4968056552600042,0.7090975792584635,0.009399104316392405,3.707740544303612,0.11118406921464463
3.117,0.49747550849065003,0.6305912521565045,0.013105360801536008,3.7062564851436015,0.11118406921464463
3.118,0.4980668045715862,0.5519853473857841,0.01681013471157876,3.704773910042751,0.11118406921464463
3.119,0.4985794501303069,0.4732922777298945,0.02051342752909576,3.703292817517001,0.11118406921464463
3.12,0.49901336421413567,0.39452446973677313,0.024212304441175964,3.698876912080204,-0.03563063096398844
3.121,0.4993684783030087,0.31569436175640764,0.02790676986372481,3.694465422548844,-0.03563063096398844
3.122,0.49964473632029455,0.23681440197667572,0.03159682820823182,3.6900583445070154,-0.03563063096398844
3.123,0.49984209464165,0.15789704645758734,0.03528248388177505,3.6856556735432284,-0.03563063096398844
3.124,0.49996052210190806,0.07895475716450734,0.038963741287025455,3.6812574052504052,-0.03563063096398844
3.125,0.5,-1.5428257250186726e-15,0.04263767134078763,3.6739300537621715,-0.18230470414917288
3.126,0.49996052210190806,-0.07895475716451042,0.04630428137041306,3.666610029625426,-0.18230470414917288
3.1270000000000002,0.49984209464165,-0.15789704645759045,0.049963578695925874,3.659297325512817,-0.18230470414917288
3.128,0.49964473632029466,-0.23681440197663417,0.053615570630030196,3.6519919341043208,-0.18230470414917288
3.129,0.49936847830300884,-0.31569436175636617,0.057260264478117426,3.644693848087233,-0.18230470414917288
3.13,0.4990133642141359,-0.3945244697367317,0.06089474844643907,3.6344839683216428,-0.32825929587515235
3.1310000000000002,0.49857945013030686,-0.47329227772989757,0.06451903274487489,3.624284298435818,-0.32825929587515235
3.132,0.49806680457158614,-0.5519853473857872,0.06813312757309477,3.614094828219879,-0.32825929587515235
3.133,0.49747550849065003,-0.6305912521565075,0.07173704312056893,3.603915547474156,-0.32825929587515235
3.134,0.4968056552600042,-0.7090975792584666,0.07533078956657811,3.593746446009179,-0.32825929587515235
3.1350000000000002,0.49605735065723894,-0.7874919316325409,0.07891148389831906,3.5806943317409456,-0.47291839111119416
3.136,0.4952307128483257,-0.8657619299017143,0.08247913916790604,3.567655269586981,-0.47291839111119416
3.137,0.49432587236895714,-0.9438952143259256,0.08603376841440122,3.5546292464951703,-0.47291839111119416
3.138,0.49334297210393424,-1.0218794467538144,0.08957538466382767,3.5416162494264514,-0.47291839111119416
3.1390000000000002,0.4922821672646024,-1.0997023125711023,0.09310400092918247,3.528616265354801,-0.47291839111119416
3.14,0.4911436253643441,-1.1773515226450377,0.09661677435652133,3.512773427338854,-0.6157110875296283
3.141,0.48992752619212326,-1.2548148152652556,0.10011372078868225,3.4969464321609225,-0.6157110875296283
3.142,0.48863406178409735,-1.3320799580798246,0.10359485605266042,3.481135263978169,-0.6157110875296283
3.1430000000000002,0.4872634363932885,-1.4091347500271396,0.10706019595962402,3.4653399069635986,-0.6157110875296283
3.144,0.485815866457337,-1.4859670232621731,0.11050975630493005,3.4495603453060424,-0.6157110875296283
3.145,0.4842915805643157,-1.5625646450783575,0.11394074561291886,3.4309893079888054,-0.7560738485965488
3.146,0.4826908194166372,-1.6389155198232601,0.11735318245462775,3.4124368417088857,-0.7560738485965488
3.1470000000000002,0.48101383579304235,-1.7150075908087141,0.120747085382523,3.3939029278952457,-0.7560738485965488
3.148,0.4792608945086874,-1.7908288422145375,0.12412247293051842,3.3753875479954196,-0.7560738485965488
3.149,0.47743227237332214,-1.8663673009861865,0.12747936361399392,3.356890683475493,-0.7560738485965488
3.15,0.4755282581475776,-1.941611038725436,0.13081502835223408,3.335664738240155,-0.8934527275931115
3.1510000000000002,0.47354915249737195,-2.016548173573844,0.13412948837118413,3.3144600189500526,-0.8934527275931115
3.152,0.47149526794643215,-2.0911668720890346,0.13742276487556337,3.2932765043792402,-0.8934527275931115
3.153,0.4693669288269371,-2.1654553511135464,0.14069487904888636,3.272114173322999,-0.8934527275931115
3.154,0.46716447122830623,-2.2394018796353627,0.14394585205348417,3.250973004597814,-0.8934527275931115
3.1550000000000002,0.46488824294412606,-2.312994780640415,0.14717302797400159,3.2271759205174124,-1.0273055537901847
3.156,0.4625386034172295,-2.386222432956518,0.15037643060752268,3.2034026335210912,-1.0273055537901847
3.157,0.46011592368293586,-2.4590732730884883,0.15355608372733445,3.1796531198117663,-1.0273055537901847
3.158,0.45762058631045965,-2.531535797044157,0.1567120110829506,3.155927355616151,-1.0273055537901847
3.1590000000000003,0.4550529853424974,-2.6035985621510194,0.15984423640013534,3.132225317184731,-1.0273055537901847
3.16,0.4524135262330095,-2.675250188863005,0.16295018741055992,3.1059510104245747,-1.1571040721485724
3.161,0.44970262578318543,-2.746479362557685,0.16602989038853108,3.079702977971179,-1.1571040721485724
3.162,0.44692071207563194,-2.8172748353228187,0.1690833715820813,3.0534811935502364,-1.1571040721485724
3.1630000000000003,0.4440682244067725,-2.887625427732569,0.172110657212995,3.0272856309137146,-1.1571040721485724
3.164,0.4411456132174771,-2.957520030612864,0.17511177347683485,3.0011162638398297,-1.1571040721485724
3.165,0.4381533400219324,-3.026947606795666,0.17808424190384883,2.9724684270139807,-1.2823360281004534
3.166,0.4350918773347637,-3.0958971928618646,0.1810280911418738,2.9438492380249577,-1.2823360281004534
3.1670000000000003,0.4319617085964169,-3.1643579008725706,0.18394334981009872,2.9152586682249235,-1.2823360281004534
3.168,0.4287633280968256,-3.2323189200882894,0.1868300464990934,2.8866966889946895,-1.2823360281004534
3.169,0.4254972408973456,-3.2997695186762965,0.18968820977083709,2.8581632717436856,-1.2823360281004534
3.17,0.42216396275100737,-3.3666990454051633,0.19251546473552533,2.8272549646882554,-1.4025071891843142
3.1710000000000003,0.41876402002107094,-3.4330969313267468,0.1953118423014652,2.796377565939881,-1.4025071891843142
3.172,0.4152979495979066,-3.498952691445152,0.19807737334605546,2.765531044590255,-1.4025071891843142
3.173,0.4117662988142142,-3.564255926372432,0.20081208871581743,2.7347153697619784,-1.4025071891843142
3.174,0.4081696253585927,-3.6289963239707714,0.20351601922642595,2.7039305106085303,-1.4025071891843142
3.1750000000000003,0.4045084971874726,-3.6931636609809324,0.2061869029406128,2.670883714186827,-1.5171432955547453
3.176,0.40078349243543737,-3.756747804636477,0.20882477290517434,2.637869964561545,-1.5171432955547453
3.177,0.39699519932391697,-3.8197387142640675,0.21142966213386022,2.6048892286858885,-1.5171432955547453
3.178,0.3931442160683112,-3.8821264428688247,0.21400160360740633,2.5719414735461075,-1.5171432955547453
3.1790000000000003,0.3892311507835115,-3.943901138705286,0.2165406302735678,2.5390266661614667,-1.5171432955547453
3.18,0.3852566213878947,-4.005053046832758,0.21904460207442972,2.5039718008619127,-1.6257919316696137
3.181,0.3812212555057242,-4.065572510656087,0.22151355406485737,2.4689519904276587,-1.6257919316696137
3.182,0.37712569036805244,-4.1254499734503725,0.22394752126466122,2.433967199803839,-1.6257919316696137
3.1830000000000003,0.37297057271208955,-4.18467597987015,0.22634653865863186,2.3990173939706425,-1.6257919316696137
3.184,0.36875655867908563,-4.2432411774423695,0.22871064119657514,2.3641025379432796,-1.6257919316696137
3.185,0.36448431371070716,-4.301136318043426,0.23103781914574512,2.3271779491699816,-1.7280243117677476
3.186,0.36015451244395513,-4.358352259359543,0.23332810943073057,2.2902902849854567,-1.7280243117677476
3.1870000000000003,0.3557678386046421,-4.414879966330315,0.2355815489391957,2.2534395084651164,-1.7280243117677476
3.188,0.3513249848994243,-4.470710512575462,0.23779817452191698,2.216625582721296,-1.7280243117677476
3.189,0.3468266529064025,-4.525835081804551,0.2399780229928202,2.1798484709032198,-1.7280243117677476
3.19,0.34227355296434464,-4.580244969209079,0.2421192228758107,2.1411998829905037,-1.8234369720906405
3.1910000000000003,0.3376664040605102,-4.633931582837115,0.24422181281947639,2.1025899436657003,-1.8234369720906405
3.192,0.3330059337171267,-4.686886444949923,0.2462858314337566,2.0640186142802217,-1.8234369720906405
3.193,0.3282928778764794,-4.73910119336099,0.24831131728998074,2.0254858562241287,-1.8234369720906405
3.194,0.32352798078472367,-4.790567582756223,0.2502983089209068,1.9869916309260918,-1.8234369720906405
3.1950000000000003,0.31871199487434393,-4.841277485996145,0.2522450804929386,1.9467715720317698,-1.911653363169797
3.196,0.3138456806453496,-4.891222895399133,0.25415167222613494,1.906591733196342,-1.911653363169797
3.197,0.3089298065451669,-4.94039592400608,0.2560181243003347,1.8664520741997497,-1.911653363169797
3.198,0.3039651488473027,-4.988788806825742,0.25784447685519685,1.826352554862154,-1.911653363169797
3.1990000000000003,0.29895249152875975,-5.03639390206093,0.25963076999024076,1.786293135043896,-1.911653363169797
3.2,0.2938926261462372,-5.083203692315254,0.2613754303254317,1.744660335190937,-1.9923253358957522
3.201,0.28878635171113476,-5.129210785780194,0.26307849949356954,1.7030691681378312,-1.9923253358957522
3.202,0.28363447456337954,-5.1744079174023625,0.26474001908582134,1.6615195922517783,-1.9923253358957522
3.203,0.27843780824409564,-5.218787950030733,0.26636003065176295,1.6200115659416114,-1.9923253358957522
3.204,0.2731971733671335,-5.262343875543709,0.2679385756994207,1.5785450476577547,-1.9923253358957522
3.205,0.2679133974894976,-5.305068815955687,0.2694742395117207,1.5356638123000195,-2.065134515503879
3.206,0.26258731498064747,-5.346956024503316,0.27096706496989836,1.492825458177642,-2.065134515503879
3.207,0.2572197668907532,-5.387998886710797,0.27241709491230776,1.4500299424093868,-2.065134515503879
3.208,0.25181160081788073,-5.428190921434401,0.27382437213446464,1.4072772221568999,-2.065134515503879
3.209,0.24636367077414645,-5.467525781885924,0.2751889393890893,1.3645672546246654,-2.065134515503879
3.21,0.24087683705085863,-5.505997256634919,0.2765095462052982,1.320606816208954,-2.129793558054337
3.211,0.23535196608266762,-5.543599270589547,0.27778623654352985,1.2766903382316583,-2.129793558054337
3.212,0.2297899303107425,-5.5803258859559275,0.2790190543202622,1.23281777673234,-2.129793558054337
3.213,0.22419160804501503,-5.616171303175704,0.2802080434080567,1.188989087794521,-2.129793558054337
3.214,0.21855788332546888,-5.651129861841967,0.2813532476356024,1.1452042275456398,-2.129793558054337
3.215,0.21288964578253913,-5.68519604159309,0.28245358571323154,1.1003380776291392,-2.1860472844477457
3.216,0.20718779049664202,-5.718364462984381,0.2835091025070941,1.0555167938625551,-2.1860472844477457
3.217,0.20145321785683162,-5.750629888337563,0.2845198428384738,1.0107403313797376,-2.1860472844477457
3.218,0.19568683341860188,-5.7819872225679605,0.2854858514838332,0.966008645359403,-2.1860472844477457
3.219,0.18988954776090158,-5.812431513988992,0.2864071731748583,0.9213216910250887,-2.1860472844477457
3.22,0.18406227634233707,-5.841957955094139,0.2872829000704424,0.8757268955840474,-2.2336736875008105
3.221,0.17820593935662712,-5.870561883316017,0.2881130777653808,0.8301776949384471,-2.2336736875008105
3.222,0.17232146158726067,-5.898238781762825,0.2888977518088743,0.7846740434934925,-2.2336736875008105
3.223,0.16640977226149584,-5.924984279931439,0.28963696770457426,0.7392158956999828,-2.2336736875008105
3.224,0.16047180490360427,-5.95079415439767,0.29033077091062853,0.6938032060542666,-2.2336736875008105
3.225,0.15450849718747361,-5.975664329483112,0.2909784306173146,0.6476597066860619,-2.2724848081075235
3.226,0.14852079078851774,-5.9995908778988305,0.2915799929681318,0.6015623508172253,-2.2724848081075235
3.227,0.14250963123498872,-6.022570021365465,0.2921355040604361,0.5555110923042577,-2.2724848081075235
3.228,0.13647596775866366,-6.044598131209879,0.29264500994548587,0.5095058850498029,-2.2724848081075235
3.229,0.13042075314494989,-6.065671728938171,0.29310855662848845,0.4635466830026026,-2.2724848081075235
3.23,0.12434494358242919,-6.085787486784967,0.2935255932152675,0.4170365867790322,-2.3023274770283892
3.231,0.11824949851186453,-6.1049422282389125,0.2938961662159192,0.3705730006516854,-2.3023274770283892
3.232,0.1121353804746897,-6.123132928544294,0.29422032209402965,0.324155878110466,-2.3023274770283892
3.233,0.10600355496102681,-6.140356715178639,0.29449810726672143,0.2777851726917877,-2.3023274770283892
3.234,0.09985499025720337,-6.156610868306385,0.29472956810469997,0.23146083797852812,-2.3023274770283892
3.235,0.09369065729286256,-6.171892821208327,0.29491433580345294,0.18476769875295496,-2.3230839193797315
3.236,0.08751152948763867,-6.186200160686949,0.29505245705611954,0.13812125266660738,-2.3230839193797315
3.237,0.08131858259744283,-6.1995306274474915,0.29514397850914587,0.09152145302634615,-2.3230839193797315
3.238,0.07511279456037995,-6.2118821164547215,0.2951889467623316,0.04496825318572518,-2.3230839193797315
3.239,0.06889514534232084,-6.223252677265341,0.2951874083688765,-0.0015383934550551662,-2.3230839193797315
3.24,0.0626666167821508,-6.233640514335994,0.2951391780694262,-0.048230299450354765,-2.3346722194377327
3.241,0.0564281924367399,-6.243043987306772,0.29504430255588654,-0.09487551353965906,-2.3346722194377327
3.242,0.05018085742560689,-6.251461611260293,0.29490282847347166,-0.14147408241487405,-2.3346722194377327
3.243,0.04392559827537142,-6.258892056956154,0.29471480242075043,-0.18802605272121384,-2.3346722194377327
3.244,0.03766340276396659,-6.265334151040844,0.2944802709496932,-0.23453147105724728,-2.3346722194377327
3.245,0.031395259764657305,-6.270786876233026,0.29419923307722856,-0.2810378724646461,-2.3370466439228057
3.246,0.025122159089885784,-6.275249371484184,0.2938717353097579,-0.3274977674706376,-2.3370466439228057
3.247,0.01884509133496867,-6.278720932114586,0.2934978241071763,-0.373911202581623,-2.3370466439228057
3.248,0.012565047721666977,-6.281201009924567,0.2930775458829188,-0.4202782242574975,-2.3370466439228057
3.249,0.006283019941674932,-6.2826892132810865,0.2926109470040071,-0.4665988789116961,-2.3370466439228057
3.25,-9.803364199544708e-16,-6.283185307179586,0.2920982107675245,-0.5127362364825521,-2.3301978224883833
3.251,-0.006283019941673341,-6.282689213281087,0.2915393833108287,-0.5588274566958372,-2.3301978224883833
3.2520000000000002,-0.012565047721668937,-6.281201009924566,0.29093451072513976,-0.604872585688909,-2.3301978224883833
3.253,-0.018845091334967076,-6.278720932114588,0.2902836390555868,-0.6508716695529878,-2.3301978224883833
3.254,-0.025122159089884195,-6.275249371484185,0.2895868143012536,-0.6968247543332025,-2.3301978224883833
3.255,-0.031395259764655715,-6.270786876233028,0.2888444033159807,-0.7424109852729046,-2.314152784701766
3.2560000000000002,-0.03766340276396854,-6.265334151040842,0.288056451685999,-0.787951629981667,-2.314152784701766
3.257,-0.043925598275369834,-6.258892056956156,0.2872230049519533,-0.8334467340457207,-2.314152784701766
3.258,-0.05018085742560531,-6.251461611260295,0.2863441086089476,-0.8788963430057103,-2.314152784701766
3.259,-0.05642819243673832,-6.243043987306773,0.28541980810659084,-0.9243005023567399,-2.314152784701766
3.2600000000000002,-0.06266661678215274,-6.23364051433599,0.28445065240766904,-0.9691556989218084,-2.288974853371262
3.261,-0.06889514534231926,-6.223252677265344,0.28343668636737873,-1.013966040290312,-2.288974853371262
3.262,-0.07511279456037837,-6.211882116454724,0.28237795479606126,-1.0587315713174468,-2.288974853371262
3.263,-0.08131858259744126,-6.199530627447495,0.2812745024592477,-1.1034523368135545,-2.288974853371262
3.2640000000000002,-0.0875115294876371,-6.186200160686952,0.2801263740777035,-1.148128381544166,-2.288974853371262
3.265,-0.09369065729286101,-6.17189282120833,0.2789342985566481,-1.1920755210554295,-2.2547633946403787
3.266,-0.09985499025720182,-6.156610868306388,0.2776983198432209,-1.2359787134271816,-2.2547633946403787
3.267,-0.10600355496102526,-6.140356715178643,0.27641848184061435,-1.2798380026065619,-2.2547633946403787
3.2680000000000002,-0.11213538047469161,-6.123132928544289,0.2750948284081176,-1.3236534324967628,-2.2547633946403787
3.269,-0.11824949851186298,-6.104942228238917,0.2737274033611605,-1.3674250469570737,-2.2547633946403787
3.27,-0.12434494358242765,-6.085787486784972,0.2723171126707337,-1.4102906904268275,-2.2116534258355456
3.271,-0.13042075314494833,-6.065671728938177,0.2708639992024806,-1.4531134682531117,-2.2116534258355456
3.2720000000000002,-0.1364759677586621,-6.044598131209884,0.269368105779179,-1.4958934233015695,-2.2116534258355456
3.273,-0.1425096312349872,-6.02257002136547,0.26782947518078404,-1.5386305983949788,-2.2116534258355456
3.274,-0.1485207907885162,-5.999590877898837,0.26624815014447073,-1.5813250363132947,-2.2116534258355456
3.275,-0.15450849718747212,-5.975664329483118,0.26462521013154144,-1.622940012929278,-2.1598150826148323
3.2760000000000002,-0.16047180490360613,-5.950794154397662,0.2629606967569728,-1.6645133745686453,-2.1598150826148323
3.277,-0.16640977226149434,-5.924984279931445,0.2612546515941264,-1.7060451628463733,-2.1598150826148323
3.278,-0.17232146158725917,-5.898238781762832,0.2595071161747906,-1.7475354193358237,-2.1598150826148323
3.279,-0.17820593935662563,-5.870561883316024,0.25771813198922183,-1.7889841855687845,-2.1598150826148323
3.2800000000000002,-0.1840622763423389,-5.84195795509413,0.2558889477288882,-1.8291842603336301,-2.0994529475207253
3.281,-0.1898895477609001,-5.812431513989,0.2540196035938645,-1.869344135023711,-2.0994529475207253
3.282,-0.1956868334186004,-5.7819872225679685,0.2521101397440254,-1.909463849839102,-2.0994529475207253
3.283,-0.20145321785683018,-5.7506298883375715,0.2501605962990857,-1.9495434449396774,-2.0994529475207253
3.2840000000000003,-0.2071877904966438,-5.71836446298437,0.24817101333864056,-1.9895829604451523,-2.0994529475207253
3.285,-0.2128896457825377,-5.685196041593098,0.2461428038563041,-2.028209482336442,-2.03080524258674
3.286,-0.21855788332546747,-5.651129861841976,0.24407600647859826,-2.06679737770584,-2.03080524258674
3.287,-0.2241916080450136,-5.6161713031757134,0.2419706597934184,-2.1053466851798692,-2.03080524258674
3.2880000000000003,-0.2297899303107442,-5.580325885955916,0.23982680235007198,-2.143857443346424,-2.03080524258674
3.289,-0.23535196608266623,-5.5435992705895565,0.23764447265931715,-2.1823296907548126,-2.03080524258674
3.29,-0.24087683705085725,-5.505997256634929,0.23542524244046942,-2.2192302188477453,-1.9541428891843835
3.291,-0.24636367077414506,-5.467525781885934,0.23316914859405682,-2.2560938464125853,-1.9541428891843835
3.2920000000000003,-0.2518116008178824,-5.428190921434388,0.23087622798370697,-2.2929206103498605,-1.9541428891843835
3.293,-0.2572197668907518,-5.387998886710807,0.22854651743618376,-2.3297105475231983,-1.9541428891843835
3.294,-0.26258731498064614,-5.346956024503327,0.2261800537414244,-2.366463694759363,-1.9541428891843835
3.295,-0.2679133974894963,-5.305068815955697,0.22377856114158337,-2.4014925998410184,-1.8697684388207416
3.2960000000000003,-0.27319717336713517,-5.262343875543696,0.22134207466556577,-2.4364864760175924,-1.8697684388207416
3.297,-0.2784378082440943,-5.218787950030744,0.21887062930724777,-2.4714453583179896,-1.8697684388207416
3.298,-0.2836344745633782,-5.174407917402373,0.21636426002551168,-2.5063692817360863,-1.8697684388207416
3.299,-0.2887863517111334,-5.129210785780206,0.21382300174428093,-2.541258281230765,-1.8697684388207416
3.3000000000000003,-0.2938926261462359,-5.083203692315266,0.21124872442374926,-2.574277320531662,-1.778014879106384
3.301,-0.29895249152875847,-5.036393902060942,0.208641461082956,-2.607263340793258,-1.778014879106384
3.302,-0.3039651488473014,-4.988788806825753,0.20600124470792142,-2.6402163750345924,-1.778014879106384
3.303,-0.3089298065451656,-4.940395924006093,0.20332810825167974,-2.6731364562416853,-1.778014879106384
3.3040000000000003,-0.3138456806453512,-4.891222895399117,0.20062208463431216,-2.7060236173675714,-1.778014879106384
3.305,-0.3187119948743455,-4.84127748599613,0.19788518215416984,-2.7369024801423216,-1.6792443196058828
3.306,-0.32352798078472245,-4.7905675827562355,0.19511743169011553,-2.767750464054297,-1.6792443196058828
3.307,-0.3282928778764782,-4.739101193361003,0.19231886409013316,-2.7985675999823605,-1.6792443196058828
3.3080000000000003,-0.3330059337171255,-4.686886444949936,0.18948951017135865,-2.829353918774496,-1.6792443196058828
3.309,-0.3376664040605116,-4.633931582837098,0.1866294007201108,-2.860109451247839,-1.6792443196058828
3.31,-0.3422735529643435,-4.580244969209093,0.18374067444705908,-2.888726273051737,-1.5738465627572849
3.311,-0.34682665290640136,-4.525835081804565,0.18082335996902524,-2.917314478033831,-1.5738465627572849
3.3120000000000003,-0.35132498489942576,-4.470710512575445,0.1778774858742143,-2.945874094810943,-1.5738465627572849
3.313,-0.3557678386046435,-4.4148799663302984,0.174903080722243,-2.9744051519712777,-1.5738465627572849
3.314,-0.360154512443954,-4.358352259359557,0.17190017304416855,-3.002907678074452,-1.5738465627572849
3.315,-0.36448431371070605,-4.301136318043441,0.16887102352246217,-3.0291495217063864,-1.4622375655004458
3.3160000000000003,-0.36875655867908697,-4.243241177442351,0.16581565839896747,-3.055365123494689,-1.4622375655004458
3.317,-0.37297057271209083,-4.184675979870131,0.16273410388928627,-3.081554509681203,-1.4622375655004458
3.318,-0.37712569036805144,-4.1254499734503876,0.15962638618280475,-3.1077177064815307,-1.4622375655004458
3.319,-0.3812212555057232,-4.065572510656102,0.15649253144271968,-3.133854740085058,-1.4622375655004458
3.3200000000000003,-0.3852566213878959,-4.005053046832739,0.153334913401421,-3.157618041298684,-1.3448577976855352
3.321,-0.3892311507835127,-3.9439011387052663,0.1501535558222099,-3.1813575792110957,-1.3448577976855352
3.322,-0.39314421606831024,-3.8821264428688407,0.1469484824446243,-3.2050733775855953,-1.3448577976855352
3.323,-0.396995199323916,-3.8197387142640835,0.1437197169844626,-3.2287654601617204,-1.3448577976855352
3.3240000000000003,-0.40078349243543854,-3.7567478046364577,0.14046728313380732,-3.2524338506552692,-1.3448577976855352
3.325,-0.4045084971874737,-3.693163660980913,0.1371936583069279,-3.273624826879419,-1.222170503740255
3.326,-0.4081696253585918,-3.6289963239707874,0.13389886369480056,-3.294794612127345,-1.222170503740255
3.327,-0.41176629881421334,-3.564255926372448,0.13058292046721054,-3.3159432275900227,-1.222170503740255
3.3280000000000003,-0.41529794959790767,-3.4989526914451314,0.1272458497727733,-3.3370706944372377,-1.222170503740255
3.329,-0.418764020021072,-3.433096931326726,0.1238876727389557,-3.3581770338176056,-1.222170503740255
3.33,-0.42216396275100654,-3.3666990454051797,0.1205109606846828,-3.376712054272912,-1.0946598744561968
3.331,-0.42549724089734475,-3.299769518676314,0.11711573214497503,-3.395228539707763,-1.0946598744561968
3.332,-0.42876332809682477,-3.2323189200883062,0.11370200563631785,-3.413726508657179,-1.0946598744561968
3.333,-0.4319617085964179,-3.1643579008725493,0.11026979965668021,-3.432205979637646,-1.0946598744561968
3.334,-0.4350918773347629,-3.0958971928618824,0.10681913268553309,-3.450666971147132,-1.0946598744561968
3.335,-0.4381533400219317,-3.0269476067956833,0.10335265979863491,-3.466472886898175,-0.9628291361094948
3.336,-0.4411456132174763,-2.9575200306128817,0.09987039680190143,-3.482262996733467,-0.9628291361094948
3.337,-0.4440682244067718,-2.8876254277325866,0.09637235948544251,-3.498037316458923,-0.9628291361094948
3.338,-0.4469207120756312,-2.8172748353228365,0.09285856362357786,-3.5137958618646543,-0.9628291361094948
3.339,-0.4497026257831847,-2.746479362557703,0.08932902497485289,-3.5295386487249796,-0.9628291361094948
3.34,-0.4524135262330088,-2.675250188863023,0.08578647189348748,-3.5425530813653974,-0.8271985644571364
3.341,-0.4550529853424982,-2.603598562150997,0.0822309173939143,-3.5555544995731747,-0.8271985644571364
3.342,-0.457620586310459,-2.531535797044176,0.07866237447755156,-3.5685429163627442,-0.8271985644571364
3.343,-0.46011592368293525,-2.459073273088507,0.07508085613281604,-3.581518344735524,-0.8271985644571364
3.344,-0.4625386034172289,-2.386222432956536,0.0714863753351361,-3.5944807976799313,-0.8271985644571364
3.345,-0.46488824294412545,-2.3129947806404334,0.06788172294962493,-3.604652385511185,-0.6883034314466738
3.346,-0.4671644712283057,-2.239401879635382,0.06426690914787032,-3.6148138017546074,-0.6883034314466738
3.347,-0.46936692882693654,-2.165455351113565,0.060641944091288535,-3.6249650565817864,-0.6883034314466738
3.348,-0.47149526794643165,-2.0911668720890533,0.057006837931134396,-3.635106160154138,-0.6883034314466738
3.349,-0.47354915249737256,-2.016548173573821,0.05336160080851148,-3.6452371226229174,-0.6883034314466738
3.35,-0.4755282581475771,-1.9416110387254553,0.04970907508515633,-3.6525257233551534,-0.5466918927429384
3.351,-0.47743227237332164,-1.8663673009862054,0.046049268049669675,-3.659807035486657,-0.5466918927429384
3.352,-0.479260894508687,-1.7908288422145568,0.04238218698336364,-3.667081066306029,-0.5466918927429384
3.353,-0.4810138357930429,-1.7150075908086904,0.03870783916026906,-3.674347823094582,-0.5466918927429384
3.354,-0.4826908194166368,-1.6389155198232794,0.035026231847142715,-3.6816073131263463,-0.5466918927429384
3.355,-0.4842915805643153,-1.562564645078377,0.031340247684841324,-3.6859841623013905,-0.40292282440852534
3.356,-0.48581586645733665,-1.4859670232621927,0.027649891050214065,-3.6903566346272596,-0.40292282440852534
3.357,-0.48726343639328895,-1.4091347500271154,0.023955166315733262,-3.6947247344808027,-0.40292282440852534
3.358,-0.488634061784097,-1.3320799580798441,0.02025607784949877,-3.6990884662344925,-0.40292282440852534
3.359,-0.48992752619212293,-1.2548148152652752,0.01655263001524234,-3.7034478342564285,-0.40292282440852534
3.36,-0.4911436253643438,-1.1773515226450573,0.012847734356474653,-3.704895658767687,-0.25756361727576105
3.361,-0.4922821672646027,-1.099702312571078,0.009141392321020219,-3.7063420354544347,-0.25756361727576105
3.362,-0.493342972103934,-1.0218794467538341,0.0054336053552557235,-3.7077869657644955,-0.25756361727576105
3.363,-0.4943258723689569,-0.9438952143259455,0.0017243749041114774,-3.709230451144246,-0.25756361727576105
3.364,-0.4952307128483255,-0.8657619299017341,-0.00198629758892714,-3.7106724930386172,-0.25756361727576105
3.365,-0.4960573506572392,-0.7874919316325165,-0.005695483168227014,-3.7091855792998745,-0.11118793771479396
3.366,-0.49680565526000403,-0.7090975792584865,-0.009403183320701884,-3.7077001524748705,-0.11118793771479396
3.367,-0.49747550849064986,-0.6305912521565273,-0.013109399531778577,-3.7062162110766916,-0.11118793771479396
3.368,-0.49806680457158603,-0.5519853473858072,-0.016814133285398488,-3.704733753619911,-0.11118793771479396
3.369,-0.498579450130307,-0.473292277729873,-0.020517386064019073,-3.703252778620587,-0.11118793771479396
3.37,-0.4990133642141358,-0.3945244697367517,-0.02421622305913374,-3.698836995114668,0.035626536364917194
3.371,-0.49936847830300873,-0.3156943617563861,-0.027910648686525995,-3.694425627392255,0.035626536364917194
3.372,-0.4996447363202946,-0.23681440197665418,-0.03160066735756356,-3.6900186710375644,0.035626536364917194
3.373,-0.49984209464164997,-0.15789704645761043,-0.03528628347920279,-3.6856161216392285,0.035626536364917194
3.374,-0.49996052210190806,-0.07895475716453042,-0.03896750145399308,-3.681217974790291,0.035626536364917194
3.375,-0.5,-2.1549000939725287e-14,-0.04264139220290168,-3.6738907489085992,0.1823003953450668
3.376,-0.4999605221019081,0.07895475716448733,-0.046307963053154474,-3.666570850252789,0.1823003953450668
3.3770000000000002,-0.49984209464164997,0.15789704645761196,-0.04996722132465011,-3.659258271495635,0.1823003953450668
3.378,-0.4996447363202946,0.2368144019766557,-0.05361917432996735,-3.6519530053172384,0.1823003953450668
3.379,-0.49936847830300873,0.3156943617563877,-0.05726382937437237,-3.64465504440502,0.1823003953450668
3.38,-0.4990133642141358,0.3945244697367532,-0.06089827466804172,-3.6344452936693545,0.32825478456300505
3.3810000000000002,-0.498579450130307,0.47329227772987453,-0.06452252042072615,-3.624245752684425,0.32825478456300505
3.382,-0.4980668045715863,0.5519853473857642,-0.06813657683196662,-3.6140564112404805,0.32825478456300505
3.383,-0.4974755084906502,0.6305912521564846,-0.0717404540911046,-3.6038772591379797,0.32825478456300505
3.384,-0.4968056552600044,0.7090975792584436,-0.07533416237729218,-3.5937082861875815,0.32825478456300505
3.3850000000000002,-0.4960573506572387,0.7874919316325621,-0.07891481868141785,-3.580656304125671,0.47291368878615014
3.386,-0.4952307128483255,0.8657619299017356,-0.08248243605546367,-3.5676173740458226,0.47291368878615014
3.387,-0.4943258723689569,0.9438952143259468,-0.08603702753835972,-3.5545914828960536,0.47291368878615014
3.388,-0.49334297210393396,1.0218794467538357,-0.08957860615599715,-3.5415786176374344,0.47291368878615014
3.3890000000000002,-0.4922821672646027,1.0997023125710796,-0.09310718492124123,-3.528578765244074,0.47291368878615014
3.39,-0.4911436253643444,1.1773515226450149,-0.09661992098361046,-3.5127360623692194,0.6157062054805202
3.391,-0.4899275261921236,1.254814815265233,-0.10011683018580769,-3.49690920219724,0.6157062054805202
3.392,-0.488634061784097,1.3320799580798457,-0.10359792835469313,-3.481098168885432,0.6157062054805202
3.3930000000000002,-0.4872634363932882,1.4091347500271605,-0.10706323130130006,-3.4653029466069363,0.6157062054805202
3.394,-0.4858158664573366,1.485967023262194,-0.11051275482085078,-3.449523519550719,0.6157062054805202
3.395,-0.48429158056431615,1.5625646450783353,-0.11394370744092391,-3.4309526200731324,0.7560687979017854
3.396,-0.48269081941663766,1.638915519823238,-0.11735610773241893,-3.4124002914950236,0.7560687979017854
3.3970000000000002,-0.48101383579304285,1.715007590808692,-0.12074997424766443,-3.393866515245493,0.7560687979017854
3.398,-0.479260894508688,1.7908288422145155,-0.12412532552043663,-3.3753512727722117,0.7560687979017854
3.399,-0.4774322723733216,1.866367300986207,-0.12748218006597803,-3.356854545541404,0.7560687979017854
3.4,-0.47552825814757704,1.9416110387254566,-0.13081780880659155,-3.3356287406135254,0.89344751911686
3.4010000000000002,-0.4735491524973714,2.016548173573865,-0.13413223296808213,-3.3144241614905745,0.89344751911686
3.402,-0.47149526794643276,2.091166872089013,-0.1374254737550289,-3.293240786946747,0.89344751911686
3.403,-0.46936692882693776,2.1654553511135246,-0.14069755235080636,-3.272078595777463,0.89344751911686
3.404,-0.4671644712283069,2.2394018796353414,-0.1439484899176057,-3.2509375667993483,0.89344751911686
3.4050000000000002,-0.4648882429441254,2.3129947806404347,-0.14717563054287466,-3.227140625268971,1.0273001981788956
3.406,-0.46253860341722886,2.3862224329565374,-0.15037899802355478,-3.2033674806801242,1.0273001981788956
3.407,-0.4601159236829352,2.4590732730885083,-0.15355861613279065,-3.179618109235866,1.0273001981788956
3.408,-0.45762058631045893,2.531535797044177,-0.1567145086199537,-3.1558924871630523,1.0273001981788956
3.4090000000000003,-0.45505298534249816,2.6035985621509985,-0.15984669921066602,-3.132190590712311,1.0273001981788956
3.41,-0.4524135262330103,2.675250188862984,-0.16295261563919106,-3.105916428525041,1.1570985798278999
3.411,-0.4497026257831862,2.7464793625576642,-0.16603228417969101,-3.079668540499958,1.1570985798278999
3.412,-0.4469207120756328,2.817274835322798,-0.16908573108005392,-3.0534469003629,1.1570985798278999
3.4130000000000003,-0.44406822440677174,2.887625427732588,-0.1721129825619199,-3.027251481865979,1.1570985798278999
3.414,-0.44114561321747625,2.957520030612883,-0.17511406482070746,-3.0010822587875547,1.1570985798278999
3.415,-0.4381533400219316,3.0269476067956846,-0.17808649938905077,-2.9724345683433167,1.2823304092725232
3.416,-0.43509187733476284,3.0958971928618833,-0.1810303149146403,-2.943815525589523,1.2823304092725232
3.4170000000000003,-0.43196170859641786,3.16435790087255,-0.18394554001651878,-2.915225101878483,1.2823304092725232
3.418,-0.42876332809682655,3.2323189200882694,-0.18683220328510994,-2.886663268591154,1.2823304092725232
3.419,-0.42549724089734653,3.299769518676277,-0.18969033328224705,-2.8581299971371124,1.2823304092725232
3.42,-0.42216396275100837,3.3666990454051438,-0.19251755512031052,-2.827221838063472,1.402501453825154
3.4210000000000003,-0.41876402002107,3.433096931326765,-0.19531389970745944,-2.7963445871489054,1.402501453825154
3.422,-0.4152979495979056,3.49895269144517,-0.1980793979209447,-2.7654982134852535,1.402501453825154
3.423,-0.4117662988142132,3.564255926372449,-0.20081408060713996,-2.7346826861952653,1.402501453825154
3.424,-0.40816962535859175,3.6289963239707888,-0.20351797858157253,-2.703897974432567,1.402501453825154
3.4250000000000003,-0.40450849718747367,3.693163660980914,-0.20618882990896242,-2.6708513273898897,1.517137453412242
3.426,-0.4007834924354385,3.756747804636458,-0.20882666763595667,-2.6378377269942552,1.517137453412242
3.427,-0.39699519932391814,3.8197387142640493,-0.21143152477615568,-2.604857140199016,1.517137453412242
3.428,-0.3931442160683101,3.8821264428688416,-0.21400343431014626,-2.571909533990572,1.517137453412242
3.4290000000000003,-0.38923115078351045,3.9439011387053027,-0.2165424291855346,-2.5389948753883367,1.517137453412242
3.43,-0.38525662138789357,4.005053046832774,-0.2190463693462023,-2.503940160667716,1.6257859922616154
3.431,-0.38122125550572544,4.065572510656069,-0.2215152898468641,-2.4689205006618162,1.6257859922616154
3.432,-0.37712569036805366,4.125449973450355,-0.22394922570718004,-2.433935860315922,1.6257859922616154
3.4330000000000003,-0.3729705727120908,4.184675979870133,-0.22634821191179041,-2.398986204610374,1.6257859922616154
3.434,-0.3687565586790869,4.243241177442353,-0.22871228341035094,-2.364071498560531,1.6257859922616154
3.435,-0.364484313710706,4.301136318043441,-0.2310394304717253,-2.327147061374361,1.7280182843804814
3.436,-0.3601545124439539,4.358352259359558,-0.23332969002035067,-2.290259548625377,1.7280182843804814
3.4370000000000003,-0.35576783860464095,4.414879966330331,-0.23558309894373983,-2.253408923389142,1.7280182843804814
3.438,-0.35132498489942565,4.470710512575446,-0.23779969409251797,-2.216595148778143,1.7280182843804814
3.439,-0.3468266529064038,4.525835081804535,-0.23997951228045972,-2.179818187941755,1.7280182843804814
3.44,-0.342273552964346,4.580244969209064,-0.242120682032898,-2.141169752438264,1.8234308657774732
3.4410000000000003,-0.33766640406051157,4.6339315828371,-0.24422324199826828,-2.102559965370276,1.8234308657774732
3.442,-0.33300593371712545,4.686886444949936,-0.24628723078635764,-2.063988788089356,1.8234308657774732
3.443,-0.32829287787647815,4.739101193361004,-0.24831268696834335,-2.0254561819857173,1.8234308657774732
3.444,-0.3235279807847224,4.790567582756236,-0.25029964907683155,-1.986962108488182,1.8234308657774732
3.4450000000000003,-0.3187119948743454,4.841277485996131,-0.25224639127947623,-1.9467422026446886,1.9116471867502662
3.446,-0.31384568064535107,4.8912228953991175,-0.25415295379618325,-1.9065625167070386,1.9116471867502662
3.447,-0.30892980654516833,4.940395924006066,-0.25601937680663855,-1.8664230104553263,1.9116471867502662
3.448,-0.30396514884730413,4.988788806825727,-0.25784570045034844,-1.8263236437098658,1.9116471867502662
3.4490000000000003,-0.29895249152875836,5.036393902060944,-0.2596319648266796,-1.7862643763311505,1.9116471867502662
3.45,-0.2938926261462358,5.083203692315267,-0.26137659655667533,-1.7446317299957232,1.9923190979548124
3.451,-0.28878635171113337,5.129210785780207,-0.26307963727298195,-1.7030407163066312,1.9923190979548124
3.452,-0.28363447456337815,5.174407917402374,-0.2647411285666132,-1.6614912936312283,1.9923190979548124
3.4530000000000003,-0.2784378082440942,5.218787950030745,-0.2663611119869917,-1.6199834203785008,1.9923190979548124
3.454,-0.27319717336713506,5.262343875543697,-0.2679396290419907,-1.5785170549990262,1.9923190979548124
3.455,-0.26791339748949916,5.305068815955674,-0.2694752650154469,-1.5356359734561993,2.065128224391393
3.456,-0.2625873149806491,5.346956024503305,-0.2709680627884418,-1.4927977729949151,2.065128224391393
3.457,-0.25721976689075476,5.387998886710785,-0.27241806519917594,-1.4500024107340923,2.065128224391393
3.458,-0.25181160081787923,5.428190921434411,-0.2738253150430115,-1.4072498438355303,2.065128224391393
3.459,-0.24636367077414495,5.467525781885935,-0.27518985507251537,-1.364540029503867,2.065128224391393
3.46,-0.24087683705085713,5.50599725663493,-0.27651043481755205,-1.320579745036664,2.129787221884955
3.461,-0.23535196608266926,5.543599270589535,-0.27778709823840597,-1.2766634208539283,2.129787221884955
3.462,-0.2297899303107441,5.580325885955917,-0.27901988925140137,-1.2327910129953752,2.129787221884955
3.463,-0.22419160804501667,5.616171303175694,-0.28020885172894605,-1.1889624775446808,2.129787221884955
3.464,-0.21855788332546733,5.6511298618419765,-0.2813540294995755,-1.145177770629437,2.129787221884955
3.465,-0.21288964578253758,5.685196041593099,-0.28245434127421226,-1.100311774636791,2.1860409111008368
3.466,-0.20718779049664043,5.71836446298439,-0.2835098319188524,-1.0554906446401375,2.1860409111008368
3.467,-0.20145321785683007,5.7506298883375715,-0.28452054625462586,-1.0107143357734807,2.1860409111008368
3.468,-0.19568683341860357,5.781987222567952,-0.28548652905784155,-0.9659828032156905,2.1860409111008368
3.469,-0.18988954776090328,5.812431513988984,-0.28640782506003204,-0.9212960021904582,2.1860409111008368
3.47,-0.1840622763423388,5.84195795509413,-0.2872835264205279,-0.8757013604958525,2.2336672846207626
3.471,-0.17820593935662551,5.870561883316025,-0.28811367873397087,-0.8301523134429414,2.2336672846207626
3.472,-0.17232146158725906,5.898238781762832,-0.288898327549408,-0.7846488154370832,2.2336672846207626
3.473,-0.16640977226149423,5.924984279931446,-0.2896375183703372,-0.7391908209292308,2.2336672846207626
3.474,-0.16047180490360602,5.950794154397663,-0.2903312966547531,-0.6937782844158864,2.2336672846207626
3.475,-0.15450849718747536,5.975664329483105,-0.29097893159322247,-0.6476349384693855,2.2724783831042528
3.476,-0.14852079078851949,5.999590877898824,-0.2915804693290913,-0.601537735868831,2.2724783831042528
3.477,-0.14250963123499047,6.022570021365459,-0.2921359559595622,-0.5554866304708771,2.2724783831042528
3.478,-0.136475967758662,6.044598131209885,-0.2926454375357405,-0.5094815761783211,2.2724783831042528
3.479,-0.13042075314494822,6.065671728938177,-0.29310896006268056,-0.46352252694005774,2.2724783831042528
3.48,-0.12434494358242754,6.085787486784972,-0.2935259726463521,-0.41701258367155736,2.302321037078015
3.481,-0.11824949851186287,6.104942228238917,-0.29389652179669845,-0.3705491503463255,2.302321037078015
3.482,-0.11213538047469149,6.123132928544289,-0.29422065397715286,-0.3241321804544189,2.302321037078015
3.483,-0.1060035549610286,6.140356715178634,-0.29449841560468526,-0.2777616275324042,2.302321037078015
3.484,-0.09985499025720518,6.156610868306379,-0.29472985304984856,-0.2314374451633115,2.302321037078015
3.485,-0.09369065729286437,6.171892821208322,-0.2949145975081382,-0.18474445828963904,2.3230774714254583
3.486,-0.08751152948763698,6.186200160686953,-0.29505269567254105,-0.13809816440284023,2.3230774714254583
3.487,-0.08131858259744114,6.199530627447495,-0.295144194189351,-0.09149851680992822,2.3230774714254583
3.488,-0.07511279456037825,6.211882116454724,-0.29518913965821564,-0.04494546886460913,2.3230774714254583
3.489,-0.06889514534231914,6.223252677265344,-0.29518757863218287,0.0015610260327646383,2.3230774714254583
3.49,-0.06266661678215261,6.23364051433599,-0.2951393258517723,0.04825278041055242,2.3346657701910276
3.491,-0.05642819243674173,6.243043987306769,-0.29504442800873837,0.09489784303396243,2.3346657701910276
3.492,-0.05018085742560872,6.251461611260291,-0.29490293174814364,0.141496260594749,2.3346657701910276
3.493,-0.043925598275373255,6.258892056956152,-0.29471488366840565,0.18804807973797483,2.3346657701910276
3.494,-0.037663402763964876,6.265334151040846,-0.2944803303213436,0.2345533470620574,2.3346657701910276
3.495,-0.03139525976465559,6.270786876233028,-0.2941992707236313,0.28105959771228867,2.337040199864667
3.496,-0.025122159089884074,6.275249371484185,-0.2938717513815194,0.3275193421118697,2.337040199864667
3.497,-0.018845091334970504,6.278720932114586,-0.29349781875475234,0.3739326267670512,2.337040199864667
3.498,-0.012565047721668814,6.281201009924566,-0.29307751925661474,0.4202994981375775,2.337040199864667
3.499,-0.00628301994167677,6.2826892132810865,-0.292610899253978,0.46662000263673326,2.337040199864667
3.5,-8.572527594031472e-16,6.283185307179586,-0.29209814204354645,0.5127572104315127,2.33019138987081
3.501,0.006283019941675056,6.2826892132810865,-0.29153929376252796,0.5588482810184974,2.33019138987081
3.5020000000000002,0.012565047721670651,6.281201009924566,-0.29093440050199304,0.6048932605348951,2.33019138987081
3.503,0.01884509133496879,6.278720932114586,-0.2902835083069213,0.6508921950717764,2.33019138987081
3.504,0.02512215908988236,6.275249371484186,-0.28958666317624715,0.6968451306741208,2.33019138987081
3.505,0.031395259764653884,6.270786876233029,-0.2888442319633127,0.7424312129344361,2.3141463695494746
3.5060000000000002,0.03766340276396671,6.265334151040844,-0.2880562602542002,0.7879717091124911,2.3141463695494746
3.507,0.04392559827537155,6.258892056956154,-0.28722279358940583,0.8334666647943682,2.3141463695494746
3.508,0.05018085742560701,6.251461611260293,-0.2863438774638853,0.8789161255205633,2.3141463695494746
3.509,0.05642819243674003,6.243043987306772,-0.2854195573270993,0.9243201367860322,2.3141463695494746
3.5100000000000002,0.06266661678215445,6.2336405143359865,-0.28445038214122037,0.969175185878916,2.2889684614834938
3.511,0.06889514534231744,6.223252677265347,-0.28343639676129767,1.013985379922707,2.2889684614834938
3.512,0.07511279456037655,6.211882116454728,-0.28237764599752524,1.0587507637724543,2.2889684614834938
3.513,0.08131858259743945,6.199530627447499,-0.28127417461528686,1.1034713822383517,2.2889684614834938
3.5140000000000002,0.08751152948763878,6.186200160686949,-0.2801260273352011,1.1481472800857833,2.2889684614834938
3.515,0.09369065729286269,6.171892821208326,-0.2789339330617635,1.1920942734375553,2.25475703159289
3.516,0.0998549902572035,6.156610868306384,-0.27769793574196755,1.2359973197959755,2.25475703159289
3.517,0.10600355496102692,6.140356715178639,-0.27641807927885953,1.2798564631080374,2.25475703159289
3.5180000000000002,0.11213538047468982,6.123132928544293,-0.27509440753158276,1.3236717472767872,2.25475703159289
3.519,0.11824949851186119,6.104942228238923,-0.2737269643154214,1.367443216161368,2.25475703159289
3.52,0.12434494358242587,6.0857874867849775,-0.27231665560053653,1.4103087148848623,2.211647096982777
3.521,0.13042075314494658,6.065671728938183,-0.2708635242524269,1.453131348109633,2.211647096982777
3.5220000000000002,0.13647596775866377,6.044598131209879,-0.2693676130937257,1.495911158701179,2.211647096982777
3.523,0.14250963123498883,6.022570021365464,-0.26782896490424357,1.5386481894821333,2.211647096982777
3.524,0.14852079078851785,5.9995908778988305,-0.26624762242101124,1.5813424832323066,2.211647096982777
3.525,0.15450849718747373,5.975664329483111,-0.2646246651044003,1.6229573166109186,2.159808793092211
3.5260000000000002,0.1604718049036044,5.95079415439767,-0.26296013456924416,1.664530535156152,2.159808793092211
3.527,0.16640977226149262,5.924984279931453,-0.2612540723887613,1.70606218048284,2.159808793092211
3.528,0.17232146158725745,5.8982387817628394,-0.2595065200945971,1.7475522941642014,2.159808793092211
3.529,0.1782059393566239,5.870561883316033,-0.25771751917686525,1.7890009177318815,2.159808793092211
3.5300000000000002,0.1840622763423405,5.841957955094122,-0.25588831832600617,1.8292008508590913,2.099446702247084
3.531,0.1898895477609017,5.812431513988992,-0.254018957741953,1.869360584053174,2.099446702247084
3.532,0.195686833418602,5.7819872225679605,-0.2521094775844389,1.9094801575140625,2.099446702247084
3.533,0.2014532178568285,5.75062988833758,-0.25015991797303744,1.9495596114014901,2.099446702247084
3.5340000000000003,0.20718779049664213,5.71836446298438,-0.2481703189872024,1.9895989858350303,2.099446702247084
3.535,0.21288964578253602,5.685196041593108,-0.24614209361942788,2.0282253677745334,2.0307990462669
3.536,0.2185578833254658,5.651129861841985,-0.24407528049609578,2.0668131233320968,2.0307990462669
3.537,0.22419160804501514,5.616171303175704,-0.24196991820496166,2.1053622911341026,2.0307990462669
3.5380000000000003,0.22978993031074574,5.580325885955905,-0.23982604529519336,2.1438729097683065,2.0307990462669
3.539,0.23535196608266773,5.543599270589546,-0.23764370027740947,2.1823450177838764,2.0307990462669
3.54,0.24087683705085564,5.505997256634941,-0.23542445486971714,2.2192454076923296,1.9541367463118493
3.541,0.24636367077414345,5.467525781885946,-0.23316834597250627,2.2561088972108743,1.9541367463118493
3.5420000000000003,0.25181160081788084,5.4281909214344,-0.23087541044926638,2.2929355232399002,1.9541367463118493
3.543,0.2572197668907533,5.387998886710796,-0.2285456851266235,2.329725322642897,1.9541367463118493
3.544,0.2625873149806476,5.346956024503315,-0.226179206794377,2.366478332246491,1.9541367463118493
3.545,0.2679133974894977,5.3050688159556865,-0.22377769969338915,2.4015071009878546,1.8697623536805081
3.5460000000000003,0.2731971733671366,5.262343875543684,-0.22134119885242867,2.436500840960477,1.8697623536805081
3.547,0.27843780824409275,5.218787950030757,-0.21886973926523554,2.4714595871931264,1.8697623536805081
3.548,0.2836344745633767,5.1744079174023865,-0.216363355890556,2.5063833746795434,1.8697623536805081
3.549,0.28878635171113193,5.129210785780219,-0.21382208365217753,2.541272238378474,1.8697623536805081
3.5500000000000003,0.2938926261462373,5.083203692315252,-0.21124779250892187,2.574291143255653,1.778008855777863
3.551,0.29895249152875986,5.036393902060929,-0.20864051547969392,2.6072770292279546,1.778008855777863
3.552,0.3039651488473028,4.98878880682574,-0.20600028555037964,2.640229929314284,1.778008855777863
3.553,0.30892980654516694,4.940395924006079,-0.2033271356738791,2.673149876500527,1.778008855777863
3.5540000000000003,0.31384568064534973,4.891222895399131,-0.20062109877013953,2.7060369037395837,1.778008855777863
3.555,0.31871199487434404,4.8412774859961445,-0.19788418313606437,2.736915634075163,1.6792383619659352
3.556,0.32352798078472106,4.7905675827562515,-0.19511641965038395,2.7677634856804065,1.6792383619659352
3.557,0.3282928778764768,4.7391011933610185,-0.1923178391609499,2.7985804894340447,1.6792383619659352
3.5580000000000003,0.3330059337171268,4.686886444949921,-0.18948847248476597,2.8293666761839296,1.6792383619659352
3.559,0.3376664040605129,4.633931582837085,-0.1866283504080189,2.8601220767470643,1.6792383619659352
3.56,0.3422735529643447,4.580244969209078,-0.1837396116398589,2.888738768159984,1.5738406744833313
3.561,0.3468266529064026,4.5258350818045505,-0.18082228479697743,2.917326842881491,1.5738406744833313
3.5620000000000003,0.35132498489942443,4.470710512575461,-0.17787639846744915,2.945886329528276,1.5738406744833313
3.563,0.35576783860464223,4.414879966330314,-0.17490198121076073,2.9744172566884144,1.5738406744833313
3.564,0.36015451244395275,4.358352259359573,-0.17189906155783932,3.0029196529213924,1.5738406744833313
3.565,0.3644843137107048,4.301136318043457,-0.16886990018956938,3.029161368269945,1.4622317500737074
3.5660000000000003,0.36875655867908813,4.243241177442335,-0.16581452334766622,3.0553768419031493,1.4622317500737074
3.567,0.372970572712092,4.184675979870115,-0.1627329572476035,3.0815661000627204,1.4622317500737074
3.568,0.37712569036805255,4.125449973450372,-0.15962522807863938,3.107729168964132,1.4622317500737074
3.569,0.38122125550572433,4.065572510656086,-0.15649136200384273,3.133866074796642,1.4622317500737074
3.5700000000000003,0.38525662138789474,4.0050530468327565,-0.15333373275395298,3.1576292498897316,1.3448520583943093
3.571,0.3892311507835116,3.9439011387052845,-0.15015236409214525,3.181368661807728,1.3448520583943093
3.572,0.39314421606830907,3.882126442868859,-0.14694727975783145,3.2050843343138067,1.3448520583943093
3.573,0.3969951993239171,3.819738714264066,-0.14371850346668408,3.228776291147379,1.3448520583943093
3.5740000000000003,0.4007834924354396,3.75674780463644,-0.14046605891065997,3.252444556024118,1.3448520583943093
3.575,0.4045084971874748,3.693163660980895,-0.1371924235023182,3.27363540834176,1.2221648436833026
3.576,0.40816962535859075,3.6289963239708065,-0.1338976184325111,3.2948050698070843,1.2221648436833026
3.577,0.4117662988142123,3.5642559263724665,-0.13058166487090017,3.3159535616109435,1.2221648436833026
3.5780000000000003,0.41529794959790667,3.4989526914451505,-0.12724458396597718,3.3370809049229986,1.2221648436833026
3.579,0.418764020021071,3.4330969313267454,-0.12388639684508544,3.3581871208917415,1.2221648436833026
3.58,0.4221639627510074,3.3666990454051615,-0.12050967482538366,3.376722019701774,1.0946542965462116
3.581,0.42549724089734564,3.2997695186762948,-0.11711443644177066,3.3952383836129965,1.0946542965462116
3.5820000000000003,0.4287633280968275,3.23231892008825,-0.11370070021061035,3.413736231160308,1.0946542965462116
3.583,0.43196170859641697,3.164357900872569,-0.11026848462975028,3.432215580860072,1.0946542965462116
3.584,0.43509187733476196,3.095897192861902,-0.10681780817854014,3.450676451210136,1.0946542965462116
3.585,0.4381533400219308,3.0269476067957033,-0.10335132593091968,3.466482247620458,0.962823643076612
3.586,0.4411456132174755,2.957520030612902,-0.09986905369268531,3.4822722382343696,0.962823643076612
3.587,0.44406822440677257,2.8876254277325675,-0.09637100725382765,3.4980464388576675,0.962823643076612
3.588,0.446920712075632,2.817274835322817,-0.0928572023885473,3.513804865280342,0.962823643076612
3.589,0.4497026257831855,2.7464793625576838,-0.08932765485527071,3.529547533276594,0.962823643076612
3.59,0.45241352623300957,2.6752501888630036,-0.08578509300635034,3.542561848920367,0.8271931588524835
3.591,0.45505298534249744,2.603598562151018,-0.08222952985610185,3.555563150248496,0.8271931588524835
3.592,0.45762058631045827,2.5315357970441967,-0.07866097840582656,3.5685514502752973,0.8271931588524835
3.593,0.4601159236829345,2.4590732730885283,-0.07507945164382449,3.581526762002072,0.8271931588524835
3.594,0.46253860341722824,2.386222432956558,-0.07148496254540737,3.5944890984171196,0.8271931588524835
3.595,0.4648882429441261,2.3129947806404134,-0.06788030197377574,3.604660571631624,0.6882981156460551
3.596,0.4671644712283063,2.2394018796353614,-0.06426548010040282,3.614821873372913,0.6882981156460551
3.597,0.46936692882693715,2.165455351113545,-0.06064050708659036,3.624973013812461,0.6882981156460551
3.598,0.4714952679464322,2.091166872089033,-0.057005393083478795,3.63511400311157,0.6882981156460551
3.599,0.473549152497372,2.0165481735738426,-0.05336014823205742,3.6452448514213796,0.6882981156460551
3.6,0.4755282581475765,1.9416110387254772,-0.04970761489210845,3.652533339948968,0.546686668950497
3.601,0.4774322723733211,1.8663673009862276,-0.046047800352120416,3.6598145399880293,0.546686668950497
3.602,0.4792608945086875,1.7908288422145362,-0.042380711893293364,3.667088458827051,0.546686668950497
3.603,0.48101383579304335,1.7150075908086695,-0.03870635678954613,3.674355103747234,0.546686668950497
3.604,0.4826908194166372,1.6389155198232586,-0.03502474230752363,3.6816144820224967,0.546686668950497
3.605,0.48429158056431576,1.5625646450783561,-0.031338751086089946,3.685991221433683,0.4029176946604366
3.606,0.4858158664573362,1.485967023262215,-0.02764838750198449,3.690363584105458,0.4029176946604366
3.607,0.48726343639328856,1.409134750027138,-0.023953655927569928,3.6947315744145612,0.4029176946604366
3.608,0.48863406178409663,1.3320799580798668,-0.020254560730836573,3.6990951967333556,0.4029176946604366
3.609,0.48992752619212326,1.254814815265254,-0.016551106275406742,3.703454455429831,0.4029176946604366
3.61,0.4911436253643441,1.1773515226450362,-0.01284620410276346,3.7049021726432825,0.25755858344406324
3.611,0.49228216726460305,1.0997023125710568,-0.00913985566062394,3.7063484421395203,0.25755858344406324
3.612,0.4933429721039337,1.0218794467538568,-0.005432062395257678,3.707793265366262,0.25755858344406324
3.613,0.49432587236895664,0.9438952143259682,-0.0017228257514879009,3.709236643769777,0.25755858344406324
3.614,0.4952307128483252,0.865761929901757,0.0019878528273069873,3.710678578794888,0.25755858344406324
3.615,0.49605735065723894,0.7874919316325394,0.005697044387553304,3.7091915602463166,0.11118300151115923
3.616,0.4968056552600042,0.7090975792584651,0.009404750416269597,3.7077060287162933,0.11118300151115923
3.617,0.49747550849065003,0.6305912521565059,0.013110972398987397,3.7062219827178002,0.11118300151115923
3.618,0.49806680457158614,0.5519853473857856,0.016815711819752704,3.7047394207653057,0.11118300151115923
3.619,0.49857945013030686,0.473292277729896,0.020518970161127466,3.7032583413747635,0.11118300151115923
3.62,0.49901336421413567,0.39452446973677474,0.024217812616693146,3.698842455565681,-0.03563137338538014
3.621,0.4993684783030086,0.3156943617564092,0.027912243602335553,3.694430985642408,-0.03563137338538014
3.622,0.49964473632029455,0.23681440197667725,0.03160226752952461,3.6900239271890576,-0.03563137338538014
3.623,0.49984209464165,0.1578970464575889,0.035287888805318766,3.685621275794161,-0.03563137338538014
3.624,0.49996052210190806,0.07895475716450887,0.038969111832369424,3.681223027050659,-0.03563137338538014
3.625,0.5,-3.889170041240636e-18,0.04264300753375743,3.67389570138801,-0.18230513177993646
3.626,0.49996052210190806,-0.07895475716450888,0.046309583236808456,3.666575703051023,-0.18230513177993646
3.6270000000000002,0.49984209464165,-0.1578970464575889,0.04996884626152083,3.659263024712373,-0.18230513177993646
3.628,0.49964473632029466,-0.23681440197663264,0.05362080392057289,3.651957659052062,-0.18230513177993646
3.629,0.49936847830300884,-0.3156943617563646,0.057265463519330304,3.6446595987574115,-0.18230513177993646
3.63,0.4990133642141359,-0.39452446973673017,0.060899913270105785,3.6344497507754814,-0.3282594191586313
3.6310000000000002,0.49857945013030686,-0.473292277729896,0.06452416338274732,3.6242501126415334,-0.3282594191586313
3.632,0.49806680457158614,-0.5519853473857856,0.06813822405689303,3.614060674145719,-0.3282594191586313
3.633,0.49747550849065003,-0.6305912521565059,0.07174210548198143,3.603881425088401,-0.3282594191586313
3.634,0.4968056552600042,-0.7090975792584651,0.07533581783726156,3.59371235528014,-0.3282594191586313
3.6350000000000002,0.49605735065723894,-0.7874919316325394,0.07891647811577775,3.580660278516183,-0.4729182204338491
3.636,0.4952307128483257,-0.8657619299017127,0.08248409936960674,3.5676212538289898,-0.4729182204338491
3.637,0.4943258723689572,-0.9438952143259242,0.08603869463777322,3.5545952681664836,-0.4729182204338491
3.638,0.4933429721039343,-1.0218794467538128,0.08958027694626286,3.54158230848964,-0.4729182204338491
3.6390000000000002,0.4922821672646024,-1.0997023125711007,0.09310885930803534,3.5285823617724734,-0.4729182204338491
3.64,0.4911436253643441,-1.1773515226450362,0.09662159887478178,3.5127395667464483,-0.6157106332126354
3.641,0.48992752619212326,-1.254814815265254,0.10011851148929722,3.496912614515449,-0.6157106332126354
3.642,0.4886340617840974,-1.3320799580798233,0.1035996129785339,3.481101489236681,-0.6157106332126354
3.6430000000000002,0.48726343639328856,-1.409134750027138,0.10706491915361709,3.465306175083192,-0.6157106332126354
3.644,0.48581586645733704,-1.4859670232621718,0.11051444580986095,3.4495266562438562,-0.6157106332126354
3.645,0.48429158056431576,-1.5625646450783561,0.1139454014770308,3.430955667169857,-0.756073120887754
3.646,0.4826908194166372,-1.6389155198232586,0.11735780472611573,3.412403249084932,-0.756073120887754
3.6470000000000002,0.4810138357930424,-1.7150075908087128,0.12075167410953383,3.393869383418092,-0.756073120887754
3.648,0.4792608945086875,-1.7908288422145362,0.12412702816115075,3.375354051616919,-0.756073120887754
3.649,0.47743227237332214,-1.8663673009861848,0.1274838853962983,3.356857235147547,-0.756073120887754
3.65,0.4755282581475776,-1.9416110387254346,0.1308195167394775,3.335631343179213,-0.893451736659336
3.6510000000000002,0.473549152497372,-2.0165481735738426,0.13413394341658036,3.3144266771028468,-0.893451736659336
3.652,0.4714952679464322,-2.091166872089033,0.1374271866322729,3.293243215692557,-0.893451736659336
3.653,0.46936692882693715,-2.165455351113545,0.14069926757001658,3.2720809377436777,-0.893451736659336
3.654,0.4671644712283063,-2.2394018796353614,0.14395020739208933,3.2509398220727475,-0.893451736659336
3.6550000000000002,0.4648882429441261,-2.3129947806404134,0.14717735018814582,3.2271427960564774,-1.0273043097098746
3.656,0.4625386034172296,-2.386222432956516,0.15038071975521203,3.2033695670662232,-1.0273043097098746
3.657,0.4601159236829359,-2.459073273088487,0.153560339866517,3.1796201113049594,-1.0273043097098746
3.658,0.4576205863104597,-2.531535797044156,0.15671623427151643,3.155894404999457,-1.0273043097098746
3.6590000000000003,0.45505298534249744,-2.603598562151018,0.1598484266959167,3.13219242440026,-1.0273043097098746
3.66,0.45241352623300957,-2.6752501888630036,0.16295434487619445,3.105918180277764,-1.1571025849047936
3.661,0.4497026257831855,-2.7464793625576838,0.16603401508659385,3.07967021039939,-1.1571025849047936
3.662,0.446920712075632,-2.817274835322817,0.16908746357508475,3.053448488490895,-1.1571025849047936
3.6630000000000003,0.44406822440677257,-2.8876254277325675,0.17211471656338906,3.027252988304308,-1.1571025849047936
3.664,0.44114561321747714,-2.9575200306128626,0.17511580024700696,3.001083683617908,-1.1571025849047936
3.665,0.43815334002193246,-3.026947606795664,0.17808823616078975,2.972435913782806,-1.2823343075742206
3.666,0.43509187733476373,-3.0958971928618633,0.1810320529525073,2.9438167917175386,-1.2823343075742206
3.6670000000000003,0.43196170859641697,-3.164357900872569,0.18394727924128162,2.9152262887743365,-1.2823343075742206
3.668,0.42876332809682566,-3.232318920088288,0.1868339436176157,2.886664376334078,-1.2823343075742206
3.669,0.42549724089734564,-3.2997695186762948,0.18969207464342197,2.858131025806259,-1.2823343075742206
3.67,0.4221639627510074,-3.3666990454051615,0.19251929743329946,2.8272227898774878,-1.4025052451482551
3.6710000000000003,0.418764020021071,-3.4330969313267454,0.19531564289548412,2.7963454621846453,-1.4025052451482551
3.672,0.41529794959790667,-3.4989526914451505,0.1980811419073036,2.7654990118194958,-1.4025052451482551
3.673,0.4117662988142143,-3.56425592637243,0.2008158253152083,2.7346834079047113,-1.4025052451482551
3.674,0.4081696253585928,-3.62899632397077,0.20351972393480214,2.7038986195938417,-1.4025052451482551
3.6750000000000003,0.40450849718747267,-3.6931636609809315,0.20619057583302305,2.670851898220906,-1.517141137667091
3.676,0.4007834924354375,-3.7567478046364755,0.2088284140565924,2.6378382235693434,-1.517141137667091
3.677,0.3969951993239171,-3.819738714264066,0.21143327161918482,2.604857562592432,-1.517141137667091
3.678,0.3931442160683113,-3.8821264428688234,0.2140051815014613,2.571909882276498,-1.517141137667091
3.6790000000000003,0.38923115078351156,-3.9439011387052845,0.21654417665110218,2.5389951496408796,-1.517141137667091
3.68,0.38525662138789474,-4.0050530468327565,0.21904811701420404,2.5039403631018686,-1.6257895694685054
3.681,0.38122125550572433,-4.065572510656086,0.22151703764555344,2.4689206313493965,-1.6257895694685054
3.682,0.37712569036805255,-4.125449973450372,0.2239509735648821,2.433935919328677,-1.6257895694685054
3.6830000000000003,0.3729705727120896,-4.184675979870149,0.22634995975690209,2.3989861920199784,-1.6257895694685054
3.684,0.36875655867908574,-4.243241177442368,0.22871403117134068,2.3640714144385884,-1.6257895694685054
3.685,0.3644843137107072,-4.301136318043425,0.23104117807927152,2.3271469079308322,-1.728021754665871
3.686,0.3601545124439552,-4.358352259359541,0.2333314374052011,2.290259325929584,-1.728021754665871
3.6870000000000003,0.35576783860464223,-4.414879966330314,0.23558484603671143,2.253408631510337,-1.728021754665871
3.688,0.35132498489942443,-4.470710512575461,0.23780144082449695,2.2165947877855094,-1.728021754665871
3.689,0.3468266529064026,-4.5258350818045505,0.23998125858240135,2.1798177579044067,-1.728021754665871
3.69,0.3422735529643447,-4.580244969209078,0.24212242783796045,2.1411692555590993,-1.8234342293701586
3.6910000000000003,0.3376664040605103,-4.633931582837114,0.2442249872396766,2.102559401716137,-1.8234342293701586
3.692,0.3330059337171268,-4.686886444949921,0.2462889753974036,2.063988157727018,-1.8234342293701586
3.693,0.32829287787647954,-4.739101193360989,0.2483144308823855,2.0254554849818875,-1.8234342293701586
3.694,0.3235279807847238,-4.790567582756222,0.250301392227295,1.9869613449095025,-1.8234342293701586
3.6950000000000003,0.31871199487434404,-4.8412774859961445,0.25224813360198006,1.946741374685041,-1.9116504439775959
3.696,0.31384568064534973,-4.891222895399131,0.2541546952264109,1.9065616244308041,-1.9116504439775959
3.697,0.30892980654516694,-4.940395924006079,0.2560211172803377,1.8664220539268215,-1.9116504439775959
3.698,0.3039651488473028,-4.98878880682574,0.25784743990333103,1.8263226229933427,-1.9116504439775959
3.6990000000000003,0.29895249152875986,-5.036393902060929,0.2596337031948218,1.7862632914907974,-1.9116504439775959
3.7,0.2938926261462373,-5.083203692315252,0.2613783337780363,1.744630583214527,-1.9923222492389843
3.701,0.28878635171113487,-5.129210785780193,0.2630813732856829,1.7030395076465328,-1.9923222492389843
3.702,0.28363447456337965,-5.174407917402361,0.264742863308837,1.6614900231541065,-1.9923222492389843
3.7030000000000003,0.27843780824409275,-5.218787950030757,0.2663628453969832,1.6199820881461728,-1.9923222492389843
3.704,0.2731971733671336,-5.262343875543708,0.26794136105805644,1.578515661073247,-1.9923222492389843
3.705,0.2679133974894977,-5.3050688159556865,0.2694769955780637,1.5356345200072576,-2.0651312702457973
3.706,0.2625873149806476,-5.346956024503315,0.270969791838146,1.4927962600823343,-2.0651312702457973
3.7070000000000003,0.2572197668907533,-5.387998886710796,0.27241979267656335,1.4500008384173362,-2.0651312702457973
3.708,0.25181160081788084,-5.4281909214344,0.2738270408887374,1.4072482121740029,-2.0651312702457973
3.709,0.24636367077414653,-5.467525781885924,0.2751915792272943,1.364538338556913,-2.0651312702457973
3.71,0.24087683705085874,-5.5059972566349185,0.2765121572242545,1.3205779969601477,-2.1297901629104206
3.7110000000000003,0.2353519660826646,-5.543599270589567,0.2777888188399595,1.276661615704979,-2.1297901629104206
3.712,0.2297899303107426,-5.580325885955927,0.27902160799079057,1.2327891508310658,-2.1297901629104206
3.713,0.22419160804501514,-5.616171303175704,0.2802105685492126,1.1889605584220262,-2.1297901629104206
3.714,0.218557883325469,-5.651129861841966,0.281355744343818,1.1451757946053958,-2.1297901629104206
3.715,0.21288964578253924,-5.685196041593089,0.28245605408766916,1.1003097438511482,-2.186043747982103
3.716,0.20718779049664213,-5.71836446298438,0.2835115426468168,1.055488559147655,-2.186043747982103
3.717,0.20145321785683173,-5.750629888337563,0.2845222548424457,1.0107121956288654,-2.186043747982103
3.718,0.195686833418602,-5.7819872225679605,0.2854882354509193,0.9659806084735945,-2.186043747982103
3.719,0.1898895477609017,-5.812431513988992,0.2864095292038248,0.9212937529054788,-2.186043747982103
3.72,0.18406227634233718,-5.841957955094138,0.2872852282626149,0.8756990587901161,-2.2336700181228597
3.721,0.17820593935662724,-5.870561883316016,0.28811537822198374,0.8301499593688688,-2.2336700181228597
3.722,0.17232146158726078,-5.898238781762824,0.28890002463103076,0.7846464090470427,-2.2336700181228597
3.723,0.16640977226149595,-5.924984279931439,0.2896392129933063,0.7391883622755385,-2.2336700181228597
3.724,0.1604718049036044,-5.95079415439767,0.2903329887668571,0.6937757735508058,-2.2336700181228597
3.725,0.15450849718747373,-5.975664329483111,0.29098062114435297,0.6476323774958761,-2.272481014068942
3.726,0.14852079078851785,-5.9995908778988305,0.29158215626919,0.6015351248370013,-2.272481014068942
3.727,0.14250963123498883,-6.022570021365464,0.29213764023862077,0.5554839694307855,-2.272481014068942
3.728,0.13647596775866377,-6.044598131209879,0.29264711910380076,0.5094788651799759,-2.272481014068942
3.729,0.13042075314495,-6.065671728938171,0.2931106388698342,0.46351976603341705,-2.272481014068942
3.73,0.12434494358242931,-6.085787486784967,0.29352764864477315,0.4170097749389771,-2.3023235664203248
3.731,0.11824949851186464,-6.1049422282389125,0.2938981949386088,0.37054629383563165,-2.3023235664203248
3.732,0.11213538047468982,-6.123132928544293,0.2942223242148222,0.3241292762133895,-2.3023235664203248
3.733,0.10600355496102692,-6.140356715178639,0.29450008289043095,0.2777586756087696,-2.3023235664203248
3.734,0.0998549902572035,-6.156610868306384,0.2947315173360357,0.23143444560475435,-2.3023235664203248
3.735,0.09369065729286269,-6.171892821208326,0.29491625874919225,0.1847414131565442,-2.3230799001302698
3.736,0.08751152948763878,-6.186200160686949,0.29505435382293305,0.13809507374078225,-2.3230799001302698
3.737,0.08131858259744296,-6.1995306274474915,0.2951458492035975,0.09149538066443608,-2.3230799001302698
3.738,0.07511279456038006,-6.211882116454721,0.2951907914908787,0.04494228728116624,-2.3230799001302698
3.739,0.06889514534232095,-6.223252677265341,0.29518922723786994,-0.0015642530087203177,-2.3230799001302698
3.74,0.06266661678215092,-6.233640514335993,0.29514097118712807,-0.048256050741903984,-2.3346680993096194
3.741,0.05642819243674002,-6.243043987306772,0.2950460700304507,-0.09490115667735446,-2.3346680993096194
3.742,0.05018085742560701,-6.251461611260293,0.2949045704129438,-0.1414996175068695,-2.3346680993096194
3.743,0.04392559827537155,-6.258892056956154,0.29471651893306827,-0.18805147987555504,-2.3346680993096194
3.744,0.03766340276396671,-6.265334151040844,0.2944819621426864,-0.23455679038187185,-2.3346680993096194
3.745,0.03139525976465743,-6.270786876233026,0.2942008990604847,-0.28106308220171805,-2.337042430511404
3.746,0.02512215908988591,-6.275249371484184,0.29387337619275494,-0.3275228677297444,-2.337042430511404
3.747,0.01884509133496879,-6.278720932114586,0.2934994399992827,-0.3739361934722428,-2.337042430511404
3.748,0.0125650477216671,-6.281201009924567,0.2930791368933937,-0.4203031058889986,-2.337042430511404
3.749,0.006283019941675056,-6.2826892132810865,0.2926125132420004,-0.46662365139333767,-2.337042430511404
3.75,2.6948419387607653e-15,-6.283185307179586,0.29209975234379404,-0.5127608982063417,-2.3301935232198696
3.751,-0.0062830199416732185,-6.282689213281087,0.2915409003360215,-0.5588520077725327,-2.3301935232198696
3.7520000000000002,-0.012565047721668816,-6.281201009924566,0.2909360033097923,-0.6048970262291576,-2.3301935232198696
3.753,-0.018845091334966955,-6.278720932114588,0.29028510731012497,-0.6508959996673259,-2.3301935232198696
3.754,-0.025122159089884074,-6.275249371484185,0.2895882583359929,-0.6968489741320559,-2.3301935232198696
3.755,-0.03139525976465559,-6.270786876233028,0.2888458232426983,-0.7424350932945556,-2.3141484068315883
3.7560000000000002,-0.03766340276396842,-6.265334151040842,0.28805784761636044,-0.7879756263378928,-2.3141484068315883
3.757,-0.043925598275369716,-6.258892056956157,0.28722437699751224,-0.8334706188481866,-2.3141484068315883
3.758,-0.050180857425605185,-6.251461611260295,0.28634545688114627,-0.8789201163659702,-2.3141484068315883
3.759,-0.056428192436738196,-6.243043987306774,0.28542113271676,-0.924324164386236,-2.3141484068315883
3.7600000000000002,-0.06266661678215261,-6.23364051433599,0.28445195346845853,-0.9691792483015048,-2.2889704039827516
3.761,-0.06889514534231914,-6.223252677265344,0.28343796399132565,-1.0139894771328584,-2.2889704039827516
3.762,-0.07511279456037825,-6.211882116454724,0.2823792090955903,-1.0587548957353805,-2.2889704039827516
3.763,-0.08131858259744114,-6.199530627447495,0.28127573354667096,-1.1034755489193002,-2.2889704039827516
3.7640000000000002,-0.08751152948763698,-6.186200160686953,0.2801275820652209,-1.148151481450036,-2.2889704039827516
3.765,-0.09369065729286088,-6.17189282120833,0.2789354835576395,-1.192098507581459,-2.254758880643652
3.766,-0.0998549902572017,-6.156610868306388,0.27769948197095273,-1.2360015866867506,-2.254758880643652
3.767,-0.10600355496102513,-6.140356715178643,0.2764196212082398,-1.279860762712937,-2.254758880643652
3.7680000000000002,-0.11213538047469149,-6.123132928544289,0.27509594512867674,-1.323676079563097,-2.254758880643652
3.769,-0.11824949851186287,-6.104942228238917,0.27372849754758033,-1.367447581096407,-2.254758880643652
3.77,-0.12434494358242754,-6.085787486784972,0.2723181844369857,-1.4103131105946423,-2.2116488539665853
3.771,-0.13042075314494822,-6.065671728938177,0.27086504866242234,-1.4531357745633793,-2.2116488539665853
3.7720000000000002,-0.136475967758662,-6.044598131209885,0.2693691330465542,-1.4959156158681477,-2.2116488539665853
3.773,-0.14250963123498708,-6.022570021365471,0.2678304803692226,-1.5386526773316112,-2.2116488539665853
3.774,-0.1485207907885161,-5.999590877898837,0.26624913336748895,-1.5813470017336113,-2.2116488539665853
3.775,-0.15450849718747198,-5.975664329483118,0.2646261715035684,-1.6229618639205732,-2.159810459434774
3.7760000000000002,-0.16047180490360602,-5.950794154397663,0.262961636392323,-1.6645351112453481,-2.159810459434774
3.777,-0.16640977226149423,-5.924984279931446,0.2612555696070002,-1.7060667853227982,-2.159810459434774
3.778,-0.17232146158725906,-5.898238781762832,0.25950801267927404,-1.7475569277261709,-2.159810459434774
3.779,-0.17820593935662551,-5.870561883316025,0.2577190070992869,-1.7890055799871403,-2.159810459434774
3.7800000000000002,-0.1840622763423388,-5.84195795509413,0.2558898015592915,-1.82920553999546,-2.0994482794153484
3.781,-0.1898895477609,-5.812431513989001,0.2540204362592477,-1.8693653000437715,-2.0994482794153484
3.782,-0.1956868334186003,-5.781987222567969,0.25211095135891565,-1.9094849003320347,-2.0994482794153484
3.783,-0.20145321785683007,-5.7506298883375715,0.25016138697789564,-1.9495643810200096,-2.0994482794153484
3.7840000000000003,-0.20718779049664368,-5.718364462984371,0.24817178319566835,-1.9896037822272965,-2.0994482794153484
3.785,-0.21288964578253758,-5.685196041593099,0.24614355300650795,-2.0282301891603924,-2.0308005357661525
3.786,-0.21855788332546736,-5.6511298618419765,0.2440767350368214,-2.066817969686555,-2.0308005357661525
3.787,-0.22419160804501348,-5.6161713031757134,0.2419713678743892,-2.1053671624321915,-2.0308005357661525
3.7880000000000003,-0.2297899303107441,-5.580325885955917,0.23982749006840412,-2.1438778059850825,-2.0308005357661525
3.789,-0.23535196608266612,-5.543599270589557,0.2376451401295097,-2.1823499388944203,-2.0308005357661525
3.79,-0.24087683705085713,-5.50599725663493,0.23542588977756054,-2.2192503519491837,-1.9541381496828865
3.791,-0.24636367077414495,-5.467525781885935,0.23316977591296964,-2.2561138645908922,-1.9541381496828865
3.7920000000000003,-0.25181160081788234,-5.428190921434388,0.2308768353992497,-2.292940513719959,-1.9541381496828865
3.793,-0.2572197668907517,-5.3879988867108075,0.2285471050630498,-2.329730336199897,-1.9541381496828865
3.794,-0.262587314980646,-5.346956024503328,0.22618062169419242,-2.3664833688573546,-1.9541381496828865
3.795,-0.26791339748949616,-5.305068815955699,0.22377910953525398,-2.4015121589384347,-1.8697636724968802
3.7960000000000003,-0.27319717336713506,-5.262343875543697,0.22134260361502456,-2.436505920229434,-1.8697636724968802
3.797,-0.2784378082440942,-5.218787950030745,0.21887113892726542,-2.471464687759142,-1.8697636724968802
3.798,-0.28363447456337815,-5.174407917402374,0.2163647504307441,-2.506388496521321,-1.8697636724968802
3.799,-0.28878635171113337,-5.129210785780207,0.21382347304926935,-2.541277381474737,-1.8697636724968802
3.8000000000000003,-0.2938926261462358,-5.083203692315266,0.21124917674334323,-2.5742963059261257,-1.778010091643169
3.801,-0.29895249152875836,-5.036393902060944,0.20864189453189017,-2.6072822114530627,-1.778010091643169
3.802,-0.30396514884730136,-4.988788806825754,0.2060016594008157,-2.640235131074473,-1.778010091643169
3.803,-0.3089298065451655,-4.9403959240060935,0.20332850430303942,-2.673155097776262,-1.778010091643169
3.8040000000000003,-0.31384568064535107,-4.8912228953991175,0.20062246215852808,-2.706042144511349,-1.778010091643169
3.805,-0.3187119948743454,-4.841277485996131,0.19788554126583102,-2.7369208926970616,-1.6792395165111818
3.806,-0.3235279807847224,-4.790567582756236,0.19511777250369644,-2.767768762134588,-1.6792395165111818
3.807,-0.32829287787647815,-4.739101193361004,0.19231918671999376,-2.798585783702677,-1.6792395165111818
3.8080000000000003,-0.33300593371712545,-4.686886444949936,0.18948981473174456,-2.829371988249198,-1.6792395165111818
3.809,-0.33766640406051157,-4.6339315828371,0.1866296873251534,-2.8601274065911726,-1.6792395165111818
3.81,-0.34227355296434336,-4.580244969209094,0.18374094321098153,-2.888744114171869,-1.57384174936437
3.811,-0.34682665290640124,-4.525835081804566,0.18082361100593655,-2.917332205044984,-1.57384174936437
3.8120000000000003,-0.35132498489942565,-4.470710512575446,0.17787771929810933,-2.9458917078272266,-1.57384174936437
3.813,-0.35576783860464345,-4.414879966330299,0.17490329664700266,-2.974422651106687,-1.57384174936437
3.814,-0.3601545124439539,-4.358352259359558,0.17190037158355978,-3.0029250634428677,-1.57384174936437
3.815,-0.364484313710706,-4.301136318043441,0.16887120479024098,-3.0291667933187987,-1.4622327469687035
3.8160000000000003,-0.3687565586790869,-4.243241177442353,0.16581582250877613,-3.055382281464854,-1.4622327469687035
3.817,-0.3729705727120908,-4.184675979870133,0.16273425095465338,-3.081571554122763,-1.4622327469687035
3.818,-0.3771256903680513,-4.125449973450388,0.15962651631714536,-3.107734637508014,-1.4622327469687035
3.819,-0.3812212555057231,-4.065572510656104,0.15649264475933547,-3.13387155780988,-1.4622327469687035
3.8200000000000003,-0.38525662138789585,-4.00505304683274,0.15333501001350336,-3.157634745832097,-1.3448529790013204
3.821,-0.38923115078351267,-3.9439011387052676,0.15015363584283706,-3.1813741706662912,-1.3448529790013204
3.822,-0.3931442160683101,-3.8821264428688416,0.1469485459867614,-3.2050898560756513,-1.3448529790013204
3.823,-0.39699519932391597,-3.8197387142640844,0.1437197641609618,-3.228781825799602,-1.3448529790013204
3.8240000000000003,-0.4007834924354385,-3.756747804636458,0.14046731405740798,-3.252450103553829,-1.3448529790013204
3.825,-0.40450849718747367,-3.693163660980914,0.13719367309016334,-3.273640967244633,-1.222165689717889
3.826,-0.40816962535859175,-3.6289963239707888,0.13389886245009158,-3.2948106400717463,-1.222165689717889
3.827,-0.4117662988142132,-3.564255926372449,0.13058290330686556,-3.3159591432260322,-1.222165689717889
3.8280000000000003,-0.4152979495979076,-3.4989526914451328,0.1272458168089884,-3.337086497877164,-1.222165689717889
3.829,-0.41876402002107194,-3.433096931326727,0.12388762408381475,-3.358192725173645,-1.222165689717889
3.83,-0.4221639627510065,-3.366699045405181,0.1205108964499715,-3.3767276338432533,-1.0946550697391033
3.831,-0.4254972408973447,-3.299769518676315,0.11711565244236731,-3.395244007604192,-1.0946550697391033
3.8320000000000003,-0.42876332809682655,-3.2323189200882694,0.11370191057737594,-3.4137418649913696,-1.0946550697391033
3.833,-0.43196170859641786,-3.16435790087255,0.11026968935285478,-3.43222122452116,-1.0946550697391033
3.834,-0.43509187733476284,-3.0958971928618833,0.10681900724816336,-3.450682104691421,-1.0946550697391033
3.835,-0.4381533400219316,-3.0269476067956846,0.1033525193386732,-3.466487909490159,-0.9628243451714692
3.8360000000000003,-0.44114561321747625,-2.957520030612883,0.0998702414301891,-3.4822779084840985,-0.9628243451714692
3.837,-0.44406822440677174,-2.887625427732588,0.09637218931271006,-3.4980521174790438,-0.9628243451714692
3.838,-0.44692071207563117,-2.817274835322838,0.09285837876044507,-3.513810552264994,-0.9628243451714692
3.839,-0.44970262578318465,-2.746479362557704,0.08932882553182891,-3.5295532286161584,-0.9628243451714692
3.84,-0.45241352623300873,-2.6752501888630245,0.08578625798060929,-3.542567551219617,-0.8271937916037351
3.841,-0.45505298534249816,-2.6035985621509985,0.08223068912110883,-3.555568859500472,-0.8271937916037351
3.842,-0.45762058631045893,-2.531535797044177,0.07866213195463578,-3.568557166473046,-0.8271937916037351
3.843,-0.4601159236829352,-2.4590732730885083,0.07508059946949713,-3.581532485138648,-0.8271937916037351
3.844,-0.46253860341722886,-2.3862224329565374,0.07148610464101154,-3.594494828485584,-0.8271937916037351
3.845,-0.4648882429441254,-2.3129947806404347,0.06788143833373811,-3.6046663072734333,-0.6882986808167291
3.846,-0.4671644712283056,-2.239401879635383,0.06426661071915561,-3.6148276145824942,-0.6882986808167291
3.847,-0.46936692882693654,-2.165455351113567,0.06064163195857136,-3.6249787605842463,-0.6882986808167291
3.848,-0.4714952679464316,-2.0911668720890546,0.05700651220313137,-3.6351197554399968,-0.6882986808167291
3.849,-0.47354915249737256,-2.016548173573822,0.05336126159383048,-3.6452506093008914,-0.6882986808167291
3.85,-0.47552825814757704,-1.9416110387254566,0.04970872249177268,-3.652539102057794,-0.5466871683101846
3.851,-0.4774322723733216,-1.866367300986207,0.04604890218545074,-3.65982030632194,-0.5466871683101846
3.852,-0.4792608945086869,-1.7908288422145582,0.04238180795606892,-3.667094229381822,-0.5466871683101846
3.853,-0.48101383579304285,-1.715007590808692,0.03870744707755028,-3.674360878518644,-0.5466871683101846
3.854,-0.4826908194166368,-1.6389155198232808,0.035025826816543947,-3.681620261006329,-0.5466871683101846
3.855,-0.48429158056431526,-1.5625646450783783,0.03133982981319896,-3.6859970033449896,-0.4029181299833332
3.856,-0.4858158664573366,-1.485967023262194,0.02764946044425765,-3.6903693689413113,-0.4029181299833332
3.857,-0.48726343639328895,-1.409134750027117,0.023954723082085613,-3.6947373621720367,-0.4029181299833332
3.858,-0.488634061784097,-1.3320799580798457,0.02025562209467608,-3.6991009874095315,-0.4029181299833332
3.859,-0.4899275261921229,-1.2548148152652767,0.016552161845654292,-3.7034602490217887,-0.4029181299833332
3.86,-0.49114362536434375,-1.1773515226450588,0.012847253877751385,-3.7049079679029067,-0.25755895650697713
3.861,-0.4922821672646027,-1.0997023125710796,0.009140899638686242,-3.7063542390651434,-0.25755895650697713
3.862,-0.49334297210393396,-1.0218794467538357,0.005433100574730024,-3.7077990639562177,-0.25755895650697713
3.863,-0.4943258723689569,-0.9438952143259468,0.0017238581307076222,-3.709242444022401,-0.25755895650697713
3.864,-0.4952307128483255,-0.8657619299017356,-0.0019868262500008964,-3.7106843807085186,-0.25755895650697713
3.865,-0.49605735065723916,-0.7874919316325178,-0.00569602361261054,-3.7091973626096437,-0.11118331409167637
3.866,-0.496805655260004,-0.7090975792584879,-0.009403735444139407,-3.7077118315288677,-0.11118331409167637
3.867,-0.49747550849064986,-0.630591252156529,-0.01310996323011858,-3.7062277859791726,-0.11118331409167637
3.868,-0.498066804571586,-0.5519853473858087,-0.016814708454593607,-3.704745224475027,-0.11118331409167637
3.869,-0.498579450130307,-0.47329227772987453,-0.020517972600125993,-3.7032641455323856,-0.11118331409167637
3.87,-0.4990133642141358,-0.3945244697367532,-0.024216820859122634,-3.6988482589966396,0.035631119510670106
3.871,-0.49936847830300873,-0.3156943617563877,-0.027911257647470065,-3.6944367883474296,0.035631119510670106
3.872,-0.4996447363202946,-0.2368144019766557,-0.031601287376638934,-3.690029729168869,0.035631119510670106
3.873,-0.49984209464164997,-0.15789704645761196,-0.03528691445368842,-3.6856270770494866,0.035631119510670106
3.874,-0.49996052210190806,-0.07895475716453197,-0.03896814328127065,-3.6812288275822236,0.035631119510670106
3.875,-0.5,-2.308793749470272e-14,-0.04264204478132855,-3.673901500057897,0.18230493483720145
3.876,-0.4999605221019081,0.07895475716448579,-0.04630862628118964,-3.666581499861095,0.18230493483720145
3.8770000000000002,-0.49984209464164997,0.15789704645761046,-0.04996789510085413,-3.65926881966449,0.18230493483720145
3.878,-0.4996447363202946,0.23681440197665418,-0.05361985855300221,-3.6519634521480815,0.18230493483720145
3.879,-0.49936847830300873,0.31569436175638615,-0.057264523943001404,-3.644665389999189,0.18230493483720145
3.88,-0.4990133642141358,0.3945244697367517,-0.06089897948206302,-3.6344555390616198,0.32825927737851335
3.8810000000000002,-0.498579450130307,0.473292277729873,-0.06452323538003801,-3.624255897974988,0.32825927737851335
3.882,-0.4980668045715863,0.5519853473857627,-0.06813730183656745,-3.6140664565294425,0.32825927737851335
3.883,-0.4974755084906502,0.630591252156483,-0.07174118904109279,-3.6038872045253427,0.32825927737851335
3.884,-0.4968056552600044,0.7090975792584421,-0.07533490717286603,-3.593718131773247,0.32825927737851335
3.8850000000000002,-0.49605735065723877,0.7874919316325608,-0.07891557322386644,-3.5806660510004136,0.47291813205299693
3.886,-0.4952307128483255,0.8657619299017341,-0.0824832002461748,-3.5676270223083533,0.47291813205299693
3.887,-0.4943258723689569,0.9438952143259455,-0.08603780127881978,-3.554601032644985,0.47291813205299693
3.888,-0.493342972103934,1.0218794467538341,-0.08957938934779107,-3.5415880689712798,0.47291813205299693
3.8890000000000002,-0.4922821672646027,1.099702312571078,-0.09310797746605232,-3.5285881182612484,0.47291813205299693
3.89,-0.49114362536434447,1.1773515226450135,-0.0966207227842658,-3.512745318213481,0.6157105964752942
3.891,-0.48992752619212365,1.2548148152652314,-0.10011764114523156,-3.4969183609657617,0.6157105964752942
3.892,-0.488634061784097,1.3320799580798441,-0.10359874837590685,-3.48110723067529,0.6157105964752942
3.8930000000000002,-0.4872634363932882,1.4091347500271592,-0.10706406028742196,-3.465311911515109,0.6157105964752942
3.894,-0.48581586645733665,1.4859670232621927,-0.11051359267509606,-3.449532387674088,0.6157105964752942
3.895,-0.4842915805643162,1.5625646450783337,-0.11394455406770153,-3.430961392605468,0.7560731340472864
3.896,-0.4826908194166377,1.6389155198232361,-0.11735696303623344,-3.412408968531917,0.7560731340472864
3.8970000000000002,-0.4810138357930429,1.7150075908086904,-0.12075083813311588,-3.3938750968824394,0.7560731340472864
3.898,-0.479260894508688,1.7908288422145138,-0.12412619789222049,-3.375359759104611,0.7560731340472864
3.899,-0.47743227237332164,1.8663673009862054,-0.12748306082888505,-3.356862936664561,0.7560731340472864
3.9,-0.4755282581475771,1.9416110387254553,-0.13081869786665334,-3.3356370377683042,0.8934517979796207
3.9010000000000002,-0.47354915249737145,2.016548173573863,-0.13413313023142429,-3.3144323647709437,0.8934517979796207
3.902,-0.4714952679464328,2.091166872089011,-0.13742637912787087,-3.2932488964465803,0.8934517979796207
3.903,-0.46936692882693776,2.1654553511135233,-0.1406984657394614,-3.272086611590541,0.8934517979796207
3.904,-0.4671644712283069,2.2394018796353397,-0.14394941122848076,-3.250945489019358,0.8934517979796207
3.9050000000000002,-0.46488824294412545,2.3129947806404334,-0.14717655968366178,-3.227148455181006,1.0273044174666484
3.906,-0.4625386034172289,2.386222432956536,-0.15037993490203827,-3.203375218376492,1.0273044174666484
3.907,-0.46011592368293525,2.459073273088507,-0.15355956065684706,-3.1796257548087823,1.0273044174666484
3.908,-0.457620586310459,2.531535797044176,-0.1567154606975517,-3.1559000407046405,1.0273044174666484
3.9090000000000003,-0.4550529853424982,2.603598562150997,-0.1598476587498663,-3.1321980523146027,1.0273044174666484
3.91,-0.45241352623301034,2.6752501888629827,-0.16295358254938086,-3.1059237995145486,1.1571027373869875
3.911,-0.44970262578318626,2.746479362557663,-0.16603325837034816,-3.079675820967294,1.1571027373869875
3.912,-0.44692071207563283,2.8172748353227965,-0.16908671246074675,-3.053454090398587,1.1571027373869875
3.9130000000000003,-0.4440682244067718,2.8876254277325866,-0.1721139710423072,-3.027258581560449,1.1571027373869875
3.914,-0.4411456132174763,2.9575200306128817,-0.17511506031053833,-3.0010892682311487,1.1571027373869875
3.915,-0.4381533400219317,3.0269476067956833,-0.17808750179943955,-2.9724414889012123,1.2823345030852626
3.916,-0.4350918773347629,3.0958971928618824,-0.18103132415679016,-2.943822357350606,1.2823345030852626
3.9170000000000003,-0.4319617085964179,3.1643579008725493,-0.18394655600172172,-2.91523184493155,1.2823345030852626
3.918,-0.4287633280968266,3.2323189200882685,-0.18683322592474663,-2.8866699230249133,1.2823345030852626
3.919,-0.4254972408973466,3.299769518676275,-0.1896913624877868,-2.8581365630401834,1.2823345030852626
3.92,-0.4221639627510084,3.366699045405142,-0.1925185908046238,-2.827228316837,1.4025054820071543
3.9210000000000003,-0.41876402002107005,3.4330969313267636,-0.1953149417835038,-2.79635097888002,1.4025054820071543
3.922,-0.4152979495979057,3.4989526914451687,-0.1980804463017648,-2.7655045182609967,1.4025054820071543
3.923,-0.41176629881421334,3.564255926372448,-0.20081513520586738,-2.7346889041025926,1.4025054820071543
3.924,-0.4081696253585918,3.6289963239707874,-0.20351903931142573,-2.703904105558347,1.4025054820071543
3.9250000000000003,-0.4045084971874737,3.693163660980913,-0.20618989668459434,-2.670857373168595,1.5171414142096822
3.926,-0.40078349243543854,3.7567478046364577,-0.20882774037210558,-2.6378436875112325,1.5171414142096822
3.927,-0.3969951993239182,3.819738714264048,-0.2114326033876451,-2.604863015539528,1.5171414142096822
3.928,-0.39314421606831024,3.8821264428688407,-0.2140045187118849,-2.5719153242397947,1.5171414142096822
3.9290000000000003,-0.3892311507835105,3.9439011387053013,-0.21654351929251625,-2.5390005806313614,1.5171414142096822
3.93,-0.3852566213878936,4.005053046832773,-0.219047465074886,-2.5039457823697604,1.6257898840484857
3.931,-0.3812212555057255,4.065572510656069,-0.22151639111379243,-2.468926038906421,1.6257898840484857
3.932,-0.37712569036805377,4.125449973450354,-0.22395033242897897,-2.4339413151865448,1.6257898840484857
3.9330000000000003,-0.37297057271209083,4.184675979870131,-0.22634932400516936,-2.3989915761903884,1.6257898840484857
3.934,-0.36875655867908697,4.243241177442351,-0.2287134007921026,-2.364076786933228,1.6257898840484857
3.935,-0.36448431371070605,4.301136318043441,-0.23104055306013577,-2.327152268033179,1.7280221056557936
3.936,-0.360154512443954,4.358352259359557,-0.2333308177337878,-2.2902646736520302,1.7280221056557936
3.9370000000000003,-0.355767838604641,4.41487996633033,-0.23558423170065307,-2.253413966865262,1.7280221056557936
3.938,-0.35132498489942576,4.470710512575445,-0.23780083181143835,-2.216600110785281,1.7280221056557936
3.939,-0.3468266529064039,4.5258350818045345,-0.23998065487999973,-2.17982306856138,1.7280221056557936
3.94,-0.3422735529643461,4.580244969209062,-0.2421218294331893,-2.1411745531895696,1.8234346151624397
3.9410000000000003,-0.3376664040605116,4.633931582837098,-0.24422439411952243,-2.1025646863331313,1.8234346151624397
3.942,-0.3330059337171255,4.686886444949936,-0.24628838754886598,-2.0639934293435496,1.8234346151624397
3.943,-0.3282928778764782,4.739101193361003,-0.24831384829247694,-2.025460743610957,1.8234346151624397
3.944,-0.32352798078472245,4.7905675827562355,-0.250300814883041,-1.9869665905640974,1.8234346151624397
3.9450000000000003,-0.3187119948743455,4.84127748599613,-0.25224756148975486,-1.9467466067138242,1.9116508629854594
3.946,-0.3138456806453512,4.891222895399117,-0.25415412833260226,-1.9065668428474012,1.9116508629854594
3.947,-0.3089298065451684,4.940395924006064,-0.2560205555913471,-1.8664272587448445,1.9116508629854594
3.948,-0.30396514884730425,4.988788806825727,-0.2578468834055735,-1.8263278142263906,1.9116508629854594
3.9490000000000003,-0.29895249152875847,5.036393902060942,-0.25963315187472596,-1.786268469152455,1.9116508629854594
3.95,-0.2938926261462359,5.083203692315266,-0.26137778762141134,-1.7446357466853566,1.9923226998972963
3.951,-0.2887863517111334,5.129210785780206,-0.26308083227835205,-1.7030446569407254,1.9923226998972963
3.952,-0.2836344745633782,5.174407917402373,-0.2647423274366379,-1.6614951582858388,1.9923226998972963
3.9530000000000003,-0.2784378082440943,5.218787950030744,-0.2663623146457675,-1.619987209129607,1.9923226998972963
3.954,-0.27319717336713517,5.262343875543696,-0.26794083541369,-1.5785207679225315,1.9923226998972963
3.955,-0.26791339748949927,5.305068815955674,-0.2694764750258244,-1.535639612134372,2.065131751011843
3.956,-0.26258731498064913,5.346956024503304,-0.2709692763633264,-1.4928013375020008,2.065131751011843
3.9570000000000003,-0.2572197668907518,5.387998886710807,-0.27241928226447065,-1.4500059011442619,2.065131751011843
3.958,-0.25181160081787934,5.428190921434411,-0.27382653552469355,-1.4072532602228807,2.065131751011843
3.959,-0.24636367077414506,5.467525781885934,-0.27519107889663597,-1.364543371942421,2.065131751011843
3.96,-0.24087683705085725,5.505997256634929,-0.27651166191176113,-1.3205830151251832,2.1297906722647624
3.9610000000000003,-0.23535196608266623,5.5435992705895565,-0.2777883285304259,-1.2766666186647628,2.1297906722647624
3.962,-0.2297899303107442,5.580325885955916,-0.2790211226690267,-1.2327941386008028,2.1297906722647624
3.963,-0.22419160804501678,5.616171303175693,-0.28021008820004356,-1.1889655310169067,2.1297906722647624
3.964,-0.21855788332546744,5.651129861841976,-0.2813552689520842,-1.1451807520405946,2.1297906722647624
3.9650000000000003,-0.21288964578253447,5.685196041593117,-0.28245558363768414,-1.1003146855999697,2.1860442844292125
3.966,-0.20718779049664057,5.718364462984389,-0.2835110771229099,-1.0554934852257856,2.1860442844292125
3.967,-0.20145321785683018,5.7506298883375715,-0.2845217942289619,-1.0107171060519755,2.1860442844292125
3.968,-0.19568683341860368,5.781987222567951,-0.2854877797322192,-0.9659855032573392,2.1860442844292125
3.969,-0.1898895477609034,5.812431513988983,-0.2864090783642847,-0.9212986320654977,2.1860442844292125
3.97,-0.1840622763423389,5.84195795509413,-0.2872847822861143,-0.8757039218295966,2.23367058019178
3.971,-0.17820593935662563,5.870561883316024,-0.28811493709241826,-0.8301548063039313,2.23367058019178
3.972,-0.17232146158725917,5.898238781762832,-0.28889958833231205,-0.7846512398937918,2.23367058019178
3.973,-0.16640977226149434,5.924984279931445,-0.2896387815093621,-0.7391931770500624,2.23367058019178
3.974,-0.16047180490360613,5.950794154397662,-0.2903325620816313,-0.6937805722691768,2.23367058019178
3.975,-0.15450849718747547,5.975664329483104,-0.2909801992413219,-0.6476371596906277,2.2724816003139954
3.976,-0.1485207907885196,5.999590877898823,-0.29158173913184654,-0.6015398905246572,2.2724816003139954
3.977,-0.1425096312349906,6.022570021365458,-0.2921372278504744,-0.5554887186278527,2.2724816003139954
3.978,-0.1364759677586621,6.044598131209884,-0.29264671144837734,-0.5094835979029448,2.2724816003139954
3.979,-0.13042075314494833,6.065671728938177,-0.2931102359306761,-0.463524482298762,2.2724816003139954
3.98,-0.12434494358242765,6.085787486784972,-0.2935272504049841,-0.41701447430803085,2.3023241754216173
3.981,-0.11824949851186298,6.104942228238917,-0.2938978013813094,-0.37055097632529044,2.3023241754216173
3.982,-0.11213538047469161,6.123132928544289,-0.29422193532314994,-0.3241339418405328,2.3023241754216173
3.983,-0.10600355496102873,6.140356715178633,-0.2944996986475402,-0.2777633243902599,2.3023241754216173
3.984,-0.0998549902572053,6.1566108683063785,-0.2947311377250977,-0.2314390775574373,2.3023241754216173
3.985,-0.0936906572928645,6.1718928212083215,-0.2949158837529677,-0.184746027869996,2.323080530494194
3.986,-0.0875115294876371,6.186200160686952,-0.2950539834241999,-0.13809967123224212,2.323080530494194
3.987,-0.08131858259744126,6.199530627447495,-0.29514548338515106,-0.091499960951126,2.323080530494194
3.988,-0.07511279456037837,6.211882116454724,-0.2951904302355314,-0.044946850380291,2.323080530494194
3.989,-0.06889514534231926,6.223252677265344,-0.2951888705284514,0.0015597070799731744,2.323080530494194
3.99,-0.06266661678215274,6.23364051433599,-0.2951406190060851,0.04825152236628124,2.334668749669402
3.991,-0.05642819243674185,6.243043987306769,-0.29504572236024784,0.09489664583730299,2.334668749669402
3.992,-0.05018085742560884,6.25146161126029,-0.29490422723606297,0.14149512418485372,2.334668749669402
3.993,-0.04392559827537337,6.258892056956152,-0.2947161802320089,0.1880470040540569,2.334668749669402
3.994,-0.037663402763965,6.265334151040846,-0.2944816278999655,0.23455233204339088,2.334668749669402
3.995,-0.031395259764655715,6.270786876233028,-0.2942005692582636,0.2810586417018977,2.3370430995275107
3.996,-0.025122159089884195,6.275249371484185,-0.29387305081321285,0.327518445050746,2.3370430995275107
3.997,-0.018845091334970625,6.278720932114586,-0.2934991190246166,0.3739317885962455,2.3370430995275107
3.998,-0.012565047721668937,6.281201009924566,-0.29307882030581844,0.42029871879819947,2.3370430995275107
3.999,-0.006283019941676893,6.2826892132810865,-0.2926122010237485,0.46661928206995146,2.3370430995275107
4.0,-9.797174393178826e-16,6.283185307179586,-0.29209944447676905,0.5127565469794892,2.3301942095803856
4.001,0.006283019941678486,6.2826892132810865,-0.29154059680214495,0.5588476746241174,2.3301942095803856
4.002,0.012565047721666979,6.281201009924567,-0.29093570409100383,0.604892711141101,2.3301942095803856
4.003,0.01884509133496867,6.278720932114586,-0.2902848123883823,0.6508917026215676,2.3301942095803856
4.0040000000000004,0.025122159089885788,6.275249371484184,-0.2895879676932717,0.6968446951105537,2.3301942095803856
4.005,0.03139525976465376,6.270786876233029,-0.2888455368606712,0.742430832600495,2.3141491092525937
4.006,0.03766340276396659,6.265334151040844,-0.2880575654767183,0.7879713839529464,2.3141491092525937
4.007,0.043925598275367884,6.258892056956158,-0.2872240990819642,0.8334663947540454,2.3141491092525937
4.008,0.05018085742560689,6.251461611260293,-0.2863451831714199,0.8789159105443431,2.3141491092525937
4.009,0.056428192436743435,6.243043987306767,-0.285420863194601,0.9243199768188507,2.3141491092525937
4.01,0.0626666167821508,6.233640514335994,-0.28445168811533483,0.9691750792662048,2.2889711212086468
4.011,0.06889514534231732,6.223252677265347,-0.2834377027887237,1.0139853266111116,2.2889711212086468
4.0120000000000005,0.07511279456037995,6.2118821164547215,-0.28237895202501506,1.0587507637086735,2.2889711212086468
4.013,0.08131858259743932,6.199530627447499,-0.2812754805896459,1.1034714353691377,2.2889711212086468
4.014,0.08751152948763867,6.186200160686949,-0.280127333203288,1.1481473863579414,2.2889711212086468
4.015,0.09369065729285908,6.171892821208335,-0.2789352387720874,1.1920944312005317,2.254759611447412
4.016,0.09985499025720337,6.156610868306385,-0.27769924124308915,1.2359975289982794,2.254759611447412
4.017,0.10600355496102681,6.140356715178639,-0.2764193845193909,1.2798567236982294,2.254759611447412
4.018,0.1121353804746897,6.123132928544294,-0.27509571246018744,1.3236720592034794,2.254759611447412
4.019,0.11824949851186108,6.104942228238923,-0.2737282688808142,1.3674435793732242,2.254759611447412
4.0200000000000005,0.12434494358242919,6.085787486784967,-0.2723179597530773,1.4103091277368511,2.21164959715001
4.021,0.13042075314494644,6.065671728938184,-0.2708648279425252,1.4531318105521145,2.21164959715001
4.022,0.13647596775866366,6.044598131209879,-0.2693689162718406,1.4959116706845625,2.21164959715001
4.023,0.1425096312349853,6.022570021365477,-0.26783026752088374,1.5386487509568783,2.21164959715001
4.024,0.14852079078851774,5.9995908778988305,-0.2662489244267348,1.5813430941489215,2.21164959715001
4.025,0.15450849718747361,5.975664329483112,-0.26462596645140346,1.6229579753313461,2.1598112138286742
4.026,0.16047180490360427,5.95079415439767,-0.2629614352097709,1.6645312416325881,2.1598112138286742
4.027,0.1664097722614925,5.924984279931454,-0.26125537227510337,1.7060629346675291,2.1598112138286742
4.0280000000000005,0.17232146158726067,5.898238781762825,-0.25950781917909393,1.747553096009435,2.1598112138286742
4.029,0.1782059393566238,5.870561883316033,-0.25771881741190394,1.789001767189999,2.1598112138286742
4.03,0.18406227634234038,5.841957955094123,-0.25588961566560353,1.8292017463004036,2.099449043879726
4.031,0.18988954776089828,5.81243151398901,-0.2540202541401718,1.8693615254316978,2.099449043879726
4.032,0.19568683341860188,5.7819872225679605,-0.252110772995388,1.9094811447838607,2.099449043879726
4.033,0.20145321785683162,5.750629888337563,-0.2501612123508713,1.9495606445166713,2.099449043879726
4.034,0.20718779049663877,5.718364462984399,-0.24817161228612156,1.9896000647497492,2.099449043879726
4.035,0.2128896457825359,5.685196041593109,-0.24614338579525274,2.0282264908688057,2.030801309190323
4.0360000000000005,0.21855788332546888,5.651129861841967,-0.244076571504691,2.0668142905617435,2.030801309190323
4.037,0.22419160804501503,5.616171303175704,-0.241971208002236,2.1053635024549884,2.030801309190323
4.038,0.22978993031074563,5.580325885955907,-0.23982733383709967,2.14387416513634,2.030801309190323
4.039,0.2353519660826645,5.543599270589568,-0.23764498751994467,2.18234631715501,2.030801309190323
4.04,0.24087683705085552,5.505997256634941,-0.2354257407704871,2.2192467494575667,1.9541389309855794
4.041,0.24636367077414645,5.467525781885924,-0.23316963048915929,2.2561102813278207,1.9541389309855794
4.042,0.2518116008178777,5.428190921434423,-0.23087669353949308,2.2929369496662044,1.9541389309855794
4.043,0.2572197668907532,5.387998886710797,-0.22854696674815683,2.32972679133625,1.9541389309855794
4.0440000000000005,0.2625873149806505,5.346956024503293,-0.2261804869049922,2.3664798431646252,1.9541389309855794
4.045,0.2679133974894976,5.305068815955687,-0.2237789782524582,2.4015086525339866,1.8697644606262982
4.046,0.2731971733671365,5.262343875543684,-0.22134247581936423,2.4365024330939784,1.8697644606262982
4.047,0.2784378082440927,5.218787950030758,-0.21887101459949082,2.4714612198734103,1.8697644606262982
4.048,0.2836344745633766,5.174407917402387,-0.21636462955162475,2.506385047866063,1.8697644606262982
4.049,0.28878635171113476,5.129210785780194,-0.21382335559959403,2.541273952030723,1.8697644606262982
4.05,0.29389262614623435,5.08320369231528,-0.2112490627038038,2.574292895790233,1.7780108855770238
4.051,0.29895249152875975,5.03639390206093,-0.20864178388319782,2.607278820605983,1.7780108855770238
4.0520000000000005,0.3039651488473055,4.988788806825713,-0.2060015521237009,2.640231759496918,1.7780108855770238
4.053,0.3089298065451669,4.94039592400608,-0.20332840037825192,2.6731517454489615,1.7780108855770238
4.054,0.3138456806453496,4.891222895399133,-0.20062236156683688,2.706038811415053,1.7780108855770238
4.055,0.31871199487434393,4.841277485996145,-0.19788544398792812,2.7369175789087716,1.6792403152566893
4.056,0.32352798078472095,4.7905675827562515,-0.19511767852029313,2.7677654676349968,1.6792403152566893
4.057,0.3282928778764794,4.73910119336099,-0.19231909601182062,2.7985825084724953,1.6792403152566893
4.058,0.33300593371712406,4.686886444949952,-0.18948972727955146,2.8293687322691565,1.6792403152566893
4.059,0.33766640406051285,4.633931582837086,-0.18662960310970944,2.8601241698420212,1.6792403152566893
4.0600000000000005,0.34227355296434464,4.580244969209079,-0.1837408622129981,2.8887408967113437,1.5738425519582253
4.061,0.3468266529064025,4.525835081804551,-0.1808235332061443,2.9173290068537967,1.5738425519582253
4.062,0.3513249848994243,4.470710512575462,-0.1778776446772582,2.9458885288861074,1.5738425519582253
4.063,0.3557678386046396,4.414879966330347,-0.17490322518586182,2.974419491396386,1.5738425519582253
4.064,0.36015451244395263,4.358352259359575,-0.17190030326291766,3.002921922944154,1.5738425519582253
4.065,0.36448431371070716,4.301136318043426,-0.1688711395908469,3.0291636720707507,1.4622335524770311
4.066,0.36875655867908563,4.2432411774423695,-0.16581576041139867,3.0553791794482206,1.4622335524770311
4.067,0.3729705727120919,4.184675979870117,-0.16273419194008035,3.081568471318313,1.4622335524770311
4.0680000000000005,0.37712569036805244,4.1254499734503725,-0.1596264603661838,3.1077315738965354,1.4622335524770311
4.069,0.3812212555057242,4.065572510656087,-0.1564925918528116,3.1338685133721795,1.4622335524770311
4.07,0.3852566213878947,4.005053046832758,-0.15333496013222242,3.1576317205891993,1.344853786519586
4.071,0.3892311507835093,3.94390113870532,-0.15015358896762343,3.181371164599002,1.344853786519586
4.072,0.393144216068309,3.8821264428688598,-0.14694850209845864,3.2050868691647945,1.344853786519586
4.073,0.39699519932391913,3.819738714264032,-0.1437197232404326,3.2287788580260215,1.344853786519586
4.074,0.40078349243543737,3.756747804636477,-0.14046727608553422,3.252447154898387,1.344853786519586
4.075,0.40450849718747467,3.693163660980897,-0.1371936380478233,3.2736380377109042,1.2221664983707707
4.0760000000000005,0.4081696253585927,3.6289963239707714,-0.1338988303181827,3.294807729640609,1.2221664983707707
4.077,0.4117662988142122,3.564255926372468,-0.1305828740663043,3.315956251878384,1.2221664983707707
4.078,0.4152979495979066,3.498952691445152,-0.12724579044071038,3.337083625593921,1.2221664983707707
4.079,0.418764020021069,3.4330969313267845,-0.12388760056877464,3.3581898719357426,1.2221664983707707
4.08,0.42216396275100737,3.3666990454051633,-0.12051087576913723,3.376724799637415,1.0946558786803902
4.081,0.4254972408973474,3.299769518676259,-0.11711563457672584,3.395241192411385,1.0946558786803902
4.082,0.4287633280968256,3.2323189200882894,-0.11370189550793326,3.4137390687925815,1.0946558786803902
4.083,0.4319617085964169,3.1643579008725706,-0.11026967706063587,3.4322184472973967,1.0946558786803902
4.0840000000000005,0.4350918773347637,3.0958971928618646,-0.10681899771421216,3.450679346423707,1.0946558786803902
4.085,0.4381533400219307,3.026947606795705,-0.1033525125440632,3.466485170148961,0.9628251535838851
4.086,0.4411456132174771,2.957520030612864,-0.09987023735601272,3.48227518805049,0.9628251535838851
4.087,0.44406822440677085,2.8876254277326083,-0.0963721879400786,3.498049415934117,0.9628251535838851
4.088,0.44692071207563194,2.8172748353228187,-0.09285838007048873,3.5138078695898605,0.9628251535838851
4.089,0.449702625783187,2.746479362557645,-0.08932882950569679,3.5295505647919483,0.9628251535838851
4.09,0.4524135262330095,2.675250188863005,-0.08578626459949566,3.542564906201131,0.8271945986987297
4.091,0.4550529853424974,2.6035985621510194,-0.08223069836622676,3.5555662332689044,0.8271945986987297
4.0920000000000005,0.45762058631045965,2.531535797044157,-0.07866214380721716,3.56855455900961,0.8271945986987297
4.093,0.46011592368293447,2.4590732730885296,-0.07508061391079258,3.5815298964245748,0.8271945986987297
4.094,0.4625386034172295,2.386222432956518,-0.07148612165229046,3.594492258502125,0.8271945986987297
4.095,0.46488824294412473,2.3129947806404565,-0.06788145789633014,3.6046637559603094,0.6882994858343299
4.096,0.46716447122830623,2.2394018796353627,-0.0642666328144091,3.614825081921036,0.6882994858343299
4.097,0.4693669288269371,2.1654553511135464,-0.0606416565678533,3.6249762465558013,0.6882994858343299
4.098,0.47149526794643215,2.0911668720890346,-0.05700653930782737,3.635117260025932,0.6882994858343299
4.099,0.47354915249737195,2.016548173573844,-0.05336129117534478,3.6452481324825925,0.6882994858343299
4.1,0.4755282581475754,1.941611038725521,-0.04970875453158429,3.6525366437604845,0.546687970518719
4.101,0.4774322723733211,1.866367300986229,-0.046048936665057195,3.6598178665270984,0.546687970518719
4.102,0.4792608945086885,1.7908288422144947,-0.04238184485698625,3.667091808070946,0.546687970518719
4.103,0.48101383579304235,1.7150075908087141,-0.038707486381313,3.674358475673249,0.546687970518719
4.104,0.4826908194166372,1.6389155198232601,-0.03502586850470505,3.6816178766079504,0.546687970518719
4.105,0.4842915805643157,1.5625646450783575,-0.03133987386740013,3.6859946373049257,0.4029189286791637
4.106,0.48581586645733615,1.4859670232622166,-0.027649506846158925,3.690367021241204,0.4029189286791637
4.107,0.4872634363932885,1.4091347500271396,-0.023954771813365378,3.694735032793546,0.4029189286791637
4.108,0.48863406178409585,1.332079958079912,-0.02025567313703104,3.699098676334336,0.4029189286791637
4.109,0.48992752619212326,1.2548148152652556,-0.016552215180799457,3.703457956231585,0.4029189286791637
4.11,0.49114362536434475,1.1773515226449938,-0.012847309487503818,3.7049056932956392,0.25755975101431106
4.111,0.4922821672646024,1.0997023125711023,-0.009140957504881189,3.7063519826226297,0.25755975101431106
4.112,0.4933429721039337,1.0218794467538583,-0.005433160679220896,3.707796825660293,0.25755975101431106
4.113,0.49432587236895714,0.9438952143259256,-0.001723920455365977,3.709240223854919,0.25755975101431106
4.114,0.4952307128483252,0.8657619299017585,0.0019867617232853735,3.7106821786513504,0.25755975101431106
4.115,0.49605735065723894,0.7874919316325409,0.005695956901833318,3.7091951785479442,0.11118410376226429
4.116,0.4968056552600038,0.709097579258511,0.00940366656727796,3.7077096654446415,0.11118410376226429
4.117,0.49747550849065003,0.6305912521565075,0.013109892205132402,3.706225637854442,0.11118410376226429
4.118,0.4980668045715865,0.5519853473857427,0.016814635299424237,3.7047430942918327,0.11118410376226429
4.119,0.49857945013030686,0.47329227772989757,0.020517897332697023,3.7032620332727864,0.11118410376226429
4.12,0.49901336421413567,0.3945244697367762,0.02421674349723058,3.698846164533555,-0.0356303352979257
4.121,0.49936847830300884,0.31569436175636617,0.02791117820889364,3.694434711663063,-0.0356303352979257
4.122,0.49964473632029455,0.23681440197667877,0.03160120587913908,3.6900276702454415,-0.0356303352979257
4.123,0.49984209464165,0.15789704645759045,0.03528683091500832,3.6856250358692377,-0.0356303352979257
4.124,0.499960522101908,0.07895475716455505,0.03896805771913573,3.68122680412741,-0.0356303352979257
4.125,0.5,1.5350473849361913e-15,0.04264195721332548,3.6738994941897527,-0.18230415667649413
4.126,0.49996052210190806,-0.07895475716450734,0.046308536724887515,3.666579511562033,-0.18230415667649413
4.127,0.49984209464165,-0.15789704645758737,0.049967803573804453,3.6592668489169413,-0.18230415667649413
4.128,0.49964473632029466,-0.23681440197663112,0.05361976507273895,3.6519614989344946,-0.18230415667649413
4.1290000000000004,0.4993684783030087,-0.31569436175640764,0.05726442852704098,3.64466345430203,-0.18230415667649413
4.13,0.4990133642141359,-0.3945244697367286,0.060898882147771956,3.634453620730979,-0.32825850583743776
4.131,0.4985794501303069,-0.4732922777298945,0.06452313614476546,3.6242539969934997,-0.32825850583743776
4.132,0.4980668045715865,-0.5519853473857397,0.06813720071764522,3.6140645728797574,-0.32825850583743776
4.133,0.49747550849065003,-0.6305912521565045,0.07174108605583535,3.603885338190129,-0.32825850583743776
4.134,0.4968056552600042,-0.7090975792584635,0.07533480233857054,3.59371628273519,-0.32825850583743776
4.135,0.49605735065723944,-0.7874919316324934,0.07891546655766954,3.5806642190989955,-0.4729173676729673
4.136,0.4952307128483257,-0.8657619299017112,0.08248309176519597,3.567625207526437,-0.4729173676729673
4.1370000000000005,0.49432587236895664,-0.9438952143259667,0.08603769100016143,3.554599234965451,-0.4729173676729673
4.138,0.4933429721039343,-1.0218794467538113,0.08957927728853846,3.5415862883770264,-0.4729173676729673
4.139,0.49228216726460244,-1.0997023125710992,0.09310786364327364,3.52858635473519,-0.4729173676729673
4.14,0.4911436253643448,-1.1773515226449909,0.09662060721485866,3.5127435715850166,-0.6157098397719118
4.141,0.48992752619212326,-1.2548148152652525,0.10011752384607665,3.4969166312179936,-0.6157098397719118
4.142,0.4886340617840967,-1.3320799580798652,0.10359862936386799,3.4811055177913373,-0.6157098397719118
4.143,0.4872634363932894,-1.409134750027093,0.1070639395793461,3.4653102154781075,-0.6157098397719118
4.144,0.4858158664573371,-1.4859670232621702,0.11051347028781329,3.4495307084671913,-0.6157098397719118
4.1450000000000005,0.48429158056431487,-1.5625646450783979,0.1139444300178618,3.4309597300485106,-0.7560723855106736
4.146,0.4826908194166373,-1.638915519823257,0.11735683734047005,3.4124073226082485,-0.7560723855106736
4.147,0.4810138357930424,-1.715007590808711,0.12075071080804547,3.393873467575427,-0.7560723855106736
4.148,0.47926089450868853,-1.7908288422144918,0.12412606895444311,3.375358146397638,-0.7560723855106736
4.149,0.4774322723733222,-1.8663673009861834,0.12748293029498414,3.356861340541027,-0.7560723855106736
4.15,0.47552825814757654,-1.9416110387254757,0.13081856575302314,3.3356354580389906,-0.893451058074766
4.151,0.47354915249737317,-2.0165481735737987,0.1341329965544426,3.3144308014194563,-0.893451058074766
4.152,0.47149526794643226,-2.0911668720890315,0.13742624390389915,3.2932473494565415,-0.893451058074766
4.1530000000000005,0.469366928826936,-2.1654553511135854,0.14069832898484474,3.2720850809455895,-0.893451058074766
4.154,0.4671644712283063,-2.23940187963536,0.1439492729595479,3.2509439747031488,-0.893451058074766
4.155,0.4648882429441261,-2.312994780640412,0.14717641991654368,3.2271469569957674,-1.0273036866339118
4.156,0.46253860341722963,-2.3862224329565147,0.15037979365284976,3.2033737363060935,-1.0273036866339118
4.157,0.46011592368293597,-2.4590732730884857,0.15355941794168687,3.1796242888371093,-1.0273036866339118
4.158,0.4576205863104583,-2.5315357970441954,0.15671531653250245,3.155898590815594,-1.0273036866339118
4.159,0.455052985342499,-2.603598562150976,0.15984751315099455,3.1321966184921,-1.0273036866339118
4.16,0.4524135262330096,-2.6752501888630023,0.1629534355325473,3.105922381552758,-1.1571020160425007
4.1610000000000005,0.449702625783184,-2.7464793625577224,0.16603310995139764,3.079674418850355,-1.1571020160425007
4.162,0.44692071207563205,-2.8172748353228156,0.16908656265550828,3.0534527041106547,-1.1571020160425007
4.163,0.4440682244067726,-2.887625427732566,0.17211381986659396,3.027257211085694,-1.1571020160425007
4.164,0.4411456132174772,-2.9575200306128613,0.1751149077801477,3.001087913553758,-1.1571020160425007
4.165,0.43815334002193257,-3.026947606795663,0.17808734792995548,2.9724401498077793,-1.2823337916212565
4.166,0.435091877334762,-3.0958971928619006,0.18103116896378102,2.943821033825546,-1.2823337916212565
4.167,0.43196170859641886,-3.1643579008725293,0.18394639950074032,2.9152305369592955,-1.2823337916212565
4.168,0.4287633280968257,-3.2323189200882867,0.18683306813133024,2.886668630589911,-1.2823337916212565
4.1690000000000005,0.4254972408973457,-3.2997695186762943,0.18969120341745713,2.8581352861268963,-1.2823337916212565
4.17,0.42216396275100754,-3.36669904540516,0.19251843047268205,2.827227055224919,-1.4025047807925162
4.171,0.41876402002107105,-3.433096931326744,0.1953147802052359,2.7963497325538436,-1.4025047807925162
4.172,0.4152979495979087,-3.498952691445112,0.19808028349244133,2.7655032872054393,-1.4025047807925162
4.173,0.41176629881421434,-3.5642559263724287,0.2008149711807437,2.7346876883023836,-1.4025047807925162
4.174,0.4081696253585908,-3.6289963239708047,0.20351887408574193,2.703902904998231,-1.4025047807925162
4.175,0.40450849718747484,-3.6931636609808938,0.20618973027336335,2.670856187621427,-1.5171407235902716
4.176,0.40078349243543754,-3.756747804636475,0.20882757279032535,2.637842516962,-1.5171407235902716
4.1770000000000005,0.39699519932391714,-3.819738714264065,0.2114324346502986,2.6048618599732323,-1.5171407235902716
4.178,0.39314421606831135,-3.8821264428688225,0.21400434883394004,2.5719141836414536,-1.5171407235902716
4.179,0.38923115078351167,-3.943901138705283,0.21654334828892605,2.5389994549860067,-1.5171407235902716
4.18,0.38525662138789707,-4.005053046832721,0.21904729296037012,2.503944671444067,-1.6257892043476763
4.181,0.3812212555057244,-4.065572510656085,0.22151621790305578,2.4689249426856694,-1.6257892043476763
4.182,0.37712569036805027,-4.1254499734504035,0.22395015813671182,2.4339402336560303,-1.6257892043476763
4.183,0.37297057271209205,-4.184675979870114,0.22634914864604724,2.398990509335421,-1.6257892043476763
4.184,0.3687565586790858,-4.243241177442367,0.22871322438078637,2.364075734739132,-1.6257892043476763
4.1850000000000005,0.3644843137107049,-4.301136318043456,0.23104037561104726,2.327151230260894,-1.7280214371749392
4.186,0.3601545124439553,-4.35835225935954,0.2333306392613344,2.2902636502871343,-1.7280214371749392
4.187,0.3557678386046423,-4.414879966330314,0.23558405221922776,2.253412957893348,-1.7280214371749392
4.188,0.35132498489942704,-4.470710512575429,0.23780065133541972,2.216599116191956,-1.7280214371749392
4.189,0.3468266529064027,-4.525835081804549,0.23998047342375198,2.179822088332265,-1.7280214371749392
4.19,0.34227355296434225,-4.580244969209107,0.24212164701083227,2.141173587080308,-1.8234339581812309
4.191,0.337666404060513,-4.633931582837083,0.24422421074516187,2.1025637343296033,-1.8234339581812309
4.192,0.3330059337171269,-4.68688644494992,0.24628820323659353,2.063992491431649,-1.8234339581812309
4.1930000000000005,0.32829287787647693,-4.739101193361018,0.24831366305637012,2.0254598197765925,-1.8234339581812309
4.194,0.3235279807847239,-4.790567582756221,0.2503006287371633,1.9869656807931912,-1.8234339581812309
4.195,0.31871199487434415,-4.841277485996144,0.25224737444792045,1.9467457107571493,-1.9116502177624386
4.196,0.31384568064535256,-4.891222895399102,0.2541539404086116,1.9065659606911434,-1.9116502177624386
4.197,0.30892980654516705,-4.9403959240060775,0.2560203667989868,1.8664263903752034,-1.9116502177624386
4.198,0.3039651488473029,-4.98878880682574,0.2578466937586164,1.8263269596295795,-1.9116502177624386
4.199,0.29895249152875997,-5.0363939020609285,0.2596329613869311,1.7862676283147012,-1.9116502177624386
4.2,0.2938926261462374,-5.083203692315252,0.2613775963062841,1.744634919352979,-1.9923220666703734
4.2010000000000005,0.28878635171113204,-5.129210785780218,0.2630806401493843,1.7030438431002186,-1.9923220666703734
4.202,0.28363447456337976,-5.174407917402361,0.26474213450730805,1.661494357923711,-1.9923220666703734
4.203,0.27843780824409287,-5.218787950030756,0.2663621209295404,1.6199864222323797,-1.9923220666703734
4.204,0.2731971733671367,-5.262343875543683,0.26794064092401715,1.5785199944767399,-1.9923220666703734
4.205,0.26791339748949783,-5.305068815955685,0.26947627977589944,1.5356388518822879,-2.0651311299987656
4.206,0.2625873149806477,-5.346956024503315,0.2709690803663299,1.4928005904304302,-2.0651311299987656
4.207,0.25721976689075343,-5.387998886710795,0.2724190855335699,1.4500051672400245,-2.0651311299987656
4.208,0.25181160081788095,-5.428190921434399,0.27382633807304274,1.407252539472809,-2.0651311299987656
4.2090000000000005,0.24636367077414356,-5.467525781885945,0.2751908807373761,1.364542664333361,-2.0651311299987656
4.21,0.24087683705085886,-5.5059972566349185,0.27651146305777186,1.3205823203957572,-2.1297900636635183
4.211,0.2353519660826647,-5.543599270589566,0.27778812899457395,1.276665936802091,-2.1297900636635183
4.212,0.22978993031074585,-5.580325885955905,0.279020922464166,1.2327934695920184,-2.1297900636635183
4.213,0.22419160804501523,-5.616171303175703,0.28020988733901514,1.188964874849156,-2.1297900636635183
4.214,0.2185578833254659,-5.651129861841985,0.28135506744771616,1.1451801087010365,-2.1297900636635183
4.215,0.21288964578253936,-5.6851960415930884,0.2824553815025401,1.1003140548239636,-2.1860436884185908
4.216,0.20718779049664224,-5.718364462984379,0.28351087436954087,1.0554928670007677,-2.1860436884185908
4.2170000000000005,0.2014532178568286,-5.7506298883375795,0.28452159086990625,1.010716500365395,-2.1860436884185908
4.218,0.1956868334186021,-5.78198722256796,0.2854875757800029,0.9659849100966579,-2.1860436884185908
4.219,0.18988954776089853,-5.812431513989008,0.28640887383142105,0.9212980514181894,-2.1860436884185908
4.22,0.1840622763423406,-5.841957955094121,0.2872845771848492,0.8757033534281342,-2.2336699969318543
4.221,0.17820593935662735,-5.870561883316016,0.2881147314349852,0.830154250136069,-2.2336699969318543
4.222,0.17232146158725756,-5.8982387817628394,0.2888993821309325,0.7846506959472959,-2.2336699969318543
4.223,0.16640977226149606,-5.924984279931438,0.2896385747762452,0.7391926453127114,-2.2336699969318543
4.224,0.16047180490360452,-5.950794154397669,0.29033235482897396,0.6937800527287616,-2.2336699969318543
4.225,0.15450849718747722,-5.975664329483098,0.2909799914810511,0.6476366520771019,-2.272481029946551
4.226,0.14852079078851796,-5.99959087789883,0.2915815308758772,0.6015393948260938,-2.272481029946551
4.227,0.14250963123498556,-6.0225700213654765,0.2921370191107095,0.5554882348323367,-2.272481029946551
4.228,0.13647596775866389,-6.044598131209878,0.2926465022367081,0.5094831259985733,-2.272481029946551
4.229,0.1304207531449501,-6.06567172893817,0.2931100262589817,0.46352402227364364,-2.272481029946551
4.23,0.12434494358242598,-6.0857874867849775,0.29352704028487164,0.41701402588995606,-2.3023236180706976
4.231,0.11824949851186477,-6.104942228238912,0.2938975908243743,0.37055053950265215,-2.3023236180706976
4.232,0.11213538047468995,-6.123132928544293,0.294221724340976,0.32413351660173556,-2.3023236180706976
4.233,0.10600355496103052,-6.140356715178629,0.2944994872516997,0.2777629107237199,-2.3023236180706976
4.234,0.09985499025720362,-6.156610868306384,0.2947309259271513,0.23143867545158223,-2.3023236180706976
4.235,0.09369065729286281,-6.171892821208326,0.29491567156420206,0.18474563705079966,-2.323079986266549
4.236,0.0875115294876389,-6.186200160686949,0.29505377085589046,0.13809929168841786,-2.323079986266549
4.237,0.08131858259744307,-6.1995306274474915,0.29514527044856187,0.09149959267139846,-2.323079986266549
4.238,0.07511279456037667,-6.211882116454728,0.2951902169419153,0.04494649335339607,-2.323079986266549
4.239,0.06889514534232108,-6.223252677265341,0.29518865688905,-0.0015600528652883056,-2.323079986266549
4.24,0.06266661678215103,-6.233640514335993,0.29514040503186445,-0.048251857185523196,-2.334668218655009
4.241,0.05642819243674368,-6.243043987306766,0.295045508062163,-0.09489696970143785,-2.334668218655009
4.242,0.050180857425607135,-6.251461611260292,0.29490401262505817,-0.14149543710483659,-2.334668218655009
4.243,0.043925598275371666,-6.258892056956154,0.29471596531901734,-0.18804730604083192,-2.334668218655009
4.244,0.03766340276397037,-6.2653341510408405,0.29448141269590944,-0.23455262310789127,-2.334668218655009
4.245,0.03139525976465755,-6.270786876233026,0.29420035377378867,-0.28105892212078426,-2.337042581800044
4.246,0.02512215908988248,-6.275249371484186,0.293872835058954,-0.3275187148346643,-2.337042581800044
4.247,0.01884509133496891,-6.278720932114586,0.2934989030111982,-0.37393204775583055,-2.337042581800044
4.248,0.012565047721667222,-6.281201009924567,0.2930786040438541,-0.4202989673440756,-2.337042581800044
4.249,0.00628301994167873,-6.2826892132810865,0.29261198452384135,-0.46661952001273244,-2.337042581800044
4.25,-7.354070601250002e-16,-6.283185307179586,0.2920992277492447,-0.5127567745966746,-2.3301937051977406
4.251,-0.006283019941676648,-6.2826892132810865,0.2915403798573187,-0.5588478919260327,-2.3301937051977406
4.252,-0.012565047721665142,-6.281201009924568,0.2909354869391806,-0.6048929181380615,-2.3301937051977406
4.253,-0.018845091334966833,-6.278720932114588,0.2902845950398567,-0.6508918993238781,-2.3301937051977406
4.2540000000000004,-0.0251221590898875,-6.2752493714841835,0.2895877501583282,-0.6968448815285091,-2.3301937051977406
4.255,-0.03139525976465547,-6.270786876233028,0.2888453191493161,-0.742431009012127,-2.314148618257323
4.256,-0.0376634027639683,-6.265334151040842,0.28805734759894785,-0.7879715503682613,-2.314148618257323
4.257,-0.04392559827536959,-6.258892056956157,0.2872238810477648,-0.8334665511830395,-2.314148618257323
4.258,-0.05018085742560506,-6.251461611260295,0.2863449649907678,-0.8789160569970029,-2.314148618257323
4.259,-0.05642819243674161,-6.24304398730677,0.2854206448774626,-0.9243201133051524,-2.314148618257323
4.26,-0.06266661678214898,-6.233640514335996,0.28445146967139817,-0.9691752060644168,-2.2889706436284762
4.261,-0.06889514534231903,-6.223252677265344,0.28343748422766724,-1.013985443730922,-2.2889706436284762
4.2620000000000005,-0.07511279456038164,-6.211882116454718,0.2823787333565075,-1.0587508711597606,-2.2889706436284762
4.263,-0.08131858259744101,-6.199530627447496,0.28127526182334633,-1.1034715331611704,-2.2889706436284762
4.264,-0.08751152948763685,-6.186200160686953,0.28012711434884574,-1.1481474745005789,-2.2889706436284762
4.265,-0.09369065729286076,-6.17189282120833,0.27893501983887375,-1.192094509971993,-2.2547591472957382
4.266,-0.09985499025720158,-6.156610868306388,0.27769902224046583,-1.2359975984079359,-2.2547591472957382
4.267,-0.10600355496102849,-6.140356715178634,0.2764191654567104,-1.2798567837554427,-2.2547591472957382
4.268,-0.1121353804746879,-6.123132928544299,0.2750954933467928,-1.3236721099176019,-2.2547591472957382
4.269,-0.11824949851186274,-6.104942228238918,0.2737280497260392,-1.367443620753599,-2.2547591472957382
4.2700000000000005,-0.12434494358243085,-6.0857874867849615,0.27231774056597785,-1.4103091600613724,-2.211649146426349
4.271,-0.1304207531449481,-6.065671728938177,0.270864608732148,-1.453131833829838,-2.211649146426349
4.272,-0.1364759677586619,-6.044598131209885,0.2693686970472235,-1.495911684924535,-2.211649146426349
4.273,-0.14250963123498356,-6.0225700213654845,0.26783004829105533,-1.5386487561681375,-2.211649146426349
4.274,-0.148520790788516,-5.999590877898837,0.26624870520071486,-1.5813430903404964,-2.211649146426349
4.275,-0.15450849718747525,-5.975664329483105,0.2646257472379343,-1.622957962780539,-2.159810776519163
4.276,-0.16047180490360255,-5.950794154397677,0.26296121601758615,-1.6645312203481417,-2.159810776519163
4.277,-0.16640977226149412,-5.924984279931446,0.26125515311292796,-1.7060629046581768,-2.159810776519163
4.2780000000000005,-0.17232146158725895,-5.898238781762832,0.25950760005564405,-1.7475530572839018,-2.159810776519163
4.279,-0.1782059393566254,-5.870561883316026,0.25771859833588706,-1.7890017197570012,-2.159810776519163
4.28,-0.18406227634233865,-5.841957955094131,0.2558893966454507,-1.829201690436396,-2.09944861995759
4.281,-0.1898895477608966,-5.812431513989018,0.25402003518430555,-1.8693614611451113,-2.09944861995759
4.282,-0.1956868334186002,-5.78198722256797,0.25211055411222244,-1.909481072083118,-2.09944861995759
4.283,-0.2014532178568332,-5.750629888337554,0.25016099354881227,-1.9495605634101865,-2.09944861995759
4.284,-0.20718779049664035,-5.71836446298439,0.24817139357356635,-1.9895999752459281,-2.09944861995759
4.285,-0.21288964578253747,-5.6851960415931,0.24614316718032334,-2.0282263932430094,-2.0308008986163593
4.2860000000000005,-0.21855788332546724,-5.651129861841977,0.24407635299550123,-2.0668141848220936,-2.0308008986163593
4.287,-0.22419160804501337,-5.616171303175714,0.24197098960689165,-2.105363388609599,-2.0308008986163593
4.288,-0.22978993031074402,-5.580325885955918,0.23982711556369832,-2.1438740431933163,-2.0308008986163593
4.289,-0.23535196608266287,-5.543599270589579,0.23764476937657586,-2.1823461871224503,-2.0308008986163593
4.29,-0.24087683705085702,-5.505997256634931,0.23542552276496637,-2.2192466116095,-1.95413853370861
4.291,-0.24636367077414792,-5.467525781885914,0.2331694126292943,-2.2561101356720625,-1.95413853370861
4.292,-0.2518116008178791,-5.428190921434412,0.23087647583308374,-2.2929367962105625,-1.95413853370861
4.293,-0.2572197668907516,-5.387998886710808,0.22854674920299523,-2.329726630088524,-1.95413853370861
4.2940000000000005,-0.26258731498064897,-5.346956024503306,0.2261802695288626,-2.3664796741326075,-1.95413853370861
4.295,-0.26791339748949605,-5.3050688159557,0.22377876105287245,-2.401508475990148,-1.869764076583645
4.296,-0.27319717336713495,-5.2623438755436975,0.22134225880382663,-2.4365022490458306,-1.869764076583645
4.297,-0.27843780824409115,-5.21878795003077,0.21887079777549817,-2.4714610283284575,-1.869764076583645
4.298,-0.28363447456337804,-5.174407917402375,0.21636441292666636,-2.506384848831802,-1.869764076583645
4.299,-0.28878635171113615,-5.129210785780182,0.21382313918115173,-2.541273745514643,-1.869764076583645
4.3,-0.2938926261462357,-5.0832036923152675,0.2112488464990887,-2.574292682063027,-1.7780105146949623
4.301,-0.2989524915287583,-5.0363939020609445,0.20864156789941385,-2.6072785996748635,-1.7780105146949623
4.3020000000000005,-0.3039651488473041,-4.9887888068257285,0.20600133636804477,-2.640231531369088,-1.7780105146949623
4.303,-0.30892980654516544,-4.940395924006094,0.20332818485791315,-2.673151510131618,-1.7780105146949623
4.304,-0.31384568064535096,-4.891222895399118,0.20062214628899777,-2.706038568915386,-1.7780105146949623
4.305,-0.31871199487434254,-4.8412774859961605,0.19788522895950228,-2.7369173294954887,-1.6792399574509131
4.306,-0.3235279807847223,-4.790567582756238,0.19511746374818728,-2.7677652113150115,-1.6792399574509131
4.307,-0.32829287787647804,-4.739101193361005,0.19231888150293458,-2.7985822452527147,-1.6792399574509131
4.308,-0.33300593371712534,-4.686886444949938,0.1894895130407781,-2.8293684621564803,-1.6792399574509131
4.309,-0.33766640406051146,-4.633931582837101,0.18662938914793475,-2.860123892843342,-1.6792399574509131
4.3100000000000005,-0.3422735529643459,-4.5802449692090645,0.18374064853484157,-2.8887406130931845,-1.573842207134278
4.311,-0.3468266529064012,-4.525835081804567,0.18082331981821878,-2.917328716622777,-1.573842207134278
4.312,-0.35132498489942554,-4.4707105125754465,0.17787743158616995,-2.9458882320488398,-1.573842207134278
4.313,-0.35576783860464084,-4.414879966330332,0.17490301239821046,-2.9744191879594766,-1.573842207134278
4.314,-0.36015451244395386,-4.35835225935956,0.17190009078529625,-3.0029216129142027,-1.573842207134278
4.315,-0.3644843137107059,-4.301136318043443,0.16887092742958434,-3.029163355711904,-1.4622332205307762
4.316,-0.3687565586790844,-4.2432411774423855,0.16581554857281755,-3.0553788567668074,-1.4622332205307762
4.317,-0.37297057271209066,-4.184675979870134,0.1627339804304969,-3.081568142320656,-1.4622332205307762
4.3180000000000005,-0.3771256903680536,-4.125449973450356,0.15962624919190793,-3.107731238588951,-1.4622332205307762
4.319,-0.38122125550572306,-4.0655725106561045,0.15649238102014695,-3.1338681717609775,-1.4622332205307762
4.32,-0.38525662138789574,-4.005053046832741,0.15333474964721097,-3.1576313729359686,-1.3448534673376145
4.321,-0.38923115078351034,-3.9439011387053036,0.1501533788363012,-3.181370810909785,-1.3448534673376145
4.322,-0.39314421606831007,-3.882126442868843,0.14694829232685558,-3.2050865094456276,-1.3448534673376145
4.323,-0.396995199323918,-3.81973871426405,0.14371951383457265,-3.228778492282934,-1.3448534673376145
4.324,-0.4007834924354363,-3.756747804636496,0.14046706705143525,-3.2524467831374033,-1.3448534673376145
4.325,-0.4045084971874736,-3.6931636609809146,0.13719342939124438,-3.273637660190883,-1.2221661918308713
4.3260000000000005,-0.4081696253585937,-3.628996323970754,0.13389862204487707,-3.2948073463673095,-1.2221661918308713
4.327,-0.41176629881421317,-3.5642559263724505,0.1305826661820195,-3.31595586285756,-1.2221661918308713
4.328,-0.41529794959790756,-3.4989526914451337,0.12724558295118818,-3.3370832308313196,-1.2221661918308713
4.329,-0.41876402002106994,-3.4330969313267663,0.12388739347975107,-3.3581894714371057,-1.2221661918308713
4.33,-0.4221639627510064,-3.3666990454051824,0.12051066908609237,-3.3767243936587072,-1.0946555846519381
4.331,-0.4254972408973465,-3.2997695186762783,0.11711542830513429,-3.3952407809580873,-1.0946555846519381
4.332,-0.4287633280968246,-3.232318920088309,0.11370168965326412,-3.413738651870168,-1.0946555846519381
4.333,-0.4319617085964178,-3.1643579008725515,0.11026947162835278,-3.4322180249113368,-1.0946555846519381
4.3340000000000005,-0.4350918773347645,-3.095897192861846,0.10681879270977332,-3.4506789185794644,-1.0946555846519381
4.335,-0.43815334002193157,-3.026947606795686,0.10335230797267386,-3.4664847370994503,-0.9628248719282761
4.336,-0.4411456132174762,-2.9575200306128844,0.09987003322287294,-3.4822747498009163,-0.9628248719282761
4.337,-0.4440682244067717,-2.8876254277325892,0.09637198425038326,-3.498048972489681,-0.9628248719282761
4.338,-0.4469207120756311,-2.817274835322839,0.09285817682942751,-3.513807420955757,-0.9628248719282761
4.339,-0.44970262578318615,-2.7464793625576656,0.08932862671845415,-3.5295501109733665,-0.9628248719282761
4.34,-0.45241352623300873,-2.675250188863026,0.08578606227100637,-3.5425644474477895,-0.8271943292698236
4.341,-0.4550529853424981,-2.603598562151,0.08223049650142063,-3.5555657695857383,-0.8271943292698236
4.3420000000000005,-0.4576205863104603,-2.5315357970441377,0.07866194241101908,-3.568554090401549,-0.8271943292698236
4.343,-0.46011592368293514,-2.4590732730885096,0.07508041298812254,-3.581529422896544,-0.8271943292698236
4.344,-0.46253860341722886,-2.386222432956539,0.07148592120806349,-3.594491780059044,-0.8271943292698236
4.345,-0.4648882429441254,-2.312994780640436,0.06788125793521493,-3.604663272848561,-0.6882992284787953
4.346,-0.46716447122830557,-2.2394018796353845,0.06426643334106964,-3.6148245941452886,-0.6882992284787953
4.347,-0.4693669288269377,-2.1654553511135264,0.06064145758694892,-3.6249757541207193,-0.6882992284787953
4.348,-0.47149526794643154,-2.091166872089056,0.05700634082401275,-3.6351167629361743,-0.6882992284787953
4.349,-0.4735491524973725,-2.0165481735738235,0.05336109319326993,-3.645247630742814,-0.6882992284787953
4.3500000000000005,-0.475528258147577,-1.941611038725458,0.049708557055656334,-3.652536137613601,-0.5466877250764871
4.351,-0.4774322723733216,-1.8663673009862085,0.04604873969967882,-3.659817355977517,-0.5466877250764871
4.352,-0.4792608945086879,-1.790828842214517,0.04238164840655575,-3.6670912931230695,-0.5466877250764871
4.353,-0.48101383579304186,-1.715007590808736,0.03870729045022427,-3.6743579563314763,-0.5466877250764871
4.354,-0.4826908194166367,-1.6389155198232825,0.035025673097347595,-3.6816173528766747,-0.5466877250764871
4.355,-0.48429158056431615,-1.5625646450783368,0.03133967898792412,-3.6859941094234747,-0.40291869498382604
4.356,-0.4858158664573366,-1.4859670232621955,0.02764931249871039,-3.690366489213728,-0.40291869498382604
4.357,-0.4872634363932889,-1.4091347500271185,0.0239545780020862,-3.6947344966241906,-0.40291869498382604
4.358,-0.48863406178409624,-1.332079958079891,0.020255479866058957,-3.699098136027243,-0.40291869498382604
4.359,-0.4899275261921229,-1.2548148152652783,0.016552022454268064,-3.7034574117908923,-0.40291869498382604
4.36,-0.4911436253643444,-1.1773515226450164,0.012847117309311092,-3.7049051449569705,-0.2575595288934621
4.361,-0.49228216726460206,-1.0997023125711252,0.009140765878921209,-3.706351430389883,-0.2575595288934621
4.362,-0.49334297210393396,-1.021879446753837,0.0054329696093838465,-3.7077962695373623,-0.2575595288934621
4.363,-0.4943258723689574,-0.9438952143259043,0.0017237299455381523,-3.709239663845694,-0.2575595288934621
4.364,-0.4952307128483254,-0.8657619299017372,-0.001986951669221565,-3.7106816147597175,-0.2575595288934621
4.365,-0.49605735065723916,-0.7874919316325195,-0.005696146280227281,-3.7091946110057155,-0.11118389303787568
4.366,-0.496805655260004,-0.7090975792584895,-0.009403855374482748,-3.7077090942554674,-0.11118389303787568
4.367,-0.49747550849064986,-0.6305912521565304,-0.013110080437504716,-3.7062250630219693,-0.11118389303787568
4.368,-0.4980668045715863,-0.5519853473857658,-0.01681482295332442,-3.7047425158197047,-0.11118389303787568
4.369,-0.49857945013030674,-0.4732922777299206,-0.020518084404489063,-3.7032614511646424,-0.11118389303787568
4.37,-0.4990133642141358,-0.39452446973675476,-0.024216929983506358,-3.6988455790172963,0.035630534809072745
4.371,-0.4993684783030089,-0.31569436175634463,-0.027911364106248455,-3.6944341227420976,0.035630534809072745
4.372,-0.4996447363202946,-0.23681440197665724,-0.03160139118417163,-3.690027077923174,0.035630534809072745
4.373,-0.49984209464164997,-0.1578970464576135,-0.0352870156243207,-3.6856244401490694,0.035630534809072745
4.374,-0.49996052210190806,-0.0789547571645335,-0.038968241829333436,-3.681226205012739,0.035630534809072745
4.375,-0.5,-2.4626874049680153e-14,-0.04264214072123791,-3.6738988919044764,0.18230434516248128
4.376,-0.49996052210190806,0.07895475716452889,-0.046308719627347235,-3.666578906109322,0.18230434516248128
4.377,-0.4998420946416501,0.15789704645756428,-0.0499679858676472,-3.659266240299963,0.18230434516248128
4.378,-0.4996447363202946,0.23681440197665266,-0.05361994675480361,-3.6519608871564135,0.18230434516248128
4.3790000000000004,-0.49936847830300873,0.3156943617563846,-0.05726460959416962,-3.6446628393660077,0.18230434516248128
4.38,-0.4990133642141358,0.39452446973675015,-0.06089906259702644,-3.634453002856824,0.32825868349089504
4.381,-0.498579450130307,0.4732922777298715,-0.0645233159732106,-3.624253376184149,0.32825868349089504
4.382,-0.49806680457158664,0.5519853473857166,-0.06813737992234874,-3.614063949138147,0.32825868349089504
4.383,-0.49747550849065025,0.6305912521564815,-0.07174126463386793,-3.603884711519191,0.32825868349089504
4.384,-0.49680565526000403,0.7090975792584849,-0.07533498028700579,-3.593715653137854,0.32825868349089504
4.385,-0.4960573506572392,0.787491931632515,-0.0789156438737967,-3.5806635867909034,0.4729175346906438
4.386,-0.4952307128483255,0.8657619299017326,-0.08248326844630699,-3.5676245725102995,0.4729175346906438
4.3870000000000005,-0.4943258723689569,0.9438952143259438,-0.08603786704355097,-3.5545985972439764,0.4729175346906438
4.388,-0.493342972103934,1.0218794467538326,-0.08957945269150389,-3.5415856479529197,0.4729175346906438
4.389,-0.4922821672646027,1.0997023125710765,-0.09310803840311505,-3.528585711611154,0.4729175346906438
4.39,-0.49114362536434514,1.1773515226449682,-0.0966207813290875,-3.5127429259724554,0.6157099963543766
4.391,-0.48992752619212365,1.2548148152652299,-0.10011769731220689,-3.496915983119395,0.6157099963543766
4.392,-0.4886340617840963,1.3320799580798863,-0.10359880217941608,-3.481104867209188,0.6157099963543766
4.393,-0.487263436393289,1.409134750027114,-0.10706411174183098,-3.4653095624148915,0.6157099963543766
4.394,-0.48581586645733665,1.485967023262191,-0.11051364179475637,-3.449530052925389,0.6157099963543766
4.3950000000000005,-0.4842915805643153,1.5625646450783754,-0.1139446008669916,-3.4309590722352237,0.7560725318620113
4.396,-0.4826908194166377,1.6389155198232348,-0.11735700752951735,-3.4124066625257483,0.7560725318620113
4.397,-0.4810138357930429,1.715007590808689,-0.12075088033474332,-3.3938728052259823,0.7560725318620113
4.398,-0.47926089450868903,1.7908288422144698,-0.12412623781652683,-3.375357481783516,0.7560725318620113
4.399,-0.4774322723733217,1.8663673009862038,-0.12748309849019132,-3.3568606736644924,0.7560725318620113
4.4,-0.47552825814757604,1.941611038725496,-0.1308187332792941,-3.3356347891027833,0.893451194402227
4.401,-0.4735491524973726,2.0165481735738195,-0.13413316340971976,-3.314430130425636,0.893451194402227
4.402,-0.47149526794643287,2.0911668720890098,-0.1374264100861269,-3.2932466764071657,0.893451194402227
4.4030000000000005,-0.4693669288269366,2.1654553511135637,-0.1406984944919696,-3.272084405842714,0.893451194402227
4.404,-0.46716447122830695,2.2394018796353383,-0.14394943778951844,-3.250943297548827,0.893451194402227
4.405,-0.4648882429441255,2.312994780640432,-0.14717658406750678,-3.227146277988327,1.0273038131475636
4.406,-0.4625386034172303,2.3862224329564934,-0.15037995712295416,-3.203373055447387,1.0273038131475636
4.407,-0.46011592368293525,2.4590732730885057,-0.15355958072908316,-3.1796236061289886,1.0273038131475636
4.408,-0.4576205863104576,2.531535797044215,-0.15671547863534308,-3.1558979062599084,1.0273038131475636
4.409,-0.4550529853424983,2.603598562150996,-0.15984767456743376,-3.1321959320906974,1.0273038131475636
4.41,-0.4524135262330104,2.6752501888629814,-0.16295359626093328,-3.1059216934995075,1.1571021329549502
4.4110000000000005,-0.44970262578318476,2.7464793625577015,-0.1660332699900802,-3.079673729146909,1.1571021329549502
4.412,-0.4469207120756329,2.817274835322795,-0.16908672200283886,-3.053452012758663,1.1571021329549502
4.413,-0.44406822440677185,2.8876254277325852,-0.17211397852092566,-3.0272565180868054,1.1571021329549502
4.414,-0.441145613217478,2.957520030612841,-0.1751150657398353,-3.0010872189096194,1.1571021329549502
4.415,-0.43815334002193174,3.026947606795682,-0.17808750519354305,-2.9724394537077616,1.2823338991473974
4.416,-0.43509187733476296,3.0958971928618806,-0.18103132552981416,-2.9438203362711057,1.2823338991473974
4.417,-0.43196170859641797,3.164357900872548,-0.18394655536776605,-2.9152298379518866,1.2823338991473974
4.418,-0.42876332809682666,3.232318920088267,-0.18683322329789703,-2.886667930130987,1.2823338991473974
4.4190000000000005,-0.4254972408973448,3.2997695186763125,-0.18969135788211494,-2.858134584217908,1.2823338991473974
4.42,-0.4221639627510085,3.3666990454051406,-0.19251858423416565,-2.8272263520507077,1.4025048791491275
4.421,-0.4187640200210701,3.433096931326762,-0.19531493326228133,-2.7963490281156744,1.4025048791491275
4.422,-0.4152979495979078,3.49895269144513,-0.1980804358437859,-2.765502581504576,1.4025048791491275
4.423,-0.4117662988142134,3.564255926372447,-0.20081512282512598,-2.734686981340089,1.4025048791491275
4.424,-0.40816962535859186,3.628996323970787,-0.20351902502190175,-2.7039021967757666,1.4025048791491275
4.425,-0.4045084971874759,3.693163660980875,-0.20618988050022083,-2.670855478319074,1.5171408129958441
4.426,-0.40078349243543865,3.756747804636456,-0.20882772230680166,-2.637841806580838,1.5171408129958441
4.4270000000000005,-0.3969951993239161,3.819738714264082,-0.21143258345531601,-2.6048611485143405,1.5171408129958441
4.428,-0.3931442160683103,3.8821264428688393,-0.21400449692642193,-2.5719134711059093,1.5171408129958441
4.429,-0.38923115078351056,3.9439011387053,-0.21654349566779682,-2.5389987413748867,1.5171408129958441
4.43,-0.38525662138789596,4.005053046832738,-0.2190474396247299,-2.50394395693307,1.6257892850220892
4.431,-0.38122125550572555,4.065572510656067,-0.22151636385200557,-2.4689242272756955,1.6257892850220892
4.432,-0.3771256903680515,4.125449973450387,-0.22395030336935354,-2.433939517347978,1.6257892850220892
4.433,-0.3729705727120933,4.184675979870097,-0.22634929316148372,-2.398989792130188,1.6257892850220892
4.434,-0.3687565586790871,4.24324117744235,-0.22871336817812135,-2.364075016637616,1.6257892850220892
4.4350000000000005,-0.3644843137107037,4.301136318043472,-0.23104051868955555,-2.327150511434195,1.7280215093391613
4.436,-0.36015451244395413,4.358352259359556,-0.23333078162029153,-2.2902629307359774,1.7280215093391613
4.437,-0.3557678386046411,4.414879966330329,-0.23558419385791,-2.253412237618458,1.7280215093391613
4.438,-0.3513249848994258,4.470710512575443,-0.23780079225310405,-2.2165983951940564,1.7280215093391613
4.439,-0.346826652906404,4.525835081804533,-0.23998061361971612,-2.1798213666120794,1.7280215093391613
4.44,-0.3422735529643436,4.580244969209092,-0.24212178648452046,-2.1411728648043256,1.8234340220570964
4.441,-0.33766640406051435,4.633931582837068,-0.24422434949601884,-2.102563011498379,1.8234340220570964
4.442,-0.3330059337171256,4.686886444949935,-0.24628834126406457,-2.0639917680457387,1.8234340220570964
4.4430000000000005,-0.32829287787647565,4.739101193361032,-0.2483138003599011,-2.025459095836551,1.8234340220570964
4.444,-0.32352798078472256,4.7905675827562355,-0.25030076531620066,-1.9869649562995724,1.8234340220570964
4.445,-0.31871199487434554,4.8412774859961285,-0.2522475103020725,-1.9467449858718244,1.9116502735724201
4.446,-0.31384568064535123,4.891222895399116,-0.254154075537487,-1.9065652354145042,1.9116502735724201
4.447,-0.3089298065451685,4.940395924006064,-0.2560205012021946,-1.8664256647076414,1.9116502735724201
4.448,-0.3039651488473015,4.988788806825752,-0.2578468274357661,-1.8263262335714854,1.9116502735724201
4.449,-0.2989524915287614,5.036393902060915,-0.25963309433763254,-1.7862669018664654,1.9116502735724201
4.45,-0.293892626146236,5.083203692315265,-0.2613777285303044,-1.7446341926718527,1.9923221146373122
4.4510000000000005,-0.28878635171113065,5.129210785780231,-0.2630807716464908,-1.7030431161864346,1.9923221146373122
4.452,-0.2836344745633783,5.174407917402373,-0.2647422652772683,-1.661493630777502,1.9923221146373122
4.453,-0.2784378082440944,5.218787950030744,-0.2663622509721223,-1.6199856948539781,1.9923221146373122
4.454,-0.2731971733671382,5.262343875543671,-0.26794077023898866,-1.578519266866378,1.9923221146373122
4.455,-0.2679133974894994,5.305068815955673,-0.26947640836318126,-1.5356381241925996,2.0651311703455937
4.456,-0.26258731498064625,5.346956024503326,-0.27096920822584275,-1.4927998626614951,2.0651311703455937
4.457,-0.257219766890755,5.3879988867107835,-0.27241921266523467,-1.4500044393919218,2.0651311703455937
4.458,-0.25181160081787946,5.42819092143441,-0.2738264644767803,-1.407251811545618,2.0651311703455937
4.4590000000000005,-0.24636367077414514,5.467525781885934,-0.27519100641310745,-1.3645419363271605,2.0651311703455937
4.46,-0.24087683705085736,5.505997256634928,-0.276511588005566,-1.3205815924585709,2.129790096613127
4.461,-0.23535196608266634,5.543599270589555,-0.27778825321449985,-1.2766652089338497,2.129790096613127
4.462,-0.2297899303107475,5.580325885955895,-0.2790210459562925,-1.2327927417926534,2.129790096613127
4.463,-0.2241916080450169,5.616171303175692,-0.2802100101034111,-1.1889641471185983,2.129790096613127
4.464,-0.21855788332546436,5.651129861841995,-0.2813551894844503,-1.1451793810392172,2.129790096613127
4.465,-0.2128896457825378,5.685196041593097,-0.28245550281182463,-1.1003133273743075,2.1860437141935196
4.466,-0.20718779049664068,5.718364462984388,-0.2835109949515877,-1.0554921397630628,2.1860437141935196
4.4670000000000005,-0.2014532178568303,5.750629888337571,-0.28452171072492716,-1.0107157733394294,2.1860437141935196
4.468,-0.1956868334186038,5.781987222567951,-0.28548769490820936,-0.9659841832822196,2.1860437141935196
4.469,-0.18988954776090022,5.812431513989,-0.2864089922330244,-0.921297324815067,2.1860437141935196
4.47,-0.18406227634234232,5.841957955094113,-0.2872846948601996,-0.8757026271751696,2.233670015754118
4.471,-0.17820593935662574,5.870561883316023,-0.2881148483844325,-0.830153524232912,2.233670015754118
4.472,-0.17232146158725595,5.8982387817628465,-0.2888994983548261,-0.7846499703935967,2.233670015754118
4.473,-0.16640977226149445,5.924984279931445,-0.2896386902749342,-0.7391919201081207,2.233670015754118
4.474,-0.16047180490360624,5.950794154397661,-0.2903324696028072,-0.6937793278729303,2.233670015754118
4.4750000000000005,-0.15450849718747223,5.975664329483117,-0.29098010553051146,-0.6476359277043077,2.272481042037484
4.476,-0.14852079078851974,5.9995908778988225,-0.29158164420144733,-0.6015386709358537,2.272481042037484
4.477,-0.1425096312349873,6.02257002136547,-0.2921371317128715,-0.5554875114241682,2.272481042037484
4.478,-0.13647596775866566,6.044598131209872,-0.29264661411594345,-0.5094824030719943,2.272481042037484
4.479,-0.13042075314494847,6.0656717289381765,-0.29311013741577163,-0.46352329982817264,2.272481042037484
4.48,-0.12434494358242433,6.085787486784983,-0.293527150719827,-0.41701330405533166,2.302323623650641
4.481,-0.1182494985118631,6.104942228238917,-0.29389770053810527,-0.3705498182782635,2.302323623650641
4.482,-0.11213538047469174,6.123132928544288,-0.29422183333409224,-0.3241327959869724,2.302323623650641
4.483,-0.10600355496102884,6.140356715178633,-0.2944995955248102,-0.27776219071797265,2.302323623650641
4.484,-0.09985499025720541,6.1566108683063785,-0.29473103348086443,-0.23143795605424186,2.302323623650641
4.485,-0.09369065729286112,6.17189282120833,-0.29491577839925154,-0.18474491838709206,2.323079985554778
4.486,-0.08751152948764071,6.186200160686944,-0.29505387697300917,-0.1380985737576094,2.323079985554778
4.487,-0.08131858259744137,6.199530627447495,-0.29514537584848194,-0.09149887547275623,2.323079985554778
4.488,-0.07511279456037849,6.211882116454724,-0.2951903216253681,-0.044945776886187915,2.323079985554778
4.489,-0.06889514534231939,6.223252677265344,-0.2951887608567663,0.001560768601793834,2.323079985554778
4.49,-0.06266661678215286,6.23364051433599,-0.29514050828469574,0.04825257207058175,2.3346682118694857
4.491,-0.0564281924367455,6.243043987306764,-0.29504561060095985,0.09489768373590088,2.3346682118694857
4.492,-0.05018085742560896,6.25146161126029,-0.2949041144506703,0.1414961502895547,2.3346682118694857
4.493,-0.04392559827536996,6.258892056956156,-0.29471606643229364,0.18804801837665486,2.3346682118694857
4.494,-0.037663402763968665,6.265334151040842,-0.294481513097698,0.2345533345956679,2.3346682118694857
4.495,-0.03139525976465583,6.270786876233028,-0.29420045346505375,0.28105963264421807,2.3370425691572922
4.496,-0.025122159089884317,6.275249371484185,-0.293872934040659,0.3275194243947197,2.3370425691572922
4.497,-0.018845091334970747,6.278720932114586,-0.29349900128430556,0.37393275635347084,2.3370425691572922
4.498,-0.012565047721669059,6.281201009924566,-0.2930787016093253,0.4202996749802632,2.3370425691572922
4.499,-0.006283019941680568,6.2826892132810865,-0.2926120813826369,0.4666202266884288,2.3370425691572922
4.5,-1.102182119232618e-15,6.283185307179586,-0.2920993239024369,0.5127574801999927,2.3301936869126187
4.501,0.006283019941678364,6.2826892132810865,-0.2915404753059789,0.5588485964580451,2.3301936869126187
4.502,0.012565047721666856,6.281201009924567,-0.29093558168437905,0.6048936215998394,2.3301936869126187
4.503,0.018845091334968547,6.278720932114587,-0.2902846890826626,0.6508926017164919,2.3301936869126187
4.5040000000000004,0.025122159089885663,6.275249371484184,-0.28958784349980954,0.6968455828530278,2.3301936869126187
4.505,0.031395259764653634,6.270786876233029,-0.2888454117906485,0.7424317091610333,2.3141485945429268
4.506,0.037663402763966465,6.265334151040844,-0.28805743954130575,0.7879722493427308,2.3141485945429268
4.507,0.043925598275367767,6.258892056956158,-0.2872239722923215,0.8334672489842466,2.3141485945429268
4.508,0.05018085742560677,6.251461611260293,-0.2863450555386954,0.8789167536261209,2.3141485945429268
4.509,0.05642819243674331,6.243043987306767,-0.285420734729932,0.9243208087633533,2.3141485945429268
4.51,0.06266661678215067,6.233640514335994,-0.2844515588296835,0.9691759002485091,2.2889706146959576
4.511,0.0688951453423172,6.223252677265347,-0.2834375726930413,1.0139861366421796,2.2889706146959576
4.5120000000000005,0.07511279456037982,6.2118821164547215,-0.2823788211302419,1.0587515627994566,2.2889706146959576
4.513,0.08131858259743921,6.199530627447499,-0.2812753489067113,1.1034722235305763,2.2889706146959576
4.514,0.08751152948763855,6.1862001606869494,-0.2801272007431103,1.148148163600965,2.2889706146959576
4.515,0.09369065729285896,6.171892821208335,-0.27893510554540585,1.192095197704447,2.2547591133541496
4.516,0.09985499025720326,6.156610868306385,-0.277699107260632,1.2359982847738256,2.2547591133541496
4.517,0.10600355496102669,6.140356715178639,-0.2764192497918759,1.2798574687561348,2.2547591133541496
4.518,0.11213538047468959,6.123132928544294,-0.27509557699832143,1.3236727935544617,2.2547591133541496
4.519,0.11824949851186095,6.104942228238924,-0.27372813269529345,1.3674443030279901,2.2547591133541496
4.5200000000000005,0.12434494358242908,6.085787486784968,-0.27231782285441486,1.410309840878613,2.2116491076825384
4.521,0.13042075314494633,6.065671728938184,-0.27086469034122346,1.453132513191385,2.2116491076825384
4.522,0.13647596775866352,6.04459813120988,-0.2693687779783916,1.4959123628318445,2.2116491076825384
4.523,0.1425096312349852,6.022570021365478,-0.26783012854576893,1.5386494326226634,2.2116491076825384
4.524,0.14852079078851763,5.9995908778988305,-0.26624878478042524,1.5813437653436915,2.2116491076825384
4.525,0.1545084971874735,5.975664329483113,-0.26462582614418334,1.6229586362419002,2.1598107331776237
4.526,0.16047180490360416,5.95079415439767,-0.2629612942519141,1.6645318922692107,2.1598107331776237
4.527,0.16640977226149237,5.924984279931455,-0.2612552306768736,1.706063575040494,2.1598107331776237
4.5280000000000005,0.17232146158726055,5.898238781762825,-0.2595076769507446,1.747553726129006,2.1598107331776237
4.529,0.17820593935662368,5.870561883316034,-0.2577186745636782,1.7890023870664293,2.1598107331776237
4.53,0.18406227634234026,5.841957955094123,-0.2558894722075544,1.8292023561237698,2.0994485722203446
4.531,0.18988954776089817,5.812431513989011,-0.2540201100823424,1.869362125212053,2.0994485722203446
4.532,0.19568683341860177,5.7819872225679605,-0.2521106283478111,1.9094817345312478,2.0994485722203446
4.533,0.2014532178568315,5.7506298883375635,-0.25016106712357,1.9495612242411235,2.0994485722203446
4.534,0.20718779049663866,5.7183644629843995,-0.2481714664891087,1.9896006344612893,2.0994485722203446
4.535,0.2128896457825358,5.68519604159311,-0.24614323943834823,2.028227050760485,2.030800846682835
4.5360000000000005,0.21855788332546877,5.651129861841968,-0.24407642459770484,2.066814840643381,2.030800846682835
4.537,0.22419160804501492,5.616171303175705,-0.24197106055496845,2.105364042736394,2.030800846682835
4.538,0.22978993031074552,5.580325885955907,-0.23982718585934112,2.1438746956273147,2.030800846682835
4.539,0.2353519660826644,5.543599270589568,-0.2376448390214758,2.182346837865344,2.030800846682835
4.54,0.2408768370508554,5.5059972566349416,-0.2354255917608928,2.2192472605829896,1.9541384777755417
4.541,0.24636367077414634,5.467525781885925,-0.2331694809780149,2.2561107828779177,1.9541384777755417
4.542,0.25181160081787757,5.428190921434424,-0.23087654353636436,2.2929374416505506,1.9541384777755417
4.543,0.2572197668907531,5.387998886710798,-0.22854681626259996,2.329727273764411,1.9541384777755417
4.5440000000000005,0.2625873149806504,5.346956024503294,-0.2261803359465538,2.3664803160461574,1.9541384777755417
4.545,0.2679133974894975,5.305068815955687,-0.22377882683048678,2.4015091160670106,1.8697640168449614
4.546,0.2731971733671364,5.262343875543686,-0.22134232394319894,2.4365028872878427,1.8697640168449614
4.547,0.2784378082440926,5.218787950030759,-0.21887086227846148,2.471461664737454,1.8697640168449614
4.548,0.2836344745633765,5.174407917402388,-0.21636447679505186,2.5063854834096158,1.8697640168449614
4.549,0.28878635171113465,5.129210785780195,-0.21382320241678876,2.5412743782631053,1.8697640168449614
4.55,0.29389262614623424,5.083203692315281,-0.21124890910387709,2.574293312911676,1.7780104513416988
4.551,0.29895249152875963,5.036393902060932,-0.20864162987525148,2.6072792286255986,1.7780104513416988
4.5520000000000005,0.3039651488473054,4.988788806825715,-0.20600139771682768,2.640232158423807,1.7780104513416988
4.553,0.3089298065451668,4.940395924006081,-0.20332824558153548,2.6731521352922174,1.7780104513416988
4.554,0.3138456806453495,4.891222895399133,-0.20062220638935171,2.706039192183759,1.7780104513416988
4.555,0.3187119948743439,4.841277485996147,-0.19788528843854672,2.7369179508049974,1.6792398906711075
4.556,0.3235279807847209,4.790567582756252,-0.1951175226078791,2.7677658306676145,1.6792398906711075
4.557,0.3282928778764793,4.739101193360991,-0.19231893974522873,2.798582862650369,1.6792398906711075
4.558,0.33300593371712395,4.686886444949953,-0.1894895706676276,2.829369077601141,1.6792398906711075
4.559,0.33766640406051274,4.633931582837086,-0.18662944616129062,2.860124506336962,1.6792398906711075
4.5600000000000005,0.34227355296434453,4.5802449692090805,-0.18374070493671774,2.8887412245728834,1.5738421371129059
4.561,0.3468266529064024,4.525835081804552,-0.18082337561062717,2.917329326090569,1.5738421371129059
4.562,0.35132498489942426,4.4707105125754625,-0.17787748677112042,2.945888839506736,1.5738421371129059
4.563,0.35576783860463956,4.414879966330349,-0.17490306697771094,2.9744197934094876,1.5738421371129059
4.564,0.3601545124439526,4.358352259359576,-0.1719001447613526,3.002922216358336,1.5738421371129059
4.565,0.36448431371070705,4.301136318043427,-0.16887098080426163,3.0291639570909705,1.4622331474496464
4.566,0.3687565586790856,4.24324117744237,-0.16581560134817877,3.0553794560828726,1.4622331474496464
4.567,0.37297057271209183,4.184675979870117,-0.16273403260860297,3.0815687395757827,1.4622331474496464
4.5680000000000005,0.3771256903680524,4.125449973450373,-0.15962630077481776,3.1077318337852,1.4622331474496464
4.569,0.38122125550572417,4.0655725106560885,-0.15649243200991736,3.1338687649004076,1.4622331474496464
4.57,0.38525662138789457,4.005053046832758,-0.15333480004595434,3.1576319639630137,1.344853391375329
4.571,0.38923115078350917,3.9439011387053213,-0.1501534286461278,3.181371399826557,1.344853391375329
4.572,0.3931442160683089,3.882126442868861,-0.14694834154987355,3.2050870962542373,1.344853391375329
4.573,0.3969951993239191,3.8197387142640333,-0.14371956247288806,3.22877907698549,1.344853391375329
4.574,0.4007834924354373,3.7567478046364786,-0.14046711510715204,3.252447365736011,1.344853391375329
4.575,0.4045084971874746,3.6931636609808973,-0.1371934768665185,3.273638240633529,1.2221661131627193
4.5760000000000005,0.40816962535859264,3.6289963239707728,-0.13389866894186236,3.29480792465615,1.2221661131627193
4.577,0.4117662988142121,3.564255926372469,-0.13058271250286763,3.315956438994748,1.2221661131627193
4.578,0.4152979495979065,3.498952691445153,-0.12724562869804862,3.3370838048190077,1.2221661131627193
4.579,0.4187640200210689,3.433096931326786,-0.12388743865477117,3.358190043277443,1.2221661131627193
4.58,0.4221639627510073,3.3666990454051646,-0.12051071369146801,3.376724963303163,1.0946555034498735
4.581,0.42549724089734736,3.29976951867626,-0.11711547234305916,3.3952413484088573,1.0946555034498735
4.582,0.4287633280968255,3.2323189200882907,-0.11370173312592971,3.413739217129446,1.0946555034498735
4.583,0.43196170859641686,3.164357900872572,-0.1102695145379484,3.432218587981314,1.0946555034498735
4.5840000000000005,0.4350918773347636,3.095897192861866,-0.10681883505848606,3.4506794794623303,1.0946555034498735
4.585,0.4381533400219306,3.0269476067957064,-0.10335234976273598,3.466485295750085,0.9628247883608463
4.586,0.44114561321747703,2.9575200306128653,-0.09987007445651443,3.4822753062215517,0.9628247883608463
4.587,0.4440682244067708,2.88762542773261,-0.09637202492983188,3.498049526682547,0.9628247883608463
4.588,0.4469207120756319,2.81727483532282,-0.0928582169569088,3.513807972923081,0.9628247883608463
4.589,0.4497026257831869,2.7464793625576465,-0.08932866629619142,3.529550660717375,0.9628247883608463
4.59,0.45241352623300946,2.6752501888630063,-0.08578610130126472,3.5425649949266993,0.8271942435020911
4.591,0.4550529853424974,2.6035985621510207,-0.0822305349864629,3.5555663148018146,0.8271942435020911
4.5920000000000005,0.4576205863104596,2.5315357970441585,-0.07866198035310586,3.5685546333570546,0.8271942435020911
4.593,0.4601159236829344,2.459073273088531,-0.07508045038951211,3.581529963593739,0.8271942435020911
4.594,0.46253860341722947,2.386222432956519,-0.07148595807101192,3.5944923185001874,0.8271942435020911
4.595,0.4648882429441247,2.312994780640458,-0.06788129426201679,3.6046638089951344,0.6882991406723542
4.596,0.4671644712283062,2.239401879635364,-0.0642664691340172,3.614825127999586,0.6882991406723542
4.597,0.46936692882693704,2.1654553511135477,-0.060641492848332174,3.6249762856850336,0.6882991406723542
4.598,0.4714952679464321,2.091166872089036,-0.05700637555611938,3.6351172922127954,0.6882991406723542
4.599,0.4735491524973719,2.0165481735738453,-0.05336112739838535,3.64524815773403,0.6882991406723542
4.6000000000000005,0.47552825814757754,1.9416110387254373,-0.04970859073610127,3.6525366622840827,0.546687635389348
4.601,0.47743227237332103,1.8663673009862305,-0.04604877285777168,3.6598178783295854,0.546687635389348
4.602,0.4792608945086884,1.7908288422144965,-0.04238168104461264,3.667091813159043,0.546687635389348
4.603,0.4810138357930423,1.7150075908087155,-0.038707322570558964,3.6743584740536708,0.546687635389348
4.604,0.48269081941663716,1.6389155198232617,-0.03502570470227156,3.681617868287404,0.546687635389348
4.605,0.4842915805643157,1.562564645078359,-0.031339710079781036,3.685994622490526,0.40291860357046105
4.606,0.48581586645733615,1.485967023262218,-0.02764934307984159,3.6903669999394446,0.40291860357046105
4.607,0.4872634363932885,1.409134750027141,-0.02395460807483068,3.6947350050109145,0.40291860357046105
4.6080000000000005,0.48863406178409735,1.3320799580798262,-0.020255509432753366,3.699098642077313,0.40291860357046105
4.609,0.4899275261921232,1.2548148152652572,-0.01655205151724672,3.703457915506645,0.40291860357046105
4.61,0.49114362536434475,1.1773515226449953,-0.012847145870937488,3.704905646309232,0.2575594359046881
4.611,0.4922821672646024,1.0997023125711038,-0.009140793941556471,3.7063519293810168,0.2575594359046881
4.612,0.4933429721039337,1.0218794467538599,-0.005432997175386742,3.7077967661697295,0.2575594359046881
4.613,0.49432587236895714,0.9438952143259272,-0.0017237570172650885,3.7092401581216534,0.2575594359046881
4.614,0.4952307128483252,0.86576192990176,0.001986925089416537,3.7106821066816256,0.2575594359046881
4.615,0.49605735065723894,0.7874919316325423,0.0056961201899638995,3.7091951005473622,0.11118379862091987
4.616,0.49680565526000375,0.7090975792585125,0.009403829771383133,3.707709581419233,0.11118379862091987
4.617,0.49747550849065003,0.630591252156509,0.013110055319193365,3.706225547810232,0.11118379862091987
4.618,0.4980668045715865,0.5519853473857442,0.016814798317428208,3.7047429982348405,0.11118379862091987
4.619,0.49857945013030686,0.4732922777298991,0.020518060248637233,3.703261931209024,0.11118379862091987
4.62,0.49901336421413567,0.3945244697367778,0.024216906305304833,3.6988460566676014,-0.03563063051067683
4.621,0.4993684783030088,0.31569436175636767,0.027911340903305555,3.6944345980007203,-0.03563063051067683
4.622,0.49964473632029455,0.2368144019766803,0.03160136845409806,3.690027550792506,-0.03563063051067683
4.623,0.49984209464165,0.15789704645759195,0.03528699336472956,3.6856249106314998,-0.03563063051067683
4.624,0.499960522101908,0.07895475716455659,0.038968220037840215,3.681226673110655,-0.03563063051067683
4.625,0.5,3.0739839399136233e-15,0.042642119395437585,3.673899357597367,-0.18230444200887586
4.626,0.49996052210190806,-0.0789547571645058,0.046308698764837175,3.666579369399592,-0.18230444200887586
4.627,0.49984209464165,-0.15789704645758582,0.04996796546602719,3.6592667011900146,-0.18230444200887586
4.628,0.49964473632029466,-0.23681440197662953,0.053619926811675836,3.651961345648647,-0.18230444200887586
4.6290000000000004,0.4993684783030087,-0.31569436175640614,0.057264590107138656,3.644663295462821,-0.18230444200887586
4.63,0.49901336421413595,-0.3945244697367271,0.060899043563679096,3.6344534565404407,-0.3282587813458697
4.631,0.4985794501303069,-0.47329227772989296,0.06452329739113608,3.624253827456983,-0.3282587813458697
4.632,0.4980668045715865,-0.5519853473857381,0.06813736178913868,3.6140643980026086,-0.3282587813458697
4.633,0.4974755084906501,-0.6305912521565029,0.07174124694711637,3.6038851579776887,-0.3282587813458697
4.634,0.49680565526000425,-0.709097579258462,0.07533496304430916,3.5937160971927935,-0.3282587813458697
4.635,0.49605735065723944,-0.7874919316324919,0.07891562707273632,3.580664028427166,-0.472917633421725
4.636,0.49523071284832576,-0.8657619299017097,0.08248325208446662,3.5676250117303043,-0.472917633421725
4.6370000000000005,0.4943258723689567,-0.9438952143259651,0.08603785111851676,3.5545990340501397,-0.472917633421725
4.638,0.4933429721039343,-1.02187944675381,0.08957943720086442,3.541586082347655,-0.472917633421725
4.639,0.49228216726460244,-1.0997023125710979,0.09310802334446129,3.528586143596873,-0.472917633421725
4.64,0.4911436253643448,-1.1773515226449893,0.09662076669999792,3.51274335553662,-0.6157100958327915
4.641,0.4899275261921233,-1.254814815265251,0.10011768311026234,3.4969164102644275,-0.6157100958327915
4.642,0.4886340617840967,-1.332079958079864,0.10359878840219985,3.4811052919375074,-0.6157100958327915
4.643,0.4872634363932894,-1.4091347500270917,0.10706409838692876,3.465309984728914,-0.6157100958327915
4.644,0.4858158664573371,-1.4859670232621687,0.1105136288597563,3.4495304728275293,-0.6157100958327915
4.6450000000000005,0.4842915805643149,-1.5625646450783963,0.11394458834947174,3.4309594897154487,-0.7560726319626603
4.646,0.4826908194166373,-1.6389155198232557,0.11735699542705823,3.41240707758648,-0.7560726319626603
4.647,0.48101383579304247,-1.7150075908087097,0.12075086864492787,3.3938732178696402,-0.7560726319626603
4.648,0.47926089450868853,-1.7908288422144905,0.12412622653694039,3.3753578920125173,-0.7560726319626603
4.649,0.47743227237332225,-1.8663673009861819,0.12748308761842164,3.356861081481252,-0.7560726319626603
4.65,0.4755282581475766,-1.941611038725474,0.13081872281292134,3.3356351944996963,-0.8934512950037077
4.651,0.4735491524973732,-2.0165481735737973,0.13413315334632647,3.3144305334051225,-0.8934512950037077
4.652,0.47149526794643226,-2.0911668720890297,0.13742640042329812,3.2932470769716433,-0.8934512950037077
4.6530000000000005,0.469366928826936,-2.165455351113584,0.14069848522729272,3.2720848039945976,-0.8934512950037077
4.654,0.46716447122830634,-2.2394018796353587,0.14394942892058327,3.250943693290529,-0.8934512950037077
4.655,0.4648882429441262,-2.3129947806404108,0.14717657559189787,3.2271466713145944,-1.027303914132196
4.656,0.4625386034172297,-2.3862224329565134,0.1503799490382585,3.203373446360636,-1.027303914132196
4.657,0.46011592368293597,-2.4590732730884843,0.1535595730328901,3.1796239946316316,-1.027303914132196
4.658,0.4576205863104584,-2.5315357970441936,0.15671547132524447,3.155898292354356,-1.027303914132196
4.659,0.45505298534249905,-2.6035985621509745,0.15984766764102382,3.1321963157793578,-1.027303914132196
4.66,0.4524135262330096,-2.675250188863001,0.16295358971580323,3.1059220747794036,-1.157102234208736
4.6610000000000005,0.44970262578318404,-2.746479362557721,0.1660332638238237,3.0796741080204497,-1.157102234208736
4.662,0.4469207120756321,-2.8172748353228143,0.16908671621305194,3.0534523892282546,-1.157102234208736
4.663,0.4440682244067727,-2.8876254277325644,0.1721139731052068,3.0272568921548517,-1.157102234208736
4.664,0.44114561321747725,-2.95752003061286,0.1751150606957853,3.001087590578522,-1.157102234208736
4.665,0.4381533400219326,-3.0269476067956615,0.17808750051876204,2.9724398229767446,-1.2823340005599604
4.666,0.4350918773347621,-3.0958971928618997,0.1810313212219046,2.9438207031425687,-1.2823340005599604
4.667,0.4319617085964189,-3.164357900872528,0.18394655142433283,2.915230202428227,-1.2823340005599604
4.668,0.42876332809682577,-3.2323189200882854,0.18683321971654743,2.8866682922145994,-1.2823340005599604
4.6690000000000005,0.42549724089734575,-3.299769518676293,0.1896913546604586,2.8581349439111854,-1.2823340005599604
4.67,0.4221639627510076,-3.366699045405159,0.19251858136981362,2.8272267093549983,-1.4025049806138052
4.671,0.4187640200210711,-3.433096931326743,0.19531493075284698,2.796349383033367,-1.4025049806138052
4.672,0.4152979495979088,-3.4989526914451106,0.19808043368688502,2.7655029340380577,-1.4025049806138052
4.673,0.4117662988142144,-3.5642559263724274,0.20081512101837676,2.7346873314917435,-1.4025049806138052
4.674,0.40816962535859086,-3.6289963239708043,0.20351902356292473,2.703902544547976,-1.4025049806138052
4.675,0.4045084971874749,-3.6931636609808924,0.20618987938663996,2.670855823715237,-1.51714091440956
4.676,0.4007834924354376,-3.7567478046364737,0.2088277215362433,2.6378421496033306,-1.51714091440956
4.6770000000000005,0.3969951993239172,-3.819738714264064,0.21143258302540882,2.604861489165536,-1.51714091440956
4.678,0.3931442160683114,-3.882126442868821,0.214004496834797,2.5719138093881795,-1.51714091440956
4.679,0.3892311507835117,-3.9439011387052822,0.2165434959120876,2.5389990772906,-1.51714091440956
4.68,0.3852566213878972,-4.005053046832719,0.21904744020257522,2.503944290487602,-1.6257893862853767
4.681,0.38122125550572444,-4.065572510656084,0.22151636476104664,2.468924558471407,-1.6257893862853767
4.682,0.3771256903680504,-4.125449973450403,0.22395030460723386,2.433939846187228,-1.6257893862853767
4.683,0.37297057271209216,-4.184675979870113,0.2263492947258492,2.398990118615333,-1.6257893862853767
4.684,0.3687565586790859,-4.243241177442366,0.2287133700666202,2.3640753407710102,-1.6257893862853767
4.6850000000000005,0.364484313710705,-4.301136318043455,0.23104052089984334,2.327150833223116,-1.7280216103561699
4.686,0.36015451244395535,-4.358352259359539,0.23333078415002612,2.2902632501827695,-1.7280216103561699
4.687,0.3557678386046424,-4.414879966330313,0.2355841967047516,2.2534125547254633,-1.7280216103561699
4.688,0.35132498489942715,-4.470710512575427,0.2378007954147152,2.2165987099636144,-1.7280216103561699
4.689,0.34682665290640274,-4.525835081804548,0.23998061709376173,2.1798216790465275,-1.7280216103561699
4.69,0.3422735529643423,-4.580244969209107,0.2421217902686745,2.1411731749127703,-1.823434122735529
4.691,0.33766640406051307,-4.633931582837082,0.24422435358795766,2.102563319283147,-1.823434122735529
4.692,0.333005933717127,-4.68688644494992,0.24628834566146682,2.0639920735091533,-1.823434122735529
4.6930000000000005,0.32829287787647704,-4.739101193361017,0.24831380506044776,2.0254593989809337,-1.823434122735529
4.694,0.32352798078472395,-4.7905675827562195,0.25030077031757497,1.9869652571272423,-1.823434122735529
4.695,0.31871199487434426,-4.841277485996143,0.2522475156019686,1.9467452843936455,-1.9116503738234767
4.696,0.3138456806453527,-4.891222895399101,0.2541540811336014,1.9065655316327823,-1.9116503738234767
4.697,0.30892980654516716,-4.9403959240060775,0.25602050709222607,1.86642595862468,-1.9116503738234767
4.698,0.30396514884730297,-4.988788806825738,0.25784683361741567,1.826326525189586,-1.9116503738234767
4.699,0.29895249152876,-5.036393902060928,0.2596331008086036,1.7862671911879269,-1.9116503738234767
4.7,0.2938926261462375,-5.0832036923152515,0.2613777352883128,1.7446344797092252,-1.9923222143756854
4.7010000000000005,0.28878635171113215,-5.129210785780217,0.26308077868925484,1.7030434009420024,-1.9923222143756854
4.702,0.2836344745633798,-5.17440791740236,0.2647422726025084,1.6614939132535467,-1.9923222143756854
4.703,0.278437808244093,-5.218787950030755,0.2663622585775612,1.6199859750527794,-1.9923222143756854
4.704,0.27319717336713684,-5.262343875543682,0.2679407781223514,1.578519544790213,-1.9923222143756854
4.705,0.26791339748949794,-5.305068815955684,0.26947641652220705,1.5356383998556333,-2.0651312694894757
4.706,0.2625873149806478,-5.3469560245033145,0.27096921665827306,1.4928001360659882,-2.0651312694894757
4.707,0.2572197668907535,-5.387998886710794,0.2724192213688132,1.4500047105401326,-2.0651312694894757
4.708,0.25181160081788106,-5.428190921434398,0.273826473449253,1.407252080439803,-2.0651312694894757
4.7090000000000005,0.24636367077414367,-5.467525781885944,0.27519101565222254,1.3645422029695737,-2.0651312694894757
4.71,0.24087683705085897,-5.505997256634918,0.27651159750908744,1.3205818568649226,-2.1297901950840745
4.711,0.23535196608266482,-5.543599270589565,0.2777882629801938,1.276665471106376,-2.1297901950840745
4.712,0.22978993031074596,-5.580325885955904,0.2790210559819274,1.2327930017335882,-2.1297901950840745
4.713,0.22419160804501534,-5.616171303175702,0.2802100203867576,1.188964404830173,-2.1297901950840745
4.714,0.21855788332546602,-5.6511298618419845,0.28135520002328124,1.1451796365236615,-2.1297901950840745
4.715,0.21288964578253947,-5.685196041593088,0.28245551360393006,1.1003135806488076,-2.186043811916508
4.716,0.20718779049664235,-5.718364462984378,0.28351100599475987,1.0554923908298286,-2.186043811916508
4.7170000000000005,0.2014532178568287,-5.7506298883375795,0.2845217220169605,1.0107160222006686,-2.186043811916508
4.718,0.1956868334186022,-5.781987222567959,0.28548770644690064,0.9659844299401378,-2.186043811916508
4.719,0.18988954776089864,-5.812431513989008,0.28640900401617253,0.9212975692718675,-2.186043811916508
4.72,0.1840622763423407,-5.84195795509412,0.28728470688562197,0.8757028694494464,-2.2336701126574603
4.721,0.17820593935662746,-5.870561883316016,0.2881148606499488,0.8301537643268477,-2.2336701126574603
4.722,0.17232146158725767,-5.898238781762839,0.28889951085825816,0.7846502083093717,-2.2336701126574603
4.723,0.1664097722614962,-5.924984279931437,0.28963870301410605,0.7391921558479131,-2.2336701126574603
4.724,0.16047180490360463,-5.950794154397668,0.29033248257554495,0.693779561438916,-2.2336701126574603
4.7250000000000005,0.1545084971874706,-5.975664329483124,0.2909801187346614,0.6476361591164218,-2.2724811380527608
4.726,0.1485207907885181,-5.99959087789883,0.29158165763485766,0.6015389001962501,-2.2724811380527608
4.727,0.14250963123498567,-6.0225700213654765,0.29213714537339264,0.5554877385349987,-2.2724811380527608
4.728,0.136475967758664,-6.044598131209878,0.29264662800142804,0.5094826280354084,-2.2724811380527608
4.729,0.13042075314495025,-6.06567172893817,0.2931101515240744,0.4635235226463178,-2.2724811380527608
4.73,0.1243449435824261,-6.085787486784977,0.2935271650488238,0.4170135247494178,-2.302323718712685
4.731,0.11824949851186488,-6.104942228238912,0.29389771508567425,0.37055003685041465,-2.302323718712685
4.732,0.11213538047469006,-6.123132928544292,0.2942218480981136,0.32413301243931053,-2.302323718712685
4.7330000000000005,0.10600355496102369,-6.140356715178648,0.2944996105031662,0.2777624050526175,-2.302323718712685
4.734,0.09985499025720374,-6.156610868306383,0.2947310486714395,0.2314381682733112,-2.302323718712685
4.735,0.09369065729286292,-6.171892821208326,0.29491579379995253,0.184745128513005,-2.3230800796016444
4.736,0.08751152948763903,-6.186200160686948,0.29505389258174497,0.1380987817924591,-2.3230800796016444
4.737,0.08131858259744319,-6.199530627447491,0.2951453916631636,0.09149908141863375,-2.3230800796016444
4.738,0.0751127945603768,-6.211882116454727,0.2951903376439088,0.044945980745182225,-2.3230800796016444
4.739,0.0688951453423212,-6.223252677265341,0.2951887770770812,-0.0015605668275958454,-2.3230800796016444
4.74,0.06266661678215116,-6.233640514335993,0.2951405247047236,-0.04825237235761583,-2.334668304842379
4.741,0.056428192436743796,-6.243043987306766,0.29504562721864147,-0.0948974860821058,-2.334668304842379
4.742,0.05018085742560726,-6.251461611260292,0.2949041312639486,-0.14149595469287127,-2.334668304842379
4.743,0.04392559827537179,-6.258892056956154,0.2947160834391136,-0.18804782483502597,-2.334668304842379
4.744,0.0376634027639705,-6.26533415104084,0.29448153029600654,-0.23455314310703854,-2.334668304842379
4.745,0.03139525976465767,-6.270786876233026,0.2942004708528226,-0.2810594431839414,-2.3370426610004937
4.746,0.025122159089882603,-6.275249371484186,0.2938729516158618,-0.32751923696076735,-2.3370426610004937
4.747,0.018845091334969033,-6.278720932114586,0.293499019044918,-0.37393257094381643,-2.3370426610004937
4.748,0.012565047721667345,-6.281201009924567,0.2930787195533251,-0.4202994915928825,-2.3370426610004937
4.749,0.006283019941678853,-6.2826892132810865,0.2926120995080038,-0.46662004532129947,-2.3370426610004937
4.75,2.939771298590236e-15,-6.283185307179586,0.29209934220717637,-0.512757300827448,-2.330193777573488
4.751,-0.006283019941676526,-6.2826892132810865,0.29154049378809826,-0.5588484190780902,-2.330193777573488
4.752,-0.012565047721665019,-6.281201009924568,0.29093560034188776,-0.6048934462104819,-2.330193777573488
4.753,-0.01884509133496671,-6.278720932114588,0.290284707913572,-0.6508924283157411,-2.330193777573488
4.7540000000000004,-0.025122159089887377,-6.2752493714841835,0.28958786250213314,-0.6968454114388951,-2.330193777573488
4.755,-0.03139525976465535,-6.2707868762330286,0.28884543096242626,-0.7424315397068926,-2.3141486839718173
4.756,-0.03766340276396817,-6.265334151040842,0.28805745888057965,-0.787972081846622,-2.3141486839718173
4.757,-0.043925598275369473,-6.258892056956157,0.2872239917971354,-0.8334670834442117,-2.3141486839718173
4.758,-0.05018085742560494,-6.251461611260295,0.28634507520709523,-0.8789165900402038,-2.3141486839718173
4.759,-0.056428192436741485,-6.24304398730677,0.28542075455996563,-0.9243206471295999,-2.3141486839718173
4.76,-0.06266661678214885,-6.233640514335996,0.28445157881942623,-0.9691757405393933,-2.288970702846148
4.761,-0.0688951453423189,-6.223252677265345,0.28343759284057046,-1.0139859788557768,-2.288970702846148
4.7620000000000005,-0.07511279456038152,-6.211882116454718,0.2823788414336366,-1.058751406933844,-2.288970702846148
4.763,-0.08131858259744089,-6.199530627447496,0.2812753693640528,-1.1034720695838331,-2.288970702846148
4.764,-0.08751152948763674,-6.186200160686953,0.28012722135248164,-1.1481480115711722,-2.288970702846148
4.765,-0.09369065729286065,-6.17189282120833,0.2789351263049184,-1.1920950475632377,-2.254759200181832
4.766,-0.09985499025720146,-6.156610868306389,0.2776991281683991,-1.2359981365193111,-2.254759200181832
4.767,-0.10600355496102837,-6.140356715178635,0.27641927084601264,-1.2798573223864285,-2.254759200181832
4.768,-0.1121353804746878,-6.123132928544299,0.27509559819694496,-1.3236726490676787,-2.254759200181832
4.769,-0.11824949851186262,-6.104942228238918,0.27372815403652273,-1.3674441604222476,-2.254759200181832
4.7700000000000005,-0.12434494358243074,-6.085787486784962,0.272317844336398,-1.4103097001247598,-2.2116491931467213
4.771,-0.130420753144948,-6.065671728938177,0.2708647119621104,-1.4531323742875695,-2.2116491931467213
4.772,-0.13647596775866178,-6.044598131209886,0.2693687997363342,-1.4959122257762163,-2.2116491931467213
4.773,-0.14250963123498345,-6.0225700213654845,0.26783015043892083,-1.5386492974133745,-2.2116491931467213
4.774,-0.14852079078851588,-5.999590877898838,0.26624880680694196,-1.5813436319788956,-2.2116491931467213
4.775,-0.15450849718747514,-5.975664329483106,0.2646258483022502,-1.6229585046917185,-2.159810817240097
4.776,-0.16047180490360244,-5.950794154397678,0.2629613165397184,-1.6645317625318288,-2.159810817240097
4.777,-0.166409772261494,-5.924984279931447,0.2612552530926043,-1.706063447114099,-2.159810817240097
4.7780000000000005,-0.17232146158725883,-5.898238781762833,0.2595076994925925,-1.7475536000117868,-2.159810817240097
4.779,-0.1782059393566253,-5.870561883316026,0.2577186972298359,-1.789002262756577,-2.159810817240097
4.78,-0.18406227634233854,-5.841957955094132,0.2558894949962452,-1.8292022335907328,-2.0994486548456157
4.781,-0.18988954776089648,-5.812431513989019,0.25402013299179116,-1.8693620044540544,-2.0994486548456157
4.782,-0.19568683341860008,-5.78198722256797,0.25211065137624467,-1.9094816155465126,-2.0994486548456157
4.783,-0.2014532178568331,-5.750629888337555,0.2501610902692168,-1.9495611070278784,-2.0994486548456157
4.784,-0.2071877904966402,-5.718364462984391,0.24817148975019904,-1.9896005190177628,-2.0994486548456157
4.785,-0.21288964578253736,-5.685196041593101,0.24614326281314353,-2.0282269370555066,-2.030800927838074
4.7860000000000005,-0.21855788332546713,-5.651129861841978,0.24407644808446832,-2.0668147286752125,-2.030800927838074
4.787,-0.22419160804501326,-5.616171303175715,0.24197108415196503,-2.1053639325032987,-2.030800927838074
4.788,-0.2297899303107439,-5.580325885955918,0.23982720956483747,-2.1438745871275566,-2.030800927838074
4.789,-0.23535196608266276,-5.54359927058958,0.23764486283374028,-2.1823467310971907,-2.030800927838074
4.79,-0.2408768370508569,-5.505997256634931,0.2354256156782256,-2.219247155514704,-1.9541385574305163
4.791,-0.24636367077414784,-5.467525781885914,0.2331695049987178,-2.2561106795077994,-1.9541385574305163
4.792,-0.251811600817879,-5.428190921434413,0.2308765676587409,-2.292937339976902,-1.9541385574305163
4.793,-0.2572197668907515,-5.387998886710809,0.22854684048495535,-2.3297271737855354,-1.9541385574305163
4.7940000000000005,-0.26258731498064886,-5.346956024503306,0.22618036026719499,-2.36648021776036,-1.9541385574305163
4.795,-0.26791339748949594,-5.3050688159557,0.22377885124775296,-2.4015090194420394,-1.8697640949719838
4.796,-0.2731971733671349,-5.262343875543698,0.2213423484554309,-2.4365027923220373,-1.8697640949719838
4.797,-0.27843780824409103,-5.218787950030771,0.21887088688400175,-2.471461571429155,-1.8697640949719838
4.798,-0.2836344745633779,-5.174407917402377,0.2163645014922446,-2.5063853917571652,-1.8697640949719838
4.799,-0.28878635171113604,-5.129210785780183,0.21382322720397975,-2.5412742882648476,-1.8697640949719838
4.8,-0.2938926261462356,-5.083203692315268,0.21124893397944486,-2.5742932245348937,-1.7780105279155571
4.801,-0.2989524915287582,-5.0363939020609445,0.20864165483757618,-2.60727914186867,-1.7780105279155571
4.8020000000000005,-0.30396514884730397,-4.988788806825729,0.20600142276429106,-2.6402320732851123,-1.7780105279155571
4.803,-0.30892980654516533,-4.940395924006095,0.20332827071252094,-2.6731520517701384,-1.7780105279155571
4.804,-0.3138456806453509,-4.891222895399119,0.20062223160224427,-2.7060391102766794,-1.7780105279155571
4.805,-0.31871199487434243,-4.841277485996161,0.1978853137317645,-2.736917870479783,-1.679239965669018
4.806,-0.32352798078472217,-4.790567582756239,0.1951175479798418,-2.7677657519226835,-1.679239965669018
4.807,-0.32829287787647793,-4.739101193361007,0.19231896519435765,-2.798582785484141,-1.679239965669018
4.808,-0.3330059337171253,-4.686886444949939,0.18948959619234562,-2.829369002012037,-1.679239965669018
4.809,-0.33766640406051135,-4.633931582837102,0.1866294717600222,-2.8601244323234054,-1.679239965669018
4.8100000000000005,-0.3422735529643458,-4.580244969209065,0.18374073060792084,-2.8887411521013706,-1.5738422105144338
4.811,-0.3468266529064011,-4.525835081804567,0.1808234013527613,-2.917329255159558,-1.5738422105144338
4.812,-0.3513249848994255,-4.470710512575447,0.1778775125826466,-2.945888770114687,-1.5738422105144338
4.813,-0.3557678386046408,-4.414879966330334,0.17490309285709174,-2.9744197255548612,-1.5738422105144338
4.814,-0.36015451244395374,-4.35835225935956,0.17190017070705216,-3.002922150039595,-1.5738422105144338
4.815,-0.36448431371070583,-4.3011363180434445,0.16887100681477787,-3.0291638922742887,-1.462233219236671
4.816,-0.36875655867908436,-4.243241177442387,0.1658156274220111,-3.055379392766748,-1.462233219236671
4.817,-0.3729705727120906,-4.184675979870135,0.1627340587442524,-3.0815686777587143,-1.462233219236671
4.8180000000000005,-0.3771256903680535,-4.125449973450357,0.1596263269707867,-3.107731773465689,-1.462233219236671
4.819,-0.38122125550572294,-4.065572510656105,0.15649245826470976,-3.133868706076957,-1.462233219236671
4.82,-0.3852566213878957,-4.005053046832742,0.15333482635810824,-3.157631906601519,-1.3448534615319465
4.821,-0.3892311507835103,-3.943901138705305,0.1501534550141827,-3.1813713439255564,-1.3448534615319465
4.822,-0.39314421606831,-3.8821264428688442,0.14694836797237043,-3.20508704181227,-1.3448534615319465
4.823,-0.39699519932391797,-3.8197387142640515,0.14371958894836934,-3.2287790240010965,-1.3448534615319465
4.824,-0.4007834924354362,-3.7567478046364964,0.1404671416341616,-3.252447314207734,-1.3448534615319465
4.825,-0.40450849718747356,-3.6931636609809164,0.13719350344363457,-3.273638190527031,-1.222166181675225
4.8260000000000005,-0.40816962535859364,-3.6289963239707546,0.13389869556766457,-3.2948078759700086,-1.222166181675225
4.827,-0.4117662988142131,-3.564255926372452,0.13058273917593702,-3.315956391727543,-1.222166181675225
4.828,-0.4152979495979075,-3.498952691445135,0.1272456554169677,-3.33708375896932,-1.222166181675225
4.829,-0.4187640200210698,-3.4330969313267676,0.12388746541812384,-3.358189998843855,-1.222166181675225
4.83,-0.4221639627510063,-3.366699045405184,0.12051074049787269,-3.3767249202511445,-1.0946555703066592
4.831,-0.4254972408973464,-3.2997695186762797,0.11711549919113566,-3.3952413067370264,-1.0946555703066592
4.832,-0.42876332809682455,-3.2323189200883102,0.11370176001429924,-3.4137391768364225,-1.0946555703066592
4.833,-0.43196170859641775,-3.164357900872553,0.11026954146523352,-3.4322185490657193,-1.0946555703066592
4.8340000000000005,-0.43509187733476445,-3.0958971928618473,0.10681886202331073,-3.450679441922787,-1.0946555703066592
4.835,-0.43815334002193146,-3.0269476067956873,0.10335237676375882,-3.466485259551911,-0.9628248535523546
4.836,-0.44114561321747614,-2.9575200306128857,0.0998701014923954,-3.4822752713634064,-0.9628248535523546
4.837,-0.44406822440677163,-2.8876254277325906,0.09637205199923232,-3.49804949316309,-0.9628248535523546
4.838,-0.44692071207563105,-2.8172748353228405,0.09285824405849134,-3.513807940740974,-0.9628248535523546
4.839,-0.4497026257831861,-2.746479362557667,0.08932869342862006,-3.52955062987128,-0.9628248535523546
4.84,-0.4524135262330087,-2.675250188863027,0.08578612846323823,-3.5425649653818243,-0.8271943070207817
4.841,-0.45505298534249805,-2.603598562151001,0.08223056217668137,-3.555566286556858,-0.8271943070207817
4.8420000000000005,-0.45762058631046026,-2.531535797044139,0.07866200757027066,-3.568554606410717,-0.8271943070207817
4.843,-0.4601159236829351,-2.4590732730885114,0.07508047763232593,-3.581529937944722,-0.8271943070207817
4.844,-0.4625386034172288,-2.3862224329565405,0.07148598533817874,-3.594492294147193,-0.8271943070207817
4.845,-0.46488824294412534,-2.312994780640438,0.06788132155227544,-3.6046637859032975,-0.6882992025125816
4.846,-0.4671644712283055,-2.239401879635386,0.0642664964461078,-3.614825106167646,-0.6882992025125816
4.847,-0.46936692882693765,-2.1654553511135277,0.06064152018099606,-3.62497626511173,-0.6882992025125816
4.848,-0.4714952679464315,-2.0911668720890577,0.05700640290809919,-3.63511727289687,-0.6882992025125816
4.849,-0.47354915249737245,-2.0165481735738253,0.05336115476842496,-3.645248139674225,-0.6882992025125816
4.8500000000000005,-0.475528258147577,-1.9416110387254593,0.04970861812297946,-3.6525366454454984,-0.5466876955473743
4.851,-0.47743227237332153,-1.8663673009862098,0.04604880026026846,-3.6598178627110003,-0.5466876955473743
4.852,-0.47926089450868786,-1.7908288422145184,0.042381708461509224,-3.6670917987592366,-0.5466876955473743
4.853,-0.4810138357930418,-1.7150075908087379,0.0387073500006378,-3.674358460871425,-0.5466876955473743
4.854,-0.48269081941663666,-1.6389155198232839,0.0350257321443163,-3.681617856321501,-0.5466876955473743
4.855,-0.4842915805643161,-1.5625646450783381,0.03133973753261023,-3.685994611706066,-0.4029186620443159
4.856,-0.48581586645733654,-1.485967023262197,0.02764937054227499,-3.690366990335246,-0.4029186620443159
4.857,-0.4872634363932889,-1.40913475002712,0.02395463554568919,-3.694734996585797,-0.4029186620443159
4.8580000000000005,-0.48863406178409696,-1.3320799580798488,0.020255536910859094,-3.6990986348300976,-0.4029186620443159
4.859,-0.4899275261921229,-1.2548148152652798,0.01655207900142294,-3.7034579094361537,-0.4029186620443159
4.86,-0.49114362536434436,-1.1773515226450182,0.012847173360042338,-3.7049056413806016,-0.25755949269419387
4.861,-0.49228216726460206,-1.0997023125711267,0.009140821434449232,-3.706351925593105,-0.25755949269419387
4.862,-0.49334297210393396,-1.0218794467538388,0.005433024670927836,-3.707796763521396,-0.25755949269419387
4.863,-0.4943258723689574,-0.9438952143259058,0.001723784514316077,-3.7092401566117585,-0.25755949269419387
4.864,-0.4952307128483254,-0.8657619299017387,-0.001986897591992954,-3.7106821063090307,-0.25755949269419387
4.865,-0.49605735065723916,-0.7874919316325211,-0.005696092693270227,-3.7091951012772726,-0.11118385372753958
4.866,-0.496805655260004,-0.709097579258491,-0.009403802276520773,-3.707709583250546,-0.11118385372753958
4.867,-0.4974755084906498,-0.630591252156532,-0.01311002782726262,-3.7062255507418462,-0.11118385372753958
4.868,-0.4980668045715863,-0.5519853473857673,-0.016814770829528276,-3.7047430022656553,-0.11118385372753958
4.869,-0.49857945013030674,-0.47329227772992216,-0.020518032765866216,-3.7032619363379404,-0.11118385372753958
4.87,-0.4990133642141358,-0.39452446973675626,-0.024216878828726144,-3.6988460628599262,0.03563057708381612
4.871,-0.4993684783030089,-0.3156943617563462,-0.027911313433981535,-3.69443460525539,0.03563057708381612
4.872,-0.4996447363202946,-0.23681440197665876,-0.03160134099308999,-3.6900275591084584,0.03563057708381612
4.873,-0.49984209464164997,-0.15789704645761504,-0.03528696591309766,-3.6856249200076734,0.03563057708381612
4.874,-0.49996052210190806,-0.07895475716453504,-0.03896819259664365,-3.6812266835459893,0.03563057708381612
4.875,-0.5,-2.616581060465758e-14,-0.04264209196570095,-3.6738993690573016,0.18230439025707623
4.876,-0.49996052210190806,0.07895475716452735,-0.046308671347584054,-3.666579381883103,0.18230439025707623
4.877,-0.4998420946416501,0.15789704645756272,-0.049967938062280136,-3.6592667146960784,0.18230439025707623
4.878,-0.4996447363202946,0.23681440197665107,-0.053619899422456374,-3.651961360176241,0.18230439025707623
4.8790000000000004,-0.49936847830300873,0.31569436175638305,-0.0572645627334673,-3.6446633110109232,0.18230439025707623
4.88,-0.49901336421413583,0.39452446973674854,-0.06089901620654195,-3.634453473074653,0.32825873126296456
4.881,-0.498579450130307,0.4732922777298699,-0.06452327005151827,-3.624253844976319,0.32825873126296456
4.882,-0.49806680457158664,0.5519853473857151,-0.06813733446802435,-3.6140644165060833,0.32825873126296456
4.883,-0.49747550849065025,0.6305912521564799,-0.07174121964548867,-3.603885177464318,0.32825873126296456
4.884,-0.49680565526000403,0.7090975792584834,-0.07533493576315027,-3.5937161176615944,0.32825873126296456
4.885,-0.4960573506572392,0.7874919316325134,-0.0789155998129942,-3.5806640498439317,0.4729175850000543
4.886,-0.49523071284832554,0.8657619299017311,-0.0824832248470883,-3.5676250340940867,0.4729175850000543
4.8870000000000005,-0.494325872368957,0.9438952143259423,-0.0860378239044483,-3.5545990573599915,0.4729175850000543
4.888,-0.493342972103934,1.021879446753831,-0.08957941001105092,-3.5415861066026304,0.4729175850000543
4.889,-0.4922821672646028,1.099702312571075,-0.09310799617984696,-3.5285861687960267,0.4729175850000543
4.89,-0.49114362536434514,1.1773515226449667,-0.09662073956149292,-3.5127433816459646,0.6157100490633016
4.891,-0.48992752619212365,1.2548148152652285,-0.10011765599877598,-3.4969164372830526,0.6157100490633016
4.892,-0.4886340617840963,1.3320799580798848,-0.10359876131864049,-3.4811053198645037,0.6157100490633016
4.893,-0.487263436393289,1.4091347500271125,-0.10706407133220386,-3.465310013563373,0.6157100490633016
4.894,-0.4858158664573367,1.4859670232621895,-0.11051360183477241,-3.449530502568544,0.6157100490633016
4.8950000000000005,-0.48429158056431537,1.562564645078374,-0.11394456135510168,-3.4309595203292758,0.7560725868349891
4.896,-0.4826908194166378,1.6389155198232335,-0.11735696846417393,-3.4124071090722468,0.7560725868349891
4.897,-0.48101383579304297,1.7150075908086873,-0.1207508417144004,-3.393873250226475,0.7560725868349891
4.898,-0.4792608945086891,1.7908288422144683,-0.12412619963963994,-3.3753579252395487,0.7560725868349891
4.899,-0.4774322723733217,1.8663673009862025,-0.12748306075521756,-3.3568611155776096,0.7560725868349891
4.9,-0.47552825814757604,1.9416110387254946,-0.13081869598464946,-3.3356352294319076,0.8934512515062141
4.901,-0.47354915249737267,2.0165481735738178,-0.1341331265538218,-3.3144305691723512,0.8934512515062141
4.902,-0.47149526794643287,2.0911668720890084,-0.13742637366739488,-3.2932471135730546,0.8934512515062141
4.9030000000000005,-0.46936692882693665,2.1654553511135624,-0.14069845850882423,-3.2720848414293573,0.8934512515062141
4.904,-0.467164471228307,2.239401879635337,-0.14394940224038202,-3.2509437315578036,0.8934512515062141
4.905,-0.46488824294412556,2.3129947806404307,-0.14717654895076324,-3.227146710381206,1.0273038722519832
4.906,-0.46253860341723035,2.386222432956492,-0.15037992243698903,-3.2033734862257854,1.0273038722519832
4.907,-0.4601159236829353,2.4590732730885043,-0.15355954647228354,-3.17962403529452,1.0273038722519832
4.908,-0.45762058631045766,2.5315357970442136,-0.15671544480609773,-3.155898333814186,1.0273038722519832
4.909,-0.45505298534249833,2.6035985621509945,-0.15984764116413305,-3.1321963580353325,1.0273038722519832
4.91,-0.45241352623301045,2.67525018886298,-0.16295356328193172,-3.1059221177986625,1.1571021939317387
4.9110000000000005,-0.4497026257831848,2.7464793625577,-0.16603323743373397,-3.079674151802229,1.1571021939317387
4.912,-0.44692071207563294,2.817274835322794,-0.16908668986750575,-3.053452433771792,1.1571021939317387
4.913,-0.4440682244067719,2.887625427732584,-0.17211394680496514,-3.027256937459385,1.1571021939317387
4.914,-0.44114561321747814,2.9575200306128395,-0.17511503444160842,-3.001087636643291,1.1571021939317387
4.915,-0.4381533400219318,3.0269476067956806,-0.17808747431137764,-2.972439869769227,1.2823339618710445
4.916,-0.435091877334763,3.0958971928618793,-0.1810312950620397,-2.9438207506620366,1.2823339618710445
4.917,-0.431961708596418,3.1643579008725466,-0.18394652531271363,-2.915230250673954,1.2823339618710445
4.918,-0.4287633280968267,3.232318920088266,-0.1868331936538995,-2.886668341185859,1.2823339618710445
4.9190000000000005,-0.42549724089734486,3.2997695186763107,-0.18969132864750676,-2.858134993607252,1.2823339618710445
4.92,-0.4221639627510086,3.3666990454051393,-0.19251855540725046,-2.8272267597437106,1.4025049434967136
4.921,-0.41876402002107016,3.4330969313267605,-0.1953149048413645,-2.7963494341140325,1.4025049434967136
4.922,-0.41529794959790783,3.4989526914451288,-0.19808040782717448,-2.765502985809984,1.4025049434967136
4.923,-0.41176629881421345,3.5642559263724456,-0.20081509521112872,-2.7346873839542396,1.4025049434967136
4.924,-0.4081696253585919,3.628996323970785,-0.20351899780882907,-2.7039025977003512,1.4025049434967136
4.925,-0.404508497187476,3.6931636609808742,-0.20618985368635478,-2.6708558775257094,1.5171408788470737
4.926,-0.4007834924354387,3.7567478046364546,-0.20882769589042602,-2.637842204071242,1.5171408788470737
4.9270000000000005,-0.3969951993239162,3.819738714264081,-0.21143255743471626,-2.6048615442902294,1.5171408788470737
4.928,-0.39314421606831035,3.882126442868838,-0.21400447129988526,-2.5719138651689977,1.5171408788470737
4.929,-0.38923115078351067,3.943901138705299,-0.21654347043361213,-2.5389991337268873,1.5171408788470737
4.93,-0.38525662138789607,4.005053046832736,-0.2190474147811601,-2.503944347547974,1.625789352259319
4.931,-0.38122125550572566,4.065572510656066,-0.22151633939731535,-2.4689246161552396,1.625789352259319
4.932,-0.3771256903680516,4.125449973450385,-0.22395027930180925,-2.433939904493898,1.625789352259319
4.933,-0.3729705727120934,4.184675979870096,-0.22634926947935347,-2.398990177544218,1.625789352259319
4.934,-0.36875655867908713,4.243241177442349,-0.22871334487967496,-2.364075400321487,1.625789352259319
4.9350000000000005,-0.3644843137107038,4.30113631804347,-0.23104049577303917,-2.3271508933642173,1.7280215778474297
4.936,-0.3601545124439542,4.358352259359554,-0.23333075908395307,-2.2902633109139043,1.7280215778474297
4.937,-0.35576783860464123,4.414879966330328,-0.2355841716999991,-2.2534126160460417,1.7280215778474297
4.938,-0.35132498489942593,4.470710512575442,-0.23780077047187215,-2.216598771873047,1.7280215778474297
4.939,-0.3468266529064041,4.525835081804532,-0.23998059221341636,-2.1798217415442256,1.7280215778474297
4.94,-0.34227355296434364,4.580244969209091,-0.24212176545138456,-2.1411732379681987,1.8234340917241405
4.941,-0.33766640406051446,4.633931582837066,-0.2442243288342803,-2.1025633828957475,1.8234340917241405
4.942,-0.3330059337171257,4.686886444949933,-0.24628832097195866,-2.063992137678369,1.8234340917241405
4.9430000000000005,-0.3282928778764757,4.73910119336103,-0.24831378043566488,-2.0254594637062078,1.8234340917241405
4.944,-0.32352798078472267,4.790567582756234,-0.2503007457580729,-1.9869653224080188,1.8234340917241405
4.945,-0.31871199487434565,4.8412774859961285,-0.2522474911082727,-1.9467453501998369,1.9116503442886987
4.946,-0.31384568064535134,4.891222895399115,-0.2541540567062366,-1.906565597963863,1.9116503442886987
4.947,-0.3089298065451686,4.940395924006062,-0.25602048273171674,-1.866426025480125,1.9116503442886987
4.948,-0.30396514884730164,4.9887888068257515,-0.2578468093242856,-1.826326592568871,1.9116503442886987
4.949,-0.2989524915287615,5.036393902060913,-0.25963307658337614,-1.7862672590905282,1.9116503442886987
4.95,-0.2938926261462361,5.083203692315264,-0.26137771113148167,-1.7446345481055172,1.9923221862960179
4.9510000000000005,-0.28878635171113076,5.12921078578023,-0.26308075460131314,-1.7030434698314914,1.9923221862960179
4.952,-0.2836344745633784,5.174407917402372,-0.2647422485839489,-1.6614939826357396,1.9923221862960179
4.953,-0.2784378082440945,5.218787950030743,-0.2663622346288761,-1.6199860449271835,1.9923221862960179
4.954,-0.27319717336713834,5.26234387554367,-0.2679407542440324,-1.5785196151563359,1.9923221862960179
4.955,-0.2679133974894995,5.305068815955672,-0.26947639271471674,-1.5356384706843262,2.065131242842668
4.956,-0.26258731498064636,5.346956024503325,-0.27096919292207355,-1.4928002073567885,2.065131242842668
4.957,-0.2572197668907551,5.387998886710782,-0.2724191977043661,-1.4500047822925783,2.065131242842668
4.958,-0.25181160081787957,5.428190921434409,-0.27382644985701954,-1.4072521526534325,2.065131242842668
4.9590000000000005,-0.24636367077414525,5.467525781885933,-0.27519099213266346,-1.3645422756439258,2.065131242842668
4.96,-0.24087683705085747,5.505997256634928,-0.27651157406263477,-1.3205819299713366,2.129790169847268
4.961,-0.23535196608266645,5.543599270589555,-0.27778823960727916,-1.27666554464442,2.129790169847268
4.962,-0.2297899303107476,5.580325885955894,-0.279021032682982,-1.2327930757028303,2.129790169847268
4.963,-0.224191608045017,5.616171303175691,-0.2802099971622122,-1.1889644792301821,2.129790169847268
4.964,-0.21855788332546447,5.651129861841994,-0.2813551768735662,-1.1451797113540065,2.129790169847268
4.965,-0.2128896457825379,5.685196041593097,-0.2824554905294475,-1.1003136558813287,2.1860437880661876
4.966,-0.2071877904966408,5.718364462984388,-0.28351098299591165,-1.0554924664641236,2.1860437880661876
4.9670000000000005,-0.2014532178568304,5.75062988833757,-0.284521699094148,-1.0107160982363357,2.1860437880661876
4.968,-0.1956868334186039,5.78198722256795,-0.28548768360052473,-0.9659845063767756,2.1860437880661876
4.969,-0.18988954776090033,5.812431513988999,-0.28640898124663383,-0.921297646109075,2.1860437880661876
4.97,-0.18406227634234243,5.841957955094112,-0.2872846841932934,-0.8757029466595752,2.233670090169539
4.971,-0.17820593935662585,5.870561883316023,-0.28811483803520294,-0.8301538419095248,2.233670090169539
4.972,-0.17232146158725606,5.898238781762846,-0.28889948832146717,-0.7846502862642245,2.233670090169539
4.973,-0.16640977226149456,5.924984279931445,-0.28963868055564174,-0.7391922341745695,2.233670090169539
4.974,-0.16047180490360638,5.950794154397661,-0.29033246019577874,-0.6937796401370041,2.233670090169539
4.9750000000000005,-0.15450849718747234,5.975664329483117,-0.2909800964339376,-0.6476362381588141,2.2724811169026493
4.976,-0.14852079078851985,5.9995908778988225,-0.29158163541352017,-0.6015389795826023,2.2724811169026493
4.977,-0.14250963123498742,6.02257002136547,-0.29213712323178515,-0.5554878182649667,2.2724811169026493
4.978,-0.13647596775866577,6.044598131209872,-0.2926466059398938,-0.5094827081086488,2.2724811169026493
4.979,-0.13042075314494858,6.065671728938176,-0.2931101295429563,-0.4635236030624872,2.2724811169026493
4.98,-0.12434494358242444,6.085787486784982,-0.2935271431484382,-0.4170136054819186,2.3023236988753046
4.981,-0.11824949851186321,6.104942228238917,-0.29389769326633713,-0.3705501178989306,2.3023236988753046
4.982,-0.11213538047469185,6.123132928544288,-0.29422182636014066,-0.3241330938035256,2.3023236988753046
4.9830000000000005,-0.1060035549610255,6.140356715178642,-0.2944995888468729,-0.277762486732216,2.3023236988753046
4.984,-0.09985499025720554,6.1566108683063785,-0.2947310270971409,-0.23143825026797768,2.3023236988753046
4.985,-0.09369065729286125,6.1718928212083295,-0.2949157723079376,-0.1847452107966807,2.323080061051451
4.986,-0.08751152948764084,6.186200160686943,-0.2950538711723024,-0.138098864364855,2.323080061051451
4.987,-0.0813185825974415,6.199530627447494,-0.2951453703365819,-0.09149916427946111,2.323080061051451
4.988,-0.07511279456037862,6.211882116454723,-0.29519031640047605,-0.044946063894152635,2.323080061051451
4.989,-0.0688951453423195,6.223252677265344,-0.29518875591708527,0.0015604833907705354,2.323080061051451
4.99,-0.06266661678215299,6.23364051433599,-0.2951405036284268,0.04825228865844837,2.3346682875534306
4.9910000000000005,-0.056428192436738564,6.243043987306773,-0.29504560622630593,0.09489740212085854,2.3346682875534306
4.992,-0.050180857425609085,6.25146161126029,-0.29490411035583614,0.1414958704698063,2.3346682875534306
4.993,-0.043925598275370084,6.258892056956156,-0.2947160626154857,0.1880477403504051,2.3346682875534306
4.994,-0.03766340276396878,6.265334151040842,-0.2944815095571246,0.2345530583611233,2.3346682875534306
4.995,-0.03139525976465596,6.270786876233028,-0.2942004501989229,0.28105935820169237,2.3370426449465085
4.996,-0.025122159089884438,6.275249371484185,-0.2938729310471805,0.32751915174242086,2.3370426449465085
4.997,-0.018845091334970872,6.278720932114586,-0.29349899856169087,0.3739324854896086,2.3370426449465085
4.998,-0.012565047721669182,6.281201009924566,-0.2930786991557878,0.42029940590304915,2.3370426449465085
4.999,-0.00628301994168069,6.2826892132810865,-0.29261207919639176,0.46661995939607626,2.3370426449465085
5.0,-1.2246467991473533e-15,6.283185307179586,-0.2920993219817005,0.5127572146912369,2.330193762727834
5.001,0.0062830199416782405,6.2826892132810865,-0.2915404736489694,0.5588483327311023,2.330193762727834
5.002,0.012565047721666733,6.281201009924567,-0.2909355802893165,0.6048933596529279,2.330193762727834
5.003,0.018845091334968422,6.278720932114587,-0.2902846879477687,0.6508923415478316,2.330193762727834
5.0040000000000004,0.02512215908988554,6.275249371484185,-0.28958784262330783,0.6968453244608405,2.330193762727834
5.005,0.031395259764653516,6.270786876233029,-0.2888454111707653,0.7424314525425312,2.3141486703075795
5.006,0.03766340276396634,6.265334151040844,-0.28805743917626914,0.7879719944961402,2.3141486703075795
5.007,0.04392559827536764,6.258892056956158,-0.28722397218036133,0.8334669959077956,2.3141486703075795
5.008,0.05018085742560665,6.251461611260293,-0.2863450556780433,0.8789165023180394,2.3141486703075795
5.009,0.05642819243674319,6.243043987306767,-0.28542073511882143,0.924320559221873,2.3141486703075795
5.01,0.06266661678215055,6.233640514335994,-0.28445155946635203,0.9691756524693746,2.28897069033618
5.011,0.06889514534231708,6.223252677265347,-0.2834375735757284,1.013985890623629,2.28897069033618
5.0120000000000005,0.0751127945603797,6.2118821164547215,-0.2823788222571887,1.058751318539729,2.28897069033618
5.013,0.08131858259743908,6.199530627447499,-0.2812753502761608,1.103471981027913,2.28897069033618
5.014,0.08751152948763842,6.1862001606869494,-0.2801272023533072,1.1481479228536087,2.28897069033618
5.015,0.09369065729285884,6.171892821208336,-0.2789351073946004,1.19209495870673,2.2547591887987504
5.016,0.09985499025720314,6.156610868306385,-0.2776991093470764,1.2359980475239982,2.2547591887987504
5.017,0.10600355496102656,6.14035671517864,-0.27641925211382395,1.2798572332524492,2.2547591887987504
5.018,0.11213538047468946,6.123132928544295,-0.2750955795540288,1.3236725597951717,2.2547591887987504
5.019,0.11824949851186084,6.104942228238924,-0.27372813548301744,1.3674440710113516,2.2547591887987504
5.0200000000000005,0.12434494358242895,6.085787486784968,-0.2723178258724198,1.4103096105975998,2.2116491828629776
5.021,0.13042075314494622,6.065671728938184,-0.27086469358777554,1.4531322846442618,2.2116491828629776
5.022,0.1364759677586634,6.044598131209881,-0.2693687814517587,1.495912136016877,2.2116491828629776
5.023,0.14250963123498508,6.022570021365478,-0.2678301322442206,1.5386492075381197,2.2116491828629776
5.024,0.14852079078851751,5.999590877898831,-0.26624878870223273,1.5813435419878412,2.2116491828629776
5.025,0.1545084971874734,5.975664329483113,-0.2646258302876263,1.6229584146064133,2.1598108080279936
5.026,0.16047180490360405,5.950794154397671,-0.26296129861527395,1.6645316723523669,2.1598108080279936
5.027,0.16640977226149226,5.924984279931455,-0.26125523525843336,1.7060633568405743,2.1598108080279936
5.0280000000000005,0.17232146158726044,5.898238781762825,-0.2595076817487891,1.7475535096442936,2.1598108080279936
5.029,0.17820593935662357,5.870561883316034,-0.25771867957649386,1.7890021722952092,2.1598108080279936
5.03,0.18406227634234015,5.841957955094123,-0.2558894774334374,1.829202143056461,2.099448646677342
5.031,0.18988954776089806,5.812431513989011,-0.2540201155195904,1.8693619138469513,2.099448646677342
5.032,0.19568683341860166,5.781987222567961,-0.2521106339947238,1.9094815248666512,2.099448646677342
5.033,0.2014532178568314,5.750629888337564,-0.2501610729784484,1.9495610162753314,2.099448646677342
5.034,0.20718779049663855,5.7183644629844,-0.24817147255025582,1.989600428192603,2.099448646677342
5.035,0.2128896457825357,5.685196041593111,-0.2461432457040777,2.028226846178125,2.0308009206857354
5.0360000000000005,0.21855788332546866,5.6511298618419685,-0.24407643106633203,2.0668146377456615,2.0308009206857354
5.037,0.2241916080450148,5.6161713031757055,-0.2419710672248104,2.1053638415216307,2.0308009206857354
5.038,0.2297899303107454,5.580325885955908,-0.23982719272871658,2.1438744960938236,2.0308009206857354
5.039,0.2353519660826643,5.543599270589569,-0.23764484608870515,2.1823466400114446,2.0308009206857354
5.04,0.2408768370508553,5.505997256634942,-0.2354255990243084,2.2192470643967566,1.9541385512661702
5.041,0.24636367077414623,5.467525781885926,-0.23316948843595073,2.256110588357683,1.9541385512661702
5.042,0.25181160081787746,5.428190921434424,-0.23087655118715608,2.2929372487946487,1.9541385512661702
5.043,0.257219766890753,5.387998886710798,-0.2285468241045849,2.3297270825711776,1.9541385512661702
5.0440000000000005,0.2625873149806503,5.346956024503295,-0.22618034397807096,2.3664801265139297,1.9541385512661702
5.045,0.26791339748949744,5.305068815955688,-0.2237788350498882,2.401508928182769,1.8697640897676644
5.046,0.2731971733671363,5.262343875543687,-0.22134233234883824,2.4365027010499394,1.8697640897676644
5.047,0.2784378082440925,5.21878795003076,-0.218870870868694,2.4714614801442427,1.8697640897676644
5.048,0.2836344745633764,5.174407917402389,-0.21636448556823454,2.506385300459452,1.8697640897676644
5.049,0.28878635171113454,5.129210785780196,-0.2138232113712802,2.5412741969543458,1.8697640897676644
5.05,0.2938926261462341,5.083203692315282,-0.21124891823804992,2.5742931332302574,1.7780105236433095
5.051,0.2989524915287596,5.036393902060932,-0.20864163918748002,2.6072790505698933,1.7780105236433095
5.0520000000000005,0.3039651488473053,4.988788806825716,-0.20600140720548782,2.64023198199219,1.7780105236433095
5.053,0.30892980654516666,4.940395924006082,-0.20332825524500475,2.6731519604830636,1.7780105236433095
5.054,0.31384568064534946,4.8912228953991335,-0.20062221622600931,2.7060390189954466,1.7780105236433095
5.055,0.31871199487434376,4.841277485996148,-0.19788529844678684,2.7369177792224697,1.6792399623009167
5.056,0.3235279807847208,4.790567582756254,-0.19511753278609759,2.7677656606892658,1.6792399623009167
5.057,0.32829287787647926,4.739101193360992,-0.19231895009182298,2.798582694274595,1.6792399623009167
5.058,0.3330059337171239,4.686886444949954,-0.18948958118099665,2.8293689108263385,1.6792399623009167
5.059,0.3376664040605126,4.6339315828370875,-0.18662945683983512,2.8601243411615305,1.6792399623009167
5.0600000000000005,0.3422735529643445,4.580244969209081,-0.18374071577885429,2.8887410609808213,1.5738422080226244
5.061,0.34682665290640236,4.525835081804553,-0.18082338661477398,2.917329164080293,1.5738422080226244
5.062,0.35132498489942415,4.470710512575464,-0.17787749793569732,2.945888679076665,1.5738422080226244
5.063,0.3557678386046395,4.41487996633035,-0.17490307830113927,2.974419634558041,1.5738422080226244
5.064,0.36015451244395247,4.3583522593595765,-0.17190015624205535,3.0029220590839354,1.5738422080226244
5.065,0.364484313710707,4.301136318043428,-0.16887099244067863,3.029163801376719,1.4622332175933723
5.066,0.36875655867908547,4.243241177442371,-0.16581561313875143,3.0553793019272097,1.4622332175933723
5.067,0.3729705727120917,4.184675979870119,-0.1627340445517743,3.08156858697715,1.4622332175933723
5.0680000000000005,0.3771256903680523,4.125449973450374,-0.15962631286903226,3.10773168274204,1.4622332175933723
5.069,0.38122125550572405,4.065572510656089,-0.15649244425362108,3.1338686154111652,1.4622332175933723
5.07,0.3852566213878945,4.00505304683276,-0.15333481243761113,3.1576318160099444,1.3448534607095097
5.071,0.3892311507835091,3.943901138705323,-0.150153441184203,3.1813712534081247,1.3448534607095097
5.072,0.39314421606830885,3.8821264428688624,-0.14694835423283412,3.205086951368907,1.3448534607095097
5.073,0.396995199323919,3.8197387142640347,-0.1437195752992024,3.228778933631728,1.3448534607095097
5.074,0.40078349243543726,3.75674780463648,-0.1404671280752901,3.2524472239122866,1.3448534607095097
5.075,0.40450849718747456,3.6931636609808987,-0.1371934899749688,3.2736381003212967,1.222166181646113
5.0760000000000005,0.4081696253585926,3.628996323970774,-0.1338986821891149,3.2948077858538976,1.222166181646113
5.077,0.41176629881421206,3.564255926372471,-0.13058272588741393,3.315956301700966,1.222166181646113
5.078,0.41529794959790645,3.4989526914451545,-0.12724564221838175,3.3370836690321872,1.222166181646113
5.079,0.41876402002106883,3.4330969313267863,-0.12388745230938566,3.3581899089960774,1.222166181646113
5.08,0.42216396275100726,3.366699045405166,-0.12051072747887771,3.3767248305079516,1.0946555710435124
5.081,0.4254972408973473,3.2997695186762614,-0.1171154862617794,3.395241217098314,1.0946555710435124
5.082,0.42876332809682544,3.232318920088292,-0.11370174717447731,3.413739087302086,1.0946555710435124
5.083,0.4319617085964168,3.1643579008725733,-0.11026952871484166,3.432218459635654,1.0946555710435124
5.0840000000000005,0.43509187733476357,3.0958971928618673,-0.10681884936224477,3.4506793525968886,1.0946555710435124
5.085,0.43815334002193057,3.0269476067957077,-0.10335236419189991,3.4664851703448516,0.9628248550279964
5.086,0.441145613217477,2.9575200306128666,-0.09987008900962485,3.4822751822750666,0.9628248550279964
5.087,0.44406822440677074,2.887625427732611,-0.0963720396054315,3.4980494041933516,0.9628248550279964
5.088,0.44692071207563183,2.8172748353228214,-0.09285823175354178,3.5138078518897182,0.9628248550279964
5.089,0.44970262578318687,2.746479362557648,-0.0893286812124034,3.5295505411383883,0.9628248550279964
5.09,0.4524135262330094,2.6752501888630076,-0.08578611633562198,3.542564876781414,0.8271943092082115
5.091,0.45505298534249733,2.603598562151022,-0.08223055013753319,3.555566198088797,0.8271943092082115
5.0920000000000005,0.45762058631045954,2.53153579704416,-0.07866199561945832,3.5685545180748726,0.8271943092082115
5.093,0.46011592368293575,2.459073273088492,-0.07508046576971736,3.581529849740962,0.8271943092082115
5.094,0.4625386034172281,2.386222432956562,-0.07148597356364197,3.594492206075385,0.8271943092082115
5.095,0.46488824294412595,2.312994780640418,-0.06788130986566496,3.6046636979770104,0.6882992053850459
5.096,0.46716447122830485,2.2394018796354076,-0.06426648484727822,3.614825018386734,0.6882992053850459
5.097,0.46936692882693704,2.1654553511135495,-0.06064150866980217,3.6249761774760483,0.6882992053850459
5.098,0.4714952679464309,2.0911668720890795,-0.057006391484395895,3.635117185406273,0.6882992053850459
5.099,0.4735491524973719,2.016548173573847,-0.053361143432067326,3.6452480523285677,0.6882992053850459
5.1000000000000005,0.4755282581475775,1.941611038725439,-0.04970860687380952,3.652536558257806,0.546687699078351
5.101,0.477432272373321,1.8663673009862318,-0.04604878909812841,3.659817775681115,0.546687699078351
5.102,0.47926089450868836,1.7908288422144978,-0.04238169738624141,3.667091711887001,0.546687699078351
5.103,0.4810138357930423,1.715007590808717,-0.03870733901208473,3.674358374156681,0.546687699078351
5.104,0.4826908194166371,1.638915519823263,-0.03502572124232064,3.6816177697640913,0.546687699078351
5.105,0.48429158056431654,1.5625646450783173,-0.03133972671700216,3.685994525318478,0.40291866620754224
5.106,0.48581586645733693,1.485967023262176,-0.027649359812884848,3.6903669041173104,0.40291866620754224
5.107,0.4872634363932893,1.409134750027099,-0.023954624902347503,3.6947349105373437,0.40291866620754224
5.1080000000000005,0.4886340617840966,1.3320799580798715,-0.020255526353396544,3.6990985489509574,0.40291866620754224
5.109,0.4899275261921225,1.2548148152653023,-0.016552068529670387,3.7034578237261573,0.40291866620754224
5.11,0.491143625364344,1.1773515226450408,-0.01284716297381868,3.7049055558517052,0.2575594974636938
5.111,0.4922821672646017,1.0997023125711494,-0.009140811133573554,3.7063518402451274,0.2575594974636938
5.112,0.49334297210393363,1.0218794467538614,-0.005433014455219398,3.707796678354156,0.2575594974636938
5.113,0.49432587236895714,0.9438952143259287,-0.0017237743835943216,3.709240071625076,0.2575594974636938
5.114,0.49523071284832515,0.8657619299017616,0.001986907637908403,3.7106820215027247,0.2575594974636938
5.115,0.49605735065723894,0.7874919316325438,0.005696102654571177,3.709195016662774,0.11118385907760675
5.1160000000000005,0.4968056552600046,0.7090975792584253,0.009403812153398841,3.7077094988276635,0.11118385907760675
5.117,0.49747550849065,0.6305912521565106,0.01311003761990923,3.706225466510388,0.11118385907760675
5.118,0.4980668045715864,0.5519853473857458,0.01681478053813466,3.70474291822543,0.11118385907760675
5.119,0.49857945013030686,0.4732922777299006,0.020518042390623416,3.7032618524887564,0.11118385907760675
5.12,0.4990133642141359,0.3945244697367348,0.024216888369836112,3.698845979212696,-0.03563057117858148
5.121,0.499368478303009,0.31569436175632465,0.027911322891646023,3.694434521809912,-0.03563057117858148
5.122,0.49964473632029466,0.23681440197663722,0.03160135036751056,3.6900274758645306,-0.03563057117858148
5.123,0.4998420946416499,0.15789704645763813,0.03528697520447565,3.6856248369650944,-0.03563057117858148
5.124,0.49996052210190806,0.07895475716451349,0.03896820180518021,3.6812266007045578,-0.03563057117858148
5.125,0.5,4.925763726940154e-14,0.042642101091607626,3.673899286427419,-0.18230438382171288
5.126,0.49996052210190806,-0.07895475716450426,0.046308680391072186,3.6665792994645576,-0.18230438382171288
5.127,0.49984209464165014,-0.15789704645753966,0.049967947023560846,3.659266632488659,-0.18230438382171288
5.128,0.49964473632029466,-0.236814401976628,0.053619908301740585,3.651961278179736,-0.18230438382171288
5.1290000000000004,0.4993684783030087,-0.3156943617564046,0.05726457153096571,3.644663229225122,-0.18230438382171288
5.13,0.49901336421413595,-0.39452446973672556,0.06089902492247516,3.6344533915094526,-0.3282587243222137
5.131,0.4985794501303069,-0.47329227772989146,0.06452327868610666,3.624253763631499,-0.3282587243222137
5.132,0.49806680457158653,-0.5519853473857366,0.06813734302148808,3.614064335381423,-0.3282587243222137
5.133,0.4974755084906501,-0.6305912521565014,0.07174122811804767,3.603885096559597,-0.3282587243222137
5.134,0.49680565526000386,-0.7090975792585048,0.07533494415502427,3.5937160369765935,-0.3282587243222137
5.135,0.496057350657239,-0.7874919316325348,0.07891560812441233,3.5806639693880506,-0.4729175775783092
5.136,0.49523071284832526,-0.8657619299017524,0.08248323307827943,3.5676249538670963,-0.4729175775783092
5.1370000000000005,0.49432587236895725,-0.9438952143259195,0.0860378320556411,3.554598977361663,-0.4729175775783092
5.138,0.49334297210393374,-1.0218794467538523,0.08957941808247383,3.5415860268327353,-0.4729175775783092
5.139,0.4922821672646031,-1.0997023125710523,0.09310800417172817,3.528586089254336,-0.4729175775783092
5.14,0.4911436253643455,-1.177351522644944,0.09662074747406955,3.512743302341391,-0.6157100411845493
5.141,0.48992752619212404,-1.2548148152652059,0.10011766383228492,3.4969163582153584,-0.6157100411845493
5.142,0.4886340617840967,-1.3320799580798623,0.10359876907331837,3.481105241033452,-0.6157100411845493
5.143,0.48726343639328945,-1.40913475002709,0.1070640790082871,3.4653099349687277,-0.6157100411845493
5.144,0.48581586645733715,-1.4859670232621671,0.11051360943249716,3.449530424210068,-0.6157100411845493
5.1450000000000005,0.4842915805643149,-1.5625646450783948,0.11394456887471256,3.4309594422154,-0.7560725785229034
5.146,0.48269081941663733,-1.6389155198232543,0.11735697590591529,3.4124070312027266,-0.7560725785229034
5.147,0.48101383579304247,-1.7150075908087081,0.12075084907851635,3.3938731726010656,-0.7560725785229034
5.148,0.4792608945086886,-1.7908288422144887,0.12412620692637436,3.3753578478580066,-0.7560725785229034
5.149,0.4774322723733212,-1.8663673009862232,0.12748306796481404,3.3568610384396904,-0.7560725785229034
5.15,0.47552825814757554,-1.9416110387255152,0.1308187031173596,3.33563515254557,-0.8934512427840389
5.151,0.4735491524973721,-2.016548173573838,0.13413313360989695,3.3144304925373436,-0.8934512427840389
5.152,0.4714952679464335,-2.0911668720889867,0.13742638064708607,3.2932470371891256,-0.8934512427840389
5.1530000000000005,0.46936692882693726,-2.165455351113541,0.14069846541238232,3.2720847652962557,-0.8934512427840389
5.154,0.4671644712283077,-2.2394018796353152,0.1439494090680576,3.250943655675279,-0.8934512427840389
5.155,0.46488824294412623,-2.312994780640409,0.14717655570281435,3.2271466347567523,-1.0273038631425688
5.156,0.4625386034172311,-2.3862224329564707,0.15037992911367348,3.203373410859144,-1.0273038631425688
5.157,0.460115923682936,-2.459073273088483,0.1535595530738589,3.1796239601854337,-1.0273038631425688
5.158,0.4576205863104584,-2.5315357970441923,0.1567154513328213,3.155898258962397,-1.0273038631425688
5.159,0.4550529853424991,-2.603598562150973,0.15984764761626188,3.132196283440583,-1.0273038631425688
5.16,0.4524135262330097,-2.6752501888629996,0.16295356965972987,3.1059220434679906,-1.1571021844575793
5.1610000000000005,0.44970262578318404,-2.7464793625577197,0.16603324373746525,3.079674077735371,-1.1571021844575793
5.162,0.44692071207563216,-2.817274835322813,0.16908669609743374,3.053452359968484,-1.1571021844575793
5.163,0.4440682244067711,-2.887625427732603,0.1721139529613531,3.027256863919364,-1.1571021844575793
5.164,0.4411456132174773,-2.9575200306128586,0.17511504052471938,3.0010875633662932,-1.1571021844575793
5.165,0.43815334002193096,-3.0269476067956993,0.17808748032148122,2.9724397967618437,-1.2823339520541743
5.166,0.4350918773347639,-3.0958971928618593,0.18103130099940523,2.9438206779239984,-1.2823339520541743
5.167,0.4319617085964172,-3.164357900872565,0.18394653117761023,2.915230178204991,-1.2823339520541743
5.168,0.42876332809682766,-3.2323189200882454,0.18683319944659593,2.8866682689857024,-1.2823339520541743
5.1690000000000005,0.4254972408973458,-3.2997695186762916,0.18969133436827157,2.8581349216756333,-1.2823339520541743
5.17,0.42216396275100954,-3.3666990454051207,0.19251856105635834,2.8272266880867827,-1.40250493335875
5.171,0.41876402002107116,-3.433096931326742,0.19531491041908985,2.796349362731521,-1.40250493335875
5.172,0.41529794959790883,-3.49895269144511,0.19808041333379148,2.7655029147016146,-1.40250493335875
5.173,0.4117662988142145,-3.564255926372426,0.20081510064691122,2.734687313119738,-1.40250493335875
5.174,0.40816962535859097,-3.628996323970803,0.20351900317405067,2.703902527139443,-1.40250493335875
5.175,0.404508497187475,-3.693163660980891,0.20618985898129477,2.6708558072441186,-1.5171408684092513
5.176,0.4007834924354377,-3.7567478046364724,0.20882770111536347,2.6378421340686895,-1.5171408684092513
5.1770000000000005,0.39699519932391514,-3.819738714264098,0.2114325625899299,2.6048614745664356,-1.5171408684092513
5.178,0.3931442160683093,-3.882126442868855,0.2140044763856536,2.571913795723684,-1.5171408684092513
5.179,0.38923115078350956,-3.943901138705316,0.21654347545021338,2.5389990645597753,-1.5171408684092513
5.18,0.38525662138789496,-4.005053046832753,0.21904741972887776,2.5039442786643678,-1.625789341542395
5.181,0.38122125550572683,-4.0655725106560485,0.2215163442764326,2.4689245475548556,-1.625789341542395
5.182,0.37712569036805277,-4.125449973450368,0.22395028411260906,2.433939836176453,-1.625789341542395
5.183,0.3729705727120946,-4.184675979870078,0.22634927422211848,2.3989901095094286,-1.625789341542395
5.184,0.3687565586790884,-4.243241177442331,0.22871334955468756,2.364075332569071,-1.625789341542395
5.1850000000000005,0.36448431371070505,-4.301136318043454,0.23104050038058663,2.3271508258990674,-1.7280215668717223
5.186,0.36015451244395547,-4.358352259359537,0.23333076362432237,2.2902632437357338,-1.7280215668717223
5.187,0.3557678386046425,-4.414879966330312,0.23558417617347693,2.2534125491545636,-1.7280215668717223
5.188,0.3513249848994272,-4.470710512575426,0.2378007748787449,2.2165987052679745,-1.7280215668717223
5.189,0.34682665290640285,-4.525835081804547,0.23998059655397017,2.179821675225272,-1.7280215668717223
5.19,0.3422735529643424,-4.580244969209105,0.24212176972591,2.1411731719398555,-1.8234340805095686
5.191,0.3376664040605132,-4.633931582837081,0.24422433304306773,2.102563317157724,-1.8234340805095686
5.192,0.33300593371712445,-4.686886444949948,0.2462883251152981,2.063992072230375,-1.8234340805095686
5.1930000000000005,0.32829287787647443,-4.739101193361045,0.24831378451384606,2.025459398547953,-1.8234340805095686
5.194,0.32352798078472134,-4.790567582756248,0.2503007497713853,1.9869652575392136,-1.8234340805095686
5.195,0.3187119948743471,-4.841277485996113,0.2522474950570099,1.9467452856245808,-1.9116503328546746
5.196,0.31384568064535,-4.891222895399128,0.25415406059069173,1.9065655336818628,-1.9116503328546746
5.197,0.30892980654517005,-4.940395924006048,0.25602048655218285,1.8664259614910874,-1.9116503328546746
5.198,0.3039651488473031,-4.988788806825737,0.25784681308105534,1.8263265288725028,-1.9116503328546746
5.199,0.298952491528763,-5.0363939020609,0.25963308027674187,1.7862671956865368,-1.9116503328546746
5.2,0.29389262614623757,-5.08320369231525,0.2613777147617395,1.7446344849976194,-1.9923221746615445
5.2010000000000005,0.28878635171113226,-5.1292107857802165,0.26308075816875887,1.703043407019391,-1.9923221746615445
5.202,0.2836344745633799,-5.174407917402359,0.264742252088878,1.6614939201191408,-1.9923221746615445
5.203,0.2784378082440931,-5.218787950030754,0.2663622380715838,1.6199859827057908,-1.9923221746615445
5.204,0.2731971733671369,-5.2623438755436815,0.2679407576248137,1.5785195532298542,-1.9923221746615445
5.205,0.26791339748949805,-5.305068815955684,0.26947639603386975,1.5356384090560984,-2.0651312310262924
5.206,0.26258731498064486,-5.346956024503337,0.2709691961798963,1.4928001460265163,-2.0651312310262924
5.207,0.2572197668907536,-5.387998886710793,0.27241920090115623,1.450004721259964,-2.0651312310262924
5.208,0.25181160081787807,-5.42819092143442,0.2738264529930744,1.4072520919181781,-2.0651312310262924
5.2090000000000005,0.24636367077414686,-5.4675257818859215,0.2751909952082801,1.364542215205734,-2.0651312310262924
5.21,0.24087683705085594,-5.505997256634938,0.2765115770781133,1.3205818698331873,-2.12979015786705
5.211,0.23535196608266806,-5.543599270589544,0.27778824256291934,1.276665484806013,-2.12979015786705
5.212,0.22978993031074924,-5.580325885955883,0.2790210355790832,1.232793016163866,-2.12979015786705
5.213,0.22419160804501864,-5.6161713031756815,0.28020999999907353,1.1889644199903613,-2.12979015786705
5.214,0.21855788332546613,-5.651129861841984,0.28135517965148654,1.14517965241303,-2.12979015786705
5.215,0.21288964578253958,-5.685196041593088,0.2824554932487284,1.1003135972418223,-2.186043775939729
5.216,0.20718779049664246,-5.718364462984378,0.2835109856568542,1.055492408125786,-2.186043775939729
5.2170000000000005,0.20145321785682882,-5.750629888337579,0.28452170169705304,1.0107160401988655,-2.186043775939729
5.218,0.19568683341860232,-5.781987222567958,0.2854876861456929,0.9659844486398721,-2.186043775939729
5.219,0.18988954776089875,-5.812431513989007,0.28640898373436535,0.9212975886724376,-2.186043775939729
5.22,0.18406227634234082,-5.84195795509412,0.28728468662389084,0.8757028895254848,-2.2336700779140166
5.221,0.17820593935662427,-5.870561883316031,0.2881148404089685,0.830153785077679,-2.2336700779140166
5.222,0.17232146158725445,-5.898238781762854,0.28889949063870285,0.784650229734321,-2.2336700779140166
5.223,0.16640977226149295,-5.924984279931452,0.2896386828166492,0.7391921779463063,-2.2336700779140166
5.224,0.1604718049036081,-5.950794154397654,0.29033246240085925,0.6937795842100797,-2.2336700779140166
5.2250000000000005,0.1545084971874741,-5.97566432948311,0.2909800985833944,0.6476361825351751,-2.2724811045347275
5.226,0.1485207907885216,-5.999590877898815,0.29158163750765637,0.6015389242619453,-2.2724811045347275
5.227,0.1425096312349892,-6.022570021365463,0.29213712527090335,0.5554877632469888,-2.2724811045347275
5.228,0.13647596775866755,-6.044598131209865,0.2926466079242964,0.5094826533930472,-2.2724811045347275
5.229,0.13042075314495036,-6.06567172893817,0.2931101314729454,0.4635235486489596,-2.2724811045347275
5.23,0.12434494358242623,-6.085787486784977,0.2935271450243175,0.4170135513720863,-2.302323686411219
5.231,0.118249498511865,-6.104942228238911,0.29389769508840996,0.3705500640924898,-2.302323686411219
5.232,0.11213538047469018,-6.123132928544292,0.2942218281287101,0.3241330403001729,-2.302323686411219
5.2330000000000005,0.10600355496102382,-6.140356715178647,0.2944995905622418,0.27776243353164837,-2.302323686411219
5.234,0.09985499025720386,-6.156610868306383,0.29473102875961166,0.23143819736989235,-2.302323686411219
5.235,0.09369065729285957,-6.171892821208334,0.29491577391781404,0.18474515820238302,-2.3230800485069723
5.236,0.08751152948763914,-6.186200160686948,0.2950538727298881,0.13809881207404118,-2.3230800485069723
5.237,0.0813185825974398,-6.199530627447498,0.2951453718421799,0.0914991122918277,-2.3230800485069723
5.238,0.07511279456038043,-6.211882116454721,0.2951903178543893,0.044946012209396424,-2.3230800485069723
5.239,0.0688951453423178,-6.2232526772653465,0.29518875731961636,-0.0015605347729524197,-2.3230800485069723
5.24,0.06266661678215481,-6.2336405143359865,0.2951405049798793,-0.04825233973705613,-2.334668274943833
5.2410000000000005,0.05642819243674039,-6.243043987306771,0.2950456075269831,-0.09489745289619574,-2.334668274943833
5.242,0.05018085742561091,-6.251461611260288,0.2949041116060409,-0.1414959209421762,-2.334668274943833
5.243,0.04392559827537191,-6.258892056956154,0.2947160638155208,-0.18804779052011067,-2.334668274943833
5.244,0.037663402763970615,-6.26533415104084,0.29448151070729234,-0.23455310822846723,-2.334668274943833
5.245,0.03139525976465779,-6.270786876233026,0.2942004512995264,-0.2810594077659715,-2.3370426322866367
5.246,0.025122159089882728,-6.275249371484186,0.29387293209852244,-0.3275192010039383,-2.3370426322866367
5.247,0.018845091334969158,-6.278720932114586,0.29349899956407377,-0.3739325344486671,-2.3370426322866367
5.248,0.012565047721667466,-6.281201009924567,0.2930787001095138,-0.42029945455995116,-2.3370426322866367
5.249,0.006283019941678975,-6.2826892132810865,0.2926120801017627,-0.46662000775112394,-2.3370426322866367
5.25,-4.904777002955296e-16,-6.283185307179586,0.2920993228390187,-0.5127572627440141,-2.3301937500320653
5.251,-0.006283019941679956,-6.2826892132810865,0.29154047445853676,-0.5588483804819114,-2.3301937500320653
5.252,-0.012565047721668448,-6.281201009924567,0.2909355810514347,-0.6048934071020708,-2.3301937500320653
5.253,-0.018845091334970136,-6.278720932114586,0.2902846886627391,-0.6508923886956101,-2.3301937500320653
5.2540000000000004,-0.025122159089883706,-6.275249371484185,0.28958784329143156,-0.6968453713075557,-2.3301937500320653
5.255,-0.03139525976465168,-6.270786876233031,0.2888454117923435,-0.7424314990880444,-2.3141486575898087
5.256,-0.03766340276396451,-6.265334151040846,0.28805743975160275,-0.7879720407407526,-2.3141486575898087
5.257,-0.04392559827536581,-6.25889205695616,0.2872239727097509,-0.833467041851808,-2.3141486575898087
5.258,-0.05018085742560482,-6.251461611260296,0.2863450561617892,-0.8789165479617523,-2.3141486575898087
5.259,-0.05642819243674137,-6.24304398730677,0.2854207355572236,-0.9243206045655867,-2.3141486575898087
5.26,-0.06266661678214873,-6.233640514335996,0.2844515598597104,-0.9691756975132185,-2.2889706776098673
5.261,-0.06889514534231878,-6.223252677265345,0.2834375739243425,-1.0139859353679026,-2.2889706776098673
5.2620000000000005,-0.0751127945603814,-6.211882116454719,0.28237882256135777,-1.058751362984732,-2.2889706776098673
5.263,-0.08131858259744078,-6.199530627447496,0.2812753505361838,-1.1034720251739447,-2.2889706776098673
5.264,-0.08751152948764011,-6.186200160686946,0.2801272025694828,-1.1481479667009682,-2.2889706776098673
5.265,-0.09369065729286052,-6.171892821208331,0.278935107567227,-1.1920950022558052,-2.2547591760768957
5.266,-0.09985499025720482,-6.15661086830638,0.27769910947645193,-1.2359980907750874,-2.2547591760768957
5.267,-0.10600355496102477,-6.140356715178645,0.2764192522002461,-1.2798572762058502,-2.2547591760768957
5.268,-0.11213538047469114,-6.1231329285442895,0.2750955795977949,-1.3236726024511822,-2.2547591760768957
5.269,-0.11824949851185905,-6.104942228238929,0.27372813548442465,-1.367444113370269,-2.2547591760768957
5.2700000000000005,-0.12434494358242718,-6.085787486784973,0.2723178258317646,-1.4103096526600611,-2.2116491701581147
5.271,-0.13042075314494445,-6.06567172893819,0.270864693505354,-1.4531323264105633,-2.2116491701581147
5.272,-0.13647596775866164,-6.044598131209887,0.26936878132786674,-1.495912177487315,-2.2116491701581147
5.273,-0.1425096312349833,-6.022570021365485,0.26783013207915374,-1.53864924871299,-2.2116491701581147
5.274,-0.14852079078851574,-5.9995908778988385,0.2662487884962863,-1.5813435828674391,-2.2116491701581147
5.275,-0.15450849718747503,-5.975664329483107,0.2646258300410947,-1.622958455191616,-2.159810795352223
5.276,-0.1604718049036023,-5.950794154397678,0.2629612983284512,-1.6645317126434689,-2.159810795352223
5.277,-0.16640977226149387,-5.924984279931448,0.26125523493161334,-1.7060633968378698,-2.159810795352223
5.2780000000000005,-0.17232146158726205,-5.898238781762819,0.25950768138226527,-1.7475535493480763,-2.159810795352223
5.279,-0.17820593935662518,-5.870561883316027,0.2577186791705595,-1.7890022117057727,-2.159810795352223
5.28,-0.18406227634234174,-5.841957955094116,0.2558894769883846,-1.829202182174913,-2.099448634042305
5.281,-0.18988954776089964,-5.812431513989003,0.25402011503571104,-1.869361952673584,-2.099448634042305
5.282,-0.1956868334186032,-5.781987222567953,0.2521106334723093,-1.9094815634017566,-2.099448634042305
5.283,-0.20145321785682974,-5.750629888337573,0.25016107241779006,-1.9495610545192008,-2.099448634042305
5.284,-0.20718779049663688,-5.71836446298441,0.24817147195164455,-1.9896004661455278,-2.099448634042305
5.285,-0.21288964578253403,-5.68519604159312,0.2461432450678031,-2.028226883841435,-2.030800908102635
5.2860000000000005,-0.21855788332546702,-5.651129861841979,0.24407643039268345,-2.066814675119646,-2.030800908102635
5.287,-0.22419160804501315,-5.616171303175716,0.24197106651407688,-2.105363878606579,-2.030800908102635
5.288,-0.2297899303107438,-5.580325885955919,0.23982719198118685,-2.1438745328900253,-2.030800908102635
5.289,-0.23535196608266265,-5.5435992705895805,0.23764484530466767,-2.182346676519188,-2.030800908102635
5.29,-0.2408768370508568,-5.505997256634932,0.2354255982040501,-2.2192471006175842,-1.954138538745772
5.291,-0.24636367077414772,-5.467525781885915,0.23316948757975822,-2.2561106242918822,-1.954138538745772
5.292,-0.25181160081787896,-5.428190921434414,0.23087655029531573,-2.2929372844425058,-1.954138538745772
5.293,-0.25721976689075443,-5.387998886710787,0.22854682317738276,-2.3297271179329786,-1.954138538745772
5.2940000000000005,-0.26258731498065174,-5.3469560245032834,0.2261803430157928,-2.366480161589961,-1.954138538745772
5.295,-0.2679133974894989,-5.305068815955678,0.223778834052818,-2.401508962974777,-1.8697640773202981
5.296,-0.2731971733671377,-5.262343875543674,0.2213423313172598,-2.436502735558208,-1.8697640773202981
5.297,-0.2784378082440939,-5.218787950030747,0.21887086980289075,-2.471461514369056,-1.8697640773202981
5.298,-0.28363447456337487,-5.1744079174024025,0.21636448446848966,-2.506385334401093,-1.8697640773202981
5.299,-0.28878635171113304,-5.129210785780209,0.21382321023787657,-2.541274230613098,-1.8697640773202981
5.3,-0.2938926261462326,-5.083203692315295,0.2112489170712685,-2.5742931666080624,-1.7780105112788775
5.301,-0.2989524915287581,-5.036393902060946,0.20864163798760146,-2.607279083667032,-1.7780105112788775
5.3020000000000005,-0.30396514884730386,-4.98878880682573,0.2060014059727925,-2.6402320148089427,-1.7780105112788775
5.303,-0.3089298065451652,-4.940395924006096,0.2033282539797728,-2.673151993019711,-1.7780105112788775
5.304,-0.3138456806453508,-4.89122289539912,0.20062221492852053,-2.706039051252269,-1.7780105112788775
5.305,-0.3187119948743424,-4.841277485996162,0.19788529711731895,-2.736917811201595,-1.6792399500288937
5.306,-0.3235279807847221,-4.79056758275624,0.19511753142492796,-2.767765692390971,-1.6792399500288937
5.307,-0.32829287787648054,-4.739101193360978,0.1923189486992288,-2.798582725699158,-1.6792399500288937
5.308,-0.33300593371712517,-4.6868864449499394,0.18948957975725478,-2.8293689419740367,-1.6792399500288937
5.309,-0.3376664040605139,-4.633931582837072,0.18662945538522213,-2.8601243720326406,-1.6792399500288937
5.3100000000000005,-0.34227355296434314,-4.580244969209097,0.18374071429364447,-2.8887410915776495,-1.5738421958520674
5.311,-0.3468266529064036,-4.525835081804538,0.18082338509924137,-2.9173291944031132,-1.5738421958520674
5.312,-0.3513249848994229,-4.47071051257548,0.17787749639011563,-2.9458887091257515,-1.5738421958520674
5.313,-0.3557678386046382,-4.414879966330367,0.17490307672578195,-2.9744196643336673,-1.5738421958520674
5.314,-0.3601545124439512,-4.358352259359593,0.17190015463719557,-3.002922088586375,-1.5738421958520674
5.315,-0.3644843137107057,-4.3011363180434445,0.16887099080658713,-3.029163830608447,-1.4622332055329235
5.316,-0.36875655867908425,-4.243241177442389,0.16581561147569862,-3.055379330888497,-1.4622332055329235
5.317,-0.3729705727120905,-4.1846759798701365,0.16273404286003035,-3.081568615668267,-1.4622332055329235
5.3180000000000005,-0.37712569036805343,-4.125449973450358,0.15962631114886708,-3.107731711163257,-1.4622332055329235
5.319,-0.3812212555057229,-4.065572510656107,0.15649244250530434,-3.133868643562752,-1.4622332055329235
5.32,-0.3852566213878956,-4.005053046832743,0.1533348106614098,-3.157631843894537,-1.3448534487673973
5.321,-0.3892311507835102,-3.9439011387053062,0.1501534393803838,-3.1813712810259904,-1.3448534487673973
5.322,-0.3931442160683099,-3.882126442868845,0.14694835240166348,-3.2050869787203125,-1.3448534487673973
5.323,-0.3969951993239201,-3.8197387142640173,0.14371957344094655,-3.22877896071694,-1.3448534487673973
5.324,-0.40078349243543826,-3.7567478046364626,0.14046712619021498,-3.252447250731571,-1.3448534487673973
5.325,-0.40450849718747556,-3.6931636609808813,0.13719348806333753,-3.2736381268774433,-1.2221661698301742
5.3260000000000005,-0.4081696253585915,-3.6289963239707923,0.13389868025119037,-3.294807812147169,-1.2221661698301742
5.327,-0.411766298814211,-3.5642559263724896,0.13058272392345874,-3.3159563277316253,-1.2221661698301742
5.328,-0.41529794959790545,-3.4989526914451736,0.12724564022865825,-3.337083694800497,-1.2221661698301742
5.329,-0.41876402002106783,-3.433096931326806,0.12388745029415595,-3.3581899345023,-1.2221661698301742
5.33,-0.42216396275100626,-3.3666990454051855,0.12051072543840093,-3.3767248557550213,-1.0946555593611902
5.331,-0.42549724089734636,-3.299769518676281,0.11711548419631443,-3.39524124208649,-1.0946555593611902
5.332,-0.4287633280968245,-3.2323189200883116,0.1137017450842828,-3.413739112031627,-1.0946555593611902
5.333,-0.43196170859641764,-3.164357900872554,0.11026952660017597,-3.4322184841068193,-1.0946555593611902
5.3340000000000005,-0.4350918773347644,-3.0958971928618486,0.10681884722336603,-3.450679376809936,-1.0946555593611902
5.335,-0.4381533400219314,-3.0269476067956886,0.10335236202906317,-3.4664851943028525,-0.9628248434863205
5.336,-0.44114561321747775,-2.957520030612848,0.09987008682308489,-3.4822752059782762,-0.9628248434863205
5.337,-0.4440682244067716,-2.887625427732592,0.09637203739544287,-3.4980494276420244,-0.9628248434863205
5.338,-0.4469207120756326,-2.8172748353228023,0.09285822952035876,-3.5138078750841086,-0.9628248434863205
5.339,-0.4497026257831876,-2.7464793625576283,0.08932867895628001,-3.529550564078751,-0.9628248434863205
5.34,-0.4524135262330101,-2.675250188862988,0.08578611405680905,-3.542564899470949,-0.8271942978138516
5.341,-0.45505298534249655,-2.603598562151043,0.0822305478362813,-3.555566220527755,-0.8271942978138516
5.3420000000000005,-0.4576205863104588,-2.531535797044181,0.0786619932960178,-3.5685545402635044,-0.8271942978138516
5.343,-0.46011592368293364,-2.4590732730885536,0.07508046342433827,-3.581529871679518,-0.8271942978138516
5.344,-0.46253860341722874,-2.3862224329565422,0.07148597119657416,-3.594492227764116,-0.8271942978138516
5.345,-0.46488824294412395,-2.312994780640481,0.06788130747715491,-3.604663719419238,-0.6882991941443057
5.346,-0.4671644712283055,-2.239401879635387,0.06426648243757221,-3.614825039582705,-0.6882991941443057
5.347,-0.4693669288269376,-2.1654553511135295,0.06064150623914621,-3.6249761984260083,-0.6882991941443057
5.348,-0.4714952679464315,-2.091166872089059,0.05700638903303574,-3.6351172061104684,-0.6882991941443057
5.349,-0.4735491524973724,-2.0165481735738267,0.05336114096024849,-3.645248072787244,-0.6882991941443057
5.3500000000000005,-0.47552825814757804,-1.9416110387254186,0.049708604381774095,-3.6525365784743986,-0.5466876879971054
5.351,-0.4774322723733215,-1.8663673009862112,0.04604878658611823,-3.6598177956558664,-0.5466876879971054
5.352,-0.47926089450868886,-1.7908288422144771,0.04238169485449808,-3.6670917316201526,-0.5466876879971054
5.353,-0.48101383579304274,-1.7150075908086964,0.0387073364608496,-3.6743583936484745,-0.5466876879971054
5.354,-0.4826908194166376,-1.6389155198232421,0.035025718671834835,-3.6816177890147683,-0.5466876879971054
5.355,-0.4842915805643152,-1.562564645078383,0.03133972412750326,-3.685994544331581,-0.4029186552913844
5.356,-0.4858158664573357,-1.485967023262242,0.02764935720461018,-3.690366922893077,-0.4029186552913844
5.357,-0.48726343639328806,-1.409134750027165,0.023954622275534167,-3.6947349290760116,-0.4029186552913844
5.3580000000000005,-0.4886340617840969,-1.3320799580798504,0.020255523708281403,-3.699098567252763,-0.4029186552913844
5.359,-0.4899275261921228,-1.2548148152652812,0.016552065866490065,-3.703457841791338,-0.4029186552913844
5.36,-0.49114362536434436,-1.1773515226450195,0.012847160292806163,-3.7049055736839023,-0.2575594867177734
5.361,-0.492282167264602,-1.0997023125711283,0.00914080843496159,-3.7063518578445738,-0.2575594867177734
5.362,-0.4933429721039339,-1.0218794467538403,0.0054330117392405045,-3.707796695721085,-0.2575594867177734
5.363,-0.49432587236895736,-0.9438952143259073,0.0017237716504807854,-3.709240088759719,-0.2575594867177734
5.364,-0.4952307128483254,-0.8657619299017402,-0.0019869103879245295,-3.7106820384053147,-0.2575594867177734
5.365,-0.4960573506572391,-0.7874919316325226,-0.005696105421261575,-3.7091950333370454,-0.11118384850679142
5.3660000000000005,-0.49680565526000475,-0.7090975792584039,-0.009403814936535419,-3.707709515273844,-0.11118384850679142
5.367,-0.4974755084906502,-0.6305912521564891,-0.013110040419264125,-3.7062254827287058,-0.11118384850679142
5.368,-0.4980668045715866,-0.5519853473857244,-0.016814783353480238,-3.704742934216113,-0.11118384850679142
5.369,-0.49857945013030697,-0.4732922777298792,-0.02051804522173227,-3.7032618682520324,-0.11118384850679142
5.37,-0.49901336421413556,-0.39452446973680233,-0.024216891216484654,-3.6988459947523853,0.0356305815697624
5.371,-0.49936847830300873,-0.31569436175639226,-0.02791132575361089,-3.6944345371262375,0.0356305815697624
5.372,-0.49964473632029444,-0.23681440197670492,-0.03160135324456861,-3.690027490957716,0.0356305815697624
5.373,-0.49984209464164997,-0.1578970464576166,-0.03528697809640397,-3.685624851835363,0.0356305815697624
5.3740000000000006,-0.49996052210190806,-0.07895475716449193,-0.038968204711756105,-3.6812266153521325,0.0356305815697624
5.375,-0.5,-2.7704747159635015e-14,-0.0426421040126123,-3.6738993008561973,0.18230439402914356
5.376,-0.49996052210190806,0.07895475716452582,-0.046308683326287056,-3.666579313674758,0.18230439402914356
5.377,-0.4998420946416501,0.1578970464575612,-0.04996794997276756,-3.6592666464805004,0.18230439402914356
5.378,-0.4996447363202946,0.23681440197664955,-0.053619911264720994,-3.651961291953437,0.18230439402914356
5.3790000000000004,-0.49936847830300857,0.3156943617564261,-0.05726457450750189,-3.6446632427809007,0.18230439402914356
5.38,-0.49901336421413583,0.3945244697367471,-0.060899027912353174,-3.6344534048512793,0.32825873434202635
5.381,-0.4985794501303068,0.4732922777299129,-0.06452328168911275,-3.6242537767595877,0.32825873434202635
5.382,-0.49806680457158636,0.5519853473857581,-0.06813734603740874,-3.6140643482959875,0.32825873434202635
5.383,-0.4974755084906499,0.6305912521565229,-0.0717412311466696,-3.603885109260851,0.32825873434202635
5.384,-0.4968056552600045,0.7090975792584375,-0.07533494719613434,-3.5937160494647498,0.32825873434202635
5.385,-0.49605735065723966,0.7874919316324674,-0.07891561117780149,-3.5806639816671457,0.47291758740695444
5.386,-0.49523071284832604,0.8657619299016854,-0.08248323614373883,-3.5676249659373394,0.47291758740695444
5.3870000000000005,-0.494325872368957,0.9438952143259409,-0.08603783513296209,-3.554598989223263,0.47291758740695444
5.388,-0.49334297210393463,1.0218794467537855,-0.08957942117144799,-3.5415860384859004,0.47291758740695444
5.389,-0.4922821672646028,1.0997023125710736,-0.09310800727214727,-3.5285861006992754,0.47291758740695444
5.39,-0.4911436253643452,1.1773515226449651,-0.09662075058572947,-3.5127433135821984,0.6157100508188764
5.391,-0.4899275261921237,1.254814815265227,-0.10011766695498171,-3.4969163692522387,0.6157100508188764
5.392,-0.48863406178409635,1.3320799580798834,-0.10359877220684832,-3.481105251866609,0.6157100508188764
5.393,-0.48726343639328906,1.409134750027111,-0.10706408215244669,-3.4653099455983645,0.6157100508188764
5.394,-0.4858158664573367,1.4859670232621882,-0.11051361258708307,-3.4495304346363884,0.6157100508188764
5.3950000000000005,-0.48429158056431454,1.5625646450784156,-0.11394457203952563,-3.4309594524425524,0.7560725879599782
5.396,-0.4826908194166369,1.6389155198232748,-0.11735697908075654,-3.41240704123091,0.7560725879599782
5.397,-0.481013835793042,1.7150075908087288,-0.12075085226318702,-3.3938731824304798,0.7560725879599782
5.398,-0.4792608945086881,1.7908288422145098,-0.12412621012067587,-3.37535785748885,0.7560725879599782
5.399,-0.4774322723733228,1.8663673009861586,-0.12748307116854804,-3.3568610478721617,0.7560725879599782
5.4,-0.4755282581475772,1.9416110387254506,-0.1308187063303319,-3.335635161783865,0.8934512520212252
5.401,-0.47354915249737384,2.016548173573774,-0.13413313683191355,-3.3144305015816564,0.8934512520212252
5.402,-0.4714952679464329,2.091166872089007,-0.1374263838779532,-3.2932470460396503,0.8934512520212252
5.4030000000000005,-0.4693669288269367,2.165455351113561,-0.14069846865190638,-3.272084773953186,0.8934512520212252
5.404,-0.46716447122830707,2.2394018796353357,-0.1439494123160452,-3.2509436641388083,0.8934512520212252
5.405,-0.4648882429441256,2.3129947806404294,-0.1471765589590763,-3.227146643031117,1.0273038721776104
5.406,-0.4625386034172304,2.3862224329564907,-0.15037993237802083,-3.2033734189445338,1.0273038721776104
5.407,-0.46011592368293536,2.459073273088503,-0.15355955634610285,-3.179623968082037,1.0273038721776104
5.408,-0.4576205863104577,2.5315357970442123,-0.15671545461277325,-3.1558982666704027,1.0273038721776104
5.409,-0.4550529853424984,2.6035985621509927,-0.15984765090373343,-3.13219629096018,1.0273038721776104
5.41,-0.45241352623300896,2.675250188863019,-0.16295357295453688,-3.1059220508034517,1.1571021932884085
5.4110000000000005,-0.4497026257831833,2.7464793625577393,-0.16603324703942376,-3.07967408488688,1.1571021932884085
5.412,-0.4469207120756314,2.817274835322832,-0.16908669940635998,-3.053452366936225,1.1571021932884085
5.413,-0.44406822440677357,2.8876254277325426,-0.1721139562770635,-3.027256870703521,1.1571021932884085
5.414,-0.4411456132174765,2.9575200306128777,-0.17511504384703055,-3.001087569967049,1.1571021932884085
5.415,-0.4381533400219335,3.0269476067956402,-0.17808748365021407,-2.972439803183502,1.2823339606790007
5.416,-0.43509187733476307,3.095897192861878,-0.1810313043343808,-2.9438206841667385,1.2823339606790007
5.417,-0.43196170859641986,3.164357900872507,-0.18394653451864978,-2.915230184268992,1.2823339606790007
5.418,-0.42876332809682677,3.2323189200882645,-0.18683320279352092,-2.886668274871143,1.2823339606790007
5.4190000000000005,-0.4254972408973449,3.2997695186763094,-0.1896913377209036,-2.8581349273826917,1.2823339606790007
5.42,-0.42216396275100865,3.366699045405139,-0.1925185644145234,-2.827226693619786,1.4025049417761393
5.421,-0.4187640200210702,3.43309693132676,-0.19531491378261404,-2.7963493680906435,1.4025049417761393
5.422,-0.4152979495979079,3.4989526914451274,-0.19808041670250107,-2.7655029198870302,1.4025049417761393
5.423,-0.4117662988142135,3.5642559263724443,-0.20081510402063268,-2.7346873181316202,1.4025049417761393
5.424,-0.40816962535858997,3.6289963239708203,-0.20351900655261065,-2.703902531977966,1.4025049417761393
5.425,-0.40450849718747395,3.6931636609809093,-0.20618986236452427,-2.670855811913629,1.517140876617936
5.426,-0.40078349243543665,3.7567478046364897,-0.20882770450309363,-2.637842138569357,1.517140876617936
5.4270000000000005,-0.3969951993239184,3.8197387142640444,-0.21143256598199206,-2.604861478898429,1.517140876617936
5.428,-0.3931442160683126,3.8821264428688016,-0.21400447978187923,-2.571913799887172,1.517140876617936
5.429,-0.389231150783513,3.9439011387052627,-0.21654347885043415,-2.538999068554926,1.517140876617936
5.43,-0.3852566213878984,4.005053046832701,-0.2190474231329297,-2.503944282495544,1.6257893495413596
5.431,-0.3812212555057257,4.065572510656065,-0.2215163476841519,-2.468924551222221,1.6257893495413596
5.432,-0.37712569036805166,4.125449973450384,-0.2239502875238321,-2.4339398396801717,1.6257893495413596
5.433,-0.37297057271209344,4.184675979870095,-0.22634927763668175,-2.3989901128496642,1.6257893495413596
5.434,-0.36875655867908724,4.243241177442347,-0.22871335297242773,-2.364075335745987,1.6257893495413596
5.4350000000000005,-0.3644843137107039,4.30113631804347,-0.23104050380134478,-2.3271508289170355,1.7280215746602847
5.436,-0.36015451244395424,4.358352259359553,-0.2333307670479397,-2.290263246594913,1.7280215746602847
5.437,-0.3557678386046413,4.414879966330327,-0.2355841795997948,-2.2534125518551122,1.7280215746602847
5.438,-0.351324984899426,4.470710512575441,-0.23780077830760485,-2.2165987078100513,1.7280215746602847
5.439,-0.34682665290640163,4.525835081804561,-0.23998059998521387,-2.1798216776090356,1.7280215746602847
5.44,-0.34227355296434114,4.5802449692091205,-0.24212177315938355,-2.141173174169683,1.8234340880871924
5.441,-0.3376664040605119,4.6339315828370955,-0.24422433647861733,-2.102563319233769,1.8234340880871924
5.442,-0.33300593371712844,4.686886444949903,-0.2462883285527701,-2.0639920741527917,1.8234340880871924
5.4430000000000005,-0.3282928778764785,4.739101193361001,-0.248313787953087,-2.0254594003168953,1.8234340880871924
5.444,-0.32352798078472544,4.7905675827562035,-0.2503007532122418,-1.9869652591548346,1.8234340880871924
5.445,-0.31871199487434576,4.841277485996127,-0.2522474984993331,-1.946745287091258,1.9116503402210805
5.446,-0.31384568064535423,4.8912228953990855,-0.2541540640343328,-1.9065655349997452,1.9116503402210805
5.447,-0.3089298065451687,4.9403959240060615,-0.2560204899969932,-1.866425962660324,1.9116503402210805
5.448,-0.30396514884730175,4.988788806825751,-0.2578468165268864,-1.826326529893242,1.9116503402210805
5.449,-0.29895249152876163,5.0363939020609125,-0.25963308372344535,-1.7862671965589272,1.9116503402210805
5.45,-0.29389262614623624,5.083203692315262,-0.2613777182091714,-1.7446344857260347,1.9923221818166748
5.4510000000000005,-0.2887863517111309,5.129210785780229,-0.26308076161677535,-1.7030434076039753,1.9923221818166748
5.452,-0.28363447456337854,5.1744079174023705,-0.2647422555373354,-1.6614939205600379,1.9923221818166748
5.453,-0.27843780824409164,5.218787950030767,-0.26636224152033855,-1.6199859830031442,1.9923221818166748
5.454,-0.2731971733671355,5.262343875543693,-0.26794076107372233,-1.5785195533838077,1.9923221818166748
5.455,-0.2679133974894966,5.305068815955695,-0.26947639948279334,-1.5356384090710178,2.065131237970302
5.456,-0.26258731498064947,5.346956024503301,-0.27096919962869587,-1.4928001459025406,2.065131237970302
5.457,-0.25721976689075216,5.387998886710805,-0.2724192043496931,-1.450004720997232,2.065131237970302
5.458,-0.25181160081788273,5.4281909214343855,-0.2738264564412099,-1.4072520915168287,2.065131237970302
5.4590000000000005,-0.24636367077414537,5.467525781885932,-0.2751909986558758,-1.3645422146659059,2.065131237970302
5.46,-0.2408768370508607,5.505997256634905,-0.27651158052503505,-1.3205818691592346,2.1297901646002733
5.461,-0.23535196608266656,5.543599270589554,-0.2777882460090331,-1.2766654839980698,2.1297901646002733
5.462,-0.2297899303107477,5.580325885955893,-0.2790210390242552,-1.2327930152220663,2.1297901646002733
5.463,-0.2241916080450171,5.616171303175691,-0.28021000344317004,-1.1889644189148387,2.1297901646002733
5.464,-0.21855788332546458,5.651129861841993,-0.28135518309437396,-1.1451796512039185,2.1297901646002733
5.465,-0.21288964578253802,5.685196041593096,-0.2824554966902774,-1.1003135959034591,2.186043782462776
5.466,-0.2071877904966409,5.718364462984387,-0.28351098909693573,-1.0554924066583002,2.186043782462776
5.4670000000000005,-0.20145321785682727,5.7506298883375875,-0.2845217051355381,-1.0107160386023863,2.186043782462776
5.468,-0.19568683341860074,5.781987222567967,-0.28548768958245263,-0.9659844469145284,2.186043782462776
5.469,-0.18988954776089717,5.812431513989015,-0.286408987169271,-0.9212975868183584,2.186043782462776
5.47,-0.18406227634233924,5.841957955094128,-0.287284690056818,-0.8757028875469879,2.2336700842276094
5.471,-0.1782059393566293,5.8705618833160065,-0.2881148438397929,-0.8301537829748887,2.2336700842276094
5.472,-0.17232146158725953,5.898238781762831,-0.28889949406730026,-0.7846502275073617,2.2336700842276094
5.473,-0.16640977226149803,5.924984279931429,-0.28963868624289557,-0.7391921755953021,2.2336700842276094
5.474,-0.1604718049036065,5.95079415439766,-0.29033246582463074,-0.6937795817351546,2.2336700842276094
5.4750000000000005,-0.15450849718747245,5.975664329483117,-0.29098010200457136,-0.6476361799406235,2.272481110639798
5.476,-0.14852079078851996,5.999590877898822,-0.29158164092611927,-0.6015389215478869,2.272481110639798
5.477,-0.14250963123498755,6.022570021365469,-0.2921371286865328,-0.5554877604135431,2.272481110639798
5.478,-0.13647596775866588,6.044598131209872,-0.2926466113369731,-0.5094826504403336,2.272481110639798
5.479,-0.1304207531449487,6.065671728938176,-0.2931101348825502,-0.4635235455770973,2.272481110639798
5.48,-0.12434494358242457,6.085787486784982,-0.2935271484307356,-0.4170135481853427,2.302323692308875
5.481,-0.11824949851186334,6.104942228238916,-0.2938976984915265,-0.37055006079097985,2.302323692308875
5.482,-0.1121353804746885,6.1231329285442975,-0.2942218315284105,-0.3241330368840114,2.302323692308875
5.4830000000000005,-0.10600355496102214,6.140356715178651,-0.29449959395841147,-0.2777624300009499,2.302323692308875
5.484,-0.09985499025720218,6.156610868306387,-0.29473103215213625,-0.23143819372477148,2.302323692308875
5.485,-0.09369065729286485,6.171892821208321,-0.2949157773065833,-0.1847451544470773,2.32308005419847
5.486,-0.08751152948763746,6.186200160686951,-0.29505387611479195,-0.1380988082086608,2.32308005419847
5.487,-0.08131858259744512,6.199530627447486,-0.2951453752231084,-0.09149910831648272,2.32308005419847
5.488,-0.07511279456037873,6.211882116454723,-0.2951903212312326,-0.04494600812419684,2.32308005419847
5.489,-0.06889514534232315,6.223252677265338,-0.29518876069226474,0.001560538967896756,2.32308005419847
5.49,-0.0626666167821531,6.233640514335989,-0.2951405083482272,0.048252344037541875,2.334668280430651
5.4910000000000005,-0.05642819243673868,6.243043987306773,-0.29504561089092507,0.09489745730211735,2.334668280430651
5.492,-0.05018085742560921,6.25146161126029,-0.29490411496547164,0.14149592545342826,2.334668280430651
5.493,-0.0439255982753702,6.258892056956156,-0.29471606717033505,0.18804779513658784,2.334668280430651
5.494,-0.03766340276396891,6.265334151040842,-0.294481514057385,0.23455311295006426,2.334668280430651
5.495,-0.03139525976465608,6.270786876233028,-0.29420045464479644,0.28105941258852113,2.337042637570347
5.496,-0.025122159089881014,6.275249371484188,-0.2938729354388691,0.3275192059273395,2.337042637570347
5.497,-0.018845091334967444,6.278720932114587,-0.2934990028993963,0.3739325394728191,2.337042637570347
5.498,-0.012565047721665753,6.281201009924568,-0.29307870343971154,0.42029945968475324,2.337042637570347
5.4990000000000006,-0.0062830199416772595,6.2826892132810865,-0.29261208342673506,0.46662001297647543,2.337042637570347
5.5,-4.899825157862589e-15,6.283185307179586,-0.2920993261586693,0.5127572680657868,2.3301937551143936
5.501,0.0062830199416745655,6.2826892132810865,-0.29154047777276926,0.5588483859000088,2.3301937551143936
5.502,0.012565047721663058,6.281201009924569,-0.2909355843601529,0.6048934126163967,2.3301937551143936
5.503,0.01884509133496475,6.278720932114589,-0.29028469196584683,0.6508923943060682,2.3301937551143936
5.5040000000000004,0.02512215908988542,6.275249371484185,-0.2895878465888328,0.6968453770140499,2.3301937551143936
5.505,0.03139525976465339,6.270786876233029,-0.2888454150839463,0.7424315048864892,2.3141486624726664
5.506,0.03766340276396622,6.265334151040844,-0.28805744303731523,0.787972046631056,2.3141486624726664
5.507,0.04392559827536752,6.258892056956158,-0.28722397598948135,0.8334670478338783,2.3141486624726664
5.508,0.050180857425606525,6.251461611260294,-0.28634505943544586,0.8789165540354977,2.3141486624726664
5.509,0.05642819243674307,6.243043987306767,-0.28542073882471497,0.9243206107309155,2.3141486624726664
5.51,0.06266661678215044,6.233640514335994,-0.2844515631209489,0.9691757037660897,2.288970682295254
5.511,0.06889514534232047,6.223252677265342,-0.2834375771792407,1.0139859417082286,2.288970682295254
5.5120000000000005,0.0751127945603831,6.211882116454715,-0.28237882580982826,1.0587513694124255,2.288970682295254
5.513,0.08131858259744247,6.199530627447492,-0.28127535377813934,1.1034720316889182,2.288970682295254
5.514,0.0875115294876348,6.186200160686957,-0.2801272058048362,1.1481479733031343,2.288970682295254
5.515,0.0936906572928622,6.171892821208328,-0.278935110795895,1.1920950089411704,2.254759180566955
5.516,0.09985499025719954,6.1566108683063945,-0.27769911269835146,1.2359980975435683,2.254759180566955
5.517,0.10600355496102645,6.14035671517864,-0.2764192554152941,1.2798572830573638,2.254759180566955
5.518,0.11213538047468588,6.1231329285443055,-0.27509558280590846,1.3236726093856455,2.254759180566955
5.519,0.11824949851186072,6.104942228238924,-0.27372813868552087,1.3674441203875989,2.254759180566955
5.5200000000000005,0.12434494358242884,6.085787486784969,-0.27231782902576457,1.4103096597563134,2.2116491744551103
5.521,0.13042075314494608,6.0656717289381845,-0.2708646966921789,1.4531323335856592,2.2116491744551103
5.522,0.1364759677586633,6.044598131209881,-0.26936878450743773,1.4959121847411758,2.2116491744551103
5.523,0.14250963123498497,6.022570021365479,-0.2678301352513922,1.538649256045537,2.2116491744551103
5.524,0.14852079078851738,5.999590877898831,-0.2662487916611136,1.5813435902785935,2.2116491744551103
5.525,0.15450849718747664,5.9756643294831,-0.26462583319843613,1.6229584626774856,2.1598107994585325
5.526,0.16047180490360394,5.950794154397671,-0.26296130147823216,1.6645317202039787,2.1598107994585325
5.527,0.1664097722614955,5.924984279931441,-0.2612552380737592,1.7060634044729452,2.1598107994585325
5.5280000000000005,0.172321461587257,5.898238781762842,-0.2595076845167016,1.747553557057643,2.1598107994585325
5.529,0.17820593935662676,5.87056188331602,-0.25771868229721184,1.7890022194897561,2.1598107994585325
5.53,0.18406227634233674,5.8419579550941405,-0.2558894801071824,1.8292021900294746,2.0994486379604123
5.531,0.18988954776089467,5.812431513989028,-0.2540201181465837,1.8693619605986533,2.0994486379604123
5.532,0.19568683341859827,5.78198722256798,-0.25211063657518645,1.9094815713972628,2.0994486379604123
5.533,0.2014532178568313,5.750629888337565,-0.25016107551260136,1.949561062585074,2.0994486379604123
5.534,0.20718779049663844,5.718364462984401,-0.24817147503831966,1.989600474281697,2.0994486379604123
5.535,0.21288964578253558,5.685196041593111,-0.24614324814627553,2.028226892044118,2.0308009118351347
5.5360000000000005,0.21855788332546855,5.651129861841969,-0.24407643346288674,2.0668146833887766,2.0308009118351347
5.537,0.2241916080450147,5.616171303175706,-0.24197106957594464,2.1053638869420905,2.0308009118351347
5.538,0.22978993031074532,5.580325885955909,-0.23982719503465277,2.143874541291851,2.0308009118351347
5.539,0.23535196608266418,5.54359927058957,-0.2376448483496655,2.182346684987262,2.0308009118351347
5.54,0.24087683705085833,5.505997256634921,-0.23542560124051734,2.2192471091481814,1.9541385422953454
5.541,0.2463636707741492,5.467525781885905,-0.2331694906076324,2.25611063288494,1.9541385422953454
5.542,0.2518116008178804,5.428190921434402,-0.23087655331453444,2.292937293097962,1.9541385422953454
5.543,0.2572197668907498,5.387998886710822,-0.22854682618788366,2.329727126650771,1.9541385422953454
5.5440000000000005,0.2625873149806472,5.346956024503319,-0.22618034601751363,2.366480170370027,1.9541385422953454
5.545,0.26791339748949433,5.305068815955713,-0.22377883704570017,2.4015089718134517,1.8697640806897216
5.546,0.27319717336713323,5.262343875543712,-0.22134233430124475,2.436502744455433,1.8697640806897216
5.547,0.2784378082440894,5.218787950030785,-0.21887087277791997,2.4714615233247716,1.8697640806897216
5.548,0.2836344745633763,5.17440791740239,-0.21636448743450473,2.5063853434152414,1.8697640806897216
5.549,0.2887863517111344,5.129210785780197,-0.21382321319481912,2.5412742396856207,1.8697640806897216
5.55,0.293892626146234,5.083203692315283,-0.21124892001908377,2.574293175735355,1.7780105144710048
5.551,0.29895249152875947,5.036393902060933,-0.20864164092623472,2.6072790928490397,1.7780105144710048
5.5520000000000005,0.30396514884730524,4.988788806825717,-0.2060014089021891,2.6402320240456105,1.7780105144710048
5.553,0.30892980654516655,4.940395924006083,-0.2033282568998781,2.673152002310985,1.7780105144710048
5.554,0.3138456806453521,4.891222895399107,-0.20062221783928,2.706039060598094,1.7780105144710048
5.555,0.31871199487434365,4.841277485996149,-0.19788530001868157,2.7369178205984293,1.6792399530466637
5.556,0.3235279807847234,4.790567582756226,-0.1951175343168428,2.7677657018387642,1.6792399530466637
5.557,0.3282928778764765,4.739101193361023,-0.19231895158164494,2.7985827351978587,1.6792399530466637
5.558,0.33300593371712645,4.686886444949925,-0.18948958263012136,2.8293689515235942,1.6792399530466637
5.559,0.3376664040605099,4.633931582837119,-0.18662945824848837,2.8601243816330038,1.6792399530466637
5.5600000000000005,0.34227355296434436,4.580244969209082,-0.18374071714726303,2.8887411012253406,1.5738421986984892
5.561,0.3468266529063997,4.525835081804585,-0.18082338794316494,2.917329204098085,1.5738421986984892
5.562,0.3513249848994241,4.470710512575465,-0.177877499224297,2.945888718867957,1.5738421986984892
5.563,0.3557678386046394,4.414879966330351,-0.17490307955017392,2.9744196741230584,1.5738421986984892
5.564,0.3601545124439524,4.358352259359578,-0.17190015745175102,3.0029220984229053,1.5738421986984892
5.565,0.3644843137107069,4.301136318043429,-0.16887099361126232,3.029163840488704,1.4622332082110732
5.566,0.3687565586790854,4.243241177442373,-0.16581561427044988,3.055379340812437,1.4622332082110732
5.567,0.37297057271209166,4.18467597987012,-0.16273404564481403,3.0815686256358457,1.4622332082110732
5.5680000000000005,0.37712569036805454,4.125449973450342,-0.1596263139236396,3.107731721174431,1.4622332082110732
5.569,0.381221255505724,4.065572510656091,-0.15649244527002212,3.133868653617478,1.4622332082110732
5.57,0.3852566213878967,4.005053046832727,-0.15333481341603267,3.1576318539894688,1.3448534512804122
5.571,0.3892311507835113,3.9439011387052894,-0.15015344212487158,3.1813712911610876,1.3448534512804122
5.572,0.39314421606831096,3.8821264428688282,-0.14694835513597604,3.205086988895535,1.3448534512804122
5.573,0.39699519932391675,3.819738714264071,-0.1437195761650438,3.2287789709322476,1.3448534512804122
5.574,0.40078349243543504,3.756747804636517,-0.14046712890405688,3.2524472609869237,1.3448534512804122
5.575,0.4045084971874724,3.6931636609809364,-0.13719349076688733,3.273638137169562,1.2221661721812624
5.5760000000000005,0.4081696253585925,3.628996323970775,-0.13389868294441132,3.2948078224760176,1.2221661721812624
5.577,0.411766298814212,3.5642559263724722,-0.13058272660631415,3.3159563380971666,1.2221661721812624
5.578,0.4152979495979064,3.498952691445156,-0.12724564290111146,3.3370837052026947,1.2221661721812624
5.579,0.4187640200210688,3.4330969313267876,-0.12388745295617033,3.358189944941117,1.2221661721812624
5.58,0.4221639627510072,3.3666990454051673,-0.12051072808994308,3.3767248662272475,1.09465556155357
5.581,0.42549724089734725,3.2997695186762623,-0.11711548683735098,3.3952412525920916,1.09465556155357
5.582,0.4287633280968254,3.232318920088293,-0.11370174771478041,3.413739122570571,1.09465556155357
5.583,0.4319617085964185,3.1643579008725355,-0.11026952922010133,3.432218494679072,1.09465556155357
5.5840000000000005,0.43509187733476523,3.09589719286183,-0.10681884983268587,3.4506793874154646,1.09465556155357
5.585,0.43815334002193224,3.0269476067956695,-0.10335236462774736,3.466485204938515,0.9628248455232977
5.586,0.4411456132174752,2.9575200306129075,-0.09987008941110331,3.4822752166440427,0.9628248455232977
5.587,0.44406822440677235,2.887625427732573,-0.09637203997276544,3.4980494383378646,0.9628248455232977
5.588,0.44692071207563017,2.8172748353228627,-0.09285823208695546,3.513807885809993,0.9628248455232977
5.589,0.44970262578318526,2.7464793625576895,-0.08932868151212081,3.5295505748346487,0.9628248455232977
5.59,0.45241352623300785,2.6752501888630498,-0.08578611660186702,3.5425649102537897,0.8271942996987776
5.591,0.4550529853424973,2.6035985621510234,-0.08223055037052951,3.5555662313375116,0.8271942996987776
5.5920000000000005,0.4576205863104595,2.531535797044161,-0.07866199581942936,3.5685545511001497,0.8271942996987776
5.593,0.4601159236829343,2.459073273088534,-0.07508046593688633,3.581529882543025,0.8271942996987776
5.594,0.4625386034172294,2.386222432956522,-0.07148597369823187,3.5944922386544578,0.8271942996987776
5.595,0.4648882429441246,2.3129947806404605,-0.06788130996789846,3.6046637303334137,0.6882991958805138
5.596,0.4671644712283061,2.2394018796353676,-0.06426648491737777,3.6148250505206905,0.6882991958805138
5.597,0.4693669288269382,2.165455351113509,-0.06064150870798999,3.62497620938778,0.6882991958805138
5.598,0.47149526794643204,2.0911668720890386,-0.05700639149089399,3.6351172170960027,0.6882991958805138
5.599,0.47354915249737295,2.0165481735738062,-0.053361143407097474,3.645248083796517,0.6882991958805138
5.6000000000000005,0.4755282581475764,1.9416110387254828,-0.049708606817592996,3.6525365895044812,0.5466876895880376
5.601,0.47743227237332203,1.8663673009861907,-0.04604878901088626,3.6598178067067373,0.5466876895880376
5.602,0.4792608945086873,1.7908288422145422,-0.04238169726819446,3.6670917426917913,0.5466876895880376
5.603,0.4810138357930413,1.7150075908087616,-0.0387073388634536,3.67435840474086,0.5466876895880376
5.604,0.48269081941663616,1.6389155198233076,-0.03502572106332572,3.68161780012788,0.5466876895880376
5.605,0.4842915805643156,1.5625646450783621,-0.03133972650786316,3.685994555462561,0.40291865674042726
5.606,0.4858158664573361,1.485967023262221,-0.027649359573821253,3.690366934041907,0.40291865674042726
5.607,0.48726343639328845,1.409134750027144,-0.02395462463357858,3.6947349402426735,0.40291865674042726
5.6080000000000005,0.4886340617840973,1.3320799580798293,-0.02025552605514134,3.699098578437239,0.40291865674042726
5.609,0.48992752619212315,1.25481481526526,-0.01655206820214773,3.7034578529936106,0.40291865674042726
5.61,0.4911436253643447,1.1773515226449984,-0.012847162617246544,3.704905584901185,0.25755948802840134
5.611,0.49228216726460233,1.099702312571107,-0.009140810748169692,3.706351869076852,0.25755948802840134
5.612,0.4933429721039342,1.021879446753819,-0.0054330140412013495,3.707796706968343,0.25755948802840134
5.613,0.49432587236895764,0.943895214325886,-0.001723773941179407,3.7092401000219426,0.25755948802840134
5.614,0.49523071284832565,0.8657619299017189,0.001986908108503082,3.7106820496824886,0.25755948802840134
5.615,0.4960573506572393,0.7874919316325012,0.005696103153129538,3.7091950446264557,0.11118384968247619
5.6160000000000005,0.49680565526000414,0.7090975792584712,0.009403812679705017,3.7077095265754787,0.11118384968247619
5.617,0.49747550849064964,0.6305912521565565,0.01311003817374757,3.7062254940425525,0.11118384968247619
5.618,0.49806680457158614,0.5519853473857917,0.01681478111928973,3.7047429455421597,0.11118384968247619
5.619,0.4985794501303066,0.47329227772994664,0.020518042998879996,3.703261879590267,0.11118384968247619
5.62,0.49901336421413567,0.3945244697367808,0.024216889004980164,3.6988460061001662,-0.03563058052553458
5.621,0.4993684783030088,0.3156943617563708,0.02791132355346372,3.6944345484835552,-0.03563058052553458
5.622,0.4996447363202945,0.23681440197668338,0.03160135105578828,3.690027502324561,-0.03563058052553458
5.623,0.49984209464165,0.15789704645759503,0.035286975919000006,3.6856248632117254,-0.03563058052553458
5.6240000000000006,0.4999605221019081,0.07895475716447038,0.03896820254573801,3.681226626738003,-0.03563058052553458
5.625,0.5,6.151857049868486e-15,0.042642101857987016,3.6738993122490076,-0.18230439311287505
5.626,0.499960522101908,-0.07895475716454736,0.046308681183061515,3.666579325074501,-0.18230439311287505
5.627,0.49984209464165,-0.15789704645758273,0.049967947840948684,3.6592666578871693,-0.18230439311287505
5.628,0.49964473632029455,-0.23681440197667109,0.05361990914431571,3.651961303367025,-0.18230439311287505
5.6290000000000004,0.49936847830300884,-0.3156943617563585,0.057264572398517115,3.6446632542014004,-0.18230439311287505
5.63,0.4990133642141357,-0.39452446973676863,0.06089902581479331,3.6344534162761946,-0.3282587335502135
5.631,0.4985794501303072,-0.47329227772984533,0.06452327960298222,3.624253788188914,-0.3282587335502135
5.632,0.4980668045715868,-0.5519853473856906,0.06813734396271194,3.614064359729721,-0.3282587335502135
5.633,0.4974755084906504,-0.6305912521564554,0.07174122908341093,3.6038851206989873,-0.3282587335502135
5.634,0.49680565526000425,-0.709097579258459,0.07533494514431822,3.593716060907284,-0.3282587335502135
5.635,0.4960573506572395,-0.787491931632489,0.07891560913742988,3.5806639931116546,-0.4729175867360893
5.636,0.49523071284832576,-0.8657619299017066,0.0824832341148137,3.5676249773838213,-0.4729175867360893
5.6370000000000005,0.4943258723689567,-0.9438952143259621,0.08603783311548542,3.5545990006717156,-0.4729175867360893
5.638,0.49334297210393435,-1.0218794467538068,0.08957941916542174,3.5415860499363223,-0.4729175867360893
5.639,0.4922821672646025,-1.0997023125710947,0.0931080052775734,3.528586112151664,-0.4729175867360893
5.64,0.49114362536434486,-1.1773515226449864,0.09662074860260761,3.5127433250342035,-0.6157100502654521
5.641,0.4899275261921234,-1.254814815265248,0.10011766498331147,3.49691638070386,-0.6157100502654521
5.642,0.48863406178409596,-1.3320799580799043,0.10359877024662932,3.4811052633178474,-0.6157100502654521
5.643,0.4872634363932887,-1.409134750027132,0.10706408020367854,3.4653099570492207,-0.6157100502654521
5.644,0.4858158664573363,-1.485967023262209,0.1105136106497654,3.4495304460868623,-0.6157100502654521
5.6450000000000005,0.48429158056431587,-1.5625646450783501,0.11394457011365577,3.430959463890366,-0.7560725875204628
5.646,0.4826908194166383,-1.6389155198232097,0.11735697716633184,3.4124070526760666,-0.7560725875204628
5.647,0.48101383579304346,-1.7150075908086635,0.12075085036020482,3.3938731938729814,-0.7560725875204628
5.648,0.47926089450868964,-1.7908288422144447,0.12412620822913352,3.375357868928699,-0.7560725875204628
5.649,0.4774322723733223,-1.8663673009861792,0.12748306928844289,3.356861059309361,-0.7560725875204628
5.65,0.47552825814757665,-1.9416110387254712,0.13081870446165908,3.335635173216208,-0.8934512516921821
5.651,0.4735491524973733,-2.0165481735737947,0.13413313497466822,3.3144305130091483,-0.8934512516921821
5.652,0.4714952679464324,-2.091166872089027,0.1374263820321305,3.2932470574622954,-0.8934512516921821
5.6530000000000005,0.4693669288269361,-2.1654553511135815,0.1406984668175015,3.2720847853709896,-0.8934512516921821
5.654,0.46716447122830645,-2.239401879635356,0.1439494104930533,3.250943675551775,-0.8934512516921821
5.655,0.46488824294412495,-2.3129947806404494,0.1471765571474904,3.227146654437113,-1.0273038719555236
5.656,0.46253860341722974,-2.3862224329565107,0.15037993057783397,3.2033734303435653,-1.0273038719555236
5.657,0.4601159236829347,-2.4590732730885225,0.15355955455730808,3.179623979474111,-1.0273038719555236
5.658,0.45762058631045704,-2.5315357970442323,0.1567154528353636,3.1558982780555263,-1.0273038719555236
5.659,0.45505298534249766,-2.6035985621510123,0.15984764913770194,3.13219630233836,-1.0273038719555236
5.66,0.4524135262330113,-2.6752501888629574,0.16295357119987458,3.1059220621726262,-1.1571021931697765
5.6610000000000005,0.44970262578318565,-2.746479362557678,0.16603324529612165,3.079674096247058,-1.1571021931697765
5.662,0.44692071207563383,-2.8172748353227717,0.16908669767440906,3.0534523782874157,-1.1571021931697765
5.663,0.4440682244067728,-2.8876254277325617,0.17211395455645478,3.027256882045733,-1.1571021931697765
5.664,0.441145613217479,-2.9575200306128178,0.17511504213775508,3.0010875813002915,-1.1571021931697765
5.665,0.43815334002193274,-3.026947606795659,0.17808748195226087,2.9724398145057824,-1.2823339606604298
5.666,0.43509187733476223,-3.095897192861897,0.18103130264773895,2.943820695478068,-1.2823339606604298
5.667,0.431961708596419,-3.164357900872525,0.18394653284330834,2.9152301955693813,-1.2823339606604298
5.668,0.4287633280968259,-3.2323189200882823,0.18683320112946894,2.8866682861606034,-1.2823339606604298
5.6690000000000005,0.42549724089734403,-3.2997695186763276,0.18969133606813018,2.8581349386612342,-1.2823339606604298
5.67,0.4221639627510077,-3.3666990454051566,0.19251856277301568,2.8272267048854895,-1.4025049418541624
5.671,0.41876402002106927,-3.4330969313267774,0.19531491215235922,2.796349379343521,-1.4025049418541624
5.672,0.41529794959790695,-3.4989526914451456,0.1980804150834863,2.765502931127094,-1.4025049418541624
5.673,0.41176629881421256,-3.5642559263724616,0.2008151024128452,2.734687329358884,-1.4025049418541624
5.674,0.4081696253585931,-3.628996323970765,0.20351900495603764,2.7039025431924415,-1.4025049418541624
5.675,0.40450849718747717,-3.6931636609808542,0.2061898607791511,2.6708558231134667,-1.5171408767891097
5.676,0.40078349243543987,-3.756747804636435,0.20882770292890568,2.637842149754571,-1.5171408767891097
5.6770000000000005,0.39699519932391736,-3.8197387142640613,0.2114325644189747,2.6048614900690343,-1.5171408767891097
5.678,0.39314421606831157,-3.8821264428688185,0.2140044782300179,2.571913811043183,-1.5171408767891097
5.679,0.3892311507835119,-3.9439011387052796,0.21654347730971424,2.538999079696358,-1.5171408767891097
5.68,0.3852566213878973,-4.0050530468327175,0.21904742160333485,2.5039442936206147,-1.6257893498023566
5.681,0.3812212555057246,-4.065572510656081,0.2215163461656658,2.468924562330947,-1.6257893498023566
5.682,0.37712569036805055,-4.125449973450401,0.22395028601643835,2.433939850772569,-1.6257893498023566
5.683,0.37297057271209233,-4.184675979870111,0.2263492761403641,2.398990123925749,-1.6257893498023566
5.684,0.3687565586790861,-4.243241177442363,0.22871335148716987,2.3640753468057762,-1.6257893498023566
5.6850000000000005,0.3644843137107027,-4.301136318043485,0.2310405023271287,2.3271508399588163,-1.7280215750077126
5.686,0.3601545124439531,-4.358352259359569,0.23333076558474738,2.290263257618703,-1.7280215750077126
5.687,0.35576783860464006,-4.414879966330342,0.23558417814760832,2.2534125628609303,-1.7280215750077126
5.688,0.35132498489942476,-4.470710512575456,0.23780077686640624,2.2165987187979153,-1.7280215750077126
5.689,0.3468266529064055,-4.525835081804515,0.2399805985549852,2.179821688578963,-1.7280215750077126
5.69,0.3422735529643451,-4.580244969209074,0.24212177174010524,2.14117318512003,-1.8234340885176916
5.691,0.3376664040605159,-4.633931582837049,0.2442243350702698,2.1025633301645565,-1.8234340885176916
5.692,0.33300593371712717,-4.686886444949917,0.24628832715533383,2.0639920850640383,-1.8234340885176916
5.6930000000000005,0.3282928778764772,-4.739101193361014,0.24831378656654246,2.0254594112086206,-1.8234340885176916
5.694,0.3235279807847241,-4.790567582756218,0.2503007518365695,1.9869652700270581,-1.8234340885176916
5.695,0.31871199487434443,-4.841277485996141,0.25224749713451194,1.946745297942403,-1.9116503407314098
5.696,0.3138456806453529,-4.891222895399099,0.2541540626803418,1.9065655458298323,-1.9116503407314098
5.697,0.30892980654516733,-4.940395924006075,0.25602048865381116,1.8664259734693742,-1.9116503407314098
5.698,0.30396514884730036,-4.988788806825764,0.25784681519449243,1.8263265406812768,-1.9116503407314098
5.699,0.29895249152876024,-5.036393902060926,0.25963308240181837,1.7862672073259673,-1.9116503407314098
5.7,0.2938926261462348,-5.0832036923152755,0.2613777168982889,1.7446344964705707,-1.99232218240354
5.7010000000000005,0.28878635171112943,-5.129210785780241,0.263080760316615,1.7030434183260292,-1.99232218240354
5.702,0.2836344745633771,-5.174407917402383,0.2647422542478746,1.6614939312596324,-1.99232218240354
5.703,0.27843780824409614,-5.218787950030729,0.2663622402415549,1.619985993680302,-1.99232218240354
5.704,0.27319717336714,-5.262343875543656,0.26794075980559345,1.578519564038551,-1.99232218240354
5.705,0.26791339748950116,-5.305068815955659,0.26947639822529534,1.5356384197019035,-2.0651312386304475
5.706,0.262587314980648,-5.346956024503312,0.27096919838180494,1.4928001565095927,-2.0651312386304475
5.707,0.25721976689075676,-5.387998886710769,0.2724192031133854,1.4500047315804743,-2.0651312386304475
5.708,0.25181160081788123,-5.428190921434397,0.2738264552154617,1.407252102076285,-2.0651312386304475
5.7090000000000005,0.24636367077414387,-5.467525781885943,0.2751909974406633,1.3645422252015997,-2.0651312386304475
5.71,0.24087683705085916,-5.505997256634916,0.27651157932033305,1.3205818796697868,-2.129790165330563
5.711,0.23535196608266504,-5.5435992705895645,0.27778824481481657,1.2766654944835059,-2.129790165330563
5.712,0.22978993031074618,-5.580325885955903,0.279021037840499,1.2327930256824111,-2.129790165330563
5.713,0.22419160804501556,-5.616171303175701,0.2802100022698491,1.1889644293501174,-2.129790165330563
5.714,0.21855788332546305,-5.651129861842003,0.28135518193146325,1.145179661614156,-2.129790165330563
5.715,0.21288964578253647,-5.685196041593105,0.28245549553775057,1.1003136062873413,-2.186043783260032
5.716,0.20718779049663932,-5.718364462984396,0.2835109879547664,1.0554924170158533,-2.186043783260032
5.7170000000000005,0.20145321785683218,-5.75062988833756,0.2845217040037001,1.0107160489336369,-2.186043783260032
5.718,0.1956868334186057,-5.78198722256794,0.2854876884609196,0.9659844572195025,-2.186043783260032
5.719,0.18988954776090214,-5.812431513988989,0.2864089860580167,0.9212975970970824,-2.186043783260032
5.72,0.18406227634234423,-5.841957955094103,0.2872846889558149,0.8757028977982113,-2.2336700850887006
5.721,0.17820593935662768,-5.8705618833160145,0.2881148427490135,0.8301537931986391,-2.2336700850887006
5.722,0.17232146158725792,-5.898238781762838,0.2888994929867172,0.7846502377036665,-2.2336700850887006
5.723,0.16640977226149642,-5.9249842799314365,0.28963868517248137,0.7391921857641888,-2.2336700850887006
5.724,0.16047180490360485,-5.950794154397667,0.29033246476435803,0.6937795918766506,-2.2336700850887006
5.7250000000000005,0.1545084971874708,-5.9756643294831235,0.29098010095441157,0.6476361900535398,-2.272481111561707
5.726,0.14852079078851832,-5.999590877898828,0.2915816398860438,0.6015389316322521,-2.272481111561707
5.727,0.1425096312349859,-6.022570021365476,0.2921371276565132,0.5554877704693858,-2.272481111561707
5.728,0.13647596775866425,-6.044598131209877,0.29264661031698086,0.5094826604676823,-2.272481111561707
5.729,0.13042075314494705,-6.065671728938181,0.29311013387255686,0.46352355557598046,-2.272481111561707
5.73,0.1243449435824229,-6.085787486784987,0.2935271474307115,0.4170135581546333,-2.302323693288558
5.731,0.11824949851186167,-6.104942228238921,0.29389769750144223,0.3705500707307075,-2.302323693288558
5.732,0.11213538047469376,-6.123132928544282,0.2942218305482364,0.3241330467942056,-2.302323693288558
5.7330000000000005,0.10600355496102741,-6.140356715178637,0.29449959298811806,0.2777624398816403,-2.302323693288558
5.734,0.09985499025720745,-6.156610868306374,0.294731031191694,0.2314382035759875,-2.302323693288558
5.735,0.09369065729286317,-6.171892821208325,0.2949157763559618,0.1847451642677524,-2.3230800552329556
5.736,0.08751152948764276,-6.18620016068694,0.2950538751739606,0.13809881799882553,-2.3230800552329556
5.737,0.08131858259744343,-6.19953062744749,0.29514537429203674,0.09149911807616759,-2.3230800552329556
5.738,0.07511279456037703,-6.211882116454727,0.2951903203098902,0.044946017853432316,-2.3230800552329556
5.739,0.06889514534232144,-6.22325267726534,0.2951887597806211,-0.0015605292690802283,-2.3230800552329556
5.74,0.06266661678215141,-6.233640514335992,0.2951405074462509,-0.0482523343701514,-2.3346682815170126
5.7410000000000005,0.05642819243673698,-6.243043987306776,0.2950456099985848,-0.09489744766612149,-2.3346682815170126
5.742,0.0501808574256075,-6.251461611260292,0.29490411408273604,-0.14149591584879562,-2.3346682815170126
5.743,0.043925598275368495,-6.2588920569561575,0.29471606629717273,-0.18804778556328708,-2.3346682815170126
5.744,0.0376634027639672,-6.265334151040843,0.29448151319376464,-0.23455310340806404,-2.3346682815170126
5.745,0.03139525976465437,-6.270786876233029,0.2942004537906859,-0.2810594030787702,-2.33704263870571
5.746,0.0251221590898864,-6.275249371484184,0.2938729345942361,-0.32751919644980565,-2.33704263870571
5.747,0.01884509133497283,-6.278720932114585,0.2934990020642086,-0.37393253002747007,-2.33704263870571
5.748,0.01256504772167114,-6.281201009924565,0.29307870261393704,-0.4202994502715568,-2.33704263870571
5.7490000000000006,0.006283019941675545,-6.2826892132810865,0.29261208261034166,-0.46662000359539946,-2.33704263870571
5.75,3.1847006584197066e-15,-6.283185307179586,0.2920993253516239,-0.5127572587177227,-2.330193756295933
5.751,-0.006283019941676281,-6.2826892132810865,0.291540476975039,-0.5588483765849237,-2.330193756295933
5.752,-0.012565047721664774,-6.281201009924568,0.29093558357170474,-0.6048934033342575,-2.330193756295933
5.753,-0.018845091334966466,-6.278720932114588,0.2902846911866479,-0.6508923850568419,-2.330193756295933
5.7540000000000004,-0.02512215908988713,-6.2752493714841835,0.2895878458188502,-0.6968453677977037,-2.330193756295933
5.755,-0.031395259764655105,-6.2707868762330286,0.28884541432314637,-0.7424314957038581,-2.314148663697608
5.756,-0.03766340276396793,-6.265334151040842,0.28805744228566427,-0.7879720374821064,-2.314148663697608
5.757000000000001,-0.04392559827537631,-6.258892056956149,0.2872239752469457,-0.8334670387185765,-2.314148663697608
5.758,-0.05018085742560823,-6.251461611260291,0.2863450587019919,-0.8789165449538101,-2.314148663697608
5.759,-0.056428192436744774,-6.2430439873067645,0.2854207381003091,-0.9243206016828085,-2.314148663697608
5.76,-0.06266661678215213,-6.233640514335991,0.28445156240555675,-0.9691756947523432,-2.288970683560877
5.761,-0.06889514534231514,-6.223252677265351,0.2834375764728279,-1.0139859327288083,-2.288970683560877
5.7620000000000005,-0.07511279456037777,-6.211882116454726,0.2823788251123606,-1.0587513604672971,-2.288970683560877
5.763,-0.08131858259743714,-6.199530627447503,0.28127535308958257,-1.1034720227780475,-2.288970683560877
5.764,-0.08751152948763649,-6.186200160686953,0.2801272051251561,-1.148147964426487,-2.288970683560877
5.765,-0.09369065729285692,-6.17189282120834,0.2789351101250566,-1.1920950000994721,-2.254759181870582
5.766,-0.09985499025720122,-6.156610868306389,0.2776991120363198,-1.2359980887367843,-2.254759181870582
5.767,-0.10600355496102813,-6.140356715178635,0.2764192547620343,-1.279857274285459,-2.254759181870582
5.768,-0.11213538047468756,-6.1231329285443,0.27509558216138574,-1.3236726006485853,-2.254759181870582
5.769,-0.11824949851186238,-6.104942228238919,0.2737281380497004,-1.3674441116853484,-2.254759181870582
5.7700000000000005,-0.12434494358243049,-6.085787486784962,0.27231782839861085,-1.4103096510895459,-2.211649175794146
5.771,-0.13042075314494775,-6.065671728938178,0.2708646960736565,-1.4531323249543393,-2.211649175794146
5.772,-0.13647596775866494,-6.044598131209875,0.26936878389751123,-1.4959121761452678,-2.211649175794146
5.773,-0.1425096312349866,-6.022570021365473,0.26783013465002625,-1.5386492474850055,-2.211649175794146
5.774,-0.148520790788519,-5.999590877898825,0.26624879106827287,-1.5813435817534034,-2.211649175794146
5.775,-0.15450849718747153,-5.975664329483121,0.2646258326140846,-1.622958454188258,-2.159810800830404
5.776,-0.16047180490360555,-5.950794154397665,0.26296130090233394,-1.664531711750678,-2.159810800830404
5.777,-0.16640977226149042,-5.924984279931463,0.2612552375062784,-1.7060633960555354,-2.159810800830404
5.7780000000000005,-0.1723214615872586,-5.898238781762835,0.2595076839576023,-1.7475535486760878,-2.159810800830404
5.779,-0.17820593935662174,-5.870561883316043,0.2577186817464583,-1.7890022111440198,-2.159810800830404
5.78,-0.18406227634233832,-5.8419579550941325,0.2558894795647382,-1.8292021817201283,-2.099448639362627
5.781,-0.18988954776089625,-5.81243151398902,0.2540201176124125,-1.8693619523256606,-2.099448639362627
5.782,-0.19568683341859985,-5.781987222567971,0.25211063604925193,-1.9094815631605875,-2.099448639362627
5.783,-0.20145321785683287,-5.750629888337556,0.2501610749948673,-1.9495610543846795,-2.099448639362627
5.784,-0.20718779049664,-5.7183644629843915,0.24817147452874974,-1.9896004661175475,-2.099448639362627
5.785,-0.21288964578253713,-5.685196041593102,0.246143247644833,-2.0282268839167346,-2.03080091326524
5.7860000000000005,-0.2185578833254701,-5.65112986184196,0.24407643296953488,-2.0668146752981227,-2.03080091326524
5.787,-0.22419160804501623,-5.616171303175697,0.24197106909064675,-2.1053638788881295,-2.03080091326524
5.788,-0.22978993031074682,-5.580325885955898,0.2398271945573722,-2.143874533274546,-2.03080091326524
5.789,-0.23535196608266568,-5.54359927058956,0.23764484788036563,-2.1823466770065765,-2.03080091326524
5.79,-0.24087683705085358,-5.505997256634954,0.23542560077916105,-2.219247101204589,-1.9541385437509518
5.791,-0.2463636707741445,-5.467525781885938,0.23316949015418265,-2.2561106249784033,-1.9541385437509518
5.792,-0.25181160081787574,-5.428190921434437,0.2308765528689542,-2.2929372852284438,-1.9541385437509518
5.793,-0.2572197668907513,-5.387998886710811,0.22854682575013596,-2.3297271188182345,-1.9541385437509518
5.7940000000000005,-0.26258731498064863,-5.346956024503307,0.22618034558756153,-2.3664801625744354,-1.9541385437509518
5.795,-0.2679133974894958,-5.305068815955702,0.2237788366235063,-2.401508964055231,-1.8697640821684947
5.796,-0.27319717336713467,-5.2623438755437,0.22134233388677177,-2.4365027367345458,-1.8697640821684947
5.797,-0.2784378082440908,-5.218787950030773,0.2188708723711306,-2.471461515641181,-1.8697640821684947
5.798,-0.2836344745633777,-5.174407917402378,0.21636448703536168,-2.50638533576891,-1.8697640821684947
5.799,-0.28878635171113587,-5.1292107857801845,0.21382321280328517,-2.541274232076511,-1.8697640821684947
5.8,-0.2938926261462354,-5.08320369231527,0.21124891963512132,-2.5742931681638477,-1.778010515970669
5.801,-0.29895249152876086,-5.0363939020609205,0.20864164054980622,-2.6072790853150973,-1.778010515970669
5.8020000000000005,-0.3039651488473066,-4.988788806825704,0.20600140853325702,-2.6402320165491955,-1.778010515970669
5.803,-0.30892980654516794,-4.9403959240060695,0.20332825653840497,-2.6731519948520597,-1.778010515970669
5.804,-0.3138456806453479,-4.8912228953991495,0.20062221748522835,-2.706039053176621,-1.778010515970669
5.805,-0.318711994874345,-4.841277485996135,0.1978852996720136,-2.7369178132147445,-1.6792399545650007
5.806,-0.3235279807847193,-4.79056758275627,0.19511753397752077,-2.7677656944928297,-1.6792399545650007
5.807,-0.32829287787647776,-4.739101193361009,0.19231895124963114,-2.7985827278896367,-1.6792399545650007
5.808,-0.3330059337171224,-4.6868864449499705,0.1894895823053781,-2.829368944253047,-1.6792399545650007
5.809,-0.3376664040605112,-4.633931582837104,0.18662945793097802,-2.860124374400094,-1.6792399545650007
5.8100000000000005,-0.34227355296434564,-4.580244969209068,0.18374071683694765,-2.888741094030361,-1.5738422002333396
5.811,-0.3468266529064009,-4.525835081804571,0.18082338764000666,-2.9173291969409973,-1.5738422002333396
5.812,-0.3513249848994253,-4.470710512575449,0.17787749892825794,-2.945888711748723,-1.5738422002333396
5.813,-0.3557678386046406,-4.414879966330336,0.1749030792612163,-2.974419667041641,-1.5738422002333396
5.814,-0.3601545124439536,-4.358352259359563,0.17190015716983703,-3.0029220913792662,-1.5738422002333396
5.815,-0.3644843137107081,-4.3011363180434135,0.16887099333635394,-3.0291638334830937,-1.4622332097603346
5.816,-0.3687565586790866,-4.243241177442356,0.16581561400250913,-3.0553793338448174,-1.4622332097603346
5.817,-0.3729705727120928,-4.184675979870104,0.16273404538380296,-3.0815686187061795,-1.4622332097603346
5.8180000000000005,-0.377125690368051,-4.125449973450394,0.15962631366952026,-3.10773171428268,-1.4622332097603346
5.819,-0.3812212555057251,-4.065572510656074,0.15649244502275667,-3.133868646763604,-1.4622332097603346
5.82,-0.38525662138789324,-4.005053046832779,0.15333481317558298,-3.1576318471736817,-1.3448534528420522
5.821,-0.3892311507835079,-3.9439011387053418,0.15015344189119964,-3.1813712843833493,-1.3448534528420522
5.822,-0.39314421606830763,-3.882126442868882,0.14694835490904384,-3.205086982155807,-1.3448534528420522
5.823,-0.3969951993239178,-3.819738714264054,0.14371957594481335,-3.228778964230492,-1.3448534528420522
5.824,-0.4007834924354361,-3.7567478046364995,0.14046712869049024,-3.2524472543231027,-1.3448534528420522
5.825,-0.4045084971874734,-3.693163660980919,0.1371934905599464,-3.273638130543845,-1.2221661737532723
5.8260000000000005,-0.40816962535859347,-3.6289963239707577,0.13389868274405803,-3.2948078158883667,-1.2221661737532723
5.827,-0.41176629881421295,-3.564255926372454,0.13058272641251048,-3.315956331547544,-1.2221661737532723
5.828,-0.41529794959790733,-3.4989526914451377,0.1272456427138194,-3.3370836986910617,-1.2221661737532723
5.829,-0.4187640200210697,-3.43309693132677,0.12388745277535197,-3.358189938467436,-1.2221661737532723
5.83,-0.4221639627510081,-3.366699045405149,0.12051072791556032,-3.3767248597916493,-1.094655563134034
5.831,-0.42549724089734814,-3.299769518676244,0.11711548666936578,-3.3952412461945385,-1.094655563134034
5.832,-0.42876332809682627,-3.2323189200882747,0.11370174755315475,-3.4137391162110244,-1.094655563134034
5.833,-0.4319617085964158,-3.164357900872594,0.11026952906479726,-3.432218488357494,-1.094655563134034
5.8340000000000005,-0.43509187733476257,-3.095897192861889,0.10681884968366544,-3.4506793811318173,-1.094655563134034
5.835,-0.4381533400219296,-3.0269476067957295,0.10335236448497255,-3.466485198692893,-0.9628248471103638
5.836,-0.44114561321747603,-2.9575200306128884,0.09987008927453614,-3.4822752104364074,-0.9628248471103638
5.837,-0.44406822440676985,-2.8876254277326328,0.09637203984236796,-3.498049432168178,-0.9628248471103638
5.838,-0.44692071207563094,-2.817274835322843,0.09285823196268975,-3.5138078796782173,-0.9628248471103638
5.839,-0.449702625783186,-2.74647936255767,0.089328681393949,-3.5295505687407465,-0.9628248471103638
5.84,-0.45241352623300857,-2.6752501888630302,0.0857861164897512,-3.5425649041978176,-0.8271943012906002
5.841,-0.455052985342498,-2.6035985621510043,0.08223055026443177,-3.555566225319432,-0.8271943012906002
5.8420000000000005,-0.4576205863104602,-2.5315357970441417,0.07866199571931184,-3.5685545451199245,-0.8271943012906002
5.843,-0.46011592368293497,-2.4590732730885145,0.07508046584271123,-3.5815298766006167,-0.8271943012906002
5.844,-0.46253860341723,-2.386222432956502,0.07148597360996141,-3.594492232749828,-0.8271943012906002
5.845,-0.46488824294412523,-2.312994780640441,0.06788130988549482,-3.6046637244665853,-0.6882991974753572
5.846,-0.46716447122830673,-2.239401879635347,0.06426648484080319,-3.6148250446916257,-0.6882991974753572
5.847,-0.4693669288269363,-2.1654553511135726,0.06064150863720675,-3.6249762035964412,-0.6882991974753572
5.848,-0.4714952679464326,-2.0911668720890186,0.057006391425864396,-3.6351172113423518,-0.6882991974753572
5.849,-0.47354915249737123,-2.01654817357387,0.05336114334778388,-3.6452480780805168,-0.6882991974753572
5.8500000000000005,-0.4755282581475769,-1.9416110387254626,0.04970860676395776,-3.6525365838261203,-0.5466876911842053
5.851,-0.4774322723733204,-1.8663673009862556,0.04604878896289178,-3.6598178010659783,-0.5466876911842053
5.852,-0.4792608945086878,-1.7908288422145215,0.042381697225803185,-3.6670917370885965,-0.5466876911842053
5.853,-0.48101383579304174,-1.7150075908087408,0.038707338826627996,-3.674358399175192,-0.5466876911842053
5.854,-0.4826908194166366,-1.6389155198232868,0.03502572103202829,-3.681617794599701,-0.5466876911842053
5.855,-0.48429158056431604,-1.562564645078341,0.03133972648205646,-3.6859945499718267,-0.4029186583362808
5.856,-0.4858158664573365,-1.4859670232622,0.02764935955346788,-3.6903669285885807,-0.4029186583362808
5.857,-0.48726343639328884,-1.409134750027123,0.023954624618641163,-3.6947349348267178,-0.4029186583362808
5.8580000000000005,-0.48863406178409763,-1.3320799580798082,0.020255526045582548,-3.699098573058617,-0.4029186583362808
5.859,-0.4899275261921235,-1.254814815265239,0.016552068197930266,-3.7034578476522837,-0.4029186583362808
5.86,-0.491143625364345,-1.1773515226449773,0.012847162618333187,-3.7049055795970784,-0.25755948962235864
5.861,-0.4922821672646026,-1.0997023125710856,0.009140810754523259,-3.7063518638099286,-0.25755948962235864
5.862,-0.49334297210393335,-1.0218794467538859,0.005433014052784693,-3.707796701738566,-0.25755948962235864
5.863,-0.4943258723689568,-0.9438952143259529,0.0017237739579554186,-3.7092400948292745,-0.25755948962235864
5.864,-0.4952307128483249,-0.865761929901786,-0.001986908086571474,-3.710682044526892,-0.25755948962235864
5.865,-0.49605735065723866,-0.7874919316325683,-0.0056961031260793,-3.709195039507826,-0.1111838512730372
5.8660000000000005,-0.49680565526000436,-0.7090975792584497,-0.00940381264757308,-3.707709521493779,-0.1111838512730372
5.867,-0.4974755084906498,-0.6305912521565351,-0.013110038136570825,-3.706225488997746,-0.1111838512730372
5.868,-0.49806680457158625,-0.5519853473857703,-0.016814781077105035,-3.704742940534209,-0.1111838512730372
5.869,-0.4985794501303067,-0.4732922777299252,-0.020518042951724172,-3.7032618746191357,-0.1111838512730372
5.87,-0.4990133642141358,-0.39452446973675936,-0.02421688895288989,-3.6988460011657187,0.035630578939889634
5.871,-0.4993684783030089,-0.31569436175634924,-0.027911323496475647,-3.6944345435857553,0.035630578939889634
5.872,-0.4996447363202946,-0.23681440197666184,-0.03160135099393902,-3.6900274974633716,0.035630578939889634
5.873,-0.49984209464165,-0.1578970464575735,-0.03528697585232613,-3.6856248583871105,0.035630578939889634
5.8740000000000006,-0.4999605221019081,-0.07895475716444883,-0.038968202474276056,-3.6812266219499254,0.035630578939889634
5.875,-0.5,1.540103305989804e-14,-0.04264210178177336,-3.673899307497305,0.1823043915335344
5.876,-0.4999605221019081,0.07895475716447964,-0.0463086811021325,-3.666579320359137,0.1823043915335344
5.877,-0.49984209464164997,0.15789704645760427,-0.04996794775534061,-3.6592666532081073,0.1823043915335344
5.878,-0.49964473632029477,0.2368144019766034,-0.053619909054064836,-3.6519612987242285,0.1823043915335344
5.8790000000000004,-0.4993684783030088,0.31569436175638,-0.05726457230365967,-3.6446632495948337,0.1823043915335344
5.88,-0.49901336421413606,0.39452446973670097,-0.06089902571536533,-3.634453411705669,0.32825873197850763
5.881,-0.4985794501303071,0.4732922777298669,-0.06452327949901973,-3.624253783654393,0.32825873197850763
5.882000000000001,-0.49806680457158603,0.5519853473858011,-0.0681373438542509,-3.6140643552311684,0.32825873197850763
5.883,-0.49747550849065025,0.6305912521564769,-0.07174122897048726,-3.603885116236367,0.32825873197850763
5.884,-0.4968056552600041,0.7090975792584804,-0.07533494502696783,-3.593716056480561,0.32825873197850763
5.885,-0.49605735065723927,0.7874919316325104,-0.07891560901568845,-3.580663988720613,0.47291758517337845
5.886,-0.49523071284832554,0.8657619299017281,-0.08248323398871688,-3.567624973028425,0.47291758517337845
5.8870000000000005,-0.4943258723689565,0.9438952143259834,-0.0860378329850688,-3.554598996351929,0.47291758517337845
5.888,-0.4933429721039341,1.0218794467538281,-0.0895794190307209,-3.5415860456521093,0.47291758517337845
5.889,-0.49228216726460217,1.099702312571116,-0.0931080051386239,-3.5285861079029894,0.47291758517337845
5.89,-0.4911436253643445,1.1773515226450075,-0.09662074845944472,-3.512743320820827,0.6157100487129575
5.891,-0.48992752619212304,1.2548148152652692,-0.10011766483597047,-3.496916376525747,0.6157100487129575
5.892,-0.48863406178409713,1.3320799580798381,-0.10359877009514543,-3.4811052591749623,0.6157100487129575
5.893,-0.4872634363932899,1.409134750027066,-0.10706408004808696,-3.4653099529415283,0.6157100487129575
5.894,-0.4858158664573376,1.4859670232621434,-0.11051361049010129,-3.4495304420143276,0.6157100487129575
5.8950000000000005,-0.4842915805643154,1.562564645078371,-0.11394456994995401,-3.4309594598527258,0.7560725859793812
5.896,-0.48269081941663783,1.6389155198232301,-0.1173569769986273,-3.4124070486732854,0.7560725859793812
5.897,-0.481013835793043,1.7150075908086846,-0.12075085018853232,-3.3938731899050243,0.7560725859793812
5.898,-0.47926089450868914,1.7908288422144654,-0.12412620805352785,-3.375357864995532,0.7560725859793812
5.899,-0.4774322723733218,1.8663673009861996,-0.1274830691089388,-3.3568610554109486,0.7560725859793812
5.9,-0.47552825814757615,1.9416110387254917,-0.13081870427829106,-3.3356351693522646,0.8934512501636573
5.901,-0.4735491524973727,2.0165481735738147,-0.13413313478747071,-3.314430509179639,0.8934512501636573
5.902,-0.4714952679464318,2.0911668720890475,-0.1374263818411379,-3.2932470536671863,0.8934512501636573
5.9030000000000005,-0.4693669288269355,2.1654553511136014,-0.14069846662274815,-3.272084781610246,0.8934512501636573
5.904,-0.46716447122830584,2.2394018796353756,-0.1439494102945735,-3.2509436718253624,0.8934512501636573
5.905,-0.46488824294412695,2.3129947806403863,-0.14717655694531823,-3.2271466507447246,1.0273038704406177
5.906,-0.46253860341722913,2.3862224329565307,-0.1503799303720034,-3.2033734266851677,1.0273038704406177
5.907,-0.4601159236829368,2.4590732730884604,-0.15355955434785307,-3.1796239758496703,1.0273038704406177
5.908,-0.4576205863104592,2.53153579704417,-0.15671545262231806,-3.155898274465008,1.0273038704406177
5.909,-0.4550529853424999,2.6035985621509505,-0.1598476489210998,-3.132196298781731,1.0273038704406177
5.91,-0.4524135262330105,2.675250188862977,-0.16295357097974936,-3.1059220586495573,1.1571021916695907
5.9110000000000005,-0.44970262578318493,2.7464793625576975,-0.16603324507250689,-3.079674092757516,1.1571021916695907
5.912,-0.44692071207563305,2.817274835322791,-0.16908669744733826,-3.053452374831367,1.1571021916695907
5.913,-0.444068224406772,2.887625427732581,-0.1721139543259614,-3.0272568786231435,1.1571021916695907
5.914,-0.44114561321747825,2.957520030612837,-0.17511504190387253,-3.0010875779111283,1.1571021916695907
5.915,-0.4381533400219319,3.026947606795678,-0.17808748171502223,-2.9724398111496986,1.282333959175923
5.916,-0.4350918773347614,3.0958971928619157,-0.18103130240717727,-2.9438206921550303,1.282333959175923
5.917,-0.43196170859641814,3.164357900872544,-0.18394653259945662,-2.9152301922793566,1.282333959175923
5.918,-0.428763328096825,3.2323189200883014,-0.1868332008823602,-2.886668282903559,1.282333959175923
5.9190000000000005,-0.42549724089734686,3.2997695186762703,-0.18969133581779732,-2.858134935437137,1.282333959175923
5.92,-0.4221639627510068,3.366699045405175,-0.1925185625194913,-2.827226701693974,1.4025049403862744
5.921,-0.41876402002107227,3.433096931326721,-0.19531491189567585,-2.796349376184555,1.4025049403862744
5.922,-0.41529794959790994,3.498952691445089,-0.1980804148236765,-2.765502928000645,1.4025049403862744
5.923,-0.4117662988142156,3.5642559263724056,-0.20081510214994142,-2.7346873262649187,1.4025049403862744
5.924,-0.4081696253585921,3.6289963239707825,-0.20351900469007234,-2.7039025401309282,1.4025049403862744
5.925,-0.4045084971874761,3.6931636609808716,-0.20618986051015636,-2.6708558200840224,1.517140875338732
5.926,-0.40078349243543887,3.756747804636453,-0.20882770265691353,-2.6378421467571638,1.517140875338732
5.9270000000000005,-0.3969951993239163,3.8197387142640786,-0.21143256414401715,-2.604861487103632,1.517140875338732
5.928,-0.3931442160683105,3.882126442868836,-0.2140044779521269,-2.571913808109754,1.517140875338732
5.929,-0.38923115078351084,3.9439011387052965,-0.21654347702892177,-2.5389990767948696,1.517140875338732
5.93,-0.38525662138789624,4.005053046832734,-0.21904742131967245,-2.503944290750668,1.6257893483703323
5.931,-0.3812212555057235,4.065572510656098,-0.22151634587916497,-2.468924559492511,1.6257893483703323
5.932,-0.3771256903680494,4.125449973450417,-0.22395028572713058,-2.4339398479656116,1.6257893483703323
5.933,-0.37297057271209116,4.184675979870127,-0.22634927584828082,-2.398990121150239,1.6257893483703323
5.934,-0.3687565586790849,4.243241177442379,-0.2287133511923425,-2.3640753440616824,1.6257893483703323
5.9350000000000005,-0.3644843137107064,4.301136318043436,-0.23104050202958823,-2.3271508372457244,1.7280215735948077
5.936,-0.36015451244395685,4.3583522593595205,-0.23333076528452482,-2.2902632549365824,1.7280215735948077
5.937,-0.3557678386046439,4.414879966330294,-0.23558417784473457,-2.2534125602097497,1.7280215735948077
5.938,-0.3513249848994286,4.470710512575408,-0.2378007765609122,-2.2165987161776437,1.7280215735948077
5.939,-0.34682665290640424,4.525835081804529,-0.23998059824690177,-2.17982168598957,1.7280215735948077
5.94,-0.3422735529643438,4.5802449692090885,-0.24212177142946284,-2.141173182561086,1.8234340871247134
5.941,-0.3376664040605146,4.633931582837064,-0.24422433475709887,-2.1025633276360307,1.8234340871247134
5.942,-0.3330059337171259,4.6868864449499315,-0.24628832683966478,-2.0639920825659006,1.8234340871247134
5.9430000000000005,-0.32829287787647593,4.739101193361029,-0.24831378624840564,-2.0254594087408404,1.8234340871247134
5.944,-0.32352798078472284,4.790567582756232,-0.25030075151599523,-1.9869652675896052,1.8234340871247134
5.945,-0.3187119948743431,4.841277485996154,-0.2522474968115301,-1.946745295534835,1.9116503393590318
5.946,-0.31384568064535157,4.891222895399113,-0.2541540623549822,-1.9065655434521196,1.9116503393590318
5.947,-0.308929806545166,4.940395924006088,-0.2560204883261037,-1.8664259711214868,1.9116503393590318
5.948,-0.30396514884730463,4.988788806825723,-0.25784681486446687,-1.8263265383631846,1.9116503393590318
5.949,-0.29895249152875886,5.036393902060938,-0.25963308206950453,-1.7862672050376407,1.9116503393590318
5.95,-0.2938926261462392,5.083203692315236,-0.26137771656371606,-1.7446344942115553,1.9923221810523937
5.9510000000000005,-0.28878635171113387,5.129210785780202,-0.26308075997981234,-1.7030434160962957,1.9923221810523937
5.952,-0.28363447456338153,5.174407917402345,-0.2647422539088715,-1.6614939290591515,1.9923221810523937
5.953,-0.2784378082440947,5.218787950030741,-0.26636223990038055,-1.6199859915090444,1.9923221810523937
5.954,-0.27319717336713856,5.262343875543668,-0.267940759462277,-1.5785195618964876,1.9923221810523937
5.955,-0.2679133974894997,5.3050688159556705,-0.2694763978798656,-1.5356384175885671,2.065131237301202
5.956,-0.2625873149806466,5.346956024503324,-0.27096919803429054,-1.4928001544249545,2.065131237301202
5.957,-0.2572197668907553,5.387998886710781,-0.27241920276381504,-1.4500047295245055,2.065131237301202
5.958,-0.2518116008178798,5.428190921434408,-0.273826454863864,-1.407252100048957,2.065131237301202
5.9590000000000005,-0.2463636707741424,5.4675257818859535,-0.27519099708706685,-1.364542223202884,2.065131237301202
5.96,-0.24087683705085766,5.5059972566349265,-0.276511578964766,-1.320581877699206,2.129790164023761
5.961,-0.2353519660826635,5.543599270589574,-0.27778824445730704,-1.2766654925410315,2.129790164023761
5.962,-0.22978993031074466,5.580325885955913,-0.27902103748107504,-1.2327930237680151,2.129790164023761
5.963,-0.22419160804501403,5.616171303175711,-0.2802100019085388,-1.1889644274637718,2.129790164023761
5.964,-0.21855788332546788,5.651129861841973,-0.28135518156829464,-1.1451796597558328,2.129790164023761
5.965,-0.21288964578254135,5.685196041593077,-0.2824554951727512,-1.1003136044565534,2.1860437819761795
5.966,-0.20718779049664424,5.7183644629843675,-0.2835109875879638,-1.0554924152125733,2.1860437819761795
5.9670000000000005,-0.20145321785683062,5.750629888337569,-0.28452170363512164,-1.0107160471578371,2.1860437819761795
5.968,-0.19568683341860413,5.781987222567948,-0.2854876880905928,-0.9659844554711557,2.1860437819761795
5.969,-0.18988954776090056,5.812431513988998,-0.28640898568596895,-0.921297595376161,2.1860437819761795
5.97,-0.18406227634234265,5.84195795509411,-0.2872846885820732,-0.8757028961042181,2.233670083828334
5.971,-0.1782059393566261,5.8705618833160225,-0.28811484237360474,-0.8301537915315472,2.233670083828334
5.972,-0.1723214615872563,5.898238781762845,-0.2888994926096682,-0.784650236063449,2.233670083828334
5.973,-0.1664097722614948,5.924984279931444,-0.289638684793819,-0.7391921841508189,2.233670083828334
5.974,-0.16047180490360324,5.950794154397674,-0.2903324643841091,-0.6937795902901014,2.233670083828334
5.9750000000000005,-0.1545084971874692,5.975664329483131,-0.2909801005726024,-0.6476361884933063,2.2724811103252494
5.976,-0.14852079078851668,5.999590877898834,-0.29158163950270066,-0.601538930098308,2.2724811103252494
5.977,-0.14250963123498425,6.022570021365482,-0.29213712727166236,-0.5554877689617046,2.2724811103252494
5.978,-0.13647596775866258,6.0445981312098835,-0.2926466099306486,-0.5094826589862379,2.2724811103252494
5.979,-0.13042075314495225,6.065671728938164,-0.2931101334847694,-0.4635235541207467,2.2724811103252494
5.98,-0.12434494358242812,6.08578748678497,-0.29352714704149446,-0.417013556725098,2.302323692076398
5.981,-0.1182494985118669,6.104942228238905,-0.2938976971108213,-0.3705500693268449,2.302323692076398
5.982,-0.11213538047469208,6.123132928544287,-0.2942218301562373,-0.32413304541599014,2.302323692076398
5.9830000000000005,-0.10600355496102573,6.140356715178641,-0.2944995925947664,-0.2777624385290462,2.302323692076398
5.984,-0.09985499025720578,6.1566108683063785,-0.29473103079701535,-0.2314382022489892,2.302323692076398
5.985,-0.09369065729286148,6.1718928212083295,-0.2949157759599812,-0.18474516296583016,2.323080054045503
5.986,-0.08751152948764107,6.186200160686943,-0.29505387477670314,-0.13809881672195426,2.323080054045503
5.987,-0.08131858259744174,6.199530627447493,-0.29514537389352746,-0.09149911682432224,2.323080054045503
5.988,-0.07511279456037534,6.21188211645473,-0.29519031991015404,-0.04494601662658785,2.323080054045503
5.989,-0.06889514534231975,6.223252677265344,-0.2951887593796831,0.0015605304709487983,2.323080054045503
5.99,-0.0626666167821497,6.2336405143359945,-0.2951405070441355,0.04825233554756946,2.3346682803545806
5.9910000000000005,-0.05642819243674234,6.243043987306768,-0.2950456095953164,0.0948974488191135,2.3346682803545806
5.992,-0.050180857425605796,6.251461611260295,-0.294904113678339,0.141495916977386,2.3346682803545806
5.993,-0.043925598275373866,6.258892056956151,-0.29471606589167154,0.18804778666750022,2.3346682803545806
5.994,-0.03766340276397257,6.265334151040839,-0.2944815127871836,0.23455310448792432,2.3346682803545806
5.995,-0.03139525976465975,6.270786876233025,-0.2942004533830488,0.28105940413480796,2.3370426375685778
5.996,-0.025122159089884685,6.275249371484185,-0.29387293418556676,0.3275191974820447,2.3370426375685778
5.997,-0.018845091334971115,6.278720932114586,-0.2934990016545308,0.3739325310359342,2.3370426375685778
5.998,-0.012565047721669427,6.281201009924566,-0.29307870220327453,0.42029945125626983,2.3370426375685778
5.9990000000000006,-0.00628301994167383,6.282689213281087,-0.29261208219871815,0.46662000455638514,2.3370426375685778
6.0,-1.4695761589768238e-15,6.283185307179586,-0.29209932493906265,0.5127572596555167,2.3301937551843936
6.001,0.006283019941677996,6.2826892132810865,-0.2915404765615631,0.558848377499549,2.3301937551843936
6.002,0.012565047721666488,6.281201009924567,-0.29093558315733736,0.6048934042257373,2.3301937551843936
6.003,0.01884509133496818,6.278720932114587,-0.29028469077141217,0.6508923859251995,2.3301937551843936
6.0040000000000004,0.025122159089888844,6.275249371484183,-0.2895878454027692,0.6968453686429622,2.3301937551843936
6.005,0.03139525976465682,6.270786876233027,-0.2888454139062427,0.7424314965265567,2.3141486626118715
6.006,0.03766340276396964,6.265334151040841,-0.2880574418679604,0.7879720382822676,2.3141486626118715
6.007000000000001,0.04392559827537094,6.258892056956155,-0.2872239748284642,0.8334670394962227,2.3141486626118715
6.008,0.05018085742560287,6.251461611260297,-0.2863450582827552,0.8789165457089639,2.3141486626118715
6.009,0.05642819243673942,6.2430439873067725,-0.2854207376803397,0.9243206024154924,2.3141486626118715
6.01,0.06266661678214679,6.233640514336,-0.2844515619848766,0.9691756954630995,2.288970682501125
6.011,0.06889514534231683,6.223252677265348,-0.2834375760514589,1.0139859334176589,2.288970682501125
6.0120000000000005,0.07511279456037946,6.211882116454722,-0.28237882469032466,1.0587513611342636,2.288970682501125
6.013,0.08131858259743883,6.1995306274474995,-0.2812753526669015,1.1034720234231519,2.288970682501125
6.014,0.08751152948763818,6.18620016068695,-0.28012720470185176,1.1481479650497513,2.288970682501125
6.015000000000001,0.09369065729286558,6.171892821208319,-0.2789351097011503,1.1920950007014417,2.254759180837005
6.016,0.0998549902572029,6.156610868306385,-0.27769911161183286,1.2359980893174805,2.254759180837005
6.017,0.1060035549610298,6.140356715178631,-0.27641925433698794,1.279857274844903,2.254759180837005
6.018,0.11213538047468923,6.123132928544296,-0.2750955817358011,1.3236726011867983,2.254759180837005
6.019,0.11824949851186405,6.104942228238914,-0.27372813762359877,1.3674441122023515,2.254759180837005
6.0200000000000005,0.12434494358243216,6.085787486784957,-0.27231782797201287,1.410309651585886,2.211649174786843
6.021,0.13042075314494941,6.065671728938173,-0.27086469564658283,1.453132325430037,2.211649174786843
6.022,0.13647596775865975,6.044598131209893,-0.2693687834699825,1.4959121766003438,2.211649174786843
6.023,0.14250963123498145,6.0225700213654925,-0.26783013422206303,1.5386492479194804,2.211649174786843
6.024,0.14852079078851388,5.999590877898846,-0.26624879063989576,1.5813435821672979,2.211649174786843
6.025,0.15450849718747314,5.975664329483114,-0.26462583218531366,1.6229584545821203,2.1598107998494824
6.026,0.16047180490360044,5.950794154397686,-0.2629613004731891,1.6645317121245278,2.1598107998494824
6.027,0.16640977226149203,5.924984279931456,-0.2612552370767797,1.706063396409393,2.1598107998494824
6.0280000000000005,0.17232146158726022,5.898238781762827,-0.25950768352776976,1.7475535490099732,2.1598107998494824
6.029,0.17820593935662335,5.870561883316036,-0.2577186813163118,1.789002211457953,2.1598107998494824
6.03,0.18406227634233993,5.8419579550941245,-0.25588947913429716,1.829202182014658,2.0994486384081554
6.031,0.18988954776089784,5.8124315139890115,-0.25402011718169637,1.8693619526008065,2.0994486384081554
6.032,0.1956868334186014,5.781987222567963,-0.25211063561828,1.9094815634163689,2.0994486384081554
6.033,0.20145321785683443,5.7506298883375475,-0.2501610745636589,1.9495610546211155,2.0994486384081554
6.034,0.20718779049664157,5.718364462984383,-0.24817147409732424,1.9896004663346576,2.0994486384081554
6.035,0.2128896457825387,5.685196041593093,-0.24614324721320915,2.028226884115068,2.0308009123372566
6.0360000000000005,0.21855788332546525,5.651129861841989,-0.24407643253773145,2.066814675477698,2.0308009123372566
6.037,0.2241916080450114,5.616171303175727,-0.24197106865868248,2.1053638790489657,2.0308009123372566
6.038,0.22978993031074205,5.58032588595593,-0.23982719412526582,2.143874533416662,2.0308009123372566
6.039,0.23535196608266093,5.543599270589591,-0.23764484744813583,2.18234667712999,2.0308009123372566
6.04,0.2408768370508551,5.505997256634944,-0.23542560034682597,2.2192471013098496,1.954138542849468
6.041,0.246363670774146,5.467525781885928,-0.23316948972176044,2.256110625065529,1.954138542849468
6.042,0.25181160081787723,5.428190921434426,-0.230876552436463,2.292937285297453,1.954138542849468
6.043,0.25721976689075277,5.3879988867107995,-0.22854682531759385,2.329727118869145,1.954138542849468
6.0440000000000005,0.2625873149806501,5.346956024503296,-0.22618034515498658,2.366480162607265,1.954138542849468
6.045,0.2679133974894972,5.30506881595569,-0.22377883619091607,2.4015089640705276,1.869764081293495
6.046,0.2731971733671361,5.262343875543688,-0.22134233345418375,2.436502736732327,1.869764081293495
6.047,0.27843780824409226,5.2187879500307615,-0.21887087193856228,2.4714615156214648,1.869764081293495
6.048,0.28363447456337915,5.174407917402366,-0.21636448660283056,2.5063853357317134,1.869764081293495
6.049,0.28878635171113726,5.129210785780172,-0.2138232123708087,2.5412742320218515,1.869764081293495
6.05,0.2938926261462368,5.083203692315258,-0.21124891920271643,2.574293168092272,1.7780105151221128
6.051,0.2989524915287565,5.036393902060961,-0.2086416401174898,2.607279085226622,1.7780105151221128
6.0520000000000005,0.3039651488473023,4.988788806825745,-0.20600140810104597,2.6402320164438375,1.7780105151221128
6.053,0.30892980654516367,4.940395924006111,-0.20332825610631614,2.673151994729836,1.7780105151221128
6.054,0.31384568064534923,4.891222895399136,-0.2006222170532786,2.7060390530375487,1.7780105151221128
6.055,0.3187119948743408,4.841277485996178,-0.19788529924021922,2.736917813059368,1.6792399537428278
6.056,0.3235279807847206,4.790567582756256,-0.19511753354589806,2.7677656943211653,1.6792399537428278
6.057,0.32829287787647904,4.739101193360994,-0.19231895081819636,2.798582727701701,1.6792399537428278
6.058,0.3330059337171237,4.686886444949955,-0.1894895818741475,2.8293689440488556,1.6792399537428278
6.059,0.33766640406051246,4.633931582837089,-0.18662945749996784,2.860124374179663,1.6792399537428278
6.0600000000000005,0.34227355296434686,4.580244969209053,-0.18374071640617362,2.8887410937942324,1.573842199437446
6.061,0.34682665290640213,4.525835081804555,-0.18082338720948443,2.917329196689187,1.573842199437446
6.062,0.35132498489942654,4.470710512575435,-0.1778774984980032,2.945888711481247,1.573842199437446
6.063,0.3557678386046418,4.414879966330321,-0.17490307883124467,2.9744196667585143,1.573842199437446
6.064,0.36015451244395474,4.358352259359547,-0.17190015674016418,3.002922091080505,1.573842199437446
6.065,0.3644843137107044,4.301136318043463,-0.16887099290699495,3.0291638331692368,1.4622332089906247
6.066,0.3687565586790829,4.243241177442407,-0.16581561357347907,3.05537933351588,1.4622332089906247
6.067,0.37297057271208917,4.184675979870154,-0.1627340449551169,3.081568618362177,1.4622332089906247
6.0680000000000005,0.37712569036805216,4.125449973450377,-0.15962631324119328,3.107731713923627,1.4622332089906247
6.069,0.3812212555057216,4.065572510656126,-0.15649244459480377,3.133868646389516,1.4622332089906247
6.07,0.38525662138789435,4.005053046832763,-0.1533348127480187,3.157631846785094,1.3448534520983704
6.071,0.38923115078350895,3.943901138705325,-0.15015344146403842,3.181371283980276,1.3448534520983704
6.072,0.39314421606830874,3.882126442868864,-0.14694835448230015,3.2050869817382632,1.3448534520983704
6.073,0.39699519932391886,3.819738714264037,-0.14371957551850165,3.2287789637984923,1.3448534520983704
6.074,0.4007834924354371,3.7567478046364817,-0.14046712826462499,3.252447253876661,1.3448534520983704
6.075,0.4045084971874744,3.6931636609809018,-0.1371934901345415,3.273638130083494,1.2221661730354711
6.0760000000000005,0.40816962535859447,3.62899632397074,-0.13389868231912738,3.29480781541412,1.2221661730354711
6.077,0.41176629881421395,3.5642559263724367,-0.13058272598806797,3.3159563310594153,1.2221661730354711
6.078,0.4152979495979083,3.49895269144512,-0.12724564228987892,3.3370836981890655,1.2221661730354711
6.079,0.41876402002107066,3.433096931326752,-0.12388745235192733,3.358189937951586,1.2221661730354711
6.08,0.4221639627510052,3.3666990454052055,-0.12051072749266485,3.3767248592624735,1.094655562441951
6.081,0.4254972408973453,3.299769518676302,-0.1171154862470128,3.39524124565205,1.094655562441951
6.082,0.4287633280968235,3.2323189200883324,-0.11370174713135757,3.413739115655237,1.094655562441951
6.083,0.4319617085964167,3.164357900872576,-0.11026952864356915,3.432218487788421,1.094655562441951
6.0840000000000005,0.4350918773347634,3.09589719286187,-0.10681884926301968,3.4506793805494715,1.094655562441951
6.085,0.43815334002193046,3.02694760679571,-0.10335236406492189,3.4664851980977973,0.9628248464437719
6.086,0.44114561321747686,2.9575200306128693,-0.09987008885509331,3.482275209828575,0.9628248464437719
6.087,0.44406822440677063,2.8876254277326137,-0.09637203942354569,3.498049431547622,0.9628248464437719
6.088,0.4469207120756317,2.817274835322824,-0.09285823154450074,3.51380787904495,0.9628248464437719
6.089,0.44970262578318676,2.7464793625576505,-0.08932868097640595,3.5295505680947805,0.9628248464437719
6.09,0.4524135262330093,2.6752501888630107,-0.08578611607286628,3.5425649035396716,0.8271943006492996
6.091,0.45505298534249866,2.6035985621509843,-0.08223054984821716,3.5555662246491178,0.8271943006492996
6.0920000000000005,0.4576205863104609,2.531535797044122,-0.07866199530377971,3.5685545444374545,0.8271943006492996
6.093,0.46011592368293563,2.4590732730884945,-0.07508046542787371,3.581529875906003,0.8271943006492996
6.094,0.462538603417228,2.386222432956565,-0.07148597319583062,3.594492232043083,0.8271943006492996
6.095,0.4648882429441259,2.3129947806404205,-0.0678813094720824,3.6046637237482226,0.6882991968591142
6.096,0.4671644712283048,2.2394018796354103,-0.06426648442812075,3.6148250439616567,0.6882991968591142
6.097,0.4693669288269369,2.165455351113552,-0.060641508225265865,3.6249762028548775,0.6882991968591142
6.098,0.4714952679464308,2.091166872089082,-0.05700639101467666,3.635117210589205,0.6882991968591142
6.099,0.4735491524973718,2.01654817357385,-0.05336114293736086,3.645248077315798,0.6882991968591142
6.1000000000000005,0.47552825814757743,1.941611038725442,-0.04970860635431053,3.6525365830503373,0.5466876905927699
6.101,0.4774322723733209,1.866367300986235,-0.046048788554031383,3.6598178002791424,0.5466876905927699
6.102,0.4792608945086883,1.7908288422145007,-0.04238169681774066,3.6670917362907187,0.5466876905927699
6.103,0.4810138357930422,1.7150075908087201,-0.038707338419374376,3.6743583983662833,0.5466876905927699
6.104,0.48269081941663705,1.638915519823266,-0.03502572062559461,3.6816177937797723,0.5466876905927699
6.105,0.4842915805643165,1.5625646450783204,-0.031339726076453224,3.6859945491413804,0.4029186577693865
6.106,0.4858158664573369,1.485967023262179,-0.0276493591487056,3.6903669277476268,0.4029186577693865
6.107,0.48726343639328923,1.409134750027102,-0.02395462421473033,3.694734933975267,0.4029186577693865
6.1080000000000005,0.4886340617840965,1.3320799580798743,-0.02025552564253365,3.699098572196679,0.4029186577693865
6.109,0.48992752619212243,1.2548148152653054,-0.016552067795753782,3.70345784677987,0.4029186577693865
6.11,0.49114362536434397,1.1773515226450437,-0.012847162217039097,3.704905578714685,0.2575594890797478
6.111,0.49228216726460167,1.0997023125711525,-0.009140810354121532,3.7063518629175656,0.2575594890797478
6.112,0.49334297210393363,1.0218794467538646,-0.005433013653285289,3.707796700836243,0.2575594890797478
6.113,0.4943258723689571,0.9438952143259316,-0.0017237735593682874,3.7092400939170016,0.2575594890797478
6.114,0.49523071284832515,0.8657619299017646,0.001986908484236392,3.7106820436046797,0.2575594890797478
6.115,0.4960573506572389,0.787491931632547,0.005696103522812555,3.7091950385761625,0.11118385075436521
6.1160000000000005,0.49680565526000453,0.7090975792584283,0.009403813043365229,3.7077095205526738,0.11118385075436521
6.117,0.49747550849065,0.6305912521565136,0.013110038531412436,3.7062254880472083,0.11118385075436521
6.118,0.4980668045715864,0.5519853473857489,0.016814781470986685,3.7047429395742486,0.11118385075436521
6.119,0.49857945013030686,0.4732922777299037,0.020518043344636448,3.703261873649762,0.11118385075436521
6.12,0.4990133642141359,0.3945244697367378,0.024216889344823862,3.6988460001874137,-0.035630579434908216
6.121,0.49936847830300896,0.3156943617563277,0.02791132388742239,3.694434542598528,-0.035630579434908216
6.122,0.49964473632029466,0.2368144019766403,0.03160135138388962,3.6900274964672315,-0.035630579434908216
6.123,0.4998420946416499,0.15789704645764122,0.03528697624127169,3.685624857382066,-0.035630579434908216
6.1240000000000006,0.49996052210190806,0.07895475716451657,0.038968202862207674,3.681226620935986,-0.035630579434908216
6.125,0.5,5.233551037935641e-14,0.04264210216868262,3.673899306474946,-0.18230439200519544
6.126,0.49996052210190806,-0.07895475716450119,0.04630868148801098,3.666579319328367,-0.18230439200519544
6.127,0.49984209464165014,-0.15789704645753658,0.04996794814017992,3.6592666521689345,-0.18230439200519544
6.128,0.4996447363202947,-0.23681440197662493,0.053619909437856585,3.6519612976766616,-0.18230439200519544
6.1290000000000004,0.4993684783030087,-0.31569436175640153,0.05726457268639547,3.644663248538881,-0.18230439200519544
6.13,0.49901336421413595,-0.3945244697367225,0.06089902609703727,3.634453410641798,-0.32825873242719994
6.131,0.4985794501303069,-0.4732922777298883,0.06452327987961988,3.6242537825826124,-0.32825873242719994
6.132000000000001,0.4980668045715859,-0.5519853473858225,0.06813734423377137,3.614064354151486,-0.32825873242719994
6.133,0.4974755084906501,-0.6305912521564984,0.07174122934892016,3.6038851151487905,-0.32825873242719994
6.134,0.49680565526000386,-0.7090975792585017,0.07533494540430526,3.5937160553850975,-0.32825873242719994
6.135,0.49605735065723905,-0.7874919316325316,0.07891560939192298,3.580663987617724,-0.4729175855994212
6.136,0.4952307128483253,-0.8657619299017494,0.0824832343638411,3.567624971918118,-0.4729175855994212
6.1370000000000005,0.49432587236895725,-0.9438952143259165,0.0860378333590753,3.5545989952342114,-0.4729175855994212
6.138,0.4933429721039338,-1.0218794467538492,0.0895794194036023,3.541586044526989,-0.4729175855994212
6.139,0.4922821672646031,-1.0997023125710494,0.09310800551037277,3.5285861067704736,-0.4729175855994212
6.140000000000001,0.49114362536434425,-1.1773515226450286,0.09662074883005413,3.512743319681369,-0.6157100491167076
6.141,0.4899275261921241,-1.2548148152652028,0.10011766520543348,3.4969163753793535,-0.6157100491167076
6.142,0.48863406178409674,-1.3320799580798595,0.10359877046345513,3.48110525802164,-0.6157100491167076
6.143,0.4872634363932895,-1.409134750027087,0.1070640804152364,3.465309951781284,-0.6157100491167076
6.144,0.4858158664573372,-1.4859670232621642,0.11051361085608358,3.4495304408471688,-0.6157100491167076
6.1450000000000005,0.484291580564315,-1.5625646450783919,0.11394457031476267,3.4309594586790975,-0.7560725863612052
6.146,0.4826908194166374,-1.6389155198232512,0.11735697736225587,3.4124070474931942,-0.7560725863612052
6.147,0.4810138357930426,-1.715007590808705,0.12075085055097434,3.393873188718477,-0.7560725863612052
6.148,0.47926089450868864,-1.790828842214486,0.12412620841477688,3.3753578638025346,-0.7560725863612052
6.149,0.4774322723733213,-1.8663673009862203,0.12748306946898838,3.356861054211508,-0.7560725863612052
6.15,0.4755282581475756,-1.941611038725512,0.13081870463713519,3.3356351681468177,-0.8934512505239316
6.151,0.47354915249737217,-2.0165481735738355,0.1341331351451034,3.314430507968192,-0.8934512505239316
6.152,0.4714952679464336,-2.0911668720889836,0.13742638219755313,3.2932470524497455,-0.8934512505239316
6.1530000000000005,0.46936692882693737,-2.1654553511135375,0.14069846697793995,3.272084780386817,-0.8934512505239316
6.154,0.46716447122830773,-2.2394018796353126,0.1439494106485359,3.2509436705959516,-0.8934512505239316
6.155,0.46488824294412634,-2.3129947806404063,0.14717655729804566,3.227146649509761,-1.0273038707797264
6.156,0.4625386034172312,-2.3862224329564676,0.15037993072349032,3.203373425444657,-1.0273038707797264
6.157,0.46011592368293613,-2.4590732730884803,0.15355955469809393,3.1796239746036177,-1.0273038707797264
6.158,0.4576205863104585,-2.5315357970441896,0.15671545297130735,3.1558982732134195,-1.0273038707797264
6.159,0.45505298534249916,-2.60359856215097,0.15984764926883197,3.1321962975246116,-1.0273038707797264
6.16,0.4524135262330098,-2.6752501888629965,0.1629535713262193,3.1059220573873283,-1.1571021919879267
6.1610000000000005,0.44970262578318415,-2.746479362557717,0.16603324541770947,3.0796740914901823,-1.1571021919879267
6.162,0.4469207120756323,-2.8172748353228103,0.16908669779126842,3.0534523735589336,-1.1571021919879267
6.163,0.4440682244067712,-2.8876254277326003,0.17211395466861404,3.027256877345616,-1.1571021919879267
6.164,0.4411456132174774,-2.957520030612856,0.17511504224524255,3.001087576628512,-1.1571021919879267
6.165,0.43815334002193107,-3.026947606795697,0.17808748205510494,2.972439809862406,-1.2823339594738856
6.166,0.435091877334764,-3.0958971928618566,0.18103130274596801,2.943820690863066,-1.2823339594738856
6.167,0.4319617085964173,-3.1643579008725626,0.18394653293695074,2.9152301909827254,-1.2823339594738856
6.168,0.42876332809682777,-3.232318920088243,0.186833201218553,2.886668281602265,-1.2823339594738856
6.1690000000000005,0.425497240897346,-3.2997695186762885,0.1896913361526842,2.858134934131185,-1.2823339594738856
6.17,0.4221639627510097,-3.3666990454051176,0.19251856285306795,2.827226700383769,-1.4025049406642398
6.171,0.4187640200210713,-3.433096931326739,0.19531491222793806,2.7963493748701005,-1.4025049406642398
6.172,0.415297949597909,-3.498952691445107,0.19808041515462002,2.7655029266819455,-1.4025049406642398
6.173,0.4117662988142146,-3.564255926372424,0.200815102479562,2.7346873249419787,-1.4025049406642398
6.174,0.4081696253585911,-3.6289963239708,0.20351900501836576,2.703902538803752,-1.4025049406642398
6.175,0.4045084971874751,-3.693163660980889,0.20618986083711877,2.670855818753005,-1.5171408755971736
6.176,0.4007834924354378,-3.7567478046364693,0.20882770298254108,2.6378421454223084,-1.5171408755971736
6.1770000000000005,0.3969951993239153,-3.8197387142640955,0.21143256446830602,2.6048614857649426,-1.5171408755971736
6.178,0.39314421606830946,-3.8821264428688527,0.21400447827507327,2.5719138067672342,-1.5171408755971736
6.179,0.3892311507835097,-3.9439011387053133,0.2165434773505218,2.5389990754485234,-1.5171408755971736
6.18,0.3852566213878951,-4.005053046832751,0.21904742163992266,2.503944289400882,-1.6257893486096355
6.181,0.381221255505727,-4.065572510656047,0.22151634619806196,2.4689245581392885,-1.6257893486096355
6.182,0.37712569036805293,-4.125449973450365,0.2239502860446709,2.4339398466089563,-1.6257893486096355
6.183,0.3729705727120948,-4.184675979870076,0.22634927616446107,2.3989901197901546,-1.6257893486096355
6.184,0.3687565586790885,-4.2432411774423295,0.22871335150715924,2.3640753426981718,-1.6257893486096355
6.1850000000000005,0.3644843137107052,-4.301136318043452,0.2310405023430384,2.3271508358791655,-1.728021573815395
6.186,0.36015451244395563,-4.358352259359536,0.2333307655966054,2.2902632535669785,-1.728021573815395
6.187,0.35576783860464267,-4.414879966330309,0.2355841781554425,2.2534125588371037,-1.728021573815395
6.188,0.35132498489942743,-4.470710512575423,0.23780077687024445,2.216598714801959,-1.728021573815395
6.189,0.346826652906403,-4.525835081804545,0.2399805985548553,2.179821684610849,-1.728021573815395
6.19,0.3422735529643426,-4.580244969209104,0.242121771736035,2.1411731811796977,-1.8234340873270112
6.191,0.33766640406051335,-4.633931582837079,0.24422433506228697,2.102563326251978,-1.8234340873270112
6.192,0.3330059337171246,-4.686886444949946,0.24628832714346616,2.0639920811791854,-1.8234340873270112
6.1930000000000005,0.3282928778764746,-4.7391011933610425,0.24831378655081762,2.025459407351466,-1.8234340873270112
6.194,0.3235279807847215,-4.790567582756246,0.2503007518170152,1.9869652661975743,-1.8234340873270112
6.195,0.31871199487434726,-4.841277485996112,0.25224749711115574,1.946745294140508,-1.9116503395434417
6.196,0.31384568064535023,-4.891222895399126,0.2541540626532112,1.9065655420554986,-1.9116503395434417
6.197,0.3089298065451702,-4.940395924006046,0.2560204886229338,1.8664259697225742,-1.9116503395434417
6.198,0.3039651488473033,-4.9887888068257356,0.25784681515989577,1.8263265369619828,-1.9116503395434417
6.199,0.2989524915287632,-5.036393902060898,0.25963308236352994,1.786267203634152,-1.9116503395434417
6.2,0.2938926261462378,-5.083203692315249,0.2613777168563361,1.7446344928061297,-1.9923221812194045
6.2010000000000005,0.2887863517111324,-5.129210785780215,0.263080760271025,1.7030434146889355,-1.9923221812194045
6.202,0.28363447456338015,-5.174407917402357,0.26474225419867486,1.6614939276498584,-1.9923221812194045
6.203,0.2784378082440933,-5.218787950030753,0.2663622401887727,1.6199859900978204,-1.9923221812194045
6.204,0.2731971733671371,-5.26234387554368,0.267940759749256,1.5785195604833344,-1.9923221812194045
6.205,0.2679133974894982,-5.305068815955682,0.26947639816542984,1.5356384161738266,-2.0651312374512205
6.206,0.2625873149806451,-5.346956024503335,0.27096919831843846,1.4928001530086283,-2.0651312374512205
6.207,0.2572197668907538,-5.3879988867107915,0.27241920304654504,1.4500047281065953,-2.0651312374512205
6.208,0.2518116008178783,-5.428190921434418,0.2738264551451745,1.4072520986294643,-2.0651312374512205
6.2090000000000005,0.2463636707741471,-5.467525781885921,0.2751909973669563,1.3645422217818104,-2.0651312374512205
6.21,0.24087683705085616,-5.505997256634937,0.27651157924323316,1.3205818762768842,-2.129790164157224
6.211,0.23535196608266828,-5.543599270589542,0.27778824473435065,1.2766654911174629,-2.129790164157224
6.212,0.22978993031074946,-5.580325885955881,0.27902103775669385,1.2327930223432009,-2.129790164157224
6.213,0.22419160804501886,-5.61617130317568,0.28021000218273157,1.1889644260377132,-2.129790164157224
6.214,0.21855788332546636,-5.651129861841983,0.2813551818410601,1.145179658328531,-2.129790164157224
6.215,0.2128896457825398,-5.685196041593086,0.28245549544408843,1.100313603028332,-2.1860437820935252
6.216,0.20718779049664268,-5.718364462984376,0.2835109878578719,1.0554924137834332,-2.1860437820935252
6.2170000000000005,0.20145321785682904,-5.750629888337577,0.28452170390359965,1.0107160457277793,-2.1860437820935252
6.218,0.19568683341860255,-5.781987222567957,0.2854876883576398,0.965984454040181,-2.1860437820935252
6.219,0.18988954776089897,-5.812431513989006,0.2864089859515841,0.9212975939442702,-2.1860437820935252
6.22,0.18406227634234107,-5.841957955094119,0.2872846888462558,0.8757028946717259,-2.2336700839300025
6.221,0.1782059393566245,-5.87056188331603,0.28811484263635423,0.8301537900984541,-2.2336700839300025
6.222,0.1723214615872547,-5.898238781762852,0.288899492870984,0.7846502346297556,-2.2336700839300025
6.223,0.16640977226149317,-5.924984279931451,0.2896386850537005,0.7391921827165258,-2.2336700839300025
6.224,0.16047180490360835,-5.950794154397652,0.2903324646425557,0.6937795888552092,-2.2336700839300025
6.2250000000000005,0.1545084971874743,-5.975664329483109,0.2909801008296138,0.6476361870581208,-2.2724811104116585
6.226,0.14852079078852182,-5.9995908778988145,0.2915816397582766,0.6015389286628294,-2.2724811104116585
6.227,0.14250963123498941,-6.022570021365462,0.29213712752580256,0.5554877675259334,-2.2724811104116585
6.228,0.13647596775866777,-6.044598131209865,0.29264661018335275,0.5094826575501743,-2.2724811104116585
6.229,0.13042075314495058,-6.065671728938169,0.2931101337360371,0.46352355268439094,-2.2724811104116585
6.23,0.12434494358242647,-6.085787486784976,0.29352714729132584,0.41701355528874595,-2.3023236921480312
6.231,0.11824949851186524,-6.104942228238911,0.29389769735921634,0.3705500678904966,-2.3023236921480312
6.232,0.11213538047469042,-6.123132928544292,0.294221830403196,0.3241330439796455,-2.3023236921480312
6.2330000000000005,0.10600355496102405,-6.140356715178647,0.2944995928402887,0.2777624370927052,-2.3023236921480312
6.234,0.0998549902572041,-6.156610868306382,0.2947310310411014,0.23143820081265187,-2.3023236921480312
6.235,0.0936906572928598,-6.171892821208333,0.29491577620263115,0.18474516152978365,-2.3230800541027783
6.236,0.08751152948763939,-6.186200160686947,0.29505387501791736,0.1380988152861983,-2.3230800541027783
6.237,0.08131858259744004,-6.199530627447497,0.2951453741333062,0.09149911538885654,-2.3230800541027783
6.238,0.07511279456038067,-6.211882116454721,0.2951903201484976,0.044946015191412114,-2.3230800541027783
6.239,0.06889514534231805,-6.2232526772653465,0.2951887596165918,-0.0015605319058348693,-2.3230800541027783
6.24,0.06266661678215504,-6.2336405143359865,0.2951405072796099,-0.048252336981887425,-2.3346682803979193
6.2410000000000005,0.05642819243674063,-6.243043987306771,0.295045609829357,-0.09489745025286392,-2.3346682803979193
6.242,0.05018085742561116,-6.251461611260288,0.29490411391094645,-0.14149591841056944,-2.3346682803979193
6.243,0.04392559827537216,-6.258892056956154,0.29471606612284634,-0.18804778810011724,-2.3346682803979193
6.244,0.037663402763970864,-6.26533415104084,0.2944815130169264,-0.23455310591997552,-2.3346682803979193
6.245,0.03139525976465804,-6.270786876233026,0.2942004536113604,-0.2810594055660246,-2.3370426375984517
6.246,0.02512215908988297,-6.275249371484186,0.29387293441244794,-0.3275191989124276,-2.3370426375984517
6.247,0.0188450913349694,-6.278720932114586,0.29349900187998246,-0.3739325324654842,-2.3370426375984517
6.248,0.012565047721667713,-6.281201009924567,0.29307870242729744,-0.42029945268498775,-2.3370426375984517
6.2490000000000006,0.006283019941672115,-6.282689213281087,0.29261208242131315,-0.4666200059842718,-2.3370426375984517
6.25,-2.45548340466059e-16,-6.283185307179586,0.29209932516023085,-0.5127572610823119,-2.330193755201221
6.251,-0.006283019941679711,-6.2826892132810865,0.29154047678130557,-0.558848378925254,-2.330193755201221
6.252,-0.012565047721668204,-6.281201009924567,0.2909355833756552,-0.6048934056503531,-2.330193755201221
6.253,-0.018845091334969893,-6.278720932114586,0.2902846909883065,-0.6508923873487271,-2.330193755201221
6.2540000000000004,-0.025122159089883463,-6.275249371484185,0.2895878456182411,-0.6968453700654028,-2.330193755201221
6.255,-0.031395259764651434,-6.270786876233031,0.2888454141202934,-0.7424314979476588,-2.3141486626160734
6.256,-0.037663402763964265,-6.265334151040846,0.28805744208059136,-0.7879720397020327,-2.3141486626160734
6.257000000000001,-0.043925598275372645,-6.258892056956153,0.2872239750396767,-0.8334670409146521,-2.3141486626160734
6.258,-0.050180857425604575,-6.251461611260296,0.28634505849255065,-0.8789165471260589,-2.3141486626160734
6.259,-0.05642819243674112,-6.24304398730677,0.2854207378887194,-0.9243206038312544,-2.3141486626160734
6.26,-0.0626666167821485,-6.233640514335996,0.28445156219184214,-0.9691756968772862,-2.2889706824931584
6.261,-0.06889514534231854,-6.223252677265346,0.2834375762570119,-1.013985934830272,-2.2889706824931584
6.2620000000000005,-0.07511279456038115,-6.211882116454719,0.2823788248944666,-1.0587513625453049,-2.2889706824931584
6.263,-0.08131858259744053,-6.199530627447496,0.28127535286963395,-1.1034720248326226,-2.2889706824931584
6.264,-0.08751152948763988,-6.186200160686947,0.2801272049031763,-1.1481479664576533,-2.2889706824931584
6.265000000000001,-0.09369065729286727,-6.171892821208315,0.27893510990106873,-1.1920950021075414,-2.2547591808172855
6.266,-0.09985499025720458,-6.156610868306381,0.27769911181034695,-1.2359980907217796,-2.2547591808172855
6.267,-0.10600355496102454,-6.140356715178645,0.27641925453409955,-1.2798572762474034,-2.2547591808172855
6.268,-0.11213538047469089,-6.12313292854429,0.27509558193151207,-1.3236726025875016,-2.2547591808172855
6.269,-0.11824949851185881,-6.10494222823893,0.27372813781791083,-1.3674441136012598,-2.2547591808172855
6.2700000000000005,-0.12434494358242694,-6.085787486784975,0.27231782816492806,-1.4103096529827743,-2.21164917475579
6.271,-0.1304207531449442,-6.065671728938191,0.27086469583810313,-1.4531323268249074,-2.21164917475579
6.272,-0.13647596775866142,-6.044598131209888,0.2693687836601099,-1.4959121779931983,-2.21164917475579
6.273,-0.1425096312349831,-6.022570021365486,0.2678301344107996,-1.538649249310321,-2.21164917475579
6.274,-0.14852079078851552,-5.999590877898839,0.2662487908272435,-1.5813435835561265,-2.21164917475579
6.275,-0.15450849718747478,-5.9756643294831076,0.2646258323712748,-1.622958455968721,-2.1598107998075307
6.276,-0.16047180490360208,-5.95079415439768,0.2629613006577659,-1.6645317135089028,-2.1598107998075307
6.277,-0.16640977226149364,-5.924984279931449,0.26125523725997435,-1.7060633977915445,-2.1598107998075307
6.2780000000000005,-0.17232146158726183,-5.898238781762819,0.25950768370958444,-1.7475535503899036,-2.1598107998075307
6.279,-0.17820593935662493,-5.870561883316028,0.25771868149674876,-1.7890022128356642,-2.1598107998075307
6.28,-0.1840622763423415,-5.8419579550941165,0.2558894793133588,-1.8292021833899428,-2.0994486383557165
6.281,-0.18988954776089942,-5.8124315139890035,0.2540201173593851,-1.8693619539736672,-2.0994486383557165
6.282,-0.195686833418603,-5.781987222567954,0.2521106357945983,-1.909481564786808,-2.0994486383557165
6.283,-0.2014532178568295,-5.750629888337575,0.25016107473860916,-1.9495610559891354,-2.0994486383557165
6.284,-0.20718779049663666,-5.718364462984411,0.2481714742709089,-1.9896004677002606,-2.0994486383557165
6.285,-0.2128896457825338,-5.685196041593121,0.24614324738543086,-2.028226885478055,-2.0308009122747435
6.2860000000000005,-0.2185578833254668,-5.65112986184198,0.2440764327085928,-2.0668146768380717,-2.0308009122747435
6.287,-0.22419160804501295,-5.616171303175717,0.2419710688281861,-2.1053638804067285,-2.0308009122747435
6.288,-0.22978993031074357,-5.58032588595592,0.23982719429341426,-2.1438745347718164,-2.0308009122747435
6.289,-0.23535196608266246,-5.543599270589581,0.2376448476149317,-2.1823466784825394,-2.0308009122747435
6.29,-0.2408768370508566,-5.505997256634934,0.2354256005122721,-2.219247102659603,-1.9541385427772948
6.291,-0.2463636707741475,-5.467525781885917,0.23316948988585962,-2.256110626412489,-1.9541385427772948
6.292,-0.25181160081787873,-5.428190921434415,0.230876552599218,-2.2929372866416227,-1.9541385427772948
6.293,-0.25721976689075426,-5.387998886710788,0.22854682547900745,-2.329727120210527,-1.9541385427772948
6.2940000000000005,-0.2625873149806516,-5.346956024503285,0.2261803453150616,-2.3664801639458624,-1.9541385427772948
6.295,-0.26791339748949866,-5.3050688159556785,0.22377883634965542,-2.401508965406158,-1.8697640812120653
6.296,-0.27319717336713756,-5.262343875543676,0.22134233361159042,-2.436502738064993,-1.8697640812120653
6.297,-0.2784378082440937,-5.218787950030749,0.21887087209463926,-2.4714615169511696,-1.8697640812120653
6.298,-0.2836344745633747,-5.174407917402404,0.2163644867575808,-2.5063853370584597,-1.8697640812120653
6.299,-0.28878635171113287,-5.129210785780211,0.21382321252423517,-2.5412742333456424,-1.8697640812120653
6.3,-0.29389262614623246,-5.083203692315298,0.21124891935482223,-2.5742931694129334,-1.778010515031832
6.301,-0.2989524915287579,-5.036393902060948,0.20864164026827808,-2.6072790865441573,-1.778010515031832
6.3020000000000005,-0.3039651488473037,-4.988788806825732,0.20600140825051982,-2.6402320177582497,-1.778010515031832
6.303,-0.30892980654516505,-4.940395924006098,0.2033282562544787,-2.673151996041128,-1.778010515031832
6.304,-0.31384568064535057,-4.891222895399123,0.20062221720013299,-2.7060390543457236,-1.778010515031832
6.305,-0.31871199487434215,-4.841277485996164,0.19788529938576874,-2.7369178143642596,-1.6792399536440823
6.306,-0.3235279807847219,-4.790567582756242,0.19511753369014595,-2.767765695622777,-1.6792399536440823
6.307,-0.32829287787648037,-4.73910119336098,0.1923189509611459,-2.798582729000036,-1.6792399536440823
6.308,-0.33300593371712495,-4.686886444949942,0.189489582015802,-2.8293689453439175,-1.6792399536440823
6.309,-0.33766640406051374,-4.633931582837075,0.18662945764033054,-2.860124375471455,-1.6792399536440823
6.3100000000000005,-0.3422735529643429,-4.580244969209099,0.18374071654524793,-2.8887410950825965,-1.5738421993306402
6.311,-0.34682665290640335,-4.525835081804541,0.1808233873472738,-2.9173291979741265,-1.5738421993306402
6.312,-0.3513249848994227,-4.470710512575482,0.17787749863451102,-2.9458887127627653,-1.5738421993306402
6.313,-0.355767838604638,-4.414879966330369,0.17490307896647442,-2.9744196680366155,-1.5738421993306402
6.314,-0.360154512443951,-4.358352259359596,0.17190015687411922,-3.002922092355192,-1.5738421993306402
6.315,-0.36448431371070555,-4.301136318043447,0.16887099303967887,-3.029163834440359,-1.462233208876126
6.316,-0.3687565586790841,-4.243241177442391,0.16581561370489542,-3.0553793347834413,-1.462233208876126
6.317,-0.37297057271209033,-4.184675979870138,0.16273404508526923,-3.0815686196261804,-1.462233208876126
6.3180000000000005,-0.37712569036805327,-4.125449973450361,0.15962631337008515,-3.1077317151840766,-1.462233208876126
6.319,-0.3812212555057227,-4.065572510656109,0.15649244472243873,-3.1338686476464153,-1.462233208876126
6.32,-0.38525662138789546,-4.005053046832746,0.15333481287440043,-3.1576318480383003,-1.3448534519765674
6.321,-0.38923115078351006,-3.9439011387053085,0.15015344158917063,-3.1813712852297935,-1.3448534519765674
6.322,-0.39314421606830974,-3.882126442868848,0.14694835460618652,-3.205086982984095,-1.3448534519765674
6.323,-0.3969951993239199,-3.81973871426402,0.14371957564114587,-3.228778965040642,-1.3448534519765674
6.324,-0.40078349243543815,-3.7567478046364644,0.14046712838603073,-3.252447255115133,-1.3448534519765674
6.325,-0.4045084971874754,-3.693163660980884,0.13719349025471259,-3.273638131318153,-1.2221661729067375
6.3260000000000005,-0.40816962535859136,-3.628996323970795,0.13389868243806763,-3.2948078166449695,-1.2221661729067375
6.327,-0.4117662988142109,-3.5642559263724922,0.13058272610578117,-3.315956332286459,-1.2221661729067375
6.328,-0.4152979495979053,-3.4989526914451763,0.12724564240636888,-3.3370836994123074,-1.2221661729067375
6.329,-0.4187640200210677,-3.433096931326809,0.12388745246719784,-3.3581899391710297,-1.2221661729067375
6.33,-0.42216396275100615,-3.3666990454051873,0.12051072760671985,-3.376724860477992,-1.0946555623066552
6.331,-0.4254972408973462,-3.2997695186762837,0.1171154863598562,-3.395241246863647,-1.0946555623066552
6.332,-0.4287633280968244,-3.2323189200883147,0.11370174724299328,-3.4137391168629163,-1.0946555623066552
6.333,-0.4319617085964175,-3.1643579008725573,0.1102695287540011,-3.4322184889921865,-1.0946555623066552
6.3340000000000005,-0.4350918773347643,-3.0958971928618513,0.10681884937225178,-3.4506793817493273,-1.0946555623066552
6.335,-0.4381533400219313,-3.0269476067956913,0.10335236417295815,-3.4664851992936234,-0.9628248463022753
6.336,-0.44114561321747764,-2.9575200306128506,0.09987008896193778,-3.4822752110203754,-0.9628248463022753
6.337,-0.4440682244067714,-2.8876254277325946,0.09637203952920237,-3.4980494327354004,-0.9628248463022753
6.338,-0.4469207120756325,-2.817274835322805,0.09285823164897365,-3.5138078802287103,-0.9628248463022753
6.339,-0.4497026257831875,-2.746479362557631,0.08932868107969913,-3.529550569274527,-0.9628248463022753
6.34,-0.45241352623301,-2.675250188862991,0.08578611617498384,-3.5425649047152916,-0.8271943005019575
6.341,-0.45505298534249644,-2.603598562151046,0.08223054994916323,-3.5555662258206153,-0.8271943005019575
6.3420000000000005,-0.4576205863104587,-2.531535797044184,0.0786619954035584,-3.568554545604834,-0.8271943005019575
6.343,-0.4601159236829335,-2.4590732730885567,0.07508046552648913,-3.5815298770692685,-0.8271943005019575
6.344,-0.46253860341722863,-2.386222432956545,0.07148597329328689,-3.594492233202238,-0.8271943005019575
6.345,-0.4648882429441239,-2.3129947806404836,0.06788130956838373,-3.604663724903162,-0.6882991967062952
6.346,-0.4671644712283054,-2.2394018796353903,0.06426648452327134,-3.6148250451123847,-0.6882991967062952
6.347,-0.46936692882693754,-2.165455351113532,0.06064150831926994,-3.624976204001398,-0.6882991967062952
6.348,-0.4714952679464314,-2.091166872089062,0.05700639110753842,-3.6351172117315227,-0.6882991967062952
6.349,-0.47354915249737234,-2.0165481735738293,0.0533611430290845,-3.645248078453917,-0.6882991967062952
6.3500000000000005,-0.47552825814757793,-1.9416110387254213,0.04970860644490034,-3.652536584184159,-0.546687690434776
6.351,-0.4774322723733214,-1.8663673009862143,0.04604878864349167,-3.6598178014086704,-0.546687690434776
6.352,-0.4792608945086888,-1.79082884221448,0.04238169690607571,-3.6670917374159573,-0.546687690434776
6.353,-0.4810138357930427,-1.7150075908086992,0.03870733850658847,-3.674358399487237,-0.546687690434776
6.354,-0.4826908194166375,-1.6389155198232452,0.03502572071169203,-3.6816177948964453,-0.546687690434776
6.355,-0.48429158056431515,-1.5625646450783859,0.03133972616143835,-3.685994550253681,-0.4029186576065965
6.356,-0.4858158664573356,-1.485967023262245,0.027649359232582788,-3.690366928855559,-0.4029186576065965
6.357,-0.487263436393288,-1.409134750027168,0.023954624297503953,-3.6947349350788357,-0.4029186576065965
6.3580000000000005,-0.48863406178409685,-1.3320799580798532,0.020255525724208065,-3.6990985732958888,-0.4029186576065965
6.359,-0.48992752619212276,-1.2548148152652843,0.01655206787633334,-3.703457847874725,-0.4029186576065965
6.36,-0.4911436253643443,-1.1773515226450226,0.01284716229652824,-3.704905579805099,-0.2575594889124446
6.361,-0.492282167264602,-1.0997023125711312,0.009140810432524696,-3.706351864003543,-0.2575594889124446
6.362,-0.4933429721039339,-1.0218794467538432,0.005433013730606907,-3.7077967019177884,-0.2575594889124446
6.363,-0.49432587236895736,-0.9438952143259104,0.0017237736356127873,-3.7092400949941196,-0.2575594889124446
6.364,-0.49523071284832537,-0.8657619299017433,-0.0019869084090645872,-3.7106820446773745,-0.2575594889124446
6.365,-0.4960573506572391,-0.7874919316325256,-0.0056961034487089425,-3.709195039644355,-0.11118385058289437
6.3660000000000005,-0.49680565526000475,-0.709097579258407,-0.00940381297032531,-3.7077095216163687,-0.11118385058289437
6.367,-0.49747550849065014,-0.6305912521564921,-0.013110038459431721,-3.7062254891064104,-0.11118385058289437
6.368,-0.4980668045715866,-0.5519853473857274,-0.016814781400060683,-3.704742940628962,-0.11118385058289437
6.369,-0.49857945013030697,-0.47329227772988225,-0.020518043274760672,-3.7032618746999906,-0.11118385058289437
6.37,-0.4990133642141355,-0.3945244697368054,-0.024216889275993757,-3.6988460012330866,0.03563057961020577
6.371,-0.4993684783030087,-0.31569436175639537,-0.027911323819633408,-3.6944345436396495,0.03563057961020577
6.372,-0.49964473632029444,-0.23681440197670803,-0.03160135131713721,-3.690027497503806,0.03563057961020577
6.373,-0.49984209464164997,-0.15789704645761968,-0.03528697617555131,-3.685624858414098,0.03563057961020577
6.3740000000000006,-0.49996052210190806,-0.07895475716449502,-0.038968202797514784,-3.6812266219634795,0.03563057961020577
6.375,-0.5,-3.0782620269589874e-14,-0.04264210210501262,-3.6738993074978348,0.18230439218406413
6.376,-0.49996052210190806,0.07895475716452273,-0.04630868142535927,-3.6665793203466555,0.18230439218406413
6.377,-0.4998420946416501,0.15789704645755812,-0.0499679480785419,-3.6592666531826277,0.18230439218406413
6.378,-0.4996447363202946,0.23681440197664647,-0.053619909377227666,-3.6519612986857637,0.18230439218406413
6.3790000000000004,-0.49936847830300857,0.31569436175642307,-0.057264572626771065,-3.6446632495433966,0.18230439218406413
6.38,-0.49901336421413583,0.39452446973674404,-0.06089902603841273,-3.634453411641667,0.3282587326093125
6.381,-0.4985794501303068,0.47329227772990984,-0.06452327982199058,-3.624253783577839,0.3282587326093125
6.382000000000001,-0.49806680457158575,0.5519853473858439,-0.06813734417713264,-3.614064355142075,0.3282587326093125
6.383,-0.4974755084906499,0.6305912521565198,-0.07174122929326739,-3.6038851161347463,0.3282587326093125
6.384,-0.4968056552600045,0.7090975792584345,-0.07533494534963381,-3.5937160563664254,0.3282587326093125
6.385,-0.4960573506572397,0.7874919316324646,-0.07891560933822818,-3.58066398859437,0.4729175857844551
6.386,-0.49523071284832604,0.8657619299016822,-0.08248323431111826,-3.567624972890086,0.4729175857844551
6.3870000000000005,-0.49432587236895703,0.9438952143259377,-0.08603783330731976,-3.554598996201507,0.4729175857844551
6.388,-0.4933429721039347,1.0218794467537826,-0.08957941935280937,-3.541586045489616,0.4729175857844551
6.389,-0.49228216726460283,1.0997023125710705,-0.09310800546053781,-3.5285861077284375,0.4729175857844551
6.390000000000001,-0.4911436253643439,1.17735152264505,-0.09662074878117242,-3.5127433206346206,0.6157100493044338
6.391,-0.48992752619212376,1.254814815265224,-0.10011766515750033,-3.4969163763278974,0.6157100493044338
6.392,-0.4886340617840964,1.3320799580798803,-0.10359877041646581,-3.481105258965481,0.6157100493044338
6.393,-0.4872634363932891,1.4091347500271079,-0.10706408036918624,-3.465309952720427,0.6157100493044338
6.394,-0.48581586645733676,1.485967023262185,-0.11051361081096786,-3.4495304417816177,0.6157100493044338
6.3950000000000005,-0.4842915805643146,1.5625646450784128,-0.11394457027057667,-3.4309594596088098,0.7560725865513156
6.396,-0.48269081941663694,1.638915519823272,-0.11735697731899485,-3.4124070484181748,0.7560725865513156
6.397,-0.4810138357930421,1.7150075908087261,-0.12075085050863357,-3.39387318963873,0.7560725865513156
6.398000000000001,-0.4792608945086882,1.7908288422145064,-0.12412620837335164,-3.3753578647180653,0.7560725865513156
6.399,-0.47743227237332286,1.8663673009861554,-0.12748306942847396,-3.356861055122321,0.7560725865513156
6.4,-0.47552825814757727,1.941611038725448,-0.13081870459752684,-3.335635169052876,0.8934512507161241
6.401,-0.4735491524973739,2.016548173573771,-0.13413313510639635,-3.3144305088695005,0.8934512507161241
6.402,-0.47149526794643304,2.091166872089004,-0.13742638215974265,-3.2932470533463087,0.8934512507161241
6.4030000000000005,-0.46936692882693676,2.165455351113558,-0.14069846694102128,-3.27208478127864,0.8934512507161241
6.404,-0.4671644712283071,2.239401879635333,-0.14394941061250432,-3.250943671483039,0.8934512507161241
6.405,-0.4648882429441257,2.3129947806404263,-0.1471765572628964,-3.22714665039208,1.0273038709737967
6.406,-0.4625386034172305,2.3862224329564876,-0.15037993068921862,-3.2033734263222122,1.0273038709737967
6.407,-0.46011592368293547,2.4590732730885,-0.15355955466469504,-3.179623975476414,1.0273038709737967
6.408,-0.4576205863104578,2.5315357970442096,-0.1567154529387765,-3.1558982740814616,1.0273038709737967
6.409,-0.4550529853424985,2.60359856215099,-0.1598476492371644,-3.132196298387904,1.0273038709737967
6.41,-0.45241352623300907,2.675250188863016,-0.16295357129541024,-3.1059220582458447,1.1571021921835867
6.4110000000000005,-0.44970262578318343,2.7464793625577366,-0.16603324538775416,-3.079674092343927,1.1571021921835867
6.412,-0.4469207120756315,2.81727483532283,-0.16908669776216206,-3.0534523744079114,1.1571021921835867
6.413,-0.4440682244067737,2.88762542773254,-0.1721139546403519,-3.027256878189832,1.1571021921835867
6.414,-0.4411456132174766,2.957520030612875,-0.17511504221781987,-3.0010875774679704,1.1571021921835867
6.415,-0.4381533400219337,3.026947606795637,-0.17808748202851696,-2.9724398106970855,1.2823339596708547
6.416,-0.4350918773347632,3.0958971928618753,-0.18103130272020992,-2.9438206916929714,1.2823339596708547
6.417,-0.43196170859642,3.164357900872504,-0.1839465329120178,-2.9152301918078614,1.2823339596708547
6.418,-0.4287633280968269,3.2323189200882614,-0.18683320119444044,-2.8866682824226366,1.2823339596708547
6.4190000000000005,-0.42549724089734503,3.2997695186763067,-0.18969133612938724,-2.858134934946797,1.2823339596708547
6.42,-0.42216396275100876,3.3666990454051358,-0.19251856283058183,-2.8272267011946033,1.402504940862337
6.421,-0.4187640200210704,3.433096931326757,-0.195314912206258,-2.796349375676162,1.402504940862337
6.422,-0.41529794959790806,3.498952691445125,-0.19808041513374122,-2.7655029274832392,1.402504940862337
6.423,-0.41176629881421367,3.5642559263724416,-0.20081510245947973,-2.734687325738509,1.402504940862337
6.424,-0.4081696253585901,3.6289963239708176,-0.20351900499907524,-2.703902539595524,1.402504940862337
6.425,-0.4045084971874741,3.6931636609809066,-0.20618986081861526,-2.670855819540006,1.5171408757961313
6.426,-0.4007834924354368,3.7567478046364866,-0.2088277029648198,-2.6378421462045436,1.5171408757961313
6.4270000000000005,-0.3969951993239186,3.8197387142640418,-0.21143256445136221,-2.6048614865424162,1.5171408757961313
6.428,-0.3931442160683128,3.8821264428687994,-0.21400447825890218,-2.5719138075399512,1.5171408757961313
6.429,-0.3892311507835131,3.943901138705261,-0.21654347733511867,-2.5389990762164887,1.5171408757961313
6.43,-0.38525662138789857,4.005053046832699,-0.21904742162528276,-2.5039442901640885,1.6257893488091963
6.431,-0.3812212555057259,4.065572510656063,-0.2215163461841805,-2.4689245588977404,1.6257893488091963
6.432,-0.3771256903680518,4.125449973450381,-0.22395028603154316,-2.433939847362659,1.6257893488091963
6.433,-0.3729705727120936,4.184675979870092,-0.22634927615208228,-2.398990120539112,1.6257893488091963
6.434,-0.3687565586790874,4.2432411774423455,-0.22871335149552466,-2.364075343442389,1.6257893488091963
6.4350000000000005,-0.36448431371070406,4.301136318043467,-0.2310405023321433,-2.3271508366186384,1.728021574015398
6.436,-0.36015451244395447,4.358352259359552,-0.233330765586445,-2.2902632543017116,1.728021574015398
6.437,-0.35576783860464145,4.414879966330324,-0.2355841781460121,-2.253412559567102,1.728021574015398
6.438,-0.35132498489942615,4.4707105125754385,-0.23780077686153933,-2.216598715527227,1.728021574015398
6.439,-0.3468266529064018,4.52583508180456,-0.23998059854687073,-2.179821685331392,1.728021574015398
6.44,-0.34227355296434137,4.580244969209118,-0.24212177172876626,-2.1411731818955166,1.8234340875272115
6.441,-0.33766640406051207,4.633931582837094,-0.24422433505572932,-2.102563326963077,1.8234340875272115
6.442,-0.3330059337171286,4.6868864449499,-0.2462883271376149,-2.0639920818855697,1.8234340875272115
6.4430000000000005,-0.3282928778764787,4.739101193360998,-0.24831378654566802,-2.02545940805314,1.8234340875272115
6.444,-0.32352798078472567,4.790567582756203,-0.25030075181256256,-1.9869652668945426,1.8234340875272115
6.445,-0.3187119948743459,4.841277485996125,-0.25224749710739536,-1.9467452948327753,1.9116503397436335
6.446,-0.3138456806453544,4.891222895399084,-0.2541540626501384,-1.9065655427430699,1.9116503397436335
6.447,-0.3089298065451689,4.940395924006061,-0.25602048862054383,-1.8664259704054542,1.9116503397436335
6.448,-0.3039651488473019,4.988788806825749,-0.25784681515818403,-1.826326537640176,1.9116503397436335
6.449,-0.2989524915287618,5.036393902060911,-0.2596330823624917,-1.7862672043076633,1.9116503397436335
6.45,-0.2938926261462364,5.083203692315261,-0.26137771685596667,-1.7446344934749678,1.992322181419388
6.4510000000000005,-0.28878635171113104,5.129210785780227,-0.26308076027131977,-1.703043415353105,1.992322181419388
6.452,-0.28363447456337876,5.17440791740237,-0.26474225419962916,-1.6614939283093642,1.992322181419388
6.453,-0.27843780824409187,5.218787950030765,-0.26636224019038185,-1.619985990752667,1.992322181419388
6.454,-0.27319717336713567,5.262343875543691,-0.2679407597515154,-1.5785195611335265,1.992322181419388
6.455,-0.2679133974894968,5.305068815955694,-0.26947639816833474,-1.5356384168193769,2.065131237650803
6.456,-0.2625873149806497,5.346956024503299,-0.2709691983219843,-1.4928001536495414,2.065131237650803
6.457,-0.2572197668907524,5.387998886710803,-0.27241920305072714,-1.450004728742876,2.065131237650803
6.458,-0.25181160081788295,5.428190921434385,-0.27382645514998827,-1.407252099261117,2.065131237650803
6.4590000000000005,-0.2463636707741456,5.467525781885931,-0.2751909973723971,-1.36454222240884,2.065131237650803
6.46,-0.24087683705086088,5.505997256634904,-0.2765115792492964,-1.3205818768993072,2.1297901643561956
6.461,-0.23535196608266676,5.543599270589552,-0.2777882447410317,-1.276665491735284,2.1297901643561956
6.462,-0.22978993031074793,5.580325885955891,-0.2790210377639881,-1.2327930229564248,2.1297901643561956
6.463,-0.2241916080450173,5.6161713031756895,-0.28021000219063447,-1.1889644266463444,2.1297901643561956
6.464,-0.2185578833254648,5.651129861841992,-0.28135518184956704,-1.1451796589325742,2.1297901643561956
6.465,-0.21288964578253824,5.685196041593095,-0.28245549545319487,-1.1003136036278065,2.186043782291758
6.466,-0.20718779049664113,5.718364462984385,-0.2835109878675732,-1.0554924143783435,2.186043782291758
6.4670000000000005,-0.2014532178568275,5.750629888337586,-0.28452170391389137,-1.01071604631813,2.186043782291758
6.468,-0.19568683341860096,5.781987222567965,-0.28548768836851734,-0.9659844546259766,2.186043782291758
6.469,-0.1898895477608974,5.812431513989014,-0.2864089859630429,-0.9212975945255154,2.186043782291758
6.47,-0.18406227634233946,5.841957955094126,-0.28728468885829134,-0.8757028952484439,2.233670084127299
6.471,-0.1782059393566295,5.8705618833160065,-0.288114842648962,-0.8301537906706495,2.233670084127299
6.472,-0.17232146158725975,5.898238781762829,-0.2888994928841594,-0.7846502351974329,2.233670084127299
6.473,-0.16640977226149828,5.9249842799314285,-0.28963868506743906,-0.7391921832796895,2.233670084127299
6.474,-0.1604718049036067,5.950794154397659,-0.2903324646568529,-0.6937795894138639,2.233670084127299
6.4750000000000005,-0.1545084971874727,5.9756643294831155,-0.2909801008444652,-0.6476361876122929,2.272481110607854
6.476,-0.14852079078852018,5.999590877898821,-0.2915816397736777,-0.6015389292125235,2.272481110607854
6.477,-0.14250963123498778,6.0225700213654685,-0.2921371275417488,-0.5554877680711539,2.272481110607854
6.478,-0.13647596775866613,6.044598131209871,-0.29264661019983973,-0.5094826580909256,2.272481110607854
6.479,-0.13042075314494894,6.065671728938175,-0.2931101337530604,-0.4635235532206776,2.272481110607854
6.48,-0.1243449435824248,6.085787486784981,-0.29352714730888096,-0.41701355582059757,2.3023236923429686
6.481,-0.11824949851186357,6.104942228238915,-0.29389769737729887,-0.3705500684179176,2.3023236923429686
6.482,-0.11213538047468875,6.123132928544297,-0.2942218304218015,-0.3241330445026403,2.3023236923429686
6.4830000000000005,-0.10600355496102237,6.140356715178651,-0.2944995928594128,-0.2777624376112783,2.3023236923429686
6.484,-0.09985499025720242,6.1566108683063865,-0.2947310310607396,-0.23143820132680762,2.3023236923429686
6.485,-0.0936906572928651,6.171892821208321,-0.29491577622277915,-0.18474516203955504,2.3230800542962875
6.486,-0.0875115294876377,6.18620016068695,-0.2950538750385707,-0.13809881579158972,2.3230800542962875
6.487,-0.08131858259744537,6.199530627447486,-0.29514537415446057,-0.09149911588987239,2.3230800542962875
6.488,-0.07511279456037898,6.211882116454723,-0.2951903201701486,-0.04494601568805677,2.3230800542962875
6.489,-0.06889514534232338,6.223252677265337,-0.2951887596387351,0.0015605314135570328,2.3230800542962875
6.49,-0.06266661678215335,6.233640514335989,-0.2951405073022412,0.04825233649394133,2.334668280589893
6.4910000000000005,-0.05642819243673893,6.243043987306773,-0.2950456098524719,0.09489744976924525,2.334668280589893
6.492,-0.05018085742560945,6.251461611260289,-0.29490411393454063,0.14149591793127386,2.334668280589893
6.493,-0.043925598275370445,6.258892056956155,-0.2947160661469155,0.18804778762514046,2.334668280589893
6.494,-0.03766340276396915,6.265334151040841,-0.2944815130414662,0.23455310544931318,2.334668280589893
6.495,-0.031395259764656326,6.270786876233027,-0.29420045363636654,0.28105940509963856,2.3370426377887337
6.496,-0.025122159089881257,6.275249371484187,-0.29387293443791623,0.3275191984503136,2.3370426377887337
6.497,-0.018845091334967687,6.278720932114587,-0.2934990019059086,0.37393253200763793,2.3370426377887337
6.498,-0.012565047721665997,6.281201009924568,-0.2930787024536772,0.42029945223140497,2.3370426377887337
6.4990000000000006,-0.006283019941677505,6.2826892132810865,-0.29261208244814224,0.46662000553494826,2.3370426377887337
6.5,1.9606728399089416e-15,6.283185307179586,-0.29209932518750503,0.512757260637207,2.3301937553896797
6.501,0.006283019941674321,6.282689213281087,-0.2915404768090207,0.5588483784843633,2.3301937553896797
6.502,0.012565047721662814,6.281201009924569,-0.290935583403807,0.6048934052136725,2.3301937553896797
6.503,0.018845091334964505,6.278720932114589,-0.29028469101689075,0.6508923869162524,2.3301937553896797
6.5040000000000004,0.025122159089885174,6.275249371484185,-0.2895878456472536,0.6968453696371297,2.3301937553896797
6.505,0.03139525976465315,6.270786876233029,-0.28884541414973003,0.7424314975235442,2.3141486628025834
6.506,0.03766340276396598,6.265334151040845,-0.288057442110448,0.7879720392820724,2.3141486628025834
6.507000000000001,0.04392559827537435,6.25889205695615,-0.2872239750699491,0.833467040498842,2.3141486628025834
6.508,0.05018085742560628,6.251461611260294,-0.2863450585232347,0.8789165467143949,2.3141486628025834
6.509,0.056428192436742824,6.243043987306767,-0.285420737919811,0.9243206034237321,2.3141486628025834
6.51,0.06266661678215019,6.233640514335994,-0.2844515622233371,0.9691756964738604,2.2889706826776006
6.511,0.06889514534232023,6.223252677265342,-0.2834375762889062,1.0139859344309385,2.2889706826776006
6.5120000000000005,0.07511279456038285,6.211882116454716,-0.28237882492675614,1.0587513621500597,2.2889706826776006
6.513,0.08131858259744222,6.199530627447492,-0.2812753529023147,1.1034720244414618,2.2889706826776006
6.514,0.08751152948763456,6.186200160686958,-0.28012720493624416,1.1481479660705722,2.2889706826776006
6.515000000000001,0.09369065729286197,6.171892821208328,-0.27893510993451964,1.1920950017244925,2.254759180999539
6.516,0.0998549902571993,6.1566108683063945,-0.2776991118441769,1.2359980903427588,2.254759180999539
6.517,0.10600355496102622,6.1403567151786405,-0.27641925456830446,1.2798572758724067,2.254759180999539
6.518,0.11213538047468564,6.1231329285443055,-0.2750955819660879,1.323672602216525,2.254759180999539
6.519,0.11824949851186048,6.104942228238925,-0.2737281378528536,1.3674441132342994,2.254759180999539
6.5200000000000005,0.1243449435824286,6.085787486784969,-0.2723178282002338,1.4103096526197805,2.211649174935765
6.521,0.13042075314494586,6.065671728938185,-0.27086469587376794,1.453132326465876,2.211649174935765
6.522,0.13647596775866305,6.044598131209882,-0.2693687836961298,1.4959121776381255,2.211649174935765
6.523000000000001,0.14250963123499155,6.022570021365454,-0.26783013444717063,1.5386492489592025,2.211649174935765
6.524,0.14852079078851715,5.999590877898833,-0.2662487908639617,1.5813435832089586,2.211649174935765
6.525,0.15450849718747642,5.975664329483101,-0.26462583240833626,1.622958455625452,2.159810799985119
6.526,0.16047180490360372,5.950794154397673,-0.2629613006951667,1.6645317131695287,2.159810799985119
6.527,0.16640977226149525,5.924984279931442,-0.26125523729771066,1.7060633974560615,2.159810799985119
6.5280000000000005,0.17232146158725675,5.898238781762843,-0.2595076837476524,1.7475535500583077,2.159810799985119
6.529,0.17820593935662654,5.87056188331602,-0.25771868153514443,1.7890022125079517,2.159810799985119
6.53,0.1840622763423365,5.841957955094141,-0.2558894793520784,1.82920218306606,2.099448638530819
6.531,0.18988954776089445,5.812431513989029,-0.2540201173984248,1.8693619536536104,2.099448638530819
6.532,0.19568683341859805,5.781987222567981,-0.2521106358339542,1.9094815644705732,2.099448638530819
6.533,0.20145321785683107,5.750629888337566,-0.2501610747782775,1.949561055676719,2.099448638530819
6.534,0.2071877904966382,5.718364462984402,-0.24817147431088582,1.9896004673916585,2.099448638530819
6.535,0.21288964578253536,5.685196041593112,-0.2461432474257126,2.0282268851732126,2.0308009124472783
6.5360000000000005,0.21855788332546833,5.65112986184197,-0.24407643274917562,2.066814676536985,2.0308009124472783
6.537,0.22419160804501448,5.616171303175707,-0.24197106886906622,2.1053638801093935,2.0308009124472783
6.538,0.2297899303107451,5.580325885955911,-0.239827194334588,2.1438745344782295,2.0308009124472783
6.539,0.23535196608266395,5.543599270589572,-0.2376448476563953,2.182346678192697,2.0308009124472783
6.54,0.2408768370508581,5.505997256634924,-0.23542560055402184,2.2192471023734477,1.9541385429471747
6.541,0.246363670774149,5.467525781885906,-0.23316948992789183,2.2561106261300177,1.9541385429471747
6.542,0.2518116008178802,5.428190921434405,-0.230876552641529,2.292937286362831,1.9541385429471747
6.543,0.2572197668907496,5.3879988867108235,-0.2285468255215936,2.3297271199354115,1.9541385429471747
6.5440000000000005,0.26258731498064697,5.346956024503321,-0.2261803453579192,2.3664801636744195,1.9541385429471747
6.545,0.2679133974894941,5.305068815955715,-0.22377883639278087,2.4015089651383295,1.8697640813792153
6.546,0.273197173367133,5.2623438755437135,-0.2213423336549801,2.4365027378007755,1.8697640813792153
6.547,0.2784378082440892,5.218787950030787,-0.21887087213828954,2.471461516690559,1.8697640813792153
6.548,0.2836344745633761,5.174407917402392,-0.2163644868014881,2.506385336801453,1.8697640813792153
6.549,0.28878635171113426,5.129210785780199,-0.21382321256839587,2.5412742330922358,1.8697640813792153
6.55,0.29389262614623385,5.083203692315285,-0.2112489193992328,2.574293169163067,1.7780105151961743
6.551,0.29895249152875925,5.036393902060935,-0.20864164031293497,2.6072790862978277,1.7780105151961743
6.5520000000000005,0.303965148847305,4.988788806825719,-0.20600140829541952,2.6402320175154532,1.7780105151961743
6.553,0.3089298065451664,4.940395924006085,-0.20332825629961765,2.6731519958018612,1.7780105151961743
6.554,0.3138456806453519,4.891222895399109,-0.20062221724550766,2.706039054109983,1.7780105151961743
6.555,0.3187119948743435,4.841277485996151,-0.19788529943137567,2.736917814131984,1.6792399538055527
6.556,0.3235279807847232,4.790567582756228,-0.1951175337359817,2.767765695393963,1.6792399538055527
6.557,0.32829287787647626,4.739101193361025,-0.19231895100720703,2.7985827287746803,1.6792399538055527
6.558,0.3330059337171263,4.686886444949927,-0.18948958206208502,2.8293689451220168,1.6792399538055527
6.559,0.33766640406050974,4.63393158283712,-0.186629457686832,2.860124375253006,1.6792399538055527
6.5600000000000005,0.3422735529643442,4.580244969209084,-0.18374071659196448,2.8887410948675365,1.5738421994891758
6.561,0.3468266529063995,4.525835081804587,-0.18082338739420203,2.9173291977624523,1.5738421994891758
6.562,0.35132498489942393,4.470710512575467,-0.17787749868164757,2.9458887125544733,1.5738421994891758
6.563,0.35576783860463923,4.4148799663303535,-0.17490307901381585,2.974419667831702,1.5738421994891758
6.564,0.36015451244395225,4.35835225935958,-0.1719001569216622,3.002922092153654,1.5738421994891758
6.565,0.3644843137107067,4.301136318043431,-0.16887099308742007,3.0291638342421336,1.462233209031671
6.566,0.36875655867908524,4.243241177442375,-0.16581561375283155,3.0553793345885247,1.462233209031671
6.567,0.3729705727120915,4.184675979870122,-0.16273404513339698,3.0815686194345697,1.462233209031671
6.5680000000000005,0.3771256903680544,4.125449973450345,-0.15962631341840122,3.1077317149957686,1.462233209031671
6.569,0.38122125550572383,4.065572510656093,-0.15649244477093982,3.1338686474614064,1.462233209031671
6.57,0.3852566213878965,4.005053046832729,-0.1533348129230833,3.157631847856526,1.3448534521290694
6.571,0.3892311507835111,3.9439011387052916,-0.15015344163803204,3.181371285051251,1.3448534521290694
6.572,0.39314421606831085,3.882126442868831,-0.14694835465522327,3.205086982808781,1.3448534521290694
6.573,0.39699519932391664,3.8197387142640737,-0.1437195756903547,3.2287789648685536,1.3448534521290694
6.574,0.4007834924354349,3.756747804636519,-0.14046712843540843,3.2524472549462664,1.3448534521290694
6.575,0.4045084971874722,3.6931636609809386,-0.13719349030425598,3.2736381311524436,1.2221661730561628
6.5760000000000005,0.40816962535859236,3.6289963239707776,-0.13389868248777356,3.2948078164824146,1.2221661730561628
6.577,0.41176629881421184,3.564255926372474,-0.1305827261556465,3.3159563321270555,1.2221661730561628
6.578,0.4152979495979063,3.498952691445158,-0.12724564245639045,3.3370836992560515,1.2221661730561628
6.579,0.4187640200210686,3.4330969313267907,-0.12388745251737253,3.358189939017919,1.2221661730561628
6.58,0.42216396275100704,3.3666990454051695,-0.12051072765704457,3.37672486032796,1.0946555624529342
6.581,0.4254972408973471,3.299769518676265,-0.11711548641032787,3.3952412467166906,1.0946555624529342
6.582,0.42876332809682527,3.2323189200882956,-0.11370174729360884,3.4137391167190327,1.0946555624529342
6.583,0.4319617085964184,3.164357900872538,-0.11026952880475746,3.4322184888513725,1.0946555624529342
6.5840000000000005,0.4350918773347651,3.095897192861832,-0.10681884942314589,3.4506793816115797,1.0946555624529342
6.585,0.4381533400219321,3.0269476067956727,-0.10335236422398701,3.4664851991588757,0.9628248464453838
6.586,0.4411456132174751,2.95752003061291,-0.09987008901309839,3.4822752108886244,0.9628248464453838
6.587,0.44406822440677224,2.887625427732576,-0.09637203958049174,3.4980494326066434,0.9628248464453838
6.588,0.44692071207563006,2.8172748353228654,-0.0928582317003888,3.513807880102944,0.9628248464453838
6.589,0.44970262578318515,2.746479362557692,-0.08932868113123706,3.529550569151749,0.9628248464453838
6.59,0.45241352623300773,2.6752501888630524,-0.08578611622664162,3.5425649045954346,0.8271943006418807
6.591,0.45505298534249716,2.6035985621510265,-0.08223055000093794,3.555566225703677,0.8271943006418807
6.5920000000000005,0.4576205863104594,2.5315357970441643,-0.07866199545544714,3.568554545490811,0.8271943006418807
6.593,0.4601159236829342,2.4590732730885367,-0.07508046557848898,3.581529876958158,0.8271943006418807
6.594,0.4625386034172293,2.386222432956525,-0.07148597334539494,3.594492233094037,0.8271943006418807
6.595,0.4648882429441245,2.3129947806404636,-0.06788130962059714,3.6046637247978026,0.6882991968429668
6.596,0.467164471228306,2.2394018796353703,-0.06426648457558728,3.614825045009864,0.6882991968429668
6.597,0.4693669288269381,2.1654553511135117,-0.06064150837168557,3.6249762039017135,0.6882991968429668
6.598,0.47149526794643193,2.0911668720890417,-0.0570063911600509,3.6351172116346713,0.6882991968429668
6.599,0.4735491524973729,2.0165481735738093,-0.053361143081691,3.645248078359896,0.6882991968429668
6.6000000000000005,0.47552825814757627,1.941611038725486,-0.049708606497598104,3.6525365840929003,0.5466876905682116
6.601,0.4774322723733219,1.8663673009861939,-0.04604878869627793,3.6598178013201714,0.5466876905682116
6.602,0.47926089450868725,1.7908288422145449,-0.042381696958947716,3.6670917373302157,0.5466876905682116
6.603,0.4810138357930412,1.7150075908087643,-0.03870733855954347,3.6743583994042495,0.5466876905682116
6.604,0.4826908194166361,1.6389155198233105,-0.03502572076472726,3.6816177948162094,0.5466876905682116
6.605,0.48429158056431554,1.562564645078365,-0.03133972621455113,3.6859945501761278,0.4029186577367322
6.606,0.48581586645733604,1.485967023262224,-0.027649359285770447,3.690366928780686,0.4029186577367322
6.607,0.4872634363932884,1.409134750027147,-0.023954624350763808,3.69473493500664,0.4029186577367322
6.6080000000000005,0.48863406178409724,1.3320799580798321,-0.02025552577753744,3.699098573226368,0.4029186577367322
6.609,0.4899275261921231,1.254814815265263,-0.016552067929729564,3.703457847807876,0.4029186577367322
6.61,0.49114362536434464,1.1773515226450013,-0.01284716234998871,3.704905579740854,0.25755948903928594
6.611,0.4922821672646023,1.0997023125711098,-0.009140810486046811,3.706351863941899,0.25755948903928594
6.612,0.4933429721039342,1.021879446753822,-0.005433013784188069,3.7077967018587428,0.25755948903928594
6.613,0.4943258723689576,0.9438952143258891,-0.0017237736892503994,3.7092400949376696,0.25755948903928594
6.614,0.4952307128483256,0.8657619299017218,0.0019869083553731184,3.7106820446235176,0.25755948903928594
6.615,0.4960573506572393,0.7874919316325041,0.005696103394966141,3.7091950395930224,0.11118385070642844
6.6160000000000005,0.49680565526000414,0.7090975792584742,0.009403812916533699,3.707709521567558,0.11118385070642844
6.617,0.4974755084906496,0.6305912521565595,0.013110038405593818,3.706225489060119,0.11118385070642844
6.618,0.4980668045715861,0.5519853473857949,0.016814781346179006,3.7047429405851875,0.11118385070642844
6.619,0.4985794501303066,0.4732922777299497,0.020518043220837737,3.7032618746587307,0.11118385070642844
6.62,0.4990133642141356,0.39452446973678396,0.02421688922203201,3.6988460011942723,-0.03563057948998827
6.621,0.4993684783030088,0.31569436175637383,0.027911323765635286,3.694434543603278,-0.03563057948998827
6.622,0.4996447363202945,0.2368144019766865,0.03160135126310516,3.6900274974698752,-0.03563057948998827
6.623,0.49984209464164997,0.1578970464575981,0.03528697612148777,3.6856248583826057,-0.03563057948998827
6.6240000000000006,0.4999605221019081,0.07895475716447346,0.03896820274342219,3.681226621934423,-0.03563057948998827
6.625,0.5,9.22973015982335e-15,0.04264210205089334,3.6738993074711455,-0.18230439206716853
6.626,0.49996052210190806,-0.07895475716454428,0.046308681371215674,3.666579320322331,-0.18230439206716853
6.627,0.49984209464165,-0.15789704645757968,0.04996794802437634,3.6592666531606652,-0.18230439206716853
6.628,0.49964473632029455,-0.236814401976668,0.0536199093230425,3.651961298666161,-0.18230439206716853
6.6290000000000004,0.49936847830300884,-0.3156943617563554,0.05726457257256865,3.6446632495261517,-0.18230439206716853
6.63,0.4990133642141357,-0.39452446973676547,0.06089902598419536,3.6344534116267107,-0.328258732495741
6.631,0.4985794501303072,-0.4732922777298423,0.06452327976776052,3.624253783565169,-0.328258732495741
6.632000000000001,0.49806680457158625,-0.5519853473857764,0.06813734412289221,3.6140643551316893,-0.328258732495741
6.633,0.4974755084906505,-0.6305912521564524,0.07174122923901885,3.603885116126643,-0.328258732495741
6.634,0.4968056552600043,-0.7090975792584558,0.07533494529537946,3.5937160563606017,-0.328258732495741
6.635,0.4960573506572395,-0.7874919316324858,0.07891560928397022,3.5806639885907567,-0.47291758567420605
6.636,0.4952307128483258,-0.8657619299017036,0.0824832342568589,3.567624972888682,-0.47291758567420605
6.6370000000000005,0.49432587236895675,-0.943895214325959,0.0860378332530612,3.554598996202309,-0.47291758567420605
6.638,0.4933429721039344,-1.0218794467538037,0.08957941929855383,3.5415860454926227,-0.47291758567420605
6.639,0.49228216726460255,-1.0997023125710919,0.09310800540628747,3.528586107733646,-0.47291758567420605
6.640000000000001,0.4911436253643436,-1.177351522645071,0.09662074872692943,3.5127433206419623,-0.6157100491975027
6.641,0.48992752619212343,-1.2548148152652452,0.10011766510326679,3.4969163763373703,-0.6157100491975027
6.642,0.488634061784096,-1.3320799580799014,0.10359877036224388,3.481105258977083,-0.6157100491975027
6.643,0.48726343639328873,-1.409134750027129,0.10706408031497804,3.4653099527341555,-0.6157100491975027
6.644,0.4858158664573364,-1.4859670232622062,0.1105136107567755,3.4495304417974713,-0.6157100491975027
6.6450000000000005,0.4842915805643159,-1.5625646450783472,0.11394457021640222,3.4309594596267203,-0.7560725864476647
6.646,0.48269081941663833,-1.6389155198232066,0.11735697726484036,3.41240704843814,-0.7560725864476647
6.647,0.4810138357930436,-1.7150075908086608,0.12075085045450111,3.3938731896607486,-0.7560725864476647
6.648000000000001,0.4792608945086877,-1.7908288422145275,0.12412620831924324,3.3753578647421345,-0.7560725864476647
6.649,0.47743227237332236,-1.866367300986176,0.1274830693743917,3.356861055148439,-0.7560725864476647
6.65,0.47552825814757677,-1.9416110387254684,0.13081870454347266,3.3356351690809745,-0.893451250615802
6.651,0.47354915249737334,-2.016548173573792,0.13413313505237223,3.3144305088995774,-0.893451250615802
6.652,0.47149526794643243,-2.0911668720890244,0.1374263821057506,3.2932470533783618,-0.893451250615802
6.6530000000000005,0.46936692882693615,-2.1654553511135783,0.14069846688706325,3.2720847813126674,-0.893451250615802
6.654,0.4671644712283065,-2.239401879635353,0.1439494105585823,3.250943671519039,-0.893451250615802
6.655,0.46488824294412506,-2.3129947806404463,0.14717655720901227,3.227146650429985,-1.02730387087676
6.656000000000001,0.46253860341722713,-2.38622243295659,0.15037993063537428,3.2033734263620195,-1.02730387087676
6.657,0.4601159236829348,-2.45907327308852,0.1535595546108924,3.179623975518122,-1.02730387087676
6.658,0.4576205863104571,-2.531535797044229,0.15671545288501748,3.155898274125069,-1.02730387087676
6.659,0.4550529853424978,-2.6035985621510096,0.1598476491834509,3.1321962984334086,-1.02730387087676
6.66,0.45241352623301134,-2.6752501888629547,0.1629535712417441,3.1059220582931792,-1.1571021920897882
6.6610000000000005,0.44970262578318576,-2.7464793625576753,0.16603324533413719,3.0796740923930903,-1.1571021920897882
6.662,0.44692071207563394,-2.817274835322769,0.16908669770859608,3.0534523744589013,-1.1571021920897882
6.663,0.4440682244067729,-2.887625427732559,0.17211395458683873,3.0272568782426466,-1.1571021920897882
6.664,0.44114561321747914,-2.957520030612815,0.17511504216436133,3.001087577522608,-1.1571021920897882
6.665,0.43815334002193285,-3.026947606795656,0.17808748197511481,2.9724398107534786,-1.2823339595803362
6.666,0.43509187733476234,-3.095897192861894,0.18103130266686593,2.9438206917511183,-1.2823339595803362
6.667,0.43196170859641914,-3.1643579008725222,0.1839465328587337,2.9152301918677606,-1.2823339595803362
6.668,0.42876332809682605,-3.2323189200882805,0.18683320114121799,2.886668282484286,-1.2823339595803362
6.6690000000000005,0.42549724089734414,-3.2997695186763254,0.18969133607622818,2.8581349350101948,-1.2823339595803362
6.67,0.4221639627510078,-3.366699045405154,0.19251856277748786,2.8272267012596837,-1.4025049407750454
6.671,0.41876402002106944,-3.433096931326775,0.19531491215323077,2.796349375742923,-1.4025049407750454
6.672,0.41529794959790706,-3.4989526914451425,0.19808041508078245,2.765502927551679,-1.4025049407750454
6.673,0.4117662988142127,-3.5642559263724594,0.20081510240659106,2.7346873258086264,-1.4025049407750454
6.674,0.4081696253585932,-3.6289963239707625,0.20351900494625838,2.703902539667317,-1.4025049407750454
6.675,0.4045084971874773,-3.693163660980851,0.20618986076587179,2.670855819613409,-1.5171408757120126
6.676,0.40078349243544004,-3.7567478046364324,0.20882770291215133,2.6378421462795556,-1.5171408757120126
6.6770000000000005,0.3969951993239175,-3.819738714264059,0.21143256439877037,2.604861486619036,-1.5171408757120126
6.678,0.39314421606831174,-3.8821264428688163,0.21400447820638854,2.5719138076181767,-1.5171408757120126
6.679,0.38923115078351206,-3.9439011387052774,0.21654347728268486,2.538999076296318,-1.5171408757120126
6.68,0.38525662138789746,-4.005053046832716,0.2190474215729303,2.5039442902454563,-1.625789348728285
6.681,0.3812212555057248,-4.065572510656079,0.22151634613191096,2.4689245589806452,-1.625789348728285
6.682,0.3771256903680507,-4.125449973450397,0.22395028597935807,2.433939847447099,-1.625789348728285
6.683,0.3729705727120925,-4.184675979870108,0.22634927609998315,2.398990120625086,-1.625789348728285
6.684,0.36875655867908624,-4.2432411774423615,0.22871335144351304,2.364075343529895,-1.625789348728285
6.6850000000000005,0.3644843137107029,-4.301136318043484,0.23104050228022066,2.327150836707612,-1.7280215739376337
6.686,0.36015451244395325,-4.358352259359567,0.23333076553461282,2.2902632543921517,-1.7280215739376337
6.687,0.35576783860464023,-4.41487996633034,0.23558417809427182,2.253412559659007,-1.7280215739376337
6.688,0.351324984899425,-4.470710512575454,0.23780077680989242,2.2165987156205955,-1.7280215739376337
6.689,0.3468266529064057,-4.525835081804512,0.23998059849531864,2.1798216854262225,-1.7280215739376337
6.69,0.34227355296434525,-4.580244969209072,0.2421217716773104,2.1411731819917454,-1.8234340874525345
6.691,0.33766640406051607,-4.6339315828370475,0.2442243350043711,2.102563327060703,-1.8234340874525345
6.692,0.33300593371712733,-4.686886444949915,0.2462883270863557,2.0639920819845914,-1.8234340874525345
6.6930000000000005,0.3282928778764774,-4.739101193361012,0.24831378649450925,2.025459408153556,-1.8234340874525345
6.694,0.32352798078472433,-4.790567582756216,0.2503007517615056,1.9869652669963518,-1.8234340874525345
6.695,0.3187119948743446,-4.841277485996138,0.25224749705644156,1.946745294935914,-1.911650339672069
6.696,0.31384568064535306,-4.891222895399097,0.2541540625992891,1.9065655428475368,-1.911650339672069
6.697,0.30892980654516755,-4.940395924006074,0.2560204885698003,1.8664259705112478,-1.911650339672069
6.698,0.3039651488473006,-4.988788806825762,0.2578468151075476,1.8263265377472953,-1.911650339672069
6.699,0.29895249152876047,-5.036393902060924,0.2596330823119637,1.7862672044161065,-1.911650339672069
6.7,0.293892626146235,-5.083203692315274,0.2613777168055484,1.744634493584673,-1.9923221813508716
6.7010000000000005,0.28878635171112965,-5.12921078578024,0.26308076022101246,1.7030434154640708,-1.9923221813508716
6.702,0.2836344745633773,-5.174407917402381,0.26474225414943403,1.6614939284215893,-1.9923221813508716
6.703,0.27843780824409636,-5.218787950030727,0.2663622401403002,1.6199859908661502,-1.9923221813508716
6.704,0.2731971733671402,-5.262343875543655,0.26794075970154846,1.5785195612482668,-1.9923221813508716
6.705,0.2679133974895013,-5.305068815955657,0.2694763981184838,1.535638416935313,-2.0651312375852715
6.706,0.26258731498064825,-5.346956024503311,0.27096919827225047,1.4928001537666722,-2.0651312375852715
6.707,0.257219766890757,-5.387998886710768,0.27241920300111166,1.4500047288612001,-2.0651312375852715
6.708,0.25181160081788145,-5.428190921434395,0.2738264551004923,1.4072520993806334,-2.0651312375852715
6.7090000000000005,0.2463636707741441,-5.467525781885941,0.2751909973230219,1.3645422225295474,-2.0651312375852715
6.71,0.24087683705085938,-5.505997256634915,0.27651157920004305,1.3205818770211446,-2.129790164293664
6.711,0.23535196608266526,-5.543599270589563,0.2777882446919013,1.2766654918582503,-2.129790164293664
6.712,0.2297899303107464,-5.580325885955901,0.27902103771498177,1.2327930230805189,-2.129790164293664
6.713,0.22419160804501578,-5.616171303175699,0.28021000214175334,1.188964426771565,-2.129790164293664
6.714,0.21855788332546328,-5.651129861842001,0.28135518180081226,1.1451796590589203,-2.129790164293664
6.715,0.2128896457825367,-5.685196041593104,0.2824554954045675,1.1003136037552181,-2.1860437822321583
6.716,0.20718779049663955,-5.718364462984394,0.2835109878190743,1.0554924145068199,-2.1860437822321583
6.7170000000000005,0.2014532178568324,-5.750629888337559,0.28452170386552195,1.0107160464476699,-2.1860437822321583
6.718,0.19568683341860593,-5.781987222567938,0.28548768832027854,0.965984454756579,-2.1860437822321583
6.719,0.18988954776090236,-5.812431513988988,0.28640898591493574,0.9212975946571793,-2.1860437822321583
6.72,0.18406227634234448,-5.841957955094101,0.2872846888103169,0.8757028953811108,-2.2336700840705666
6.721,0.17820593935662793,-5.870561883316014,0.2881148426011212,0.8301537908043184,-2.2336700840705666
6.722,0.17232146158725814,-5.898238781762837,0.2888994928364533,0.7846502353321028,-2.2336700840705666
6.723,0.16640977226149664,-5.924984279931436,0.2896386850198686,0.7391921834153593,-2.2336700840705666
6.724,0.1604718049036051,-5.950794154397666,0.29033246460941914,0.6937795895505326,-2.2336700840705666
6.7250000000000005,0.15450849718747106,-5.975664329483123,0.290980100797169,0.6476361877499023,-2.272481110553993
6.726,0.14852079078851854,-5.999590877898827,0.29158163972652007,0.6015389293510726,-2.272481110553993
6.727,0.14250963123498614,-6.022570021365475,0.2921371274947307,0.5554877682106416,-2.272481110553993
6.728,0.13647596775866447,-6.044598131209876,0.29264661015296206,0.5094826582313511,-2.272481110553993
6.729,0.13042075314494728,-6.06567172893818,0.2931101337063241,0.4635235533620399,-2.272481110553993
6.73,0.12434494358242314,-6.085787486784986,0.29352714726228696,0.4170135559628396,-2.30232369229191
6.731,0.11824949851186191,-6.1049422282389205,0.293897697330848,0.37055006856103856,-2.30232369229191
6.732,0.112135380474694,-6.1231329285442815,0.2942218303754946,0.32413304464663933,-2.30232369229191
6.7330000000000005,0.10600355496102765,-6.140356715178637,0.2944995928132508,0.2777624377561545,-2.30232369229191
6.734,0.0998549902572077,-6.156610868306373,0.2947310310147233,0.23143820147256017,-2.30232369229191
6.735,0.09369065729286341,-6.171892821208324,0.29491577617690945,0.1847451621861279,-2.323080054247985
6.736,0.087511529487643,-6.186200160686939,0.2950538749928484,0.1380988159389821,-2.323080054247985
6.737,0.08131858259744368,-6.19953062744749,0.29514537410888647,0.09149911603808342,-2.323080054247985
6.738,0.07511279456037728,-6.211882116454727,0.29519032012472357,0.04494601583708564,-2.323080054247985
6.739,0.06889514534232169,-6.22325267726534,0.29518875959345986,-0.0015605312637111401,-2.323080054247985
6.74,0.06266661678215164,-6.233640514335992,0.29514050725711655,-0.04825233634333343,-2.3346682805443004
6.7410000000000005,0.056428192436737225,-6.243043987306776,0.29504560980749867,-0.0948974496178761,-2.3346682805443004
6.742,0.050180857425607746,-6.251461611260291,0.29490411388971954,-0.14149591777914422,-2.3346682805443004
6.743,0.04392559827536874,-6.258892056956157,0.29471606610224726,-0.1880477874722511,-2.3346682805443004
6.744,0.03766340276396744,-6.265334151040843,0.2944815129969516,-0.23455310529566487,-2.3346682805443004
6.745,0.03139525976465461,-6.2707868762330286,0.2942004535920063,-0.28105940494528525,-2.337042637745803
6.746,0.02512215908988664,-6.275249371484184,0.29387293439371104,-0.327519198295256,-2.337042637745803
6.747,0.018845091334973075,-6.2787209321145845,0.2934990018618592,-0.3739325318518768,-2.337042637745803
6.748,0.012565047721671387,-6.281201009924565,0.29307870240978423,-0.420299452074941,-2.337042637745803
6.7490000000000006,0.00628301994167579,-6.2826892132810865,0.29261208240440645,-0.46662000537778214,-2.337042637745803
6.75,3.4296300182491773e-15,-6.283185307179586,0.29209932514392706,-0.5127572604793913,-2.330193755349347
6.751,-0.006283019941676036,-6.2826892132810865,0.2915404767656012,-0.5588483783258988,-2.330193755349347
6.752,-0.01256504772166453,-6.281201009924568,0.29093558336054665,-0.6048934050545599,-2.330193755349347
6.753,-0.01884509133496622,-6.278720932114588,0.29028469097379017,-0.6508923867564923,-2.330193755349347
6.7540000000000004,-0.025122159089886888,-6.2752493714841835,0.28958784560431344,-0.6968453694767227,-2.330193755349347
6.755,-0.03139525976465486,-6.2707868762330286,0.2888454141069509,-0.7424314973625425,-2.3141486627648282
6.756,-0.037663402763967686,-6.265334151040842,0.28805744206783046,-0.7879720391204765,-2.3141486627648282
6.757000000000001,-0.04392559827537606,-6.2588920569561495,0.2872239750274938,-0.8334670403366526,-2.3141486627648282
6.758,-0.05018085742560799,-6.251461611260291,0.2863450584809422,-0.8789165465516126,-2.3141486627648282
6.759,-0.05642819243674453,-6.243043987306765,0.28542073787768185,-0.9243206032603575,-2.3141486627648282
6.76,-0.0626666167821519,-6.233640514335991,0.2844515621813719,-0.9691756963099443,-2.2889706826423577
6.761,-0.06889514534231489,-6.223252677265352,0.2834375762471054,-1.0139859342664814,-2.2889706826423577
6.7620000000000005,-0.07511279456037752,-6.211882116454726,0.28237882488512034,-1.0587513619850621,-2.2889706826423577
6.763,-0.0813185825974369,-6.199530627447504,0.28127535286084443,-1.1034720242759242,-2.2889706826423577
6.764,-0.08751152948763626,-6.186200160686954,0.2801272048949399,-1.1481479659044953,-2.2889706826423577
6.765000000000001,-0.09369065729286366,-6.171892821208324,0.278935109893382,-1.192095001557926,-2.2547591809667553
6.766,-0.09985499025720097,-6.15661086830639,0.2776991118032063,-1.235998090175703,-2.2547591809667553
6.767,-0.10600355496102788,-6.140356715178636,0.27641925452750143,-1.2798572757048625,-2.2547591809667553
6.768,-0.11213538047468731,-6.123132928544301,0.2750955819254529,-1.3236726020484928,-2.2547591809667553
6.769,-0.11824949851186214,-6.10494222823892,0.27372813781238714,-1.3674441130657795,-2.2547591809667553
6.7700000000000005,-0.12434494358243026,-6.085787486784963,0.2723178281599363,-1.4103096524508216,-2.2116491749053897
6.771,-0.13042075314494753,-6.06567172893818,0.27086469583363987,-1.4531323262964786,-2.2116491749053897
6.772,-0.13647596775866472,-6.0445981312098755,0.26936878365617156,-1.49591217746829,-2.2116491749053897
6.773000000000001,-0.1425096312349932,-6.022570021365448,0.2678301344073826,-1.5386492487889294,-2.2116491749053897
6.774,-0.1485207907885188,-5.999590877898827,0.2662487908243444,-1.5813435830382483,-2.2116491749053897
6.775,-0.15450849718747128,-5.975664329483122,0.26462583236889003,-1.622958455454352,-2.1598107999570932
6.776,-0.16047180490360533,-5.9507941543976655,0.262961300655892,-1.6645317129980395,-2.1598107999570932
6.777,-0.16640977226149017,-5.924984279931465,0.26125523725860783,-1.7060633972841832,-2.1598107999570932
6.7780000000000005,-0.17232146158725836,-5.898238781762835,0.2595076837087218,-1.7475535498860408,-2.1598107999570932
6.779,-0.17820593935662152,-5.870561883316045,0.2577186814963865,-1.7890022123352967,-2.1598107999570932
6.78,-0.1840622763423381,-5.841957955094133,0.25588947931349343,-1.8292021828930634,-2.0994486385051
6.781000000000001,-0.1898895477609026,-5.8124315139889875,0.2540201173600132,-1.8693619534802723,-2.0994486385051
6.782,-0.1956868334185996,-5.781987222567973,0.2521106357957163,-1.909481564296894,-2.0994486385051
6.783,-0.20145321785683265,-5.750629888337557,0.2501610747402136,-1.9495610555026992,-2.0994486385051
6.784,-0.20718779049663977,-5.718364462984393,0.2481714742729963,-1.9896004672172984,-2.0994486385051
6.785,-0.2128896457825369,-5.6851960415931035,0.24614324738799773,-2.028226884998557,-2.030800912423808
6.7860000000000005,-0.21855788332546988,-5.651129861841961,0.2440764327116357,-2.0668146763620348,-2.030800912423808
6.787,-0.224191608045016,-5.6161713031756975,0.24197106883170155,-2.1053638799341488,-2.030800912423808
6.788,-0.22978993031074663,-5.5803258859559,0.23982719429739885,-2.143874534302691,-2.030800912423808
6.789,-0.23535196608266548,-5.543599270589562,0.23764484761938198,-2.1823466780168643,-2.030800912423808
6.79,-0.2408768370508534,-5.505997256634956,0.2354256005171846,-2.2192471021973654,-1.9541385429258982
6.791,-0.2463636707741443,-5.46752578188594,0.23316948989123093,-2.256110625953686,-1.9541385429258982
6.792,-0.25181160081787557,-5.428190921434439,0.2308765526050447,-2.29293728618625,-1.9541385429258982
6.793,-0.2572197668907511,-5.387998886710812,0.2285468254852861,-2.329727119758582,-1.9541385429258982
6.7940000000000005,-0.2625873149806484,-5.346956024503309,0.22618034532178877,-2.366480163497341,-1.9541385429258982
6.795,-0.26791339748949555,-5.305068815955703,0.22377883635682772,-2.4015089649610455,-1.8697640813600773
6.796,-0.27319717336713445,-5.262343875543702,0.22134233361920444,-2.436502737623286,-1.8697640813600773
6.797,-0.27843780824409065,-5.218787950030775,0.21887087210269157,-2.471461516512864,-1.8697640813600773
6.798,-0.28363447456337754,-5.174407917402379,0.216364486766068,-2.506385336623553,-1.8697640813600773
6.799,-0.28878635171113565,-5.129210785780186,0.21382321253315387,-2.5412742329141307,-1.8697640813600773
6.8,-0.29389262614623524,-5.083203692315272,0.21124891936416906,-2.574293168984799,-1.7780105151791203
6.801,-0.29895249152876063,-5.036393902060922,0.20864164027804966,-2.6072790861193966,-1.7780105151791203
6.8020000000000005,-0.3039651488473064,-4.988788806825705,0.2060014082607128,-2.6402320173368596,-1.7780105151791203
6.803,-0.3089298065451677,-4.940395924006071,0.2033282562650897,-2.673151995623105,-1.7780105151791203
6.804,-0.31384568064534774,-4.891222895399151,0.20062221721115864,-2.7060390539310646,-1.7780105151791203
6.805,-0.3187119948743448,-4.841277485996137,0.1978852993972057,-2.736917813952944,-1.6792399537905287
6.806,-0.3235279807847191,-4.790567582756272,0.1951175337019909,-2.767765695214802,-1.6792399537905287
6.807,-0.3282928778764776,-4.7391011933610105,0.1923189509733955,-2.798582728595398,-1.6792399537905287
6.808,-0.3330059337171222,-4.686886444949972,0.18948958202845287,-2.829368944942613,-1.6792399537905287
6.809,-0.337666404060511,-4.633931582837105,0.18662945765337938,-2.860124375073481,-1.6792399537905287
6.8100000000000005,-0.3422735529643455,-4.58024496920907,0.18374071655869145,-2.88874109468793,-1.5738421994761262
6.811,-0.34682665290640075,-4.525835081804573,0.1808233873611087,-2.9173291975827644,-1.5738421994761262
6.812,-0.3513249848994251,-4.470710512575452,0.177877498648734,-2.945888712374704,-1.5738421994761262
6.813,-0.35576783860464045,-4.4148799663303375,0.17490307898108215,-2.974419667651852,-1.5738421994761262
6.814,-0.3601545124439534,-4.358352259359565,0.17190015688910842,-3.0029220919737227,-1.5738421994761262
6.815,-0.3644843137107079,-4.301136318043415,0.16887099305504627,-3.02916383406216,-1.4622332090205403
6.816,-0.3687565586790864,-4.24324117744236,0.16581561372063777,-3.0553793344085083,-1.4622332090205403
6.817,-0.3729705727120926,-4.184675979870106,0.16273404510138326,-3.0815686192545106,-1.4622332090205403
6.8180000000000005,-0.3771256903680508,-4.1254499734503955,0.1596263133865676,-3.107731714815667,-1.4622332090205403
6.819,-0.38122125550572494,-4.065572510656076,0.15649244473928633,-3.133868647281262,-1.4622332090205403
6.82,-0.3852566213878931,-4.005053046832781,0.15333481289160997,-3.157631847676377,-1.3448534521198146
6.821,-0.38923115078350773,-3.9439011387053444,0.15015344160673888,-3.181371284871097,-1.3448534521198146
6.822,-0.39314421606830746,-3.8821264428688838,0.14694835462411027,-3.205086982628622,-1.3448534521198146
6.823,-0.3969951993239177,-3.8197387142640564,0.14371957565942187,-3.2287789646883898,-1.3448534521198146
6.824,-0.40078349243543593,-3.7567478046365013,0.14046712840465578,-3.2524472547660976,-1.3448534521198146
6.825,-0.4045084971874733,-3.6931636609809213,0.13719349027368347,-3.2736381309723055,-1.2221661730487052
6.8260000000000005,-0.40816962535859336,-3.6289963239707603,0.13389868245738115,-3.294807816302307,-1.2221661730487052
6.827,-0.41176629881421284,-3.5642559263724567,0.13058272612543417,-3.315956331946979,-1.2221661730487052
6.828,-0.4152979495979072,-3.4989526914451408,0.12724564242635816,-3.337083699076006,-1.2221661730487052
6.829,-0.41876402002106955,-3.4330969313267725,0.12388745248752026,-3.358189938837904,-1.2221661730487052
6.83,-0.422163962751008,-3.3666990454051513,0.12051072762737225,-3.376724860148011,-1.0946555624472307
6.831,-0.42549724089734803,-3.299769518676247,0.11711548638083544,-3.3952412465368074,-1.0946555624472307
6.832,-0.42876332809682616,-3.2323189200882774,0.11370174726429622,-3.4137391165392152,-1.0946555624472307
6.833,-0.4319617085964157,-3.164357900872597,0.1102695287756246,-3.4322184886716207,-1.0946555624472307
6.8340000000000005,-0.43509187733476246,-3.0958971928618912,0.1068188493941927,-3.4506793814318937,-1.0946555624472307
6.835,-0.4381533400219295,-3.0269476067957317,0.1033523641952134,-3.4664851989792895,-0.9628248464413959
6.836,-0.4411456132174759,-2.957520030612891,0.09987008898450427,-3.482275210709138,-0.9628248464413959
6.837,-0.44406822440676974,-2.887625427732636,0.096372039552077,-3.498049432427257,-0.9628248464413959
6.838,-0.44692071207563083,-2.8172748353228463,0.09285823167215335,-3.513807879923658,-0.9628248464413959
6.839,-0.44970262578318587,-2.7464793625576727,0.08932868110318079,-3.529550568972562,-0.9628248464413959
6.84,-0.45241352623300846,-2.675250188863033,0.08578611619876442,-3.5425649044163796,-0.8271943006395199
6.841,-0.4550529853424979,-2.603598562151007,0.08223054997323967,-3.5555662255247538,-0.8271943006395199
6.8420000000000005,-0.4576205863104601,-2.5315357970441448,0.07866199542792765,-3.5685545453120193,-0.8271943006395199
6.843,-0.4601159236829349,-2.459073273088517,0.07508046555114815,-3.5815298767794976,-0.8271943006395199
6.844,-0.46253860341722997,-2.386222432956505,0.07148597331823264,-3.5944922329155085,-0.8271943006395199
6.845,-0.4648882429441252,-2.3129947806404436,0.0678813095936132,-3.604663724619437,-0.6882991968421962
6.846,-0.4671644712283066,-2.23940187963535,0.06426648454878153,-3.6148250448316612,-0.6882991968421962
6.847,-0.46936692882693626,-2.1654553511135752,0.06064150834505786,-3.6249762037236737,-0.6882991968421962
6.848,-0.47149526794643254,-2.0911668720890213,0.057006391133601064,-3.635117211456794,-0.6882991968421962
6.849,-0.4735491524973712,-2.0165481735738733,0.053361143055418885,-3.645248078182181,-0.6882991968421962
6.8500000000000005,-0.4755282581475768,-1.9416110387254653,0.049708606471503505,-3.6525365839153787,-0.5466876905689766
6.851,-0.4774322723733203,-1.8663673009862582,0.04604878867036066,-3.659817801142843,-0.5466876905689766
6.852,-0.47926089450868775,-1.7908288422145244,0.042381696933207584,-3.6670917371530796,-0.5466876905689766
6.853,-0.4810138357930417,-1.7150075908087439,0.03870733853398028,-3.674358399227306,-0.5466876905689766
6.854,-0.48269081941663655,-1.6389155198232899,0.03502572073934082,-3.6816177946394584,-0.5466876905689766
6.855,-0.484291580564316,-1.5625646450783441,0.03133972618934122,-3.6859945499995983,-0.4029186577389794
6.856,-0.48581586645733643,-1.485967023262203,0.027649359260736844,-3.6903669286043783,-0.4029186577389794
6.857,-0.4872634363932888,-1.4091347500271258,0.02395462432590629,-3.6947349348305534,-0.4029186577389794
6.8580000000000005,-0.4886340617840976,-1.3320799580798113,0.020255525752855788,-3.6990985730505024,-0.4029186577389794
6.859,-0.4899275261921235,-1.2548148152652419,0.016552067905223556,-3.7034578476322313,-0.4029186577389794
6.86,-0.49114362536434497,-1.1773515226449802,0.012847162325658096,-3.7049055795654584,-0.2575594890429619
6.861,-0.49228216726460255,-1.0997023125710887,0.009140810461891344,-3.706351863766752,-0.2575594890429619
6.862,-0.4933429721039333,-1.0218794467538888,0.0054330137602075,-3.7077967016838445,-0.2575594890429619
6.863,-0.4943258723689568,-0.943895214325956,0.00172377366544448,-3.70924009476302,-0.2575594890429619
6.864,-0.49523071284832487,-0.865761929901789,-0.001986908379004636,-3.710682044449116,-0.2575594890429619
6.865,-0.49605735065723866,-0.7874919316325715,-0.005696103418423533,-3.7091950394188973,-0.11118385071150472
6.8660000000000005,-0.4968056552600043,-0.7090975792584528,-0.009403812939817242,-3.7077095213937086,-0.11118385071150472
6.867,-0.49747550849064975,-0.6305912521565381,-0.013110038428703787,-3.706225488886545,-0.11118385071150472
6.868,-0.49806680457158625,-0.5519853473857734,-0.016814781369115676,-3.7047429404118883,-0.11118385071150472
6.869,-0.4985794501303067,-0.47329227772992827,-0.020518043243601382,-3.7032618744857064,-0.11118385071150472
6.87,-0.4990133642141357,-0.3945244697367624,-0.02421688924462293,-3.6988460010215483,0.03563057948361448
6.871,-0.4993684783030089,-0.31569436175635235,-0.027911323788053787,-3.6944345434308543,0.03563057948361448
6.872,-0.49964473632029455,-0.23681440197666495,-0.03160135128535154,-3.690027497297751,0.03563057948361448
6.873,-0.49984209464165,-0.15789704645757657,-0.03528697614356232,-3.685624858210781,0.03563057948361448
6.8740000000000006,-0.4999605221019081,-0.07895475716445191,-0.03896820276532522,-3.6812266217628977,0.03563057948361448
6.875,-0.5,1.2323159949943176e-14,-0.042642102072625164,-3.673899307299944,0.1823043920595233
6.876,-0.4999605221019081,0.07895475716447656,-0.04630868139277662,-3.666579320151454,0.1823043920595233
6.877,-0.49984209464164997,0.1578970464576012,-0.049967948045766736,-3.659266652990112,0.1823043920595233
6.878,-0.49964473632029477,0.23681440197660034,-0.05361990934426267,-3.651961298495931,0.1823043920595233
6.8790000000000004,-0.4993684783030088,0.31569436175637694,-0.05726457259361891,-3.6446632493562445,0.1823043920595233
6.88,-0.49901336421413606,0.3945244697366979,-0.06089902600507606,-3.634453411457151,0.32825873248684845
6.881,-0.4985794501303071,0.4732922777298638,-0.06452327978847201,-3.624253783395957,0.32825873248684845
6.882000000000001,-0.4980668045715861,0.551985347385798,-0.06813734414343484,-3.614064354962824,0.32825873248684845
6.883,-0.4974755084906503,0.6305912521564738,-0.07174122925939296,-3.603885115958124,0.32825873248684845
6.884,-0.4968056552600041,0.7090975792584774,-0.07533494531558538,-3.593716056192429,0.32825873248684845
6.885,-0.49605735065723927,0.7874919316325073,-0.07891560930400833,-3.580663988422953,0.4729175856641731
6.886,-0.4952307128483256,0.865761929901725,-0.08248323427672957,-3.5676249727212466,0.4729175856641731
6.8870000000000005,-0.4943258723689565,0.9438952143259803,-0.08603783327276482,-3.5545989960352418,0.4729175856641731
6.888,-0.49334297210393413,1.021879446753825,-0.08957941931809074,-3.541586045325923,0.4729175856641731
6.889,-0.4922821672646022,1.099702312571113,-0.09310800542565806,-3.528586107567314,0.4729175856641731
6.890000000000001,-0.4911436253643446,1.1773515226450044,-0.09662074874613408,-3.5127433204760203,0.6157100491863223
6.891,-0.48992752619212304,1.2548148152652663,-0.1001176651223059,-3.496916376171818,0.6157100491863223
6.892,-0.4886340617840972,1.3320799580798353,-0.10359877038111781,-3.48110525881192,0.6157100491863223
6.893,-0.48726343639328995,1.409134750027063,-0.1070640803336872,-3.4653099525693816,0.6157100491863223
6.894,-0.48581586645733765,1.4859670232621403,-0.11051361077532028,-3.449530441633086,0.6157100491863223
6.8950000000000005,-0.4842915805643155,1.562564645078368,-0.11394457023478302,-3.430959459462744,0.7560725864354457
6.896,-0.4826908194166379,1.6389155198232275,-0.11735697728305759,-3.4124070482745723,0.7560725864354457
6.897,-0.4810138357930431,1.7150075908086815,-0.12075085047255518,-3.393873189497589,0.7560725864354457
6.898000000000001,-0.4792608945086872,1.790828842214548,-0.12412620833713456,-3.3753578645793825,0.7560725864354457
6.899,-0.47743227237332186,1.8663673009861965,-0.12748306939212065,-3.356861054986094,0.7560725864354457
6.9,-0.4755282581475762,1.9416110387254886,-0.1308187045610397,-3.335635168919057,0.8934512506025638
6.901,-0.47354915249737284,2.016548173573812,-0.13413313506977778,-3.3144305087380865,0.8934512506025638
6.902,-0.4714952679464319,2.0911668720890444,-0.13742638212299507,-3.2932470532172973,0.8934512506025638
6.9030000000000005,-0.4693669288269356,2.1654553511135988,-0.1406984669041471,-3.272084781152029,0.8934512506025638
6.904,-0.4671644712283059,2.239401879635373,-0.14394941057550595,-3.2509436713588253,0.8934512506025638
6.905,-0.46488824294412706,2.3129947806403837,-0.14717655722577616,-3.227146650270216,1.0273038708625204
6.906000000000001,-0.4625386034172292,2.3862224329565276,-0.15037993065197885,-3.2033734262026954,1.0273038708625204
6.907,-0.4601159236829369,2.4590732730884577,-0.15355955462733809,-3.179623975359242,1.0273038708625204
6.908,-0.4576205863104593,2.5315357970441674,-0.15671545290130473,-3.1558982739666326,1.0273038708625204
6.909,-0.4550529853425,2.603598562150948,-0.15984764919958014,-3.1321962982754155,1.0273038708625204
6.91,-0.4524135262330106,2.6752501888629743,-0.16295357125771578,-3.105922058135647,1.1571021920746558
6.9110000000000005,-0.44970262578318504,2.746479362557695,-0.1660332453499518,-3.079674092236018,1.1571021920746558
6.912,-0.44692071207563316,2.817274835322788,-0.1690866977242541,-3.053452374302289,1.1571021920746558
6.913,-0.4440682244067721,2.887625427732578,-0.1721139546023406,-3.0272568780864937,1.1571021920746558
6.914,-0.44114561321747836,2.957520030612834,-0.17511504217970753,-3.001087577366914,1.1571021920746558
6.915,-0.438153340021932,3.0269476067956753,-0.17808748199030577,-2.9724398105982606,1.2823339595643275
6.916,-0.4350918773347615,3.095897192861913,-0.18103130268190215,-2.943820691596376,1.2823339595643275
6.917,-0.4319617085964183,3.1643579008725413,-0.18394653287361565,-2.915230191713493,1.2823339595643275
6.918,-0.42876332809682516,3.2323189200882987,-0.18683320115594615,-2.886668282330493,1.2823339595643275
6.9190000000000005,-0.425497240897347,3.2997695186762677,-0.18969133609080302,-2.858134934856876,1.2823339595643275
6.92,-0.4221639627510069,3.366699045405172,-0.19251856279190988,-2.8272267011068553,1.4025049407582064
6.921,-0.4187640200210724,3.433096931326718,-0.19531491216750047,-2.796349375590584,1.4025049407582064
6.922,-0.41529794959791005,3.498952691445087,-0.1980804150949003,-2.7655029273998295,1.4025049407582064
6.923,-0.4117662988142157,3.564255926372404,-0.20081510242055756,-2.7346873256572657,1.4025049407582064
6.924,-0.40816962535859225,3.62899632397078,-0.203519004960074,-2.703902539516444,1.4025049407582064
6.925,-0.4045084971874763,3.693163660980869,-0.20618986077953705,-2.67085581946304,1.5171408756943894
6.926,-0.400783492435439,3.7567478046364498,-0.20882770292566674,-2.6378421461296893,1.5171408756943894
6.9270000000000005,-0.39699519932391647,3.819738714264076,-0.21143256441213643,-2.6048614864696717,1.5171408756943894
6.928,-0.3931442160683107,3.882126442868833,-0.21400447821960575,-2.5719138074693144,1.5171408756943894
6.929,-0.38923115078351095,3.9439011387052942,-0.2165434772957537,-2.5389990761479573,1.5171408756943894
6.93,-0.3852566213878964,4.005053046832732,-0.21904742158585133,-2.503944290097611,1.6257893487099213
6.931,-0.38122125550572367,4.065572510656096,-0.22151634614468466,-2.468924558833315,1.6257893487099213
6.932,-0.3771256903680496,4.125449973450414,-0.22395028599198494,-2.4339398473002833,1.6257893487099213
6.933,-0.37297057271209133,4.184675979870124,-0.22634927611246372,-2.3989901204787847,1.6257893487099213
6.934,-0.3687565586790851,4.2432411774423775,-0.22871335145584784,-2.3640753433841075,1.6257893487099213
6.9350000000000005,-0.36448431371070655,4.301136318043434,-0.2310405022924102,-2.3271508365623523,1.728021573918545
6.936,-0.360154512443957,4.358352259359518,-0.2333307655466576,-2.290263254247419,1.728021573918545
6.937,-0.35576783860464406,4.414879966330292,-0.2355841781061724,-2.2534125595148007,1.728021573918545
6.938,-0.35132498489942876,4.4707105125754065,-0.23780077682164932,-2.216598715476915,1.728021573918545
6.939,-0.34682665290640446,4.525835081804528,-0.2399805985069324,-2.179821685283067,1.728021573918545
6.94,-0.34227355296434403,4.580244969209087,-0.24212177168878152,-2.1411731818491275,1.823434087432823
6.941,-0.3376664040605148,4.633931582837063,-0.24422433501570015,-2.102563326918622,1.823434087432823
6.942,-0.33300593371712606,4.68688644494993,-0.2462883270975432,-2.063992081843047,1.823434087432823
6.9430000000000005,-0.3282928778764761,4.7391011933610265,-0.24831378650555574,-2.0254594080125474,1.823434087432823
6.944,-0.323527980784723,4.79056758275623,-0.2503007517724116,-1.9869652668558784,1.823434087432823
6.945,-0.3187119948743433,4.8412774859961525,-0.2522474970672076,-1.9467452947959876,1.9116503396517457
6.946,-0.31384568064535173,4.89122289539911,-0.2541540626099158,-1.9065655427081567,1.9116503396517457
6.947,-0.3089298065451662,4.940395924006087,-0.2560204885802882,-1.8664259703724135,1.9116503396517457
6.948,-0.30396514884730486,4.9887888068257205,-0.2578468151178972,-1.8263265376090063,1.9116503396517457
6.949,-0.2989524915287591,5.0363939020609365,-0.2596330823221756,-1.7862672042783625,1.9116503396517457
6.95,-0.2938926261462394,5.083203692315234,-0.26137771681562305,-1.7446344934474851,1.9923221813299512
6.9510000000000005,-0.28878635171113404,5.1292107857802005,-0.2630807602309505,-1.7030434153274385,1.9923221813299512
6.952,-0.28363447456338176,5.174407917402343,-0.264742254159236,-1.6614939282855121,1.9923221813299512
6.953,-0.2784378082440949,5.218787950030739,-0.2663622401499667,-1.6199859907306275,1.9923221813299512
6.954,-0.2731971733671388,5.2623438755436664,-0.26794075971108,-1.5785195611132978,1.9923221813299512
6.955,-0.2679133974894999,5.305068815955669,-0.26947639812788093,-1.5356384168009076,2.06513123756385
6.956,-0.26258731498064675,5.346956024503322,-0.2709691982815138,-1.4928001536328297,2.06513123756385
6.957,-0.2572197668907555,5.387998886710779,-0.2724192030102417,-1.4500047287279199,2.06513123756385
6.958,-0.25181160081788,5.428190921434406,-0.2738264551094896,-1.407252099247915,2.06513123756385
6.9590000000000005,-0.2463636707741426,5.467525781885952,-0.275190997331887,-1.36454222239739,2.06513123756385
6.96,-0.24087683705085788,5.505997256634925,-0.27651157920877656,-1.3205818768895576,2.1297901642717525
6.961,-0.23535196608266373,5.5435992705895725,-0.2777882447005038,-1.276665491727233,2.1297901642717525
6.962,-0.22978993031074488,5.5803258859559115,-0.2790210377234539,-1.2327930229500708,2.1297901642717525
6.963,-0.22419160804501426,5.616171303175709,-0.28021000215009556,-1.1889644266416857,2.1297901642717525
6.964,-0.2185578833254681,5.651129861841972,-0.2813551818090252,-1.1451796589296088,2.1297901642717525
6.965,-0.21288964578254158,5.685196041593075,-0.2824554954126517,-1.1003136036264838,2.1860437822097722
6.966,-0.20718779049664446,5.718364462984367,-0.2835109878270304,-1.055492414378662,2.1860437822097722
6.9670000000000005,-0.20145321785683085,5.750629888337567,-0.28452170387335046,-1.0107160463200877,2.1860437822097722
6.968,-0.19568683341860435,5.781987222567948,-0.28548768832798005,-0.9659844546295722,2.1860437822097722
6.969,-0.18988954776090078,5.812431513988996,-0.2864089859225108,-0.9212975945307471,2.1860437822097722
6.97,-0.18406227634234287,5.84195795509411,-0.28728468881776603,-0.8757028952552605,2.233670084047793
6.971,-0.17820593935662632,5.870561883316022,-0.28811484260844505,-0.8301537906790494,2.233670084047793
6.972,-0.17232146158725653,5.898238781762844,-0.28889949284365246,-0.7846502352074145,2.233670084047793
6.973,-0.16640977226149503,5.924984279931443,-0.28963868502694373,-0.7391921832912512,2.233670084047793
6.974,-0.16047180490360347,5.9507941543976735,-0.29033246461637074,-0.6937795894270041,2.233670084047793
6.9750000000000005,-0.15450849718746942,5.975664329483129,-0.2909801008039977,-0.6476361876269603,2.2724811105308422
6.976,-0.1485207907885169,5.999590877898834,-0.2915816397332264,-0.6015389292287165,2.2724811105308422
6.977,-0.1425096312349845,6.022570021365481,-0.2921371275013153,-0.555487768088871,2.2724811105308422
6.978,-0.13647596775866283,6.044598131209883,-0.2926466101594255,-0.5094826581101652,2.2724811105308422
6.979,-0.1304207531449525,6.065671728938162,-0.2931101337126669,-0.46352355324143824,2.2724811105308422
6.98,-0.12434494358242835,6.0857874867849695,-0.29352714726850976,-0.4170135558428288,2.3023236922683994
6.981,-0.11824949851186714,6.1049422282389045,-0.29389769733695137,-0.370550068441618,2.3023236922683994
6.982,-0.11213538047469233,6.123132928544286,-0.2942218303814792,-0.3241330445278084,2.3023236922683994
6.9830000000000005,-0.10600355496102597,6.140356715178641,-0.2944995928191171,-0.2777624376379126,2.3023236922683994
6.984,-0.09985499025720602,6.156610868306378,-0.294731031020472,-0.23143820135490667,2.3023236922683994
6.985,-0.09369065729286173,6.171892821208329,-0.29491577618254106,-0.18474516206906794,2.323080054224191
6.986,-0.08751152948764132,6.186200160686943,-0.29505387499836355,-0.13809881582251504,2.323080054224191
6.987,-0.08131858259744199,6.199530627447493,-0.29514537411428576,-0.0914991159222087,2.323080054224191
6.988,-0.07511279456037559,6.21188211645473,-0.29519032013000757,-0.04494601572180267,2.323080054224191
6.989,-0.06889514534231998,6.223252677265343,-0.29518875959862917,0.0015605313784029448,2.323080054224191
6.99,-0.06266661678214995,6.2336405143359945,-0.2951405072621717,0.048252336457429254,2.3346682805202357
6.9910000000000005,-0.05642819243674258,6.243043987306768,-0.2950456098124403,0.09489744973137654,2.3346682805202357
6.992,-0.05018085742560604,6.251461611260294,-0.2949041138945483,0.14149591789204988,2.3346682805202357
6.993,-0.04392559827537411,6.258892056956151,-0.2947160661069637,0.18804778758456253,2.3346682805202357
6.994,-0.037663402763972814,6.265334151040838,-0.29448151300155634,0.23455310540738267,2.3346682805202357
6.995,-0.03139525976466,6.270786876233024,-0.29420045359649993,0.281059405056405,2.3370426377214852
6.996,-0.025122159089884927,6.275249371484185,-0.29387293439809414,0.32751919840577826,2.3370426377214852
6.997,-0.01884509133497136,6.278720932114586,-0.2934990018661323,0.3739325319618022,2.3370426377214852
6.998,-0.012565047721669671,6.281201009924566,-0.29307870241394807,0.4202994521842701,2.3370426377214852
6.9990000000000006,-0.006283019941674075,6.282689213281087,-0.29261208240846154,0.46662000548651555,2.3370426377214852
7.0,-1.7145055188062944e-15,6.283185307179586,-0.292099325147874,0.5127572605875258,2.3301937553248404
7.001,0.006283019941677751,6.2826892132810865,-0.29154047676944056,0.558848378433435,2.3301937553248404
7.002,0.012565047721666243,6.281201009924568,-0.29093558336427905,0.6048934051614984,2.3301937553248404
7.003,0.018845091334967933,6.278720932114587,-0.2902846909774162,0.6508923868628337,2.3301937553248404
7.0040000000000004,0.0251221590898886,6.275249371484183,-0.28958784560783374,0.6968453695824677,2.3301937553248404
7.005,0.03139525976465657,6.270786876233027,-0.28884541411036607,0.7424314974676882,2.3141486627401484
7.006,0.0376634027639694,6.265334151040841,-0.28805744207114103,0.7879720392250235,2.3141486627401484
7.007000000000001,0.043925598275370695,6.258892056956155,-0.2872239750307004,0.8334670404406014,2.3141486627401484
7.008,0.050180857425602625,6.251461611260298,-0.28634505848404546,0.8789165466549638,2.3141486627401484
7.009,0.056428192436739175,6.243043987306773,-0.28542073788068234,0.9243206033631117,2.3141486627401484
7.01,0.06266661678214654,6.233640514336,-0.28445156218427026,0.9691756964120991,2.2889706826175242
7.011,0.0688951453423166,6.223252677265348,-0.28343757624990223,1.0139859343680375,2.2889706826175242
7.0120000000000005,0.07511279456037921,6.211882116454723,-0.28237882488781624,1.05875136208602,2.2889706826175242
7.013,0.0813185825974386,6.1995306274475,-0.28127535286343996,1.1034720243762846,2.2889706826175242
7.014,0.08751152948763793,6.18620016068695,-0.2801272048974357,1.1481479660042588,2.2889706826175242
7.015000000000001,0.09369065729286534,6.17189282120832,-0.27893510989577863,1.192095001657091,2.2547591809418206
7.016,0.09985499025720267,6.156610868306386,-0.2776991118055044,1.2359980902742704,2.2547591809418206
7.017,0.10600355496102956,6.140356715178632,-0.27641925452970156,1.2798572758028326,2.2547591809418206
7.018,0.11213538047468899,6.123132928544296,-0.2750955819275557,1.3236726021458662,2.2547591809418206
7.019,0.11824949851186381,6.104942228238914,-0.27372813781439315,1.3674441131625568,2.2547591809418206
7.0200000000000005,0.12434494358243192,6.085787486784958,-0.27231782816184613,1.4103096525470016,2.2116491748803706
7.021,0.13042075314494916,6.065671728938174,-0.2708646958354541,1.453132326392062,2.2116491748803706
7.022,0.13647596775865953,6.044598131209894,-0.2693687836578908,1.4959121775632773,2.2116491748803706
7.023000000000001,0.14250963123498803,6.022570021365468,-0.2678301344090075,1.5386492488833214,2.2116491748803706
7.024,0.14852079078851363,5.9995908778988465,-0.26624879082587544,1.5813435831320455,2.2116491748803706
7.025,0.15450849718747292,5.975664329483115,-0.2646258323703279,1.6229584555475538,2.1598107999320177
7.026,0.16047180490360022,5.950794154397687,-0.2629613006572372,1.6645317130906465,2.1598107999320177
7.027,0.1664097722614918,5.924984279931457,-0.261255237259861,1.7060633973761963,2.1598107999320177
7.0280000000000005,0.17232146158725997,5.898238781762829,-0.25950768370988353,1.7475535499774604,2.1598107999320177
7.029,0.1782059393566231,5.870561883316037,-0.2577186814974574,1.7890022124261233,2.1598107999320177
7.03,0.18406227634233968,5.841957955094125,-0.25588947931447414,1.8292021829832972,2.099448638479995
7.031000000000001,0.1898895477609042,5.812431513988979,-0.25402011736090424,1.8693619535699137,2.099448638479995
7.032,0.19568683341860119,5.781987222567964,-0.2521106357965183,1.9094815643859437,2.099448638479995
7.033,0.2014532178568342,5.750629888337548,-0.2501610747409272,1.9495610555911578,2.099448638479995
7.034,0.20718779049664135,5.718364462984384,-0.24817147427362202,1.9896004673051666,2.099448638479995
7.035,0.21288964578253847,5.685196041593094,-0.24614324738853618,2.0282268850858354,2.030800912398699
7.0360000000000005,0.21855788332546502,5.651129861841991,-0.24407643271208745,2.0668146764487236,2.030800912398699
7.037,0.2241916080450112,5.6161713031757285,-0.2419710688320672,2.1053638800202488,2.030800912398699
7.038,0.22978993031074182,5.580325885955931,-0.239827194297679,2.1438745343882024,2.030800912398699
7.039000000000001,0.23535196608266698,5.543599270589551,-0.23764484761957722,2.1823466781017884,2.030800912398699
7.04,0.2408768370508549,5.505997256634945,-0.23542560051729552,2.219247102281703,1.9541385429008111
7.041,0.24636367077414578,5.4675257818859295,-0.23316948989125807,2.2561106260374375,1.9541385429008111
7.042,0.251811600817877,5.428190921434427,-0.23087655260498866,2.2929372862694164,1.9541385429008111
7.043,0.25721976689075254,5.387998886710801,-0.2285468254851475,2.3297271198411633,1.9541385429008111
7.0440000000000005,0.2625873149806499,5.3469560245032985,-0.22618034532156814,2.366480163579338,1.9541385429008111
7.045,0.267913397489497,5.305068815955692,-0.22377883635652568,2.4015089650424595,1.8697640813350362
7.046,0.2731971733671359,5.26234387554369,-0.22134233361882155,2.4365027377041177,1.8697640813350362
7.047,0.2784378082440921,5.218787950030763,-0.21887087210222844,2.471461516593114,1.8697640813350362
7.048,0.2836344745633789,5.174407917402367,-0.21636448676552522,2.5063853367032216,1.8697640813350362
7.049,0.28878635171113703,5.129210785780174,-0.213823212532532,2.541274232993219,1.8697640813350362
7.05,0.2938926261462366,5.0832036923152595,-0.2112489193634687,2.5742931690633086,1.7780105151541492
7.051,0.2989524915287563,5.036393902060962,-0.2086416402772714,2.6072790861973285,1.7780105151541492
7.0520000000000005,0.30396514884730214,4.988788806825747,-0.2060014082598572,2.640232017414214,1.7780105151541492
7.053,0.3089298065451635,4.940395924006113,-0.2033282562641573,2.673151995699883,1.7780105151541492
7.054,0.31384568064534907,4.891222895399138,-0.20062221721015003,2.706039054007266,1.7780105151541492
7.055,0.31871199487434065,4.84127748599618,-0.19788529939612146,2.7369178140285717,1.6792399537656557
7.056,0.3235279807847204,4.790567582756258,-0.1951175337008316,2.767765695289856,1.6792399537656557
7.057,0.3282928778764789,4.739101193360996,-0.19231895097216173,2.7985827286698792,1.6792399537656557
7.058,0.3330059337171235,4.686886444949958,-0.1894895820271452,2.8293689450165225,1.6792399537656557
7.059,0.3376664040605123,4.633931582837092,-0.18662945765199837,2.8601243751468193,1.6792399537656557
7.0600000000000005,0.3422735529643467,4.580244969209055,-0.18374071655723767,2.8887410947606997,1.5738421994513607
7.061,0.34682665290640197,4.525835081804558,-0.1808233873595827,2.9173291976549662,1.5738421994513607
7.062,0.3513249848994264,4.470710512575437,-0.17787749864713637,2.9458887124463384,1.5738421994513607
7.063,0.3557678386046416,4.414879966330322,-0.17490307897941346,2.9744196677229193,1.5738421994513607
7.064,0.3601545124439546,4.358352259359549,-0.17190015688736923,3.0029220920442237,1.5738421994513607
7.065,0.3644843137107042,4.301136318043465,-0.16887099305323713,3.0291638341320977,1.4622332089959194
7.066,0.36875655867908275,4.243241177442409,-0.16581561371875925,3.055379334477884,1.4622332089959194
7.067,0.37297057271208905,4.184675979870156,-0.16273404509943593,3.0815686193233245,1.4622332089959194
7.0680000000000005,0.377125690368052,4.12544997345038,-0.159626313384552,3.1077317148839194,1.4622332089959194
7.069,0.38122125550572145,4.065572510656128,-0.15649244473720303,3.133868647348954,1.4622332089959194
7.07,0.3852566213878942,4.0050530468327645,-0.15333481288945952,3.1576318477435117,1.3448534520953375
7.071,0.38923115078350884,3.943901138705328,-0.15015344160452185,3.1813712849376747,1.3448534520953375
7.072,0.39314421606830857,3.8821264428688673,-0.1469483546218272,3.205086982694644,1.3448534520953375
7.073,0.3969951993239187,3.8197387142640395,-0.14371957565707336,3.228778964753856,1.3448534520953375
7.074,0.4007834924354369,3.756747804636485,-0.14046712840224235,3.252447254831009,1.3448534520953375
7.075,0.4045084971874743,3.6931636609809035,-0.13719349027120567,3.273638131036666,1.2221661730244018
7.0760000000000005,0.40816962535859436,3.628996323970742,-0.13389868245483955,3.2948078163661174,1.2221661730244018
7.077,0.4117662988142138,3.5642559263724394,-0.1305827261228293,3.315956332010239,1.2221661730244018
7.078,0.41529794959790817,3.4989526914451226,-0.1272456424236906,3.337083699138717,1.2221661730244018
7.079,0.4187640200210705,3.4330969313267543,-0.12388745248479054,3.3581899389000665,1.2221661730244018
7.08,0.4221639627510051,3.3666990454052086,-0.12051072762458091,3.376724860209629,1.0946555624231338
7.081,0.4254972408973452,3.2997695186763045,-0.11711548637798302,3.395241246597882,1.0946555624231338
7.082,0.4287633280968234,3.2323189200883355,-0.11370174726138328,3.413739116599747,1.0946555624231338
7.083,0.4319617085964165,3.164357900872578,-0.11026952877265167,3.4322184887316096,1.0946555624231338
7.0840000000000005,0.4350918773347633,3.0958971928618726,-0.10681884939116033,3.450679381491341,1.0946555624231338
7.085,0.43815334002193035,3.026947606795713,-0.10335236419212214,3.4664851990381993,0.962824846417493
7.086,0.44114561321747675,2.9575200306128724,-0.09987008898135463,3.482275210767511,0.962824846417493
7.087,0.4440682244067705,2.8876254277326163,-0.09637203954886954,3.4980494324850935,0.962824846417493
7.088,0.4469207120756316,2.8172748353228267,-0.09285823166888858,3.5138078799809582,0.962824846417493
7.089,0.44970262578318665,2.746479362557653,-0.08932868109985925,3.529550569029327,0.962824846417493
7.09,0.4524135262330092,2.6752501888630134,-0.08578611619538663,3.5425649044726146,0.8271943006158426
7.091,0.4550529853424986,2.603598562150987,-0.08223054996980618,3.555566225580459,0.8271943006158426
7.0920000000000005,0.45762058631046076,2.531535797044125,-0.07866199542443898,3.568554545367195,0.8271943006158426
7.093,0.4601159236829356,2.459073273088497,-0.07508046554760484,3.581529876834145,0.8271943006158426
7.094,0.4625386034172279,2.3862224329565676,-0.0714859733146352,3.594492232969628,0.8271943006158426
7.095,0.4648882429441258,2.3129947806404236,-0.06788130958996216,3.6046637246730335,0.6882991968187608
7.096,0.4671644712283047,2.2394018796354134,-0.06426648454507743,3.6148250448847357,0.6882991968187608
7.097,0.46936692882693687,2.1654553511135552,-0.0606415083413012,3.6249762037762263,0.6882991968187608
7.098,0.4714952679464307,2.0911668720890852,-0.057006391129792375,3.6351172115088253,0.6882991968187608
7.099,0.47354915249737173,2.016548173573853,-0.05336114305155868,3.6452480782336916,0.6882991968187608
7.1000000000000005,0.4755282581475773,1.9416110387254446,-0.04970860646759231,3.652536583966374,0.5466876905457979
7.101,0.47743227237332087,1.8663673009862378,-0.046048788666398985,3.6598178011933236,0.5466876905457979
7.102,0.47926089450868825,1.7908288422145038,-0.04238169692919594,3.6670917372030463,0.5466876905457979
7.103,0.48101383579304213,1.7150075908087228,-0.03870733852991918,3.674358399276759,0.5466876905457979
7.104,0.482690819416637,1.638915519823269,-0.03502572073523078,3.6816177946883983,0.5466876905457979
7.105,0.4842915805643164,1.5625646450783233,-0.03133972618518275,3.6859945500480316,0.40291865771607194
7.106,0.4858158664573368,1.4859670232621822,-0.027649359256530445,3.690366928652305,0.40291865771607194
7.107,0.4872634363932892,1.409134750027105,-0.02395462432165247,3.694734934877974,0.40291865771607194
7.1080000000000005,0.48863406178409646,1.3320799580798772,-0.02025552574855505,3.6990985730974177,0.40291865771607194
7.109,0.4899275261921224,1.2548148152653085,-0.01655206790087641,3.7034578476786417,0.40291865771607194
7.11,0.49114362536434397,1.1773515226450466,-0.012847162321265038,3.70490557961137,0.2575594890203622
7.111,0.4922821672646016,1.0997023125711554,-0.009140810457452872,3.706351863812166,0.2575594890203622
7.112,0.4933429721039336,1.0218794467538674,-0.0054330137557241105,3.707796701728761,0.2575594890203622
7.113,0.49432587236895703,0.9438952143259348,-0.0017237736609166708,3.7092400948074395,0.2575594890203622
7.114,0.4952307128483251,0.8657619299017677,0.0019869083835763685,3.7106820444930393,0.2575594890203622
7.115,0.4960573506572388,0.7874919316325499,0.005696103423038699,3.7091950394623296,0.11118385068917813
7.1160000000000005,0.49680565526000453,0.7090975792584314,0.00940381294447535,3.7077095214366507,0.11118385068917813
7.117,0.49747550849065,0.6305912521565167,0.013110038433404348,3.7062254889289976,0.11118385068917813
7.118,0.4980668045715864,0.551985347385752,0.016814781373858202,3.704742940453852,0.11118385068917813
7.119,0.4985794501303068,0.4732922777299068,0.020518043248385385,3.7032618745271817,0.11118385068917813
7.12,0.49901336421413583,0.3945244697367409,0.024216889249447926,3.6988460010625417,-0.03563057950563142
7.121,0.49936847830300896,0.3156943617563308,0.02791132379291929,3.6944345434713664,-0.03563057950563142
7.122,0.49964473632029466,0.2368144019766434,0.031601351290257075,3.6900274973377822,-0.03563057950563142
7.123,0.4998420946416499,0.15789704645764427,0.035286976148507405,3.685624858250332,-0.03563057950563142
7.1240000000000006,0.49996052210190806,0.07895475716451963,0.03896820277030937,3.681226621801969,-0.03563057950563142
7.125,0.5,5.541338348931127e-14,0.04264210207764792,3.6738993073385435,-0.18230439208119276
7.126,0.49996052210190806,-0.07895475716449811,0.046308681397837496,3.666579320189581,-0.18230439208119276
7.127,0.49984209464165014,-0.1578970464575335,0.04996794805086526,3.6592666530277675,-0.18230439208119276
7.128,0.4996447363202947,-0.23681440197662187,0.05361990934939838,3.651961298533116,-0.18230439208119276
7.1290000000000004,0.4993684783030087,-0.3156943617563985,0.057264572598791336,3.644663249392959,-0.18230439208119276
7.13,0.49901336421413595,-0.39452446973671945,0.06089902601028474,3.6344534114934017,-0.32825873250821425
7.131,0.49857945013030697,-0.47329227772988525,0.06452327979371648,3.624253783431744,-0.32825873250821425
7.132000000000001,0.4980668045715859,-0.5519853473858194,0.06813734414871463,3.6140643549981477,-0.32825873250821425
7.133,0.49747550849065014,-0.6305912521564953,0.0717412292647076,3.6038851159929854,-0.32825873250821425
7.134,0.4968056552600039,-0.7090975792584987,0.07533494532093443,3.593716056226828,-0.32825873250821425
7.135,0.49605735065723905,-0.7874919316325287,0.07891560930939133,3.5806639884568976,-0.4729175856851978
7.136,0.4952307128483253,-0.8657619299017463,0.08248323428214607,3.5676249727547367,-0.4729175856851978
7.1370000000000005,0.4943258723689573,-0.9438952143259134,0.08603783327821435,3.554598996068278,-0.4729175856851978
7.138,0.49334297210393385,-1.0218794467538463,0.08957941932357286,3.541586045358506,-0.4729175856851978
7.139,0.49228216726460317,-1.0997023125710463,0.0931080054311723,3.5285861075994434,-0.4729175856851978
7.140000000000001,0.49114362536434425,-1.1773515226450255,0.09662074875168,3.512743320507704,-0.6157100492069967
7.141,0.48992752619212415,-1.2548148152651997,0.10011766512788306,3.4969163762030564,-0.6157100492069967
7.142,0.4886340617840968,-1.3320799580798561,0.10359877038672577,3.4811052588427134,-0.6157100492069967
7.143,0.48726343639328956,-1.409134750027084,0.1070640803393255,3.4653099525997306,-0.6157100492069967
7.144,0.48581586645733726,-1.4859670232621613,0.1105136107809885,3.449530441662991,-0.6157100492069967
7.1450000000000005,0.4842915805643151,-1.5625646450783888,0.11394457024048071,3.430959459492213,-0.7560725864557606
7.146,0.48269081941663744,-1.6389155198232483,0.11735697728878432,3.4124070483036055,-0.7560725864557606
7.147,0.48101383579304263,-1.7150075908087024,0.12075085047831051,3.393873189526187,-0.7560725864557606
7.148000000000001,0.4792608945086867,-1.7908288422145686,0.12412620834291806,3.3753578646075453,-0.7560725864557606
7.149,0.47743227237332136,-1.8663673009862172,0.1274830693979319,3.3568610550138227,-0.7560725864557606
7.15,0.47552825814757566,-1.9416110387255092,0.13081870456687825,3.3356351689463586,-0.8934512506225121
7.151,0.4735491524973723,-2.0165481735738324,0.1341331350756432,3.314430508764962,-0.8934512506225121
7.152,0.47149526794643365,-2.091166872088981,0.13742638212888694,3.293247053243747,-0.8934512506225121
7.1530000000000005,0.4693669288269374,-2.165455351113535,0.140698466910065,3.272084781178053,-0.8934512506225121
7.154,0.46716447122830784,-2.23940187963531,0.14394941058144942,3.2509436713844244,-0.8934512506225121
7.155,0.4648882429441264,-2.3129947806404036,0.1471765572317448,3.2271466502953983,-1.0273038708820945
7.156000000000001,0.4625386034172286,-2.3862224329565476,0.15037993065797226,3.203373426227461,-1.0273038708820945
7.157,0.46011592368293625,-2.4590732730884772,0.15355955463335585,3.1796239753835915,-1.0273038708820945
7.158,0.4576205863104586,-2.531535797044187,0.15671545290734643,3.155898273990566,-1.0273038708820945
7.159,0.45505298534249927,-2.6035985621509674,0.15984764920564537,3.1321962982989335,-1.0273038708820945
7.16,0.4524135262330099,-2.675250188862994,0.16295357126380414,3.1059220581587574,-1.157102192093849
7.1610000000000005,0.44970262578318426,-2.746479362557714,0.16603324535606287,3.079674092258722,-1.157102192093849
7.162,0.4469207120756324,-2.8172748353228076,0.16908669773038745,3.053452374324586,-1.157102192093849
7.163,0.4440682244067713,-2.8876254277325972,0.17211395460849585,3.0272568781083846,-1.157102192093849
7.164000000000001,0.4411456132174742,-2.957520030612932,0.17511504218588425,3.0010875773883994,-1.157102192093849
7.165,0.4381533400219312,-3.026947606795694,0.1780874819965036,2.972439810619348,-1.282333959583134
7.166,0.4350918773347642,-3.095897192861854,0.18103130268812065,2.943820691617066,-1.282333959583134
7.167,0.4319617085964174,-3.16435790087256,0.18394653287985444,2.9152301917337864,-1.282333959583134
7.168,0.42876332809682793,-3.2323189200882405,0.18683320116220484,2.88666828235039,-1.282333959583134
7.1690000000000005,0.4254972408973461,-3.299769518676286,0.18969133609708122,2.858134934876377,-1.282333959583134
7.17,0.4221639627510098,-3.366699045405115,0.1925185627982072,2.827226701125969,-1.4025049407765904
7.171,0.41876402002107144,-3.433096931326736,0.19531491217381652,2.796349375609311,-1.4025049407765904
7.172,0.4152979495979091,-3.4989526914451043,0.1980804151012347,2.76550292741817,-1.4025049407765904
7.173,0.4117662988142148,-3.564255926372421,0.20081510242690992,2.7346873256752198,-1.4025049407765904
7.174,0.40816962535859125,-3.628996323970798,0.20351900496644393,2.703902539534013,-1.4025049407765904
7.175,0.4045084971874753,-3.693163660980886,0.20618986078592416,2.6708558194802308,-1.517140875712407
7.176,0.400783492435438,-3.7567478046364675,0.20882770293207067,2.6378421461465025,-1.517140875712407
7.1770000000000005,0.3969951993239154,-3.8197387142640933,0.2114325644185568,2.604861486486108,-1.517140875712407
7.178,0.3931442160683096,-3.88212644286885,0.21400447822604216,2.5719138074853736,-1.517140875712407
7.179,0.3892311507835099,-3.943901138705311,0.2165434773022058,2.53899907616364,-1.517140875712407
7.18,0.3852566213878953,-4.0050530468327485,0.21904742159231871,2.5039442901129254,-1.6257893487275377
7.181,0.38122125550572716,-4.065572510656043,0.22151634615116697,2.468924558848262,-1.6257893487275377
7.182,0.3771256903680531,-4.125449973450363,0.22395028599848182,2.433939847314863,-1.6257893487275377
7.183,0.37297057271209494,-4.184675979870074,0.22634927611897482,2.3989901204929973,-1.6257893487275377
7.184,0.3687565586790887,-4.243241177442328,0.22871335146237276,2.3640753433979538,-1.6257893487275377
7.1850000000000005,0.3644843137107054,-4.301136318043449,0.2310405022989486,2.3271508365758407,-1.7280215739357554
7.186,0.3601545124439558,-4.358352259359534,0.23333076555320914,2.29026325426055,-1.7280215739357554
7.187,0.35576783860464284,-4.414879966330307,0.23558417811273671,2.253412559527574,-1.7280215739357554
7.188,0.3513249848994276,-4.470710512575422,0.23780077682822603,2.216598715489331,-1.7280215739357554
7.189,0.3468266529064032,-4.5258350818045425,0.23998059851352116,2.179821685295127,-1.7280215739357554
7.19,0.34227355296434275,-4.580244969209101,0.242121771695382,2.141173181860839,-1.823434087449625
7.191,0.3376664040605135,-4.633931582837077,0.24422433502231197,2.1025633269299857,-1.823434087449625
7.192,0.3330059337171248,-4.686886444949944,0.24628832710416604,2.0639920818540634,-1.823434087449625
7.1930000000000005,0.3282928778764748,-4.739101193361041,0.24831378651218924,2.0254594080232167,-1.823434087449625
7.194,0.3235279807847217,-4.790567582756244,0.2503007517790554,1.986965266866201,-1.823434087449625
7.195,0.3187119948743474,-4.841277485996109,0.2522474970738614,1.9467452948059727,-1.9116503396681088
7.196,0.3138456806453504,-4.891222895399125,0.2541540626165792,1.9065655427178045,-1.9116503396681088
7.197,0.30892980654517044,-4.9403959240060455,0.2560204885869609,1.8664259703817245,-1.9116503396681088
7.198,0.30396514884730347,-4.988788806825734,0.2578468151245789,1.8263265376179807,-1.9116503396681088
7.199,0.2989524915287634,-5.036393902060896,0.2596330823288659,1.7862672042870005,-1.9116503396681088
7.2,0.293892626146238,-5.083203692315246,0.2613777168223217,1.744634493455795,-1.9923221813459295
7.2010000000000005,0.28878635171113265,-5.129210785780213,0.26308076023765714,1.7030434153354206,-1.9923221813459295
7.202,0.2836344745633803,-5.174407917402355,0.2647422541659503,1.6614939282931667,-1.9923221813459295
7.203,0.2784378082440935,-5.218787950030751,0.2663622401566883,1.619985990737955,-1.9923221813459295
7.204,0.27319717336713734,-5.262343875543678,0.2679407597178086,1.5785195611202985,-1.9923221813459295
7.205,0.26791339748949844,-5.30506881595568,0.2694763981346162,1.5356384168075898,-2.065131237579414
7.206,0.2625873149806453,-5.346956024503333,0.2709691982882554,1.492800153639194,-2.065131237579414
7.207,0.25721976689075404,-5.387998886710791,0.27241920301698935,1.4500047287339666,-2.065131237579414
7.208,0.2518116008178785,-5.4281909214344175,0.273826455116243,1.4072520992536444,-2.065131237579414
7.2090000000000005,0.24636367077414728,-5.467525781885918,0.27519099733864577,1.3645422224028025,-2.065131237579414
7.21,0.24087683705085638,-5.5059972566349344,0.2765115792155404,1.3205818768946618,-2.1297901642869
7.211,0.2353519660826685,-5.543599270589541,0.2777882447072725,1.276665491732029,-2.1297901642869
7.212,0.22978993031074965,-5.58032588595588,0.279021037730227,1.232793022954559,-2.1297901642869
7.213,0.2241916080450191,-5.616171303175678,0.28021000215687286,1.1889644266458663,-2.1297901642869
7.214,0.21855788332546658,-5.651129861841982,0.2813551818158063,1.1451796589334824,-2.1297901642869
7.215,0.21288964578254002,-5.685196041593085,0.2824554954194364,1.100313603630059,-2.1860437822245027
7.216,0.2071877904966429,-5.718364462984375,0.28351098783381834,1.0554924143819389,-2.1860437822245027
7.2170000000000005,0.20145321785682926,-5.750629888337576,0.2845217038801414,1.0107160463230669,-2.1860437822245027
7.218,0.19568683341860277,-5.781987222567956,0.28548768833477367,0.9659844546322538,-2.1860437822245027
7.219,0.1898895477608992,-5.812431513989005,0.2864089859293068,0.9212975945331315,-2.1860437822245027
7.22,0.1840622763423413,-5.841957955094117,0.28728468882456415,0.8757028952573563,-2.2336700840621053
7.221,0.1782059393566247,-5.87056188331603,0.288114842615245,0.8301537906808569,-2.2336700840621053
7.222,0.17232146158725492,-5.898238781762852,0.28889949285045396,0.784650235208934,-2.2336700840621053
7.223,0.16640977226149342,-5.92498427993145,0.28963868503374646,0.7391921832924829,-2.2336700840621053
7.224,0.16047180490360857,-5.950794154397651,0.2903324646231744,0.6937795894279484,-2.2336700840621053
7.2250000000000005,0.15450849718747456,-5.9756643294831076,0.29098010081080206,0.6476361876276261,-2.2724811105447165
7.226,0.14852079078852207,-5.999590877898814,0.29158163974003115,0.6015389292291041,-2.2724811105447165
7.227,0.14250963123498966,-6.022570021365461,0.29213712750812015,0.5554877680889807,-2.2724811105447165
7.228,0.13647596775866802,-6.044598131209864,0.29264661016623017,0.5094826581099974,-2.2724811105447165
7.229,0.13042075314495083,-6.0656717289381685,0.29311013371947114,0.46352355324099304,-2.2724811105447165
7.23,0.1243449435824267,-6.085787486784976,0.29352714727531326,0.41701355584211447,-2.3023236922818793
7.231,0.11824949851186548,-6.10494222823891,0.29389769734375387,0.37055006844063476,-2.3023236922818793
7.232,0.11213538047469065,-6.123132928544291,0.2942218303882804,0.32413304452655656,-2.3023236922818793
7.2330000000000005,0.1060035549610243,-6.140356715178646,0.2944995928259168,0.2777624376363924,-2.3023236922818793
7.234,0.09985499025720435,-6.156610868306381,0.29473103102726994,0.23143820135311843,-2.3023236922818793
7.235,0.09369065729286004,-6.171892821208332,0.29491577618933695,0.1847451620670202,-2.323080054237255
7.236,0.08751152948763963,-6.186200160686947,0.2950538750051572,0.1380988158202081,-2.323080054237255
7.237,0.08131858259744029,-6.199530627447497,0.29514537412107683,0.0914991159196428,-2.323080054237255
7.238,0.07511279456038092,-6.21188211645472,0.2951903201367958,0.044946015718978057,-2.323080054237255
7.239,0.06889514534231829,-6.223252677265346,0.2951887596054143,-0.0015605313814860203,-2.323080054237255
7.24,0.0626666167821553,-6.233640514335986,0.2951405072689535,-0.04825233646076189,-2.334668280532868
7.2410000000000005,0.056428192436740875,-6.24304398730677,0.29504560981921857,-0.09489744973495848,-2.334668280532868
7.242,0.0501808574256114,-6.251461611260288,0.2949041139013227,-0.14149591789588087,-2.334668280532868
7.243,0.0439255982753724,-6.258892056956153,0.2947160661137341,-0.18804778758864235,-2.334668280532868
7.244,0.03766340276397111,-6.26533415104084,0.29448151300832237,-0.23455310541171107,-2.334668280532868
7.245,0.03139525976465828,-6.270786876233026,0.2942004536032614,-0.2810594050609738,-2.337042637733722
7.246,0.025122159089883217,-6.275249371484186,0.29387293440485085,-0.3275191984105873,-2.337042637733722
7.247,0.018845091334969647,-6.278720932114586,0.293499001872884,-0.37393253196685117,-2.337042637733722
7.248,0.012565047721667957,-6.281201009924567,0.29307870242069445,-0.4202994521895588,-2.337042637733722
7.2490000000000006,0.00628301994167236,-6.282689213281087,0.2926120824152024,-0.46662000549204363,-2.337042637733722
7.25,-6.189806365883577e-19,-6.283185307179586,0.2920993251546091,-0.512757260593285,-2.3301937553366674
7.251,-0.006283019941679466,-6.2826892132810865,0.2915404767761697,-0.558848378439425,-2.3301937553366674
7.252,-0.012565047721667957,-6.281201009924567,0.29093558337100195,-0.604893405167719,-2.3301937553366674
7.253,-0.018845091334969647,-6.278720932114586,0.2902846909841327,-0.6508923868692845,-2.3301937553366674
7.2540000000000004,-0.025122159089883217,-6.275249371484186,0.28958784561454354,-0.6968453695891486,-2.3301937553366674
7.255,-0.03139525976465119,-6.270786876233031,0.28884541411706893,-0.7424314974745905,-2.3141486627515544
7.256,-0.03766340276396402,-6.265334151040846,0.2880574420778368,-0.787972039232147,-2.3141486627515544
7.257000000000001,-0.0439255982753724,-6.258892056956153,0.28722397503738883,-0.833467040447946,-2.3141486627515544
7.258,-0.05018085742560433,-6.251461611260296,0.2863450584907263,-0.878916546662529,-2.3141486627515544
7.259,-0.056428192436740875,-6.24304398730677,0.2854207378873554,-0.9243206033708976,-2.3141486627515544
7.26,-0.06266661678214824,-6.233640514335996,0.2844515621909353,-0.9691756964200975,-2.2889706826285368
7.261,-0.06889514534231829,-6.223252677265346,0.2834375762565591,-1.013985934376248,-2.2889706826285368
7.2620000000000005,-0.07511279456038092,-6.21188211645472,0.28237882489446464,-1.0587513620944426,-2.2889706826285368
7.263,-0.08131858259744029,-6.199530627447497,0.2812753528700797,-1.103472024384919,-2.2889706826285368
7.264,-0.08751152948763963,-6.186200160686947,0.2801272049040666,-1.1481479660131049,-2.2889706826285368
7.265000000000001,-0.09369065729286702,-6.171892821208315,0.2789351099024005,-1.1920950016661405,-2.2547591809524303
7.266,-0.09985499025720435,-6.156610868306381,0.277699111812117,-1.2359980902835228,-2.2547591809524303
7.267,-0.1060035549610243,-6.140356715178646,0.27641925453630467,-1.279857275812288,-2.2547591809524303
7.268,-0.11213538047469065,-6.123132928544291,0.2750955819341491,-1.3236726021555243,-2.2547591809524303
7.269,-0.11824949851185858,-6.10494222823893,0.2737281378209767,-1.3674441131724173,-2.2547591809524303
7.2700000000000005,-0.1243449435824267,-6.085787486784976,0.27231782816841965,-1.4103096525570564,-2.2116491748905744
7.271,-0.13042075314494397,-6.065671728938192,0.27086469584201733,-1.4531323264023108,-2.2116491748905744
7.272,-0.13647596775866117,-6.044598131209888,0.2693687836644436,-1.49591217757372,-2.2116491748905744
7.273000000000001,-0.14250963123498966,-6.022570021365461,0.26783013441554965,-1.5386492488939578,-2.2116491748905744
7.274,-0.14852079078851527,-5.99959087789884,0.26624879083240677,-1.5813435831428753,-2.2116491748905744
7.275,-0.15450849718747456,-5.9756643294831076,0.2646258323768482,-1.622958455558569,-2.159810799941832
7.276,-0.16047180490360186,-5.95079415439768,0.2629613006637464,-1.664531713101847,-2.159810799941832
7.277,-0.16640977226149342,-5.92498427993145,0.2612552372663588,-1.7060633973875818,-2.159810799941832
7.2780000000000005,-0.17232146158726158,-5.898238781762821,0.2595076837163698,-1.747553549989031,-2.159810799941832
7.279,-0.1782059393566247,-5.87056188331603,0.2577186815039319,-1.7890022124378786,-2.159810799941832
7.28,-0.1840622763423413,-5.841957955094117,0.2558894793209367,-1.8292021829952292,-2.099448638489418
7.281000000000001,-0.1898895477608992,-5.812431513989005,0.2540201173673547,-1.8693619535820223,-2.099448638489418
7.282,-0.19568683341860277,-5.781987222567956,0.25211063580295645,-1.9094815643982286,-2.099448638489418
7.283,-0.20145321785682926,-5.750629888337576,0.25016107474735283,-1.9495610556036187,-2.099448638489418
7.284,-0.20718779049663644,-5.718364462984412,0.24817147428003503,-1.9896004673178034,-2.099448638489418
7.285,-0.21288964578253358,-5.685196041593123,0.2461432473949364,-2.0282268850986402,-2.030800912407733
7.2860000000000005,-0.21855788332546658,-5.651129861841982,0.2440764327184747,-2.0668146764616964,-2.030800912407733
7.287,-0.22419160804501273,-5.616171303175719,0.24197106883844133,-2.1053638800333894,-2.030800912407733
7.288,-0.22978993031074335,-5.580325885955921,0.23982719430403981,-2.1438745344015104,-2.030800912407733
7.289000000000001,-0.2353519660826685,-5.543599270589541,0.23764484762592455,-2.1823466781152634,-2.030800912407733
7.29,-0.24087683705085638,-5.5059972566349344,0.2354256005236292,-2.2192471022953373,-1.954138542909463
7.291,-0.24636367077414728,-5.467525781885918,0.23316948989757796,-2.2561106260512314,-1.954138542909463
7.292,-0.2518116008178785,-5.428190921434417,0.23087655261129458,-2.2929372862833692,-1.954138542909463
7.293,-0.25721976689075404,-5.387998886710791,0.22854682549143931,-2.329727119855275,-1.954138542909463
7.2940000000000005,-0.26258731498065135,-5.346956024503286,0.2261803453278457,-2.366480163593609,-1.954138542909463
7.295,-0.26791339748949844,-5.30506881595568,0.2237788363627888,-2.4015089650568817,-1.8697640813433096
7.296,-0.27319717336713734,-5.262343875543678,0.2213423336250701,-2.436502737718691,-1.8697640813433096
7.297,-0.2784378082440935,-5.218787950030751,0.21887087210846226,-2.4714615166078384,-1.8697640813433096
7.298,-0.2836344745633745,-5.174407917402406,0.21636448677174416,-2.506385336718097,-1.8697640813433096
7.299,-0.28878635171113265,-5.129210785780213,0.21382321253873593,-2.5412742330082447,-1.8697640813433096
7.3,-0.29389262614623224,-5.083203692315299,0.21124891936965745,-2.5742931690784774,-1.7780105151620524
7.301,-0.2989524915287577,-5.03639390206095,0.2086416402834448,-2.60727908621264,-1.7780105151620524
7.3020000000000005,-0.30396514884730347,-4.988788806825734,0.20600140826601515,-2.640232017429668,-1.7780105151620524
7.303,-0.30892980654516483,-4.940395924006101,0.20332825627029968,-2.6731519957154792,-1.7780105151620524
7.304,-0.3138456806453504,-4.891222895399124,0.20062221721627668,-2.706039054023005,-1.7780105151620524
7.305,-0.318711994874342,-4.841277485996167,0.19788529940223223,-2.7369178140444457,-1.679239953773186
7.306,-0.3235279807847217,-4.790567582756244,0.19511753370692636,-2.767765695305865,-1.679239953773186
7.307,-0.32829287787648015,-4.739101193360982,0.19231895097824034,-2.798582728686023,-1.679239953773186
7.308,-0.3330059337171248,-4.686886444949944,0.18948958203320754,-2.829368945032801,-1.679239953773186
7.309,-0.3376664040605135,-4.633931582837077,0.1866294576580443,-2.860124375163232,-1.679239953773186
7.3100000000000005,-0.34227355296434275,-4.580244969209101,0.18374071656326707,-2.8887410947772394,-1.573842199458535
7.311,-0.3468266529064032,-4.5258350818045425,0.18082338736559544,-2.917329197671633,-1.573842199458535
7.312,-0.35132498489942254,-4.470710512575485,0.17787749865313232,-2.945888712463132,-1.573842199458535
7.313,-0.35576783860463784,-4.41487996633037,0.17490307898539248,-2.9744196677398396,-1.573842199458535
7.314,-0.36015451244395086,-4.358352259359598,0.1719001568933312,-3.0029220920612705,-1.573842199458535
7.315,-0.3644843137107054,-4.301136318043449,0.16887099305918196,-3.029163834149264,-1.4622332090027268
7.316,-0.3687565586790839,-4.243241177442393,0.16581561372468678,-3.055379334495169,-1.4622332090027268
7.317,-0.37297057271209016,-4.18467597987014,0.16273404510534606,-3.0815686193407283,-1.4622332090027268
7.3180000000000005,-0.3771256903680531,-4.125449973450363,0.1596263133904446,-3.1077317149014423,-1.4622332090027268
7.319,-0.38122125550572256,-4.065572510656112,0.15649244474307802,-3.1338686473665955,-1.4622332090027268
7.32,-0.3852566213878953,-4.0050530468327485,0.15333481289531675,-3.1576318477612646,-1.3448534521017925
7.321,-0.3892311507835099,-3.943901138705311,0.1501534416103612,-3.181371284955539,-1.3448534521017925
7.322,-0.3931442160683096,-3.88212644286885,0.14694835462764858,-3.2050869827126194,-1.3448534521017925
7.323,-0.39699519932391975,-3.8197387142640222,0.14371957566287663,-3.2287789647719425,-1.3448534521017925
7.324,-0.400783492435438,-3.7567478046364675,0.14046712840802741,-3.2524472548492063,-1.3448534521017925
7.325,-0.4045084971874753,-3.693163660980886,0.13719349027697245,-3.2736381310549674,-1.2221661730305093
7.3260000000000005,-0.40816962535859125,-3.628996323970798,0.13389868246058792,-3.2948078163845227,-1.2221661730305093
7.327,-0.41176629881421073,-3.5642559263724944,0.13058272612855917,-3.3159563320287484,-1.2221661730305093
7.328,-0.41529794959790517,-3.4989526914451785,0.12724564242940184,-3.33708369915733,-1.2221661730305093
7.329,-0.41876402002106755,-3.4330969313268107,0.12388745249048305,-3.358189938918783,-1.2221661730305093
7.33,-0.422163962751006,-3.3666990454051904,0.12051072763025461,-3.376724860228442,-1.0946555624289003
7.331,-0.4254972408973461,-3.299769518676286,0.11711548638363782,-3.395241246616792,-1.0946555624289003
7.332,-0.42876332809682427,-3.2323189200883173,0.11370174726701907,-3.413739116618753,-1.0946555624289003
7.333,-0.4319617085964174,-3.16435790087256,0.11026952877826836,-3.432218488750712,-1.0946555624289003
7.3340000000000005,-0.4350918773347642,-3.095897192861854,0.10681884939675781,-3.450679381510539,-1.0946555624289003
7.335,-0.4381533400219312,-3.026947606795694,0.10335236419770033,-3.466485199057487,-0.9628248464229243
7.336,-0.44114561321747753,-2.957520030612853,0.09987008898691344,-3.482275210786888,-0.9628248464229243
7.337,-0.4440682244067713,-2.8876254277325972,0.09637203955440887,-3.4980494325045597,-0.9628248464229243
7.338,-0.4469207120756324,-2.8172748353228076,0.09285823167440836,-3.5138078800005137,-0.9628248464229243
7.339,-0.44970262578318737,-2.746479362557634,0.0893286811053594,-3.5295505690489715,-0.9628248464229243
7.34,-0.4524135262330099,-2.675250188862994,0.08578611620086705,-3.5425649044923415,-0.8271943006209453
7.341,-0.45505298534249633,-2.6035985621510487,0.08223054997526678,-3.555566225600268,-0.8271943006209453
7.3420000000000005,-0.4576205863104586,-2.531535797044187,0.0786619954298797,-3.568554545387087,-0.8271943006209453
7.343,-0.46011592368293347,-2.4590732730885594,0.07508046555302558,-3.581529876854119,-0.8271943006209453
7.344,-0.4625386034172286,-2.3862224329565476,0.0714859733200359,-3.594492232989684,-0.8271943006209453
7.345,-0.4648882429441238,-2.3129947806404867,0.06788130959534273,-3.6046637246931654,-0.6882991968235603
7.346,-0.4671644712283053,-2.2394018796353934,0.06426648455043779,-3.6148250449049435,-0.6882991968235603
7.347,-0.4693669288269374,-2.165455351113535,0.06064150834664128,-3.6249762037965096,-0.6882991968235603
7.348,-0.4714952679464313,-2.091166872089065,0.0570063911351121,-3.6351172115291845,-0.6882991968235603
7.349,-0.4735491524973723,-2.0165481735738324,0.05336114305685797,-3.6452480782541268,-0.6882991968235603
7.3500000000000005,-0.4755282581475779,-1.9416110387254244,0.04970860647287109,-3.652536583986878,-0.546687690550261
7.351,-0.47743227237332136,-1.8663673009862172,0.046048788671657195,-3.6598178012138964,-0.546687690550261
7.352,-0.47926089450868875,-1.7908288422144831,0.042381696934433506,-3.667091737223688,-0.546687690550261
7.353,-0.48101383579304263,-1.7150075908087024,0.038707338535136034,-3.6743583992974695,-0.546687690550261
7.354,-0.48269081941663744,-1.6389155198232481,0.035025720740426855,-3.6816177947091773,-0.546687690550261
7.355,-0.4842915805643151,-1.5625646450783888,0.031339726190357985,-3.685994550068873,-0.4029186577202474
7.356,-0.48581586645733554,-1.485967023262248,0.027649359261684776,-3.690366928673209,-0.4029186577202474
7.357,-0.48726343639328795,-1.409134750027171,0.023954624326785835,-3.694734934898941,-0.4029186577202474
7.3580000000000005,-0.4886340617840968,-1.3320799580798561,0.02025552575366739,-3.6990985731184467,-0.4029186577202474
7.359,-0.4899275261921227,-1.2548148152652874,0.016552067905967655,-3.7034578476997333,-0.4029186577202474
7.36,-0.49114362536434425,-1.1773515226450255,0.012847162326335138,-3.7049055796325177,-0.25755948902421155
7.361,-0.49228216726460194,-1.099702312571134,0.009140810462501769,-3.7063518638333695,-0.25755948902421155
7.362,-0.49334297210393385,-1.0218794467538461,0.0054330137607517485,-3.7077967017500204,-0.25755948902421155
7.363,-0.4943258723689573,-0.9438952143259134,0.0017237736659229939,-3.7092400948287545,-0.25755948902421155
7.364,-0.4952307128483253,-0.8657619299017463,-0.0019869083785914164,-3.71068204451441,-0.25755948902421155
7.365,-0.49605735065723905,-0.7874919316325287,-0.005696103418075167,-3.7091950394837503,-0.11118385069273085
7.3660000000000005,-0.4968056552600047,-0.70909757925841,-0.009403812939533287,-3.707709521458121,-0.11118385069273085
7.367,-0.49747550849065014,-0.6305912521564953,-0.013110038428483805,-3.7062254889505177,-0.11118385069273085
7.368,-0.49806680457158653,-0.5519853473857305,-0.016814781368959225,-3.704742940475422,-0.11118385069273085
7.369,-0.49857945013030697,-0.47329227772988525,-0.020518043243508026,-3.7032618745488013,-0.11118385069273085
7.37,-0.4990133642141355,-0.39452446973680844,-0.02421688924459223,-3.6988460010842057,0.03563057950234283
7.371,-0.4993684783030087,-0.3156943617563984,-0.027911323788085304,-3.6944345434930748,0.03563057950234283
7.372,-0.49964473632029444,-0.23681440197671108,-0.03160135128544484,-3.6900274973595346,0.03563057950234283
7.373,-0.49984209464164997,-0.15789704645762273,-0.03528697614371697,-3.6856248582721283,0.03563057950234283
7.3740000000000006,-0.49996052210190806,-0.07895475716449808,-0.03896820276554078,-3.6812266218238094,0.03563057950234283
7.375,-0.5,-3.386049337954474e-14,-0.0426421020729012,-3.673899307360421,0.18230439207821436
7.376,-0.49996052210190806,0.07895475716451966,-0.0463086813931127,-3.6665793202114965,0.18230439207821436
7.377,-0.4998420946416501,0.15789704645755503,-0.04996794804616242,-3.6592666530497207,0.18230439207821436
7.378,-0.49964473632029466,0.2368144019766434,-0.053619909344717526,-3.6519612985551064,0.18230439207821436
7.3790000000000004,-0.4993684783030086,0.31569436175642,-0.057264572594132514,-3.644663249414987,0.18230439207821436
7.38,-0.49901336421413583,0.3945244697367409,-0.06089902600564798,-3.634453411515462,0.32825873250551163
7.381,-0.4985794501303068,0.4732922777299068,-0.06452327978910181,-3.624253783453836,0.32825873250551163
7.382000000000001,-0.49806680457158575,0.5519853473858409,-0.06813734414412209,-3.614064355020272,0.32825873250551163
7.383,-0.49747550849065,0.6305912521565167,-0.07174122926013723,-3.6038851160151415,0.32825873250551163
7.384,-0.49680565526000453,0.7090975792584314,-0.07533494531638625,-3.5937160562490162,0.32825873250551163
7.385,-0.49605735065723977,0.7874919316324613,-0.07891560930486537,-3.5806639884791127,0.47291758568273623
7.386,-0.4952307128483261,0.8657619299016793,-0.08248323427764234,-3.567624972776979,0.47291758568273623
7.3870000000000005,-0.49432587236895703,0.9438952143259348,-0.08603783327373289,-3.5545989960905473,0.47291758568273623
7.388,-0.49334297210393474,1.0218794467537793,-0.08957941931911369,-3.541586045380802,0.47291758568273623
7.389,-0.4922821672646029,1.0997023125710674,-0.09310800542673546,-3.5285861076217664,0.47291758568273623
7.390000000000001,-0.49114362536434397,1.1773515226450468,-0.0966207487472655,-3.5127433205300482,0.6157100492048271
7.391,-0.4899275261921238,1.2548148152652208,-0.10011766512349093,-3.4969163762254216,0.6157100492048271
7.392,-0.48863406178409646,1.3320799580798772,-0.10359877038235603,-3.4811052588650995,0.6157100492048271
7.393,-0.4872634363932892,1.409134750027105,-0.10706408033497816,-3.465309952622138,0.6157100492048271
7.394,-0.4858158664573368,1.4859670232621822,-0.11051361077666358,-3.4495304416854196,0.6157100492048271
7.3950000000000005,-0.48429158056431465,1.5625646450784099,-0.11394457023617824,-3.430959459514657,0.7560725864538467
7.396,-0.482690819416637,1.638915519823269,-0.11735697728450431,-3.4124070483260653,0.7560725864538467
7.397,-0.48101383579304213,1.7150075908087228,-0.12075085047405297,-3.3938731895486622,0.7560725864538467
7.398000000000001,-0.47926089450868825,1.7908288422145038,-0.12412620833868301,-3.3753578646300366,0.7560725864538467
7.399,-0.477432272373323,1.8663673009861526,-0.12748306939371934,-3.3568610550363296,0.7560725864538467
7.4,-0.4755282581475773,1.9416110387254446,-0.1308187045626882,-3.335635168968877,0.8934512506208162
7.401,-0.473549152497374,2.0165481735737685,-0.1341331350714757,-3.314430508787492,0.8934512506208162
7.402,-0.4714952679464331,2.091166872089001,-0.13742638212474198,-3.2932470532662883,0.8934512506208162
7.4030000000000005,-0.46936692882693687,2.1654553511135552,-0.1406984669059426,-3.2720847812006055,0.8934512506208162
7.404,-0.46716447122830723,2.23940187963533,-0.14394941057734958,-3.2509436714069886,0.8934512506208162
7.405,-0.4648882429441258,2.3129947806404236,-0.14717655722766756,-3.227146650317968,1.0273038708806712
7.406000000000001,-0.4625386034172279,2.3862224329565676,-0.1503799306539176,-3.2033734262500366,1.0273038708806712
7.407,-0.4601159236829356,2.459073273088497,-0.15355955462932377,-3.179623975406173,1.0273038708806712
7.408,-0.45762058631045793,2.5315357970442065,-0.15671545290333694,-3.1558982740131536,1.0273038708806712
7.409,-0.4550529853424986,2.6035985621509874,-0.15984764920165848,-3.132196298321527,1.0273038708806712
7.41,-0.4524135262330092,2.6752501888630134,-0.16295357125983984,-3.1059220581813523,1.1571021920926605
7.4110000000000005,-0.44970262578318354,2.7464793625577335,-0.16603324535212116,-3.0796740922813175,1.1571021920926605
7.412,-0.4469207120756316,2.8172748353228267,-0.16908669772646834,-3.053452374347183,1.1571021920926605
7.413,-0.4440682244067738,2.8876254277325373,-0.17211395460459933,-3.0272568781309825,1.1571021920926605
7.414000000000001,-0.44114561321747675,2.9575200306128724,-0.17511504218201032,-3.001087577410998,1.1571021920926605
7.415,-0.4381533400219338,3.026947606795635,-0.17808748199265226,-2.9724398106419443,1.2823339595821428
7.416,-0.4350918773347633,3.0958971928618726,-0.1810313026842919,-2.9438206916396594,1.2823339595821428
7.417,-0.43196170859642014,3.1643579008725014,-0.18394653287604829,-2.9152301917563768,1.2823339595821428
7.418,-0.42876332809682705,3.2323189200882587,-0.18683320115842125,-2.8866682823729777,1.2823339595821428
7.4190000000000005,-0.4254972408973452,3.2997695186763045,-0.18969133609332023,-2.858134934898962,1.2823339595821428
7.42,-0.4221639627510089,3.366699045405133,-0.19251856279446877,-2.827226701148546,1.402504940775851
7.421,-0.4187640200210705,3.4330969313267543,-0.19531491217010066,-2.7963493756318805,1.402504940775851
7.422000000000001,-0.4152979495979042,3.4989526914451963,-0.1980804150975414,-2.7655029274407315,1.402504940775851
7.423,-0.4117662988142138,3.5642559263724394,-0.2008151024232392,-2.7346873256977737,1.402504940775851
7.424,-0.40816962535859025,3.6289963239708154,-0.20351900496279574,-2.703902539556559,1.402504940775851
7.425,-0.4045084971874742,3.6931636609809035,-0.2061898607822985,-2.6708558195027647,1.5171408757118816
7.426,-0.4007834924354369,3.756747804636485,-0.20882770292846753,-2.6378421461690245,1.5171408757118816
7.4270000000000005,-0.3969951993239187,3.8197387142640395,-0.21143256441497615,-2.604861486508618,1.5171408757118816
7.428,-0.39314421606831296,3.8821264428687967,-0.21400447822248403,-2.5719138075078716,1.5171408757118816
7.429,-0.3892311507835133,3.943901138705258,-0.21654347729867016,-2.538999076186126,1.5171408757118816
7.43,-0.38525662138789873,4.005053046832696,-0.21904742158880555,-2.503944290135396,1.6257893487271895
7.431,-0.38122125550572605,4.06557251065606,-0.22151634614767626,-2.4689245588707167,1.6257893487271895
7.432,-0.377125690368052,4.12544997345038,-0.22395028599501357,-2.433939847337302,1.6257893487271895
7.433,-0.3729705727120938,4.18467597987009,-0.226349276115529,-2.398990120515421,1.6257893487271895
7.434,-0.3687565586790876,4.243241177442344,-0.22871335145894936,-2.364075343420362,1.6257893487271895
7.4350000000000005,-0.3644843137107042,4.301136318043465,-0.2310405022955476,-2.327150836598229,1.7280215739356382
7.436,-0.3601545124439546,4.358352259359549,-0.2333307655498305,-2.2902632542829178,1.7280215739356382
7.437,-0.3557678386046416,4.414879966330322,-0.23558417810938043,-2.253412559549922,1.7280215739356382
7.438,-0.3513249848994264,4.470710512575437,-0.2378007768248921,-2.216598715511659,1.7280215739356382
7.439,-0.34682665290640197,4.525835081804558,-0.23998059851020953,-2.179821685317435,1.7280215739356382
7.44,-0.34227355296434153,4.580244969209116,-0.24212177169209265,-2.1411731818831234,1.823434087449701
7.441,-0.3376664040605123,4.633931582837092,-0.2442243350190449,-2.102563326952246,1.823434087449701
7.442,-0.33300593371712883,4.686886444949899,-0.2462883271009212,-2.0639920818763,1.823434087449701
7.4430000000000005,-0.3282928778764789,4.739101193360996,-0.24831378650896663,-2.0254594080454296,1.823434087449701
7.444,-0.32352798078472583,4.7905675827562,-0.25030075177585503,-1.9869652668883901,1.823434087449701
7.445,-0.3187119948743461,4.841277485996123,-0.25224749707068317,-1.9467452948281343,1.9116503396683715
7.446,-0.31384568064535456,4.891222895399082,-0.2541540626134231,-1.9065655427399388,1.9116503396683715
7.447,-0.3089298065451691,4.940395924006058,-0.2560204885838269,-1.8664259704038315,1.9116503396683715
7.448,-0.30396514884730214,4.988788806825747,-0.25784681512146695,-1.8263265376400601,1.9116503396683715
7.449,-0.298952491528762,5.036393902060909,-0.25963308232577603,-1.7862672043090526,1.9116503396683715
7.45,-0.2938926261462366,5.0832036923152595,-0.26137771681925387,-1.7446344934778162,1.9923221813463725
7.4510000000000005,-0.28878635171113126,5.129210785780225,-0.2630807602346113,-1.703043415357411,1.9923221813463725
7.452,-0.2836344745633789,5.174407917402367,-0.2647422541629264,-1.6614939283151262,1.9923221813463725
7.453,-0.2784378082440921,5.218787950030763,-0.2663622401536863,-1.6199859907598837,1.9923221813463725
7.454,-0.2731971733671359,5.26234387554369,-0.2679407597148285,-1.5785195611421963,1.9923221813463725
7.455,-0.267913397489497,5.305068815955692,-0.26947639813165797,-1.5356384168294535,2.0651312375800295
7.456,-0.2625873149806499,5.3469560245032985,-0.270969198285319,-1.4928001536610234,2.0651312375800295
7.457,-0.25721976689075254,5.387998886710801,-0.2724192030140748,-1.4500047287557618,2.0651312375800295
7.458,-0.2518116008178832,5.428190921434383,-0.2738264551133502,-1.4072520992754054,2.0651312375800295
7.4590000000000005,-0.24636367077414578,5.4675257818859295,-0.27519099733577473,-1.3645422224245294,2.0651312375800295
7.46,-0.2408768370508611,5.5059972566349025,-0.2765115792126911,-1.3205818769163518,2.129790164287657
7.461,-0.23535196608266698,5.543599270589551,-0.2777882447044448,-1.2766654917536822,2.129790164287657
7.462,-0.22978993031074813,5.58032588595589,-0.279021037727421,-1.2327930229761754,2.129790164287657
7.463,-0.22419160804501753,5.616171303175688,-0.2802100021540884,-1.1889644266674462,2.129790164287657
7.464,-0.21855788332546502,5.651129861841991,-0.2813551818130434,-1.1451796589550256,2.129790164287657
7.465,-0.21288964578253847,5.685196041593094,-0.28245549541669496,-1.1003136036515617,2.1860437822254455
7.466,-0.20718779049664135,5.718364462984384,-0.28351098783109835,-1.0554924144034012,2.1860437822254455
7.4670000000000005,-0.2014532178568277,5.750629888337585,-0.28452170387744286,-1.0107160463444889,2.1860437822254455
7.468,-0.19568683341860119,5.781987222567964,-0.2854876883320965,-0.9659844546536355,2.1860437822254455
7.469,-0.18988954776089761,5.812431513989013,-0.2864089859266509,-0.9212975945544729,2.1860437822254455
7.47,-0.18406227634233968,5.841957955094125,-0.2872846888219296,-0.8757028952786544,2.2336700840632018
7.471,-0.17820593935662976,5.870561883316005,-0.2881148426126317,-0.8301537907021117,2.2336700840632018
7.472,-0.17232146158725997,5.898238781762829,-0.28889949284786187,-0.7846502352301455,2.2336700840632018
7.473,-0.1664097722614985,5.924984279931428,-0.2896386850311755,-0.7391921833136513,2.2336700840632018
7.474,-0.16047180490360696,5.950794154397658,-0.29033246462062456,-0.6937795894490737,2.2336700840632018
7.4750000000000005,-0.15450849718747292,5.975664329483115,-0.29098010080827325,-0.6476361876487055,2.2724811105459595
7.476,-0.14852079078852043,5.99959087789882,-0.2915816397375234,-0.6015389292501375,2.2724811105459595
7.477,-0.14250963123498803,6.022570021365468,-0.29213712750563336,-0.5554877681099682,2.2724811105459595
7.478,-0.13647596775866636,6.044598131209869,-0.2926466101637643,-0.5094826581309391,2.2724811105459595
7.479,-0.13042075314494916,6.065671728938174,-0.2931101337170262,-0.46352355326188893,2.2724811105459595
7.48,-0.12434494358242504,6.08578748678498,-0.2935271472728892,-0.4170135558629618,2.302323692283263
7.481,-0.11824949851186381,6.104942228238914,-0.2938976973413506,-0.37055006846143357,2.302323692283263
7.482,-0.11213538047468899,6.123132928544296,-0.29422183038589794,-0.32413304454730685,2.302323692283263
7.4830000000000005,-0.10600355496102262,6.14035671517865,-0.29449959282355503,-0.2777624376570943,2.302323692283263
7.484,-0.09985499025720265,6.156610868306386,-0.2947310310249288,-0.23143820137377194,2.302323692283263
7.485,-0.09369065729286534,6.17189282120832,-0.2949157761870164,-0.1847451620876231,2.3230800542387544
7.486,-0.08751152948763793,6.18620016068695,-0.2950538750028572,-0.1380988158407604,2.3230800542387544
7.487,-0.08131858259744561,6.199530627447486,-0.2951453741187973,-0.09149911594014454,2.3230800542387544
7.488,-0.07511279456037921,6.211882116454723,-0.2951903201345368,-0.04494601573942931,2.3230800542387544
7.489,-0.06889514534232363,6.223252677265337,-0.2951887596031757,0.0015605313610852073,2.3230800542387544
7.49,-0.06266661678215359,6.233640514335988,-0.2951405072667353,0.04825233644041443,2.3346682805345154
7.4910000000000005,-0.056428192436739175,6.243043987306773,-0.29504560981702066,0.09489744971466432,2.3346682805345154
7.492,-0.050180857425609696,6.251461611260289,-0.294904113899145,0.14149591787563998,2.3346682805345154
7.493,-0.04392559827537069,6.258892056956155,-0.2947160661115765,0.18804778756845464,2.3346682805345154
7.494,-0.03766340276396939,6.265334151040841,-0.29448151300618497,0.2345531053915765,2.3346682805345154
7.495,-0.03139525976465657,6.270786876233027,-0.29420045360114405,0.28105940504089477,2.337042637735492
7.496,-0.025122159089881503,6.275249371484187,-0.29387293440275347,0.3275191983905637,2.337042637735492
7.497,-0.018845091334967933,6.278720932114587,-0.2934990018708066,0.373932531946883,2.337042637735492
7.498,-0.012565047721666242,6.281201009924568,-0.2930787024186369,0.4202994521696459,2.337042637735492
7.4990000000000006,-0.00628301994167775,6.2826892132810865,-0.2926120824131647,0.46662000547218613,2.337042637735492
7.5,-5.3896838775215305e-15,6.283185307179586,-0.29209932515259124,0.5127572605734847,2.330193755338539
7.501,0.006283019941674076,6.282689213281087,-0.29154047677417155,0.5588483784196819,2.330193755338539
7.502,0.01256504772166257,6.281201009924569,-0.29093558336902353,0.604893405148033,2.330193755338539
7.503,0.018845091334964263,6.278720932114589,-0.29028469098217385,0.6508923868496558,2.330193755338539
7.5040000000000004,0.02512215908988493,6.275249371484185,-0.28958784561260426,0.6968453695695769,2.330193755338539
7.505,0.031395259764652905,6.270786876233029,-0.2888454141151492,0.7424314974550783,2.31414866275355
7.506,0.03766340276396573,6.265334151040845,-0.2880574420759365,0.7879720392126942,2.31414866275355
7.507000000000001,0.04392559827537411,6.258892056956151,-0.28722397503550795,0.8334670404285525,2.31414866275355
7.508,0.05018085742560604,6.251461611260294,-0.28634505848886477,0.878916546643195,2.31414866275355
7.509,0.05642819243674258,6.243043987306768,-0.28542073788551314,0.9243206033516228,2.31414866275355
7.51,0.06266661678214995,6.2336405143359945,-0.2844515621891123,0.969175696400884,2.2889706826306377
7.511,0.06889514534232,6.223252677265343,-0.2834375762547552,1.0139859343570958,2.2889706826306377
7.5120000000000005,0.07511279456038261,6.211882116454716,-0.28237882489267985,1.0587513620753515,2.2889706826306377
7.513,0.08131858259744199,6.199530627447493,-0.28127535286831395,1.1034720243658889,2.2889706826306377
7.514,0.08751152948763433,6.186200160686958,-0.2801272049023198,1.1481479659941358,2.2889706826306377
7.515000000000001,0.09369065729286173,6.171892821208329,-0.27893510990067255,1.192095001647234,2.254759180954621
7.516,0.09985499025719906,6.1566108683063945,-0.27769911181040785,1.2359980902646792,2.254759180954621
7.517,0.10600355496102597,6.140356715178641,-0.27641925453461436,1.279857275793507,2.254759180954621
7.518,0.11213538047468541,6.123132928544306,-0.2750955819324776,1.323672602136806,2.254759180954621
7.519,0.11824949851186024,6.104942228238926,-0.2737281378193238,1.3674441131537616,2.254759180954621
7.5200000000000005,0.12434494358242837,6.0857874867849695,-0.27231782816678535,1.410309652538465,2.211649174892867
7.521,0.1304207531449456,6.065671728938186,-0.27086469584040157,1.4531323263837839,2.211649174892867
7.522,0.13647596775866283,6.044598131209883,-0.26936878366284633,1.4959121775552575,2.211649174892867
7.523000000000001,0.1425096312349913,6.022570021365455,-0.2678301344139708,1.5386492488755596,2.211649174892867
7.524,0.1485207907885169,5.999590877898834,-0.26624879083084624,1.5813435831245415,2.211649174892867
7.525,0.1545084971874762,5.975664329483101,-0.26462583237530596,1.6229584555403012,2.1598107999442124
7.526,0.16047180490360347,5.9507941543976735,-0.2629613006622223,1.664531713083645,2.1598107999442124
7.527,0.16640977226149503,5.924984279931443,-0.26125523726485284,1.7060633973694457,2.1598107999442124
7.5280000000000005,0.17232146158725653,5.898238781762844,-0.25950768371488186,1.7475535499709605,2.1598107999442124
7.529,0.17820593935662632,5.870561883316022,-0.25771868150246197,1.7890022124198737,2.1598107999442124
7.53,0.18406227634233627,5.841957955094142,-0.2558894793194847,1.8292021829772913,2.099448638491877
7.531000000000001,0.18988954776090078,5.812431513988996,-0.25402011736592056,1.8693619535641515,2.099448638491877
7.532,0.1956868334185978,5.781987222567983,-0.25211063580154014,1.9094815643804248,2.099448638491877
7.533,0.20145321785683085,5.750629888337567,-0.2501610747459543,1.949561055585882,2.099448638491877
7.534,0.207187790496638,5.718364462984404,-0.24817147427865416,1.9896004673001337,2.099448638491877
7.535,0.21288964578253514,5.685196041593114,-0.24614324739357313,2.028226885081039,2.030800912410273
7.5360000000000005,0.2185578833254681,5.651129861841972,-0.24407643271712898,2.0668146764441637,2.030800912410273
7.537,0.22419160804501426,5.616171303175709,-0.24197106883711306,2.105363880015925,2.030800912410273
7.538,0.22978993031074488,5.5803258859559115,-0.23982719430272895,2.1438745343841146,2.030800912410273
7.539000000000001,0.23535196608267,5.543599270589531,-0.237644847624631,2.182346678097936,2.030800912410273
7.54,0.24087683705085788,5.505997256634925,-0.23542560052235292,2.2192471022780795,1.9541385429120743
7.541,0.24636367077414878,5.467525781885908,-0.2331694898963189,2.256110626034043,1.9541385429120743
7.542,0.25181160081788,5.428190921434406,-0.23087655261005263,2.2929372862662505,1.9541385429120743
7.543,0.25721976689074944,5.387998886710825,-0.2285468254902144,2.3297271198382257,1.9541385429120743
7.5440000000000005,0.26258731498064675,5.346956024503322,-0.22618034532663778,2.366480163576629,1.9541385429120743
7.545,0.2679133974894939,5.305068815955717,-0.22377883636159782,2.401508965039972,1.8697640813459897
7.546,0.27319717336713284,5.262343875543715,-0.22134233362389596,2.436502737701852,1.8697640813459897
7.547000000000001,0.2784378082440949,5.218787950030739,-0.21887087210730488,2.47146151659107,1.8697640813459897
7.548,0.2836344745633759,5.174407917402394,-0.2163644867706035,2.5063853367013986,1.8697640813459897
7.549,0.28878635171113404,5.1292107857802005,-0.21382321253761188,2.541274232991617,1.8697640813459897
7.55,0.2938926261462336,5.083203692315286,-0.21124891936854998,2.5742931690619213,1.7780105151647918
7.551,0.2989524915287591,5.0363939020609365,-0.20864164028235382,2.6072790861961552,1.7780105151647918
7.5520000000000005,0.30396514884730486,4.9887888068257205,-0.20600140826494057,2.640232017413255,1.7780105151647918
7.553,0.3089298065451662,4.940395924006087,-0.20332825626924142,2.6731519956991376,1.7780105151647918
7.554,0.31384568064535173,4.89122289539911,-0.20062221721523468,2.7060390540067343,1.7780105151647918
7.555,0.3187119948743433,4.8412774859961525,-0.19788529940120644,2.736917814028247,1.6792399537759812
7.556,0.323527980784723,4.79056758275623,-0.1951175337059167,2.7677656952897385,1.6792399537759812
7.557,0.3282928778764761,4.7391011933610265,-0.19231895097724672,2.7985827286699685,1.6792399537759812
7.558,0.33300593371712606,4.68688644494993,-0.1894895820322299,2.8293689450168182,1.6792399537759812
7.559,0.3376664040605096,4.633931582837122,-0.18662945765708258,2.860124375147321,1.6792399537759812
7.5600000000000005,0.34227355296434403,4.580244969209087,-0.1837407165623212,2.8887410947614014,1.573842199461383
7.561,0.34682665290639936,4.52583508180459,-0.18082338736466533,2.9173291976558677,1.573842199461383
7.562,0.35132498489942376,4.470710512575469,-0.17787749865221789,2.9458887124474393,1.573842199461383
7.563,0.35576783860463906,4.414879966330355,-0.17490307898449367,2.9744196677242196,1.573842199461383
7.564,0.3601545124439521,4.358352259359583,-0.17190015689244795,3.002922092045723,1.573842199461383
7.565,0.36448431371070655,4.301136318043434,-0.16887099305831416,3.0291638341337896,1.4622332090056223
7.566,0.3687565586790851,4.2432411774423775,-0.16581561372383438,3.055379334479768,1.4622332090056223
7.567,0.37297057271209133,4.184675979870124,-0.16273404510450898,3.081568619325401,1.4622332090056223
7.5680000000000005,0.3771256903680542,4.125449973450347,-0.1596263133896228,3.1077317148861883,1.4622332090056223
7.569,0.38122125550572367,4.065572510656096,-0.1564924447422714,3.1338686473514143,1.4622332090056223
7.57,0.3852566213878964,4.005053046832732,-0.15333481289452525,3.1576318477461576,1.3448534521047308
7.571,0.38923115078351095,3.9439011387052942,-0.15015344160958474,3.1813712849405062,1.3448534521047308
7.572,0.3931442160683107,3.882126442868833,-0.14694835462688707,3.2050869826976602,1.3448534521047308
7.573,0.39699519932391647,3.819738714264076,-0.14371957566213,3.228778964757057,1.3448534521047308
7.574,0.40078349243543476,3.7567478046365217,-0.1404671284072956,3.2524472548343946,1.3448534521047308
7.575,0.4045084971874721,3.6931636609809413,-0.13719349027625538,3.2736381310402303,1.2221661730334996
7.5760000000000005,0.40816962535859225,3.62899632397078,-0.1338986824598855,3.29480781636986,1.2221661730334996
7.577,0.41176629881421173,3.564255926372477,-0.13058272612787136,3.3159563320141605,1.2221661730334996
7.578,0.4152979495979061,3.4989526914451607,-0.12724564242872854,3.3370836991428163,1.2221661730334996
7.579,0.4187640200210685,3.4330969313267934,-0.1238874524898242,3.3581899389043435,1.2221661730334996
7.58,0.4221639627510069,3.366699045405172,-0.12051072762961013,3.376724860214077,1.0946555624319108
7.581,0.425497240897347,3.2997695186762677,-0.11711548638300763,3.3952412466025015,1.0946555624319108
7.582,0.42876332809682516,3.2323189200882987,-0.11370174726640309,3.413739116604537,1.0946555624319108
7.583,0.4319617085964183,3.1643579008725413,-0.11026952877766652,3.432218488736571,1.0946555624319108
7.5840000000000005,0.435091877334765,3.0958971928618353,-0.10681884939617005,3.4506793814964727,1.0946555624319108
7.585,0.438153340021932,3.0269476067956753,-0.10335236419712655,3.4664851990434955,0.962824846425965
7.586,0.441145613217475,2.957520030612913,-0.09987008898635358,3.482275210772971,0.962824846425965
7.587,0.4440682244067721,2.887625427732578,-0.09637203955386286,3.4980494324907174,0.962824846425965
7.588,0.44692071207562994,2.817274835322868,-0.09285823167387612,3.513807879986746,0.962824846425965
7.589,0.44970262578318504,2.7464793625576944,-0.08932868110484084,3.5295505690352784,0.962824846425965
7.59,0.4524135262330076,2.675250188863055,-0.08578611620036211,3.5425649044787235,0.8271943006240301
7.591,0.45505298534249705,2.603598562151029,-0.08223054997477539,3.5555662255867255,0.8271943006240301
7.5920000000000005,0.4576205863104593,2.5315357970441674,-0.07866199542940176,3.5685545453736194,0.8271943006240301
7.593,0.46011592368293414,2.45907327308854,-0.07508046555256104,3.5815298768407264,0.8271943006240301
7.594,0.4625386034172292,2.3862224329565276,-0.07148597331958467,3.5944922329763664,0.8271943006240301
7.595,0.46488824294412445,2.3129947806404667,-0.06788130959490475,3.604663724679923,0.6882991968266483
7.596,0.4671644712283059,2.239401879635373,-0.06426648455001298,3.6148250448917763,0.6882991968266483
7.597,0.46936692882693803,2.165455351113515,-0.06064150834622956,3.6249762037834174,0.6882991968266483
7.598,0.4714952679464319,2.0911668720890444,-0.0570063911347134,3.635117211516167,0.6882991968266483
7.599,0.47354915249737284,2.016548173573812,-0.053361143056472216,3.645248078241184,0.6882991968266483
7.6000000000000005,0.4755282581475762,1.9416110387254886,-0.0497086064724982,3.6525365839740105,0.5466876905533882
7.601,0.47743227237332186,1.8663673009861965,-0.046048788671297095,3.6598178012011044,0.5466876905533882
7.602,0.4792608945086872,1.790828842214548,-0.042381696934086124,3.667091737210971,0.5466876905533882
7.603,0.48101383579304113,1.7150075908087676,-0.038707338534801294,3.6743583992848277,0.5466876905533882
7.604,0.48269081941663605,1.6389155198233136,-0.03502572074010468,3.6816177946966104,0.5466876905533882
7.605,0.4842915805643155,1.562564645078368,-0.0313397261900483,3.6859945500563813,0.40291865772336755
7.606,0.485815866457336,1.485967023262227,-0.02764935926138751,3.6903669286607923,0.40291865772336755
7.607,0.48726343639328834,1.40913475002715,-0.02395462432650091,3.6947349348865988,0.40291865772336755
7.6080000000000005,0.4886340617840972,1.3320799580798353,-0.020255525753394732,3.6990985731061796,0.40291865772336755
7.609,0.48992752619212304,1.2548148152652663,-0.01655206790570719,3.703457847687541,0.40291865772336755
7.61,0.4911436253643446,1.1773515226450044,-0.01284716232608679,3.7049055796204002,0.2575594890273427
7.611,0.4922821672646022,1.099702312571113,-0.009140810462265463,3.7063518638213266,0.2575594890273427
7.612,0.49334297210393413,1.021879446753825,-0.005433013760527411,3.707796701738052,0.2575594890273427
7.613,0.4943258723689576,0.9438952143258921,-0.0017237736657105497,3.709240094816861,0.2575594890273427
7.614,0.4952307128483256,0.865761929901725,0.001986908378792041,3.7106820445025908,0.2575594890273427
7.615,0.49605735065723927,0.7874919316325073,0.005696103418264047,3.7091950394720055,0.11118385069586945
7.6160000000000005,0.4968056552600041,0.7090975792584774,0.009403812939710498,3.707709521446451,0.11118385069586945
7.617,0.4974755084906496,0.6305912521565626,0.013110038428649419,3.7062254889389217,0.11118385069586945
7.618,0.4980668045715861,0.5519853473857979,0.01681478136911332,3.7047429404639,0.11118385069586945
7.619,0.4985794501303065,0.47329227772995286,0.020518043243650676,3.7032618745373536,0.11118385069586945
7.62,0.4990133642141356,0.394524469736787,0.024216889244723507,3.698846001072832,-0.03563057949920012
7.621,0.4993684783030088,0.31569436175637694,0.027911323788205284,3.6944345434817754,-0.03563057949920012
7.622,0.4996447363202945,0.23681440197668954,0.031601351285553594,3.6900274973483094,-0.03563057949920012
7.623,0.49984209464164997,0.1578970464576012,0.03528697614381457,3.685624858260977,-0.03563057949920012
7.6240000000000006,0.4999605221019081,0.07895475716447654,0.0389682027656273,3.681226621812732,-0.03563057949920012
7.625,0.5,1.2307603269778214e-14,0.042642102072976716,3.673899307349418,-0.18230439207507043
7.626,0.49996052210190806,-0.07895475716454121,0.04630868139317729,3.666579320200567,-0.18230439207507043
7.627,0.49984209464165,-0.1578970464575766,0.049967948046216154,3.659266653038865,-0.18230439207507043
7.628,0.49964473632029455,-0.23681440197666495,0.05361990934476048,3.651961298544325,-0.18230439207507043
7.6290000000000004,0.4993684783030089,-0.31569436175635235,0.05726457259416476,3.644663249404279,-0.18230439207507043
7.63,0.4990133642141357,-0.3945244697367624,0.060899026005669585,3.6344534115048273,-0.3282587325023705
7.631,0.4985794501303072,-0.47329227772983923,0.06452327978911286,3.624253783443275,-0.3282587325023705
7.632000000000001,0.49806680457158625,-0.5519853473857734,0.06813734414412265,3.6140643550097846,-0.3282587325023705
7.633,0.4974755084906505,-0.6305912521564493,0.07174122926012738,3.6038851160047276,-0.3282587325023705
7.634,0.4968056552600043,-0.7090975792584528,0.07533494531636606,3.5937160562386756,-0.3282587325023705
7.635,0.49605735065723955,-0.7874919316324829,0.0789156093048349,3.580663988468845,-0.4729175856796006
7.636,0.49523071284832587,-0.8657619299017005,0.0824832342776017,3.567624972766784,-0.4729175856796006
7.6370000000000005,0.4943258723689568,-0.943895214325956,0.08603783327368211,3.554598996080425,-0.4729175856796006
7.638,0.49334297210393446,-1.0218794467538006,0.08957941931905286,3.5415860453707526,-0.4729175856796006
7.639,0.49228216726460255,-1.0997023125710887,0.09310800542666466,3.52858610761179,-0.4729175856796006
7.640000000000001,0.49114362536434364,-1.177351522645068,0.0966207487471848,3.512743320520144,-0.6157100492016994
7.641,0.4899275261921235,-1.2548148152652419,0.1001176651234004,3.49691637621559,-0.6157100492016994
7.642,0.4886340617840961,-1.3320799580798983,0.10359877038225573,3.48110525885534,-0.6157100492016994
7.643,0.4872634363932888,-1.4091347500271258,0.10706408033486818,3.4653099526124507,-0.6157100492016994
7.644,0.48581586645733643,-1.485967023262203,0.11051361077654398,3.449530441675804,-0.6157100492016994
7.6450000000000005,0.484291580564316,-1.5625646450783441,0.11394457023604909,3.4309594595051145,-0.7560725864507005
7.646,0.48269081941663844,-1.6389155198232037,0.11735697728436568,3.4124070483165956,-0.7560725864507005
7.647,0.48101383579304363,-1.7150075908086577,0.12075085047390495,3.393873189539265,-0.7560725864507005
7.648000000000001,0.47926089450868775,-1.7908288422145244,0.12412620833852567,3.3753578646207116,-0.7560725864507005
7.649,0.4774322723733225,-1.8663673009861732,0.12748306939355275,3.356861055027077,-0.7560725864507005
7.65,0.4755282581475768,-1.9416110387254653,0.13081870456251243,3.3356351689596955,-0.8934512506177145
7.651,0.47354915249737345,-2.0165481735737885,0.13413313507129082,3.3144305087783814,-0.8934512506177145
7.652,0.47149526794643254,-2.0911668720890217,0.13742638212454808,3.293247053257249,-0.8934512506177145
7.6530000000000005,0.46936692882693626,-2.1654553511135752,0.14069846690573973,3.272084781191637,-0.8934512506177145
7.654,0.4671644712283066,-2.23940187963535,0.1439494105771378,3.2509436713980913,-0.8934512506177145
7.655,0.4648882429441252,-2.3129947806404436,0.14717655722744696,3.2271466503091415,-1.0273038708775857
7.656000000000001,0.46253860341722725,-2.3862224329565875,0.15037993065368824,3.2033734262412805,-1.0273038708775857
7.657,0.4601159236829349,-2.459073273088517,0.15355955462908571,3.1796239753974875,-1.0273038708775857
7.658,0.4576205863104572,-2.531535797044226,0.15671545290309025,3.1558982740045383,-1.0273038708775857
7.659,0.4550529853424979,-2.603598562151007,0.15984764920140324,3.132196298312982,-1.0273038708775857
7.66,0.45241352623301145,-2.675250188862952,0.1629535712595761,3.1059220581728777,-1.1571021920895637
7.6610000000000005,0.44970262578318587,-2.7464793625576727,0.16603324535184902,3.0796740922729136,-1.1571021920895637
7.662,0.44692071207563405,-2.8172748353227663,0.16908669772618787,3.0534523743388493,-1.1571021920895637
7.663,0.444068224406773,-2.8876254277325564,0.1721139546043106,3.0272568781227194,-1.1571021920895637
7.664000000000001,0.4411456132174759,-2.957520030612891,0.1751150421817134,3.001087577402805,-1.1571021920895637
7.665,0.43815334002193296,-3.0269476067956536,0.17808748199234722,2.9724398106338206,-1.2823339595790981
7.666,0.43509187733476246,-3.0958971928618917,0.18103130268397882,2.943820691631605,-1.2823339595790981
7.667,0.43196170859641925,-3.16435790087252,0.1839465328757272,2.9152301917483916,-1.2823339595790981
7.668,0.42876332809682616,-3.2323189200882774,0.18683320115809227,2.8866682823650613,-1.2823339595790981
7.6690000000000005,0.4254972408973443,-3.2997695186763227,0.1896913360929834,2.8581349348911145,-1.2823339595790981
7.67,0.422163962751008,-3.3666990454051513,0.19251856279412416,2.827226701140767,-1.4025049407728305
7.671,0.41876402002106955,-3.4330969313267725,0.19531491216974833,2.7963493756241693,-1.4025049407728305
7.672000000000001,0.4152979495979072,-3.4989526914451408,0.1980804150971814,2.7655029274330887,-1.4025049407728305
7.673,0.41176629881421284,-3.5642559263724567,0.20081510242287162,2.734687325690199,-1.4025049407728305
7.674,0.40816962535859336,-3.6289963239707603,0.20351900496242067,2.703902539549052,-1.4025049407728305
7.675,0.40450849718747744,-3.6931636609808494,0.206189860781916,2.670855819495326,-1.5171408757088565
7.676,0.40078349243544015,-3.75674780463643,0.20882770292807767,2.6378421461616535,-1.5171408757088565
7.6770000000000005,0.3969951993239177,-3.8197387142640564,0.211432564414579,2.604861486501315,-1.5171408757088565
7.678,0.3931442160683119,-3.8821264428688136,0.21400447822207963,2.5719138075006365,-1.5171408757088565
7.679,0.3892311507835122,-3.9439011387052747,0.2165434772982586,2.5389990761789587,-1.5171408757088565
7.68,0.3852566213878976,-4.005053046832712,0.2190474215883869,2.5039442901282953,-1.6257893487242232
7.681,0.38122125550572494,-4.065572510656076,0.22151634614725058,2.468924558863683,-1.6257893487242232
7.682,0.3771256903680508,-4.1254499734503955,0.22395028599458092,2.433939847330335,-1.6257893487242232
7.683,0.3729705727120926,-4.184675979870106,0.22634927611508943,2.39899012050852,-1.6257893487242232
7.684,0.3687565586790864,-4.24324117744236,0.22871335145850297,2.364075343413527,-1.6257893487242232
7.6850000000000005,0.364484313710703,-4.301136318043481,0.23104050229509443,2.3271508365914597,-1.7280215739327023
7.686,0.3601545124439534,-4.358352259359565,0.23333076554937066,2.2902632542762142,-1.7280215739327023
7.687,0.35576783860464045,-4.4148799663303375,0.23558417810891394,2.253412559543284,-1.7280215739327023
7.688,0.3513249848994251,-4.470710512575452,0.23780077682441902,2.2165987155050866,-1.7280215739327023
7.689,0.34682665290640585,-4.5258350818045106,0.23998059850972994,2.1798216853109276,-1.7280215739327023
7.69,0.3422735529643455,-4.58024496920907,0.24212177169160662,2.1411731818766815,-1.823434087446768
7.691,0.33766640406051623,-4.633931582837046,0.24422433501855248,2.1025633269458694,-1.823434087446768
7.692,0.33300593371712756,-4.686886444949913,0.24628832710042248,2.0639920818699884,-1.823434087446768
7.6930000000000005,0.3282928778764776,-4.7391011933610105,0.24831378650846167,2.025459408039183,-1.823434087446768
7.694,0.3235279807847245,-4.790567582756214,0.2503007517753439,1.9869652668822084,-1.823434087446768
7.695,0.3187119948743448,-4.841277485996137,0.2522474970701659,1.946745294822016,-1.9116503396655018
7.696,0.31384568064535323,-4.891222895399095,0.2541540626128998,1.9065655427338841,-1.9116503396655018
7.697,0.3089298065451677,-4.940395924006071,0.2560204885832976,1.8664259703978403,-1.9116503396655018
7.698,0.30396514884730075,-4.9887888068257595,0.25784681512093177,1.8263265376341324,-1.9116503396655018
7.699,0.29895249152876063,-5.036393902060922,0.25963308232523497,1.7862672043031882,-1.9116503396655018
7.7,0.29389262614623524,-5.083203692315272,0.261377716818707,1.7446344934720144,-1.9923221813435372
7.7010000000000005,0.2887863517111299,-5.129210785780238,0.26308076023405863,1.7030434153516716,-1.9923221813435372
7.702,0.28363447456337754,-5.174407917402379,0.2647422541623681,1.6614939283094492,-1.9923221813435372
7.703,0.27843780824409653,-5.218787950030725,0.2663622401531223,1.619985990754269,-1.9923221813435372
7.704,0.2731971733671404,-5.262343875543653,0.26794075971425896,1.578519561136644,-1.9923221813435372
7.705,0.26791339748950155,-5.305068815955655,0.26947639813108293,1.5356384168239634,-2.065131237577204
7.706,0.2625873149806484,-5.346956024503309,0.27096919828473853,1.4928001536555953,-2.065131237577204
7.707,0.2572197668907572,-5.387998886710767,0.27241920301348893,1.4500047287503957,-2.065131237577204
7.708,0.2518116008178817,-5.4281909214343935,0.27382645511275905,1.4072520992701012,-2.065131237577204
7.7090000000000005,0.2463636707741443,-5.46752578188594,0.2751909973351783,1.3645422224192871,-2.065131237577204
7.71,0.2408768370508596,-5.505997256634912,0.27651157921208946,1.32058187691117,-2.129790164284897
7.711,0.23535196608266548,-5.543599270589562,0.277788244703838,1.2766654917485607,-2.129790164284897
7.712,0.22978993031074663,-5.5803258859559,0.27902103772680914,1.2327930229711141,-2.129790164284897
7.713,0.224191608045016,-5.6161713031756975,0.2802100021534716,1.188964426662445,-2.129790164284897
7.714,0.2185578833254635,-5.6511298618420005,0.28135518181242164,1.1451796589500847,-2.129790164284897
7.715,0.2128896457825369,-5.6851960415931035,0.28245549541606835,1.10031360364668,-2.186043782222726
7.716,0.20718779049663977,-5.718364462984393,0.2835109878304669,1.0554924143985789,-2.186043782222726
7.7170000000000005,0.20145321785683262,-5.750629888337557,0.28452170387680664,1.0107160463397258,-2.186043782222726
7.718,0.19568683341860615,-5.781987222567938,0.28548768833145555,0.9659844546489316,-2.186043782222726
7.719,0.1898895477609026,-5.8124315139889875,0.2864089859260054,0.9212975945498281,-2.186043782222726
7.72,0.1840622763423447,-5.8419579550941005,0.28728468882127944,0.8757028952740682,-2.2336700840605
7.721,0.17820593935662815,-5.870561883316013,0.288114842611977,0.8301537906975841,-2.2336700840605
7.722,0.17232146158725836,-5.898238781762835,0.2888994928472027,0.7846502352256766,-2.2336700840605
7.723,0.1664097722614969,-5.924984279931435,0.28963868503051193,0.7391921833092409,-2.2336700840605
7.724,0.16047180490360533,-5.9507941543976655,0.29033246461995665,0.6937795894447216,-2.2336700840605
7.7250000000000005,0.15450849718747128,-5.975664329483122,0.29098010080760106,0.6476361876444104,-2.272481110543324
7.726,0.1485207907885188,-5.999590877898827,0.291581639736847,0.6015389292458996,-2.272481110543324
7.727,0.14250963123498636,-6.022570021365474,0.29213712750495274,0.5554877681057873,-2.272481110543324
7.728,0.13647596775866472,-6.0445981312098755,0.2926466101630796,0.509482658126815,-2.272481110543324
7.729,0.13042075314494753,-6.06567172893818,0.2931101337163374,0.46352355325782174,-2.272481110543324
7.73,0.12434494358242337,-6.0857874867849855,0.2935271472721963,0.4170135558589505,-2.3023236922806705
7.731,0.11824949851186214,-6.1049422282389205,0.2938976973406538,0.3705500684574781,-2.3023236922806705
7.732,0.11213538047469424,-6.123132928544281,0.2942218303851972,0.32413304454340724,-2.3023236922806705
7.7330000000000005,0.10600355496102788,-6.140356715178636,0.2944995928228505,0.2777624376532504,-2.3023236922806705
7.734,0.09985499025720794,-6.156610868306372,0.2947310310242205,0.23143820136998378,-2.3023236922806705
7.735,0.09369065729286365,-6.171892821208324,0.2949157761863044,0.1847451620838897,-2.323080054236206
7.736,0.08751152948764325,-6.186200160686939,0.2950538750021415,0.13809881583708167,-2.323080054236206
7.737,0.08131858259744391,-6.199530627447489,0.295145374118078,0.09149911593652046,-2.323080054236206
7.738,0.07511279456037752,-6.211882116454726,0.29519032013381385,0.04494601573585983,-2.323080054236206
7.739,0.06889514534232193,-6.223252677265339,0.2951887596024493,-0.0015605313646001387,-2.323080054236206
7.74,0.0626666167821519,-6.233640514335991,0.2951405072660054,-0.048252336443875776,-2.334668280532012
7.7410000000000005,0.05642819243673747,-6.243043987306775,0.2950456098162873,-0.09489744971807214,-2.334668280532012
7.742,0.05018085742560799,-6.251461611260291,0.2949041138984083,-0.1414959178789943,-2.334668280532012
7.743,0.04392559827536898,-6.258892056956157,0.29471606611083656,-0.18804778757175555,-2.334668280532012
7.744,0.037663402763967686,-6.265334151040842,0.29448151300544173,-0.23455310539482405,-2.334668280532012
7.745,0.031395259764654855,-6.2707868762330286,0.29420045360039765,-0.28105940504408994,-2.337042637733035
7.746,0.025122159089886888,-6.2752493714841835,0.29387293440200396,-0.3275191983937066,-2.337042637733035
7.747,0.018845091334973318,-6.2787209321145845,0.293499001870054,-0.37393253194997356,-2.337042637733035
7.748,0.012565047721671632,-6.281201009924565,0.2930787024178813,-0.4202994521726843,-2.337042637733035
7.7490000000000006,0.006283019941676035,-6.2826892132810865,0.29261208241240616,-0.4666200054751723,-2.337042637733035
7.75,3.674559378078648e-15,-6.283185307179586,0.29209932515182974,-0.5127572605764197,-2.330193755336129
7.751,-0.006283019941675791,-6.2826892132810865,0.29154047677340716,-0.5588483784225659,-2.330193755336129
7.752,-0.012565047721664285,-6.281201009924568,0.2909355833682563,-0.6048934051508659,-2.330193755336129
7.753,-0.018845091334965976,-6.278720932114588,0.29028469098140386,-0.6508923868524376,-2.330193755336129
7.7540000000000004,-0.02512215908988664,-6.275249371484184,0.28958784561183154,-0.6968453695723077,-2.330193755336129
7.755,-0.03139525976465461,-6.2707868762330286,0.28884541411437376,-0.7424314974577592,-2.3141486627511885
7.756,-0.03766340276396744,-6.265334151040843,0.28805744207515843,-0.7879720392153252,-2.3141486627511885
7.757000000000001,-0.043925598275375816,-6.2588920569561495,0.2872239750347273,-0.8334670404311336,-2.3141486627511885
7.758,-0.050180857425607746,-6.251461611260291,0.28634505848808156,-0.8789165466457263,-2.3141486627511885
7.759,-0.05642819243674429,-6.243043987306765,0.28542073788472744,-0.9243206033541043,-2.3141486627511885
7.76,-0.06266661678215164,-6.233640514335992,0.2844515621883241,-0.9691756964033167,-2.2889706826283245
7.761,-0.06889514534231465,-6.223252677265352,0.28343757625396465,-1.01398593435948,-2.2889706826283245
7.7620000000000005,-0.07511279456037728,-6.211882116454727,0.282378824891887,-1.058751362077687,-2.2889706826283245
7.763,-0.08131858259743667,-6.199530627447505,0.2812753528675188,-1.1034720243681757,-2.2889706826283245
7.764,-0.087511529487636,-6.186200160686955,0.28012720490152243,-1.148147965996374,-2.2889706826283245
7.765000000000001,-0.09369065729286341,-6.171892821208324,0.278935109899873,-1.1920950016494247,-2.2547591809523566
7.766,-0.09985499025720074,-6.156610868306391,0.2776991118096062,-1.2359980902668224,-2.2547591809523566
7.767,-0.10600355496102765,-6.140356715178637,0.2764192545338106,-1.2798572757956026,-2.2547591809523566
7.768,-0.11213538047468707,-6.123132928544302,0.2750955819316718,-1.323672602138854,-2.2547591809523566
7.769,-0.11824949851186191,-6.1049422282389205,0.273728137818516,-1.3674441131557624,-2.2547591809523566
7.7700000000000005,-0.12434494358243002,-6.085787486784964,0.2723178281659756,-1.4103096525404197,-2.2116491748906526
7.771,-0.13042075314494728,-6.06567172893818,0.2708646958395899,-1.4531323263856923,-2.2116491748906526
7.772,-0.13647596775866447,-6.044598131209876,0.26936878366203276,-1.4959121775571198,-2.2116491748906526
7.773000000000001,-0.14250963123499294,-6.022570021365449,0.2678301344131554,-1.5386492488773758,-2.2116491748906526
7.774,-0.14852079078851854,-5.999590877898827,0.26624879083002906,-1.5813435831263114,-2.2116491748906526
7.775,-0.15450849718747106,-5.975664329483123,0.26462583237448706,-1.622958455542026,-2.1598107999420435
7.776,-0.1604718049036051,-5.950794154397666,0.2629613006614017,-1.6645317130853248,-2.1598107999420435
7.777,-0.16640977226148995,-5.924984279931465,0.26125523726403066,-1.7060633973710804,-2.1598107999420435
7.7780000000000005,-0.17232146158725814,-5.898238781762837,0.25950768371405813,-1.74755354997255,-2.1598107999420435
7.779,-0.17820593935662127,-5.870561883316046,0.25771868150163674,-1.7890022124214184,-2.1598107999420435
7.78,-0.18406227634233788,-5.841957955094134,0.25588947931865796,-1.8292021829787923,-2.099448638489764
7.781000000000001,-0.18988954776090236,-5.812431513988988,0.25402011736509233,-1.8693619535656087,-2.099448638489764
7.782,-0.19568683341859938,-5.781987222567974,0.25211063580071047,-1.9094815643818384,-2.099448638489764
7.783,-0.2014532178568324,-5.750629888337559,0.2501610747451232,-1.9495610555872518,-2.099448638489764
7.784,-0.20718779049663955,-5.718364462984394,0.24817147427782177,-1.9896004673014598,-2.099448638489764
7.785,-0.2128896457825367,-5.685196041593104,0.24614324739273943,-2.0282268850823226,-2.0308009124082105
7.7860000000000005,-0.21855788332546966,-5.651129861841963,0.24407643271629403,-2.0668146764454045,-2.0308009124082105
7.787,-0.22419160804501578,-5.616171303175699,0.24197106883627692,-2.1053638800171233,-2.0308009124082105
7.788,-0.2297899303107464,-5.580325885955901,0.23982719430189164,-2.1438745343852705,-2.0308009124082105
7.789000000000001,-0.23535196608266526,-5.543599270589563,0.2376448476237926,-2.1823466780990493,-2.0308009124082105
7.79,-0.24087683705085317,-5.5059972566349575,0.23542560052151343,-2.2192471022791516,-1.954138542910064
7.791,-0.2463636707741441,-5.467525781885941,0.23316948989547837,-2.2561106260350736,-1.954138542910064
7.792,-0.25181160081787535,-5.428190921434441,0.23087655260921114,-2.29293728626724,-1.954138542910064
7.793,-0.2572197668907509,-5.387998886710815,0.22854682548937197,-2.329727119839174,-1.954138542910064
7.7940000000000005,-0.26258731498064825,-5.346956024503311,0.22618034532579442,-2.366480163577536,-1.954138542910064
7.795,-0.26791339748949533,-5.305068815955705,0.22377883636075357,-2.401508965040839,-1.8697640813440302
7.796,-0.2731971733671342,-5.262343875543704,0.2213423336230509,-2.436502737702679,-1.8697640813440302
7.797000000000001,-0.27843780824409636,-5.218787950030727,0.21887087210645903,-2.471461516591857,-1.8697640813440302
7.798,-0.2836344745633773,-5.174407917402381,0.2163644867697569,-2.5063853367021456,-1.8697640813440302
7.799,-0.2887863517111354,-5.129210785780188,0.21382321253676456,-2.541274232992324,-1.8697640813440302
7.8,-0.293892626146235,-5.083203692315274,0.21124891936770196,-2.5742931690625896,-1.778010515162884
7.801,-0.29895249152876047,-5.036393902060924,0.20864164028150517,-2.607279086196785,-1.778010515162884
7.8020000000000005,-0.3039651488473062,-4.988788806825707,0.20600140826409133,-2.640232017413846,-1.778010515162884
7.803,-0.30892980654516755,-4.940395924006074,0.20332825626839163,-2.67315199569969,-1.778010515162884
7.804,-0.3138456806453475,-4.891222895399153,0.2006222172143844,-2.706039054007248,-1.778010515162884
7.805000000000001,-0.3187119948743446,-4.841277485996138,0.19788529940035568,-2.736917814028723,-1.679239953774125
7.806,-0.3235279807847189,-4.790567582756274,0.19511753370506552,-2.767765695290177,-1.679239953774125
7.807,-0.3282928778764774,-4.739101193361012,0.19231895097639515,-2.798582728670369,-1.679239953774125
7.808,-0.33300593371712206,-4.686886444949975,0.18948958203137797,-2.829368945017181,-1.679239953774125
7.809,-0.33766640406051085,-4.633931582837108,0.18662945765623032,-2.860124375147646,-1.679239953774125
7.8100000000000005,-0.34227355296434525,-4.580244969209072,0.18374071656146862,-2.88874109476169,-1.5738421994595786
7.811,-0.3468266529064006,-4.5258350818045745,0.1808233873638125,-2.91732919765612,-1.5738421994595786
7.812,-0.351324984899425,-4.470710512575454,0.17787749865136485,-2.9458887124476556,-1.5738421994595786
7.813,-0.3557678386046403,-4.41487996633034,0.17490307898364044,-2.9744196677243995,-1.5738421994595786
7.814,-0.36015451244395325,-4.358352259359567,0.17190015689159457,-3.002922092045867,-1.5738421994595786
7.815,-0.3644843137107077,-4.301136318043418,0.16887099305746067,-3.0291638341338984,-1.4622332090038699
7.816,-0.36875655867908624,-4.2432411774423615,0.16581561372298084,-3.055379334479842,-1.4622332090038699
7.817,-0.3729705727120925,-4.184675979870108,0.1627340451036554,-3.0815686193254392,-1.4622332090038699
7.8180000000000005,-0.3771256903680507,-4.125449973450397,0.15962631338876923,-3.1077317148861914,-1.4622332090038699
7.819,-0.3812212555057248,-4.065572510656079,0.15649244474141785,-3.1338686473513824,-1.4622332090038699
7.82,-0.38525662138789296,-4.005053046832784,0.15333481289367176,-3.157631847746092,-1.3448534521030422
7.821,-0.3892311507835076,-3.9439011387053466,0.15015344160873134,-3.1813712849404068,-1.3448534521030422
7.822,-0.39314421606830735,-3.882126442868887,0.1469483546260338,-3.205086982697527,-1.3448534521030422
7.823,-0.3969951993239175,-3.819738714264059,0.1437195756612769,-3.2287789647568905,-1.3448534521030422
7.824,-0.40078349243543576,-3.7567478046365044,0.1404671284064427,-3.2524472548341943,-1.3448534521030422
7.825,-0.4045084971874731,-3.693163660980924,0.1371934902754027,-3.273638131039997,-1.2221661730318505
7.8260000000000005,-0.4081696253585932,-3.6289963239707625,0.1338986824590331,-3.294807816369594,-1.2221661730318505
7.827,-0.4117662988142127,-3.5642559263724594,0.13058272612701924,-3.3159563320138616,-1.2221661730318505
7.828,-0.41529794959790706,-3.4989526914451425,0.12724564242787675,-3.3370836991424846,-1.2221661730318505
7.829,-0.41876402002106944,-3.433096931326775,0.12388745248897277,-3.3581899389039793,-1.2221661730318505
7.83,-0.4221639627510078,-3.366699045405154,0.1205107276287591,-3.3767248602136815,-1.0946555624303136
7.831,-0.4254972408973479,-3.2997695186762495,0.11711548638215702,-3.3952412466020743,-1.0946555624303136
7.832,-0.42876332809682605,-3.2323189200882805,0.11370174726555295,-3.4137391166040785,-1.0946555624303136
7.833,-0.4319617085964156,-3.1643579008726,0.11026952877681687,-3.4322184887360807,-1.0946555624303136
7.8340000000000005,-0.43509187733476234,-3.095897192861894,0.10681884939532091,-3.450679381495951,-1.0946555624303136
7.835,-0.4381533400219294,-3.0269476067957344,0.10335236419627797,-3.4664851990429435,-0.9628248464244358
7.836,-0.4411456132174758,-2.9575200306128937,0.09987008898550558,-3.4822752107723893,-0.9628248464244358
7.837,-0.44406822440676963,-2.8876254277326385,0.09637203955301547,-3.4980494324901055,-0.9628248464244358
7.838,-0.4469207120756307,-2.817274835322849,0.09285823167302937,-3.513807879986104,-0.9628248464244358
7.839,-0.44970262578318576,-2.7464793625576753,0.08932868110399476,-3.5295505690346065,-0.9628248464244358
7.84,-0.45241352623300835,-2.6752501888630356,0.08578611619951675,-3.5425649044780227,-0.8271943006225349
7.841,-0.4550529853424978,-2.6035985621510096,0.08223054997393076,-3.5555662255859954,-0.8271943006225349
7.8420000000000005,-0.45762058631046,-2.5315357970441474,0.0786619954285579,-3.56855454537286,-0.8271943006225349
7.843,-0.4601159236829348,-2.45907327308852,0.07508046555171796,-3.5815298768399377,-0.8271943006225349
7.844,-0.46253860341722985,-2.386222432956508,0.07148597331874242,-3.5944922329755484,-0.8271943006225349
7.845,-0.46488824294412506,-2.3129947806404463,0.06788130959406334,-3.604663724679077,-0.6882991968252044
7.846,-0.4671644712283065,-2.239401879635353,0.06426648454917244,-3.6148250448909023,-0.6882991968252044
7.847,-0.46936692882693615,-2.1654553511135783,0.06064150834538993,-3.6249762037825155,-0.6882991968252044
7.848,-0.47149526794643243,-2.0911668720890244,0.05700639113387469,-3.635117211515237,-0.6882991968252044
7.849,-0.47354915249737106,-2.0165481735738764,0.05336114305563447,-3.645248078240226,-0.6882991968252044
7.8500000000000005,-0.47552825814757677,-1.9416110387254684,0.04970860647166144,-3.6525365839730255,-0.5466876905519953
7.851,-0.47743227237332025,-1.8663673009862614,0.046048788670461346,-3.6598178012000924,-0.5466876905519953
7.852,-0.4792608945086877,-1.790828842214527,0.04238169693325142,-3.6670917372099323,-0.5466876905519953
7.853,-0.48101383579304163,-1.7150075908087465,0.038707338533967656,-3.6743583992837623,-0.5466876905519953
7.854,-0.4826908194166365,-1.6389155198232928,0.03502572073927214,-3.6816177946955184,-0.5466876905519953
7.855,-0.4842915805643159,-1.562564645078347,0.03133972618921688,-3.6859945500552636,-0.40291865772202484
7.856,-0.4858158664573364,-1.4859670232622062,0.027649359260557227,-3.6903669286596488,-0.40291865772202484
7.857,-0.48726343639328873,-1.409134750027129,0.023954624325671796,-3.6947349348854295,-0.40291865772202484
7.8580000000000005,-0.4886340617840975,-1.3320799580798142,0.02025552575256681,-3.6990985731049846,-0.40291865772202484
7.859,-0.48992752619212343,-1.2548148152652452,0.01655206790488049,-3.70345784768632,-0.40291865772202484
7.86,-0.4911436253643449,-1.177351522644983,0.012847162325261336,-3.7049055796191546,-0.25755948902604964
7.861,-0.49228216726460255,-1.0997023125710919,0.009140810461441278,-3.7063518638200565,-0.25755948902604964
7.862,-0.49334297210393324,-1.0218794467538919,0.00543301375970452,-3.7077967017367577,-0.25755948902604964
7.863,-0.49432587236895675,-0.943895214325959,0.0017237736648889781,-3.709240094815542,-0.25755948902604964
7.864,-0.4952307128483248,-0.8657619299017921,-0.0019869083796122695,-3.7106820445012474,-0.25755948902604964
7.865,-0.4960573506572386,-0.7874919316325744,-0.005696103419082908,-3.709195039470639,-0.11118385069465075
7.8660000000000005,-0.4968056552600043,-0.7090975792584558,-0.009403812940527969,-3.7077095214450613,-0.11118385069465075
7.867,-0.49747550849064975,-0.6305912521565412,-0.013110038429465478,-3.706225488937509,-0.11118385069465075
7.868,-0.49806680457158625,-0.5519853473857764,-0.016814781369927943,-3.7047429404624643,-0.11118385069465075
7.869,-0.4985794501303067,-0.4732922777299313,-0.020518043244463838,-3.7032618745358947,-0.11118385069465075
7.87,-0.4990133642141357,-0.39452446973676547,-0.024216889245535188,-3.698846001071351,0.03563057950039494
7.871,-0.49936847830300884,-0.3156943617563554,-0.02791132378901546,-3.6944345434802717,0.03563057950039494
7.872,-0.49964473632029455,-0.236814401976668,-0.03160135128636224,-3.6900274973467835,0.03563057950039494
7.873,-0.49984209464165,-0.15789704645757965,-0.035286976144621666,-3.6856248582594286,0.03563057950039494
7.8740000000000006,-0.4999605221019081,-0.07895475716445499,-0.03896820276643283,-3.6812266218111613,0.03563057950039494
7.875,-0.5,9.245286839988314e-15,-0.042642102073780656,-3.673899307347826,0.18230439207621674
7.876,-0.4999605221019081,0.07895475716447348,-0.04630868139397961,-3.6665793201989536,0.18230439207621674
7.877,-0.49984209464164997,0.15789704645759814,-0.04996794804701684,-3.65926665303723,0.18230439207621674
7.878,-0.49964473632029477,0.23681440197659723,-0.05361990934555951,-3.651961298542669,0.18230439207621674
7.8790000000000004,-0.4993684783030088,0.3156943617563739,-0.057264572594962114,-3.6446632494026017,0.18230439207621674
7.88,-0.49901336421413606,0.39452446973669486,-0.06089902600646525,-3.6344534115031304,0.32825873250344106
7.881,-0.4985794501303071,0.47329227772986077,-0.06452327978990681,-3.6242537834415582,0.32825873250344106
7.882000000000001,-0.4980668045715861,0.5519853473857949,-0.06813734414491486,-3.614064355008048,0.32825873250344106
7.883,-0.4974755084906503,0.6305912521564707,-0.07174122926091783,-3.603885116002971,0.32825873250344106
7.884,-0.49680565526000414,0.7090975792584743,-0.07533494531715473,-3.593716056236899,0.32825873250344106
7.885,-0.4960573506572393,0.7874919316325043,-0.07891560930562178,-3.580663988467049,0.4729175856806517
7.886,-0.4952307128483256,0.865761929901722,-0.08248323427838675,-3.567624972764969,0.4729175856806517
7.8870000000000005,-0.49432587236895653,0.9438952143259773,-0.08603783327446533,-3.554598996078591,0.4729175856806517
7.888,-0.4933429721039342,1.021879446753822,-0.08957941931983424,-3.5415860453688994,0.4729175856806517
7.889,-0.4922821672646023,1.0997023125711098,-0.09310800542744416,-3.5285861076099176,0.4729175856806517
7.890000000000001,-0.49114362536434464,1.1773515226450013,-0.0966207487479624,-3.512743320518254,0.6157100492026746
7.891,-0.4899275261921231,1.2548148152652632,-0.1001176651241761,-3.4969163762136826,0.6157100492026746
7.892,-0.48863406178409724,1.3320799580798321,-0.1035987703830295,-3.4811052588534155,0.6157100492026746
7.893,-0.48726343639329,1.40913475002706,-0.10706408033564001,-3.4653099526105087,0.6157100492026746
7.894,-0.4858158664573377,1.4859670232621371,-0.11051361077731385,-3.449530441673845,0.6157100492026746
7.8950000000000005,-0.48429158056431554,1.562564645078365,-0.11394457023681699,-3.430959459503138,0.7560725864516594
7.896,-0.48269081941663794,1.6389155198232244,-0.11735697728513159,-3.4124070483146016,0.7560725864516594
7.897,-0.48101383579304313,1.7150075908086786,-0.12075085047466884,-3.393873189537254,0.7560725864516594
7.898000000000001,-0.47926089450868725,1.7908288422145449,-0.12412620833928752,-3.3753578646186835,0.7560725864516594
7.899,-0.4774322723733219,1.8663673009861939,-0.12748306939431256,-3.3568610550250315,0.7560725864516594
7.9,-0.47552825814757627,1.941611038725486,-0.1308187045632702,-3.335635168957634,0.8934512506186276
7.901,-0.4735491524973729,2.0165481735738093,-0.1341331350720465,-3.314430508776304,0.8934512506186276
7.902,-0.471495267946432,2.0911668720890417,-0.13742638212530164,-3.293247053255155,0.8934512506186276
7.9030000000000005,-0.46936692882693565,2.1654553511135957,-0.14069846690649118,-3.2720847811895273,0.8934512506186276
7.904,-0.467164471228306,2.2394018796353703,-0.14394941057788715,-3.2509436713959654,0.8934512506186276
7.905,-0.4648882429441271,2.3129947806403806,-0.14717655722819414,-3.227146650307001,1.027303870878424
7.906000000000001,-0.4625386034172293,2.386222432956525,-0.15037993065443328,-3.2033734262391254,1.027303870878424
7.907,-0.460115923682937,2.4590732730884546,-0.1535595546298286,-3.1796239753953177,1.027303870878424
7.908,-0.4576205863104594,2.5315357970441643,-0.15671545290383096,-3.155898274002354,1.027303870878424
7.909,-0.4550529853425001,2.603598562150945,-0.15984764920214176,-3.132196298310783,1.027303870878424
7.91,-0.45241352623301073,2.6752501888629716,-0.16295357126031243,-3.105922058170665,1.1571021920903883
7.9110000000000005,-0.44970262578318515,2.746479362557692,-0.16603324535258313,-3.0796740922706864,1.1571021920903883
7.912,-0.4469207120756333,2.8172748353227854,-0.16908669772691973,-3.053452374336608,1.1571021920903883
7.913,-0.44406822440677224,2.887625427732576,-0.1721139546050402,-3.0272568781204634,1.1571021920903883
7.914000000000001,-0.4411456132174751,2.95752003061291,-0.17511504218244073,-3.001087577400535,1.1571021920903883
7.915,-0.4381533400219321,3.0269476067956727,-0.17808748199307226,-2.972439810631537,1.2823339595798795
7.916,-0.4350918773347616,3.09589719286191,-0.18103130268470155,-2.943820691629308,1.2823339595798795
7.917,-0.4319617085964184,3.164357900872538,-0.18394653287644763,-2.9152301917460814,1.2823339595798795
7.918,-0.42876332809682527,3.2323189200882956,-0.18683320115881036,-2.886668282362738,1.2823339595798795
7.9190000000000005,-0.4254972408973471,3.299769518676265,-0.18969133609369915,-2.8581349348887777,1.2823339595798795
7.92,-0.42216396275100704,3.3666990454051695,-0.19251856279483756,-2.8272267011384176,1.4025049407735684
7.921,-0.4187640200210725,3.433096931326716,-0.19531491217045938,-2.7963493756218076,1.4025049407735684
7.922000000000001,-0.4152979495979062,3.498952691445158,-0.1980804150978901,-2.7655029274307146,1.4025049407735684
7.923,-0.4117662988142159,3.5642559263724007,-0.20081510242357792,-2.7346873256878124,1.4025049407735684
7.924,-0.40816962535859236,3.6289963239707776,-0.20351900496312458,-2.7039025395466534,1.4025049407735684
7.925,-0.4045084971874764,3.6931636609808667,-0.2061898607826175,-2.6708558194929157,1.5171408757095524
7.926,-0.40078349243543915,3.756747804636448,-0.20882770292877673,-2.637842146159232,1.5171408757095524
7.9270000000000005,-0.39699519932391664,3.8197387142640737,-0.2114325644152756,-2.6048614864988817,1.5171408757095524
7.928,-0.39314421606831085,3.882126442868831,-0.2140044782227738,-2.5719138074981918,1.5171408757095524
7.929,-0.3892311507835111,3.9439011387052916,-0.2165434772989503,-2.5389990761765024,1.5171408757095524
7.930000000000001,-0.385256621387892,4.005053046832798,-0.2190474215890761,-2.503944290125828,1.6257893487249069
7.931,-0.38122125550572383,4.065572510656093,-0.2215163461479373,-2.468924558861204,1.6257893487249069
7.932,-0.3771256903680497,4.1254499734504115,-0.22395028599526515,-2.4339398473278444,1.6257893487249069
7.933,-0.3729705727120915,4.184675979870122,-0.22634927611577116,-2.3989901205060185,1.6257893487249069
7.934,-0.36875655867908524,4.243241177442375,-0.22871335145918217,-2.3640753434110144,1.6257893487249069
7.9350000000000005,-0.3644843137107067,4.301136318043431,-0.2310405022957711,-2.3271508365889377,1.7280215739332847
7.936,-0.36015451244395713,4.358352259359516,-0.23333076555004478,-2.290263254273683,1.7280215739332847
7.937,-0.3557678386046442,4.41487996633029,-0.23558417810958554,-2.2534125595407435,1.7280215739332847
7.938,-0.351324984899429,4.470710512575404,-0.23780077682508807,-2.216598715502537,1.7280215739332847
7.939,-0.34682665290640463,4.525835081804526,-0.23998059851039644,-2.1798216853083687,1.7280215739332847
7.94,-0.3422735529643442,4.580244969209084,-0.24212177169227056,-2.1411731818741138,1.8234340874473403
7.941,-0.33766640406051496,4.63393158283706,-0.24422433501921384,-2.102563326943293,1.8234340874473403
7.942,-0.3330059337171263,4.686886444949927,-0.24628832710108126,-2.063992081867403,1.8234340874473403
7.9430000000000005,-0.32829287787647626,4.739101193361025,-0.24831378650911784,-2.0254594080365886,1.8234340874473403
7.944,-0.3235279807847232,4.790567582756228,-0.2503007517759974,-1.9869652668796052,1.8234340874473403
7.945,-0.3187119948743435,4.841277485996151,-0.25224749707081684,-1.9467452948194048,1.9116503396660343
7.946,-0.3138456806453519,4.891222895399109,-0.2541540626135481,-1.9065655427312647,1.9116503396660343
7.947,-0.3089298065451664,4.940395924006085,-0.25602048858394333,-1.8664259703952126,1.9116503396660343
7.948,-0.303965148847305,4.988788806825719,-0.2578468151215748,-1.8263265376314968,1.9116503396660343
7.949,-0.29895249152875925,5.036393902060935,-0.25963308232587534,-1.7862672043005445,1.9116503396660343
7.95,-0.29389262614623957,5.083203692315232,-0.2613777168193447,-1.7446344934693638,1.9923221813440046
7.9510000000000005,-0.28878635171113426,5.129210785780199,-0.2630807602346937,-1.7030434153490144,1.9923221813440046
7.952,-0.283634474563382,5.174407917402341,-0.26474225416300046,-1.6614939283067853,1.9923221813440046
7.953,-0.27843780824409514,5.2187879500307375,-0.26636224015375204,-1.6199859907515985,1.9923221813440046
7.954,-0.27319717336713895,5.262343875543665,-0.267940759714886,-1.5785195611339669,1.9923221813440046
7.955,-0.2679133974895001,5.305068815955668,-0.2694763981317073,-1.5356384168212796,2.065131237577662
7.956,-0.26258731498064697,5.346956024503321,-0.2709691982853602,-1.492800153652905,2.065131237577662
7.957,-0.2572197668907557,5.387998886710777,-0.2724192030141079,-1.450004728747699,2.065131237577662
7.958,-0.2518116008178802,5.428190921434405,-0.2738264551133753,-1.407252099267398,2.065131237577662
7.9590000000000005,-0.2463636707741428,5.46752578188595,-0.27519099733579183,-1.3645422224165773,2.065131237577662
7.96,-0.2408768370508581,5.505997256634924,-0.2765115792127003,-1.3205818769084543,2.1297901642853176
7.961,-0.23535196608266395,5.543599270589572,-0.27778824470444613,-1.2766654917458395,2.1297901642853176
7.962,-0.2297899303107451,5.580325885955911,-0.27902103772741454,-1.2327930229683874,2.1297901642853176
7.963,-0.22419160804501448,5.616171303175707,-0.28021000215407427,-1.1889644266597128,2.1297901642853176
7.964,-0.21855788332546833,5.65112986184197,-0.2813551818130216,-1.1451796589473466,2.1297901642853176
7.965,-0.2128896457825418,5.685196041593074,-0.28245549541666554,-1.1003136036439376,2.1860437822230856
7.966,-0.20718779049664468,5.718364462984366,-0.2835109878310614,-1.055492414395832,2.1860437822230856
7.9670000000000005,-0.20145321785683107,5.750629888337566,-0.28452170387739834,-1.0107160463369744,2.1860437822230856
7.968,-0.19568683341860457,5.781987222567946,-0.2854876883320445,-0.9659844546461758,2.1860437822230856
7.969,-0.189889547760901,5.8124315139889955,-0.2864089859265916,-0.9212975945470678,2.1860437822230856
7.97,-0.1840622763423431,5.8419579550941085,-0.28728468882186287,-0.8757028952713037,2.23367008406085
7.971,-0.17820593935662654,5.87056188331602,-0.2881148426125577,-0.8301537906948154,2.23367008406085
7.972,-0.17232146158725675,5.898238781762843,-0.2888994928477806,-0.7846502352229037,2.23367008406085
7.973,-0.16640977226149525,5.924984279931442,-0.2896386850310871,-0.7391921833064637,2.23367008406085
7.974,-0.1604718049036037,5.950794154397673,-0.29033246462052903,-0.6937795894419403,2.23367008406085
7.9750000000000005,-0.15450849718746965,5.975664329483128,-0.29098010080817066,-0.6476361876416256,2.2724811105436395
7.976,-0.14852079078851715,5.999590877898833,-0.29158163973741374,-0.6015389292431111,2.2724811105436395
7.977,-0.14250963123498472,6.02257002136548,-0.29213712750551674,-0.5554877681029953,2.2724811105436395
7.978,-0.13647596775866305,6.044598131209882,-0.29264661016364074,-0.5094826581240195,2.2724811105436395
7.979,-0.13042075314495272,6.065671728938161,-0.29311013371689576,-0.4635235532550227,2.2724811105436395
7.98,-0.1243449435824286,6.085787486784969,-0.2935271472727519,-0.4170135558561491,2.3023236922809316
7.981,-0.11824949851186738,6.1049422282389045,-0.2938976973412066,-0.3705500684546743,2.3023236922809316
7.982,-0.11213538047469257,6.123132928544286,-0.2942218303857472,-0.324133044540601,2.3023236922809316
7.9830000000000005,-0.10600355496102622,6.1403567151786405,-0.2944995928233976,-0.27776243765044173,2.3023236922809316
7.984,-0.09985499025720626,6.156610868306377,-0.2947310310247648,-0.23143820136717266,2.3023236922809316
7.985,-0.09369065729286197,6.171892821208328,-0.29491577618684583,-0.1847451620810764,2.323080054236456
7.986,-0.08751152948764156,6.186200160686942,-0.2950538750026801,-0.1380988158342662,2.323080054236456
7.987,-0.08131858259744222,6.199530627447492,-0.2951453741186138,-0.09149911593370282,2.323080054236456
7.988,-0.07511279456037583,6.2118821164547295,-0.2951903201343468,-0.044946015733039996,2.323080054236456
7.989,-0.06889514534232023,6.223252677265342,-0.2951887596029794,0.001560531367422159,2.323080054236456
7.99,-0.06266661678215019,6.233640514335994,-0.29514050726653274,0.04825233644669933,2.3346682805322296
7.9910000000000005,-0.056428192436742824,6.243043987306767,-0.2950456098168118,0.09489744972089723,2.3346682805322296
7.992,-0.05018085742560628,6.251461611260294,-0.29490411389893,0.14149591788182092,2.3346682805322296
7.993,-0.04392559827537435,6.25889205695615,-0.2947160661113554,0.18804778757458368,2.3346682805322296
7.994,-0.037663402763973064,6.265334151040838,-0.29448151300595776,0.23455310539765367,2.3346682805322296
7.995,-0.03139525976466024,6.270786876233024,-0.29420045360091085,0.2810594050469201,2.337042637733206
7.996,-0.025122159089885174,6.275249371484185,-0.29387293440251433,0.3275191983965373,2.337042637733206
7.997,-0.018845091334971604,6.278720932114585,-0.29349900187056155,0.3739325319528049,2.337042637733206
7.998,-0.012565047721669916,6.281201009924566,-0.293078702418386,0.42029945217551623,2.337042637733206
7.9990000000000006,-0.00628301994167432,6.282689213281087,-0.29261208241290804,0.46662000547800486,2.337042637733206
8.0,-1.959434878635765e-15,6.283185307179586,-0.2920993251523288,0.5127572605792526,2.330193755336287
