time_s,target_position_rad,target_velocity_rad_s,position_rad,velocity_rad_s,torque_nm
0.0,0.0,3.141592653589793,1.8849555921538758e-05,0.01884955592153876,0.9424777960769379
0.001,0.0031415719827794755,3.141530641240445,5.652981820869474e-05,0.03768026228715598,0.9424777960769379
0.002,0.006283019941676304,3.1413446066405433,0.00011302195615510232,0.05649213794640758,0.9424777960769379
0.003,0.009424219857704088,3.141034557134415,0.00018830715788510226,0.07528520172999993,0.9424777960769379
0.004,0.01256504772166874,3.140600504962283,0.00028236663033491094,0.0940594724498087,0.9424777960769379
0.005,0.015705379539064146,3.1400424672597853,0.0003952248617974789,0.1128582314625679,0.9446409242604513
0.006,0.01884509133496727,3.1393604660572936,0.0005268630535137933,0.13163819171631436,0.9446409242604513
0.007,0.02198405915893245,3.138554528279048,0.0006772624255236004,0.15039937200980708,0.9446409242604513
0.008,0.025122159089884778,3.1376246857420926,0.0008464042166466067,0.16914179112300629,0.9446409242604513
0.009000000000000001,0.028259267241012267,3.1365709751550175,0.001034269684463699,0.1878654678170923,0.9446409242604513
0.01,0.03139525976465669,3.1353934381165134,0.0012408468942379785,0.20657720977427946,0.9449803712502124
0.011,0.03453001285720289,3.134092121113726,0.001466117134227488,0.22527023998950943,0.9449803712502124
0.012,0.03766340276396636,3.132667075520422,0.001710061711402012,0.24394457717452417,0.9449803712502124
0.013000000000000001,0.04079530578407878,3.1311183575949615,0.001972661951424366,0.2626002400223539,0.9449803712502124
0.014,0.04392559827537158,3.129446028478077,0.002253899198631702,0.2812372472073358,0.9449803712502124
0.015,0.047054156659257156,3.1276501541904578,0.002553725696332154,0.2998264977004522,0.9435243870161875
0.016,0.05018085742560745,3.125730805630146,0.0028721228552752295,0.3183971589430755,0.9435243870161875
0.017,0.053305577137629956,3.1236880585697366,0.0032090721047996857,0.3369492495244562,0.9435243870161875
0.018000000000000002,0.05642819243674085,3.121521993653385,0.003564554892814941,0.3554827880152555,0.9435243870161875
0.019,0.059548580047434865,3.119232696393626,0.003938552685782505,0.373997792967564,0.9435243870161875
0.02,0.06266661678215213,3.1168202571679955,0.004330982538306159,0.3924298525236538,0.9403028674528686
0.021,0.06578217954614125,3.1142847712154627,0.004741826018326347,0.41084348002018756,0.9403028674528686
0.022,0.06889514534231903,3.111626338632672,0.005171064712215572,0.42923869388922475,0.9403028674528686
0.023,0.07200539127612608,3.10884506436999,0.005618680224759965,0.4476155125443929,0.9403028674528686
0.024,0.07511279456037853,3.105941058227362,0.006084654179140871,0.4659739543809059,0.9403028674528686
0.025,0.07821723252011543,3.1029144348499784,0.006568869105583849,0.4842149264429784,0.9353473008226709
0.026000000000000002,0.0813185825974418,3.0997653137237466,0.007071306763116837,0.5024376575329889,0.9353473008226709
0.027,0.08441672235636694,3.096493819170578,0.007591948929008747,0.5206421658919093,0.9353473008226709
0.028,0.08751152948763802,3.093100080343475,0.008130777398751218,0.5388284697424708,0.9353473008226709
0.029,0.09060288181356868,3.089584231221436,0.0086877739860404,0.5569965872891818,0.9353473008226709
0.03,0.0936906572928623,3.085946410604164,0.009262787391014455,0.5750134049740554,0.9286907136081384
0.031,0.09677473402543012,3.0821867621065873,0.009855799596855699,0.5930122058412441,0.9286907136081384
0.032,0.09985499025720351,3.078305434153192,0.010466792604763265,0.6109930079075656,0.9286907136081384
0.033,0.10293130438494066,3.074302579972159,0.011095748433935085,0.6289558291718208,0.9286907136081384
0.034,0.10600355496102731,3.070178357589319,0.011742649121549896,0.6469006876148118,0.9286907136081384
0.035,0.10907162069827128,3.065932929821908,0.012407310260793404,0.6646611392435084,0.9203676158155716
0.036000000000000004,0.1121353804746906,3.0615664642721456,0.01308971409121398,0.6824038304205764,0.9203676158155716
0.037,0.11519471333829528,3.0570791333206153,0.013789842870120446,0.7001287789064673,0.9203676158155716
0.038,0.11824949851186234,3.05247111411946,0.014507678872564319,0.7178360024438722,0.9203676158155716
0.039,0.1212996153977037,3.047742588585386,0.015243204391322058,0.7355255187577397,0.9203676158155716
0.04,0.1243449435824274,3.042893743392486,0.015996202663476494,0.7529982721544347,0.9104139457726345
0.041,0.12738536284169108,3.037924769964866,0.016766656216274226,0.770453552797733,0.9104139457726345
0.042,0.13042075314494847,3.0328358644690883,0.017554547594434613,0.7878913781603879,0.9104139457726345
0.043000000000000003,0.13345099466018778,3.027627227806428,0.01835985936013229,0.8053117656976801,0.9104139457726345
0.044,0.13647596775866258,3.0222990656049418,0.019182574092979725,0.8227147328474351,0.9104139457726345
0.045,0.13949555301961464,3.0168515882113502,0.020022443451383563,0.8398693584038366,0.8988670144624443
0.046,0.14250963123498805,3.0112850106827334,0.020879450280718245,0.8570068293346816,0.8988670144624443
0.047,0.1455180834141359,3.0055995527780413,0.02175357744351284,0.8741271627945958,0.8988670144624443
0.048,0.14852079078851746,2.9997954389494157,0.02264480781943389,0.89123037592105,0.8988670144624443
0.049,0.15151763481638697,2.993872898333333,0.02355312430526827,0.9083164858343779,0.8988670144624443
0.05,0.1545084971874737,2.9878321647415556,0.024478247783605547,0.9251234783372747,0.8857654494365642
0.051000000000000004,0.1574932598276524,2.9816734766519026,0.025420161447453217,0.9419136638476687,0.8857654494365642
0.052000000000000005,0.16047180490360477,2.9753970771988336,0.02637884850662577,0.9586870591725524,0.8857654494365642
0.053,0.16344401482747123,2.969003214163853,0.02735429218772788,0.9754436811021111,0.8857654494365642
0.054,0.1664097722614933,2.9624921399657254,0.02834647573413762,0.9921835464097403,0.8857654494365642
0.055,0.16936896012264568,2.95586411165051,0.029355090079767936,1.0086143456303154,0.871149138349247
0.056,0.17232146158725853,2.9491193908814175,0.030380118793819605,1.02502871405167,0.871149138349247
0.057,0.1752671600956295,2.9422582439284737,0.03142154546192421,1.0414266681046034,0.871149138349247
0.058,0.17820593935662538,2.935280941658013,0.03247935368612769,1.0578082242034836,0.871149138349247
0.059000000000000004,0.18113768335227284,2.9281877595219816,0.033553527084873955,1.0741733987462652,0.871149138349247
0.06,0.18406227634233896,2.920978977547065,0.03464372749366458,1.0902004087906223,0.8550591721551699
0.061,0.1869796028689002,2.9136548803236315,0.03574993888548952,1.106211391824935,0.8550591721551699
0.062,0.18988954776090053,2.906215756994499,0.03687214524936573,1.1222063638762134,0.8550591721551699
0.063,0.19279199613869827,2.898661901243519,0.03801033059032117,1.1381853409554405,0.8550591721551699
0.064,0.1956868334186012,2.890993611283982,0.03916447892937876,1.1541483390575884,0.8550591721551699
0.065,0.1985739453173903,2.8832111898468455,0.04033422387585754,1.1697449464787868,0.8375377880128002
0.066,0.20145321785683132,2.875314944168782,0.04151954983315011,1.185325957292564,0.8375377880128002
0.067,0.20432453736817452,2.867305185980051,0.04272044122024563,1.2008913870955276,0.8375377880128002
0.068,0.20718779049664207,2.85918223149219,0.04393688247171432,1.216441251468688,0.8375377880128002
0.069,0.21004286420590312,2.8509464013855337,0.04516885803769179,1.2319755659774754,0.8375377880128002
0.07,0.21288964578253636,2.842598020796553,0.046415974194342,1.2471161566502063,0.8186283119354124
0.07100000000000001,0.2157280228404795,2.834137419305019,0.047678215801074265,1.2622416067322644,0.8186283119354124
0.07200000000000001,0.21855788332546647,2.825564930920991,0.048955567732438504,1.2773519313642403,0.8186283119354124
0.073,0.22137911551945072,2.8168808940716326,0.050248014878110085,1.2924471456715843,0.8186283119354124
0.074,0.22419160804501612,2.8080856515878487,0.05155554214287471,1.307527264764621,0.8186283119354124
0.075,0.22699524986977337,2.799179550690753,0.052877729382399194,1.3221872395244891,0.7983751012316369
0.076,0.2297899303107439,2.790162942977959,0.05421456193670879,1.3368325543095974,0.7983751012316369
0.077,0.23257553903872916,2.7810361844097002,0.05556602516048871,1.3514632237799205,0.7983751012316369
0.078,0.23535196608266626,2.771799635294778,0.056932104423069486,1.3660792625807732,0.7983751012316369
0.079,0.23811910183396953,2.762453660276335,0.05831278510841231,1.380680685342825,0.7983751012316369
0.08,0.24087683705085766,2.7529986283174632,0.05970762158280534,1.394836474393028,0.7768234867772821
0.081,0.24362506286266614,2.743434912686634,0.061116599690459524,1.4089781076541805,0.7768234867772821
0.082,0.24636367077414578,2.7337628909429648,0.06253970528974159,1.423105599282072,0.7768234867772821
0.083,0.2490925526697454,2.7239829449213127,0.06397692425315993,1.4372189634183357,0.7768234867772821
0.084,0.2518116008178804,2.714095460717201,0.06542824246735039,1.451318214190463,0.7768234867772821
0.085,0.25452070787518566,2.7041008286715766,0.06689318975762987,1.4649472902794727,0.7540197151600045
0.08600000000000001,0.2572197668907532,2.693999443355398,0.06837175249492226,1.4785627372923933,0.7540197151600045
0.08700000000000001,0.2599086713103548,2.683791703554062,0.06986391706378056,1.492164568858301,0.7540197151600045
0.088,0.2625873149806478,2.6734780122516573,0.07136966986237321,1.5057527985926427,0.7540197151600045
0.089,0.265255592153367,2.6630587766150557,0.07288899730247046,1.51932744009725,0.7540197151600045
0.09,0.26791339748949833,2.6525344079778406,0.07442140563294238,1.5324083304719174,0.7300108907382329
0.091,0.2705606260634379,2.6419053218240656,0.07596688177289858,1.54547613995621,0.7300108907382329
0.092,0.27319717336713456,2.6311719377718505,0.0775254126545296,1.5585308816310184,0.7300108907382329
0.093,0.2758229353142151,2.6203346795568208,0.07909698522309375,1.571572568564152,0.7300108907382329
0.094,0.278437808244094,2.6093939750153736,0.0806815864369041,1.5846012138103525,0.7300108907382329
0.095,0.2810416889260653,2.5983502560677905,0.08227869994785375,1.5971135109496533,0.7048449176555538
0.096,0.28363447456337826,2.5872039587011866,0.08388831324364557,1.6096132957918148,0.7048449176555538
0.097,0.28621606279729545,2.575955522952296,0.0855104138244947,1.622100580849134,0.7048449176555538
0.098,0.28878635171113376,2.564605392890101,0.0871449892031161,1.634575378621396,0.7048449176555538
0.099,0.29134523983428806,2.5531540165983033,0.08879202690471198,1.6470377015958855,0.7048449176555538
0.1,0.29389262614623657,2.5416018461576297,0.0904509889774433,1.658962072731321,0.6785704418515723
0.101,0.2964284100805296,2.5299493376279893,0.09212186349693892,1.6708745194956212,0.6785704418515723
0.10200000000000001,0.2989524915287594,2.518196951030467,0.09380463855075208,1.682775053813157,0.6785704418515723
0.10300000000000001,0.30146477084451234,2.506345150329161,0.09549930223834846,1.6946636875963752,0.6785704418515723
0.10400000000000001,0.30396514884730275,2.4943944034128704,0.09720584267109426,1.7065404327458102,0.6785704418515723
0.105,0.3064535268264882,2.482345182076621,0.09892370129926953,1.717858628175265,0.651236793110031
0.106,0.30892980654516716,2.4701979620030388,0.10065286680467882,1.7291655054092905,0.651236793110031
0.107,0.3113938902440563,2.4579532227435728,0.1023933278804449,1.7404610757660819,0.651236793110031
0.108,0.31384568064535023,2.445611447699563,0.10414507323099742,1.7517453505525165,0.651236793110031
0.109,0.3162850809565622,2.4331731241031553,0.10590809157206159,1.7630183410641647,0.651236793110031
0.11,0.3187119948743448,2.4206387429980682,0.10768180477332838,1.7737132012667953,0.6228939271847375
0.111,0.3211263265882922,2.408008799220205,0.1094662021399376,1.7843973666092232,0.6228939271847375
0.112,0.3235279807847221,2.3952837913781195,0.11126127298772391,1.7950708477863087,0.6228939271847375
0.113,0.3259168626504394,2.3824642218333336,0.11306700664320612,1.8057336554822172,0.6228939271847375
0.114,0.32829287787647826,2.3695505966805017,0.11488339244357655,1.8163858003704296,0.6228939271847375
0.115,0.3306559326618259,2.3565434257274336,0.11670983370550748,1.8264412619309311,0.5935923680435999
0.116,0.33300593371712583,2.343443222474966,0.11854632037353735,1.8364866680298721,0.5935923680435999
0.117,0.33534278826836,2.3302505040966928,0.12039284240226006,1.8465220287227142,0.5935923680435999
0.11800000000000001,0.33766640406051224,2.316965791418546,0.12224938975631493,1.8565473540548636,0.5935923680435999
0.11900000000000001,0.33997668936120956,2.303589608898235,0.12411595241037661,1.8665626540616806,0.5935923680435999
0.12,0.3422735529643443,2.2901224846045416,0.12599191616478964,1.8759637544130348,0.5633831502707937
0.121,0.34455690419367424,2.276564950196474,0.12787727161845366,1.8853554536640376,0.5633831502707937
0.122,0.34682665290640247,2.2629175409022757,0.12977200937966946,1.8947377612157894,0.5633831502707937
0.123,0.3490827094967363,2.2491807954982987,0.13167612006612944,1.9041106864599895,0.5633831502707937
0.124,0.3513249848994246,2.235355256287729,0.13358959430490838,1.9134742387789454,0.5633831502707937
0.125,0.3535533905932738,2.221441469079183,0.1355118014246819,1.9222071197735024,0.5323177616668021
0.126,0.35576783860464267,2.2074399831651546,0.13744273269256896,1.930931267887065,0.5323177616668021
0.127,0.35796824151091555,2.1933513513003335,0.13938237938442147,1.939646691852514,0.5323177616668021
0.128,0.36015451244395347,2.179176129679782,0.14133073278481548,1.9483534003939975,0.5323177616668021
0.129,0.3623265650935233,2.1649148779169782,0.1432877841870424,1.9570514022269396,0.5323177616668021
0.13,0.3644843137107058,2.1505681590217223,0.14525288749958884,1.965103312546428,0.5004480860857615
0.131,0.36662767311128003,2.136136539377911,0.14722603467054443,1.9731471709555968,0.5004480860857615
0.132,0.36875655867908697,2.1216205887211754,0.1492072176560508,1.9811829855063565,0.5004480860857615
0.133,0.3708708863693696,2.1070208801163943,0.15119642842029338,1.9892107642425654,0.5004480860857615
0.134,0.37297057271209105,2.092337989935064,0.15319365893549342,1.997230515200038,0.5004480860857615
0.135,0.3750555348152298,2.077572497832547,0.15519824874710925,2.0045898116158223,0.4678263465492255
0.136,0.3771256903680519,2.0627249867251902,0.15721019049584445,2.011941748735191,0.4678263465492255
0.137,0.37918095764436094,2.047796042767308,0.15922947682976188,2.01928633391744,0.4678263465492255
0.138,0.38122125550572394,2.032786255328046,0.16125610040427638,2.026623574514507,0.4678263465492255
0.139,0.3832465034046749,2.0176962169681105,0.16329005388214735,2.033953477870977,0.4678263465492255
0.14,0.3852566213878946,2.002526523416379,0.16533066350751396,2.040609625366608,0.43450504867511525
0.14100000000000001,0.3872515300993669,1.9872777735463776,0.1673779226242287,2.047259116714744,0.43450504867511525
0.14200000000000002,0.3892311507835117,1.971950569352641,0.16943182458280023,2.0539019585715317,0.43450504867511525
0.14300000000000002,0.39119540528829405,1.9565455159269467,0.1714923627403867,2.0605381575864623,0.43450504867511525
0.14400000000000002,0.39314421606830946,1.941063221434426,0.1735595304607891,2.067167720402378,0.43450504867511525
0.145,0.39507750618784515,1.9255042970895564,0.17563264175196028,2.0731112911711813,0.40053692446026556
0.146,0.39699519932391764,1.9098693571320287,0.1777116906703295,2.0790489183692156,0.40053692446026556
0.147,0.3988972197692855,1.8941590188025013,0.17979667127826954,2.0849806079400515,0.40053692446026556
0.148,0.40078349243543826,1.8783739023182313,0.18188757764409086,2.0909063658213167,0.40053692446026556
0.149,0.40265394285556094,1.8625146308485891,0.18398440384203557,2.0968261979447007,0.40053692446026556
0.15,0.4045084971874737,1.8465818304904567,0.1860864527113114,2.102048869275848,0.3659748764546031
0.151,0.406347082216547,1.8305761302435115,0.1881937190292471,2.107266317935664,0.3659748764546031
0.152,0.40816962535859197,1.8144981619853924,0.1903061975783939,2.1124785491468203,0.3659748764546031
0.153,0.40997605466272613,1.7983485604467568,0.19242388314652067,2.1176855681267654,0.3659748764546031
0.154,0.4117662988142137,1.7821279631862204,0.1945467705266084,2.1228873800877306,0.3659748764546031
0.155,0.4135402871372809,1.7658370105651893,0.19667415245776335,2.1273819311549347,0.3308719223645826
0.156,0.4152979495979063,1.7494763457225786,0.1988060244454344,2.1318719876710714,0.3308719223645826
0.157,0.41703921680658557,1.7330466145494217,0.2009423819995651,2.136357554130692,0.3308719223645826
0.158,0.4187640200210708,1.716548465663374,0.20308322063458895,2.1408386350238526,0.3308719223645826
0.159,0.4204722911490845,1.6999825503831032,0.20522853586942508,2.1453152348361204,0.3308719223645826
0.16,0.42216396275100754,1.6833495227025799,0.2073776114118288,2.149075542403746,0.2952811401231028
0.161,0.42383896804254156,1.6666500392652568,0.2095304435014926,2.1528320896638045,0.2952811401231028
0.162,0.4254972408973459,1.6498847593381447,0.2116870283818692,2.156584880376603,0.2952811401231028
0.163,0.4271387158496476,1.6330543447857893,0.2138473623001679,2.1603339182986883,0.2952811401231028
0.164,0.42876332809682616,1.6161594600441387,0.21601144150735074,2.164079207182852,0.2952811401231028
0.165,0.4303710135019718,1.5992007720943138,0.21817854174759566,2.1671002402449226,0.2592556134626808
0.166,0.43196170859641764,1.5821789504362775,0.22034865999986958,2.1701182522739315,0.2592556134626808
0.167,0.433535350582245,1.5650946670624017,0.22252179324616048,2.173133246290911,0.2592556134626808
0.168,0.43509187733476284,1.5479485964309416,0.22469793847147435,2.1761452253138738,0.2592556134626808
0.169,0.4366312274049601,1.5307414154394068,0.22687709266383216,2.1791541923578137,0.2592556134626808
0.17,0.43815334002193185,1.5134738033978397,0.22905852466955817,2.18143200572602,0.22284837802820717
0.171,0.4396581550952781,1.4961464420019972,0.23124223221083903,2.1837075412808584,0.22284837802820717
0.17200000000000001,0.44114561321747664,1.4787600153064369,0.23342821301213917,2.1859808013001416,0.22284837802820717
0.17300000000000001,0.4426156556662276,1.461315209697515,0.23561646480019857,2.1882517880594055,0.22284837802820717
0.17400000000000002,0.4440682244067723,1.443812713866287,0.2378069853040305,2.19052050383191,0.22284837802820717
0.17500000000000002,0.4455032620941839,1.426253218781319,0.23999903753471988,2.192052230689381,0.18611236806512946
0.176,0.44692071207563183,1.4086374176614107,0.24219261996053987,2.193582425819994,0.18611236806512946
0.177,0.4483205183926179,1.3909660059482258,0.24438773105129535,2.1951110907554767,0.18611236806512946
0.178,0.4497026257831855,1.3732396812788414,0.2465843692783214,2.196638227026024,0.18611236806512946
0.179,0.4510669796841014,1.355459143458203,0.2487825331144817,2.1981638361603,0.18611236806512946
0.18,0.4524135262330098,1.337625094431499,0.2509814807940802,2.198947679598508,0.14910036371841578
0.181,0.45374221227055844,1.319738238256448,0.2531812115332735,2.199730739193278,0.14910036371841578
0.182,0.45505298534249783,1.3017992810755041,0.25538172454900193,2.2005130157284527,0.14910036371841578
0.183,0.4563457937017514,1.2838089310879806,0.257583019058989,2.2012945099870924,0.14910036371841578
0.184,0.45762058631045877,1.265767898522091,0.25978509428174046,2.2020752227514735,0.14910036371841578
0.185,0.45887731284199057,1.2476768956069093,0.2619872047280487,2.202110446308265,0.11186493897713096
0.186,0.46011592368293514,1.2295366365442548,0.2641893503626902,2.202145634641499,0.11186493897713096
0.187,0.4613363699350574,1.2113478374804927,0.2663915311504766,2.2021807877864004,0.11186493897713096
0.188,0.462538603417229,1.1931112164782667,0.2685937470562548,2.2022159057781567,0.11186493897713096
0.189,0.4637225766673307,1.1748274934881477,0.27079599804490667,2.202250988651921,0.11186493897713096
0.19,0.4648882429441257,1.1564973903202134,0.2729975359507759,2.2015379058692477,0.07445841029892569
0.191,0.4660355562291055,1.1381216306155493,0.27519836148694526,2.200825536169357,0.07445841029892569
0.192,0.467164471228306,1.119700939817685,0.27739847536578444,2.2001138788391663,0.07445841029892569
0.193,0.4682749433740962,1.1012360451439513,0.2795978782989507,2.1994029331663056,0.07445841029892569
0.194,0.46936692882693704,1.082727675556774,0.28179657099738986,2.198692698439118,0.07445841029892569
0.195,0.4704403844771127,1.064176561734893,0.2839938036588495,2.1972326614596422,0.03693278594817828
0.196,0.4714952679464322,1.045583436044516,0.2861895777433667,2.1957740845171463,0.03693278594817828
0.197,0.4725315375899024,1.0269490325104096,0.28838389470951825,2.1943169661515927,0.03693278594817828
0.198,0.47354915249737217,1.0082740867869182,0.2905767560144227,2.1928613049044046,0.03693278594817828
0.199,0.4745480724951473,0.9895593361289221,0.29276816311374115,2.1914070993184636,0.03693278594817828
0.2,0.47552825814757677,0.9708055193627333,0.2949573656002819,2.189202486540764,-0.0006602839190478771
0.201,0.47648967075860943,0.9520133768569249,0.29714436567865776,2.187000078375842,-0.0006602839190478771
0.202,0.4774322723733215,0.9331836504931059,0.29932916555127687,2.1847998726190854,-0.0006602839190478771
0.203,0.4783560257794153,0.9143170836366319,0.30151176741834496,2.1826018670680853,-0.0006602839190478771
0.20400000000000001,0.4792608945086879,0.8954144211072581,0.3036921734778676,2.180406059522636,-0.0006602839190478771
0.20500000000000002,0.48014684283847153,0.8764764091497337,0.3058696337402029,2.1774602623353005,-0.03826955639066287
0.20600000000000002,0.48101383579304297,0.8575037954043436,0.308044151151148,2.174517410945152,-0.03826955639066287
0.20700000000000002,0.48186183914500486,0.8384973288773929,0.3102157286535544,2.1715775024063935,-0.03826955639066287
0.20800000000000002,0.48269081941663694,0.8194577599116355,0.3123843691873306,2.168640533776174,-0.03826955639066287
0.209,0.4835007438812175,0.8003858401566538,0.31455007568944515,2.1657065021145843,-0.03826955639066287
0.21,0.48429158056431554,0.781282322539183,0.31671209960017516,2.162023910730012,-0.0758442441228796
0.211,0.4850632982450529,0.762147961233387,0.318870444602112,2.158345001936824,-0.0758442441228796
0.212,0.48581586645733693,0.742983511631088,0.3210251143741644,2.1546697720524297,-0.0758442441228796
0.213,0.48654925549106326,0.7237897303119414,0.3231761125915623,2.1509982173979196,-0.0758442441228796
0.214,0.48726343639328856,0.7045673750135686,0.32532344292586035,2.147330334298064,-0.0758442441228796
0.215,0.48795838096937366,0.6853172046016434,0.3274663592485677,2.142916322707328,-0.11333406282189956
0.216,0.48863406178409674,0.666039979039931,0.32960486597369587,2.138506725128183,-0.11333406282189956
0.217,0.48929045216273603,0.646736459360289,0.3317389675108425,2.1341015371466168,-0.11333406282189956
0.218,0.48992752619212343,0.6274074076326217,0.3338686682651955,2.129700754353032,-0.11333406282189956
0.219,0.49054525872166704,0.6080535869347954,0.3359939726375378,2.1253043723422413,-0.11333406282189956
0.22,0.4911436253643443,0.5886757613225108,0.33811413791995065,2.120165282412853,-0.15068927785230612
0.221,0.49172260249766486,0.5692746957991434,0.340229169251524,2.115031331573394,-0.15068927785230612
0.222,0.49228216726460267,0.5498511562855403,0.3423390717662088,2.1099025146847747,-0.15068927785230612
0.223,0.492822297574499,0.5304059095897831,0.34444385059282184,2.104778826613044,-0.15068927785230612
0.224,0.493342972103934,0.5109397233769163,0.34654351085505125,2.0996602622293845,-0.15068927785230612
0.225,0.4938441702975689,0.49145336613863877,0.34863731424201955,2.0938033869683115,-0.18786074994218838
0.226,0.49432587236895703,0.47194760716296913,0.35072526661060205,2.087952368582499,-0.18786074994218838
0.227,0.49478805930132547,0.4524232165038724,0.35280737381181715,2.0821072012150728,-0.18786074994218838
0.228,0.4952307128483256,0.43288096495086076,0.35488364169083214,2.0762678790150138,-0.18786074994218838
0.229,0.4956538155347533,0.4133216239985644,0.3569540760869693,2.070434396137155,-0.18786074994218838
0.23,0.49605735065723894,0.3937459658162719,0.3590179440491112,2.0638679621419036,-0.22479997995572565
0.231,0.49644130228490685,0.3741547632174501,0.36107525214369185,2.0573080945806472,-0.22479997995572565
0.232,0.4968056552600042,0.35454878962923203,0.3631260069305788,2.050754786886952,-0.22479997995572565
0.233,0.49715039519849946,0.3349288190618849,0.3651702149630797,2.0442080325009506,-0.22479997995572565
0.234,0.4974755084906501,0.3152956260782504,0.3672078827879491,2.037667824869335,-0.22479997995572565
0.23500000000000001,0.49778098230154,0.295649985763171,0.36923828376193946,2.030400973990372,-0.26145915270466735
0.23600000000000002,0.49806680457158625,0.2759926736928875,0.37126142515190175,2.0231413899622885,-0.26145915270466735
0.23700000000000002,0.49833296401701493,0.2563244659044217,0.37327731421742,2.015889065518233,-0.26145915270466735
0.23800000000000002,0.49857945013030697,0.23664613886494054,0.3752859582108186,2.0086439933986213,-0.26145915270466735
0.23900000000000002,0.4988062531806126,0.2169584694410994,0.37728736437716975,2.0014061663511296,-0.26145915270466735
0.24,0.4990133642141358,0.19726223486837782,0.3792808133137591,1.9934489365893606,-0.2977911797708934
0.241,0.4992007750544875,0.17755821272038994,0.3812663129778165,1.9854996640573535,-0.2977911797708934
0.242,0.49936847830300873,0.15784718087819224,0.38324387131861437,1.9775583407978783,-0.2977911797708934
0.243,0.49951646733906235,0.13812991749957115,0.38521349627747603,1.9696249588616626,-0.2977911797708934
0.244,0.4996447363202946,0.11840720098832416,0.3871751957877834,1.961699510307383,-0.2977911797708934
0.245,0.4997532801828658,0.09867980996352707,0.3891282586037542,1.9530628159708159,-0.33374974131299207
0.246,0.49984209464164997,0.07894852322879953,0.3910726933620828,1.9444347583285853,-0.33374974131299207
0.247,0.4999111761904045,0.059214119741556416,0.39300850869082676,1.9358153287439968,-0.33374974131299207
0.248,0.49996052210190806,0.03947737858225742,0.3949357132094158,1.927204518588993,-0.33374974131299207
0.249,0.49999013042806856,0.019739078923647402,0.3968543155286599,1.9186023192441441,-0.33374974131299207
0.25,0.5,1.9236706937217898e-16,0.3987636134590482,1.9092979303882887,-0.3692893268305629
0.251,0.49999013042806856,-0.019739078923647017,0.4006636163049695,1.9000028459212892,-0.3692893268305629
0.252,0.49996052210190806,-0.039477378582257035,0.40255433336150825,1.8907170565387568,-0.3692893268305629
0.253,0.4999111761904045,-0.059214119741556034,0.40443577391445384,1.8814405529456069,-0.3692893268305629
0.254,0.49984209464164997,-0.07894852322879913,0.4063079472403099,1.87217332585605,-0.3692893268305629
0.255,0.4997532801828658,-0.0986798099635267,0.4081701610873429,1.8622138470329788,-0.4043652748607611
0.256,0.4996447363202946,-0.1184072009883238,0.41002242541503164,1.8522643276887305,-0.4043652748607611
0.257,0.49951646733906235,-0.13812991749957076,0.4118647501728955,1.8423247578638267,-0.4043652748607611
0.258,0.49936847830300873,-0.15784718087819186,0.4136971453005042,1.8323951276087476,-0.4043652748607611
0.259,0.4992007750544875,-0.17755821272038957,0.41551962072748816,1.8224754269839236,-0.4043652748607611
0.26,0.4990133642141358,-0.1972622348683774,0.41733149500281347,1.8118742753252919,-0.4389338115823951
0.261,0.4988062531806126,-0.2169584694410997,0.41913277872763177,1.8012837248183187,-0.4389338115823951
0.262,0.49857945013030697,-0.23664613886494015,0.4209234824924936,1.7907037648618525,-0.4389338115823951
0.263,0.49833296401701493,-0.25632446590442204,0.42270361687735897,1.7801343848653426,-0.4389338115823951
0.264,0.49806680457158625,-0.27599267369288777,0.4244731924516078,1.7695755742488293,-0.4389338115823951
0.265,0.49778098230154,-0.29564998576317125,0.4262315394085163,1.7583469569085057,-0.4729520883037358
0.266,0.4974755084906501,-0.3152956260782507,0.42797866897670184,1.7471295681855226,-0.4729520883037358
0.267,0.49715039519849946,-0.3349288190618845,0.4297145923735531,1.7359233968512624,-0.4729520883037358
0.268,0.4968056552600042,-0.35454878962923236,0.43143932080524144,1.7247284316883364,-0.4729520883037358
0.269,0.49644130228490685,-0.37415476321745045,0.43315286546673204,1.7135446614905734,-0.4729520883037358
0.27,0.4960573506572389,-0.3937459658162723,0.4348545690192049,1.701703552472862,-0.50637821781104
0.271,0.4956538155347533,-0.41332162399856404,0.43654444330376907,1.6898742845641683,-0.50637821781104
0.272,0.4952307128483256,-0.432880964950861,0.43822250014969244,1.6780568459233833,-0.50637821781104
0.273,0.49478805930132547,-0.45242321650387274,0.4398887513744137,1.666251224721239,-0.50637821781104
0.274,0.494325872368957,-0.4719476071629694,0.44154320878355396,1.654457409140297,-0.50637821781104
0.275,0.49384417029756883,-0.49145336613863916,0.443185228309094,1.6420195255400438,-0.5391713095556512
0.276,0.493342972103934,-0.5109397233769158,0.4448148223889174,1.6295940798233908,-0.5391713095556512
0.277,0.492822297574499,-0.5304059095897833,0.44643200344846984,1.6171810595524543,-0.5391713095556512
0.278,0.49228216726460267,-0.5498511562855406,0.4480367839007716,1.6047804523017888,-0.5391713095556512
0.279,0.4917226024976648,-0.5692746957991437,0.44962917614643,1.592392245658374,-0.5391713095556512
0.28,0.4911436253643443,-0.5886757613225111,0.4512085501697695,1.5793740233395468,-0.5712915036584368
0.281,0.49054525872166704,-0.608053586934795,0.45277491898901256,1.5663688192430385,-0.5712915036584368
0.28200000000000003,0.48992752619212343,-0.6274074076326221,0.45432829560936316,1.5533766203506267,-0.5712915036584368
0.28300000000000003,0.48929045216273603,-0.6467364593602893,0.45586869302302024,1.5403974136571075,-0.5712915036584368
0.28400000000000003,0.4886340617840967,-0.6660399790399312,0.4573961242091905,1.5274311861702816,-0.5712915036584368
0.28500000000000003,0.4879583809693737,-0.6853172046016429,0.4589099739641004,1.513849754909887,-0.6027000037112109
0.28600000000000003,0.48726343639328856,-0.7045673750135688,0.46041025586918116,1.500281905080753,-0.6027000037112109
0.28700000000000003,0.48654925549106326,-0.7237897303119417,0.4618969834922826,1.486727623101448,-0.6027000037112109
0.28800000000000003,0.48581586645733693,-0.7429835116310883,0.4633701703876867,1.4731868954041223,-0.6027000037112109
0.289,0.48506329824505295,-0.762147961233386,0.46482983009612117,1.459659708434494,-0.6027000037112109
0.29,0.4842915805643156,-0.7812823225391818,0.46627536296268013,1.4455328665589453,-0.6333591083557139
0.291,0.48350074388121755,-0.8003858401566535,0.4677067831142054,1.431420151525272,-0.6333591083557139
0.292,0.482690819416637,-0.8194577599116352,0.46912410466341203,1.4173215492066324,-0.6333591083557139
0.293,0.48186183914500486,-0.8384973288773926,0.47052734170890237,1.4032370454903116,-0.6333591083557139
0.294,0.48101383579304297,-0.8575037954043433,0.47191650833518006,1.389166626277707,-0.6333591083557139
0.295,0.48014684283847153,-0.8764764091497333,0.47329102114999905,1.3745128148189962,-0.6632322416216492
0.296,0.479260894508688,-0.8954144211072578,0.47465089480717076,1.3598736571717442,-0.6632322416216492
0.297,0.4783560257794153,-0.9143170836366316,0.4759961439458529,1.3452491386821395,-0.6632322416216492
0.298,0.47743227237332153,-0.9331836504931056,0.47732678319056393,1.3306392447110242,-0.6632322416216492
0.299,0.47648967075860943,-0.9520133768569243,0.4786428271511978,1.3160439606338803,-0.6632322416216492
0.3,0.4755282581475768,-0.970805519362733,0.47994370938823094,1.300882237033122,-0.692283982006226
0.301,0.47454807249514736,-0.9895593361289218,0.4812294450633869,1.2857356751559643,-0.692283982006226
0.302,0.47354915249737217,-1.0082740867869178,0.48250004932322754,1.270604259840684,-0.692283982006226
0.303,0.47253153758990246,-1.0269490325104094,0.48375553729916826,1.2554879759407187,-0.692283982006226
0.304,0.47149526794643226,-1.0455834360445158,0.4849959241074929,1.2403868083246534,-0.692283982006226
0.305,0.4704403844771127,-1.0641765617348926,0.4862206609272037,1.2247368197107562,-0.7204800902786241
0.306,0.4693669288269371,-1.0827276755567736,0.48742976340828914,1.209102481085473,-0.7204800902786241
0.307,0.4682749433740962,-1.1012360451439511,0.488623247185088,1.193483776798815,-0.7204800902786241
0.308,0.46716447122830607,-1.1197009398176845,0.4898011278763044,1.1778806912164437,-0.7204800902786241
0.309,0.4660355562291055,-1.1381216306155488,0.49096342108502405,1.1622932087196547,-0.7204800902786241
0.31,0.46488824294412573,-1.1564973903202131,0.4921095962498151,1.1461751647910599,-0.747787535993757
0.311,0.4637225766673307,-1.1748274934881473,0.4932396694887215,1.1300732389063937,-0.747787535993757
0.312,0.462538603417229,-1.1931112164782662,0.4943536569036691,1.113987414947612,-0.747787535993757
0.313,0.46133636993505744,-1.2113478374804922,0.4954515745804819,1.0979176768127894,-0.747787535993757
0.314,0.4601159236829352,-1.2295366365442544,0.496533438588898,1.0818640084161015,-0.747787535993757
0.315,0.4588773128419906,-1.2476768956069089,0.49759873724285164,1.065298653953671,-0.7741745227007178
0.316,0.4576205863104588,-1.2657678985220906,0.49864748710769735,1.048749864845703,-0.7741745227007178
0.317,0.45634579370175143,-1.2838089310879803,0.4996797047322242,1.0322176245268428,-0.7741745227007178
0.318,0.45505298534249783,-1.3017992810755037,0.5006954066486725,1.0157019164483017,-0.7741745227007178
0.319,0.45374221227055844,-1.3197382382564478,0.5016946093727503,0.9992027240778389,-0.7741745227007178
0.32,0.45241352623300973,-1.337625094431499,0.5026768206838674,0.9822113111171155,-0.7996105118322826
0.321,0.45106697968410137,-1.3554591434582035,0.5036420575734368,0.9652368895693527,-0.7996105118322826
0.322,0.4497026257831856,-1.3732396812788406,0.50459033701588,0.9482794424431377,-0.7996105118322826
0.323,0.448320518392618,-1.390966005948225,0.5055216759686441,0.9313389527640489,-0.7996105118322826
0.324,0.44692071207563194,-1.4086374176614096,0.5064360913722187,0.9144154035746391,-0.7996105118322826
0.325,0.44550326209418395,-1.426253218781319,0.5073331110354845,0.8970196632658074,-0.8240662452628569
0.326,0.4440682244067723,-1.443812713866287,0.5082127523541818,0.8796413186972845,-0.8240662452628569
0.327,0.4426156556662276,-1.4613152096975155,0.5090750327066552,0.86228035247333,-0.8240662452628569
0.328,0.44114561321747664,-1.4787600153064373,0.5099199694538709,0.8449367472155995,-0.8240662452628569
0.329,0.4396581550952781,-1.4961464420019976,0.510747579939434,0.8276104855631268,-0.8240662452628569
0.33,0.43815334002193174,-1.5134738033978405,0.5115574125391811,0.8098325997470978,-0.8475137665232947
0.331,0.43663122740496,-1.530741415439408,0.512349485030998,0.7920724918168848,-0.8475137665232947
0.332,0.43509187733476284,-1.5479485964309412,0.5131238151749926,0.774330143994602,-0.8475137665232947
0.333,0.43353535058224507,-1.5650946670624013,0.5138804207135128,0.7566055385201415,-0.8475137665232947
0.334,0.4319617085964177,-1.582178950436277,0.514619319371164,0.7388986576511554,-0.8475137665232947
0.335,0.4303710135019718,-1.5992007720943142,0.5153400806013443,0.7207612301802637,-0.8699264406620252
0.336,0.4287633280968261,-1.6161594600441391,0.5160427225414811,0.702641940136843,-0.8699264406620252
0.337,0.4271387158496476,-1.6330543447857897,0.5167272633108646,0.6845407693834656,-0.8699264406620252
0.338,0.42549724089734586,-1.649884759338145,0.5173937210106655,0.6664576998008417,-0.8699264406620252
0.339,0.42383896804254156,-1.6666500392652572,0.5180421137239533,0.6483927132878003,-0.8699264406620252
0.34,0.4221639627510075,-1.6833495227025808,0.5186720324650729,0.6299187411196524,-0.8912789727430059
0.341,0.4204722911490846,-1.6999825503831032,0.5192834957079966,0.6114632429236726,-0.8912789727430059
0.342,0.4187640200210709,-1.7165484656633736,0.5198765219082225,0.5930262002258888,-0.8912789727430059
0.343,0.41703921680658557,-1.7330466145494217,0.5204511295027934,0.5746075945708028,-0.8912789727430059
0.34400000000000003,0.41529794959790634,-1.7494763457225786,0.5210073369103148,0.5562074075213719,-0.8912789727430059
0.34500000000000003,0.41354028713728086,-1.7658370105651897,0.5215447571619292,0.5374202516144098,-0.9115474249720363
0.34600000000000003,0.41176629881421367,-1.7821279631862208,0.5220634090447925,0.5186518828633546,-0.9115474249720363
0.34700000000000003,0.4099760546627261,-1.7983485604467568,0.5225633113272736,0.4999022824810505,-0.9115474249720363
0.34800000000000003,0.4081696253585919,-1.8144981619853926,0.5230444827589728,0.48117143169912874,-0.9115474249720363
0.34900000000000003,0.4063470822165469,-1.8305761302435122,0.5235069420707408,0.4624593117679889,-0.9115474249720363
0.35000000000000003,0.4045084971874737,-1.8465818304904564,0.5239503247385481,0.44338266780733954,-0.9307092324440677
0.35100000000000003,0.402653942855561,-1.862514630848589,0.5243746498390387,0.42432510049065086,-0.9307092324440677
0.352,0.4007834924354384,-1.8783739023182298,0.5247799364297799,0.4052865907412789,-0.9307092324440677
0.353,0.3988972197692856,-1.8941590188025001,0.5251662035492816,0.38626711950165626,-0.9307092324440677
0.354,0.39699519932391775,-1.9098693571320275,0.5255334702170148,0.36726666773327327,-0.9307092324440677
0.355,0.39507750618784526,-1.9255042970895555,0.5258813947537302,0.3479245367154362,-0.9487432175051876
0.356,0.3931442160683095,-1.941063221434426,0.5262099965015589,0.328601747828617,-0.9487432175051876
0.357,0.3911954052882941,-1.9565455159269465,0.5265192947832895,0.30929828173068463,-0.9487432175051876
0.358,0.3892311507835117,-1.971950569352641,0.5268093089023884,0.2900141190988502,-0.9487432175051876
0.359,0.3872515300993669,-1.9872777735463776,0.5270800581430181,0.2707492406296476,-0.9487432175051876
0.36,0.3852566213878946,-2.002526523416379,0.5273312240423526,0.25116589933453687,-0.9656296027240548
0.361,0.3832465034046749,-2.017696216968111,0.5275628261837333,0.23160214138072124,-0.9656296027240548
0.362,0.38122125550572405,-2.0327862553280447,0.5277748841309181,0.21205794718485943,-0.9656296027240548
0.363,0.379180957644361,-2.0477960427673074,0.5279674174281013,0.19253329718319348,-0.9656296027240548
0.364,0.377125690368052,-2.06272498672519,0.5281404455999328,0.1730281718315292,-0.9656296027240548
0.365,0.3750555348152298,-2.0775724978325467,0.5282936737431431,0.15322814321032507,-0.9813500224686287
0.366,0.3729705727120911,-2.092337989935064,0.5284271216577608,0.1334479146177422,-0.9813500224686287
0.367,0.37087088636936966,-2.1070208801163943,0.5285408091240146,0.11368746625375188,-0.9813500224686287
0.368,0.36875655867908697,-2.1216205887211754,0.5286347559023526,0.09394677833812556,-0.9813500224686287
0.369,0.36662767311128,-2.136136539377911,0.528708981733463,0.07422583111041486,-0.9813500224686287
0.37,0.3644843137107057,-2.1505681590217223,0.5287632155880806,0.054233854617601336,-0.9958875330851558
0.371,0.3623265650935234,-2.164914877916978,0.5287974774581818,0.03426187010128062,-0.9958875330851558
0.372,0.3601545124439535,-2.1791761296797816,0.5288117873157513,0.014309857569476229,-0.9958875330851558
0.373,0.35796824151091566,-2.193351351300333,0.5288061651128015,-0.005622202949796359,-0.9958875330851558
0.374,0.3557678386046427,-2.207439983165154,0.528780630781393,-0.025534331408549677,-0.9958875330851558
0.375,0.3535533905932738,-2.221441469079183,0.5287349374518824,-0.0456933295106897,-1.0092266216774284
0.376,0.3513249848994246,-2.235355256287729,0.5286691052832676,-0.06583216861472757,-1.0092266216774284
0.377,0.3490827094967363,-2.2491807954982987,0.528583154414388,-0.08595086887966141,-1.0092266216774284
0.378,0.34682665290640247,-2.2629175409022757,0.5284771049639436,-0.10604945044433031,-1.0092266216774284
0.379,0.3445569041936742,-2.276564950196474,0.5283509770305161,-0.12612793342743456,-1.0092266216774284
0.38,0.3422735529643444,-2.2901224846045407,0.5282045481607525,-0.14642886976371663,-1.0213532134854755
0.381,0.33997668936120967,-2.303589608898234,0.5280378386555888,-0.16670950516366242,-1.0213532134854755
0.382,0.3376664040605123,-2.316965791418546,0.5278508687956607,-0.18696985992820828,-1.0213532134854755
0.383,0.33534278826836006,-2.3302505040966928,0.5276436588413227,-0.20720995433798958,-1.0213532134854755
0.384,0.33300593371712583,-2.343443222474966,0.5274162290326694,-0.2274298086533611,-1.0213532134854755
0.385,0.3306559326618259,-2.356543425727433,0.5271683815602674,-0.2478474724019859,-1.0322546778639086
0.386,0.3282928778764782,-2.3695505966805017,0.5269001368417805,-0.2682447184868621,-1.0322546778639086
0.387,0.32591686265043934,-2.382464221833334,0.5266115152744548,-0.2886215673256534,-1.0322546778639086
0.388,0.3235279807847221,-2.39528379137812,0.5263025372351392,-0.3089780393156059,-1.0322546778639086
0.389,0.32112632658829227,-2.4080087992202044,0.5259732230803056,-0.32931415483356846,-1.0322546778639086
0.39,0.31871199487434493,-2.420638742998068,0.5256233998429696,-0.3498232373359603,-1.041919832861271
0.391,0.31628508095656227,-2.4331731241031553,0.5252530880322137,-0.3703118107558498,-1.041919832861271
0.392,0.3138456806453503,-2.4456114476995627,0.5248623081366114,-0.39077989560231935,-1.041919832861271
0.393,0.3113938902440563,-2.4579532227435728,0.5244510806242475,-0.41122751236394245,-1.041919832861271
0.394,0.30892980654516716,-2.4701979620030388,0.5240194259427386,-0.43165468150880393,-1.041919832861271
0.395,0.3064535268264882,-2.482345182076621,0.5235671961369432,-0.45222980579535205,-1.050338948402846
0.396,0.30396514884730264,-2.494394403412871,0.5230944117819857,-0.4727843549576136,-1.050338948402846
0.397,0.3014647708445123,-2.506345150329161,0.522601093432415,-0.4933183495707129,-1.050338948402846
0.398,0.29895249152875936,-2.5181969510304674,0.5220872616222259,-0.5138318101891991,-1.050338948402846
0.399,0.29642841008052967,-2.5299493376279893,0.5215529368648788,-0.5343247573470669,-1.050338948402846
0.4,0.2938926261462366,-2.5416018461576297,0.5209979963573275,-0.5549405075513288,-1.0575037480804532
0.401,0.29134523983428806,-2.5531540165983033,0.520422460715322,-0.5755356420053865,-1.0575037480804532
0.402,0.2887863517111338,-2.564605392890101,0.5198263505339971,-0.5961101813249902,-1.0575037480804532
0.403,0.2862160627972954,-2.575955522952296,0.5192096863878918,-0.6166641461052742,-1.0575037480804532
0.404,0.2836344745633782,-2.5872039587011866,0.518572488830971,-0.637197556920778,-1.0575037480804532
0.405,0.28104168892606524,-2.598350256067791,0.517914660323416,-0.6578285075549355,-1.0634074095539154
0.406,0.2784378082440939,-2.6093939750153736,0.5172362214961775,-0.6784388272384588,-1.0634074095539154
0.40700000000000003,0.275822935314215,-2.620334679556821,0.5165371929595752,-0.6990285366022987,-1.0634074095539154
0.40800000000000003,0.2731971733671346,-2.63117193777185,0.5158175953033185,-0.7195976562567747,-1.0634074095539154
0.40900000000000003,0.27056062606343795,-2.641905321824065,0.5150774490965269,-0.7401462067915963,-1.0634074095539154
0.41000000000000003,0.26791339748949833,-2.6525344079778406,0.5143166821446706,-0.7607669518562032,-1.0680445635699303
0.41100000000000003,0.265255592153367,-2.6630587766150557,0.5135353150684949,-0.7813670761757456,-1.0680445635699303
0.41200000000000003,0.2625873149806478,-2.6734780122516573,0.512733368468124,-0.8019466003709685,-1.0680445635699303
0.41300000000000003,0.25990867131035467,-2.6837917035540624,0.511910862923082,-0.8225055450419961,-1.0680445635699303
0.41400000000000003,0.25721976689075315,-2.6939994433553984,0.5110678189923136,-0.8430439307683527,-1.0680445635699303
0.41500000000000004,0.25452070787518555,-2.704100828671577,0.5102041898796439,-0.8636291126696888,-1.0714112916052234
0.41600000000000004,0.2518116008178803,-2.714095460717202,0.5093199961702548,-0.8841937093891236,-1.0714112916052234
0.417,0.24909255266974545,-2.7239829449213127,0.508415258428743,-0.9047377415118389,-1.0714112916052234
0.418,0.24636367077414578,-2.7337628909429648,0.5074899971991406,-0.9252612296024316,-1.0714112916052234
0.419,0.24362506286266633,-2.743434912686633,0.5065442330049357,-0.9457641942049336,-1.0714112916052234
0.42,0.2408768370508578,-2.752998628317463,0.505577944472482,-0.9662885324535669,-1.0735051221419143
0.421,0.2381191018339697,-2.7624536602763348,0.5045911521261182,-0.9867923463639516,-1.0735051221419143
0.422,0.2353519660826664,-2.7717996352947774,0.5035838764696577,-1.007275656460426,-1.0735051221419143
0.423,0.23257553903872927,-2.7810361844097002,0.502556137986411,-1.0277384832468037,-1.0735051221419143
0.424,0.229789930310744,-2.790162942977959,0.5015079571392046,-1.0481808472063951,-1.0735051221419143
0.425,0.22699524986977343,-2.7991795506907526,0.5004393379723338,-1.0686191668708722,-1.0743250255841694
0.426,0.22419160804501614,-2.8080856515878487,0.4993503009241181,-1.0890370482156848,-1.0743250255841694
0.427,0.22137911551945078,-2.8168808940716326,0.4982408664124389,-1.1094345116791524,-1.0743250255841694
0.428,0.21855788332546644,-2.825564930920991,0.49711105483475976,-1.1298115776791566,-1.0743250255841694
0.429,0.21572802284047965,-2.834137419305019,0.4959608865681466,-1.150168266613161,-1.0743250255841694
0.43,0.21288964578253644,-2.8425980207965527,0.4947903910416435,-1.1704955265030725,-1.0738714078262377
0.431,0.21004286420590323,-2.8509464013855337,0.4935995885825104,-1.1908024591330941,-1.0738714078262377
0.432,0.20718779049664215,-2.85918223149219,0.49238849949767993,-1.2110890848304858,-1.0738714078262377
0.433,0.20432453736817457,-2.867305185980051,0.49115714407377775,-1.23135542390218,-1.0738714078262377
0.434,0.20145321785683137,-2.875314944168782,0.48990554257714297,-1.2516014966348026,-1.0738714078262377
0.435,0.1985739453173903,-2.8832111898468455,0.48863374975995516,-1.27179281718783,-1.0721461024831183
0.436,0.19568683341860119,-2.890993611283982,0.4873417858135349,-1.2919639464203045,-1.0721461024831183
0.437,0.19279199613869824,-2.898661901243519,0.48602967090901134,-1.3121149045235465,-1.0721461024831183
0.438,0.1898895477609007,-2.9062157569944986,0.48469742519734266,-1.3322457116686852,-1.0721461024831183
0.439,0.18697960286890034,-2.913654880323631,0.483345068809336,-1.352356388006679,-1.0721461024831183
0.44,0.18406227634233907,-2.9209789775470645,0.48197268173048136,-1.3723870788545944,-1.0691523617961094
0.441,0.1811376833522729,-2.9281877595219816,0.4805802839914697,-1.392397739011662,-1.0691523617961094
0.442,0.1782059393566254,-2.935280941658013,0.47916789560296114,-1.4123883885085724,-1.0691523617961094
0.443,0.1752671600956295,-2.9422582439284737,0.47773553655560513,-1.432359047355986,-1.0691523617961094
0.444,0.17232146158725853,-2.9491193908814175,0.4762832268200606,-1.4523097355445522,-1.0691523617961094
0.445,0.16936896012264566,-2.95586411165051,0.47481107149732704,-1.47215532273354,-1.0648948462266172
0.446,0.16640977226149326,-2.9624921399657254,0.4733190904329917,-1.4919810643353388,-1.0648948462266172
0.447,0.16344401482747137,-2.9690032141638527,0.47180730345279615,-1.511786980195536,-1.0648948462266172
0.448,0.16047180490360485,-2.9753970771988336,0.4702757303626563,-1.5315730901398728,-1.0648948462266172
0.449,0.15749325982765247,-2.981673476651902,0.468724390948682,-1.5513394139742651,-1.0648948462266172
0.45,0.15450849718747375,-2.9878321647415556,0.46715341528186666,-1.570975666815343,-1.0593796127526036
0.451,0.15151763481638703,-2.993872898333333,0.4655628229984631,-1.5905922834035797,-1.0593796127526036
0.452,0.14852079078851746,-2.9997954389494157,0.4639526337150878,-1.6101892833752283,-1.0593796127526036
0.453,0.14551808341413588,-3.0055995527780413,0.4623228670287409,-1.6297666863469051,-1.0593796127526036
0.454,0.14250963123498803,-3.011285010682734,0.4606735425168253,-1.6493245119156104,-1.0593796127526036
0.455,0.13949555301961455,-3.0168515882113502,0.45900481504738394,-1.6687274694413576,-1.0526141018831434
0.456,0.13647596775866253,-3.0222990656049418,0.4573167040233744,-1.6881110240095791,-1.0526141018831434
0.457,0.13345099466018787,-3.027627227806428,0.45560922882835114,-1.7074751950232323,-1.0526141018831434
0.458,0.13042075314494853,-3.0328358644690883,0.4538824088264853,-1.726820001865872,-1.0526141018831434
0.459,0.12738536284169114,-3.037924769964866,0.4521362633625836,-1.746145463901669,-1.0526141018831434
0.46,0.12434494358242741,-3.042893743392486,0.4503709719016777,-1.7652914609059185,-1.0446071234075576
0.461,0.1212996153977037,-3.047742588585386,0.4485865535897645,-1.7844183119131638,-1.0446071234075576
0.462,0.1182494985118623,-3.05247111411946,0.4467830275536951,-1.8035260360694019,-1.0446071234075576
0.463,0.11519471333829523,-3.0570791333206158,0.4449604129011936,-1.8226146525014837,-1.0446071234075576
0.464,0.1121353804746905,-3.061566464272146,0.44311872872087643,-1.8416841803171333,-1.0446071234075576
0.465,0.10907162069827116,-3.065932929821908,0.4412581788479217,-1.8605498729547492,-1.035368840896643
0.466,0.1060035549610274,-3.070178357589319,0.43937878214802195,-1.8793966998997274,-1.035368840896643
0.467,0.1029313043849407,-3.074302579972159,0.4374805574680042,-1.8982246800177605,-1.035368840896643
0.468,0.09985499025720353,-3.078305434153192,0.4355635236358485,-1.9170338321556755,-1.035368840896643
0.46900000000000003,0.09677473402543013,-3.0821867621065873,0.43362769946070706,-1.9358241751414527,-1.035368840896643
0.47000000000000003,0.09369065729286229,-3.085946410604164,0.4316733128946413,-1.9543865660658013,-1.024910754974503
0.47100000000000003,0.09060288181356863,-3.089584231221436,0.42970038250004206,-1.9729303945992256,-1.024910754974503
0.47200000000000003,0.08751152948763793,-3.093100080343475,0.4277089268207379,-1.9914556793041165,-1.024910754974503
0.47300000000000003,0.08441672235636682,-3.096493819170578,0.4256989643820136,-2.0099624387243025,-1.024910754974503
0.47400000000000003,0.08131858259744167,-3.099765313723747,0.4236705136906285,-2.028450691385068,-1.024910754974503
0.47500000000000003,0.07821723252011549,-3.102914434849978,0.4216238265362272,-2.046687154401293,-1.013245685380499
0.47600000000000003,0.07511279456037856,-3.1059410582273617,0.4195589211552727,-2.0649053809545017,-1.013245685380499
0.47700000000000004,0.07200539127612608,-3.10884506436999,0.4174758157659916,-2.0831053892811573,-1.013245685380499
0.47800000000000004,0.06889514534231901,-3.111626338632672,0.4153745285683921,-2.1012871975994862,-1.013245685380499
0.47900000000000004,0.0657821795461412,-3.1142847712154627,0.4132550777442826,-2.1194508241094967,-1.013245685380499
0.48,0.06266661678215227,-3.116820257167995,0.4111177386159604,-2.1373391283222234,-1.0003877518418103
0.481,0.05954858004743499,-3.119232696393626,0.40896252907172964,-2.1552095442307375,-1.0003877518418103
0.482,0.05642819243674094,-3.121521993653385,0.4067894669820063,-2.173062089723343,-1.0003877518418103
0.483,0.053305577137630025,-3.1236880585697366,0.4045985701993358,-2.1908967826704555,-1.0003877518418103
0.484,0.05018085742560749,-3.125730805630146,0.4023898565584112,-2.2087136409246213,-1.0003877518418103
0.485,0.047054156659257176,-3.1276501541904578,0.4001636245840519,-2.226231974359258,-0.986352353778059
0.486,0.043925598275371576,-3.129446028478077,0.3979198917945915,-2.2437327894604597,-0.986352353778059
0.487,0.04079530578407896,-3.1311183575949615,0.3956586756908449,-2.2612161037465603,-0.986352353778059
0.488,0.03766340276396652,-3.132667075520422,0.39337999375612653,-2.278681934718375,-0.986352353778059
0.489,0.03453001285720303,-3.134092121113726,0.39108386345626733,-2.2961302998592177,-0.986352353778059
0.49,0.03139525976465679,-3.1353934381165134,0.38877060616373077,-2.3132572925365666,-0.9711561488604098
0.491,0.02825926724101234,-3.1365709751550175,0.38644023900550956,-2.330367158221238,-0.9711561488604098
0.492,0.02512215908988483,-3.1376246857420926,0.3840927790914693,-2.347459914040225,-0.9711561488604098
0.493,0.021984059158932475,-3.138554528279048,0.38172824351436596,-2.364535577103393,-0.9711561488604098
0.494,0.018845091334967267,-3.1393604660572936,0.37934664934986245,-2.381594164503498,-0.9711561488604098
0.495,0.015705379539064118,-3.1400424672597853,0.3769483404389145,-2.3983089109479643,-0.9548170304484829
0.496,0.012565047721668906,-3.140600504962283,0.3745333334962685,-2.415006942645986,-0.9548170304484829
0.497,0.00942421985770423,-3.141034557134415,0.3721016452199562,-2.4316882763123098,-0.9548170304484829
0.498,0.006283019941676418,-3.1413446066405433,0.3696532922913112,-2.448352928644967,-0.9548170304484829
0.499,0.0031415719827795636,-3.141530641240445,0.36718829137498593,-2.4650009163252915,-0.9548170304484829
0.5,6.123233995736766e-17,-3.141592653589793,0.36470700837749837,-2.4812829974875528,-0.9373541039293223
0.501,-0.003141571982779441,-3.141530641240445,0.3622094595809297,-2.4975487965686516,-0.9373541039293223
0.502,-0.006283019941676296,-3.1413446066405433,0.35969566125107905,-2.5137983298506694,-0.9373541039293223
0.503,-0.009424219857704107,-3.141034557134415,0.35716562963747966,-2.530031613599405,-0.9373541039293223
0.504,-0.012565047721668785,-3.140600504962283,0.3546193809734153,-2.546248664064392,-0.9373541039293223
0.505,-0.015705379539063997,-3.1400424672597853,0.35205730280477526,-2.5620781686399994,-0.9187876619835764
0.506,-0.018845091334967146,-3.1393604660572936,0.3494794109610642,-2.577891843711031,-0.9187876619835764
0.507,-0.021984059158932354,-3.138554528279048,0.34688572125595724,-2.5936897051069914,-0.9187876619835764
0.508,-0.02512215908988471,-3.1376246857420926,0.34427624948731567,-2.609471768641556,-0.9187876619835764
0.509,-0.028259267241012218,-3.1365709751550175,0.34165101143720306,-2.6252380501125856,-0.9187876619835764
0.51,-0.03139525976465667,-3.1353934381165134,0.3390104158419645,-2.640595595238571,-0.8991391588048978
0.511,-0.034530012857202905,-3.134092121113726,0.3363544780591451,-2.6559377828194304,-0.8991391588048978
0.512,-0.037663402763966396,-3.132667075520422,0.3336832134309324,-2.671264628212709,-0.8991391588048978
0.513,-0.04079530578407884,-3.1311183575949615,0.3309966372841718,-2.686576146760594,-0.8991391588048978
0.514,-0.04392559827537145,-3.129446028478077,0.32829476493038184,-2.7018723537899314,-0.8991391588048978
0.515,-0.04705415665925705,-3.1276501541904578,0.3255780258252797,-2.71673910510213,-0.8784311832994357
0.516,-0.050180857425607364,-3.125730805630146,0.3228464348356167,-2.7315909896630166,-0.8784311832994357
0.517,-0.0533055771376299,-3.1236880585697366,0.3201000068132774,-2.7464280223393422,-0.8784311832994357
0.518,-0.05642819243674082,-3.121521993653385,0.31733875659529437,-2.7612502179829916,-0.8784311832994357
0.519,-0.059548580047434865,-3.119232696393626,0.31456269900386336,-2.7760575914309973,-0.8784311832994357
0.52,-0.06266661678215214,-3.1168202571679955,0.3117722837213979,-2.7904152824654287,-0.8566874312931304
0.521,-0.06578217954614131,-3.1142847712154627,0.3089675251055891,-2.804758615808826,-0.8566874312931304
0.522,-0.06889514534231911,-3.111626338632672,0.3061484374997702,-2.8190876058188796,-0.8566874312931304
0.523,-0.07200539127612618,-3.10884506436999,0.3033150352329313,-2.8334022668389234,-0.8566874312931304
0.524,-0.07511279456037843,-3.105941058227362,0.30046733261973335,-2.847702613197947,-0.8566874312931304
0.525,-0.07821723252011537,-3.1029144348499784,0.2976057990556131,-2.861533564120255,-0.8339326767753068
0.526,-0.08131858259744176,-3.0997653137237466,0.29473044837152146,-2.8753506840916407,-0.8339326767753068
0.527,-0.08441672235636692,-3.096493819170578,0.2918412943845784,-2.889153986943055,-0.8339326767753068
0.528,-0.08751152948763805,-3.093100080343475,0.2889383508980868,-2.902943486491618,-0.8339326767753068
0.529,-0.09060288181356872,-3.0895842312214357,0.28602163170154615,-2.9167191965406327,-0.8339326767753068
0.53,-0.09369065729286238,-3.0859464106041634,0.2830916253693579,-2.9300063321882495,-0.8101927422078763
0.531,-0.09677473402543023,-3.0821867621065873,0.28014834518865767,-2.943280180700219,-0.8101927422078763
0.532,-0.09985499025720362,-3.078305434153192,0.277191804433294,-2.956540755363676,-0.8101927422078763
0.533,-0.1029313043849406,-3.0743025799721595,0.2742220163638415,-2.96978806945247,-0.8101927422078763
0.534,-0.10600355496102727,-3.070178357589319,0.2712389942276143,-2.983022136227175,-0.8101927422078763
0.535,-0.10907162069827125,-3.065932929821908,0.26824324522416476,-2.9957490034495518,-0.7854944679301911
0.536,-0.1121353804746906,-3.0615664642721456,0.26523478208036005,-3.008463143804706,-0.7854944679301911
0.537,-0.11519471333829533,-3.0570791333206153,0.26221361751034056,-3.021164570019505,-0.7854944679301911
0.538,-0.1182494985118624,-3.0524711141194594,0.25917976421553246,-3.0338532948080896,-0.7854944679301911
0.539,-0.1212996153977038,-3.047742588585386,0.25613323488466055,-3.0465293308718855,-0.7854944679301911
0.54,-0.12434494358242751,-3.042893743392486,0.25307455476950574,-3.0586801151548206,-0.7598656806903563
0.541,-0.12738536284169122,-3.037924769964866,0.2500037360208523,-3.070818748653473,-0.7598656806903563
0.542,-0.13042075314494841,-3.0328358644690883,0.24692079077733367,-3.0829452435186266,-0.7598656806903563
0.543,-0.13345099466018776,-3.027627227806428,0.24382573116544476,-3.095059611888915,-0.7598656806903563
0.544,-0.1364759677586626,-3.0222990656049418,0.24071856929955393,-3.1071618658908333,-0.7598656806903563
0.545,-0.13949555301961464,-3.0168515882113502,0.2375998478923023,-3.1187214072516323,-0.7333351613344922
0.546,-0.1425096312349881,-3.0112850106827334,0.23446957850323122,-3.1302693890710707,-0.7333351613344922
0.547,-0.145518083414136,-3.0055995527780413,0.23132777268032254,-3.1418058229086894,-0.7333351613344922
0.548,-0.14852079078851754,-2.9997954389494157,0.22817444196001008,-3.1533307203124705,-0.7333351613344922
0.549,-0.1515176348163871,-2.993872898333333,0.22500959786719124,-3.1648440928188477,-0.7333351613344922
0.55,-0.15450849718747386,-2.9878321647415556,0.22183379996623148,-3.175797900959752,-0.7059326116861425
0.551,-0.15749325982765258,-2.981673476651902,0.21864705921093897,-3.186740755292515,-0.7059326116861425
0.552,-0.16047180490360474,-2.975397077198834,0.215449386544168,-3.1976726667709454,-0.7059326116861425
0.553,-0.16344401482747126,-2.969003214163853,0.2122407928978301,-3.2085936463378975,-0.7059326116861425
0.554,-0.16640977226149337,-2.962492139965725,0.20902128919290483,-3.2195037049252826,-0.7059326116861425
0.555,-0.16936896012264574,-2.95586411165051,0.2057914512192715,-3.2298379736333307,-0.6776886206486694
0.556,-0.1723214615872586,-2.9491193908814175,0.20255128931119884,-3.240161908072671,-0.6776886206486694
0.557,-0.17526716009562962,-2.9422582439284737,0.19930081379262127,-3.2504755185775718,-0.6776886206486694
0.558,-0.1782059393566255,-2.9352809416580126,0.1960400349771493,-3.2607788154719675,-0.6776886206486694
0.559,-0.181137683352273,-2.928187759521981,0.19276896316807984,-3.271071809069469,-0.6776886206486694
0.56,-0.18406227634233915,-2.920978977547064,0.18948818973822817,-3.2807734298516817,-0.6486346295641165
0.561,-0.18697960286890022,-2.913654880323631,0.18619772438921506,-3.2904653490131124,-0.6486346295641165
0.562,-0.18988954776090058,-2.906215756994499,0.18289757681295968,-3.3001475762553816,-0.6486346295641165
0.5630000000000001,-0.19279199613869832,-2.8986619012435186,0.17958775669168928,-3.3098201212704086,-0.6486346295641165
0.5640000000000001,-0.1956868334186013,-2.890993611283982,0.17626827369794887,-3.3194829937404204,-0.6486346295641165
0.5650000000000001,-0.1985739453173904,-2.883211189846845,0.17293973412926494,-3.328539568683932,-0.6188028968626059
0.5660000000000001,-0.20145321785683146,-2.8753149441687818,0.16960214704221244,-3.3375870870525004,-0.6188028968626059
0.5670000000000001,-0.20432453736817466,-2.8673051859800505,0.16625552148430975,-3.3466255579027,-0.6188028968626059
0.5680000000000001,-0.20718779049664224,-2.8591822314921895,0.1628998664940277,-3.3556549902820496,-0.6188028968626059
0.5690000000000001,-0.21004286420590332,-2.8509464013855332,0.1595351911007987,-3.3646753932290197,-0.6188028968626059
0.5700000000000001,-0.21288964578253633,-2.842598020796553,0.15616211585372217,-3.373075247076529,-0.5882264620369302
0.5710000000000001,-0.21572802284047954,-2.834137419305019,0.15278064915265196,-3.3814667010701913,-0.5882264620369302
0.5720000000000001,-0.21855788332546652,-2.825564930920991,0.1493907993890421,-3.3898497636098597,-0.5882264620369302
0.5730000000000001,-0.22137911551945086,-2.816880894071632,0.1459925749459551,-3.3982244430869883,-0.5882264620369302
0.5740000000000001,-0.22419160804501623,-2.8080856515878483,0.14258598419807048,-3.40659074788464,-0.5882264620369302
0.5750000000000001,-0.22699524986977354,-2.799179550690752,0.13917166125875416,-3.414322939316306,-0.5569391089775217
0.5760000000000001,-0.22978993031074407,-2.7901629429779584,0.13574961386019763,-3.4220473985565403,-0.5569391089775217
0.577,-0.23257553903872896,-2.781036184409701,0.1323198497268601,-3.4297641333375344,-0.5569391089775217
0.578,-0.2353519660826661,-2.7717996352947787,0.12888237657547635,-3.437473151383747,-0.5569391089775217
0.579,-0.2381191018339694,-2.762453660276336,0.12543720211506443,-3.4451744604119137,-0.5569391089775217
0.58,-0.2408768370508575,-2.7529986283174637,0.12198497332253885,-3.452228792525572,-0.5249753287035088
0.581,-0.24362506286266605,-2.743434912686634,0.11852569725223173,-3.4592760703071166,-0.5249753287035088
0.582,-0.2463636707741457,-2.733762890942965,0.11505938095142086,-3.4663163008108797,-0.5249753287035088
0.583,-0.24909255266974534,-2.723982944921313,0.11158603146033672,-3.473349491084139,-0.5249753287035088
0.584,-0.2518116008178802,-2.7140954607172025,0.10810565581216959,-3.480375648167125,-0.5249753287035088
0.585,-0.25452070787518544,-2.7041008286715775,0.10461891313402011,-3.486742678149479,-0.49237028152604584
0.586,-0.25721976689075304,-2.693999443355399,0.10112580979291826,-3.4931033411018504,-0.49237028152604584
0.587,-0.25990867131035456,-2.683791703554063,0.09762635214952699,-3.4994576433912696,-0.49237028152604584
0.588,-0.2625873149806477,-2.6734780122516577,0.09412054655814858,-3.505805591378399,-0.49237028152604584
0.589,-0.2652555921533669,-2.663058776615056,0.09060839936673104,-3.5121471914175415,-0.49237028152604584
0.59,-0.2679133974894982,-2.652534407977841,0.08709058112733131,-3.517818239399735,-0.45915975868054837
0.591,-0.27056062606343784,-2.6419053218240656,0.08356709751099736,-3.5234836163339462,-0.45915975868054837
0.592,-0.2731971733671345,-2.6311719377718505,0.08003795418310614,-3.5291433278912234,-0.45915975868054837
0.593,-0.2758229353142149,-2.6203346795568216,0.0765031568033692,-3.534797379736943,-0.45915975868054837
0.594,-0.2784378082440938,-2.609393975015374,0.07296271102583837,-3.540445777530817,-0.45915975868054837
0.595,-0.2810416889260651,-2.5983502560677914,0.06941729809121579,-3.5454129346225844,-0.4253801434648992
0.596,-0.2836344745633781,-2.5872039587011875,0.06586692296665853,-3.55037512455726,-0.4253801434648992
0.597,-0.28621606279729533,-2.5759555229522966,0.062311590614356524,-3.555332352302001,-0.4253801434648992
0.598,-0.2887863517111337,-2.5646053928901016,0.05875130599153753,-3.560284622818997,-0.4253801434648992
0.599,-0.29134523983428795,-2.5531540165983038,0.05518607405047205,-3.565231941065476,-0.4253801434648992
0.6,-0.2938926261462365,-2.5416018461576297,0.05161658597390922,-3.569488076562832,-0.39106837192106325
0.601,-0.29642841008052956,-2.52994933762799,0.048042846017984524,-3.5737399559246903,-0.39106837192106325
0.602,-0.29895249152875925,-2.5181969510304674,0.044464858434577335,-3.577987583407187,-0.39106837192106325
0.603,-0.3014647708445122,-2.5063451503291616,0.04088262747131514,-3.5822309632622007,-0.39106837192106325
0.604,-0.3039651488473025,-2.4943944034128713,0.03729615737157778,-3.58647009973736,-0.39106837192106325
0.605,-0.30645352682648813,-2.4823451820766214,0.0337061485040782,-3.5900088674995807,-0.35626189309791023
0.606,-0.30892980654516705,-2.4701979620030388,0.030112604407584162,-3.5935440964940395,-0.35626189309791023
0.607,-0.31139389024405617,-2.4579532227435728,0.026515528617324657,-3.597075790259504,-0.35626189309791023
0.608,-0.3138456806453502,-2.445611447699563,0.022914924664993452,-3.6006039523312023,-0.35626189309791023
0.609,-0.3162850809565622,-2.433173124103156,0.019310796078752624,-3.6041285862408294,-0.35626189309791023
0.61,-0.3187119948743448,-2.4206387429980682,0.015703851648519368,-3.606944430233256,-0.32099862893336656
0.611,-0.3211263265882922,-2.408008799220205,0.012094094190137678,-3.60975745838169,-0.32099862893336656
0.612,-0.323527980784722,-2.3952837913781204,0.008481526516635703,-3.612567673501976,-0.32099862893336656
0.613,-0.32591686265043923,-2.3824642218333345,0.004866151438228562,-3.615375078407141,-0.32099862893336656
0.614,-0.3282928778764781,-2.369550596680502,0.0012479717623211607,-3.618179675907401,-0.32099862893336656
0.615,-0.33065593266182586,-2.356543425727434,-0.002372296072586219,-3.62026783490738,-0.2853169337943039
0.616,-0.3330059337171257,-2.343443222474966,-0.005994649978334578,-3.6223539057483585,-0.2853169337943039
0.617,-0.33534278826835995,-2.330250504096693,-0.009619087868853075,-3.624437890518496,-0.2853169337943039
0.618,-0.3376664040605122,-2.316965791418546,-0.013245607660156939,-3.626519791303864,-0.2853169337943039
0.619,-0.33997668936120956,-2.303589608898235,-0.016874207270345384,-3.628599610188446,-0.2853169337943039
0.62,-0.34227355296434436,-2.2901224846045416,-0.0205041633919979,-3.629956121652514,-0.24925555371282665
0.621,-0.3445569041936741,-2.2765649501964744,-0.024135474668603017,-3.6313112766051177,-0.24925555371282665
0.622,-0.34682665290640236,-2.262917540902276,-0.027768139745005787,-3.6326650764027693,-0.24925555371282665
0.623,-0.34908270949673625,-2.2491807954982987,-0.03140215726740641,-3.634017522400623,-0.24925555371282665
0.624,-0.35132498489942454,-2.2353552562877295,-0.035037525883358886,-3.6353686159524785,-0.24925555371282665
0.625,-0.35355339059327373,-2.2214414690791835,-0.03867351620240257,-3.6359903190436826,-0.21285358535784116
0.626,-0.3557678386046426,-2.207439983165155,-0.04231012760283437,-3.636611400431796,-0.21285358535784116
0.627,-0.35796824151091555,-2.1933513513003335,-0.04594735946357289,-3.6372318607385212,-0.21285358535784116
0.628,-0.36015451244395347,-2.179176129679782,-0.04958521116415783,-3.6378517005849393,-0.21285358535784116
0.629,-0.36232656509352335,-2.164914877916978,-0.05322368208474934,-3.6384709205915113,-0.21285358535784116
0.63,-0.36448431371070567,-2.150568159021723,-0.05686203754311588,-3.638355458366539,-0.17615043478097614
0.631,-0.3666276731112799,-2.1361365393779113,-0.06050027765471967,-3.638240111603792,-0.17615043478097614
0.632,-0.36875655867908685,-2.1216205887211763,-0.06413840253490748,-3.638124880187808,-0.17615043478097614
0.633,-0.37087088636936955,-2.1070208801163948,-0.06777641229891071,-3.6380097640032396,-0.17615043478097614
0.634,-0.37297057271209105,-2.0923379899350643,-0.07141430706184557,-3.637894762934856,-0.17615043478097614
0.635,-0.37505553481522974,-2.0775724978325476,-0.075051347645537,-3.6370405836914426,-0.13918577597607595
0.636,-0.3771256903680519,-2.0627249867251902,-0.07868753490416427,-3.6361872586272725,-0.13918577597607595
0.637,-0.37918095764436077,-2.0477960427673088,-0.08232286969105244,-3.635334786888167,-0.13918577597607595
0.638,-0.38122125550572394,-2.0327862553280456,-0.08595735285867324,-3.6344831676208003,-0.13918577597607595
0.639,-0.3832465034046748,-2.0176962169681114,-0.08959098525864595,-3.633632399972701,-0.13918577597607595
0.64,-0.3852566213878947,-2.0025265234163787,-0.0932230240164045,-3.6320387577585604,-0.10199950929160073
0.641,-0.38725153009936686,-1.9872777735463782,-0.09685347072559114,-3.630446709186634,-0.10199950929160073
0.642,-0.3892311507835118,-1.9719505693526405,-0.10048232697825442,-3.6288562526632795,-0.10199950929160073
0.643,-0.39119540528829405,-1.9565455159269471,-0.10410959436485087,-3.6272673865964484,-0.10199950929160073
0.644,-0.3931442160683093,-1.9410632214344277,-0.10773527447424655,-3.625680109395684,-0.10199950929160073
0.645,-0.3950775061878452,-1.9255042970895562,-0.11135862153792754,-3.6233470636809955,-0.06463171973535886
0.646,-0.3969951993239175,-1.9098693571320293,-0.11497963788893956,-3.6210163510120217,-0.06463171973535886
0.647,-0.39889721976928555,-1.8941590188025006,-0.11859832585799528,-3.618687969055717,-0.06463171973535886
0.648,-0.4007834924354382,-1.8783739023182315,-0.12221468777347665,-3.6163619154813684,-0.06463171973535886
0.649,-0.40265394285556105,-1.862514630848588,-0.12582872596143724,-3.614038187960594,-0.06463171973535886
0.65,-0.40450849718747367,-1.846581830490457,-0.1294396925639141,-3.610966602476854,-0.027122635211031754
0.651,-0.4063470822165471,-1.8305761302435104,-0.1330475906524927,-3.607898088578598,-0.027122635211031754
0.652,-0.40816962535859197,-1.8144981619853924,-0.13665242329568694,-3.6048326431942397,-0.027122635211031754
0.653,-0.409976054662726,-1.7983485604467575,-0.1402541935589422,-3.601770263255266,-0.027122635211031754
0.654,-0.4117662988142137,-1.78212796318622,-0.14385290450463842,-3.5987109456962316,-0.027122635211031754
0.655,-0.4135402871372808,-1.7658370105651904,-0.14744780699108348,-3.5949024864450547,0.010487415274027634
0.656,-0.41529794959790634,-1.749476345722578,-0.1510389048267366,-3.591097835653129,0.010487415274027634
0.657,-0.4170392168065855,-1.7330466145494223,-0.1546262018162486,-3.5872969895119953,0.010487415274027634
0.658,-0.41876402002107094,-1.7165484656633734,-0.1582097017604656,-3.5834999442170026,0.010487415274027634
0.659,-0.4204722911490845,-1.6999825503831034,-0.1617894084564329,-3.579706695967305,0.010487415274027634
0.66,-0.42216396275100765,-1.6833495227025792,-0.16536457228483642,-3.5751638284035323,0.04815804339026808
0.661,-0.4238389680425416,-1.6666500392652563,-0.16893519778854374,-3.5706255037073236,0.04815804339026808
0.662,-0.42549724089734603,-1.6498847593381434,-0.17250128950587956,-3.566091717335811,0.04815804339026808
0.663,-0.4271387158496476,-1.6330543447857893,-0.17606285197063024,-3.56156246475067,0.04815804339026808
0.664,-0.42876332809682605,-1.6161594600441398,-0.17961988971204834,-3.557037741418114,0.04815804339026808
0.665,-0.4303710135019719,-1.5992007720943135,-0.1831716534388607,-3.5517637268123496,0.08584884321729302
0.666,-0.4319617085964176,-1.582178950436278,-0.1867181484250819,-3.5464949862211914,0.08584884321729302
0.667,-0.4335353505822451,-1.5650946670624009,-0.19025937993945252,-3.5412315143706246,0.08584884321729302
0.668,-0.4350918773347628,-1.5479485964309418,-0.19379535324544442,-3.535973305991908,0.08584884321729302
0.669,-0.4366312274049602,-1.530741415439406,-0.197326073601266,-3.5307203558215705,0.08584884321729302
0.67,-0.4381533400219318,-1.51347380339784,-0.20085079284807403,-3.5247192468080333,0.12351943288578754
0.671,-0.4396581550952782,-1.4961464420019959,-0.20436951698697753,-3.5187241389035093,0.12351943288578754
0.672,-0.4411456132174767,-1.4787600153064369,-0.2078822520130844,-3.51273502610689,0.12351943288578754
0.673,-0.44261565566622757,-1.4613152096975162,-0.21138900391550747,-3.5067519024230673,0.12351943288578754
0.674,-0.4440682244067723,-1.4438127138662866,-0.21488977867737039,-3.5007747618629286,0.12351943288578754
0.675,-0.4455032620941839,-1.4262532187813195,-0.21838383007454965,-3.4940513971792484,0.16112949609085564
0.676,-0.44692071207563194,-1.4086374176614092,-0.2218711648304099,-3.487334755860252,0.16112949609085564
0.677,-0.44832051839261794,-1.3909660059482256,-0.22535178966159247,-3.4806248311825745,0.16112949609085564
0.678,-0.4497026257831856,-1.3732396812788399,-0.22882571127802204,-3.4739216164295748,0.16112949609085564
0.679,-0.4510669796841014,-1.3554591434582026,-0.23229293638291337,-3.467225104891328,0.16112949609085564
0.68,-0.4524135262330099,-1.3376250944314974,-0.23575272148623105,-3.4597851033176816,0.19863882343775618
0.681,-0.4537422122705585,-1.319738238256447,-0.23920507402797667,-3.4523525417456087,0.19863882343775618
0.682,-0.4550529853424978,-1.3017992810755046,-0.24265000144071178,-3.444927412735108,0.19863882343775618
0.683,-0.45634579370175143,-1.2838089310879797,-0.2460875111495654,-3.437509708853618,0.19863882343775618
0.684,-0.45762058631045877,-1.2657678985220913,-0.2495176105722414,-3.430099422676009,0.19863882343775618
0.685,-0.4588773128419906,-1.2476768956069084,-0.2529395597484231,-3.4219491761817085,0.23600735358123176
0.686,-0.4601159236829352,-1.2295366365442544,-0.25635336682835697,-3.413807079933902,0.23600735358123176
0.687,-0.4613363699350575,-1.2113478374804911,-0.2597590399541393,-3.4056731257823434,0.23600735358123176
0.6880000000000001,-0.462538603417229,-1.1931112164782665,-0.26315658725972424,-3.3975473055849363,0.23600735358123176
0.6890000000000001,-0.46372257666733074,-1.1748274934881462,-0.266546016870932,-3.389429611207727,0.23600735358123176
0.6900000000000001,-0.46488824294412573,-1.1564973903202125,-0.26992659314824613,-3.380576277314122,0.2731952141198668
0.6910000000000001,-0.4660355562291054,-1.1381216306155495,-0.27329832494500056,-3.3717317967544105,0.2731952141198668
0.6920000000000001,-0.46716447122830607,-1.1197009398176838,-0.2766612211056758,-3.3628961606752585,0.2731952141198668
0.6930000000000001,-0.46827494337409614,-1.1012360451439518,-0.280015290465908,-3.354069360232186,0.2731952141198668
0.6940000000000001,-0.4693669288269371,-1.082727675556773,-0.28336054185249754,-3.345251386589556,0.2731952141198668
0.6950000000000001,-0.4704403844771127,-1.0641765617348926,-0.28669624473245636,-3.335702879958823,0.31016276220716865
0.6960000000000001,-0.4714952679464323,-1.0455834360445144,-0.2900224086542911,-3.3261639218347208,0.31016276220716865
0.6970000000000001,-0.47253153758990246,-1.0269490325104094,-0.2933390431569598,-3.3166345026687427,0.31016276220716865
0.6980000000000001,-0.4735491524973722,-1.0082740867869167,-0.29664615776988174,-3.3071146129219304,0.31016276220716865
0.6990000000000001,-0.47454807249514736,-0.9895593361289219,-0.2999437620129466,-3.2976042430648653,0.31016276220716865
0.7000000000000001,-0.47552825814757677,-0.9708055193627337,-0.3032311312392716,-3.287369226324973,0.3468706248413791
0.7010000000000001,-0.47648967075860943,-0.9520133768569239,-0.3065082756838734,-3.2771444446018205,0.3468706248413791
0.7020000000000001,-0.4774322723733215,-0.9331836504931063,-0.3097752055715338,-3.266929887660391,0.3468706248413791
0.7030000000000001,-0.47835602577941533,-0.914317083636631,-0.3130319311168097,-3.256725545275903,0.3468706248413791
0.704,-0.4792608945086878,-0.8954144211072605,-0.3162784625240435,-3.2465314072337996,0.3468706248413791
0.705,-0.4801468428384715,-0.8764764091497347,-0.31951408180509416,-3.2356192810506386,0.38327973879636346
0.706,-0.48101383579304285,-0.8575037954043461,-0.3227387998720878,-3.2247180669936606,0.38327973879636346
0.707,-0.4818618391450048,-0.838497328877394,-0.32595262762623856,-3.21382775415074,0.38327973879636346
0.708,-0.4826908194166369,-0.8194577599116379,-0.3291555759578592,-3.2029483316206617,0.38327973879636346
0.709,-0.4835007438812175,-0.8003858401566544,-0.3323476557463723,-3.1920797885131136,0.38327973879636346
0.71,-0.4842915805643155,-0.781282322539184,-0.3355281564272938,-3.1805006809214746,0.4193513901562925
0.711,-0.4850632982450529,-0.7621479612333868,-0.3386970895797312,-3.168933152437427,0.4193513901562925
0.712,-0.48581586645733693,-0.7429835116310891,-0.34185446677121306,-3.157377191481864,0.4193513901562925
0.713,-0.4865492554910632,-0.7237897303119437,-0.34500029955770034,-3.145832786487256,0.4193513901562925
0.714,-0.48726343639328856,-0.7045673750135696,-0.348134599483598,-3.134299925897643,0.4193513901562925
0.715,-0.4879583809693736,-0.685317204601645,-0.3512566641645014,-3.1220646809034003,0.45504725341724817
0.716,-0.4886340617840967,-0.6660399790399313,-0.35436650583565554,-3.109841671154152,0.45504725341724817
0.717,-0.489290452162736,-0.6467364593602908,-0.3574641367200702,-3.097630884414653,0.45504725341724817
0.718,-0.48992752619212343,-0.6274074076326221,-0.3605495690285321,-3.0854323084618938,0.45504725341724817
0.719,-0.490545258721667,-0.6080535869347965,-0.3636228149596172,-3.073245931085087,0.45504725341724817
0.72,-0.49114362536434436,-0.5886757613225104,-0.3666831810561688,-3.0603660965516153,0.4903294301193185
0.721,-0.4917226024976648,-0.5692746957991445,-0.36973068019802147,-3.0474991418526773,0.4903294301193185
0.722,-0.4922821672646027,-0.54985115628554,-0.3727653252521299,-3.0346450541084384,0.4903294301193185
0.723,-0.49282229757449897,-0.5304059095897841,-0.3757871290725818,-3.0218038204519435,0.4903294301193185
0.724,-0.49334297210393396,-0.5109397233769181,-0.3787961045006109,-3.008975428029105,0.4903294301193185
0.725,-0.49384417029756883,-0.49145336613863916,-0.3817915677434725,-2.9954632428616113,0.5251604869732238
0.726,-0.494325872368957,-0.4719476071629709,-0.38477353231335176,-2.981964569879285,0.5251604869732238
0.727,-0.49478805930132547,-0.45242321650387274,-0.3877420117089217,-2.9684793955699416,0.5251604869732238
0.728,-0.4952307128483256,-0.4328809649508625,-0.3906970194153566,-2.955007706434907,0.5251604869732238
0.729,-0.4956538155347533,-0.41332162399856415,-0.3936385689043456,-2.9415494889890077,0.5251604869732238
0.73,-0.4960573506572389,-0.39374596581627297,-0.3965659867739767,-2.927417869631098,0.5595034934460338
0.731,-0.49644130228490685,-0.3741547632174498,-0.3994792871558692,-2.913300381892546,0.5595034934460338
0.732,-0.4968056552600042,-0.3545487896292331,-0.40237848416751093,-2.899197011641733,0.5595034934460338
0.733,-0.4971503951984994,-0.3349288190618866,-0.4052635919122721,-2.8851077447611706,0.5595034934460338
0.734,-0.4974755084906501,-0.3152956260782508,-0.4081346244794196,-2.8710325671474886,0.5595034934460338
0.735,-0.49778098230154,-0.29564998576317275,-0.4109909195728245,-2.85629509340492,0.5933220587710539
0.736,-0.49806680457158625,-0.2759926736928878,-0.41383249192996063,-2.8415723571360942,0.5933220587710539
0.737,-0.49833296401701493,-0.25632446590442354,-0.41665935627356415,-2.826864343603537,0.5933220587710539
0.738,-0.49857945013030697,-0.23664613886494024,-0.41947152731164866,-2.8121710380845126,0.5933220587710539
0.739,-0.4988062531806126,-0.21695846944110045,-0.4222690197375197,-2.797492425871007,0.5933220587710539
0.74,-0.4990133642141358,-0.1972622348683768,-0.42505118306359785,-2.782163326078185,0.6265803683475569
0.741,-0.4992007750544875,-0.17755821272039032,-0.427818032618983,-2.7668495553851558,0.6265803683475569
0.742,-0.49936847830300873,-0.15784718087819405,-0.4305695837174458,-2.7515510984628193,0.6265803683475569
0.743,-0.49951646733906235,-0.13812991749957154,-0.43330585165744323,-2.7362679399974055,0.6265803683475569
0.744,-0.4996447363202946,-0.11840720098832526,-0.4360268517221337,-2.721000064690457,0.6265803683475569
0.745,-0.4997532801828658,-0.09867980996352677,-0.4387319459223695,-2.7050942002358345,0.6592432194966149
0.746,-0.49984209464164997,-0.0789485232288006,-0.4414211501640152,-2.6892042416456663,0.6592432194966149
0.747,-0.4999111761904045,-0.0592141197415561,-0.44409448033702925,-2.6733301730140884,0.6592432194966149
0.748,-0.49996052210190806,-0.039477378582257805,-0.44675195231548037,-2.657471978451142,0.6592432194966149
0.749,-0.49999013042806856,-0.01973907892364639,-0.4493935819575631,-2.6416296420827585,0.6592432194966149
0.75,-0.5,-5.771012081165369e-16,-0.452018744448873,-2.6251624913098768,0.6912760565399536
0.751,-0.49999013042806856,0.019739078923645237,-0.4546274562565608,-2.608711807687768,0.6912760565399536
0.752,-0.49996052210190806,0.03947737858225665,-0.4572197338313101,-2.5922775747492808,0.6912760565399536
0.753,-0.4999111761904045,0.059214119741554945,-0.45979559360735384,-2.5758597760437323,0.6912760565399536
0.754,-0.49984209464164997,0.07894852322879944,-0.4623550520024907,-2.5594583951368897,0.6912760565399536
0.755,-0.4997532801828658,0.09867980996352561,-0.4648974980391291,-2.542446036638365,0.7226450051693745
0.756,-0.4996447363202946,0.11840720098832411,-0.4674229487296275,-2.525450690498339,0.7226450051693745
0.757,-0.49951646733906235,0.13812991749957038,-0.46993142106933194,-2.5084723397044533,0.7226450051693745
0.758,-0.49936847830300873,0.15784718087819288,-0.4724229320365933,-2.491510967261361,0.7226450051693745
0.759,-0.4992007750544875,0.17755821272038919,-0.474897498592784,-2.4745665561907124,0.7226450051693745
0.76,-0.4990133642141358,0.19726223486837563,-0.47735452424429703,-2.457025651513021,0.7533169060750229
0.761,-0.4988062531806126,0.2169584694410993,-0.479794026532037,-2.4395022877400074,0.7533169060750229
0.762,-0.49857945013030697,0.2366461388649391,-0.4822160229793678,-2.421996447330767,0.7533169060750229
0.763,-0.49833296401701493,0.2563244659044223,-0.4846205310921297,-2.404508112761936,0.7533169060750229
0.764,-0.49806680457158625,0.2759926736928867,-0.4870075683586574,-2.3870372665276736,0.7533169060750229
0.765,-0.49778098230154,0.2956499857631716,-0.4893765534009625,-2.368985042305116,0.7832593478014883
0.766,-0.4974755084906501,0.3152956260782497,-0.49172750427126927,-2.3509508703067814,0.7832593478014883
0.767,-0.4971503951984994,0.3349288190618855,-0.4940604390037497,-2.332934732480445,0.7832593478014883
0.768,-0.4968056552600042,0.354548789629232,-0.49637537561454165,-2.3149366107919347,0.7832593478014883
0.769,-0.49644130228490685,0.37415476321744867,-0.49867233210176676,-2.296956487225113,0.7832593478014883
0.77,-0.49605735065723894,0.39374596581627186,-0.5009507428185286,-2.2784107167618584,0.8124406988014711
0.771,-0.4956538155347533,0.413321623998563,-0.5032106263105977,-2.259883492069067,0.8124406988014711
0.772,-0.4952307128483256,0.43288096495086137,-0.5054520011051986,-2.2413747946009686,0.8124406988014711
0.773,-0.4947880593013255,0.4524232165038716,-0.5076748857110289,-2.222884605830338,0.8124406988014711
0.774,-0.494325872368957,0.47194760716296974,-0.5098792986182774,-2.204412907248478,0.8124406988014711
0.775,-0.4938441702975689,0.491453366138638,-0.5120646905098455,-2.1853918915680786,0.8408301386575519
0.776,-0.493342972103934,0.510939723376917,-0.5142310804067488,-2.1663898969033593,0.8408301386575519
0.777,-0.492822297574499,0.530405909589783,-0.5163784873109821,-2.147406904233305,0.8408301386575519
0.778,-0.4922821672646027,0.5498511562855389,-0.5185069302055381,-2.1284428945559206,0.8408301386575519
0.779,-0.49172260249766486,0.5692746957991434,-0.5206164280544263,-2.1094978488882137,0.8408301386575519
0.78,-0.49114362536434436,0.5886757613225093,-0.5227064484516968,-2.090020397270458,0.8683976884433808
0.781,-0.49054525872166704,0.6080535869347954,-0.5247770108748011,-2.07056242310432,0.8683976884433808
0.782,-0.4899275261921235,0.6274074076326209,-0.5268281347817134,-2.051123906912348,0.8683976884433808
0.783,-0.48929045216273603,0.6467364593602896,-0.52885983961095,-2.031704829236568,0.8683976884433808
0.784,-0.48863406178409674,0.6660399790399301,-0.5308721447815884,-2.012305170638464,0.8683976884433808
0.785,-0.48795838096937366,0.685317204601644,-0.5328645353622523,-1.9923905806638962,0.8951142401964618
0.786,-0.48726343639328856,0.7045673750135685,-0.5348370312675316,-1.972495905279303,0.8951142401964618
0.787,-0.4865492554910632,0.7237897303119426,-0.5367896523921016,-1.9526211245700944,0.8951142401964618
0.788,-0.485815866457337,0.742983511631088,-0.5387224186107432,-1.932766218641595,0.8951142401964618
0.789,-0.48506329824505295,0.7621479612333857,-0.5406353497783623,-1.9129311676190242,0.8951142401964618
0.79,-0.48429158056431554,0.7812823225391828,-0.5425279489831042,-1.892599204741894,0.9209515854755554
0.791,-0.48350074388121755,0.8003858401566531,-0.5444002365569318,-1.872287573827641,0.9209515854755554
0.792,-0.4826908194166369,0.8194577599116367,-0.5462522328114762,-1.8519962545443023,0.9209515854755554
0.793,-0.48186183914500486,0.8384973288773929,-0.5480839580380564,-1.8317252265802468,0.9209515854755554
0.794,-0.4810138357930429,0.8575037954043451,-0.5498954325077006,-1.8114744696441554,0.9209515854755554
0.795,-0.48014684283847153,0.8764764091497335,-0.5516861778540155,-1.7907453463149787,0.9458824429766247
0.796,-0.47926089450868786,0.8954144211072596,-0.5534562148061246,-1.7700369521091313,0.9458824429766247
0.797,-0.4783560257794152,0.9143170836366326,-0.555205564072422,-1.7493492662974897,0.9458824429766247
0.798,-0.47743227237332153,0.9331836504931053,-0.5569342463405937,-1.7286822681716596,0.9458824429766247
0.799,-0.4764896707586094,0.9520133768569254,-0.5586422822776377,-1.7080359370439555,0.9458824429766247
0.8,-0.4755282581475768,0.9708055193627326,-0.560329212569041,-1.6869302914032689,0.9698804851821282
0.801,-0.47454807249514724,0.9895593361289236,-0.5619950583204493,-1.665845751408223,0.9698804851821282
0.802,-0.47354915249737217,1.0082740867869182,-0.5636398406164025,-1.6447822959531722,0.9698804851821282
0.803,-0.47253153758990235,1.026949032510411,-0.5652635805203561,-1.6237399039535765,0.9698804851821282
0.804,-0.4714952679464322,1.045583436044516,-0.5668662990747021,-1.6027185543459803,0.9698804851821282
0.805,-0.47044038447711267,1.0641765617348942,-0.5684475565032133,-1.5812574285112455,0.9929203640194412
0.806,-0.46936692882693704,1.0827276755567745,-0.5700073742670156,-1.5598177638023454,0.9929203640194412
0.807,-0.4682749433740962,1.1012360451439507,-0.5715457738057738,-1.5383995387581542,0.9929203640194412
0.808,-0.46716447122830596,1.1197009398176854,-0.5730627765377128,-1.5170027319390071,0.9929203640194412
0.809,-0.46603555622910553,1.1381216306155486,-0.5745584038596394,-1.4956273219266794,0.9929203640194412
0.81,-0.4648882429441256,1.156497390320214,-0.576032235999534,-1.4738321398946508,1.0149777355050955
0.811,-0.4637225766673307,1.1748274934881477,-0.5774842947525787,-1.4520587530446543,1.0149777355050955
0.812,-0.46253860341722897,1.1931112164782678,-0.5789146018921602,-1.4303071395815077,1.0149777355050955
0.8130000000000001,-0.4613363699350574,1.2113478374804927,-0.580323179169892,-1.4085772777318242,1.0149777355050955
0.8140000000000001,-0.4601159236829351,1.229536636544256,-0.581710048315636,-1.3868691457439903,1.0149777355050955
0.8150000000000001,-0.4588773128419905,1.2476768956069098,-0.5830748100065672,-1.364761690931195,1.036029283352561
0.8160000000000001,-0.4576205863104588,1.2657678985220904,-0.5844174863501405,-1.3426763435732125,1.036029283352561
0.8170000000000001,-0.4563457937017514,1.2838089310879812,-0.5857380994317031,-1.320613081562588,1.036029283352561
0.8180000000000001,-0.4550529853424979,1.3017992810755035,-0.5870366713145171,-1.2985718828139743,1.036029283352561
0.8190000000000001,-0.4537422122705584,1.3197382382564486,-0.5883132240397811,-1.2765527252641091,1.036029283352561
0.8200000000000001,-0.4524135262330098,1.3376250944314987,-0.5895673791574896,-1.2541551177084005,1.0560527415222252
0.8210000000000001,-0.4510669796841013,1.3554591434582042,-0.5907991590652498,-1.2317799077602476,1.0560527415222252
0.8220000000000001,-0.4497026257831855,1.3732396812788414,-0.5920085861382719,-1.2094270730220429,1.0560527415222252
0.8230000000000001,-0.44832051839261783,1.390966005948227,-0.5931956827293905,-1.1870965911185762,1.0560527415222252
0.8240000000000001,-0.44692071207563183,1.4086374176614105,-0.5943604711690875,-1.1647884396970132,1.0560527415222252
0.8250000000000001,-0.445503262094184,1.4262532187813186,-0.595502594282031,-1.14212311294345,1.0750269156933068
0.8260000000000001,-0.4440682244067722,1.4438127138662882,-0.5966220747335477,-1.1194804515166403,1.0750269156933068
0.8270000000000001,-0.4426156556662276,1.461315209697515,-0.5977189351662989,-1.0968604327512577,1.0750269156933068
0.8280000000000001,-0.44114561321747653,1.4787600153064382,-0.5987931982003035,-1.0742630340046402,1.0750269156933068
0.8290000000000001,-0.4396581550952781,1.4961464420019972,-0.5998448864329603,-1.0516882326567694,1.0750269156933068
0.8300000000000001,-0.4381533400219317,1.5134738033978414,-0.6008736643433117,-1.0287779103513437,1.0929317036384405
0.8310000000000001,-0.4366312274049601,1.5307414154394074,-0.6018795548416799,-1.0058904983682235,1.0929317036384405
0.8320000000000001,-0.4350918773347627,1.5479485964309434,-0.602862580815477,-0.9830259737970864,1.0929317036384405
0.833,-0.4335353505822452,1.5650946670623997,-0.6038227651292275,-0.9601843137505206,1.0929317036384405
0.834,-0.4319617085964177,1.5821789504362769,-0.6047601306245916,-0.9373654953640013,1.0929317036384405
0.835,-0.43037101350197193,1.5992007720943124,-0.6056743637921705,-0.9142331675789827,1.1097481144827332
0.836,-0.42876332809682616,1.6161594600441387,-0.6065654877642923,-0.891123972121749,1.1097481144827332
0.837,-0.4271387158496477,1.6330543447857881,-0.6074335256501523,-0.8680378858599725,1.1097481144827332
0.838,-0.42549724089734614,1.6498847593381423,-0.6082785005358368,-0.8449748856844579,1.1097481144827332
0.839,-0.42383896804254173,1.6666500392652555,-0.6091004354843459,-0.8219349485091187,1.1097481144827332
0.84,-0.42216396275100776,1.683349522702578,-0.6098990393321699,-0.798603847824006,1.1254582868301855
0.841,-0.42047229114908463,1.6999825503831028,-0.6106743354104095,-0.7752960782395782,1.1254582868301855
0.842,-0.41876402002107105,1.7165484656633723,-0.6114263470268342,-0.7520116164247349,1.1254582868301855
0.843,-0.4170392168065856,1.7330466145494214,-0.6121550974659059,-0.7287504390717064,1.1254582868301855
0.844,-0.41529794959790645,1.7494763457225773,-0.612860609988802,-0.7055125228960311,1.1254582868301855
0.845,-0.4135402871372809,1.7658370105651893,-0.6135426160890602,-0.6820061002583069,1.140045505741408
0.846,-0.41176629881421384,1.7821279631862192,-0.6142011392731035,-0.6585231840432204,1.140045505741408
0.847,-0.40997605466272613,1.7983485604467568,-0.6148362030238479,-0.6350637507443491,1.140045505741408
0.848,-0.4081696253585921,1.8144981619853913,-0.6154478308007266,-0.6116277768787766,1.140045505741408
0.849,-0.4063470822165472,1.8305761302435093,-0.6160360460397137,-0.5882152389870696,1.140045505741408
0.85,-0.4045084971874738,1.846581830490456,-0.6166006031790908,-0.5645571393771278,1.1534942185477375
0.851,-0.40265394285556116,1.8625146308485874,-0.6171415258769576,-0.5409226978667959,1.1534942185477375
0.852,-0.4007834924354383,1.8783739023182309,-0.6176588377677555,-0.5173118907979743,1.1534942185477375
0.853,-0.39889721976928566,1.8941590188024997,-0.6181525624622918,-0.49372469453622164,1.1534942185477375
0.854,-0.3969951993239177,1.9098693571320282,-0.6186227235477625,-0.47016108547073066,1.1534942185477375
0.855,-0.3950775061878453,1.925504297089555,-0.619069098671158,-0.4463751233955015,1.16579004948792
0.856,-0.3931442160683094,1.9410632214344266,-0.6194917116184403,-0.4226129472823476,1.16579004948792
0.857,-0.39119540528829416,1.9565455159269465,-0.6198905861517856,-0.39887453334530687,1.16579004948792
0.858,-0.38923115078351195,1.9719505693526396,-0.6202657460096078,-0.3751598578222032,1.16579004948792
0.859,-0.38725153009936697,1.9872777735463774,-0.6206172149065824,-0.3514688969746226,1.16579004948792
0.86,-0.3852566213878948,2.002526523416378,-0.620944793938397,-0.32757903181455444,1.1769198131546754
0.861,-0.3832465034046749,2.0176962169681105,-0.6212485069949166,-0.30371305651964636,1.1769198131546754
0.862,-0.3812212555057241,2.0327862553280447,-0.6215283779421167,-0.2798709472000332,1.1769198131546754
0.863,-0.3791809576443609,2.047796042767308,-0.6217844306221064,-0.25605267998973963,1.1769198131546754
0.864,-0.377125690368052,2.0627249867251893,-0.6220166888531531,-0.23225823104665638,1.1769198131546754
0.865,-0.37505553481522974,2.0775724978325476,-0.6222249773954339,-0.20828854228081756,1.186871526739608
0.866,-0.37297057271209116,2.0923379899350634,-0.6224093202186377,-0.18434282320374457,1.186871526739608
0.867,-0.3708708863693698,2.107020880116393,-0.6225697412684834,-0.16042104984574868,1.186871526739608
0.868,-0.368756558679087,2.1216205887211754,-0.6227062644667445,-0.13652319826111076,1.186871526739608
0.869,-0.3666276731112802,2.136136539377909,-0.6228189137112725,-0.1126492445280575,1.186871526739608
0.87,-0.3644843137107058,2.1505681590217223,-0.6229075376181348,-0.08862390686220809,1.1956344210660674
0.871,-0.36232656509352346,2.1649148779169773,-0.6229721602126688,-0.06462259453402452,1.1956344210660674
0.872,-0.3601545124439534,2.1791761296797825,-0.623012805496187,-0.04064528351816915,1.1956344210660674
0.873,-0.35796824151091566,2.1933513513003327,-0.6230294974460003,-0.01669194981332963,1.1956344210660674
0.874,-0.3557678386046426,2.207439983165155,-0.6230222600154425,0.007237430557805048,1.1956344210660674
0.875,-0.35355339059327384,2.2214414690791826,-0.6229909658433073,0.031294172135262255,1.2031989504007505
0.876,-0.3513249848994248,2.2353552562877277,-0.6229356389863361,0.055326856971142,1.2031989504007505
0.877,-0.34908270949673637,2.2491807954982983,-0.6228563034772139,0.07933550912218587,1.2031989504007505
0.878,-0.3468266529064027,2.262917540902275,-0.6227529833245928,0.1033201526210787,1.2031989504007505
0.879,-0.34455690419367424,2.276564950196474,-0.6226257025131163,0.12728081147647263,1.2031989504007505
0.88,-0.3422735529643445,2.2901224846045407,-0.6224743578464306,0.15134466668571545,1.2095568010359643
0.881,-0.33997668936120956,2.303589608898235,-0.6222989733883908,0.175384458039749,1.2095568010359643
0.882,-0.3376664040605123,2.3169657914185455,-0.6220995731787884,0.19940020960242855,1.2095568010359643
0.883,-0.33534278826835995,2.330250504096693,-0.6218761812333748,0.2233919454135454,1.2095568010359643
0.884,-0.3330059337171259,2.3434432224749657,-0.621628821543886,0.24735968948885115,1.2095568010359643
0.885,-0.33065593266182614,2.3565434257274323,-0.6213574151961139,0.2714063477720762,1.214700898635694
0.886,-0.32829287787647826,2.3695505966805017,-0.6210619862367168,0.29542895939701797,1.214700898635694
0.887,-0.32591686265043956,2.3824642218333327,-0.6207425586883065,0.3194275484103348,1.214700898635694
0.888,-0.32352798078472217,2.3952837913781195,-0.6203991565494719,0.3434021388346384,1.214700898635694
0.889,-0.3211263265882923,2.408008799220204,-0.6200318037948034,0.36735275466851763,1.214700898635694
0.89,-0.3187119948743448,2.4206387429980687,-0.6196404458846028,0.39135791020064475,1.2186254143397823
0.891,-0.3162850809565623,2.433173124103155,-0.6192251068240255,0.41533906057723974,1.2186254143397823
0.892,-0.3138456806453501,2.445611447699563,-0.6187858105942221,0.43929622980345817,1.2186254143397823
0.893,-0.3113938902440563,2.4579532227435723,-0.6183225811523616,0.46322944186045034,1.2186254143397823
0.894,-0.3089298065451674,2.4701979620030374,-0.6178354424316562,0.48713872070538555,1.2186254143397823
0.895,-0.30645352682648824,2.482345182076621,-0.6173243643342791,0.5110780973771143,1.2213257696217066
0.896,-0.30396514884730286,2.49439440341287,-0.6167893707996069,0.5349935346721713,1.2213257696217066
0.897,-0.30146477084451234,2.506345150329161,-0.616230485743077,0.5588850565299333,1.2213257696217066
0.898,-0.2989524915287596,2.518196951030466,-0.6156477330562112,0.5827526868658375,1.2213257696217066
0.899,-0.29642841008052956,2.52994933762799,-0.6150411366066398,0.6065964495714058,1.2213257696217066
0.9,-0.2938926261462367,2.5416018461576297,-0.6144106907807201,0.6304458259197678,1.2227986398966735
0.901,-0.2913452398342879,2.5531540165983038,-0.6137564194278283,0.6542713528917815,1.2227986398966735
0.902,-0.28878635171113387,2.564605392890101,-0.6130783463734915,0.6780730543368232,1.2227986398966735
0.903,-0.28621606279729567,2.5759555229522952,-0.6123764954194111,0.7018509540804199,1.2227986398966735
0.904,-0.28363447456337826,2.5872039587011866,-0.6116508903434869,0.7256050759242729,1.2227986398966735
0.905,-0.28104168892606546,2.59835025606779,-0.610901550033501,0.7493403099859066,1.2230419568778979
0.906,-0.278437808244094,2.6093939750153736,-0.6101284982246875,0.7730518088134787,1.2230419568778979
0.907,-0.27582293531421526,2.62033467955682,-0.6093317586285453,0.7967395961422231,1.2230419568778979
0.908,-0.27319717336713445,2.631171937771851,-0.6085113549328617,0.8204036956836388,1.2230419568778979
0.909,-0.270560626063438,2.641905321824065,-0.6076673108017362,0.8440441311255131,1.2230419568778979
0.91,-0.26791339748949816,2.652534407977841,-0.6067996696165482,0.867641185187991,1.2220549096801743
0.911,-0.2652555921533671,2.6630587766150557,-0.6059084549743518,0.8912146421964066,1.2220549096801743
0.912,-0.2625873149806477,2.6734780122516577,-0.604993690448604,0.9147645257478136,1.2220549096801743
0.913,-0.2599086713103547,2.683791703554062,-0.6040553995891883,0.9382908594156694,1.2220549096801743
0.914,-0.2572197668907534,2.6939994433553975,-0.6030936059224384,0.9617936667498572,1.2220549096801743
0.915,-0.2545207078751856,2.704100828671577,-0.602108377290462,0.9852286319765278,1.2198379446710215
0.916,-0.2518116008178805,2.7140954607172008,-0.601099737128224,1.0086401622379717,1.2198379446710215
0.917,-0.2490925526697453,2.723982944921313,-0.6000677088472548,1.032028280969154,1.2198379446710215
0.918,-0.24636367077414584,2.7337628909429643,-0.5990123158356732,1.0553930115816055,1.2198379446710215
0.919,-0.243625062862666,2.7434349126866344,-0.5979335814582097,1.0787343774634444,1.2198379446710215
0.92,-0.24087683705085766,2.7529986283174632,-0.5968315979598423,1.101983498367399,1.2163927640709098
0.921,-0.23811910183396937,2.762453660276336,-0.5957063885896918,1.1252093701504498,1.2163927640709098
0.922,-0.23535196608266626,2.771799635294778,-0.5945579765736301,1.1484120160617175,1.2163927640709098
0.923,-0.23257553903872932,2.7810361844097,-0.593386385114303,1.171591459327074,1.2163927640709098
0.924,-0.22978993031074385,2.790162942977959,-0.5921916373911538,1.194747723149165,1.2163927640709098
0.925,-0.22699524986977349,2.7991795506907526,-0.5909738499692616,1.2177874218921205,1.2117223233052368
0.926,-0.224191608045016,2.8080856515878487,-0.5897330458883253,1.2408040809363332,1.2117223233052368
0.927,-0.22137911551945083,2.816880894071632,-0.5884692481650038,1.2637977233215016,1.2117223233052368
0.928,-0.21855788332546627,2.8255649309209914,-0.5871824797929395,1.2867683720642848,1.2117223233052368
0.929,-0.21572802284047948,2.834137419305019,-0.5858727637427812,1.3097160501583254,1.2117223233052368
0.93,-0.2128896457825361,2.8425980207965535,-0.5845402407921307,1.3325229506504062,1.2058308271119587
0.931,-0.2100428642059031,2.850946401385534,-0.5831849337478887,1.355307044241995,1.2058308271119587
0.932,-0.2071877904966422,2.8591822314921895,-0.5818068653941487,1.3780683537399923,1.2058308271119587
0.933,-0.20432453736817444,2.8673051859800514,-0.5804060584922203,1.4008069019284914,1.2058308271119587
0.934,-0.20145321785683143,2.875314944168782,-0.5789825357806515,1.423522711568802,1.2058308271119587
0.935,-0.19857394531739017,2.883211189846846,-0.577536462117306,1.446073663345432,1.1987237244099358
0.936,-0.19568683341860124,2.890993611283982,-0.5760678600531357,1.4686020641702853,1.1987237244099358
0.937,-0.19279199613869807,2.8986619012435195,-0.5745767521165414,1.4911079365943136,1.1987237244099358
0.9380000000000001,-0.18988954776090056,2.906215756994499,-0.5730631608133955,1.513591303145918,1.1987237244099358
0.9390000000000001,-0.18697960286889997,2.913654880323632,-0.5715271086270645,1.5360521863309708,1.1987237244099358
0.9400000000000001,-0.18406227634233893,2.920978977547065,-0.5699687843388811,1.5583242881833255,1.1904077019342791
0.9410000000000001,-0.18113768335227295,2.928187759521981,-0.5683882102209473,1.5805741179338277,1.1904077019342791
0.9420000000000001,-0.17820593935662524,2.935280941658013,-0.5667854085230928,1.6028016978545796,1.1904077019342791
0.9430000000000001,-0.1752671600956296,2.9422582439284737,-0.5651604014728974,1.6250070501954106,1.1904077019342791
0.9440000000000001,-0.17232146158725836,2.9491193908814175,-0.5635132112757135,1.6471901971839007,1.1904077019342791
0.9450000000000001,-0.1693689601226457,2.95586411165051,-0.5618440504551939,1.669160820519639,1.1808906766461185
0.9460000000000001,-0.16640977226149312,2.962492139965726,-0.5601529409819619,1.6911094732320417,1.1808906766461185
0.9470000000000001,-0.1634440148274712,2.969003214163853,-0.5584399048046702,1.7130361772917322,1.1808906766461185
0.9480000000000001,-0.1604718049036045,2.9753970771988345,-0.5567049638500229,1.7349409546473629,1.1808906766461185
0.9490000000000001,-0.15749325982765233,2.9816734766519026,-0.5549481400227972,1.7568238272256378,1.1808906766461185
0.9500000000000001,-0.15450849718747384,2.9878321647415556,-0.5531696693836603,1.7784706391369205,1.170181786925422
0.9510000000000001,-0.15151763481638686,2.993872898333333,-0.551369573579424,1.800095804236292,1.170181786925422
0.9520000000000001,-0.14852079078851751,2.9997954389494157,-0.5495478742352534,1.8216993441705642,1.170181786925422
0.9530000000000001,-0.14551808341413575,3.0055995527780413,-0.5477045929546885,1.8432812805649021,1.170181786925422
0.9540000000000001,-0.14250963123498808,3.0112850106827334,-0.5458397513196657,1.8648416350228456,1.170181786925422
0.9550000000000001,-0.1394955530196144,3.0168515882113507,-0.5439536086986267,1.8861426210389558,1.158291382556654
0.9560000000000001,-0.13647596775866258,3.0222990656049418,-0.5420461863925577,1.9074223060690498,1.158291382556654
0.9570000000000001,-0.1334509946601875,3.0276272278064282,-0.5401175056811436,1.9286807114141138,1.158291382556654
0.9580000000000001,-0.1304207531449484,3.0328358644690883,-0.5381675878227897,1.9499178583538328,1.158291382556654
0.9590000000000001,-0.1273853628416912,3.037924769964866,-0.5361964540546431,1.9711337681466121,1.158291382556654
0.96,-0.12434494358242767,3.042893743392486,-0.5342043867999943,1.9920672546488294,1.1452310135181931
0.961,-0.12129961539770376,3.047742588585386,-0.5321914069923297,2.012979807664544,1.1452310135181931
0.962,-0.11824949851186257,3.0524711141194594,-0.5301575355442024,2.0338714481272437,1.1452310135181931
0.963,-0.11519471333829572,3.057079133320615,-0.528102793347253,2.0547421969494803,1.1452310135181931
0.964,-0.11213538047469078,3.061566464272145,-0.52602720127223,2.075592075022895,1.1452310135181931
0.965,-0.10907162069827166,3.065932929821907,-0.5239310645209304,2.0961367512996243,1.1310134175876203
0.966,-0.10600355496102745,3.0701783575893185,-0.5218144036380303,2.116660882900077,1.1310134175876203
0.967,-0.10293130438494098,3.074302579972159,-0.5196772391476614,2.1371644903689293,1.1310134175876203
0.968,-0.0998549902572036,3.078305434153192,-0.5175195915534311,2.157647594230313,1.1310134175876203
0.969,-0.09677473402543041,3.082186762106587,-0.5153414813384433,2.178110214987835,1.1310134175876203
0.97,-0.09369065729286234,3.085946410604164,-0.5131432361835349,2.1982451549083684,1.1156525067760605
0.971,-0.0906028818135689,3.0895842312214357,-0.5109248762236459,2.218359959888981,1.1156525067760605
0.972,-0.087511529487638,3.093100080343475,-0.5086864215735813,2.238454650064613,1.1156525067760605
0.973,-0.0844167223563671,3.0964938191705778,-0.5064278923280313,2.25852924555007,1.1156525067760605
0.974,-0.08131858259744217,3.099765313723746,-0.5041493085615912,2.278583766440041,1.1156525067760605
0.975,-0.07821723252011555,3.102914434849978,-0.5018510201118656,2.2982884497257197,1.0991633526059326
0.976,-0.07511279456037884,3.1059410582273617,-0.49953304668353743,2.317973428328113,1.0991633526059326
0.977,-0.07200539127612615,3.10884506436999,-0.4971954079615855,2.3376387219519033,1.0991633526059326
0.978,-0.06889514534231929,3.111626338632672,-0.4948381236113034,2.35728435028207,1.0991633526059326
0.979,-0.06578217954614127,3.1142847712154627,-0.4924612132783195,2.3769103329839067,1.0991633526059326
0.98,-0.06266661678215232,3.116820257167995,-0.49006504861226363,2.396164666055874,1.0815621702475609
0.981,-0.05954858004743483,3.119232696393626,-0.48764964886746887,2.4153997447947697,1.0815621702475609
0.982,-0.056428192436741,3.121521993653385,-0.48521503327901394,2.434615588454926,1.0815621702475609
0.983,-0.0533055771376303,3.123688058569736,-0.4827612210627425,2.453812216271422,1.0815621702475609
0.984,-0.050180857425607545,3.125730805630146,-0.4802882314152824,2.472989647460102,1.0815621702475609
0.985,-0.047054156659257454,3.1276501541904578,-0.4777964574314391,2.4917739838432653,1.0628663015311566
0.986,-0.04392559827537164,3.129446028478077,-0.4752859178955491,2.5105395358900453,1.0628663015311566
0.987,-0.04079530578407902,3.1311183575949615,-0.4727566315731643,2.5292863223847784,1.0628663015311566
0.988,-0.03766340276396636,3.132667075520422,-0.47020861721107127,2.5480143620930167,1.0628663015311566
0.989,-0.03453001285720309,3.134092121113726,-0.4676418935373097,2.5667236737615466,1.0628663015311566
0.99,-0.03139525976465663,3.1353934381165134,-0.4650568747032849,2.585018834024821,1.0430941968517962
0.991,-0.028259267241012402,3.1365709751550175,-0.46245357900415707,2.603295699127832,1.0430941968517962
0.992,-0.02512215908988511,3.1376246857420926,-0.4598320247167913,2.6215542873657403,1.0430941968517962
0.993,-0.021984059158932538,3.138554528279048,-0.4571922300997759,2.6397946170154105,1.0430941968517962
0.994,-0.01884509133496755,3.1393604660572936,-0.45453421339344047,2.658016706335431,1.0430941968517962
0.995,-0.01570537953906418,3.1400424672597853,-0.45185840939589167,2.6758039975488166,1.0222653959860588
0.996,-0.012565047721668969,3.140600504962283,-0.4491648358944207,2.693573501470989,1.0222653959860588
0.997,-0.009424219857704069,3.141034557134415,-0.44645351065853145,2.7113252358892392,1.0222653959860588
0.998,-0.00628301994167648,3.1413446066405433,-0.44372445143995837,2.729059218573071,1.0222653959860588
0.999,-0.0031415719827794027,3.141530641240445,-0.44097767597268417,2.7467754672742193,1.0222653959860588
1.0,-1.2246467991473532e-16,3.141592653589793,-0.43821363927072043,2.7640367019637457,1.0004005078400402
1.0010000000000001,0.0031415719827796017,3.141530641240445,-0.4354323585953018,2.7812806754185826,1.0004005078400402
1.002,0.006283019941676234,3.1413446066405433,-0.4326338511904019,2.798507404899965,1.0004005078400402
1.0030000000000001,0.009424219857704268,3.141034557134415,-0.42981813428275,2.8157169076518658,1.0004005078400402
1.004,0.012565047721668722,3.140600504962283,-0.426985225081849,2.832909200901015,1.0004005078400402
1.0050000000000001,0.01570537953906438,3.1400424672597853,-0.4241355983663659,2.8496267154831028,0.9775211891494578
1.006,0.018845091334967305,3.1393604660572936,-0.42126927085381527,2.8663275125506087,0.9775211891494578
1.0070000000000001,0.021984059158932735,3.138554528279048,-0.41838625924499423,2.883011608821047,0.9775211891494578
1.008,0.02512215908988487,3.1376246857420926,-0.41548658022399904,2.8996790209952152,0.9775211891494578
1.0090000000000001,0.0282592672410126,3.1365709751550175,-0.4125702504582418,2.9163297657572094,0.9775211891494578
1.01,0.03139525976465639,3.1353934381165134,-0.4096377640198073,2.9324864384345237,0.9536501221535876
1.0110000000000001,0.03453001285720329,3.1340921211137256,-0.40668913706536813,2.948626954439161,0.9536501221535876
1.012,0.03766340276396611,3.132667075520422,-0.40372438573544034,2.9647513299277937,0.9536501221535876
1.0130000000000001,0.04079530578407922,3.1311183575949615,-0.4007435261543994,2.9808595810409377,0.9536501221535876
1.014,0.043925598275371396,3.129446028478077,-0.39774657443049644,2.9969517239029684,0.9536501221535876
1.0150000000000001,0.04705415665925721,3.1276501541904578,-0.39473404343849205,3.0125309920043803,0.9288109912657542
1.016,0.0501808574256073,3.125730805630146,-0.39170594875765435,3.028094680837691,0.9288109912657542
1.0170000000000001,0.05330557713763006,3.1236880585697366,-0.38866230595167217,3.0436428059821683,0.9288109912657542
1.018,0.05642819243674076,3.121521993653385,-0.3856031305686707,3.0591753830015014,0.9288109912657542
1.0190000000000001,0.059548580047435025,3.119232696393626,-0.3825284381412269,3.0746924274438148,0.9288109912657542
1.02,0.06266661678215209,3.1168202571679955,-0.37943875983703523,3.089678304191651,0.9030284587640122
1.0210000000000001,0.06578217954614146,3.1142847712154627,-0.3763341106419725,3.1046491950627395,0.9030284587640122
1.022,0.06889514534231905,3.111626338632672,-0.37321450552692953,3.119605115042957,0.9030284587640122
1.0230000000000001,0.07200539127612635,3.10884506436999,-0.37007995944782635,3.134546079103194,0.9030284587640122
1.024,0.0751127945603786,3.1059410582273617,-0.366930487345627,3.149472102199371,0.9030284587640122
1.025,0.07821723252011487,3.1029144348499784,-0.3637666381527393,3.163849192887705,0.876328139526666
1.026,0.08131858259744192,3.0997653137237466,-0.3605884262462539,3.1782119064853505,0.876328139526666
1.027,0.08441672235636642,3.0964938191705786,-0.3573958659888845,3.1925602573693985,0.876328139526666
1.028,0.08751152948763775,3.093100080343475,-0.35418897172898195,3.2068942599025623,0.876328139526666
1.029,0.09060288181356822,3.089584231221436,-0.35096775780054873,3.221213928433193,0.876328139526666
1.03,0.0936906572928621,3.085946410604164,-0.3477327903545472,3.234967446001522,0.8487365748381129
1.031,0.09677473402542973,3.0821867621065877,-0.3444840831444949,3.2487072100522827,0.8487365748381129
1.032,0.09985499025720335,3.0783054341531924,-0.3412216499101559,3.262433234338993,0.8487365748381129
1.033,0.10293130438494032,3.07430257997216,-0.3379455043775545,3.276145532601416,0.8487365748381129
1.034,0.10600355496102722,3.070178357589319,-0.3346556602589889,3.289844118565577,0.8487365748381129
1.035,0.10907162069827098,3.0659329298219085,-0.33135270036043607,3.3029598985528397,0.8202812052914192
1.036,0.11213538047469054,3.0615664642721456,-0.32803663779767595,3.316062562760115,0.8202812052914192
1.037,0.11519471333829505,3.0570791333206158,-0.32470748567337276,3.3291521243031834,0.8202812052914192
1.038,0.11824949851186234,3.05247111411946,-0.3213652570770881,3.3422285962847087,0.8202812052914192
1.039,0.12129961539770352,3.047742588585386,-0.31800996508529383,3.3552919917942523,0.8202812052914192
1.04,0.12434494358242744,3.042893743392486,-0.31464220857863506,3.3677565066587563,0.7909903428149127
1.041,0.12738536284169094,3.0379247699648664,-0.3112620000216267,3.380208557008396,0.7909903428149127
1.042,0.13042075314494855,3.0328358644690883,-0.307869351866319,3.3926481553076857,0.7909903428149127
1.043,0.13345099466018726,3.0276272278064287,-0.3044642765523103,3.4050753140086765,0.7909903428149127
1.044,0.13647596775866278,3.0222990656049413,-0.3010467865067593,3.417490045550966,0.7909903428149127
1.045,0.13949555301961417,3.016851588211351,-0.29761749608841687,3.429290418342432,0.7608931418508624
1.046,0.14250963123498828,3.0112850106827334,-0.29417641709765574,3.441078990761107,0.7608931418508624
1.047,0.1455180834141355,3.005599552778042,-0.2907235613230484,3.452855774607363,0.7608931418508624
1.048,0.1485207907885173,2.999795438949416,-0.2872589405413786,3.464620781669773,0.7608931418508624
1.049,0.15151763481638664,2.993872898333334,-0.2837825665176535,3.4763740237251204,0.7608931418508624
1.05,0.1545084971874736,2.987832164741556,-0.2802950684765578,3.487498041095699,0.7300195697151848
1.051,0.15749325982765208,2.9816734766519035,-0.27679645754210885,3.498610934448907,0.7300195697151848
1.052,0.1604718049036047,2.975397077198834,-0.2732867448272001,3.509712714908762,0.7300195697151848
1.053,0.16344401482747098,2.969003214163854,-0.26976594143361193,3.5208033935881566,0.7300195697151848
1.054,0.1664097722614933,2.9624921399657254,-0.2662340584520231,3.5318829815888724,0.7300195697151848
1.055,0.1693689601226455,2.9558641116505107,-0.26269173934589246,3.5423191061306403,0.6984003761678286
1.056,0.17232146158725856,2.9491193908814175,-0.2591389945513446,3.5527447945478663,0.6984003761678286
1.057,0.17526716009562934,2.942258243928474,-0.2555758344940679,3.563160057276675,0.6984003761678286
1.058,0.17820593935662543,2.935280941658013,-0.25200226958932515,3.5735649047427547,0.6984003761678286
1.059,0.18113768335227273,2.9281877595219816,-0.24841831024196379,3.5839593473613687,0.6984003761678286
1.06,0.1840622763423391,2.9209789775470645,-0.2448246135127053,3.5936967292584936,0.6660670622243146
1.061,0.18697960286889975,2.9136548803236324,-0.24122118913893156,3.6034243737737213,0.6660670622243146
1.062,0.18988954776090072,2.9062157569944986,-0.23760804684828712,3.6131422906444337,0.6660670622243146
1.063,0.19279199613869785,2.89866190124352,-0.23398519635868886,3.6228504895982754,0.6660670622243146
1.064,0.19568683341860144,2.8909936112839816,-0.2303526473783357,3.6325489803531634,0.6660670622243146
1.065,0.19857394531738995,2.883211189846847,-0.2267110699099981,3.6415774683376014,0.6330518482395563
1.066,0.2014532178568312,2.8753149441687826,-0.22306047298216403,3.650596927834055,0.6330518482395563
1.067,0.2043245373681742,2.867305185980052,-0.219400865614293,3.659607367871012,0.6330518482395563
1.068,0.207187790496642,2.8591822314921904,-0.21573225681682506,3.6686087974679324,0.6330518482395563
1.069,0.21004286420590287,2.850946401385535,-0.2120546555911898,3.6776012256352555,0.6330518482395563
1.07,0.21288964578253627,2.8425980207965535,-0.20836874421395427,3.685911377235537,0.5993876412958417
1.071,0.21572802284047926,2.8341374193050197,-0.20467453099527005,3.6942132186842183,0.5993876412958417
1.072,0.21855788332546647,2.825564930920991,-0.2009720242369786,3.702506758291451,0.5993876412958417
1.073,0.2213791155194506,2.816880894071633,-0.19726123223261952,3.7107920043590763,0.5993876412958417
1.074,0.2241916080450162,2.8080856515878487,-0.1935421632674389,3.719068965180634,0.5993876412958417
1.075,0.22699524986977326,2.799179550690753,-0.1898155112111849,3.726652056254003,0.56510800192746
1.076,0.22978993031074402,2.7901629429779584,-0.1860812836469486,3.734227564236298,0.56510800192746
1.077,0.2325755390387291,2.7810361844097002,-0.18233948815023798,3.7417954967106106,0.56510800192746
1.078,0.23535196608266643,2.7717996352947774,-0.17859013228898554,3.7493558612524494,0.56510800192746
1.079,0.23811910183396914,2.7624536602763365,-0.1748332236235558,3.756908665429746,0.56510800192746
1.08,0.24087683705085783,2.7529986283174623,-0.1710694669245872,3.7637566989686193,0.5302471102151421
1.081,0.2436250628626658,2.7434349126866353,-0.16729886904011324,3.7705978844739536,0.5302471102151421
1.082,0.24636367077414603,2.733762890942964,-0.16352143681131945,3.7774322287937827,0.5302471102151421
1.083,0.24909255266974512,2.723982944921314,-0.15973717707255017,3.7842597387692916,0.5302471102151421
1.084,0.25181160081788034,2.714095460717202,-0.15594609665131534,3.7910804212348252,0.5302471102151421
1.085,0.2545207078751854,2.7041008286715775,-0.15214891051587606,3.797186135439271,0.4948397312840272
1.086,0.25721976689075315,2.6939994433553984,-0.14834562477194654,3.803285743929512,0.4948397312840272
1.087,0.2599086713103545,2.683791703554063,-0.14453624551913527,3.809379252811263,0.4948397312840272
1.088,0.26258731498064786,2.673478012251657,-0.14072077885095113,3.8154666681841323,0.4948397312840272
1.089,0.26525559215336686,2.663058776615056,-0.1368992308548095,3.8215479961416285,0.4948397312840272
1.09,0.26791339748949833,2.6525344079778406,-0.13307232598305924,3.8269048717502767,0.45892118023947936
1.091,0.2705606260634378,2.6419053218240656,-0.12924006959257592,3.832256390483316,0.45892118023947936
1.092,0.2731971733671346,2.63117193777185,-0.12540246703487828,3.8376025576976223,0.45892118023947936
1.093,0.27582293531421503,2.620334679556821,-0.12155952365613357,3.8429433787447143,0.45892118023947936
1.094,0.27843780824409414,2.6093939750153727,-0.1177112447971628,3.848278858970759,0.45892118023947936
1.095,0.28104168892606524,2.5983502560677905,-0.1138583636713195,3.8528811258433,0.42252728657556554
1.096,0.2836344745633784,2.587203958701186,-0.11000088488087054,3.8574787904489676,0.42252728657556554
1.097,0.28621606279729545,2.575955522952296,-0.10613881302348051,3.86207185739003,0.42252728657556554
1.098,0.288786351711134,2.5646053928901003,-0.10227215269221636,3.866660331264151,0.42252728657556554
1.099,0.29134523983428773,2.5531540165983047,-0.09840090847555195,3.8712442166643983,0.42252728657556554
1.1,0.2938926261462368,2.541601846157629,-0.09452582161594239,3.875086859609565,0.3856943580915466
1.101,0.29642841008052934,2.5299493376279907,-0.09064689595603061,3.8789256599117863,0.3856943580915466
1.102,0.29895249152875975,2.5181969510304656,-0.0867641353346169,3.8827606214137056,0.3856943580915466
1.103,0.3014647708445121,2.506345150329162,-0.08287754358666277,3.8865917479541228,0.3856943580915466
1.104,0.3039651488473027,2.494394403412871,-0.07898712454329478,3.8904190433679995,0.3856943580915466
1.105,0.3064535268264881,2.482345182076622,-0.07509362673608311,3.8934978072116744,0.34845914435215236
1.106,0.3089298065451672,2.4701979620030388,-0.07119705324379161,3.896573492291506,0.34845914435215236
1.107,0.3113938902440561,2.457953222743573,-0.06729740714210534,3.8996461016862574,0.34845914435215236
1.108,0.3138456806453503,2.4456114476995627,-0.06339469150363373,3.902715638471614,0.34845914435215236
1.109,0.31628508095656216,2.433173124103156,-0.05948890939791355,3.9057821057201854,0.34845914435215236
1.11,0.318711994874345,2.4206387429980674,-0.05558081589830453,3.9080934996090226,0.3108587997278817
1.111,0.32112632658829215,2.4080087992202053,-0.05167041331620056,3.910402582103971,0.3108587997278817
1.112,0.3235279807847223,2.395283791378119,-0.047757703960684135,3.9127093555164247,0.3108587997278817
1.113,0.3259168626504394,2.3824642218333336,-0.04384269013852867,3.915013822155466,0.3108587997278817
1.114,0.32829287787647843,2.369550596680501,-0.039925374154200804,3.917315984327868,0.3108587997278817
1.115,0.33065593266182597,2.356543425727433,-0.036006516868936224,3.9188572852645787,0.2729308460519231
1.116,0.333005933717126,2.343443222474965,-0.03208611982403587,3.9203970449003527,0.2729308460519231
1.117,0.3353427882683597,2.3302505040966945,-0.02816418455925938,3.921935264776491,0.2729308460519231
1.118,0.33766640406051246,2.3169657914185446,-0.024240712612826627,3.9234719464327528,0.2729308460519231
1.119,0.3399766893612094,2.303589608898236,-0.02031570552141927,3.9250070914073585,0.2729308460519231
1.12,0.34227355296434464,2.29012248460454,-0.016389929174404703,3.9257763470145646,0.23471313493068224
1.121,0.3445569041936741,2.276564950196475,-0.01246338434103854,3.9265448333661634,0.23471313493068224
1.122,0.34682665290640247,2.2629175409022757,-0.008536071789807129,3.927312551231411,0.23471313493068224
1.123,0.3490827094967362,2.249180795498299,-0.004607992288428336,3.928079501378793,0.23471313493068224
1.124,0.35132498489942465,2.235355256287729,-0.0006791466038523078,3.928845684576028,0.23471313493068224
1.125,0.3535533905932737,2.2214414690791835,0.0032496951112340484,3.9288417150863557,0.19624380974519873
1.1260000000000001,0.3557678386046428,2.207439983165154,0.0071785328608002215,3.9288377495661733,0.19624380974519873
1.127,0.35796824151091555,2.193351351300334,0.011107366648811734,3.928833788011511,0.19624380974519873
1.1280000000000001,0.3601545124439536,2.1791761296797816,0.015036196479230138,3.9288298304184037,0.19624380974519873
1.129,0.3623265650935233,2.1649148779169782,0.018965022356013026,3.928825876782889,0.19624380974519873
1.1300000000000001,0.36448431371070594,2.1505681590217214,0.022893070632266754,3.928048276253727,0.15756126738103549
1.131,0.36662767311128003,2.1361365393779104,0.02682034208559185,3.927271453325094,0.15756126738103549
1.1320000000000001,0.36875655867908713,2.1216205887211745,0.03074683749281124,3.92649540721939,0.15756126738103549
1.133,0.37087088636936966,2.1070208801163943,0.034672557629971026,3.925720137159791,0.15756126738103549
1.1340000000000001,0.3729705727120913,2.0923379899350625,0.03859750327234128,3.9249456423702522,0.15756126738103549
1.135,0.3750555348152296,2.077572497832549,0.042520898051463654,3.923394779122371,0.1187041197244656
1.1360000000000001,0.37712569036805216,2.0627249867251884,0.04644274351820139,3.921845466737738,0.1187041197244656
1.137,0.37918095764436077,2.047796042767309,0.05036304122186688,3.9202977036654896,0.1187041197244656
1.1380000000000001,0.3812212555057242,2.032786255328044,0.054281792710223195,3.9187514883563135,0.1187041197244656
1.139,0.38324650340467475,2.0176962169681114,0.058198999529485644,3.9172068192624465,0.1187041197244656
1.1400000000000001,0.3852566213878946,2.002526523416379,0.062113883365028086,3.9148838355424442,0.07971115496299774
1.141,0.3872515300993668,1.9872777735463787,0.06602644653983425,3.9125631748061616,0.07971115496299774
1.1420000000000001,0.3892311507835118,1.971950569352641,0.06993669137456486,3.9102448347306153,0.07971115496299774
1.143,0.391195405288294,1.9565455159269476,0.07384462018756001,3.9079288129951446,0.07971115496299774
1.1440000000000001,0.3931442160683095,1.9410632214344257,0.07775023529484142,3.9056151072814096,0.07971115496299774
1.145,0.39507750618784515,1.9255042970895564,0.08165275721299012,3.902521918148697,0.04062129872845155
1.1460000000000001,0.3969951993239178,1.909869357132027,0.08555218903519524,3.8994318222051176,0.04062129872845155
1.147,0.3988972197692855,1.8941590188025008,0.08944853385155271,3.8963448163574816,0.04062129872845155
1.1480000000000001,0.4007834924354384,1.8783739023182298,0.09334179474906841,3.893260897515693,0.04062129872845155
1.149,0.402653942855561,1.8625146308485885,0.09723197481166115,3.8901800625927465,0.04062129872845155
1.1500000000000001,0.4045084971874739,1.8465818304904553,0.10111829416569372,3.8863193540325724,0.001473575120938042
1.151,0.40634708221654703,1.8305761302435108,0.10500075667187468,3.882462506180959,0.001473575120938042
1.1520000000000001,0.4081696253585922,1.8144981619853902,0.10887936618705188,3.8786095151771964,0.001473575120938042
1.153,0.409976054662726,1.798348560446758,0.11275412656421632,3.874760377164438,0.001473575120938042
1.154,0.41176629881421345,1.7821279631862228,0.11662504165250602,3.8709150882896926,0.001473575120938042
1.155,0.4135402871372808,1.7658370105651906,0.12049133196706047,3.8662903145544467,-0.037692932347801134
1.156,0.41529794959790606,1.7494763457225808,0.1243530021326534,3.8616701655929364,-0.037692932347801134
1.157,0.4170392168065855,1.7330466145494228,0.12821005676943378,3.8570546367803873,-0.037692932347801134
1.158,0.41876402002107066,1.7165484656633758,0.13206250049293045,3.852443723496651,-0.037692932347801134
1.159,0.42047229114908447,1.6999825503831039,0.13591033791405666,3.8478374211261985,-0.037692932347801134
1.16,0.42216396275100737,1.6833495227025816,0.13975279071536467,3.8424528013080086,-0.07683911985318359
1.161,0.42383896804254156,1.6666500392652568,0.1435898642814743,3.837073566109637,-0.07683911985318359
1.162,0.4254972408973458,1.649884759338146,0.14742156399162076,3.831699710146464,-0.07683911985318359
1.163,0.4271387158496476,1.6330543447857897,0.15124789521966,3.826331228039254,-0.07683911985318359
1.164,0.42876332809682605,1.6161594600441402,0.15506886333407416,3.8209681144141507,-0.07683911985318359
1.165,0.4303710135019718,1.5992007720943138,0.15888369196232668,3.8148286282525334,-0.11592590236015576
1.166,0.4319617085964176,1.5821789504362782,0.16269238724390375,3.808695281577078,-0.11592590236015576
1.167,0.43353535058224507,1.565094667062401,0.16649495531215205,3.8025680682482976,-0.11592590236015576
1.168,0.43509187733476257,1.5479485964309445,0.1702914022942849,3.796446982132846,-0.11592590236015576
1.169,0.43663122740496013,1.5307414154394063,0.17408173431138843,3.79033201710351,-0.11592590236015576
1.17,0.43815334002193157,1.5134738033978428,0.17786517771142102,3.7834434000325943,-0.15491425269061387
1.171,0.4396581550952782,1.496146442001996,0.18164173938299977,3.7765616715787496,-0.15491425269061387
1.172,0.4411456132174764,1.4787600153064395,0.18541142620785311,3.7696868248533586,-0.15491425269061387
1.173,0.4426156556662275,1.4613152096975166,0.1891742450608278,3.762818852974693,-0.15491425269061387
1.174,0.44406822440677207,1.4438127138662895,0.1929302028098957,3.755957749067906,-0.15491425269061387
1.175,0.4455032620941839,1.4262532187813197,0.1966785292964042,3.74832648650849,-0.1937652405173994
1.176,0.4469207120756317,1.4086374176614118,0.20041923215161583,3.7407028552116337,-0.1937652405173994
1.177,0.4483205183926179,1.3909660059482258,0.20415231899916192,3.733086847546074,-0.1937652405173994
1.178,0.4497026257831854,1.3732396812788428,0.2078777974550501,3.72547845588818,-0.1937652405173994
1.179,0.4510669796841014,1.355459143458203,0.21159567512767205,3.7178776726219436,-0.1937652405173994
1.18,0.4524135262330097,1.3376250944315,0.21530518612119645,3.7095109935243924,-0.23244007124645777
1.181,0.4537422122705585,1.3197382382564475,0.21900633880230239,3.7011526811059388,-0.23244007124645777
1.182,0.4550529853424978,1.3017992810755048,0.22269914152930229,3.6928027269999038,-0.23244007124645777
1.183,0.45634579370175143,1.28380893108798,0.22638360265215027,3.6844611228479747,-0.23244007124645777
1.184,0.4576205863104587,1.2657678985220917,0.23005973051245046,3.6761278603001974,-0.23244007124645777
1.185,0.4588773128419906,1.2476768956069086,0.23372676424239539,3.667033729944919,-0.2709001247489062
1.186,0.46011592368293497,1.2295366365442573,0.23738471293611538,3.6579486937199963,-0.2709001247489062
1.187,0.4613363699350575,1.2113478374804914,0.2410335856786467,3.648872742531298,-0.2709001247489062
1.188,0.46253860341722886,1.1931112164782693,0.24467339154594048,3.6398058672937887,-0.2709001247489062
1.189,0.46372257666733074,1.1748274934881464,0.248304139604872,3.6307480589315166,-0.2709001247489062
1.19,0.46488824294412556,1.1564973903202156,0.25192507477586645,3.6209351709944873,-0.3091069939048831
1.191,0.4660355562291054,1.13812163061555,0.25553620687181183,3.611132095945395,-0.3091069939048831
1.192,0.4671644712283059,1.119700939817687,0.2591375456957832,3.601338823971352,-0.3091069939048831
1.193,0.46827494337409614,1.1012360451439522,0.26272910104105246,3.591555345269283,-0.3091069939048831
1.194,0.4693669288269369,1.082727675556776,0.26631088269109837,3.581781650045916,-0.3091069939048831
1.195,0.4704403844771127,1.064176561734893,0.2698821421090358,3.5712594179374446,-0.3470225229212782
1.196,0.47149526794643215,1.0455834360445173,0.2734428898170969,3.5607477080610814,-0.3470225229212782
1.197,0.4725315375899024,1.0269490325104096,0.2769931363269915,3.5502465098945946,-0.3470225229212782
1.198,0.47354915249737206,1.0082740867869195,0.2805328921399178,3.5397558129262743,-0.3470225229212782
1.199,0.4745480724951473,0.9895593361289223,0.2840621677465727,3.5292756066549225,-0.3470225229212782
1.2,0.47552825814757677,0.9708055193627342,0.2875802219007133,3.518054154140555,-0.38460884538564843
1.201,0.47648967075860943,0.9520133768569242,0.291087065823792,3.5068439230787014,-0.38460884538564843
1.202,0.4774322723733215,0.9331836504931067,0.2945827107260399,3.4956449022479097,-0.38460884538564843
1.203,0.4783560257794153,0.9143170836366313,0.29806716780647785,3.4844570804379487,-0.38460884538564843
1.204,0.4792608945086878,0.895414421107261,0.30154044825292764,3.473280446449798,-0.38460884538564843
1.205,0.4801468428384716,0.8764764091497322,0.3050018188504906,3.4613705975629694,-0.4218284220189318
1.206,0.4810138357930428,0.8575037954043464,0.3084512915090156,3.449472658525028,-0.4218284220189318
1.207,0.4818618391450049,0.8384973288773917,0.3118888781264417,3.4375866174261245,-0.4218284220189318
1.208,0.48269081941663683,0.8194577599116383,0.31531459058881006,3.4257124623683195,-0.4218284220189318
1.209,0.4835007438812175,0.8003858401566547,0.3187284407702756,3.4138501814655724,-0.4218284220189318
1.21,0.4842915805643155,0.7812823225391843,0.3221297042199979,3.40126344972231,-0.45864407808983665
1.211,0.4850632982450529,0.7621479612333871,0.32551839352470874,3.388689304710791,-0.45864407808983665
1.212,0.4858158664573369,0.7429835116310894,0.328894521258553,3.3761277338442834,-0.45864407808983665
1.213,0.48654925549106326,0.7237897303119414,0.33225809998310163,3.3635787245486424,-0.45864407808983665
1.214,0.4872634363932885,0.7045673750135699,0.33560914224736393,3.351042264262297,-0.45864407808983665
1.215,0.4879583809693737,0.6853172046016428,0.3389469330885529,3.337790841188951,-0.49501904045417666
1.216,0.4886340617840967,0.6660399790399316,0.3422714857580916,3.3245526695386785,-0.49501904045417666
1.217,0.4892904521627361,0.6467364593602883,0.34558281349415165,3.3113277360600564,-0.49501904045417666
1.218,0.48992752619212343,0.6274074076326226,0.34888092952166655,3.298116027514913,-0.49501904045417666
1.219,0.49054525872166704,0.608053586934794,0.3521658470523449,3.2849175306783143,-0.49501904045417666
1.22,0.4911436253643443,0.5886757613225108,0.3554368613260089,3.271014273663981,-0.5309169741827422
1.221,0.49172260249766486,0.569274695799142,0.35869398624591553,3.257124919906662,-0.5309169741827422
1.222,0.49228216726460267,0.5498511562855404,0.3619372357014186,3.2432494555031006,-0.5309169741827422
1.223,0.4928222975744991,0.5304059095897817,0.3651666235679826,3.229387866563943,-0.5309169741827422
1.224,0.49334297210393396,0.5109397233769184,0.3683821637071963,3.215540139213724,-0.5309169741827422
1.225,0.4938441702975689,0.49145336613863677,0.37158316226589594,3.2009985586996748,-0.566302018741781
1.226,0.494325872368957,0.47194760716297124,0.3747696337856621,3.1864715197661395,-0.566302018741781
1.227,0.4947880593013255,0.45242321650387035,0.3779415927935336,3.171959007871538,-0.566302018741781
1.228,0.4952307128483256,0.4328809649508628,0.38109905380202247,3.1574610084888306,-0.566302018741781
1.229,0.4956538155347533,0.4133216239985645,0.384242031309128,3.142977507105506,-0.566302018741781
1.23,0.4960573506572389,0.3937459658162734,0.3873698430622526,3.1278117531245897,-0.601138823690548
1.231,0.49644130228490685,0.37415476321745017,0.39048250422715025,3.1126611648976543,-0.601138823690548
1.232,0.4968056552600042,0.3545487896292335,0.3935800299544092,3.0975257272589456,-0.601138823690548
1.233,0.49715039519849946,0.3349288190618842,0.3966624353794671,3.0824054250578756,-0.601138823690548
1.234,0.4974755084906501,0.3152956260782512,0.3997297356226261,3.0673002431590066,-0.601138823690548
1.235,0.49778098230154,0.29564998576317036,0.4027812607138647,3.0515250912386294,-0.6353925838609231
1.236,0.49806680457158625,0.2759926736928882,0.4058170264283349,3.0357657144701724,-0.6353925838609231
1.237,0.49833296401701493,0.2563244659044211,0.40883704852541336,3.020022097078484,-0.6353925838609231
1.238,0.49857945013030697,0.23664613886494063,0.41184134274871753,3.004294223304187,-0.6353925838609231
1.239,0.4988062531806126,0.21695846944109806,0.4148299248261212,2.9885820774036644,-0.6353925838609231
1.24,0.4990133642141358,0.19726223486837716,0.41780213773996777,2.97221291384657,-0.669029073984557
1.241,0.4992007750544875,0.17755821272038794,0.4207579978594208,2.9558601194530323,-0.669029073984557
1.242,0.49936847830300873,0.1578471808781944,0.4236975215372747,2.939523677853888,-0.669029073984557
1.243,0.49951646733906235,0.13812991749956913,0.426620725109971,2.923203572696343,-0.669029073984557
1.244,0.4996447363202946,0.11840720098832565,0.429527624897615,2.9068997876439555,-0.669029073984557
1.245,0.4997532801828658,0.09867980996352436,0.43241757749181664,2.889952594201639,-0.7020146827336277
1.246,0.49984209464164997,0.07894852322880098,0.4352905998397694,2.873022347952765,-0.7020146827336277
1.247,0.4999111761904045,0.05921411974155648,0.4381467088717196,2.85610903195014,-0.7020146827336277
1.248,0.49996052210190806,0.03947737858225819,0.4409859215009831,2.839212629263517,-0.7020146827336277
1.249,0.49999013042806856,0.019739078923646774,0.4438082546239627,2.822333122979581,-0.7020146827336277
1.25,0.5,9.61835346860895e-16,0.44661307908489645,2.804824460933766,-0.7343164461417994
1.2510000000000001,0.49999013042806856,-0.01973907892364764,0.44940041239244644,2.787333307549996,-0.7343164461417994
1.252,0.49996052210190806,-0.039477378582256265,0.45217027203776605,2.76985964531961,-0.7343164461417994
1.2530000000000001,0.4999111761904045,-0.05921411974155735,0.4549226754945175,2.7524034567514546,-0.7343164461417994
1.254,0.49984209464164997,-0.07894852322879907,0.45765764021888933,2.734964724371867,-0.7343164461417994
1.2550000000000001,0.49975328018286574,-0.09867980996352801,0.4603745519369294,2.7169117180400417,-0.7659020803726657
1.256,0.4996447363202946,-0.1184072009883237,0.4630734287016439,2.6988767647145484,-0.7659020803726657
1.2570000000000001,0.49951646733906235,-0.1381299174995728,0.4657542885479863,2.6808598463423805,-0.7659020803726657
1.258,0.49936847830300873,-0.1578471808781925,0.4684171494928749,2.662860944888585,-0.7659020803726657
1.2590000000000001,0.4992007750544875,-0.17755821272039157,0.47106202953521115,2.644880042336243,-0.7659020803726657
1.26,0.4990133642141358,-0.19726223486837524,0.473688329897229,2.6263003620178362,-0.7967400138035362
1.2610000000000001,0.49880625318061256,-0.21695846944110173,0.4762960691586087,2.6077392613797477,-0.7967400138035362
1.262,0.49857945013030697,-0.2366461388649387,0.47888526588045105,2.5891967218422973,-0.7967400138035362
1.2630000000000001,0.49833296401701493,-0.25632446590442476,0.48145593860529545,2.570672724844384,-0.7967400138035362
1.264,0.49806680457158625,-0.2759926736928863,0.48400810585713894,2.552167251843469,-0.7967400138035362
1.2650000000000001,0.49778098230154,-0.2956499857631712,0.4865411849533627,2.5330790962237617,-0.8267994183931899
1.266,0.4974755084906501,-0.31529562607824924,0.48905519498212235,2.514010028759674,-0.8267994183931899
1.2670000000000001,0.49715039519849946,-0.3349288190618851,0.4915501550124854,2.4949600303630506,-0.8267994183931899
1.268,0.4968056552600042,-0.35454878962923153,0.4940260840944502,2.4759290819648236,-0.8267994183931899
1.2690000000000001,0.4964413022849068,-0.37415476321745106,0.4964830012589652,2.456917164514995,-0.8267994183931899
1.27,0.49605735065723894,-0.3937459658162715,0.49892034050150963,2.4373392425444234,-0.8560502403028325
1.2710000000000001,0.49565381553475324,-0.41332162399856537,0.5013381214000054,2.4177808984958222,-0.8560502403028325
1.272,0.4952307128483256,-0.432880964950861,0.5037363635127967,2.39824211279127,-0.8560502403028325
1.2730000000000001,0.49478805930132547,-0.452423216503874,0.5061150863786691,2.378722865872422,-0.8560502403028325
1.274,0.4943258723689571,-0.47194760716296663,0.5084743095168696,2.359223138200493,-0.8560502403028325
1.2750000000000001,0.49384417029756883,-0.4914533661386404,0.5108134841673371,2.3391746504674855,-0.8844632297403414
1.276,0.493342972103934,-0.5109397233769165,0.5131326303785593,2.319146211222211,-0.8844632297403414
1.2770000000000001,0.492822297574499,-0.5304059095897826,0.5154317681789754,2.299137800416182,-0.8844632297403414
1.278,0.4922821672646027,-0.5498511562855385,0.5177109175769964,2.279149398020959,-0.8844632297403414
1.2790000000000001,0.49172260249766475,-0.5692746957991457,0.5199700985610245,2.259180984028131,-0.8844632297403414
1.28,0.4911436253643443,-0.5886757613225116,0.5222087801646687,2.238681603644132,-0.9120099699985532
1.281,0.49054525872166704,-0.6080535869347949,0.5244269828873092,2.218202722640517,-0.9120099699985532
1.282,0.4899275261921235,-0.6274074076326206,0.526624727207827,2.1977443205179052,-0.9120099699985532
1.283,0.48929045216273614,-0.6467364593602865,0.5288020335846244,2.177306376797416,-0.9120099699985532
1.284,0.4886340617840967,-0.6660399790399325,0.530958922455645,2.1568888710206475,-0.9120099699985532
1.285,0.4879583809693739,-0.6853172046016381,0.5330948811796815,2.1359587240364424,-0.9386629056592279
1.286,0.4872634363932886,-0.704567375013568,0.5352099306868807,2.1150495071992212,-0.9386629056592279
1.287,0.48654925549106337,-0.7237897303119396,0.5373040918864596,2.0941611995788376,-0.9386629056592279
1.288,0.4858158664573371,-0.7429835116310849,0.5393773856667257,2.073293780266074,-0.9386629056592279
1.289,0.48506329824505307,-0.7621479612333826,0.5414298328950983,2.0524472283726234,-0.9386629056592279
1.29,0.48429158056431554,-0.7812823225391825,0.5434609397688438,2.0311068737455487,-0.9643953699351072
1.291,0.48350074388121755,-0.8003858401566528,0.5454707276283169,2.009787859473101,-0.9643953699351072
1.292,0.48269081941663705,-0.8194577599116337,0.5474592177925318,1.9884901642149257,-0.9643953699351072
1.293,0.481861839145005,-0.8384973288773898,0.5494264315591838,1.9672137666520086,-0.9643953699351072
1.294,0.4810138357930429,-0.8575037954043447,0.5513723902046704,1.9459586454866544,-0.9643953699351072
1.295,0.48014684283847153,-0.8764764091497331,0.5532966192592892,1.9242290546187015,-0.989181611123314
1.296,0.47926089450868803,-0.8954144211072564,0.5551991404526309,1.9025211933416166,-0.989181611123314
1.297,0.4783560257794154,-0.9143170836366294,0.5570799754925566,1.8808350399258087,-0.989181611123314
1.298,0.4774322723733214,-0.9331836504931075,0.55893914606522,1.8591705726634167,-0.989181611123314
1.299,0.4764896707586094,-0.9520133768569251,0.5607766738350883,1.837527769868287,-0.989181611123314
1.3,0.4755282581475768,-0.9708055193627323,0.5625921041408238,1.815430305735532,-1.012996818144329
1.301,0.4745480724951474,-0.9895593361289203,0.5643854590798908,1.79335493906691,-1.012996818144329
1.302,0.473549152497372,-1.0082740867869204,0.5661567607276558,1.7713016477649564,-1.012996818144329
1.303,0.4725315375899027,-1.0269490325104054,0.56790603113741,1.7492704097543048,-1.012996818144329
1.304,0.47149526794643226,-1.0455834360445158,0.5696332923403916,1.7272612029816639,-1.012996818144329
1.305,0.47044038447711284,-1.0641765617348913,0.5713381099392675,1.7048175988758516,-1.0358171451415241
1.306,0.4693669288269372,-1.0827276755567716,0.5730205063776417,1.6823964383741452,-1.0358171451415241
1.307,0.4682749433740964,-1.1012360451439478,0.5746805040766746,1.6599976990329406,-1.0358171451415241
1.308,0.467164471228306,-1.1197009398176851,0.5763181254351056,1.6376213584310773,-1.0358171451415241
1.309,0.46603555622910553,-1.1381216306155482,0.5779333928292755,1.6152673941698157,-1.0358171451415241
1.31,0.46488824294412584,-1.156497390320211,0.5795258925613488,1.5924997320732996,-1.0576197351173073
1.311,0.46372257666733085,-1.1748274934881449,0.5810956473989877,1.5697548376388801,-1.0576197351173073
1.312,0.46253860341722897,-1.1931112164782676,0.5826426800870865,1.5470326880988952,-1.0576197351173073
1.313,0.46133636993505744,-1.2113478374804922,0.584167013347795,1.52433326070845,-1.0576197351173073
1.314,0.46011592368293525,-1.229536636544253,0.5856686698805403,1.5016565327453955,-1.0576197351173073
1.315,0.45887731284199074,-1.2476768956069069,0.5871472571019013,1.4785872213609943,-1.0783827425827899
1.316,0.45762058631045865,-1.2657678985220924,0.5886027980811893,1.4555409792879774,-1.0783827425827899
1.317,0.4563457937017514,-1.2838089310879808,0.5900353158646463,1.4325177834570337,-1.0783827425827899
1.318,0.4550529853424979,-1.301799281075503,0.5914448334754683,1.409517610821921,-1.0783827425827899
1.319,0.4537422122705586,-1.3197382382564458,0.5928313739138277,1.3865404383594433,-1.0783827425827899
1.32,0.4524135262330096,-1.337625094431501,0.5941945661046448,1.3631921908171054,-1.0980853551989194
1.321,0.4510669796841017,-1.3554591434581988,0.5955344333961672,1.33986729152231,-1.0980853551989194
1.322,0.44970262578318554,-1.373239681278841,0.596850999113294,1.3165657171268093,-1.0980853551989194
1.323,0.44832051839261805,-1.3909660059482243,0.5981442865575997,1.293287444305704,-1.0980853551989194
1.324,0.44692071207563167,-1.4086374176614127,0.5994143190073571,1.27003244975742,-1.0980853551989194
1.325,0.4455032620941842,-1.4262532187813157,0.600660747268377,1.2464282610199033,-1.1167078143879665
1.326,0.44406822440677224,-1.443812713866288,0.6018835949448481,1.222847676471124,-1.1167078143879665
1.327,0.4426156556662277,-1.4613152096975148,0.603082885617355,1.1992906725068935,-1.1167078143879665
1.328,0.4411456132174768,-1.4787600153064353,0.6042586428429016,1.1757572255466273,-1.1167078143879665
1.329,0.4396581550952784,-1.4961464420019943,0.605410890154935,1.1522473120333214,-1.1167078143879665
1.33,0.4381533400219317,-1.5134738033978412,0.6065393005909584,1.128410436023381,-1.1342314348953555
1.331,0.4366312274049601,-1.530741415439407,0.6076438979878478,1.1045973968894507,-1.1342314348953555
1.332,0.4350918773347629,-1.5479485964309405,0.6087247061586425,1.0808081707946542,-1.1342314348953555
1.333,0.43353535058224524,-1.5650946670623995,0.6097817488925684,1.0570427339259525,-1.1342314348953555
1.334,0.4319617085964175,-1.5821789504362789,0.6108150499550625,1.0333010624941195,-1.1342314348953555
1.335,0.43037101350197177,-1.5992007720943144,0.6118243049440285,1.0092549889659712,-1.1506386232827117
1.336,0.42876332809682616,-1.6161594600441385,0.6128095379055398,0.985232961511351,-1.1506386232827117
1.337,0.42713871584964774,-1.633054344785788,0.613770772861624,0.9612349560841854,-1.1506386232827117
1.338,0.4254972408973457,-1.6498847593381467,0.6147080338102864,0.937260948662447,-1.1506386232827117
1.339,0.42383896804254195,-1.666650039265253,0.6156213447255345,0.9133109152481304,-1.1506386232827117
1.34,0.42216396275100754,-1.68334952270258,0.6165104240719608,0.8890793464261969,-1.1659128953342672
1.341,0.42047229114908463,-1.6999825503831025,0.6173752960811338,0.8648720091730854,-1.1659128953342672
1.342,0.41876402002107055,-1.7165484656633765,0.6182159849603911,0.8406888792572269,-1.1659128953342672
1.343,0.4170392168065859,-1.733046614549419,0.6190325148928624,0.8165299324712844,-1.1659128953342672
1.344,0.4152979495979062,-1.749476345722579,0.6198249100374945,0.7923951446321277,-1.1659128953342672
1.345,0.41354028713728097,-1.7658370105651888,0.6205929120091348,0.7680019716403031,-1.180038892359622
1.346,0.41176629881421384,-1.782127963186219,0.6213365452009563,0.7436331918214704,-1.180038892359622
1.347,0.4099760546627264,-1.7983485604467542,0.6220558339817387,0.7192887807824565,-1.180038892359622
1.348,0.40816962535859186,-1.8144981619853935,0.6227508026958932,0.6949687141544816,-1.180038892359622
1.349,0.406347082216547,-1.8305761302435115,0.6234214756634864,0.6706729675931347,-1.180038892359622
1.35,0.4045084971874738,-1.846581830490456,0.6240676179101844,0.6461422466979995,-1.1930023963771024
1.351,0.40265394285556116,-1.8625146308485871,0.6246892539667082,0.6216360565237594,-1.1930023963771024
1.352,0.4007834924354381,-1.8783739023182326,0.6252864083392479,0.5971543725396936,-1.1930023963771024
1.353,0.39889721976928544,-1.8941590188025015,0.6258591055094875,0.5726971702396119,-1.1930023963771024
1.354,0.3969951993239177,-1.9098693571320278,0.6264073699346293,0.5482644251418302,-1.1930023963771024
1.355,0.3950775061878453,-1.9255042970895546,0.6269309902884628,0.5236203538334286,-1.2047903441629835
1.356,0.3931442160683092,-1.9410632214344283,0.6274299912150592,0.49900092659633555,-1.2047903441629835
1.357,0.39119540528829444,-1.9565455159269436,0.6279043973338456,0.47440611878647954,-1.2047903441629835
1.358,0.38923115078351167,-1.9719505693526416,0.62835423323963,0.4498359057844334,-1.2047903441629835
1.359,0.387251530099367,-1.987277773546377,0.6287795235026254,0.4252902629953893,-1.2047903441629835
1.36,0.3852566213878943,-2.002526523416382,0.6291800806585548,0.40055715592933405,-1.2153908401529936
1.361,0.38324650340467525,-2.0176962169681083,0.6295559294405252,0.3758487819703448,-1.2153908401529936
1.362,0.38122125550572383,-2.0327862553280465,0.6299070945569105,0.3511651163853146,-1.2153908401529936
1.363,0.37918095764436094,-2.047796042767308,0.6302336006913763,0.3265061344658694,-1.2153908401529936
1.364,0.37712569036805205,-2.062724986725189,0.6305354725029046,0.30187181152834364,-1.2153908401529936
1.365,0.3750555348152301,-2.077572497832545,0.6308125465792578,0.27707407635314296,-1.2247931681836155
1.366,0.3729705727120909,-2.092337989935065,0.631064847718171,0.2523011389131175,-1.2247931681836155
1.367,0.37087088636936955,-2.1070208801163948,0.6312924006925815,0.22755297441053207,-1.2247931681836155
1.368,0.368756558679087,-2.121620588721175,0.631495230250654,0.20282955807244923,-1.2247931681836155
1.369,0.36662767311128025,-2.136136539377909,0.6316733611158047,0.17813086515070448,-1.2247931681836155
1.37,0.3644843137107055,-2.1505681590217236,0.631826654094049,0.15329297824431523,-1.2329878020619267
1.371,0.3623265650935232,-2.164914877916979,0.6319551340232739,0.12847992922483237,-1.2329878020619267
1.372,0.36015451244395347,-2.179176129679782,0.6320588257165283,0.103691693254369,-1.2329878020619267
1.373,0.3579682415109157,-2.1933513513003327,0.6321377539620482,0.0789282455198761,-1.2329878020619267
1.374,0.35576783860464234,-2.2074399831651568,0.6321919435232813,0.05418956123311769,-1.2329878020619267
1.375,0.3535533905932742,-2.2214414690791804,0.6322212795666542,0.029336043372810497,-1.2399664149537037
1.3760000000000001,0.35132498489942454,-2.2353552562877295,0.6322257869456845,0.00450737903036361,-1.2399664149537037
1.377,0.3490827094967364,-2.249180795498298,0.6322054904890368,-0.020296456647740827,-1.2399664149537037
1.3780000000000001,0.3468266529064021,-2.2629175409022784,0.6321604150005466,-0.04507548849016716,-1.2399664149537037
1.379,0.3445569041936746,-2.2765649501964713,0.6320905852592459,-0.06982974130075106,-1.2399664149537037
1.3800000000000001,0.3422735529643442,-2.290122484604542,0.6319959109099348,-0.09467434931106913,-1.2457218875809408
1.381,0.3399766893612096,-2.3035896088982346,0.6318764167972214,-0.11949411271337688,-1.2457218875809408
1.3820000000000001,0.33766640406051235,-2.316965791418545,0.6317321277408691,-0.1442890563522823,-1.2457218875809408
1.383,0.33534278826836034,-2.3302505040966914,0.6315630685358216,-0.16905920504754884,-1.2457218875809408
1.3840000000000001,0.3330059337171256,-2.3434432224749675,0.6313692639522275,-0.19380458359412012,-1.2457218875809408
1.385,0.33065593266182586,-2.356543425727434,0.6311506482069126,-0.21861574531494193,-1.2502483152207975
1.3860000000000001,0.3282928778764783,-2.3695505966805013,0.6309072461110385,-0.24340209587404293,-1.2502483152207975
1.387,0.3259168626504396,-2.3824642218333323,0.630639082450956,-0.26816366008258485,-1.2502483152207975
1.3880000000000001,0.32352798078472184,-2.395283791378121,0.6303461819882291,-0.2929004627269182,-1.2502483152207975
1.389,0.32112632658829204,-2.4080087992202053,0.6300285694596605,-0.3176125285686072,-1.2502483152207975
1.3900000000000001,0.3187119948743449,-2.4206387429980682,0.6296862037233504,-0.342365736310028,-1.2535410134994693
1.391,0.3162850809565624,-2.433173124103155,0.6293191095325067,-0.3670941908437073,-1.2535410134994693
1.3920000000000001,0.31384568064534984,-2.4456114476995645,0.6289273116155838,-0.391797916922853,-1.2535410134994693
1.393,0.311393890244056,-2.457953222743574,0.6285108346763079,-0.4164769392759195,-1.2535410134994693
1.3940000000000001,0.3089298065451671,-2.4701979620030388,0.6280697033937013,-0.441131282606633,-1.2535410134994693
1.395,0.3064535268264883,-2.482345182076621,0.6276039013119178,-0.46580208178353477,-1.2555965229754222
1.3960000000000001,0.3039651488473022,-2.494394403412873,0.6271134531017565,-0.49044821016125967,-1.2555965229754222
1.397,0.30146477084451273,-2.5063451503291594,0.6265983834093459,-0.5150696924106068,-1.2555965229754222
1.3980000000000001,0.29895249152875925,-2.5181969510304674,0.6260587168561682,-0.5396665531777047,-1.2555965229754222
1.399,0.2964284100805296,-2.52994933762799,0.6254944780390842,-0.5642388170840354,-1.2555965229754222
1.4000000000000001,0.2938926261462367,-2.5416018461576293,0.6249056752085671,-0.5888028305171069,-1.256412612507773
1.401,0.29134523983428834,-2.553154016598302,0.6242923329286304,-0.6133422799367453,-1.256412612507773
1.4020000000000001,0.28878635171113354,-2.5646053928901025,0.6236544757387235,-0.637857189906964,-1.256412612507773
1.403,0.28621606279729533,-2.5759555229522966,0.6229921281537563,-0.6623475849672126,-1.256412612507773
1.4040000000000001,0.2836344745633783,-2.5872039587011866,0.6223053146641239,-0.6868134896324009,-1.256412612507773
1.405,0.2810416889260655,-2.5983502560677896,0.621594068222353,-0.7112464417709031,-1.2559882814067334
1.4060000000000001,0.27843780824409364,-2.609393975015375,0.6208584132613957,-0.7356549609572669,-1.2559882814067334
1.407,0.2758229353142149,-2.6203346795568216,0.6200983741897712,-0.7600390716244443,-1.2559882814067334
1.408,0.2731971733671352,-2.6311719377718474,0.6193139753915903,-0.7843987981809545,-1.2559882814067334
1.409,0.27056062606343806,-2.6419053218240647,0.6185052412265793,-0.8087341650109082,-1.2559882814067334
1.41,0.2679133974894986,-2.6525344079778397,0.6176722293205261,-0.8330119060531821,-1.2543237603642408
1.411,0.26525559215336675,-2.6630587766150566,0.6168149639511717,-0.8572653693544138,-1.2543237603642408
1.412,0.26258731498064847,-2.673478012251654,0.6159334693719793,-0.8814945791923442,-1.2543237603642408
1.413,0.2599086713103548,-2.683791703554062,0.6150277698121589,-0.9056995598204367,-1.2543237603642408
1.414,0.25721976689075343,-2.6939994433553975,0.614097889476691,-0.929880335467901,-1.2543237603642408
1.415,0.25452070787518605,-2.7041008286715753,0.6131439106113352,-0.9539788653557154,-1.2514205111641121
1.416,0.25181160081788095,-2.7140954607171994,0.6121658573146216,-0.9780532967136419,-1.2514205111641121
1.417,0.24909255266974537,-2.723982944921313,0.6111637536609814,-1.0021036536402106,-1.2514205111641121
1.418,0.2463636707741459,-2.7337628909429643,0.6101376237007715,-1.0261299602098526,-1.2514205111641121
1.419,0.24362506286266644,-2.7434349126866326,0.6090874914602986,-1.050132240472925,-1.2514205111641121
1.42,0.2408768370508581,-2.752998628317462,0.6080134637275627,-1.074027732735897,-1.247281225172242
1.421,0.23811910183396942,-2.762453660276336,0.606915564398056,-1.097899329506606,-1.247281225172242
1.422,0.23535196608266631,-2.771799635294778,0.6057938173433755,-1.1217470546805441,-1.247281225172242
1.423,0.23257553903872938,-2.7810361844097,0.6046482464112461,-1.1455709321293084,-1.247281225172242
1.424,0.2297899303107443,-2.7901629429779575,0.6034788754255456,-1.1693709857006238,-1.247281225172242
1.425,0.22699524986977315,-2.7991795506907535,0.6022858356144185,-1.1930398111270948,-1.2419098206085837
1.426,0.22419160804501687,-2.808085651587846,0.6010691506466904,-1.2166849677281393,-1.2419098206085837
1.427,0.2213791155194509,-2.816880894071632,0.5998288441675178,-1.2403064791725829,-1.2419098206085837
1.428,0.21855788332546675,-2.82556493092099,0.5985649397984122,-1.263904369105582,-1.2419098206085837
1.429,0.21572802284047915,-2.83413741930502,0.5972774611372635,-1.2874786611486482,-1.2419098206085837
1.43,0.21288964578253697,-2.8425980207965513,0.595966563726004,-1.310897411259576,-1.235311438603824
1.431,0.21004286420590315,-2.8509464013855337,0.5946322709833836,-1.3342927426203928,-1.235311438603824
1.432,0.20718779049664227,-2.8591822314921895,0.5932746063047337,-1.3576646786498487,-1.235311438603824
1.433,0.2043245373681749,-2.86730518598005,0.5918935930619904,-1.3810132427432753,-1.235311438603824
1.434,0.20145321785683187,-2.875314944168781,0.5904892546037178,-1.4043384582726086,-1.235311438603824
1.435,0.19857394531739023,-2.883211189846846,0.5890617706351425,-1.4274839685752345,-1.2274924380449264
1.436,0.1956868334186013,-2.890993611283982,0.587611164301775,-1.4506063333675578,-1.2274924380449264
1.437,0.19279199613869855,-2.898661901243518,0.5861374587259799,-1.4737055757950888,-1.2274924380449264
1.438,0.189889547760901,-2.9062157569944977,0.5846406770069997,-1.4967817189801922,-1.2274924380449264
1.439,0.18697960286890003,-2.913654880323632,0.5831208422209776,-1.5198347860221104,-1.2274924380449264
1.44,0.184062276342339,-2.920978977547065,0.5815781580619572,-1.5426841590203835,-1.2184603892147636
1.441,0.18113768335227304,-2.928187759521981,0.5800126473793116,-1.5655106826456584,-1.2184603892147636
1.442,0.1782059393566257,-2.935280941658012,0.5784243329995643,-1.588314379747308,-1.2184603892147636
1.443,0.17526716009562923,-2.942258243928474,0.5768132377264125,-1.611095273151856,-1.2184603892147636
1.444,0.17232146158725842,-2.9491193908814175,0.5751793843407494,-1.6338533856629993,-1.2184603892147636
1.445,0.16936896012264577,-2.95586411165051,0.5735230003271474,-1.6563840136019856,-1.2082240662324606
1.446,0.1664097722614936,-2.9624921399657245,0.5718441082162344,-1.6788921109130328,-1.2082240662324606
1.447,0.16344401482747084,-2.969003214163854,0.5701427305161076,-1.701377700126769,-1.2082240662324606
1.448,0.16047180490360538,-2.9753970771988327,0.5684188897123563,-1.7238408037512913,-1.2082240662324606
1.449,0.1574932598276524,-2.9816734766519026,0.5666726082680842,-1.7462814442721892,-1.2082240662324606
1.45,0.1545084971874739,-2.9878321647415556,0.5649041372364902,-1.7684710315939576,-1.1967934383020304
1.451,0.15151763481638733,-2.9938728983333327,0.5631134988071619,-1.7906384293284043,-1.1967934383020304
1.452,0.148520790788518,-2.999795438949415,0.5613007151474968,-1.8127836596651166,-1.1967934383020304
1.453,0.1455180834141358,-3.0055995527780413,0.5594658084027253,-1.834906744771492,-1.1967934383020304
1.454,0.14250963123498814,-3.0112850106827334,0.5576088006959325,-1.857007706792761,-1.1967934383020304
1.455,0.1394955530196149,-3.01685158821135,0.555729966403651,-1.8788342922815324,-1.184179659778212
1.456,0.13647596775866305,-3.022299065604941,0.5538293273524663,-1.900639051184815,-1.184179659778212
1.457,0.13345099466018756,-3.0276272278064282,0.551906905347137,-1.9224220053291945,-1.184179659778212
1.458,0.13042075314494844,-3.0328358644690883,0.5499627221706176,-1.9441831765194295,-1.184179659778212
1.459,0.12738536284169125,-3.037924769964866,0.5479967995840791,-1.9659225865384744,-1.184179659778212
1.46,0.12434494358242774,-3.042893743392486,0.5460094350189459,-1.987364565133126,-1.1703950590595062
1.461,0.12129961539770338,-3.0477425885853866,0.5440006499171968,-2.008785101749183,-1.1703950590595062
1.462,0.1182494985118622,-3.05247111411946,0.5419704656993681,-2.030184217828624,-1.1703950590595062
1.463,0.11519471333829534,-3.0570791333206153,0.5399189037645762,-2.051561934791985,-1.1703950590595062
1.464,0.11213538047469084,-3.061566464272145,0.5378459854905377,-2.072918274038383,-1.1703950590595062
1.465,0.10907162069827084,-3.0659329298219085,0.535752031072247,-2.0939544182907364,-1.1554531263195915
1.466,0.10600355496102795,-3.0701783575893176,0.5336370615458481,-2.1149695263988373,-1.1554531263195915
1.467,0.10293130438494061,-3.074302579972159,0.5315010979264493,-2.1359636193988303,-1.1554531263195915
1.468,0.09985499025720365,-3.078305434153192,0.5293441612081434,-2.1569367183058232,-1.1554531263195915
1.469,0.09677473402543046,-3.082186762106587,0.5271662723640295,-2.1778888441139093,-1.1554531263195915
1.47,0.09369065729286284,-3.085946410604163,0.5249677740387578,-2.1984983252715837,-1.1393685000894094
1.471,0.09060288181356853,-3.089584231221436,0.5227486868418098,-2.2190871969481005,-1.1393685000894094
1.472,0.08751152948763806,-3.093100080343475,0.5205090313620568,-2.2396554797529404,-1.1393685000894094
1.473,0.08441672235636717,-3.0964938191705778,0.5182488281677818,-2.260203194274976,-1.1393685000894094
1.474,0.08131858259744222,-3.099765313723746,0.5159680978066994,-2.280730361082489,-1.1393685000894094
1.475,0.07821723252011517,-3.1029144348499784,0.5136672050369239,-2.3008927697754746,-1.1221569527034152
1.476,0.07511279456037846,-3.105941058227362,0.5113461700208641,-2.3210350160597675,-1.1221569527034152
1.477,0.07200539127612621,-3.10884506436999,0.5090050129007664,-2.341157120097776,-1.1221569527034152
1.478,0.06889514534231936,-3.111626338632672,0.5066437537987346,-2.3612591020317466,-1.1221569527034152
1.479,0.06578217954614088,-3.114284771215463,0.5042624128167508,-2.381340981983783,-1.1221569527034152
1.48,0.06266661678215195,-3.1168202571679955,0.5018613764682565,-2.4010363484942885,-1.1038353746244614
1.481,0.05954858004743489,-3.119232696393626,0.4994406644486182,-2.4207120196382834,-1.1038353746244614
1.482,0.05642819243674106,-3.121521993653385,0.497000296433507,-2.4403680151111344,-1.1038353746244614
1.483,0.053305577137629484,-3.123688058569737,0.49454029207891853,-2.4600043545885124,-1.1038353746244614
1.484,0.05018085742560805,-3.1257308056301456,0.4920606710211921,-2.4796210577264133,-1.1038353746244614
1.485,0.04705415665925707,-3.1276501541904578,0.4895618411493702,-2.4988298718219486,-1.0844217576630835
1.486,0.0439255982753717,-3.129446028478077,0.4870438216722668,-2.518019477103388,-1.0844217576630835
1.487,0.04079530578407908,-3.1311183575949615,0.4845066317794872,-2.5371898927795464,-1.0844217576630835
1.488,0.03766340276396686,-3.1326670755204216,0.4819502906414472,-2.5563411380400285,-1.0844217576630835
1.489,0.03453001285720271,-3.134092121113726,0.4793748174093919,-2.5754732320552503,-1.0844217576630835
1.49,0.031395259764656694,-3.1353934381165134,0.47678064094702655,-2.594176462365352,-1.0639351771078494
1.491,0.028259267241012465,-3.1365709751550175,0.4741677799575814,-2.6128609894451436,-1.0639351771078494
1.492,0.025122159089885174,-3.1376246857420926,0.47153625312558356,-2.6315268319978555,-1.0639351771078494
1.493,0.021984059158932156,-3.138554528279048,0.4688860791168755,-2.6501740087080146,-1.0639351771078494
1.494,0.018845091334967166,-3.1393604660572936,0.46621727657863404,-2.6688025382414637,-1.0639351771078494
1.495,0.01570537953906424,-3.1400424672597853,0.4635302949274751,-2.686981651158915,-1.042395772784636
1.496,0.01256504772166903,-3.140600504962283,0.46082515234251165,-2.7051425849634487,-1.042395772784636
1.497,0.009424219857703685,-3.1410345571344154,0.4581018669846775,-2.723285357834178,-1.042395772784636
1.498,0.006283019941676096,-3.1413446066405433,0.45536045699674543,-2.7414099879320366,-1.042395772784636
1.499,0.003141571982779464,-3.141530641240445,0.45260094050334565,-2.759516493399797,-1.042395772784636
1.5,1.8369701987210297e-16,-3.141592653589793,0.449823787031858,-2.777153471487671,-1.0198247290636897
1.5010000000000001,-0.0031415719827799847,-3.141530641240445,0.44702901421926056,-2.794772812597457,-1.0198247290636897
1.502,-0.0062830199416757295,-3.1413446066405433,0.44421663968489444,-2.8123745343661333,-1.0198247290636897
1.5030000000000001,-0.009424219857704206,-3.141034557134415,0.4413866810304814,-2.829958654413041,-1.0198247290636897
1.504,-0.012565047721668662,-3.140600504962283,0.43853915584014147,-2.8475251903399017,-1.0198247290636897
1.5050000000000001,-0.01570537953906476,-3.1400424672597853,0.4356745532899152,-2.8646025502262495,-0.9962442538343775
1.506,-0.018845091334966802,-3.139360466057294,0.4327928904571625,-2.8816628327527107,-0.9962442538343775
1.5070000000000001,-0.021984059158932676,-3.138554528279048,0.42989418440216587,-2.8987060549966457,-0.9962442538343775
1.508,-0.025122159089884806,-3.1376246857420926,0.42697845216814756,-2.9157322340183365,-0.9962442538343775
1.5090000000000001,-0.028259267241012097,-3.1365709751550175,0.42404571078128656,-2.9327413868610055,-0.9962442538343775
1.51,-0.031395259764656326,-3.1353934381165134,0.421096468584683,-2.949242196603515,-0.9716775564685382
1.5110000000000001,-0.03453001285720323,-3.1340921211137256,0.41813074207914674,-2.9657265055362823,-0.9716775564685382
1.512,-0.03766340276396649,-3.132667075520422,0.41514854774898663,-2.982194330160117,-0.9716775564685382
1.5130000000000001,-0.040795305784078716,-3.1311183575949615,0.4121499020620273,-2.9986456869593274,-0.9716775564685382
1.514,-0.04392559827537133,-3.129446028478077,0.40913482146962554,-3.015080592401739,-0.9716775564685382
1.5150000000000001,-0.04705415665925759,-3.1276501541904573,0.4061038329813203,-3.030988488305225,-0.9461488247943818
1.516,-0.05018085742560768,-3.1257308056301456,0.4030569525050075,-3.0468804763128072,-0.9461488247943818
1.5170000000000001,-0.053305577137630004,-3.1236880585697366,0.3999941959326751,-3.062756572332382,-0.9461488247943818
1.518,-0.056428192436740694,-3.121521993653385,0.39691557914041914,-3.0786167922559375,-0.9461488247943818
1.5190000000000001,-0.05954858004743541,-3.119232696393626,0.3938211179884596,-3.0944611519595693,-0.9461488247943818
1.52,-0.06266661678215159,-3.116820257167996,0.3907113576336299,-3.109760354829685,-0.9196832011037503
1.5210000000000001,-0.0657821795461414,-3.1142847712154627,0.387586313375133,-3.12504425849693,-0.9196832011037503
1.522,-0.06889514534231898,-3.111626338632672,0.3844460004968725,-3.140312878260508,-0.9196832011037503
1.5230000000000001,-0.07200539127612672,-3.1088450643699894,0.38129043426746817,-3.1555662294043225,-0.9196832011037503
1.524,-0.0751127945603781,-3.1059410582273626,0.37811962994027115,-3.170804327196993,-0.9196832011037503
1.5250000000000001,-0.07821723252011568,-3.102914434849978,0.374934150282257,-3.1854796580141294,-0.8923067572166692
1.526,-0.08131858259744186,-3.0997653137237466,0.37173400996875655,-3.2001403135004485,-0.8923067572166692
1.5270000000000001,-0.08441672235636681,-3.096493819170578,0.3685192236604253,-3.2147863083312815,-0.8923067572166692
1.528,-0.0875115294876377,-3.093100080343475,0.365289806003258,-3.2294176571672835,-0.8923067572166692
1.5290000000000001,-0.09060288181356904,-3.089584231221435,0.3620457716286036,-3.2440343746544498,-0.8923067572166692
1.53,-0.09369065729286248,-3.0859464106041634,0.35878770035895124,-3.258071269652352,-0.8640464686278462
1.5310000000000001,-0.0967747340254301,-3.0821867621065873,0.355515606231196,-3.2720941277552567,-0.8640464686278462
1.532,-0.09985499025720329,-3.0783054341531924,0.3522295032681959,-3.2861029630000584,-0.8640464686278462
1.5330000000000001,-0.10293130438494112,-3.074302579972159,0.3489294054787863,-3.3000977894096155,-0.8640464686278462
1.534,-0.10600355496102759,-3.0701783575893185,0.34561532685779356,-3.314078620992763,-0.8640464686278462
1.5350000000000001,-0.10907162069827135,-3.0659329298219076,0.3422878637116666,-3.3274631461269877,-0.8349301877608732
1.536,-0.11213538047469047,-3.061566464272146,0.3389470294249305,-3.340834286736078,-0.8349301877608732
1.537,-0.115194713338295,-3.057079133320616,0.3355928373687259,-3.3541920562045595,-0.8349301877608732
1.538,-0.11824949851186185,-3.0524711141194603,0.33222530090082236,-3.3675364679035726,-0.8349301877608732
1.539,-0.12129961539770304,-3.047742588585387,0.32884443336563146,-3.3808675351908866,-0.8349301877608732
1.54,-0.12434494358242738,-3.042893743392486,0.32545084696564863,-3.3935863999828277,-0.8049866163565975
1.541,-0.12738536284169089,-3.0379247699648664,0.32204455441973867,-3.406292545909977,-0.8049866163565975
1.542,-0.13042075314494808,-3.0328358644690887,0.3186255684340475,-3.418985985691199,-0.8049866163565975
1.543,-0.1334509946601872,-3.0276272278064287,0.31519390170201483,-3.4316667320326397,-0.8049866163565975
1.544,-0.13647596775866272,-3.0222990656049413,0.3117495669043871,-3.444334797627739,-0.8049866163565975
1.545,-0.13949555301961453,-3.0168515882113507,0.30829319153601653,-3.456375368370573,-0.7742452770230868
1.546,-0.14250963123498778,-3.0112850106827342,0.3048247876374739,-3.468403898542664,-0.7742452770230868
1.547,-0.14551808341413544,-3.005599552778042,0.3013443672372893,-3.4804204001845833,-0.7742452770230868
1.548,-0.14852079078851765,-2.9997954389494152,0.29785194235196444,-3.4924248853248603,-0.7742452770230868
1.549,-0.151517634816387,-2.993872898333333,0.29434752498598443,-3.504417365979997,-0.7742452770230868
1.55,-0.15450849718747353,-2.987832164741556,0.2908317573076909,-3.5157676782935248,-0.7427364839753836
1.551,-0.15749325982765203,-2.9816734766519035,0.28730465066739613,-3.527106640294739,-0.7427364839753836
1.552,-0.16047180490360505,-2.9753970771988336,0.2837662164040622,-3.5384342633339516,-0.7427364839753836
1.553,-0.1634440148274705,-2.969003214163855,0.28021646584531207,-3.5497505587501252,-0.7427364839753836
1.554,-0.16640977226149326,-2.9624921399657254,0.2766554103074412,-3.5610555378708826,-0.7427364839753836
1.555,-0.16936896012264543,-2.9558641116505107,0.2730837059988483,-3.571704308592893,-0.7104913129940615
1.556,-0.17232146158725808,-2.9491193908814184,0.2695013635683041,-3.5823424305441813,-0.7104913129940615
1.557,-0.17526716009562887,-2.9422582439284755,0.2659083936539306,-3.5929699143735183,-0.7104913129940615
1.558,-0.17820593935662538,-2.935280941658013,0.26230480688321156,-3.603586770719026,-0.7104913129940615
1.559,-0.18113768335227268,-2.9281877595219816,0.25869061387300335,-3.6141930102081883,-0.7104913129940615
1.56,-0.18406227634233863,-2.9209789775470654,0.2550664842243927,-3.624129648610627,-0.6775415706323471
1.561,-0.1869796028688997,-2.9136548803236324,0.25143242787401804,-3.6340563503746632,-0.6775415706323471
1.562,-0.18988954776090067,-2.9062157569944986,0.2477884547485811,-3.6439731254369354,-0.6775415706323471
1.563,-0.1927919961386982,-2.898661901243519,0.24413457476485695,-3.6538799837241456,-0.6775415706323471
1.564,-0.19568683341860096,-2.8909936112839825,0.24047079782970388,-3.6637769351530682,-0.6775415706323471
1.565,-0.1985739453173899,-2.883211189846847,0.23679780627623193,-3.6729915534719617,-0.6439197627023211
1.566,-0.20145321785683154,-2.8753149441687818,0.2331156093190594,-3.682196957172536,-0.6439197627023211
1.567,-0.20432453736817455,-2.867305185980051,0.22942421616359,-3.69139315546941,-0.6439197627023211
1.568,-0.20718779049664193,-2.8591822314921904,0.225723636006022,-3.700580157567987,-0.6439197627023211
1.569,-0.21004286420590282,-2.850946401385535,0.22201387803335754,-3.7097579726644656,-0.6439197627023211
1.57,-0.21288964578253664,-2.842598020796552,0.2182956366374243,-3.718241395933229,-0.6096590620714143
1.571,-0.21572802284047882,-2.834137419305021,0.21456892030164557,-3.726716335778724,-0.6096590620714143
1.572,-0.2185578833254664,-2.825564930920991,0.21083373750096118,-3.7351828006843735,-0.6096590620714143
1.573,-0.22137911551945055,-2.816880894071633,0.20709009670183606,-3.7436407991251173,-0.6096590620714143
1.574,-0.22419160804501653,-2.808085651587847,0.20333800636226865,-3.7520903395674203,-0.6096590620714143
1.575,-0.22699524986977282,-2.799179550690755,0.19957817224752478,-3.7598341147438745,-0.5747932758010832
1.576,-0.229789930310744,-2.790162942977959,0.19581060210137963,-3.7675701461451525,-0.5747932758010832
1.577,-0.23257553903872905,-2.7810361844097007,0.1920353036598646,-3.775298441515029,-0.5747932758010832
1.578,-0.23535196608266598,-2.771799635294779,0.18825228465127505,-3.7830190085895357,-0.5747932758010832
1.579,-0.2381191018339691,-2.762453660276337,0.1844615527961781,-3.790731855096968,-0.5747932758010832
1.58,-0.24087683705085777,-2.752998628317463,0.18066382453670302,-3.7977282594750754,-0.5393568116602202
1.581,-0.24362506286266614,-2.743434912686634,0.1768591068692542,-3.804717667448805,-0.5393568116602202
1.582,-0.2463636707741456,-2.7337628909429657,0.17304740678323965,-3.8117000860145605,-0.5393568116602202
1.583,-0.24909255266974506,-2.723982944921314,0.1692287312610779,-3.81867552216175,-0.5393568116602202
1.584,-0.2518116008178806,-2.7140954607172008,0.1654030872782051,-3.825643982872793,-0.5393568116602202
1.585,-0.2545207078751857,-2.704100828671576,0.16157120124643426,-3.8318860317708485,-0.5033846440464167
1.586,-0.2572197668907531,-2.693999443355399,0.15773307940781425,-3.838121838620006,-0.5033846440464167
1.587,-0.25990867131035444,-2.683791703554063,0.15388872799815193,-3.8443514096623144,-0.5033846440464167
1.588,-0.2625873149806482,-2.673478012251656,0.15003815324701836,-3.85057475113358,-0.5033846440464167
1.589,-0.2652555921533664,-2.663058776615058,0.14618136137775498,-3.856791869263375,-0.5033846440464167
1.59,-0.2679133974894983,-2.6525344079778406,0.1423190880547739,-3.8622733229810886,-0.46691227934884616
1.591,-0.2705606260634377,-2.6419053218240656,0.1384513387595288,-3.8677492952450843,-0.46691227934884616
1.592,-0.27319717336713495,-2.6311719377718488,0.134578118967992,-3.8732197915368163,-0.46691227934884616
1.593,-0.2758229353142146,-2.620334679556823,0.13069943415065974,-3.8786848173322563,-0.46691227934884616
1.594,-0.2784378082440941,-2.609393975015373,0.12681528977255785,-3.884144378101901,-0.46691227934884616
1.595,-0.28104168892606524,-2.598350256067791,0.1229264300244183,-3.8888597481395393,-0.4299757207870132
1.596,-0.283634474563378,-2.587203958701188,0.11903285962161117,-3.89357040280714,-0.4299757207870132
1.597,-0.28621606279729506,-2.575955522952298,0.11513458327479109,-3.898276346820073,-0.4299757207870132
1.598,-0.288786351711134,-2.5646053928901007,0.11123160568990209,-3.902977584888993,-0.4299757207870132
1.599,-0.291345239834288,-2.5531540165983033,0.10732393156818225,-3.9076741217198445,-0.4299757207870132
1.6,-0.2938926261462364,-2.5416018461576306,0.10341231289192893,-3.9116186762533283,-0.3926114327601732
1.601,-0.2964284100805293,-2.529949337627991,0.09949675360569665,-3.9155592862322783,-0.3926114327601732
1.602,-0.2989524915287597,-2.5181969510304656,0.0955772576500954,-3.9194959556012496,-0.3926114327601732
1.603,-0.30146477084451245,-2.5063451503291607,0.09165382896179455,-3.923428688300852,-0.3926114327601732
1.604,-0.30396514884730264,-2.494394403412871,0.0877264714735268,-3.9273574882677544,-0.3926114327601732
1.605,-0.306453526826488,-2.4823451820766222,0.08379594421665246,-3.9305272568743406,-0.35485630474269
1.606,-0.3089298065451675,-2.470197962003037,0.07986225036094013,-3.93369385571232,-0.35485630474269
1.607,-0.3113938902440557,-2.4579532227435754,0.07592539307298868,-3.9368572879514616,-0.35485630474269
1.608,-0.31384568064535023,-2.445611447699563,0.07198537551623031,-3.940017556758364,-0.35485630474269
1.609,-0.3162850809565621,-2.4331731241031562,0.06804220085093385,-3.943174665296459,-0.35485630474269
1.61,-0.31871199487434526,-2.420638742998066,0.06409663440800746,-3.9455664429263835,-0.31674761476104035
1.611,-0.32112632658829177,-2.4080087992202066,0.06014867857922878,-3.947955828778678,-0.31674761476104035
1.612,-0.3235279807847222,-2.395283791378119,0.05619833575398366,-3.9503428252451203,-0.31674761476104035
1.613,-0.32591686265043934,-2.382464221833334,0.05224560831926857,-3.952727434715096,-0.31674761476104035
1.614,-0.32829287787647804,-2.369550596680503,0.04829049865969297,-3.9551096595756015,-0.31674761476104035
1.615,-0.3306559326618256,-2.3565434257274354,0.04433377764992717,-3.9567210097657974,-0.27832299248858733
1.616,-0.33300593371712595,-2.343443222474965,0.04037544690132137,-3.9583307486058033,-0.27832299248858733
1.617,-0.33534278826836006,-2.3302505040966928,0.0364155080236144,-3.959938877706969,-0.27832299248858733
1.618,-0.33766640406051207,-2.316965791418547,0.03245396262493537,-3.961545398679034,-0.27832299248858733
1.619,-0.33997668936120934,-2.3035896088982364,0.028490812311805246,-3.9631503131301264,-0.27832299248858733
1.62,-0.3422735529643446,-2.29012248460454,0.024526832741348356,-3.963979570456889,-0.23962038199462365
1.621,-0.34455690419367435,-2.276564950196473,0.02056202474282203,-3.9648079985263247,-0.23962038199462365
1.622,-0.34682665290640247,-2.2629175409022757,0.01659638914465434,-3.9656355981676907,-0.23962038199462365
1.623,-0.34908270949673614,-2.2491807954982996,0.012629926774444925,-3.9664623702094155,-0.23962038199462365
1.624,-0.35132498489942493,-2.2353552562877272,0.008662638458965826,-3.9672883154790988,-0.23962038199462365
1.625,-0.35355339059327395,-2.2214414690791817,0.0046953038717185164,-3.9673345872473096,-0.20067800418450443
1.6260000000000001,-0.3557678386046427,-2.207439983165154,0.0007279230589747644,-3.967380812743752,-0.20067800418450443
1.627,-0.3579682415109155,-2.193351351300334,-0.003239503933039934,-3.9674269920146985,-0.20067800418450443
1.6280000000000001,-0.3601545124439538,-2.17917612967978,-0.007206977058146308,-3.9674731251063737,-0.20067800418450443
1.629,-0.36232656509352296,-2.164914877916981,-0.011174496270211266,-3.9675192120649574,-0.20067800418450443
1.6300000000000001,-0.3644843137107059,-2.1505681590217214,-0.015141278649443517,-3.966782379232253,-0.1615343189680184
1.631,-0.36662767311128,-2.136136539377911,-0.019107324932675897,-3.966046283232381,-0.1615343189680184
1.6320000000000001,-0.3687565586790868,-2.1216205887211768,-0.023072635856004407,-3.965310923328509,-0.1615343189680184
1.633,-0.3708708863693693,-2.1070208801163965,-0.027037212154788947,-3.9645762987845408,-0.1615343189680184
1.6340000000000001,-0.3729705727120913,-2.092337989935063,-0.031001054563654065,-3.9638424088651165,-0.1615343189680184
1.635,-0.3750555348152298,-2.077572497832547,-0.034963377689854185,-3.962323126200119,-0.12222798719338068
1.6360000000000001,-0.3771256903680518,-2.0627249867251907,-0.03892418305267197,-3.960805362817786,-0.12222798719338068
1.637,-0.3791809576443607,-2.0477960427673096,-0.04288347216987081,-3.959289117198836,-0.12222798719338068
1.6380000000000001,-0.38122125550572417,-2.0327862553280442,-0.046841246557696316,-3.9577743878255047,-0.12222798719338068
1.639,-0.38324650340467503,-2.01769621696811,-0.050797507730877864,-3.956261173181547,-0.12222798719338068
1.6400000000000001,-0.38525662138789457,-2.002526523416379,-0.05475146859953392,-3.953960868656055,-0.08279783238448313
1.641,-0.3872515300993668,-1.9872777735463787,-0.05870313146396901,-3.9516628644350886,-0.08279783238448313
1.6420000000000001,-0.389231150783512,-1.9719505693526391,-0.06265249862218736,-3.9493671582183434,-0.08279783238448313
1.643,-0.3911954052882942,-1.9565455159269458,-0.06659957236989517,-3.947073747707815,-0.08279783238448313
1.6440000000000001,-0.3931442160683095,-1.941063221434426,-0.07054435500050296,-3.9447826306077967,-0.08279783238448313
1.645,-0.3950775061878451,-1.9255042970895568,-0.07448605850452654,-3.941703504023573,-0.04328280231921244
1.6460000000000001,-0.396995199323918,-1.9098693571320253,-0.07842468596109248,-3.938627456565934,-0.04328280231921244
1.647,-0.3988972197692852,-1.8941590188025033,-0.08236024044624823,-3.9355544851557522,-0.04328280231921244
1.6480000000000001,-0.40078349243543837,-1.8783739023182302,-0.08629272503296521,-3.932484586716981,-0.04328280231921244
1.649,-0.402653942855561,-1.862514630848589,-0.09022214279114187,-3.929417758176648,-0.04328280231921244
1.6500000000000001,-0.4045084971874736,-1.8465818304904578,-0.09414770557017008,-3.9255627790282075,-0.0037219304868063574
1.651,-0.40634708221654675,-1.8305761302435133,-0.09806941722502899,-3.9217116548589153,-0.0037219304868063574
1.6520000000000001,-0.40816962535859214,-1.8144981619853906,-0.10198728160684278,-3.9178643818137924,-0.0037219304868063574
1.653,-0.40997605466272624,-1.7983485604467557,-0.10590130256288449,-3.9140209560417145,-0.0037219304868063574
1.6540000000000001,-0.41176629881421367,-1.7821279631862208,-0.1098114839365799,-3.910181373695409,-0.0037219304868063574
1.655,-0.41354028713728075,-1.7658370105651906,-0.11371703821485085,-3.9055542782709605,0.03584570253766384
1.6560000000000001,-0.41529794959790656,-1.7494763457225762,-0.1176179700247928,-3.900931809941936,0.03584570253766384
1.657,-0.4170392168065857,-1.7330466145494205,-0.12151428398887404,-3.8963139640812408,0.03584570253766384
1.6580000000000001,-0.4187640200210709,-1.7165484656633736,-0.12540598472494044,-3.891700736066406,0.03584570253766384
1.659,-0.42047229114908447,-1.6999825503831043,-0.12929307684622002,-3.8870921212795864,0.03584570253766384
1.6600000000000001,-0.4221639627510078,-1.6833495227025774,-0.13317477425522306,-3.8816974090030363,0.07538100776352696
1.661,-0.4238389680425418,-1.6666500392652548,-0.13705108234666183,-3.8763080914387626,0.07538100776352696
1.6620000000000001,-0.425497240897346,-1.649884759338144,-0.14092200650985387,-3.8709241631920532,0.07538100776352696
1.663,-0.4271387158496475,-1.63305434478579,-0.14478755212872746,-3.8655456188735906,0.07538100776352696
1.6640000000000001,-0.42876332809682643,-1.6161594600441356,-0.1486477245818269,-3.8601724530994463,0.07538100776352696
1.665,-0.4303710135019716,-1.5992007720943167,-0.15250173996394403,-3.854015382117122,0.11484492646124944
1.666,-0.4319617085964173,-1.582178950436281,-0.15634960443214982,-3.84786446820578,0.11484492646124944
1.667,-0.433535350582245,-1.5650946670624015,-0.16019132413735818,-3.841719705208349,0.11484492646124944
1.668,-0.43509187733476273,-1.5479485964309425,-0.16402690522433208,-3.8355810869739155,0.11484492646124944
1.669,-0.4366312274049599,-1.530741415439409,-0.1678563538316898,-3.8294486073577167,0.11484492646124944
1.67,-0.4381533400219315,-1.5134738033978432,-0.17167888902106399,-3.8225351893742094,0.15419846880747856
1.671,-0.43965815509527817,-1.4961464420019965,-0.17549451770587268,-3.8156286848086856,0.15419846880747856
1.672,-0.4411456132174766,-1.4787600153064375,-0.1793032467926204,-3.8087290867477273,0.15419846880747856
1.673,-0.44261565566622746,-1.4613152096975168,-0.18310508318090524,-3.80183638828483,0.15419846880747856
1.674,-0.44406822440677207,-1.4438127138662897,-0.18690003376342562,-3.7949505825203955,0.15419846880747856
1.675,-0.44550326209418406,-1.4262532187813177,-0.1906873213403143,-3.787287576888671,0.19340275246020655
1.676,-0.4469207120756315,-1.408637417661415,-0.19446695357457688,-3.779632234262578,0.19340275246020655
1.677,-0.4483205183926179,-1.390966005948226,-0.198238938121556,-3.7719845469791116,0.19340275246020655
1.678,-0.4497026257831854,-1.3732396812788432,-0.2020032826289389,-3.7643445073829285,0.19340275246020655
1.679,-0.4510669796841016,-1.355459143458201,-0.20575999473676526,-3.7567121078263415,0.19340275246020655
1.68,-0.45241352623300946,-1.3376250944315031,-0.20950830175166327,-3.748307014897996,0.2324190410259631
1.681,-0.45374221227055844,-1.319738238256448,-0.21324821207872585,-3.7399103270625784,0.2324190410259631
1.682,-0.4550529853424977,-1.3017992810755052,-0.21697973411464086,-3.7315220359149968,0.2324190410259631
1.683,-0.4563457937017512,-1.283808931087983,-0.2207028762476994,-3.7231421330585626,0.2324190410259631
1.684,-0.45762058631045854,-1.2657678985220944,-0.22441764685780438,-3.714770610104985,0.2324190410259631
1.685,-0.45887731284199057,-1.247676895606909,-0.22812327852165165,-3.705631663847259,0.27120878238105045
1.686,-0.46011592368293514,-1.229536636544255,-0.23181978037818743,-3.6965018565357908,0.27120878238105045
1.687,-0.4613363699350573,-1.2113478374804945,-0.23550716155721907,-3.6873811790316338,0.27120878238105045
1.688,-0.4625386034172288,-1.1931112164782696,-0.23918543117942406,-3.678269622204981,0.27120878238105045
1.689,-0.46372257666733074,-1.1748274934881469,-0.24285459835635922,-3.6691671769351553,0.27120878238105045
1.69,-0.4648882429441257,-1.1564973903202131,-0.24651390169318127,-3.659303336822041,0.3097336468089496
1.691,-0.4660355562291054,-1.1381216306155504,-0.25016335105373033,-3.6494493605490397,0.3097336468089496
1.692,-0.46716447122830584,-1.1197009398176871,-0.25380295629198263,-3.6396052382523116,0.3097336468089496
1.693,-0.46827494337409625,-1.10123604514395,-0.2574327272520605,-3.6297709600778805,0.3097336468089496
1.694,-0.4693669288269371,-1.0827276755567736,-0.26105267376824215,-3.6199465161816238,0.3097336468089496
1.695,-0.47044038447711267,-1.0641765617348933,-0.26466204122660925,-3.6093674583671165,0.347955564916278
1.696,-0.47149526794643215,-1.0455834360445178,-0.26826084020621965,-3.598798979610424,0.347955564916278
1.697,-0.4725315375899025,-1.0269490325104074,-0.27184908127555213,-3.5882410693324878,0.347955564916278
1.698,-0.4735491524973719,-1.0082740867869227,-0.27542677499251694,-3.5776937169648297,0.347955564916278
1.699,-0.4745480724951473,-0.9895593361289227,-0.2789939319044665,-3.567156911949539,0.347955564916278
1.7,-0.4755282581475767,-0.9708055193627345,-0.2825498049241983,-3.555873019731793,0.3858367652898209
1.701,-0.47648967075860926,-0.9520133768569272,-0.28609440533560454,-3.544600411406265,0.3858367652898209
1.702,-0.4774322723733213,-0.9331836504931096,-0.2896277444112936,-3.5333390756890624,0.3858367652898209
1.703,-0.4783560257794153,-0.9143170836366317,-0.29314983341260115,-3.522089001307577,0.3858367652898209
1.704,-0.4792608945086879,-0.8954144211072587,-0.2966606835896016,-3.510850177000473,0.3858367652898209
1.705,-0.4801468428384715,-0.8764764091497353,-0.30015955612018796,-3.498872530586323,0.4233398118574816
1.706,-0.4810138357930428,-0.8575037954043468,-0.30364646298200654,-3.486906861818587,0.4233398118574816
1.707,-0.4818618391450049,-0.838497328877392,-0.30712141614072613,-3.474953158719619,0.4233398118574816
1.708,-0.48269081941663694,-0.819457759911636,-0.3105844275500499,-3.46301140932375,0.4233398118574816
1.709,-0.4835007438812175,-0.800385840156655,-0.3140355091517272,-3.4510816016772763,0.4233398118574816
1.71,-0.4842915805643155,-0.7812823225391847,-0.3174739311189845,-3.438421967257274,0.4604276409162509
1.711,-0.485063298245053,-0.7621479612333848,-0.3208997061114562,-3.4257749924716916,0.4604276409162509
1.712,-0.485815866457337,-0.7429835116310871,-0.3243128467761171,-3.413140664660895,0.4604276409162509
1.713,-0.48654925549106326,-0.7237897303119418,-0.32771336574729504,-3.400518971177909,0.4604276409162509
1.714,-0.4872634363932885,-0.7045673750135703,-0.33110127564668346,-3.387909899388406,0.4604276409162509
1.715,-0.4879583809693738,-0.6853172046016405,-0.3344758563642167,-3.3745807175332048,0.497063597790649
1.716,-0.4886340617840966,-0.6660399790399347,-0.33783712122907655,-3.3612648648598586,0.497063597790649
1.717,-0.48929045216273603,-0.6467364593602887,-0.34118508355711574,-3.347962328039186,0.497063597790649
1.718,-0.4899275261921234,-0.6274074076326229,-0.3445197566508711,-3.3346730937553337,0.497063597790649
1.719,-0.490545258721667,-0.6080535869347973,-0.34784115379957686,-3.321397148705765,0.497063597790649
1.72,-0.49114362536434425,-0.588675761322514,-0.3511485653216722,-3.3074115220953506,0.5332114730854406
1.721,-0.49172260249766486,-0.5692746957991425,-0.35444200520278374,-3.2934398811115466,0.5332114730854406
1.722,-0.49228216726460267,-0.5498511562855407,-0.35772148741455245,-3.2794822117687263,0.5332114730854406
1.723,-0.49282229757449897,-0.5304059095897848,-0.3609870259146477,-3.2655385000952486,0.5332114730854406
1.724,-0.49334297210393396,-0.5109397233769187,-0.36423863464678113,-3.2516087321334446,0.5332114730854406
1.725,-0.4938441702975689,-0.49145336613863716,-0.3674756150594125,-3.236980412631374,0.5688355384968667
1.726,-0.49432587236895703,-0.47194760716296885,-0.37069798178086133,-3.222366721448805,0.5688355384968667
1.727,-0.49478805930132547,-0.4524232165038735,-0.37390574942481875,-3.207767643957419,0.5688355384968667
1.728,-0.49523071284832554,-0.43288096495086326,-0.37709893259036226,-3.193183165543524,0.5688355384968667
1.729,-0.49565381553475335,-0.41332162399856215,-0.3802775458619703,-3.178613271608043,0.5688355384968667
1.73,-0.49605735065723894,-0.39374596581627097,-0.3834409025086638,-3.163356646693495,0.6039005821469944
1.731,-0.49644130228490685,-0.37415476321745056,-0.38658901778706767,-3.1481152784038615,0.6039005821469944
1.732,-0.4968056552600042,-0.35454878962923386,-0.3897219069385502,-3.1328891514825177,0.6039005821469944
1.733,-0.4971503951984995,-0.3349288190618818,-0.3928395851892383,-3.1176782506880953,0.6039005821469944
1.734,-0.49747550849065003,-0.31529562607825434,-0.39594206775003277,-3.1024825607944675,0.6039005821469944
1.735,-0.49778098230154,-0.29564998576317075,-0.3990286803893983,-3.0866126393655455,0.6383719434063746
1.736,-0.4980668045715862,-0.2759926736928886,-0.40209943897725636,-3.0707585878580526,0.6383719434063746
1.737,-0.49833296401701493,-0.25632446590442426,-0.4051543593676584,-3.054920390402067,0.6383719434063746
1.738,-0.4985794501303069,-0.23664613886494382,-0.408193457398802,-3.0390980311435376,0.6383719434063746
1.739,-0.4988062531806126,-0.21695846944109845,-0.4112167488930462,-3.0232914942442664,0.6383719434063746
1.74,-0.4990133642141358,-0.19726223486837755,-0.41422357278485283,-3.00682389180661,0.6722155471705875
1.741,-0.4992007750544875,-0.1775582127203911,-0.4172139455418242,-2.9903727569713916,0.6722155471705875
1.742,-0.49936847830300873,-0.1578471808781948,-0.42018788361509524,-2.9739380732710083,0.6722155471705875
1.743,-0.49951646733906235,-0.13812991749956954,-0.4231454034393496,-2.9575198242543257,0.6722155471705875
1.744,-0.4996447363202946,-0.11840720098832323,-0.42608652143283626,-2.94111799348666,0.6722155471705875
1.745,-0.4997532801828658,-0.09867980996352753,-0.4290105903495783,-2.9240689167420357,0.7053979375568806
1.746,-0.49984209464164997,-0.07894852322880136,-0.43191762723865246,-2.9070368890741562,0.7053979375568806
1.747,-0.49991117619040454,-0.059214119741554085,-0.4348076491320864,-2.8900218934339446,0.7053979375568806
1.748,-0.49996052210190806,-0.039477378582255786,-0.4376806730448758,-2.873023912789373,0.7053979375568806
1.749,-0.49999013042806856,-0.019739078923647162,-0.4405367159750012,-2.856042930125446,0.7053979375568806
1.75,-0.5,-1.346569485605253e-15,-0.44337514513597676,-2.8384291609755676,0.7378863109876358
1.7510000000000001,-0.49999013042806856,0.019739078923650046,-0.4461959781415716,-2.820833005594839,0.7378863109876358
1.752,-0.49996052210190806,0.039477378582253086,-0.44899923258794106,-2.8032544463694915,0.7378863109876358
1.7530000000000001,-0.4999111761904045,0.05921411974155697,-0.4517849260536444,-2.7856934657033694,0.7378863109876358
1.754,-0.49984209464164997,0.07894852322879867,-0.45455307609966233,-2.7681500460179134,0.7378863109876358
1.7550000000000001,-0.49975328018286574,0.09867980996353043,-0.45730306502466167,-2.749988924999335,0.7696485486280263
1.756,-0.49964473632029466,0.11840720098832055,-0.46003491098976346,-2.7318459651017752,0.7696485486280263
1.7570000000000001,-0.49951646733906235,0.1381299174995724,-0.46274863213792755,-2.713721148164113,0.7696485486280263
1.758,-0.49936847830300873,0.1578471808781921,-0.46544424659397093,-2.6956144560433883,0.7696485486280263
1.7590000000000001,-0.4992007750544875,0.1775582127203884,-0.4681217724645857,-2.6775258706147844,0.7696485486280263
1.76,-0.4990133642141358,0.19726223486837488,-0.470780607744367,-2.6588352797812527,0.8006532481458476
1.7610000000000001,-0.49880625318061256,0.21695846944110134,-0.4734207711239055,-2.6401633795385546,0.8006532481458476
1.762,-0.49857945013030697,0.23664613886494112,-0.4760422812751016,-2.621510151196099,0.8006532481458476
1.7630000000000001,-0.49833296401701493,0.2563244659044216,-0.4786451568511836,-2.6028755760819857,0.8006532481458476
1.764,-0.49806680457158625,0.27599267369288594,-0.48122941648672657,-2.584259635542987,0.8006532481458476
1.7650000000000001,-0.49778098230153994,0.29564998576317364,-0.48379447446753876,-2.5650579808121994,0.8308697547622215
1.766,-0.49747550849065003,0.3152956260782517,-0.4863403499952749,-2.545875527736143,0.8308697547622215
1.7670000000000001,-0.49715039519849946,0.3349288190618847,-0.4888670622523881,-2.526712257113162,0.8308697547622215
1.768,-0.4968056552600042,0.3545487896292312,-0.4913746304021489,-2.5075681497608047,0.8308697547622215
1.7690000000000001,-0.4964413022849068,0.37415476321745345,-0.4938630735886647,-2.4884431865157994,0.8308697547622215
1.77,-0.496057350657239,0.39374596581626836,-0.49633182296816275,-2.468749379498034,0.8602681915624717
1.7710000000000001,-0.4956538155347533,0.4133216239985649,-0.49878089823445004,-2.4490752662872866,0.8602681915624717
1.772,-0.4952307128483256,0.4328809649508606,-0.5012103190616398,-2.42942082718975,0.8602681915624717
1.7730000000000001,-0.4947880593013254,0.4524232165038764,-0.5036201051041711,-2.409786042531311,0.8602681915624717
1.774,-0.4943258723689571,0.4719476071629662,-0.5060102759968287,-2.39017089265753,0.8602681915624717
1.7750000000000001,-0.49384417029756883,0.49145336613864,-0.5083802803288128,-2.3700043319841253,0.8888194890373706
1.776,-0.493342972103934,0.5109397233769161,-0.5107301382666841,-2.349857937871394,0.8888194890373706
1.7770000000000001,-0.492822297574499,0.5304059095897822,-0.513059869956837,-2.329731690152775,0.8888194890373706
1.778,-0.4922821672646028,0.5498511562855382,-0.5153694955255188,-2.309625568681875,0.8888194890373706
1.7790000000000001,-0.4917226024976648,0.5692746957991452,-0.5176590350788512,-2.2895395533324456,0.8888194890373706
1.78,-0.4911436253643443,0.5886757613225113,-0.5199279551843539,-2.268920105502603,0.916495413825501
1.7810000000000001,-0.49054525872166704,0.6080535869347946,-0.5221762764614745,-2.2483212771205907,0.916495413825501
1.782,-0.4899275261921235,0.6274074076326203,-0.5244040195090415,-2.22774304756696,0.916495413825501
1.7830000000000001,-0.489290452162736,0.6467364593602916,-0.5266112049052843,-2.207185396242883,0.916495413825501
1.784,-0.4886340617840967,0.6660399790399322,-0.5287978532078544,-2.18664830257013,0.916495413825501
1.7850000000000001,-0.48795838096937366,0.6853172046016432,-0.5309634494901895,-2.1655962823349904,0.9432685966284935
1.786,-0.4872634363932886,0.7045673750135677,-0.5331080148043096,-2.1445653141200856,0.9432685966284935
1.7870000000000001,-0.48654925549106315,0.7237897303119446,-0.535231570181183,-2.1235553768733957,0.9432685966284935
1.788,-0.4858158664573371,0.7429835116310844,-0.5373341366307469,-2.1025664495639522,0.9432685966284935
1.7890000000000001,-0.4850632982450529,0.7621479612333877,-0.5394157351419288,-2.0815985111818183,0.9432685966284935
1.79,-0.4842915805643156,0.7812823225391822,-0.541475869803414,-2.060134661485206,0.9691125592715264
1.7910000000000001,-0.4835007438812174,0.8003858401566578,-0.5435145620790522,-2.03869227563829,0.9691125592715264
1.792,-0.48269081941663705,0.8194577599116334,-0.5455318334112295,-2.0172713321772213,0.9691125592715264
1.793,-0.481861839145005,0.8384973288773895,-0.5475277052208891,-1.9958718096596135,0.9691125592715264
1.794,-0.4810138357930429,0.8575037954043444,-0.5495021989075536,-1.9744936866645233,0.9691125592715264
1.795,-0.4801468428384716,0.8764764091497328,-0.5514548380657138,-1.95263915816021,0.9940017408824409
1.796,-0.47926089450868803,0.8954144211072561,-0.5533856445498982,-1.930806484184401,0.9940017408824409
1.797,-0.4783560257794154,0.9143170836366291,-0.5552946401927809,-1.9089956428825678,0.9940017408824409
1.798,-0.4774322723733214,0.9331836504931071,-0.5571818468052029,-1.8872066124220364,0.9940017408824409
1.799,-0.47648967075860943,0.9520133768569248,-0.5590472861761948,-1.8654393709919654,0.9940017408824409
1.8,-0.4755282581475769,0.970805519362732,-0.5608905018773526,-1.8432157011577006,1.017911523163645
1.801,-0.4745480724951474,0.98955933612892,-0.5627115161323458,-1.82101425499327,1.017911523163645
1.802,-0.47354915249737206,1.0082740867869202,-0.5645103511426208,-1.7988350102750037,1.017911523163645
1.803,-0.4725315375899027,1.026949032510405,-0.5662870290874222,-1.7766779448014558,1.017911523163645
1.804,-0.47149526794643226,1.0455834360445153,-0.5680415721238156,-1.7545430363933814,1.017911523163645
1.805,-0.47044038447711284,1.0641765617348908,-0.5697735442520779,-1.7319721282623504,1.040818254731887
1.806,-0.4693669288269372,1.0827276755567712,-0.5714829680431174,-1.7094237910394503,1.040818254731887
1.807,-0.4682749433740964,1.1012360451439474,-0.5731698660452712,-1.6868980021537732,1.040818254731887
1.808,-0.467164471228306,1.1197009398176847,-0.5748342607843282,-1.6643947390569818,1.040818254731887
1.809,-0.4660355562291056,1.138121630615548,-0.5764761747635515,-1.641913979223287,1.040818254731887
1.81,-0.46488824294412584,1.1564973903202107,-0.5780951928433056,-1.6190180797540257,1.0626992745019006
1.811,-0.46372257666733085,1.1748274934881444,-0.5796913379194898,-1.5961450761842337,1.0626992745019006
1.812,-0.46253860341722897,1.1931112164782671,-0.5812646328651078,-1.5732949456180114,1.0626992745019006
1.813,-0.46133636993505744,1.211347837480492,-0.5828151005302902,-1.5504676651823555,1.0626992745019006
1.814,-0.4601159236829353,1.2295366365442526,-0.5843427637423173,-1.5276632120271352,1.0626992745019006
1.815,-0.45887731284199074,1.2476768956069066,-0.5858472286324506,-1.5044648901332907,1.0835329340908657
1.816,-0.4576205863104587,1.265767898522092,-0.587328518399012,-1.48128976656134,1.0835329340908657
1.817,-0.4563457937017514,1.2838089310879806,-0.588786656217125,-1.4581378181129614,1.0835329340908657
1.818,-0.45505298534249794,1.3017992810755028,-0.590221665238738,-1.4350090216130311,1.0835329340908657
1.819,-0.4537422122705586,1.3197382382564455,-0.5916335685926476,-1.4119033539096009,1.0835329340908657
1.82,-0.4524135262330096,1.3376250944315007,-0.5930219940708189,-1.388425478171259,1.1032986192216065
1.821,-0.45106697968410175,1.3554591434581986,-0.5943869651511275,-1.3649710803086557,1.1032986192216065
1.822,-0.44970262578318554,1.3732396812788408,-0.5957285052879715,-1.3415401368439148,1.1032986192216065
1.823,-0.44832051839261805,1.3909660059482238,-0.5970466379122942,-1.3181326243226388,1.1032986192216065
1.824,-0.4469207120756317,1.4086374176614125,-0.5983413864316081,-1.294748519313884,1.1032986192216065
1.825,-0.4455032620941842,1.4262532187813153,-0.5996124006670006,-1.2710142353925018,1.1219767701034074
1.826,-0.44406822440677224,1.4438127138662875,-0.6008597043527557,-1.2473036857550412,1.1219767701034074
1.827,-0.4426156556662277,1.4613152096975144,-0.6020833211994229,-1.2236168466672181,1.1219767701034074
1.828,-0.4411456132174768,1.478760015306435,-0.6032832748938414,-1.1999536944184828,1.1219767701034074
1.829,-0.4396581550952784,1.496146442001994,-0.6044595890991634,-1.1763142053219962,1.1219767701034074
1.83,-0.43815334002193174,1.5134738033978408,-0.6056119360122647,-1.1523469131012658,1.1395489007704143
1.831,-0.43663122740496013,1.5307414154394068,-0.6067403396004375,-1.1284035881727563,1.1395489007704143
1.832,-0.43509187733476296,1.5479485964309403,-0.6078448238070067,-1.1044842065691753,1.1395489007704143
1.833,-0.43353535058224524,1.5650946670623993,-0.6089254125513539,-1.080588744347198,1.1395489007704143
1.834,-0.4319617085964175,1.5821789504362787,-0.6099821297289414,-1.0567171775874424,1.1395489007704143
1.835,-0.4303710135019718,1.5992007720943142,-0.6110146702370041,-1.0325405080626857,1.1559976173584663
1.836,-0.4287633280968262,1.616159460044138,-0.6120230582522115,-1.0083880152074538,1.1559976173584663
1.837,-0.42713871584964774,1.6330543447857875,-0.6130073179270565,-0.984259674845077,1.1559976173584663
1.838,-0.42549724089734575,1.6498847593381465,-0.6139674733898796,-0.9601554628230626,1.1559976173584663
1.839,-0.423838968042542,1.6666500392652526,-0.6149035487448926,-0.9360753550130703,1.1559976173584663
1.84,-0.4221639627510076,1.6833495227025799,-0.6158152618918447,-0.9117131469520079,1.171306635302465
1.841,-0.4204722911490847,1.699982550383102,-0.6167026371929437,-0.8873753010990066,1.171306635302465
1.842,-0.4187640200210706,1.716548465663376,-0.6175656989860355,-0.8630617930918584,1.171306635302465
1.843,-0.41703921680658596,1.7330466145494186,-0.6184044715846282,-0.8387725985927172,1.171306635302465
1.844,-0.4152979495979063,1.7494763457225786,-0.6192189792779162,-0.8145076932880753,1.171306635302465
1.845,-0.41354028713728097,1.7658370105651886,-0.6200089632476022,-0.7899839696860422,1.1854607954372498
1.846,-0.4117662988142139,1.7821279631862186,-0.6207744480174099,-0.7654847698076112,1.1854607954372498
1.847,-0.40997605466272646,1.7983485604467537,-0.621515458086539,-0.7410100691290585,1.1854607954372498
1.848,-0.40816962535859186,1.814498161985393,-0.6222320179296902,-0.7165598431511845,1.1854607954372498
1.849,-0.406347082216547,1.830576130243511,-0.6229241519970895,-0.6921340673992883,1.1854607954372498
1.85,-0.40450849718747384,1.8465818304904558,-0.6235916250088417,-0.6674730117521659,1.1984460789861546
1.851,-0.4026539428555612,1.8625146308485867,-0.6242344616260024,-0.6428366171606906,1.1984460789861546
1.852,-0.40078349243543815,1.8783739023182322,-0.6248526864849662,-0.6182248589638069,1.1984460789861546
1.853,-0.39889721976928544,1.8941590188025013,-0.6254463241974912,-0.59363771252512,1.1984460789861546
1.854,-0.39699519932391775,1.9098693571320275,-0.6260153993507241,-0.5690751532328717,1.1984460789861546
1.855,-0.3950775061878454,1.9255042970895546,-0.6265597004363753,-0.5443010856511892,1.2102496214224854
1.856,-0.39314421606830924,1.9410632214344283,-0.6270792522285125,-0.5195517921370882,1.2102496214224854
1.857,-0.3911954052882945,1.9565455159269436,-0.627574079476429,-0.49482724791650146,1.2102496214224854
1.858,-0.3892311507835117,1.9719505693526411,-0.6280442069046691,-0.47012742824013526,1.2102496214224854
1.859,-0.387251530099367,1.9872777735463767,-0.6284896592130526,-0.4454523083834454,1.2102496214224854
1.86,-0.3852566213878943,2.0025265234163814,-0.6289102488746238,-0.42058966157125666,1.2208597251902646
1.861,-0.3832465034046753,2.017696216968108,-0.6293060007520297,-0.3957518774058801,1.2208597251902646
1.862,-0.3812212555057239,2.032786255328046,-0.6296769396830544,-0.3709389310246689,1.2208597251902646
1.863,-0.379180957644361,2.0477960427673074,-0.6300230904806442,-0.34615079758983897,1.2208597251902646
1.864,-0.3771256903680521,2.062724986725189,-0.6303444779329327,-0.32138745228844384,1.2208597251902646
1.865,-0.3750555348152301,2.077572497832545,-0.6306409386803434,-0.29646074741072137,1.2302658712717018
1.866,-0.37297057271209094,2.0923379899350647,-0.6309124976495813,-0.2715589692378766,1.2302658712717018
1.867,-0.3708708863693696,2.1070208801163943,-0.6311591797424245,-0.24668209284320466,1.2302658712717018
1.868,-0.3687565586790871,2.121620588721175,-0.6313810098357494,-0.22183009332492742,1.2302658712717018
1.869,-0.3666276731112803,2.1361365393779086,-0.6315780127815556,-0.19700294580616845,1.2302658712717018
1.87,-0.36448431371070555,2.1505681590217236,-0.6317500495498242,-0.17203676826856093,1.2384587295900675
1.871,-0.36232656509352323,2.1649148779169787,-0.6318971451067327,-0.14709555690849102,1.2384587295900675
1.872,-0.3601545124439535,2.1791761296797816,-0.6320193243934924,-0.12217928675978118,1.2384587295900675
1.873,-0.3579682415109158,2.193351351300332,-0.6321166123263736,-0.09728793288122005,1.2384587295900675
1.874,-0.3557678386046424,2.2074399831651563,-0.6321890337967302,-0.07242147035653748,1.2384587295900675
1.875,-0.35355339059327423,2.22144146907918,-0.6322364742422516,-0.0474404455214284,1.2454301682376272
1.8760000000000001,-0.3513249848994246,2.235355256287729,-0.6322589586439628,-0.022484401711154425,1.2454301682376272
1.877,-0.3490827094967365,2.2491807954982974,-0.6322565119579074,0.0024466860553092745,1.2454301682376272
1.8780000000000001,-0.34682665290640213,2.262917540902278,-0.6322291591151734,0.027352842734006507,1.2454301682376272
1.879,-0.34455690419367463,2.2765649501964713,-0.6321769250219174,0.052234093256025044,1.2454301682376272
1.8800000000000001,-0.34227355296434425,2.290122484604542,-0.6320997196975242,0.07720532439316305,1.2511732615197013
1.881,-0.33997668936120967,2.3035896088982346,-0.631997568113225,0.10215158429916392,1.2511732615197013
1.8820000000000001,-0.3376664040605124,2.316965791418545,-0.6318704952152798,0.12707289794525878,1.2511732615197013
1.883,-0.33534278826836034,2.330250504096691,-0.6317185259250021,0.15196929027770756,1.2511732615197013
1.8840000000000001,-0.3330059337171256,2.343443222474967,-0.6315416851387843,0.17684078621782387,1.2511732615197013
1.885,-0.3306559326618259,2.3565434257274336,-0.6313399075474165,0.20177759136774204,1.2556822968067995
1.8860000000000001,-0.3282928778764783,2.369550596680501,-0.631113218087704,0.22668945971251028,1.2556822968067995
1.887,-0.3259168626504397,2.3824642218333323,-0.6308616416715151,0.2515764161889338,1.2556822968067995
1.8880000000000001,-0.3235279807847219,2.395283791378121,-0.6305852031858062,0.27643848570888085,1.2556822968067995
1.889,-0.3211263265882921,2.4080087992202053,-0.630283927492647,0.30127569315930797,1.2556822968067995
1.8900000000000001,-0.3187119948743449,2.420638742998068,-0.629957774019577,0.3261534730699133,1.258952780188232
1.891,-0.31628508095656244,2.4331731241031544,-0.6296067676443764,0.35100637520060807,1.258952780188232
1.8920000000000001,-0.3138456806453499,2.4456114476995645,-0.6292309332199473,0.3758344244291721,1.258952780188232
1.893,-0.31139389024405606,2.4579532227435736,-0.6288302955743388,0.40063764560850756,1.258952780188232
1.8940000000000001,-0.3089298065451671,2.4701979620030388,-0.6284048795107722,0.4254160635666637,1.258952780188232
1.895,-0.30645352682648835,2.4823451820766205,-0.6279546692344506,0.45021027632152816,1.2609814409215545
1.8960000000000001,-0.30396514884730225,2.494394403412873,-0.627479689539587,0.4749796948636377,1.2609814409215545
1.897,-0.3014647708445128,2.506345150329159,-0.6269799651955998,0.49972434398720517,1.2609814409215545
1.8980000000000001,-0.2989524915287593,2.5181969510304674,-0.6264555209471382,0.524444248461649,1.2609814409215545
1.899,-0.29642841008052967,2.5299493376279893,-0.6259063815141066,0.5491394330316185,1.2609814409215545
1.9000000000000001,-0.29389262614623674,2.541601846157629,-0.6253325558958145,0.5738256182920577,1.261766234673543
1.901,-0.2913452398342884,2.5531540165983015,-0.6247340687784473,0.5984871173672365,1.261766234673543
1.9020000000000001,-0.2887863517111336,2.5646053928901025,-0.6241109448235039,0.62312395494334,1.261766234673543
1.903,-0.2862160627972954,2.575955522952296,-0.623463208667822,0.6477361556818676,1.261766234673543
1.9040000000000001,-0.28363447456337837,2.587203958701186,-0.6227908849236024,0.6723237442196566,1.261766234673543
1.905,-0.28104168892606557,2.5983502560677896,-0.6220940073762159,0.6968775473864272,1.2613063455495135
1.9060000000000001,-0.2784378082440937,2.6093939750153745,-0.6213726005794659,0.721406796750031,1.2613063455495135
1.907,-0.275822935314215,2.620334679556821,-0.6206266890626015,0.7459115168642713,1.2613063455495135
1.9080000000000001,-0.27319717336713456,2.63117193777185,-0.6198562973303432,0.7703917322583973,1.2613063455495135
1.909,-0.2705606260634381,2.6419053218240642,-0.6190614498629061,0.7948474674371292,1.2613063455495135
1.9100000000000001,-0.2679133974894979,2.6525344079778423,-0.6182422051991983,0.8192446637078726,1.2596021869090304
1.911,-0.2652555921533668,2.6630587766150566,-0.6173985877364159,0.8436174627823454,1.2596021869090304
1.9120000000000001,-0.2625873149806478,2.6734780122516573,-0.6165306218473581,0.8679658890577436,1.2596021869090304
1.913,-0.25990867131035483,2.6837917035540615,-0.6156383318804513,0.8922899669068665,1.2596021869090304
1.9140000000000001,-0.2572197668907527,2.6939994433554,-0.6147217421597732,0.9165897206781402,1.2596021869090304
1.915,-0.2545207078751861,2.704100828671575,-0.6137809359207963,0.9408062389768062,1.2566554009672046
1.9160000000000001,-0.25181160081788023,2.714095460717202,-0.6128159373800391,0.9649985407571734,1.2566554009672046
1.917,-0.24909255266974542,2.7239829449213127,-0.6118267707298034,0.9891666502357603,1.2566554009672046
1.9180000000000001,-0.24636367077414595,2.733762890942964,-0.6108134601381985,1.0133105916048686,1.2566554009672046
1.919,-0.2436250628626665,2.7434349126866326,-0.6097760297491659,1.0374303890326078,1.2566554009672046
1.92,-0.24087683705085816,2.7529986283174614,-0.6087145874133787,1.0614423357872165,1.2524688571820715
1.921,-0.23811910183396948,2.7624536602763357,-0.6076291571427836,1.0854302705950707,1.2524688571820715
1.922,-0.23535196608266637,2.7717996352947774,-0.6065197629253155,1.109394217468117,1.2524688571820715
1.923,-0.23257553903872943,2.7810361844096994,-0.6053864287249212,1.1333342003942903,1.2524688571820715
1.924,-0.22978993031074435,2.790162942977957,-0.6042291784815836,1.1572502433375376,1.2524688571820715
1.925,-0.2269952498697732,2.799179550690753,-0.6030481445555008,1.1810339260827918,1.2470466494295855
1.926,-0.22419160804501692,2.808085651587846,-0.6018433507303556,1.2047938251453008,1.2470466494295855
1.927,-0.22137911551945091,2.8168808940716317,-0.6006148207660468,1.228529964308747,1.2470466494295855
1.928,-0.2185578833254668,2.82556493092099,-0.5993625783987138,1.25224236733303,1.2470466494295855
1.929,-0.2157280228404792,2.8341374193050197,-0.5980866473407594,1.2759310579542888,1.2470466494295855
1.93,-0.21288964578253702,2.8425980207965513,-0.5967871843320237,1.299463008735717,1.2403940919691236
1.931,-0.2100428642059032,2.8509464013855337,-0.5954642129044574,1.3229714275663638,1.2403940919691236
1.932,-0.20718779049664232,2.859182231492189,-0.5941177565664792,1.34645633797818,1.2403940919691236
1.933,-0.20432453736817496,2.8673051859800496,-0.5927478388029996,1.3699177634795843,1.2403940919691236
1.934,-0.20145321785683193,2.875314944168781,-0.5913544830754441,1.393355727555487,1.2403940919691236
1.935,-0.19857394531739028,2.8832111898468455,-0.5899378703493321,1.4166127261120018,1.2325177142035153
1.936,-0.19568683341860135,2.8909936112839816,-0.5884980238816622,1.43984646766996,1.2325177142035153
1.937,-0.1927919961386986,2.898661901243518,-0.5870349669061758,1.4630569754863605,1.2325177142035153
1.938,-0.18988954776090106,2.9062157569944977,-0.5855487226333809,1.4862442727949445,1.2325177142035153
1.939,-0.18697960286890009,2.9136548803236315,-0.5840393142505746,1.50940838280622,1.2325177142035153
1.94,-0.18406227634233904,2.9209789775470645,-0.5825069467710665,1.532367479508188,1.2234252542387245
1.941,-0.1811376833522731,2.9281877595219807,-0.5809516431539531,1.5553036171134544,1.2234252542387245
1.942,-0.17820593935662576,2.9352809416580117,-0.5793734263353719,1.5782168185811154,1.2234252542387245
1.943,-0.1752671600956293,2.942258243928474,-0.5777723192285246,1.6011071068473088,1.2234252542387245
1.944,-0.17232146158725847,2.9491193908814175,-0.5761483447236994,1.623974504825236,1.2234252542387245
1.945,-0.16936896012264582,2.9558641116505098,-0.5745017316803539,1.6466130433454047,1.2131256512496893
1.946,-0.16640977226149364,2.9624921399657245,-0.5728325027370268,1.669228943327053,1.2131256512496893
1.947,-0.1634440148274709,2.969003214163854,-0.5711406805096181,1.6918222274087198,1.2131256512496893
1.948,-0.16047180490360544,2.9753970771988323,-0.5694262875914118,1.714392918206305,1.2131256512496893
1.949,-0.15749325982765244,2.9816734766519026,-0.5676893465530987,1.7369410383130923,1.2131256512496893
1.95,-0.15450849718747395,2.9878321647415556,-0.5659301098750907,1.759236678007975,1.2016290366597884
1.951,-0.1515176348163874,2.9938728983333323,-0.5641485998530276,1.7815100220631628,1.2016290366597884
1.952,-0.14852079078851807,2.999795438949415,-0.5623448387602533,1.8037610927742953,1.2016290366597884
1.953,-0.14551808341413586,3.0055995527780413,-0.5605188488478386,1.8259899124147168,1.2016290366597884
1.954,-0.1425096312349882,3.0112850106827334,-0.5586706523446031,1.848196503235498,1.2016290366597884
1.955,-0.13949555301961494,3.0168515882113494,-0.556800525103388,1.870127241215117,1.1889467241427318
1.956,-0.1364759677586631,3.022299065604941,-0.5549084890549312,1.8920360484567567,1.1889467241427318
1.957,-0.13345099466018762,3.0276272278064282,-0.55299456610804,1.9139229468911545,1.1889467241427318
1.958,-0.1304207531449485,3.0328358644690883,-0.5510587781496129,1.935787958427118,1.1889467241427318
1.959,-0.1273853628416913,3.037924769964866,-0.5491011470446614,1.9576311049515456,1.1889467241427318
1.96,-0.1243449435824278,3.042893743392486,-0.5471219717468456,1.979175297815729,1.1750911984567494
1.961,-0.12129961539770345,3.0477425885853866,-0.5451212738003586,2.0006979464870485,1.1750911984567494
1.962,-0.11824949851186227,3.05247111411946,-0.5430990747278489,2.0221990725096965,1.1750911984567494
1.963,-0.11519471333829541,3.0570791333206153,-0.5410553960304426,2.043678697406322,1.1750911984567494
1.964,-0.11213538047469089,3.061566464272145,-0.5389902591877646,2.0651368426780508,1.1750911984567494
1.965,-0.10907162069827091,3.0659329298219085,-0.5369039859598668,2.0862732278978156,1.1600761031221445
1.966,-0.10600355496102801,3.0701783575893176,-0.5347965974831345,2.1073884767323605,1.1600761031221445
1.967,-0.10293130438494068,3.074302579972159,-0.5326681148728164,2.128482610318071,1.1600761031221445
1.968,-0.09985499025720371,3.0783054341531915,-0.5305185592230462,2.149555649770196,1.1600761031221445
1.969,-0.09677473402543052,3.082186762106587,-0.5283479516068634,2.1706076161828687,1.1600761031221445
1.97,-0.0936906572928629,3.085946410604163,-0.5261566362737576,2.1913153331057735,1.1439162269543894
1.971,-0.09060288181356858,3.089584231221436,-0.5239446339314459,2.2120023423117554,1.1439162269543894
1.972,-0.08751152948763812,3.093100080343475,-0.5217119652669373,2.2326686645085316,1.1439162269543894
1.973,-0.08441672235636723,3.0964938191705778,-0.5194586509465542,2.2533143203831107,1.1439162269543894
1.974,-0.08131858259744229,3.099765313723746,-0.5171847116159524,2.2739393306018156,1.1439162269543894
1.975,-0.07821723252011524,3.1029144348499784,-0.5148905136748918,2.294197941060536,1.126627489466123
1.976,-0.07511279456037852,3.105941058227362,-0.512576077381983,2.3144362929087983,1.126627489466123
1.977,-0.07200539127612626,3.10884506436999,-0.5102414229755777,2.3346544064052117,1.126627489466123
1.978,-0.06889514534231941,3.111626338632672,-0.5078865706737896,2.354852301788129,1.126627489466123
1.979,-0.06578217954614095,3.114284771215463,-0.505511540674514,2.375029999275663,1.126627489466123
1.98,-0.062666616782152,3.1168202571679955,-0.5031167211667346,2.394819507779436,1.1082269251524237
1.981,-0.05954858004743495,3.119232696393626,-0.5007021319399598,2.414589226774705,1.1082269251524237
1.982,-0.05642819243674112,3.121521993653385,-0.49826779276390887,2.4343391760509787,1.1082269251524237
1.983,-0.053305577137629546,3.123688058569737,-0.4958137233885309,2.4540693753779763,1.1082269251524237
1.984,-0.050180857425608114,3.1257308056301456,-0.4933399435440253,2.4737798445056467,1.1082269251524237
1.985,-0.047054156659257135,3.1276501541904578,-0.4908468628260306,2.4930807179946406,1.0887326666749797
1.986,-0.043925598275371756,3.129446028478077,-0.4883345005354205,2.5123622906101457,1.0887326666749797
1.987,-0.040795305784079146,3.1311183575949615,-0.4858028759537675,2.531624581653035,1.0887326666749797
1.988,-0.03766340276396692,3.1326670755204216,-0.48325200834336257,2.5508676104048815,1.0887326666749797
1.989,-0.03453001285720277,3.134092121113726,-0.4806819169472346,2.5700913961279763,1.0887326666749797
1.99,-0.031395259764656756,3.1353934381165134,-0.47809303236396355,2.5888845832710827,1.068163926961717
1.991,-0.028259267241012524,3.1365709751550175,-0.4754853733867365,2.607658977227046,1.068163926961717
1.992,-0.025122159089885236,3.1376246857420926,-0.4728589587899475,2.6264145967890533,1.068163926961717
1.993,-0.02198405915893222,3.138554528279048,-0.47021380732921597,2.6451514607314985,1.068163926961717
1.994,-0.01884509133496723,3.1393604660572936,-0.46754993774140596,2.663869587810001,1.068163926961717
1.995,-0.015705379539064302,3.1400424672597853,-0.46486780120357896,2.6821365378269837,1.0465409802396186
1.996,-0.01256504772166909,3.140600504962283,-0.462167415982685,2.700385220893949,1.0465409802396186
1.997,-0.009424219857703746,3.1410345571344154,-0.45944880032740715,2.7186156552778478,1.0465409802396186
1.998,-0.006283019941676158,3.1413446066405433,-0.4567119724681798,2.7368278592273625,1.0465409802396186
1.999,-0.003141571982779525,3.141530641240445,-0.45395695061720687,2.7550218509729274,1.0465409802396186
2.0,-2.4492935982947064e-16,3.141592653589793,-0.4511842060852445,2.772744531962344,1.023885142019473
2.001,0.0031415719827790354,3.141530641240445,-0.4483937565949737,2.790449490270771,1.023885142019473
2.0020000000000002,0.006283019941676556,3.1413446066405433,-0.4455856198513528,2.8081367436208895,1.023885142019473
2.003,0.009424219857704145,3.141034557134415,-0.4427598135416351,2.8258063097176582,1.023885142019473
2.004,0.012565047721668601,3.140600504962283,-0.4399163553353868,2.84345820624833,1.023885142019473
2.005,0.015705379539063813,3.1400424672597853,-0.4370557362123837,2.8606191230031284,1.000218748052338
2.0060000000000002,0.018845091334967628,3.1393604660572936,-0.4341779733335425,2.877762878841172,1.000218748052338
2.007,0.021984059158932614,3.138554528279048,-0.43128308384261915,2.8948894909233776,1.000218748052338
2.008,0.025122159089884747,3.1376246857420926,-0.42837108486622566,2.911998976393501,1.000218748052338
2.009,0.028259267241012034,3.1365709751550175,-0.4254419935138475,2.929091352378154,1.000218748052338
2.0100000000000002,0.03139525976465715,3.1353934381165134,-0.4224963199501761,2.9456735636713463,0.9755651322785172
2.011,0.03453001285720317,3.134092121113726,-0.4195340807574229,2.962239192753245,0.9755651322785172
2.012,0.03766340276396644,3.132667075520422,-0.4165552925012168,2.9787882562060624,0.9755651322785172
2.013,0.04079530578407865,3.1311183575949615,-0.41355997173062137,2.9953207705954266,0.9755651322785172
2.0140000000000002,0.04392559827537216,3.129446028478077,-0.41054813497815096,3.0118367524704013,0.9755651322785172
2.015,0.04705415665925753,3.1276501541904578,-0.4075203110903572,3.0278238877937476,0.949948603790834
2.016,0.05018085742560762,3.125730805630146,-0.4044765160543754,3.0437950359817707,0.949948603790834
2.017,0.05330557713762906,3.123688058569737,-0.4014167658413538,3.0597502130216054,0.949948603790834
2.0180000000000002,0.05642819243674151,3.121521993653385,-0.3983410764064694,3.0756894348844006,0.949948603790834
2.019,0.059548580047435344,3.119232696393626,-0.39524946368894404,3.091612717525333,0.949948603790834
2.02,0.06266661678215152,3.116820257167996,-0.39214247469567953,3.1069889932645074,0.92339442283499
2.021,0.06578217954614046,3.1142847712154635,-0.3890201248029516,3.1223498927279425,0.92339442283499
2.0220000000000002,0.0688951453423198,3.1116263386326715,-0.38588242937165973,3.1376954312919145,0.92339442283499
2.023,0.07200539127612667,3.1088450643699894,-0.38272940374734243,3.1530256243173223,0.92339442283499
2.024,0.07511279456037803,3.1059410582273626,-0.37956106326019273,3.1683404871497047,0.92339442283499
2.025,0.07821723252011475,3.102914434849979,-0.37637797253801275,3.183090722179969,0.8959287758706972
2.0260000000000002,0.08131858259744268,3.099765313723746,-0.3731801463310375,3.1978262069752033,0.8959287758706972
2.027,0.08441672235636674,3.096493819170578,-0.3699675993747519,3.212546956285642,0.8959287758706972
2.028,0.08751152948763764,3.0931000803434756,-0.3667403463899051,3.2272529848467704,0.8959287758706972
2.029,0.0906028818135681,3.0895842312214365,-0.36349840208252576,3.2419443073793377,0.8959287758706972
2.0300000000000002,0.09369065729286243,3.0859464106041634,-0.36024234814445943,3.256053938066323,0.867578749718224
2.031,0.09677473402543005,3.0821867621065873,-0.3569721986853368,3.2701494591226212,0.867578749718224
2.032,0.09985499025720324,3.0783054341531924,-0.35368796780067896,3.284230884657863,0.867578749718224
2.033,0.10293130438494019,3.07430257997216,-0.35038966957191137,3.2982982287675697,0.867578749718224
2.0340000000000003,0.10600355496102752,3.0701783575893185,-0.3470773180663782,3.3123515055331665,0.867578749718224
2.035,0.1090716206982713,3.065932929821908,-0.34375151146625427,3.325806600123952,0.8383723048159215
2.036,0.11213538047469042,3.061566464272146,-0.3404122632266341,3.3392482396201464,0.8383723048159215
2.037,0.11519471333829492,3.057079133320616,-0.33705958678915726,3.3526764374768447,0.8383723048159215
2.0380000000000003,0.11824949851186266,3.052471114119459,-0.33369349558202155,3.3660912071356863,0.8383723048159215
2.039,0.12129961539770383,3.047742588585386,-0.3303140030199967,3.3794925620248693,0.8383723048159215
2.04,0.12434494358242733,3.0428937433924865,-0.32692172318558155,3.392279834415147,0.8083382476151332
2.041,0.12738536284169083,3.037924769964867,-0.3235166688660485,3.4050543195330345,0.8083382476151332
2.0420000000000003,0.1304207531449489,3.0328358644690874,-0.3200988528358827,3.4178160301658043,0.8083382476151332
2.043,0.133450994660188,3.0276272278064273,-0.31666828785679474,3.4305649790879413,0.8083382476151332
2.044,0.13647596775866264,3.0222990656049413,-0.3132249866777336,3.443301179061156,0.8083382476151332
2.045,0.13949555301961447,3.0168515882113507,-0.3097695786758087,3.45540800192489,0.7775062021397545
2.0460000000000003,0.14250963123498858,3.011285010682733,-0.3063020759578429,3.4675027179657603,0.7775062021397545
2.047,0.14551808341413625,3.005599552778041,-0.3028224906185523,3.4795853392905896,0.7775062021397545
2.048,0.1485207907885176,2.9997954389494152,-0.2993308347405582,3.491655877994094,0.7775062021397545
2.049,0.15151763481638694,2.993872898333333,-0.29582712039439935,3.503714346158895,0.7775062021397545
2.05,0.15450849718747262,2.987832164741558,-0.2923119916309718,3.515128763427507,0.745906580738543
2.051,0.15749325982765283,2.9816734766519017,-0.28878545986469295,3.52653176627885,0.745906580738543
2.052,0.16047180490360496,2.9753970771988336,-0.2852475364985656,3.537923366127342,0.745906580738543
2.053,0.16344401482747045,2.969003214163855,-0.2816982329241896,3.5493035743759855,0.745906580738543
2.054,0.16640977226149234,2.9624921399657276,-0.27813756052177324,3.5606724024163805,0.745906580738543
2.055,0.1693689601226462,2.9558641116505093,-0.2745661773806781,3.5713831410951458,0.7135705540590775
2.056,0.17232146158725803,2.9491193908814184,-0.2709840942116429,3.5820831690352324,0.7135705540590775
2.057,0.17526716009562882,2.9422582439284755,-0.2673913217146955,3.592772496947379,0.7135705540590775
2.058,0.1782059393566245,2.935280941658015,-0.26378787057916386,3.6034511355316132,0.7135705540590775
2.059,0.18113768335227345,2.92818775952198,-0.2601737514836866,3.614119095477263,0.7135705540590775
2.06,0.18406227634233857,2.9209789775470654,-0.25654963590689933,3.6241155767872457,0.680530020272991
2.061,0.18697960286889964,2.913654880323633,-0.2529155338452834,3.634102061615918,0.680530020272991
2.062,0.1898895477608998,2.906215756994501,-0.24927145528532366,3.644078559959762,0.680530020272991
2.063,0.19279199613869816,2.898661901243519,-0.2456174102035184,3.654045081805262,0.680530020272991
2.064,0.1956868334186009,2.890993611283983,-0.2419534085663895,3.6640016371289166,0.680530020272991
2.065,0.19857394531738984,2.883211189846847,-0.23828013457942604,3.6732739869634465,0.6468175735829378
2.066,0.20145321785683068,2.875314944168784,-0.23459759751497788,3.682537064448142,0.6468175735829378
2.067,0.2043245373681745,2.8673051859800514,-0.23090580663612253,3.6917908788553526,0.6468175735829378
2.068,0.20718779049664188,2.859182231492191,-0.22720477119667437,3.701035439448156,0.6468175735829378
2.069,0.21004286420590276,2.850946401385535,-0.223494500441194,3.7102707554803667,0.6468175735829378
2.07,0.21288964578253577,2.842598020796555,-0.2197756906270283,3.7188098141657324,0.6124664720423161
2.071,0.21572802284047957,2.834137419305019,-0.21604835029323588,3.727340333792413,0.6124664720423161
2.072,0.21855788332546636,2.8255649309209914,-0.21231248797033642,3.735862322899467,0.6124664720423161
2.073,0.2213791155194505,2.816880894071633,-0.208568112180319,3.744375790017414,0.6124664720423161
2.074,0.22419160804501567,2.80808565158785,-0.20481523143665076,3.7528807436682428,0.6124664720423161
2.075,0.22699524986977357,2.799179550690752,-0.2010545533616318,3.7606780750189666,0.5775106047196015
2.076,0.22978993031074393,2.790162942977959,-0.19728608575259346,3.7684676090383395,0.5775106047196015
2.077,0.232575539038729,2.7810361844097007,-0.19350983639906977,3.7762493535236934,0.5775106047196015
2.078,0.23535196608266593,2.771799635294779,-0.1897258130828052,3.7840233162645616,0.5775106047196015
2.079,0.2381191018339698,2.7624536602763343,-0.1859340235777625,3.791789505042689,0.5775106047196015
2.08,0.24087683705085772,2.752998628317463,-0.18213518617306007,3.79883740470244,0.5419844582396726
2.081,0.24362506286266608,2.743434912686634,-0.17832930791659754,3.8058782564625306,0.5419844582396726
2.082,0.24636367077414553,2.7337628909429657,-0.17451639584922668,3.8129120673708616,0.5419844582396726
2.083,0.24909255266974575,2.7239829449213118,-0.17069645700475838,3.8199388444682842,0.5419844582396726
2.084,0.2518116008178806,2.7140954607172008,-0.16686949840996979,3.8269585947886093,0.5419844582396726
2.085,0.25452070787518566,2.7041008286715766,-0.16303624831212127,3.833250097848525,0.505923082735201
2.086,0.2572197668907523,2.693999443355402,-0.1591967130027159,3.8395353094053806,0.505923082735201
2.087,0.25990867131035517,2.6837917035540606,-0.15535089876696523,3.8458142357506793,0.505923082735201
2.088,0.26258731498064813,2.673478012251656,-0.1514988118837956,3.8520868831696324,0.505923082735201
2.089,0.26525559215336636,2.663058776615058,-0.14764045862585443,3.858353257941167,0.505923082735201
2.09,0.2679133974894975,2.6525344079778437,-0.14377657648002637,3.8638821458280597,0.4693620572417069
2.091,0.27056062606343845,2.641905321824063,-0.1399071709751993,3.869405504827066,0.4693620572417069
2.092,0.2731971733671349,2.6311719377718488,-0.13603224763473223,3.874923340467073,0.4693620572417069
2.093,0.27582293531421453,2.620334679556823,-0.13215181197646078,3.8804356582714403,0.4693620572417069
2.094,0.2784378082440933,2.6093939750153763,-0.12826586951270277,3.885942463758003,0.4693620572417069
2.095,0.2810416889260659,2.5983502560677882,-0.12437516624231712,3.8907032703856546,0.43233745457047285
2.096,0.2836344745633779,2.5872039587011884,-0.12047970692611044,3.8954593162066784,0.43233745457047285
2.097,0.286216062797295,2.575955522952298,-0.11657949632012857,3.900210605981881,0.43233745457047285
2.098,0.2887863517111332,2.5646053928901043,-0.11267453917566125,3.904957144467309,0.43233745457047285
2.099,0.29134523983428795,2.5531540165983038,-0.108764840239247,3.909698936414251,0.43233745457047285
2.1,0.29389262614623635,2.541601846157631,-0.10485115328565528,3.9136869535917165,0.39488580569398063
2.101,0.2964284100805293,2.529949337627991,-0.10093348230290328,3.9176709827520044,0.39488580569398063
2.102,0.2989524915287589,2.518196951030469,-0.09701183127502014,3.921651027883132,0.39488580569398063
2.103,0.3014647708445124,2.506345150329161,-0.093086204182051,3.9256270929691284,0.39488580569398063
2.104,0.3039651488473026,2.4943944034128713,-0.08915660500006097,3.9295991819900387,0.39488580569398063
2.105,0.30645352682648797,2.4823451820766222,-0.08522379453597934,3.93281046408163,0.35704406367907293
2.106,0.3089298065451668,2.4701979620030405,-0.0812877760010882,3.93601853489113,0.35704406367907293
2.107,0.3113938902440564,2.4579532227435723,-0.07734855260345838,3.9392233976298203,0.35704406367907293
2.108,0.31384568064535023,2.445611447699563,-0.07340612754795262,3.942425055505772,0.35704406367907293
2.109,0.31628508095656205,2.4331731241031567,-0.06946050403622876,3.9456235117238476,0.35704406367907293
2.11,0.31871199487434454,2.42063874299807,-0.06551244915667256,3.948054879556192,0.3188495672034134
2.111,0.3211263265882924,2.4080087992202035,-0.06156196534065186,3.950483816020704,0.3188495672034134
2.112,0.3235279807847222,2.395283791378119,-0.0576090550171031,3.9529103235487515,0.3188495672034134
2.113,0.3259168626504393,2.382464221833334,-0.05365372061253383,3.955334404569271,0.3188495672034134
2.114,0.328292877876478,2.369550596680503,-0.04969596455102506,3.95775606150877,0.3188495672034134
2.115,0.3306559326618262,2.356543425727432,-0.04573655944550398,3.9594051055210873,0.2803400036913011
2.116,0.33300593371712595,2.3434432224749653,-0.041775506945014584,3.961052500489392,0.2803400036913011
2.117,0.33534278826836,2.3302505040966928,-0.037812808696951854,3.9626982480627286,0.2803400036913011
2.118,0.33766640406051207,2.3169657914185473,-0.033848466347063365,3.9643423498884918,0.2803400036913011
2.119,0.33997668936120995,2.303589608898233,-0.029882481539450938,3.965984807612429,0.2803400036913011
2.12,0.34227355296434453,2.2901224846045403,-0.02591563164920402,3.9668498902469214,0.24155337210522432
2.121,0.3445569041936743,2.2765649501964735,-0.021947917541405237,3.9677141077987788,0.24155337210522432
2.122,0.34682665290640174,2.26291754090228,-0.017979340080272153,3.9685774611330844,0.24155337210522432
2.123,0.34908270949673675,2.2491807954982956,-0.014009900129158096,3.969439951114056,0.24155337210522432
2.124,0.3513249848994249,2.2353552562877277,-0.01003959855055305,3.970301578605046,0.24155337210522432
2.125,0.3535533905932739,2.221441469079182,-0.00606921671461801,3.970381835935039,0.20252794542989472
2.126,0.355767838604642,2.2074399831651585,-0.0020987547016103085,3.970462013007702,0.20252794542989472
2.1270000000000002,0.35796824151091605,2.1933513513003304,0.0018717874082929842,3.9705421099032923,0.20252794542989472
2.128,0.3601545124439538,2.17917612967978,0.005842409534994971,3.9706221267019868,0.20252794542989472
2.129,0.3623265650935229,2.1649148779169813,0.009813111598478853,3.9707020634838828,0.20252794542989472
2.13,0.3644843137107052,2.150568159021726,0.013783109004556968,3.969997406078115,0.1633022328858057
2.1310000000000002,0.3666276731112805,2.136136539377907,0.017752402457886722,3.969293453329753,0.1633022328858057
2.132,0.36875655867908674,2.1216205887211768,0.021720992662420863,3.9685902045341392,0.1633022328858057
2.133,0.37087088636936927,2.107020880116397,0.025688880321408182,3.9678876589873213,0.1633022328858057
2.134,0.3729705727120906,2.0923379899350674,0.029656066137394233,3.96718581598605,0.1633022328858057
2.1350000000000002,0.37505553481523035,2.077572497832543,0.033621763066402494,3.9656969290082564,0.12391494190962016
2.136,0.37712569036805177,2.062724986725191,0.03758597259731993,3.9642095309174405,0.12391494190962016
2.137,0.37918095764436066,2.0477960427673096,0.041548696217544645,3.9627236202247156,0.12391494190962016
2.138,0.38122125550572356,2.0327862553280487,0.045509935412987326,3.9612391954426833,0.12391494190962016
2.1390000000000002,0.383246503404675,2.01769621696811,0.04946969166807276,3.959756255085433,0.12391494190962016
2.14,0.38525662138789457,2.0025265234163796,0.053427176265701884,3.9574845976291257,0.08440493993892773
2.141,0.38725153009936675,1.9872777735463791,0.05738239147753216,3.955215211830275,0.08440493993892773
2.142,0.3892311507835114,1.9719505693526436,0.06133533957294938,3.952948095417223,0.08440493993892773
2.1430000000000002,0.3911954052882942,1.9565455159269458,0.06528602281906996,3.9506832461205845,0.08440493993892773
2.144,0.39314421606830946,1.9410632214344263,0.0692344434807432,3.9484206616732425,0.08440493993892773
2.145,0.3950775061878451,1.925504297089557,0.07317981194607555,3.945368465332351,0.04481121603909821
2.146,0.3969951993239174,1.90986935713203,0.07712213126726335,3.9423193211878007,0.04481121603909821
2.1470000000000002,0.3988972197692857,1.8941590188024995,0.08106140449345074,3.939273226187395,0.04481121603909821
2.148,0.40078349243543837,1.8783739023182304,0.08499763467073274,3.9362301772819897,0.04481121603909821
2.149,0.40265394285556094,1.8625146308485891,0.08893082484215822,3.9331901714254895,0.04481121603909821
2.15,0.40450849718747356,1.8465818304904582,0.0928601852802605,3.9293604381022664,0.005172842410121281
2.1510000000000002,0.4063470822165472,1.830576130243509,0.09678571981477287,3.9255345345123667,0.005172842410121281
2.152,0.4081696253585921,1.814498161985391,0.10070743227159892,3.921712456826057,0.005172842410121281
2.153,0.4099760546627262,1.7983485604467562,0.10462532647281636,3.9178942012174334,0.005172842410121281
2.154,0.4117662988142136,1.782127963186221,0.10853940623668078,3.9140797638644185,0.005172842410121281
2.1550000000000002,0.4135402871372812,1.7658370105651864,0.11244888249949755,3.9094762628167827,-0.03447106418856882
2.156,0.4152979495979065,1.7494763457225766,0.11635375986476774,3.9048773652701945,-0.03447106418856882
2.157,0.4170392168065857,1.733046614549421,0.1202540429313889,3.900283066621153,-0.03447106418856882
2.158,0.4187640200210703,1.716548465663379,0.12414973629365966,3.8956933622707606,-0.03447106418856882
2.1590000000000003,0.4204722911490849,1.6999825503831,0.1280408445412844,3.8911082476247185,-0.03447106418856882
2.16,0.42216396275100776,1.6833495227025776,0.13192658005304034,3.88573551175595,-0.07408138105719553
2.161,0.42383896804254173,1.666650039265255,0.1358069482016634,3.88036814862305,-0.07408138105719553
2.162,0.4254972408973455,1.6498847593381492,0.13968195435451666,3.8750061528532833,-0.07408138105719553
2.1630000000000003,0.42713871584964797,1.6330543447857855,0.14355160387359595,3.869649519079286,-0.07408138105719553
2.164,0.42876332809682643,1.616159460044136,0.147415902115535,3.864298241939063,-0.07408138105719553
2.165,0.43037101350197154,1.5992007720943169,0.15127406367886853,3.8581615633335127,-0.11361901818055076
2.166,0.4319617085964173,1.5821789504362813,0.1551260947002751,3.8520310214065683,-0.11361901818055076
2.1670000000000003,0.43353535058224546,1.5650946670623969,0.15897200131029665,3.845906610021551,-0.11361901818055076
2.168,0.43509187733476273,1.5479485964309427,0.16281178963334456,3.839788323047918,-0.11361901818055076
2.169,0.43663122740495985,1.5307414154394094,0.1666454657877058,3.8336761543612594,-0.11361901818055076
2.17,0.4381533400219315,1.5134738033978437,0.1704722473667763,3.8267815790704867,-0.15304495682057329
2.1710000000000003,0.4396581550952786,1.4961464420019919,0.1742921412651313,3.8198938983550046,-0.15304495682057329
2.172,0.4411456132174766,1.4787600153064377,0.17810515437045152,3.813013105320238,-0.15304495682057329
2.173,0.44261565566622746,1.4613152096975173,0.18191129356353003,3.8061391930785065,-0.15304495682057329
2.174,0.444068224406772,1.4438127138662902,0.18571056571827904,3.7992721547490165,-0.15304495682057329
2.1750000000000003,0.445503262094184,1.4262532187813182,0.18950219219511255,3.7916264768334975,-0.19232028803849943
2.176,0.4469207120756319,1.4086374176614103,0.19328618063970845,3.7839884445958942,-0.19232028803849943
2.177,0.44832051839261783,1.3909660059482265,0.197062538690099,3.7763580503905283,-0.19232028803849943
2.178,0.4497026257831853,1.3732396812788434,0.20083127397667835,3.7687352865793677,-0.19232028803849943
2.179,0.45106697968410114,1.3554591434582064,0.20459239412221036,3.7611201455320185,-0.19232028803849943
2.18,0.4524135262330098,1.3376250944314982,0.20834512502257468,3.7527309003643152,-0.23140625110855717
2.181,0.45374221227055844,1.3197382382564482,0.21208947506701648,3.74435004444178,-0.23140625110855717
2.182,0.4550529853424977,1.3017992810755055,0.21582545263639163,3.735977569375167,-0.23140625110855717
2.183,0.4563457937017512,1.2838089310879834,0.21955306610317527,3.727613466783621,-0.23140625110855717
2.184,0.4576205863104589,1.2657678985220897,0.22327232383146994,3.719257728294666,-0.23140625110855717
2.185,0.45887731284199057,1.2476768956069093,0.2269824570166006,3.710133185130666,-0.2702642717852858
2.186,0.4601159236829351,1.2295366365442555,0.23068347478311044,3.7010177665098296,-0.2702642717852858
2.187,0.4613363699350573,1.2113478374804947,0.23437538624641804,3.691911463307614,-0.2702642717852858
2.188,0.46253860341722913,1.193111216478265,0.23805820051282664,3.682814266408601,-0.2702642717852858
2.189,0.4637225766673307,1.1748274934881473,0.24173192667953314,3.6737261667064867,-0.2702642717852858
2.19,0.4648882429441257,1.1564973903202136,0.2453958020000652,3.6638753205320462,-0.3088560003866968
2.191,0.46603555622910503,1.138121630615556,0.24904983632526898,3.65403432520378,-0.3088560003866968
2.192,0.4671644712283062,1.1197009398176823,0.25269403949613983,3.6442031708708424,-0.3088560003866968
2.193,0.46827494337409625,1.1012360451439505,0.25632842134383205,3.6343818476922376,-0.3088560003866968
2.194,0.46936692882693704,1.082727675556774,0.25995299168966884,3.6245703458368115,-0.3088560003866968
2.195,0.4704403844771124,1.0641765617348988,0.2635669945981667,3.614002908497861,-0.3471433496556867
2.196,0.47149526794643243,1.0455834360445129,0.26717044063676293,3.6034460385962497,-0.3471433496556867
2.197,0.4725315375899025,1.0269490325104078,0.27076334036232746,3.5928997255645396,-0.3471433496556867
2.198,0.4735491524973719,1.0082740867869229,0.27434570432117333,3.5823639588458613,-0.3471433496556867
2.199,0.47454807249514697,0.9895593361289282,0.27791754304906724,3.5718387278939017,-0.3471433496556867
2.2,0.475528258147577,0.9708055193627295,0.281478108167586,3.560565118518761,-0.3850885323623321
2.201,0.47648967075860926,0.9520133768569277,0.285027410950339,3.5493027827529957,-0.3850885323623321
2.202,0.4774322723733213,0.9331836504931101,0.288565462659662,3.538051709322996,-0.3850885323623321
2.203,0.478356025779415,0.9143170836366374,0.2920922745466284,3.5268118869664264,-0.3850885323623321
2.204,0.47926089450868814,0.8954144211072537,0.2956078578510606,3.5155833044322136,-0.3850885323623321
2.205,0.4801468428384714,0.8764764091497358,0.2991114724902162,3.503614639155583,-0.42265409860992165
2.206,0.4810138357930428,0.8575037954043472,0.30260313043276044,3.491657942544229,-0.42265409860992165
2.207,0.48186183914500463,0.8384973288773978,0.3060828436353899,3.4797132026294864,-0.42265409860992165
2.208,0.48269081941663694,0.8194577599116364,0.30955062404284456,3.4677804074546583,-0.42265409860992165
2.209,0.48350074388121744,0.8003858401566554,0.31300648358791955,3.4558595450750054,-0.42265409860992165
2.21,0.4842915805643154,0.7812823225391851,0.3164496912139933,3.443207626073771,-0.45980297280795424
2.211,0.4850632982450528,0.7621479612333906,0.3198802595729848,3.4305683589915383,-0.45980297280795424
2.212,0.485815866457337,0.7429835116310876,0.3232982013041612,3.4179417311763878,-0.45980297280795424
2.213,0.48654925549106326,0.7237897303119422,0.32670352903415023,3.405327729989052,-0.45980297280795424
2.214,0.4872634363932885,0.7045673750135707,0.33009625537695314,3.392726342802904,-0.45980297280795424
2.215,0.4879583809693736,0.6853172046016461,0.3334756590236077,3.3794036466545903,-0.4964984902755364
2.216,0.48863406178409674,0.6660399790399297,0.33684175329681015,3.366094273202425,-0.4964984902755364
2.217,0.48929045216273603,0.6467364593602891,0.34019455150593386,3.352798209123712,-0.4964984902755364
2.218,0.4899275261921234,0.6274074076326233,0.3435340669470429,3.3395154411090777,-0.4964984902755364
2.219,0.49054525872166693,0.6080535869347976,0.34686031290290537,3.3262459558624577,-0.4964984902755364
2.22,0.4911436253643444,0.5886757613225089,0.3501725785241432,3.312265621237813,-0.5327044334391066
2.221,0.49172260249766486,0.5692746957991428,0.353470877791091,3.2982992669477933,-0.5327044334391066
2.222,0.49228216726460267,0.5498511562855412,0.35675522467010307,3.2843468790120633,-0.5327044334391066
2.223,0.49282229757449897,0.5304059095897853,0.36002563311356733,3.270408443464269,-0.5327044334391066
2.224,0.4933429721039341,0.5109397233769136,0.36328211705991936,3.2564839463520228,-0.5327044334391066
2.225,0.4938441702975689,0.49145336613863755,0.36652397682097326,3.2418597610538966,-0.5683850675887165
2.226,0.494325872368957,0.47194760716296924,0.36975122702091434,3.2272501999410683,-0.5683850675887165
2.227,0.4947880593013253,0.45242321650387946,0.3729638822693037,3.212655248389353,-0.5683850675887165
2.228,0.49523071284832565,0.43288096495085815,0.3761619571610929,3.1980748917891892,-0.5683850675887165
2.229,0.4956538155347533,0.4133216239985625,0.3793454662766385,3.183509115545626,-0.5683850675887165
2.23,0.49605735065723894,0.3937459658162714,0.38251372177954546,3.168255502906928,-0.6035051761576055
2.231,0.49644130228490674,0.3741547632174565,0.38566673892342634,3.1530171438808687,-0.6035051761576055
2.232,0.49680565526000425,0.3545487896292287,0.3888045329466402,3.1377940232138357,-0.6035051761576055
2.233,0.49715039519849946,0.3349288190618822,0.39192711907230765,3.12258612566747,-0.6035051761576055
2.234,0.49747550849065003,0.31529562607825473,0.3950345125083263,3.10739343601865,-0.6035051761576055
2.235,0.49778098230153994,0.2956499857631767,0.3981260379489991,3.0915254406728274,-0.6380300954902147
2.236,0.4980668045715863,0.27599267369288344,0.40120171126232146,3.0756733133223504,-0.6380300954902147
2.237,0.49833296401701493,0.25632446590442465,0.40426154830042066,3.0598370380992237,-0.6380300954902147
2.238,0.4985794501303069,0.23664613886494415,0.407305564899572,3.04401659915132,-0.6380300954902147
2.239,0.49880625318061256,0.21695846944110442,0.41033377688021433,3.0282119806423644,-0.6380300954902147
2.24,0.49901336421413583,0.19726223486837235,0.41334552213389475,3.0117452536804348,-0.6719257490643546
2.241,0.4992007750544875,0.1775582127203915,0.4163408171273402,2.995294993445467,-0.6719257490643546
2.242,0.49936847830300873,0.1578471808781952,0.41931967831081096,2.9788611834707344,-0.6719257490643546
2.243,0.49951646733906235,0.13812991749957548,0.42228212211811694,2.9624438073059767,-0.6719257490643546
2.244,0.4996447363202946,0.11840720098832362,0.42522816496663435,2.9460428485173837,-0.6719257490643546
2.245,0.4997532801828658,0.09867980996352792,0.42815715859868053,2.9289936320461925,-0.7051586811336938
2.246,0.49984209464164997,0.07894852322880176,0.431069120063472,2.911961464791472,-0.7051586811336938
2.247,0.4999111761904045,0.059214119741560045,0.433964066393176,2.894946329704007,-0.7051586811336938
2.248,0.49996052210190806,0.03947737858225617,0.4368420146029276,2.877948209751629,-0.7051586811336938
2.249,0.49999013042806856,0.019739078923647544,0.4397029816908468,2.8609670879192035,-0.7051586811336938
2.25,0.5,1.7313036243496109e-15,0.44254633388988296,2.843352199036135,-0.7376960897574542
2.251,0.49999013042806856,-0.01973907892364408,0.4453720888149249,2.8257549250419496,-0.7376960897574542
2.2520000000000002,0.49996052210190806,-0.03947737858225829,0.4481802640632467,2.8081752483217586,-0.7376960897574542
2.253,0.4999111761904045,-0.059214119741556576,0.45097087721452495,2.7906131512782877,-0.7376960897574542
2.254,0.49984209464164997,-0.07894852322879829,0.4537439458308568,2.7730686163318605,-0.7376960897574542
2.255,0.4997532801828658,-0.09867980996352446,0.45649885126138867,2.754905430531837,-0.7695058591845975
2.2560000000000002,0.4996447363202946,-0.11840720098832573,0.45923561166930627,2.736760407917613,-0.7695058591845975
2.257,0.49951646733906235,-0.138129917499572,0.46195424519963224,2.718633530326003,-0.7695058591845975
2.258,0.49936847830300873,-0.15784718087819175,0.4646547699792442,2.7005247796119853,-0.7695058591845975
2.259,0.4992007750544875,-0.17755821272038802,0.4673372041168929,2.6824341376486815,-0.7695058591845975
2.2600000000000002,0.4990133642141358,-0.19726223486838007,0.47000094468857273,2.66374057167982,-0.8005565915606327
2.261,0.4988062531806126,-0.21695846944110098,0.47264601038784965,2.6450656992769277,-0.8005565915606327
2.262,0.49857945013030697,-0.2366461388649407,0.47527241988959607,2.626409501746438,-0.8005565915606327
2.263,0.49833296401701493,-0.2563244659044212,0.4778801918500095,2.607771960413479,-0.8005565915606327
2.2640000000000002,0.4980668045715862,-0.2759926736928911,0.48046934490663135,2.589153056621853,-0.8005565915606327
2.265,0.49778098230154,-0.29564998576317325,0.48303929245743804,2.5699475508067176,-0.8308176379256906
2.266,0.4974755084906501,-0.3152956260782513,0.48559005370793545,2.550761250497397,-0.8308176379256906
2.267,0.4971503951984996,-0.33492881906187877,0.48812164784442386,2.531594136488386,-0.8308176379256906
2.2680000000000002,0.49680565526000414,-0.35454878962923636,0.49063409403401725,2.512446189593384,-0.8308176379256906
2.269,0.4964413022849068,-0.37415476321745306,0.49312741142466254,2.493317390645277,-0.8308176379256906
2.27,0.496057350657239,-0.3937459658162679,0.4956010303153477,2.4736188906851653,-0.8602591284733104
2.271,0.4956538155347534,-0.4133216239985591,0.4980549704045727,2.453940089225014,-0.8602591284733104
2.2720000000000002,0.4952307128483255,-0.4328809649508657,0.500489251371139,2.4342809665663228,-0.8602591284733104
2.273,0.4947880593013254,-0.45242321650387607,0.5029038928741693,2.4146415030302903,-0.8602591284733104
2.274,0.4943258723689571,-0.4719476071629658,0.505298914553127,2.395021678957794,-0.8602591284733104
2.275,0.493844170297569,-0.49145336613863416,0.507673764170365,2.374849617238035,-0.8888520020400444
2.2760000000000002,0.4933429721039339,-0.5109397233769213,0.510028461897945,2.354697727579996,-0.8888520020400444
2.277,0.4928222975744991,-0.5304059095897818,0.5123630278877567,2.3345659898116153,-0.8888520020400444
2.278,0.4922821672646028,-0.5498511562855378,0.5146774822715376,2.314454383781003,-0.8888520020400444
2.279,0.491722602497665,-0.5692746957991395,0.5169718451608941,2.294362889356421,-0.8888520020400444
2.2800000000000002,0.4911436253643443,-0.5886757613225109,0.5192455823266653,2.273737165771129,-0.9165680347967792
2.281,0.49054525872166704,-0.6080535869347943,0.5214987143945747,2.2531320679094224,-0.9165680347967792
2.282,0.4899275261921235,-0.6274074076326198,0.5237312619697203,2.2325475751455772,-0.9165680347967792
2.283,0.48929045216273614,-0.6467364593602858,0.5259432456365948,2.211983666874496,-0.9165680347967792
2.2840000000000003,0.4886340617840967,-0.6660399790399317,0.5281346859591065,2.191440322511686,-0.9165680347967792
2.285,0.4879583809693737,-0.6853172046016429,0.5303050672439334,2.170381284826905,-0.9433798681134641
2.286,0.4872634363932886,-0.7045673750135674,0.5324544105501132,2.149343306179809,-0.9433798681134641
2.287,0.48654925549106337,-0.7237897303119388,0.5345827369156246,2.12832636551136,-0.9433798681134641
2.2880000000000003,0.4858158664573369,-0.7429835116310896,0.5366900673574082,2.107330441783579,-0.9433798681134641
2.289,0.4850632982450529,-0.7621479612333872,0.5387764228713877,2.0863555139795262,-0.9433798681134641
2.29,0.4842915805643156,-0.7812823225391818,0.5408413068091419,2.0648839377541517,-0.9692610355697566
2.291,0.4835007438812176,-0.800385840156652,0.5428847406422469,2.0434338331050026,-0.9692610355697566
2.2920000000000003,0.48269081941663683,-0.8194577599116385,0.5449067458208074,2.0220051785605024,-0.9692610355697566
2.293,0.4818618391450048,-0.8384973288773945,0.546907343773478,2.000597952670547,-0.9692610355697566
2.294,0.48101383579304297,-0.8575037954043438,0.5488865559074846,1.9792121340064812,-0.9692610355697566
2.295,0.4801468428384716,-0.8764764091497325,0.5508439051095754,1.957349202090777,-0.9941859890848901
2.2960000000000003,0.4792608945086878,-0.8954144211072611,0.5527794132426823,1.9355081331069883,-0.9941859890848901
2.297,0.47835602577941516,-0.9143170836366341,0.5546931021478745,1.9136889051921835,-0.9941859890848901
2.298,0.4774322723733215,-0.9331836504931068,0.5565849936443797,1.8918914965052935,-0.9941859890848901
2.299,0.47648967075860943,-0.9520133768569243,0.5584551095296069,1.8701158852270905,-0.9941859890848901
2.3000000000000003,0.4755282581475766,-0.9708055193627368,0.5603029926964659,1.8478831668590432,-1.0181301241410088
2.301,0.4745480724951472,-0.9895593361289249,0.5621286653776753,1.825672681209364,-1.0181301241410088
2.302,0.47354915249737206,-1.0082740867869195,0.5639321497837206,1.8034844060453346,-1.0181301241410088
2.303,0.4725315375899027,-1.0269490325104047,0.5657134681028771,1.781318319156469,-1.0181301241410088
2.3040000000000003,0.471495267946432,-1.0455834360445202,0.5674726425012316,1.7591743983544923,-1.0181301241410088
2.305,0.47044038447711256,-1.0641765617348957,0.5692092363291062,1.7365938278746367,-1.0410698040750546
2.306,0.46936692882693726,-1.082727675556771,0.5709232721670715,1.714035837965261,-1.0410698040750546
2.307,0.4682749433740964,-1.1012360451439471,0.5726147725731173,1.6915004060457945,-1.0410698040750546
2.308,0.46716447122830634,-1.1197009398176792,0.5742837600826756,1.6689875095582476,-1.0410698040750546
2.309,0.46603555622910525,-1.1381216306155528,0.5759302572086428,1.6464971259671883,-1.0410698040750546
2.31,0.4648882429441259,-1.1564973903202103,0.5775538481898157,1.6235909811729161,-1.0629823834152532
2.311,0.4637225766673309,-1.174827493488144,0.5791545559323391,1.6007077425234382,-1.0629823834152532
2.312,0.46253860341722935,-1.1931112164782618,0.5807324033194518,1.5778473871126097,-1.0629823834152532
2.313,0.4613363699350575,-1.2113478374804916,0.5822874132115089,1.555009892057192,-1.0629823834152532
2.314,0.4601159236829353,-1.2295366365442524,0.5838196084460058,1.5321952344968297,-1.0629823834152532
2.315,0.4588773128419908,-1.2476768956069062,0.5853285945606633,1.5089861146575498,-1.0838462302391507
2.316,0.4576205863104591,-1.2657678985220866,0.5868143947646014,1.4858002039381093,-1.0838462302391507
2.317,0.45634579370175143,-1.28380893108798,0.5882770322437307,1.4626374791293881,-1.0838462302391507
2.318,0.45505298534249794,-1.3017992810755024,0.5897165301607762,1.4394979170454758,-1.0838462302391507
2.319,0.45374221227055866,-1.319738238256445,0.5911329116552998,1.4163814945236473,-1.0838462302391507
2.32,0.45241352623301007,-1.3376250944314951,0.5925258039533783,1.3928922980785012,-1.1036407475311223
2.321,0.45106697968410137,-1.3554591434582033,0.5938952305442081,1.3694265908298002,-1.1036407475311223
2.322,0.4497026257831856,-1.3732396812788403,0.5952412148934965,1.345984349288348,-1.1036407475311223
2.323,0.4483205183926181,-1.3909660059482236,0.5965637804434849,1.3225655499884372,-1.1036407475311223
2.324,0.4469207120756321,-1.408637417661407,0.5978629506129727,1.2991701694878264,-1.1036407475311223
2.325,0.44550326209418384,-1.42625321878132,0.5991383746844207,1.275424071447972,-1.1223463935183216
2.326,0.4440682244067723,-1.443812713866287,0.6003900764039268,1.2517017195061577,-1.1223463935183216
2.327,0.44261565566622774,-1.4613152096975142,0.6016180794938432,1.228003089916285,-1.1223463935183216
2.328,0.44114561321747686,-1.4787600153064346,0.6028224076527992,1.2043281589560024,-1.1223463935183216
2.329,0.439658155095278,-1.4961464420019985,0.6040030845557258,1.18067690292668,-1.1223463935183216
2.33,0.43815334002193174,-1.5134738033978403,0.6051597818877302,1.1566973320044545,-1.1399447009649442
2.331,0.43663122740496013,-1.5307414154394063,0.6062925236283834,1.132741740653151,-1.1399447009649442
2.332,0.435091877334763,-1.5479485964309398,0.6074013337332765,1.108810104893199,-1.1399447009649442
2.333,0.43353535058224485,-1.5650946670624035,0.6084862361340455,1.084902400769007,-1.1399447009649442
2.334,0.4319617085964176,-1.5821789504362782,0.6095472547383944,1.061018604348939,-1.1399447009649442
2.335,0.4303710135019718,-1.5992007720943142,0.6105840839582309,1.0368292198364735,-1.156418295405821
2.336,0.4287633280968267,-1.616159460044133,0.6115967479829395,1.0126640247085206,-1.156418295405821
2.337,0.42713871584964735,-1.6330543447857921,0.6125852709777152,0.9885229947756956,-1.156418295405821
2.338,0.4254972408973458,-1.649884759338146,0.613549677083588,0.9644061058728035,-1.156418295405821
2.339,0.42383896804254206,-1.6666500392652523,0.6144899904174468,0.9403133338588143,-1.156418295405821
2.34,0.4221639627510081,-1.6833495227025745,0.6154059284197257,0.9159380022789296,-1.171750912301294
2.341,0.42047229114908424,-1.6999825503831063,0.6162975154657564,0.8915870460306248,-1.171750912301294
2.342,0.41876402002107066,-1.716548465663376,0.617164775906495,0.8672604407385682,-1.171750912301294
2.343,0.41703921680658596,-1.733046614549418,0.6180077340685468,0.8429581620518037,-1.171750912301294
2.344,0.41529794959790683,-1.7494763457225737,0.6188264142541905,0.818680185643726,-1.171750912301294
2.345,0.4135402871372805,-1.7658370105651928,0.6196205572113866,0.7941429571961524,-1.1859274130964956
2.346,0.41176629881421395,-1.7821279631862184,0.6203901874773636,0.7696302659770263,-1.1859274130964956
2.347,0.4099760546627265,-1.7983485604467533,0.6211353295648128,0.7451420874491194,-1.1859274130964956
2.348,0.4081696253585924,-1.8144981619853882,0.6218560079619125,0.7206783970997404,-1.1859274130964956
2.349,0.40634708221654703,-1.8305761302435108,0.6225522471323532,0.6962391704407107,-1.1859274130964956
2.35,0.4045084971874739,-1.8465818304904553,0.6232238113876202,0.6715642552668878,-1.1989338001691086
2.351,0.4026539428555613,-1.8625146308485865,0.6238707254026284,0.6469140150082388,-1.1989338001691086
2.352,0.4007834924354387,-1.8783739023182278,0.6244930138276183,0.6222884249898484,-1.1989338001691086
2.353,0.3988972197692855,-1.8941590188025008,0.6250907012881798,0.5976874605614764,-1.1989338001691086
2.354,0.39699519932391775,-1.909869357132027,0.6256638123852774,0.5731110970975327,-1.1989338001691086
2.355,0.39507750618784543,-1.9255042970895544,0.6262121352266647,0.5483228413874154,-1.21075723065099
2.356,0.3931442160683098,-1.9410632214344234,0.6267356946005977,0.5235593739330082,-1.21075723065099
2.357,0.391195405288294,-1.9565455159269476,0.6272345152705439,0.4988206699460554,-1.21075723065099
2.358,0.3892311507835118,-1.971950569352641,0.6277086219752069,0.4741067046630895,-1.21075723065099
2.359,0.3872515300993671,-1.9872777735463762,0.6281580394285523,0.4494174533454066,-1.21075723065099
2.36,0.3852566213878949,-2.002526523416377,0.6285825797438622,0.4245403153098642,-1.22138602910985
2.361,0.38324650340467475,-2.017696216968112,0.6289822677982746,0.39968805441235733,-1.22138602910985
2.362,0.38122125550572394,-2.032786255328046,0.6293571284440503,0.37486064577574796,-1.22138602910985
2.363,0.379180957644361,-2.047796042767307,0.6297071865085981,0.3500580645477752,-1.22138602910985
2.364,0.37712569036805216,-2.0627249867251884,0.6300324667944992,0.3252802859010304,-1.22138602910985
2.365,0.3750555348152296,-2.077572497832549,0.6303328056061328,0.30033881163355713,-1.230809699078613
2.366,0.37297057271209094,-2.0923379899350647,0.6306082278849732,0.2754222788403513,-1.230809699078613
2.367,0.37087088636936966,-2.1070208801163943,0.6308587585475531,0.2505306625799387,-1.230809699078613
2.368,0.36875655867908713,-2.1216205887211745,0.6310844224854889,0.2256639379357865,-1.230809699078613
2.369,0.3666276731112797,-2.136136539377912,0.6312852445655052,0.20082208001627846,-1.230809699078613
2.37,0.36448431371070555,-2.150568159021723,0.631461085444773,0.1758408792678422,-1.2390189334209998
2.371,0.3623265650935233,-2.1649148779169782,0.6316119701044931,0.15088465972015436,-1.2390189334209998
2.372,0.3601545124439542,-2.1791761296797776,0.6317379235008851,0.1259533963920142,-1.2390189334209998
2.373,0.3579682415109152,-2.1933513513003358,0.6318389705652123,0.10104706432720219,-1.2390189334209998
2.374,0.35576783860464245,-2.2074399831651563,0.6319151362038068,0.07616563859445499,-1.2390189334209998
2.375,0.3535533905932743,-2.2214414690791795,0.6319663055642922,0.05116936048539743,-1.2460056235231554
2.376,0.35132498489942526,-2.235355256287725,0.6319925036429467,0.026198078654448925,-1.2460056235231554
2.3770000000000002,0.34908270949673587,-2.2491807954983014,0.631993755411052,0.001251768105331369,-1.2460056235231554
2.378,0.34682665290640213,-2.2629175409022775,0.6319700858149188,-0.02366959613323707,-1.2460056235231554
2.379,0.3445569041936747,-2.276564950196471,0.6319215197759112,-0.04856603900756694,-1.2460056235231554
2.38,0.3422735529643449,-2.290122484604538,0.6318479670455965,-0.07355273031460384,-1.2517628673022236
2.3810000000000002,0.33997668936120906,-2.303589608898238,0.6317494526106662,-0.09851443493033371,-1.2517628673022236
2.382,0.33766640406051246,-2.3169657914185446,0.6316260014328248,-0.12345117784144785,-1.2517628673022236
2.383,0.3353427882683604,-2.330250504096691,0.6314776384488151,-0.14836298400965087,-1.2517628673022236
2.384,0.33300593371712633,-2.343443222474963,0.6313043885704435,-0.17324987837168568,-1.2517628673022236
2.3850000000000002,0.3306559326618253,-2.356543425727437,0.6311061862424296,-0.19820232801379323,-1.2562849760239616
2.386,0.3282928778764784,-2.369550596680501,0.6308830564172234,-0.22312982520625868,-1.2562849760239616
2.387,0.3259168626504397,-2.382464221833332,0.6306350240223219,-0.24803239490153164,-1.2562849760239616
2.388,0.3235279807847226,-2.3952837913781173,0.6303621139602947,-0.2729100620271093,-1.2562849760239616
2.3890000000000002,0.3211263265882921,-2.4080087992202053,0.6300643511088092,-0.2977628514855615,-1.2562849760239616
2.39,0.31871199487434493,-2.420638742998068,0.6297416946705767,-0.32265643823252954,-1.2595674799226804
2.391,0.3162850809565625,-2.433173124103154,0.6293941695391839,-0.3475251313927506,-1.2595674799226804
2.392,0.3138456806453506,-2.445611447699561,0.6290218005833241,-0.37236895585981145,-1.2595674799226804
2.3930000000000002,0.3113938902440561,-2.457953222743573,0.6286246126468217,-0.39718793650240525,-1.2595674799226804
2.394,0.30892980654516716,-2.4701979620030388,0.6282026305486573,-0.42198209816435645,-1.2595674799226804
2.395,0.3064535268264884,-2.48234518207662,0.6277558382899388,-0.44679225871855244,-1.2616071326180167
2.396,0.303965148847303,-2.494394403412869,0.6272842606808265,-0.4715776091121942,-1.2616071326180167
2.3970000000000002,0.3014647708445121,-2.506345150329162,0.6267879225066711,-0.49633817415544235,-1.2616071326180167
2.398,0.29895249152875936,-2.518196951030467,0.6262668485280375,-0.5210739786336472,-1.2616071326180167
2.399,0.2964284100805297,-2.5299493376279893,0.6257210634807301,-0.545785047307374,-1.2616071326180167
2.4,0.2938926261462368,-2.541601846157629,0.6251505761801835,-0.5704873005465478,-1.262401914324063
2.4010000000000002,0.29134523983428773,-2.5531540165983047,0.6245554113286511,-0.5951648515324826,-1.262401914324063
2.402,0.28878635171113365,-2.564605392890102,0.6239355936036837,-0.6198177249674314,-1.262401914324063
2.403,0.28621606279729545,-2.575955522952296,0.6232911476581547,-0.6444459455289452,-1.262401914324063
2.404,0.2836344745633784,-2.587203958701186,0.6226220981202848,-0.6690495378698975,-1.262401914324063
2.4050000000000002,0.2810416889260649,-2.5983502560677922,0.6219284786112758,-0.6936195090089837,-1.2619510338478082
2.406,0.27843780824409375,-2.6093939750153745,0.6212103137010988,-0.718164910176931,-1.2619510338478082
2.407,0.27582293531421503,-2.620334679556821,0.6204676279351551,-0.7426857659437102,-1.2619510338478082
2.408,0.27319717336713534,-2.631171937771847,0.6197004458343004,-0.7671821008547226,-1.2619510338478082
2.4090000000000003,0.2705606260634374,-2.6419053218240673,0.6189087918948696,-0.7916539394308241,-1.2619510338478082
2.41,0.26791339748949794,-2.652534407977842,0.6180927245107907,-0.8160673840788902,-1.2602549293748486
2.411,0.26525559215336686,-2.663058776615056,0.6172522680955084,-0.8404564152823083,-1.2602549293748486
2.412,0.2625873149806486,-2.673478012251654,0.6163874470380538,-0.864821057454523,-1.2602549293748486
2.4130000000000003,0.2599086713103541,-2.683791703554064,0.6154982857030693,-0.8891613349845654,-1.2602549293748486
2.414,0.25721976689075277,-2.6939994433553998,0.6145848084308322,-0.9134772722370778,-1.2602549293748486
2.415,0.25452070787518616,-2.704100828671575,0.6136470983305065,-0.9377101003256735,-1.257315268041641
2.416,0.25181160081788106,-2.714095460717199,0.6126851796349203,-0.9619186955861806,-1.257315268041641
2.4170000000000003,0.2490925526697447,-2.7239829449213158,0.6116990765526689,-0.9861030822514272,-1.257315268041641
2.418,0.246363670774146,-2.733762890942964,0.6106888132681388,-1.0102632845300086,-1.257315268041641
2.419,0.24362506286266655,-2.7434349126866326,0.6096544139415325,-1.0343993266063114,-1.257315268041641
2.42,0.24087683705085822,-2.752998628317461,0.6085959863153669,-1.058427626165599,-1.2531349442946935
2.4210000000000003,0.23811910183396873,-2.762453660276338,0.6075135544179416,-1.0824318974253273,-1.2531349442946935
2.422,0.23535196608266643,-2.7717996352947774,0.6064071422535279,-1.1064121644137959,-1.2531349442946935
2.423,0.2325755390387295,-2.7810361844096994,0.6052767738023926,-1.1303684511352758,-1.2531349442946935
2.424,0.2297899303107444,-2.790162942977957,0.6041224730208226,-1.1543007815700344,-1.2531349442946935
2.4250000000000003,0.22699524986977326,-2.799179550690753,0.6029443721784933,-1.1781008423292305,-1.2477180770383143
2.426,0.22419160804501617,-2.8080856515878487,0.6017424950754656,-1.2018771030276676,-1.2477180770383143
2.427,0.22137911551945097,-2.8168808940716317,0.6005168654880002,-1.2256295874654062,-1.2477180770383143
2.428,0.21855788332546686,-2.8255649309209896,0.5992675071685815,-1.249358319418707,-1.2477180770383143
2.4290000000000003,0.21572802284047926,-2.8341374193050197,0.5979944438459414,-1.2730633226400545,-1.2477180770383143
2.43,0.21288964578253627,-2.8425980207965535,0.5966978321865125,-1.2966116594288897,-1.2410700055737598
2.431,0.21004286420590326,-2.8509464013855332,0.5953776957386315,-1.3201364478809359,-1.2410700055737598
2.432,0.20718779049664238,-2.859182231492189,0.594034058027087,-1.3436377115445302,-1.2410700055737598
2.433,0.20432453736817502,-2.8673051859800496,0.5926669425531426,-1.3671154739444609,-1.2410700055737598
2.434,0.20145321785683118,-2.8753149441687826,0.5912763727945606,-1.3905697585819916,-1.2410700055737598
2.435,0.19857394531739034,-2.8832111898468455,0.5898625296600505,-1.4138431345100855,-1.2331972843337966
2.436,0.1956868334186014,-2.8909936112839816,0.5884254364229883,-1.4370932370622513,-1.2331972843337966
2.437,0.19279199613869866,-2.898661901243518,0.5869651163334764,-1.460320089511865,-1.2331972843337966
2.438,0.1898895477609003,-2.9062157569944995,0.5854815926183673,-1.4835237151090293,-1.2331972843337966
2.439,0.18697960286890014,-2.9136548803236315,0.5839748884812866,-1.5067041370805963,-1.2331972843337966
2.44,0.1840622763423391,-2.9209789775470645,0.5824452088948148,-1.5296795864718724,-1.2241076764178356
2.441,0.18113768335227395,-2.9281877595219785,0.580892576834401,-1.5526320604137573,-1.2241076764178356
2.442,0.17820593935662501,-2.935280941658014,0.5793170152525193,-1.5755615818817004,-1.2241076764178356
2.443,0.17526716009562934,-2.942258243928474,0.5777185470786912,-1.5984681738281754,-1.2241076764178356
2.444,0.17232146158725856,-2.9491193908814175,0.5760971952195085,-1.6213518591827039,-1.2241076764178356
2.445,0.1693689601226467,-2.9558641116505076,0.5744531885092663,-1.6440067102422025,-1.2138101459340649
2.446,0.16640977226149287,-2.962492139965726,0.5727865496028156,-1.6666389064506415,-1.2138101459340649
2.447,0.16344401482747098,-2.969003214163854,0.5710973011323527,-1.689248470462872,-1.2138101459340649
2.448,0.1604718049036055,-2.9753970771988323,0.5693854657074416,-1.7118354249110905,-1.2138101459340649
2.449,0.15749325982765333,-2.9816734766519004,0.5676510659150368,-1.7343997924048606,-1.2138101459340649
2.45,0.15450849718747314,-2.987832164741557,0.5658943542254412,-1.7567116895955786,-1.202314849156136
2.451,0.15151763481638747,-2.9938728983333323,0.5641153529505522,-1.7790012748891058,-1.202314849156136
2.452,0.14852079078851813,-2.9997954389494144,0.5623140843799548,-1.8012685705973395,-1.202314849156136
2.453,0.14551808341413677,-3.0055995527780395,0.5604905707809449,-1.8235135990098648,-1.202314849156136
2.454,0.1425096312349874,-3.011285010682735,0.558644834398551,-1.8457363823939776,-1.202314849156136
2.455,0.139495553019615,-3.0168515882113494,0.5567771510900493,-1.8676833085016453,-1.1896331245030833
2.456,0.1364759677586632,-3.022299065604941,0.5548875428023661,-1.8896082876832054,-1.1896331245030833
2.457,0.13345099466018853,-3.0276272278064265,0.5529760314604805,-1.9115113418855838,-1.1896331245030833
2.458,0.13042075314494855,-3.0328358644690883,0.5510426389674467,-1.9333924930337598,-1.1896331245030833
2.459,0.12738536284169136,-3.0379247699648655,0.5490873872044159,-1.9552517630307877,-1.1896331245030833
2.46,0.12434494358242786,-3.0428937433924856,0.547110575143521,-1.9768120608948068,-1.1757774813524853
2.461,0.12129961539770437,-3.047742588585385,0.54511222434506,-1.9983507984609616,-1.1757774813524853
2.462,0.11824949851186232,-3.05247111411946,0.5430923563477704,-2.0198679972895506,-1.1757774813524853
2.463,0.11519471333829547,-3.0570791333206153,0.5410509926688511,-2.0413636789193106,-1.1757774813524853
2.464,0.11213538047469096,-3.061566464272145,0.5389881548039837,-2.062837864867441,-1.1757774813524853
2.465,0.10907162069827184,-3.065932929821907,0.5369041645452272,-2.0839902587565287,-1.1607615876977635
2.466,0.1060035549610272,-3.070178357589319,0.5347990430449754,-2.1051215002517276,-1.1607615876977635
2.467,0.10293130438494073,-3.074302579972159,0.53267281143447,-2.1262316105054313,-1.1607615876977635
2.468,0.09985499025720378,-3.0783054341531915,0.530525490823821,-2.1473206106488814,-1.1607615876977635
2.469,0.09677473402543059,-3.0821867621065864,0.5283571023020288,-2.168388521792188,-1.1607615876977635
2.47,0.09369065729286209,-3.085946410604164,0.5261679901636251,-2.189112138403634,-1.1446002566619262
2.471,0.09060288181356864,-3.089584231221436,0.5239581751322266,-2.209815031398469,-1.1446002566619262
2.472,0.08751152948763818,-3.093100080343475,0.5217276779107264,-2.230497221500309,-1.1446002566619262
2.473,0.08441672235636728,-3.0964938191705778,0.5194765191813143,-2.251158729412047,-1.1446002566619262
2.474,0.08131858259744147,-3.099765313723747,0.5172047196054984,-2.2717995758158733,-1.1446002566619262
2.475,0.0782172325201153,-3.1029144348499784,0.5149126456406208,-2.2920739648776776,-1.1273094318809977
2.476,0.07511279456037859,-3.1059410582273617,0.5126003175610704,-2.31232807955042,-1.1273094318809977
2.477,0.0720053912761272,-3.108845064369989,0.5102677556209619,-2.3325619401084894,-1.1273094318809977
2.478,0.0688951453423186,-3.1116263386326724,0.5079149800541559,-2.3527755668060006,-1.1273094318809977
2.479,0.065782179546141,-3.1142847712154627,0.5055420110742791,-2.3729689798768145,-1.1273094318809977
2.48,0.06266661678215207,-3.1168202571679955,0.5031492369399467,-2.39277413433237,-1.1089061717716082
2.481,0.05954858004743589,-3.119232696393625,0.5007366774563132,-2.4125594836334696,-1.1089061717716082
2.482,0.0564281924367403,-3.1215219936533853,0.49830435240872795,-2.4323250475852682,-1.1089061717716082
2.483,0.05330557713762961,-3.1236880585697366,0.49585228156275485,-2.452070845973115,-1.1089061717716082
2.484,0.05018085742560817,-3.1257308056301456,0.49338048466419226,-2.471796898562574,-1.1089061717716082
2.485,0.04705415665925808,-3.1276501541904573,0.49088937138987426,-2.4911132743179762,-1.0894086326982335
2.486,0.04392559827537094,-3.1294460284780774,0.4883789610561766,-2.510410333697623,-1.0894086326982335
2.487,0.0407953057840792,-3.1311183575949615,0.48584927296015873,-2.5296880960178902,-1.0894086326982335
2.488,0.037663402763966985,-3.1326670755204216,0.48330032637958287,-2.548946580575837,-1.0894086326982335
2.489,0.03453001285720372,-3.1340921211137256,0.4807321405729336,-2.568185806649226,-1.0894086326982335
2.49,0.03139525976465593,-3.135393438116514,0.4781451462310699,-2.5869943418637114,-1.0688360510567418
2.491,0.028259267241012586,-3.1365709751550175,0.4755393621625269,-2.6057840685429823,-1.0688360510567418
2.492,0.025122159089885295,-3.1376246857420926,0.4729148071570313,-2.624555005495574,-1.0688360510567418
2.493,0.021984059158933165,-3.138554528279048,0.4702714999855201,-2.6433071715112133,-1.0688360510567418
2.494,0.01884509133496729,-3.1393604660572936,0.46760945940015924,-2.662040585360837,-1.0688360510567418
2.495,0.015705379539064365,-3.1400424672597853,0.4649291366808979,-2.6803227192613135,-1.0472087242918744
2.496,0.01256504772166915,-3.140600504962283,0.46223055010987,-2.6985865710278896,-1.0472087242918744
2.497,0.009424219857704697,-3.141034557134415,0.4595137179509273,-2.716832158942699,-1.0472087242918744
2.498,0.006283019941676219,-3.1413446066405433,0.4567786584496577,-2.735059501269594,-1.0472087242918744
2.499,0.003141571982779586,-3.141530641240445,0.45402538983340357,-2.7532686162541617,-1.0472087242918744
2.5,3.061616997868383e-16,-3.141592653589793,0.4512543835259483,-2.7710063074552576,-1.024547990867496
2.501,-0.0031415719827789738,-3.141530641240445,0.44846565726498316,-2.788726260965152,-1.024547990867496
2.5020000000000002,-0.0062830199416764945,-3.1413446066405433,0.4456592287704616,-2.806428494521537,-1.024547990867496
2.503,-0.009424219857704084,-3.141034557134415,0.44283511574461726,-2.8241130258443654,-1.024547990867496
2.504,-0.01256504772166854,-3.140600504962283,0.43999333587198136,-2.841779872635871,-1.024547990867496
2.505,-0.01570537953906375,-3.1400424672597853,0.4371343802550339,-2.85895561694742,-1.0008762092092645
2.5060000000000002,-0.018845091334967565,-3.1393604660572936,0.4342582660695193,-2.876114185514658,-1.0008762092092645
2.507,-0.021984059158932555,-3.138554528279048,0.43136501047400594,-2.893255595513329,-1.0008762092092645
2.508,-0.025122159089884685,-3.1376246857420926,0.42845463060990396,-2.910379864102001,-1.0008762092092645
2.509,-0.028259267241011975,-3.1365709751550175,0.42552714360148186,-2.927487008422084,-1.0008762092092645
2.5100000000000002,-0.03139525976465709,-3.1353934381165134,0.42258305974535537,-2.944083856126474,-0.9762167356406066
2.511,-0.034530012857203106,-3.134092121113726,0.4196223956383722,-2.9606641069831596,-0.9762167356406066
2.512,-0.037663402763966375,-3.132667075520422,0.41664516786078326,-2.977227777588989,-0.9762167356406066
2.513,-0.04079530578407859,-3.1311183575949615,0.413651392976259,-2.993774884524212,-0.9762167356406066
2.5140000000000002,-0.043925598275372096,-3.129446028478077,0.41064108753190653,-3.0103054443525,-0.9762167356406066
2.515,-0.047054156659257475,-3.1276501541904578,0.4076147805149717,-3.0263070169348216,-0.9505939013337155
2.516,-0.050180857425607565,-3.125730805630146,0.4045724879270271,-3.0422925879445613,-0.9505939013337155
2.517,-0.053305577137629,-3.123688058569737,0.4015142257536438,-3.058262173383291,-0.9505939013337155
2.5180000000000002,-0.05642819243674146,-3.121521993653385,0.39844000996440726,-3.074215789236582,-0.9505939013337155
2.519,-0.05954858004743529,-3.119232696393626,0.39534985651293325,-3.09015345147402,-0.9505939013337155
2.52,-0.06266661678215146,-3.116820257167996,0.39224431255514475,-3.105543957788513,-0.9240329882983622
2.521,-0.06578217954614039,-3.1142847712154635,0.38912339348154806,-3.1209190735966916,-0.9240329882983622
2.5220000000000002,-0.06889514534231975,-3.111626338632672,0.385987114667259,-3.1362788142890623,-0.9240329882983622
2.523,-0.0720053912761266,-3.1088450643699894,0.38283549147201823,-3.1516231952407403,-0.9240329882983622
2.524,-0.07511279456037798,-3.1059410582273626,0.37966853924020677,-3.1669522318114667,-0.9240329882983622
2.525,-0.07821723252011469,-3.102914434849979,0.3764868227565385,-3.181716483668299,-0.8965602044321966
2.5260000000000002,-0.08131858259744262,-3.099765313723746,0.37329035678526523,-3.1964659712732746,-0.8965602044321966
2.527,-0.08441672235636669,-3.0964938191705786,0.3700791560758746,-3.211200709390645,-0.8965602044321966
2.528,-0.08751152948763757,-3.0931000803434756,0.3668532353631047,-3.2259207127698986,-0.8965602044321966
2.529,-0.09060288181356804,-3.0895842312214365,0.36361260936695894,-3.2406259961457726,-0.8965602044321966
2.5300000000000002,-0.09369065729286236,-3.0859464106041634,0.36035785994365616,-3.25474942330277,-0.8682026576571599
2.531,-0.09677473402542998,-3.0821867621065877,0.35708900121662357,-3.2688587270326104,-0.8682026576571599
2.532,-0.09985499025720317,-3.0783054341531924,0.35380604729516485,-3.282953921458721,-0.8682026576571599
2.533,-0.10293130438494014,-3.07430257997216,0.35050901227447445,-3.2970350206904055,-0.8682026576571599
2.5340000000000003,-0.10600355496102747,-3.0701783575893185,0.3471979102356516,-3.3111020388228583,-0.8682026576571599
2.535,-0.10907162069827123,-3.065932929821908,0.3438733395322842,-3.3245707033673866,-0.8389883291675606
2.536,-0.11213538047469036,-3.061566464272146,0.34053531363303685,-3.3380258992473704,-0.8389883291675606
2.537,-0.11519471333829487,-3.057079133320616,0.33718384599310536,-3.351467639931474,-0.8389883291675606
2.5380000000000003,-0.11824949851186259,-3.0524711141194594,0.33381895005423046,-3.3648959388748936,-0.8389883291675606
2.539,-0.12129961539770377,-3.047742588585386,0.33044063924471107,-3.3783108095193697,-0.8389883291675606
2.54,-0.12434494358242726,-3.0428937433924865,0.3270495278250849,-3.3911114196261747,-0.8089460458162117
2.541,-0.12738536284169077,-3.037924769964867,0.323645628595962,-3.4038992291228727,-0.8089460458162117
2.5420000000000003,-0.1304207531449488,-3.0328358644690874,0.320228954345152,-3.416674250810074,-0.8089460458162117
2.543,-0.13345099466018795,-3.0276272278064273,0.3167995178476764,-3.429436497475588,-0.8089460458162117
2.544,-0.13647596775866258,-3.0222990656049418,0.31335733186578196,-3.4421859818944367,-0.8089460458162117
2.545,-0.13949555301961442,-3.0168515882113507,0.3099030259608361,-3.4543059049458598,-0.778105451665867
2.5460000000000003,-0.14250963123498853,-3.011285010682733,0.30643661225276186,-3.4664137080742314,-0.778105451665867
2.547,-0.14551808341413533,-3.0055995527780426,0.30295810284936237,-3.4785094033994746,-0.778105451665867
2.548,-0.14852079078851668,-2.999795438949417,0.29946750984633297,-3.4905930030293923,-0.778105451665867
2.549,-0.15151763481638603,-2.993872898333335,0.2959648453272733,-3.5026645190596803,-0.778105451665867
2.5500000000000003,-0.15450849718747425,-2.9878321647415547,0.29245075353315797,-3.514091794115302,-0.7464969787340574
2.551,-0.15749325982765275,-2.9816734766519017,0.2889252458912621,-3.5255076418958677,-0.7464969787340574
2.552,-0.1604718049036049,-2.9753970771988336,0.28538833381743345,-3.536912073828653,-0.7464969787340574
2.553,-0.16344401482747123,-2.969003214163853,0.2818400287161039,-3.5483051013295057,-0.7464969787340574
2.5540000000000003,-0.16640977226149312,-2.962492139965726,0.27828034198030105,-3.5596867358028574,-0.7464969787340574
2.555,-0.16936896012264532,-2.955864111650511,0.2747099318948948,-3.5704100854062584,-0.7141518169601889
2.556,-0.17232146158725797,-2.949119390881419,0.27112880918323473,-3.581122711660056,-0.7141518169601889
2.557,-0.17526716009562876,-2.942258243928476,0.2675369845579471,-3.5918246252876,-0.7141518169601889
2.5580000000000003,-0.1782059393566261,-2.9352809416580112,0.2639344687209456,-3.602515837001516,-0.7141518169601889
2.559,-0.1811376833522734,-2.92818775952198,0.2603212723634419,-3.6131963575037185,-0.7141518169601889
2.56,-0.18406227634233935,-2.9209789775470636,0.2566980671646272,-3.623205198814706,-0.681101883424566
2.561,-0.18697960286890042,-2.9136548803236306,0.2530648631333428,-3.6332040312843827,-0.681101883424566
2.562,-0.18988954776090056,-2.906215756994499,0.24942167026842121,-3.64319286492159,-0.681101883424566
2.563,-0.1927919961386981,-2.8986619012435195,0.24576849855869606,-3.6531717097251595,-0.681101883424566
2.564,-0.19568683341860085,-2.890993611283983,0.24210535798301214,-3.6631405756839257,-0.681101883424566
2.565,-0.19857394531738978,-2.883211189846847,0.2384329329520869,-3.6724250309252353,-0.6473797908496802
2.566,-0.20145321785683062,-2.8753149441687844,0.2347512327503756,-3.681700201711304,-0.6473797908496802
2.567,-0.20432453736817527,-2.867305185980049,0.23106026665304902,-3.6909660973265863,-0.6473797908496802
2.568,-0.20718779049664263,-2.8591822314921886,0.22736004392600276,-3.7002227270462535,-0.6473797908496802
2.569,-0.2100428642059035,-2.850946401385533,0.22365057382586656,-3.7094701001362007,-0.6473797908496802
2.57,-0.21288964578253491,-2.8425980207965575,0.2199325528195222,-3.7180210063443626,-0.6130188154149101
2.571,-0.2157280228404795,-2.834137419305019,0.2162059894578759,-3.7265633616463165,-0.6130188154149101
2.572,-0.2185578833254663,-2.8255649309209914,0.21247089228328292,-3.735097174592968,-0.6130188154149101
2.573,-0.22137911551945044,-2.8168808940716334,0.20872726982955625,-3.7436224537266733,-0.6130188154149101
2.574,-0.22419160804501562,-2.8080856515878505,0.204975130621975,-3.7521392075812448,-0.6130188154149101
2.575,-0.2269952498697743,-2.79917955069075,0.201215182496323,-3.7599481256519907,-0.5780528639163502
2.576,-0.22978993031074307,-2.7901629429779615,0.19744743326151834,-3.7677492348046657,-0.5780528639163502
2.577,-0.23257553903872816,-2.7810361844097033,0.19367189071867016,-3.775542542848188,-0.5780528639163502
2.578,-0.2353519660826651,-2.771799635294782,0.1898885626610865,-3.7833280575836667,-0.5780528639163502
2.579,-0.23811910183396975,-2.7624536602763343,0.18609745687428209,-3.79110578680441,-0.5780528639163502
2.58,-0.24087683705085766,-2.7529986283174632,0.1822992918644584,-3.7981650098236894,-0.5425164403041955
2.581,-0.24362506286266603,-2.743434912686634,0.17849407469083844,-3.80521717361995,-0.5425164403041955
2.582,-0.24636367077414548,-2.7337628909429657,0.17468181240558603,-3.8122622852524137,-0.5425164403041955
2.583,-0.24909255266974495,-2.7239829449213144,0.17086251205381278,-3.8193003517732453,-0.5425164403041955
2.584,-0.2518116008178798,-2.714095460717204,0.16703618067358522,-3.826331380227556,-0.5425164403041955
2.585,-0.2545207078751848,-2.7041008286715797,0.16320354673250528,-3.8326339410799433,-0.5064446116307473
2.586,-0.25721976689075227,-2.693999443355402,0.1593646165331338,-3.8389301993714784,-0.5064446116307473
2.587,-0.2599086713103551,-2.6837917035540606,0.15551939637172907,-3.845220161404722,-0.5064446116307473
2.588,-0.2625873149806481,-2.673478012251656,0.15166789253825314,-3.851503833475932,-0.5064446116307473
2.589,-0.2652555921533671,-2.6630587766150553,0.14781011131637806,-3.857781221875071,-0.5064446116307473
2.59,-0.26791339748949816,-2.652534407977841,0.14394679041625602,-3.8633209001220474,-0.4698729734425835
2.591,-0.2705606260634376,-2.6419053218240665,0.14007793537756524,-3.868855038690777,-0.4698729734425835
2.592,-0.2731971733671341,-2.6311719377718523,0.13620355173444432,-3.874383643120938,-0.4698729734425835
2.593,-0.27582293531421453,-2.620334679556823,0.13232364501549765,-3.879906718946669,-0.4698729734425835
2.594,-0.27843780824409325,-2.6093939750153767,0.12843822074380107,-3.885424271696574,-0.4698729734425835
2.595,-0.28104168892606585,-2.5983502560677882,0.12454802514408317,-3.8901955997178996,-0.4328376146510981
2.596,-0.28363447456337865,-2.5872039587011852,0.12065306298767196,-3.8949621564112036,-0.4328376146510981
2.597,-0.28621606279729567,-2.5759555229522952,0.11675333904112414,-3.899723946547814,-0.4328376146510981
2.598,-0.28878635171113387,-2.564605392890101,0.11284885806622985,-3.9044809748942884,-0.4328376146510981
2.599,-0.29134523983428795,-2.5531540165983038,0.10893962482001743,-3.909233246212416,-0.4328376146510981
2.6,-0.2938926261462363,-2.541601846157631,0.1050263933054129,-3.9132315146045253,-0.39537508191607196
2.601,-0.2964284100805292,-2.529949337627991,0.10110916752068466,-3.917225784728242,-0.39537508191607196
2.602,-0.29895249152875886,-2.518196951030469,0.09718795146010283,-3.9212160605818354,-0.39537508191607196
2.603,-0.30146477084451306,-2.506345150329158,0.09326274911394325,-3.925202346159575,-0.39537508191607196
2.604,-0.30396514884730325,-2.494394403412868,0.08933356446849151,-3.9291846454517367,-0.39537508191607196
2.605,-0.30645352682648863,-2.482345182076619,0.08540115856081368,-3.9324059076778335,-0.357522343577425
2.606,-0.308929806545166,-2.470197962003044,0.08146553461217197,-3.935623948641704,-0.357522343577425
2.607,-0.31139389024405634,-2.4579532227435723,0.07752669584060737,-3.938838771564611,-0.357522343577425
2.608,-0.3138456806453502,-2.445611447699563,0.07358464546094277,-3.942050379664595,-0.357522343577425
2.609,-0.316285080956562,-2.4331731241031567,0.0696393866847863,-3.945258776156479,-0.357522343577425
2.61,-0.3187119948743445,-2.42063874299807,0.06569168683234256,-3.9476998524437374,-0.31931675317073893
2.611,-0.32112632658829304,-2.4080087992202004,0.06174154834468785,-3.9501384876547085,-0.31931675317073893
2.612,-0.3235279807847215,-2.395283791378123,0.05778897366045738,-3.9525746842304685,-0.31931675317073893
2.613,-0.32591686265043857,-2.382464221833338,0.053833965215847726,-3.955008444609653,-0.31931675317073893
2.614,-0.32829287787647726,-2.369550596680507,0.04987652544461927,-3.957439771228458,-0.31931675317073893
2.615,-0.33065593266182614,-2.3565434257274323,0.04591742719291079,-3.959098251708481,-0.2807960125625832
2.616,-0.3330059337171259,-2.3434432224749657,0.041956672119202766,-3.9607550737080244,-0.2807960125625832
2.617,-0.33534278826835995,-2.330250504096693,0.037994261880317196,-3.962410238885568,-0.2807960125625832
2.618,-0.337666404060512,-2.3169657914185473,0.03403019813141926,-3.9640637488979342,-0.2807960125625832
2.619,-0.33997668936120923,-2.303589608898237,0.030064482526018975,-3.965715605400288,-0.2807960125625832
2.62,-0.3422735529643438,-2.2901224846045443,0.026097892673529247,-3.9665898524897276,-0.24199813474200238
2.621,-0.3445569041936736,-2.2765649501964775,0.02213042944819717,-3.967463225332078,-0.24199813474200238
2.622,-0.3468266529064017,-2.2629175409022806,0.018162093723395584,-3.968335724801586,-0.24199813474200238
2.623,-0.3490827094967367,-2.249180795498296,0.014192886371623959,-3.9692073517716246,-0.24199813474200238
2.624,-0.3513249848994248,-2.2353552562877277,0.010222808264509265,-3.970078107114693,-0.24199813474200238
2.625,-0.35355339059327384,-2.2214414690791826,0.006252641007375589,-3.9701672571336766,-0.2029614063049131
2.626,-0.3557678386046426,-2.207439983165155,0.0022823846893729478,-3.970256318002641,-0.2029614063049131
2.6270000000000002,-0.3579682415109154,-2.193351351300335,-0.0016879606004377894,-3.9703452898107368,-0.2029614063049131
2.628,-0.36015451244395313,-2.1791761296797842,-0.005658394773084814,-3.9704341726470243,-0.2029614063049131
2.629,-0.36232656509352285,-2.1649148779169813,-0.00962891773968529,-3.9705229666004755,-0.2029614063049131
2.63,-0.36448431371070517,-2.1505681590217263,-0.013598744670312534,-3.9698269306272436,-0.16372434966841498
2.6310000000000002,-0.3666276731112805,-2.1361365393779073,-0.017567876261002518,-3.9691315906899844,-0.16372434966841498
2.632,-0.3687565586790873,-2.121620588721173,-0.021536313207095183,-3.968436946092663,-0.16372434966841498
2.633,-0.3708708863693698,-2.107020880116393,-0.02550405620323512,-3.9677429961399384,-0.16372434966841498
2.634,-0.37297057271209116,-2.0923379899350634,-0.029471105943372287,-3.967049740137167,-0.16372434966841498
2.6350000000000002,-0.37505553481522974,-2.0775724978325476,-0.03343667514747036,-3.9655692040980766,-0.12432568505232922
2.636,-0.37712569036805177,-2.0627249867251916,-0.03740076529606538,-3.9640901485950253,-0.12432568505232922
2.637,-0.37918095764436066,-2.04779604276731,-0.04136337786821286,-3.962612572147477,-0.12432568505232922
2.638,-0.3812212555057235,-2.032786255328049,-0.045324514341489236,-3.961136473276376,-0.12432568505232922
2.6390000000000002,-0.38324650340467553,-2.0176962169681065,-0.04928417619199338,-3.9596618505041463,-0.12432568505232922
2.64,-0.38525662138789507,-2.0025265234163756,-0.05324157446649233,-3.9573982744989515,-0.08480429226547215
2.641,-0.38725153009936725,-1.9872777735463751,-0.05719671142856209,-3.955136962069762,-0.08480429226547215
2.642,-0.38923115078351084,-1.9719505693526482,-0.061149589339515094,-3.952877910953002,-0.08480429226547215
2.6430000000000002,-0.39119540528829416,-1.956545515926946,-0.06510021045840245,-3.950621118887358,-0.08480429226547215
2.644,-0.3931442160683094,-1.9410632214344266,-0.06904857704201622,-3.94836658361378,-0.08480429226547215
2.645,-0.39507750618784504,-1.925504297089557,-0.07299389924249308,-3.9453222004768542,-0.04519917233439075
2.646,-0.3969951993239174,-1.9098693571320302,-0.07693618010421614,-3.942280861723065,-0.04519917233439075
2.6470000000000002,-0.3988972197692862,-1.8941590188024953,-0.08087542266852417,-3.9392425643080298,-0.04519917233439075
2.648,-0.40078349243543887,-1.8783739023182264,-0.08481162997371458,-3.9362073051904094,-0.04519917233439075
2.649,-0.4026539428555604,-1.862514630848594,-0.08874480505504649,-3.933175081331907,-0.04519917233439075
2.65,-0.404508497187473,-1.846581830490463,-0.09267415794947731,-3.9293528944308234,-0.005549409012419848
2.6510000000000002,-0.4063470822165472,-1.8305761302435093,-0.09659969247919395,-3.925534529716641,-0.005549409012419848
2.652,-0.4081696253585921,-1.8144981619853913,-0.10052141246256112,-3.921719983367173,-0.005549409012419848
2.653,-0.40997605466272613,-1.7983485604467566,-0.10443932171412518,-3.9179092515640543,-0.005549409012419848
2.654,-0.4117662988142136,-1.7821279631862215,-0.10835342404461791,-3.9141023304927387,-0.005549409012419848
2.6550000000000002,-0.4135402871372807,-1.7658370105651913,-0.1122629301553843,-3.909506110766387,0.034105869792938615
2.656,-0.415297949597906,-1.749476345722582,-0.11616784464264406,-3.904914487259762,0.034105869792938615
2.657,-0.4170392168065851,-1.7330466145494263,-0.1200681720980207,-3.9003274553766434,0.034105869792938615
2.658,-0.4187640200210703,-1.7165484656633794,-0.12396391710854611,-3.895745010525408,0.034105869792938615
2.6590000000000003,-0.42047229114908485,-1.6999825503831003,-0.12785508425666514,-3.8911671481190235,0.034105869792938615
2.66,-0.42216396275100776,-1.683349522702578,-0.13174088568702333,-3.8858014303581796,0.07372753063624826
2.661,-0.42383896804254173,-1.6666500392652555,-0.13562132676533842,-3.8804410783150964,0.07372753063624826
2.662,-0.4254972408973459,-1.6498847593381447,-0.1394964128519625,-3.8750860866240564,0.07372753063624826
2.6630000000000003,-0.42713871584964747,-1.6330543447857904,-0.14336614930188718,-3.8697364499247073,0.07372753063624826
2.664,-0.42876332809682594,-1.616159460044141,-0.14723054146474923,-3.8643921628620577,0.07372753063624826
2.665,-0.4303710135019715,-1.5992007720943173,-0.15108880370598532,-3.858262241236078,0.11327647315587763
2.666,-0.43196170859641725,-1.5821789504362818,-0.15494094215551704,-3.8521384495317244,0.11327647315587763
2.6670000000000003,-0.4335353505822454,-1.5650946670623973,-0.15878696293713612,-3.846020781619075,0.11327647315587763
2.668,-0.4350918773347631,-1.5479485964309383,-0.16262687216851046,-3.8399092313743384,0.11327647315587763
2.669,-0.4366312274049603,-1.5307414154394048,-0.1664606759611903,-3.8338037926798463,0.11327647315587763
2.67,-0.4381533400219319,-1.513473803397839,-0.1702875916767042,-3.826915715513904,0.15271366866311897
2.6710000000000003,-0.4396581550952781,-1.4961464420019972,-0.17410762620312933,-3.820034526425128,0.15271366866311897
2.672,-0.44114561321747653,-1.4787600153064382,-0.17792078642165476,-3.8131602185254407,0.15271366866311897
2.673,-0.44261565566622746,-1.4613152096975175,-0.18172707920658843,-3.8062927849336528,0.15271366866311897
2.674,-0.444068224406772,-1.4438127138662904,-0.1855265114253639,-3.799432218775457,0.15271366866311897
2.6750000000000003,-0.4455032620941844,-1.4262532187813133,-0.18931830420794735,-3.791792782583469,0.19200019866060203
2.676,-0.4469207120756323,-1.4086374176614054,-0.19310246519377502,-3.7841609858276737,0.19200019866060203
2.677,-0.4483205183926182,-1.3909660059482218,-0.19687900201464364,-3.776536820868634,0.19200019866060203
2.678,-0.44970262578318493,-1.3732396812788488,-0.2006479222947182,-3.7689202800745534,0.19200019866060203
2.6790000000000003,-0.45106697968410153,-1.3554591434582017,-0.20440923365053948,-3.7613113558212667,0.19200019866060203
2.68,-0.4524135262330098,-1.3376250944314987,-0.20816216174913987,-3.752928098600406,0.2310972932519898
2.681,-0.4537422122705584,-1.3197382382564486,-0.21190671497377664,-3.744553224636766,0.2310972932519898
2.682,-0.45505298534249766,-1.301799281075506,-0.21564290169932374,-3.7361867255470895,0.2310972932519898
2.6830000000000003,-0.4563457937017519,-1.2838089310879734,-0.21937073029228024,-3.7278285929565027,0.2310972932519898
2.684,-0.4576205863104592,-1.265767898522085,-0.22309020911077876,-3.7194788184985064,0.2310972932519898
2.685,-0.4588773128419902,-1.2476768956069149,-0.22680056912307067,-3.7103600122919067,0.2699663694050547
2.686,-0.46011592368293475,-1.229536636544261,-0.2305018194479622,-3.7012503248915136,0.2699663694050547
2.6870000000000003,-0.4613363699350576,-1.21134783748049,-0.2341939691951407,-3.692149747178521,0.2699663694050547
2.688,-0.46253860341722913,-1.1931112164782653,-0.23787702746518397,-3.6830582700432415,0.2699663694050547
2.689,-0.4637225766673307,-1.1748274934881475,-0.24155100334956905,-3.673975884385097,0.2699663694050547
2.69,-0.4648882429441257,-1.156497390320214,-0.24521513387668917,-3.664130527120105,0.3085690690303516
2.691,-0.46603555622910536,-1.1381216306155513,-0.24886942889190156,-3.654295015212378,0.3085690690303516
2.692,-0.46716447122830584,-1.1197009398176878,-0.2525138982307181,-3.6444693388165583,0.3085690690303516
2.693,-0.4682749433740959,-1.101236045143956,-0.2561485517188153,-3.634653488097135,0.3085690690303516
2.694,-0.4693669288269367,-1.0827276755567798,-0.25977339917204373,-3.6248474532284307,0.3085690690303516
2.695,-0.47044038447711234,-1.0641765617348995,-0.26338768443188215,-3.614285259838444,0.34686729683792217
2.696,-0.4714952679464324,-1.0455834360445133,-0.266991418060524,-3.603733628641847,0.34686729683792217
2.697,-0.4725315375899025,-1.0269490325104083,-0.2705846106096005,-3.5931925490764467,0.34686729683792217
2.698,-0.47354915249737217,-1.008274086786918,-0.2741672726201911,-3.582662010590612,0.34686729683792217
2.699,-0.47454807249514724,-0.9895593361289233,-0.27773941462283436,-3.572142002643263,0.34686729683792217
2.7,-0.4755282581475767,-0.9708055193627353,-0.2813002880183163,-3.5608733954819263,0.38482325793467353
2.701,-0.47648967075860926,-0.952013376856928,-0.2848499040752441,-3.549616056927751,0.38482325793467353
2.702,-0.47743227237332125,-0.9331836504931105,-0.2883882740509562,-3.5383699757121296,0.38482325793467353
2.703,-0.478356025779415,-0.9143170836366378,-0.2919154091915339,-3.527135140577724,0.38482325793467353
2.704,-0.47926089450868814,-0.895414421107254,-0.2954313207318124,-3.5159115402784527,0.38482325793467353
2.705,-0.48014684283847164,-0.8764764091497307,-0.29893526837064804,-3.503947638835668,0.42239949512529806
2.706,-0.481013835793043,-0.8575037954043423,-0.30242726407194237,-3.4919957012943263,0.42239949512529806
2.707,-0.48186183914500486,-0.8384973288773928,-0.3059073197876329,-3.480055715690526,0.42239949512529806
2.708,-0.4826908194166369,-0.8194577599116367,-0.30937544745770523,-3.4681276700723296,0.42239949512529806
2.709,-0.48350074388121744,-0.8003858401566557,-0.312831659010205,-3.4562115524997514,0.42239949512529806
2.71,-0.4842915805643154,-0.7812823225391855,-0.3162752231726346,-3.4435641624296527,0.45955892587994884
2.711,-0.48506329824505273,-0.762147961233391,-0.3197061525923843,-3.430929419749624,0.45955892587994884
2.712,-0.48581586645733715,-0.7429835116310824,-0.3231244599041965,-3.418307311812275,0.45955892587994884
2.713,-0.4865492554910634,-0.7237897303119372,-0.3265301577301794,-3.405697825982864,0.45955892587994884
2.714,-0.4872634363932883,-0.7045673750135765,-0.3299232586798187,-3.393100949639282,0.45955892587994884
2.715,-0.4879583809693734,-0.685317204601652,-0.3333030412309297,-3.379782551110999,0.4962648789321795
2.716,-0.48863406178409674,-0.6660399790399301,-0.3366695187019109,-3.3664774709812444,0.4962648789321795
2.717,-0.48929045216273603,-0.6467364593602896,-0.34002270439784255,-3.3531856959316197,0.4962648789321795
2.718,-0.4899275261921234,-0.6274074076326237,-0.3433626116104996,-3.3399072126570446,0.4962648789321795
2.719,-0.49054525872166693,-0.608053586934798,-0.34668925361836533,-3.326642007865744,0.4962648789321795
2.72,-0.4911436253643445,-0.5886757613225038,-0.3500019193616138,-3.3126657432484583,0.5324811304710136
2.721,-0.4917226024976647,-0.5692746957991487,-0.3533006228165096,-3.2987034548957896,0.5324811304710136
2.722,-0.4922821672646025,-0.549851156285547,-0.35658537794534106,-3.2847551288314736,0.5324811304710136
2.723,-0.4928222975744988,-0.5304059095897912,-0.35985619869643426,-3.270820751093222,0.5324811304710136
2.724,-0.4933429721039341,-0.5109397233769141,-0.363113099004167,-3.2569003077327086,0.5324811304710136
2.725,-0.4938441702975689,-0.49145336613863794,-0.36635537897279413,-3.2422799686271473,0.5681719398914173
2.726,-0.494325872368957,-0.4719476071629697,-0.36958305322265483,-3.2276742498606916,0.5681719398914173
2.727,-0.49478805930132547,-0.4524232165038743,-0.37279613635946784,-3.2130831368130024,0.5681719398914173
2.728,-0.49523071284832554,-0.432880964950864,-0.3759946429743462,-3.198506614878361,0.5681719398914173
2.729,-0.4956538155347532,-0.4133216239985684,-0.37917858764381185,-3.1839446694656544,0.5681719398914173
2.73,-0.4960573506572388,-0.39374596581627735,-0.3823472823269067,-3.1686946830948295,0.6033020850679591
2.731,-0.4964413022849067,-0.3741547632174569,-0.3855007422736171,-3.1534599467103757,0.6033020850679591
2.732,-0.49680565526000425,-0.3545487896292291,-0.38863898271867936,-3.1382404450623063,0.6033020850679591
2.733,-0.49715039519849946,-0.3349288190618826,-0.39176201888159523,-3.1230361629158847,0.6033020850679591
2.734,-0.4974755084906501,-0.3152956260782495,-0.39486986596664686,-3.10784708505161,0.6033020850679591
2.735,-0.49778098230154,-0.2956499857631715,-0.3979618484666711,-3.091982500024223,0.6378368971167452
2.736,-0.4980668045715862,-0.2759926736928894,-0.401037982246253,-3.076133779581864,0.6378368971167452
2.737,-0.4983329640170149,-0.25632446590442504,-0.40409828315411295,-3.060300907859947,0.6378368971167452
2.738,-0.4985794501303069,-0.23664613886494457,-0.4071427670231227,-3.044483869009752,0.6378368971167452
2.739,-0.49880625318061256,-0.2169584694411048,-0.4101714496703211,-3.0286826471984076,0.6378368971167452
2.74,-0.49901336421413583,-0.19726223486837274,-0.41318366878898005,-3.0122191186589817,0.671742294611381
2.741,-0.49920077505448757,-0.1775582127203863,-0.41617944084262815,-2.995772053648095,0.671742294611381
2.742,-0.4993684783030088,-0.15784718087819,-0.41915878227833037,-2.9793414357022194,0.671742294611381
2.743,-0.49951646733906235,-0.1381299174995703,-0.42212170952670464,-2.9629272483742897,0.671742294611381
2.744,-0.4996447363202946,-0.11840720098832401,-0.4250682390019383,-2.946529475233688,0.671742294611381
2.745,-0.49975328018286574,-0.09867980996352832,-0.42799772225135235,-2.9294832494140706,0.7049848172191929
2.746,-0.49984209464164997,-0.07894852322880214,-0.4309101763211726,-2.9124540698202726,0.7049848172191929
2.747,-0.4999111761904045,-0.05921411974156043,-0.43380561824057867,-2.8954419194060685,0.7049848172191929
2.748,-0.49996052210190806,-0.03947737858225098,-0.43668406502172097,-2.8784467811422787,0.7049848172191929
2.749,-0.49999013042806856,-0.01973907892364235,-0.4395455336597377,-2.8614686380167527,0.7049848172191929
2.75,-0.5,-7.696627359907778e-15,-0.4423893901959419,-2.843856536204246,0.7375316587244989
2.751,-0.49999013042806856,0.019739078923638118,-0.4452156522424355,-2.826262046493552,0.7375316587244989
2.7520000000000002,-0.49996052210190806,0.0394773785822579,-0.44802433739370806,-2.8086851512725683,0.7375316587244989
2.753,-0.4999111761904045,0.059214119741556194,-0.4508154632266549,-2.791125832946806,0.7375316587244989
2.754,-0.49984209464164997,0.07894852322879792,-0.45358904730059424,-2.773584073939369,0.7375316587244989
2.755,-0.4997532801828658,0.09867980996352406,-0.45634447077647156,-2.755423475877303,0.7693506994063247
2.7560000000000002,-0.4996447363202946,0.11840720098833092,-0.45908175181488486,-2.737281038413299,0.7693506994063247
2.757,-0.4995164673390624,0.13812991749956607,-0.4618009085582716,-2.719156743386759,0.7693506994063247
2.758,-0.4993684783030088,0.15784718087818578,-0.46450195913092684,-2.701050572655246,0.7693506994063247
2.759,-0.49920077505448757,0.17755821272038208,-0.4671849216390213,-2.682962508094464,0.7693506994063247
2.7600000000000002,-0.4990133642141358,0.19726223486837968,-0.4698491929738529,-2.6642713348315974,0.8004105377386241
2.761,-0.4988062531806126,0.2169584694411006,-0.47249479182659493,-2.645598852741993,0.8004105377386241
2.762,-0.49857945013030697,0.23664613886494032,-0.4751217368697294,-2.6269450431344787,0.8004105377386241
2.763,-0.49833296401701493,0.2563244659044208,-0.477730046757066,-2.608309887336572,0.8004105377386241
2.7640000000000002,-0.49806680457158625,0.27599267369288516,-0.48031974012376044,-2.589693366694463,0.8004105377386241
2.765,-0.49778098230154005,0.2956499857631673,-0.48289023018666055,-2.570490062900134,0.8306805213817298
2.766,-0.49747550849065014,0.31529562607824535,-0.48544153614907015,-2.5513059624095993,0.8306805213817298
2.767,-0.4971503951984996,0.3349288190618784,-0.4879736771950897,-2.532141046019555,0.8306805213817298
2.7680000000000002,-0.49680565526000414,0.35454878962923597,-0.4904866724896356,-2.512995294545901,0.8306805213817298
2.769,-0.4964413022849068,0.37415476321745267,-0.49298054117845935,-2.4938686888237207,0.8306805213817298
2.77,-0.4960573506572389,0.3937459658162731,-0.4954547133830456,-2.4741722045862082,0.8601307774344391
2.771,-0.4956538155347533,0.4133216239985642,-0.49790920879987854,-2.454495416832933,0.8601307774344391
2.7720000000000002,-0.49523071284832565,0.43288096495085976,-0.500344047105746,-2.4348383058674115,0.8601307774344391
2.773,-0.4947880593013255,0.45242321650387013,-0.5027592479577588,-2.4152008520128554,0.8601307774344391
2.774,-0.4943258723689571,0.47194760716296547,-0.505154830993371,-2.395583035612154,0.8601307774344391
2.775,-0.493844170297569,0.4914533661386337,-0.5075302438011092,-2.375412807738205,0.8887322419168402
2.7760000000000002,-0.4933429721039339,0.5109397233769208,-0.5098855065512014,-2.35526275009213,0.8887322419168402
2.777,-0.4928222975744989,0.530405909589787,-0.5122206393937051,-2.335132842503701,0.8887322419168402
2.778,-0.4922821672646026,0.5498511562855428,-0.514535662458528,-2.3150230648228605,0.8887322419168402
2.779,-0.4917226024976648,0.5692746957991446,-0.5168305958554477,-2.294933396919701,0.8887322419168402
2.7800000000000002,-0.49114362536434436,0.5886757613225105,-0.5191049051852014,-2.274309329753684,0.91645668845487
2.781,-0.4905452587216671,0.6080535869347938,-0.5213586110718562,-2.253705886654833,0.91645668845487
2.782,-0.4899275261921235,0.6274074076326195,-0.5235917341188553,-2.233123046999081,0.91645668845487
2.783,-0.48929045216273614,0.6467364593602855,-0.5258042949090382,-2.2125607901829847,0.91645668845487
2.7840000000000003,-0.4886340617840965,0.6660399790399368,-0.527996314004662,-2.1920190956237042,0.91645668845487
2.785,-0.4879583809693735,0.6853172046016479,-0.5301672755460672,-2.1709615414053167,0.9432767561381826
2.786,-0.48726343639328845,0.7045673750135724,-0.5323172005908083,-2.1499250447411478,0.9432767561381826
2.787,-0.4865492554910636,0.723789730311933,-0.534446110175382,-2.128909584573643,0.9432767561381826
2.7880000000000003,-0.48581586645733693,0.7429835116310892,-0.5365540253152483,-2.107915139866306,0.9432767561381826
2.789,-0.4850632982450529,0.7621479612333869,-0.538640967004852,-2.086941689603676,0.9432767561381826
2.79,-0.4842915805643156,0.7812823225391814,-0.5407064384332356,-2.0654714283835935,0.9691659765239299
2.791,-0.4835007438812176,0.8003858401566517,-0.5427504610706604,-2.0440226374247312,0.9691659765239299
2.7920000000000003,-0.4826908194166366,0.8194577599116434,-0.5447730563659172,-2.022595295256828,0.9691659765239299
2.793,-0.4818618391450051,0.8384973288773888,-0.5467742457463484,-2.0011893804310925,0.9691659765239299
2.794,-0.4810138357930432,0.8575037954043381,-0.5487540506178685,-1.9798048715201828,0.9691659765239299
2.795,-0.48014684283847187,0.8764764091497267,-0.550711993708522,-1.9579430906534674,0.9940987997597662
2.7960000000000003,-0.4792608945086878,0.8954144211072608,-0.5526480968800896,-1.9361031715676187,0.9940987997597662
2.797,-0.47835602577941516,0.9143170836366338,-0.5545623819724905,-1.9142850924008556,0.9940987997597662
2.798,-0.4774322723733215,0.9331836504931065,-0.5564548708038037,-1.8924888313132595,0.9940987997597662
2.799,-0.47648967075860943,0.952013376856924,-0.5583255851702905,-1.870714366486751,0.9940987997597662
2.8000000000000003,-0.4755282581475769,0.9708055193627313,-0.5601740678100148,-1.8484826397242586,1.018050619800272
2.801,-0.47454807249514747,0.9895593361289193,-0.5620003409547033,-1.826273144688529,1.018050619800272
2.802,-0.4735491524973724,1.008274086786914,-0.5638044268138511,-1.804085859147835,1.018050619800272
2.803,-0.47253153758990274,1.0269490325104043,-0.5655863475747438,-1.7819207608926817,1.018050619800272
2.8040000000000003,-0.47149526794643204,1.0455834360445198,-0.5673461254024795,-1.7597778277357836,1.018050619800272
2.805,-0.47044038447711256,1.0641765617348955,-0.5690833234964138,-1.737198093934209,1.0409977986919379
2.806,-0.4693669288269369,1.0827276755567758,-0.5707979644362802,-1.7146409398664362,1.0409977986919379
2.807,-0.46827494337409614,1.101236045143952,-0.5724900707792329,-1.692106342952731,1.0409977986919379
2.8080000000000003,-0.46716447122830607,1.119700939817684,-0.5741596650598688,-1.6695942806359394,1.0409977986919379
2.809,-0.4660355562291056,1.138121630615547,-0.5758067697902503,-1.6471047303814648,1.0409977986919379
2.81,-0.4648882429441259,1.15649739032021,-0.5774309690621032,-1.6241992718530283,1.062917689902751
2.811,-0.4637225766673309,1.1748274934881437,-0.5790322857808864,-1.6013167187831203,1.062917689902751
2.8120000000000003,-0.4625386034172287,1.1931112164782718,-0.5806107428291527,-1.578457048266282,1.062917689902751
2.813,-0.46133636993505717,1.2113478374804962,-0.5821663630665727,-1.5556202374199608,1.062917689902751
2.814,-0.46011592368293497,1.2295366365442573,-0.5836991693299571,-1.532806263384486,1.062917689902751
2.815,-0.45887731284199046,1.2476768956069109,-0.5852087670138648,-1.5095976839076344,1.0837886606733522
2.816,-0.4576205863104595,1.2657678985220813,-0.5866951793268751,-1.4864123130102598,1.0837886606733522
2.817,-0.45634579370175143,1.2838089310879797,-0.5881584294543589,-1.4632501274837826,1.0837886606733522
2.818,-0.455052985342498,1.3017992810755021,-0.5895985405585018,-1.4401111041428318,1.0837886606733522
2.819,-0.45374221227055866,1.3197382382564447,-0.591015535778327,-1.416995219825222,1.0837886606733522
2.82,-0.45241352623301007,1.337625094431495,-0.592409042200665,-1.3935064223380438,1.103590113367649
2.821,-0.45106697968410103,1.355459143458208,-0.5937790833143134,-1.3700411136483528,1.103590113367649
2.822,-0.4497026257831852,1.373239681278845,-0.5951256825845808,-1.3465992702673515,1.103590113367649
2.823,-0.4483205183926185,1.390966005948218,-0.5964488634533105,-1.323180868729731,1.103590113367649
2.824,-0.44692071207563255,1.4086374176614018,-0.5977486493389041,-1.2997858855936484,1.103590113367649
2.825,-0.4455032620941839,1.4262532187813197,-0.5990246893884962,-1.2760400495920161,1.122302505801931
2.826,-0.4440682244067723,1.4438127138662868,-0.6002770073479226,-1.2523179594263856,1.122302505801931
2.827,-0.44261565566622774,1.4613152096975137,-0.6015056269392735,-1.2286195913509206,1.122302505801931
2.828,-0.44114561321747686,1.4787600153064344,-0.602710571860917,-1.204944921643531,1.122302505801931
2.829,-0.4396581550952776,1.4961464420020032,-0.6038918657875229,-1.1812939266058489,1.122302505801931
2.83,-0.43815334002193224,1.5134738033978352,-0.6050491802727914,-1.1573144852685973,1.1399073705322864
2.831,-0.43663122740496063,1.5307414154394012,-0.6061825392961641,-1.133359023372683,1.1399073705322864
2.832,-0.43509187733476345,1.5479485964309347,-0.6072919668131027,-1.1094275169386645,1.1399073705322864
2.833,-0.43353535058224485,1.5650946670624033,-0.6083774867551138,-1.0855199420110802,1.1399073705322864
2.834,-0.4319617085964176,1.582178950436278,-0.6094391230297722,-1.0616362746584234,1.1399073705322864
2.835,-0.4303710135019719,1.5992007720943138,-0.6104765699214943,-1.0374468917221364,1.1563873330814218
2.836,-0.42876332809682627,1.6161594600441374,-0.6114898516196632,-1.0132816981687858,1.1563873330814218
2.837,-0.42713871584964785,1.6330543447857868,-0.6124789922894722,-0.9891406698089885,1.1563873330814218
2.838,-0.42549724089734625,1.6498847593381412,-0.6134440160719498,-0.965023782477551,1.1563873330814218
2.839,-0.42383896804254206,1.666650039265252,-0.6143849470839832,-0.9409310120334451,1.1563873330814218
2.84,-0.4221639627510081,1.6833495227025745,-0.6153015026424229,-0.9165555584396765,1.171726129086756
2.841,-0.42047229114908424,1.6999825503831059,-0.6161937071227224,-0.8922044802995017,1.171726129086756
2.842,-0.41876402002107066,1.7165484656633758,-0.6170615848759599,-0.8678777532374671,1.171726129086756
2.843,-0.4170392168065855,1.7330466145494223,-0.6179051602288623,-0.8435753529024945,1.171726129086756
2.844,-0.41529794959790634,1.749476345722578,-0.6187244574838302,-0.8192972549678569,1.171726129086756
2.845,-0.4135402871372811,1.765837010565188,-0.6195192172691361,-0.7947597853058288,1.1859086203530116
2.846,-0.411766298814214,1.782127963186218,-0.6202894641222495,-0.7702468531134627,1.1859086203530116
2.847,-0.4099760546627265,1.798348560446753,-0.6210352225561028,-0.7457584338532891,1.1859086203530116
2.848,-0.40816962535859247,1.8144981619853877,-0.6217565170591152,-0.7212945030123756,1.1859086203530116
2.849,-0.40634708221654653,1.8305761302435148,-0.6224533720952174,-0.696855036102303,1.1859086203530116
2.85,-0.4045084971874734,1.8465818304904595,-0.6231255518600878,-0.6721797648703344,1.198920809793317
2.851,-0.4026539428555608,1.8625146308485905,-0.6237730810289974,-0.6475291689095977,1.198920809793317
2.852,-0.40078349243543926,1.8783739023182229,-0.6243959842525423,-0.6229032235448217,1.198920809793317
2.853,-0.39889721976928555,1.8941590188025008,-0.6249942861566677,-0.5983019041254106,1.198920809793317
2.854,-0.3969951993239178,1.909869357132027,-0.6255680113426931,-0.5737251860254189,1.198920809793317
2.855,-0.39507750618784543,1.925504297089554,-0.6261169478064277,-0.5489364637345098,1.2107498552441873
2.856,-0.39314421606830985,1.9410632214344232,-0.6266411203365936,-0.5241725301658915,1.2107498552441873
2.857,-0.3911954052882935,1.9565455159269516,-0.6271405536971244,-0.49943336053084186,1.2107498552441873
2.858,-0.3892311507835112,1.9719505693526451,-0.6276152726271899,-0.47471893006542726,1.2107498552441873
2.859,-0.3872515300993677,1.9872777735463718,-0.6280653018412203,-0.4500292140304781,1.2107498552441873
2.86,-0.3852566213878955,2.0025265234163725,-0.628490453344394,-0.4251515031736335,1.221384082140705
2.861,-0.3832465034046748,2.0176962169681114,-0.6288907520144217,-0.40029867002764574,1.221384082140705
2.862,-0.38122125550572394,2.0327862553280456,-0.6292662227041365,-0.375470689714804,1.221384082140705
2.863,-0.37918095764436105,2.047796042767307,-0.6296168902415187,-0.35066753738227513,1.221384082140705
2.864,-0.3771256903680522,2.062724986725188,-0.6299427794297208,-0.32588918820207874,1.221384082140705
2.865,-0.375055534815229,2.077572497832553,-0.6302437264688339,-0.3009470391130892,1.230812995039373
2.866,-0.3729705727120916,2.09233798993506,-0.6305197563010071,-0.2760298321731886,1.230812995039373
2.867,-0.37087088636937027,2.10702088011639,-0.6307708938434473,-0.25113754244022796,1.230812995039373
2.868,-0.36875655867908774,2.12162058872117,-0.6309971639884443,-0.22627014499700027,1.230812995039373
2.869,-0.36662767311127975,2.136136539377912,-0.6311985916033955,-0.2014276149512158,1.230812995039373
2.87,-0.36448431371070567,2.150568159021723,-0.6313750372449722,-0.17644564157671935,1.2390272879772615
2.871,-0.36232656509352335,2.1649148779169782,-0.6315265258951478,-0.1514886501755974,1.2390272879772615
2.872,-0.3601545124439536,2.1791761296797816,-0.6316530825109137,-0.12655661576587657,1.2390272879772615
2.873,-0.3579682415109159,2.1933513513003318,-0.6317547320243042,-0.10164951339056547,1.2390272879772615
2.874,-0.3557678386046431,2.207439983165152,-0.6318314993424219,-0.07676731811762967,1.2390272879772615
2.875,-0.35355339059327434,2.2214414690791795,-0.6318832695161483,-0.05177017372636529,1.246018853657338
2.876,-0.3513249848994253,2.2353552562877246,-0.6319100675426278,-0.026798026479492164,1.246018853657338
2.8770000000000002,-0.3490827094967359,2.249180795498301,-0.6319119183940076,-0.0018508513798659136,1.246018853657338
2.878,-0.3468266529064022,2.2629175409022775,-0.631888847017463,0.02307137654466071,1.246018853657338
2.879,-0.3445569041936741,2.2765649501964744,-0.6318408783352217,0.04796868224126281,1.246018853657338
2.88,-0.3422735529643443,2.2901224846045416,-0.6317679220058336,0.07295632938803631,1.2517807914507384
2.8810000000000002,-0.3399766893612097,2.3035896088982337,-0.631670003016946,0.09791898888766304,1.2517807914507384
2.882,-0.3376664040605125,2.316965791418544,-0.6315471463312182,0.12285668572779014,1.2517807914507384
2.883,-0.33534278826836045,2.3302505040966905,-0.6313993768863472,0.14776944487107713,1.2517807914507384
2.884,-0.3330059337171264,2.343443222474963,-0.6312267195950919,0.17265729125522083,1.2517807914507384
2.8850000000000002,-0.33065593266182536,2.3565434257274367,-0.6310291088128438,0.19761078224812956,1.2563074142081978
2.886,-0.32829287787647776,2.3695505966805044,-0.6308065694930938,0.22253931975004537,1.2563074142081978
2.887,-0.32591686265043907,2.3824642218333354,-0.6305591265643793,0.24744292871445928,1.2563074142081978
2.888,-0.323527980784722,2.3952837913781204,-0.6302868049303094,0.2723216340699088,1.2563074142081978
2.8890000000000002,-0.32112632658829215,2.408008799220205,-0.6299896294695894,0.29717546072000284,1.2563074142081978
2.89,-0.318711994874345,2.4206387429980674,-0.6296675592992526,0.322070170336761,1.259594253873908
2.891,-0.3162850809565625,2.433173124103154,-0.6293206193140086,0.3469399852439024,1.259594253873908
2.892,-0.3138456806453507,2.4456114476995605,-0.6289488343836724,0.3717849303361367,1.259594253873908
2.8930000000000002,-0.31139389024405545,2.4579532227435763,-0.6285522293531891,0.3966050304832787,1.259594253873908
2.894,-0.30892980654516655,2.470197962003042,-0.6281308290426588,0.4214003105302736,1.259594253873908
2.895,-0.3064535268264892,2.4823451820766165,-0.6276846173711211,0.44621167153766816,1.261638065896242
2.896,-0.30396514884730375,2.4943944034128656,-0.6272136191499371,0.4709982211840553,1.261638065896242
2.8970000000000002,-0.3014647708445122,2.506345150329162,-0.6267178591656564,0.4957599842807961,1.261638065896242
2.898,-0.2989524915287594,2.518196951030467,-0.626197362180042,0.5204969856144401,1.261638065896242
2.899,-0.2964284100805297,2.529949337627989,-0.6256521529300952,0.5452092499467506,1.261638065896242
2.9,-0.29389262614623685,2.5416018461576284,-0.6250822401527498,0.5699127773454234,1.26243683243098
2.9010000000000002,-0.29134523983428706,2.5531540165983078,-0.6244876485515332,0.5945916012166976,1.26243683243098
2.902,-0.2887863517111344,2.5646053928900985,-0.623868402805269,0.6192457462641006,1.26243683243098
2.903,-0.2862160627972962,2.5759555229522926,-0.6232245275681025,0.643875237166456,1.26243683243098
2.904,-0.2836344745633792,2.5872039587011826,-0.6225560474695246,0.6684800985779091,1.26243683243098
2.9050000000000002,-0.28104168892606496,2.5983502560677922,-0.6218629960557587,0.6930514137660089,1.2619897643338844
2.906,-0.2784378082440938,2.609393975015374,-0.6211453978981197,0.7175981576389205,1.2619897643338844
2.907,-0.2758229353142151,2.6203346795568208,-0.6204032775433518,0.7421203547679593,1.2619897643338844
2.908,-0.27319717336713467,2.63117193777185,-0.6196366595136519,0.766618029699869,1.2619897643338844
2.9090000000000003,-0.2705606260634382,2.641905321824064,-0.618845568306695,0.7910912069568469,1.2619897643338844
2.91,-0.2679133974894988,2.652534407977839,-0.6180300622449063,0.8155060617887038,1.26029730194069
2.911,-0.26525559215336764,2.663058776615053,-0.6171901657431406,0.8398965017657288,1.26029730194069
2.912,-0.26258731498064863,2.6734780122516537,-0.6163259031918378,0.8642625513027768,1.26029730194069
2.9130000000000003,-0.25990867131035417,2.683791703554064,-0.6154372989570475,0.8886042347902878,1.26029730194069
2.914,-0.2572197668907528,2.6939994433553998,-0.6145243773804532,0.9129215765943114,1.26029730194069
2.915,-0.25452070787518544,2.7041008286715775,-0.6135872215031428,0.9371558773103914,1.2573611146337154
2.916,-0.25181160081788034,2.7140954607172016,-0.6126258555594171,0.9613659437257553,1.2573611146337154
2.9170000000000003,-0.24909255266974553,2.723982944921312,-0.6116403037593423,0.9855518000747039,1.2573611146337154
2.918,-0.24636367077414606,2.733762890942964,-0.610630590288775,1.0097134705673034,1.2573611146337154
2.919,-0.2436250628626666,2.7434349126866326,-0.6095967393093855,1.0338509793894104,1.2573611146337154
2.92,-0.24087683705085827,2.752998628317461,-0.6085388584989916,1.0578808103939303,1.2531840991954697
2.9210000000000003,-0.23811910183396878,2.762453660276338,-0.6074569718874241,1.0818866115674457,1.2531840991954697
2.922,-0.23535196608266568,2.77179963529478,-0.6063511034804843,1.1058684069397877,1.2531840991954697
2.923,-0.23257553903872874,2.7810361844097016,-0.6052212772599675,1.1298262205167573,1.2531840991954697
2.924,-0.22978993031074368,2.7901629429779597,-0.6040675171836875,1.1537600762801499,1.2531840991954697
2.9250000000000003,-0.22699524986977332,2.799179550690753,-0.6028899554599446,1.17756172374289,1.2477703769510091
2.926,-0.22419160804501623,2.8080856515878483,-0.6016886158903865,1.2013395695581672,1.2477703769510091
2.927,-0.22137911551945103,2.8168808940716312,-0.6004635222528588,1.2250936375276293,1.2477703769510091
2.928,-0.2185578833254669,2.8255649309209896,-0.5992146983014297,1.248823951429122,1.2477703769510091
2.9290000000000003,-0.2157280228404785,2.834137419305022,-0.597942167766413,1.272530535016713,1.2477703769510091
2.93,-0.21288964578253552,2.8425980207965553,-0.5966460872561372,1.2960805102757305,1.2411252897017073
2.931,-0.21004286420590412,2.850946401385531,-0.5953264803205778,1.3196069355594888,1.2411252897017073
2.932,-0.20718779049664324,2.859182231492187,-0.5939833704861598,1.3431098344179635,1.2411252897017073
2.9330000000000003,-0.20432453736817424,2.867305185980052,-0.5926167812557822,1.3665892303775797,1.2411252897017073
2.934,-0.20145321785683123,2.8753149441687826,-0.591226736108841,1.3900451469412363,1.2411252897017073
2.935,-0.1985739453173904,2.883211189846845,-0.5898134158991576,1.4133202096833868,1.2332553944545839
2.936,-0.19568683341860146,2.8909936112839816,-0.5883768439017948,1.436571997362795,1.2332553944545839
2.9370000000000003,-0.19279199613869707,2.898661901243522,-0.5869170433685402,1.4598005332545239,1.2332553944545839
2.938,-0.1898895477609012,2.9062157569944973,-0.5854340375279299,1.483005840610361,1.2332553944545839
2.939,-0.18697960286890103,2.9136548803236293,-0.583927849585271,1.5061879426588423,1.2332553944545839
2.94,-0.18406227634234,2.920978977547062,-0.5823986844614157,1.52916512385523,1.224168456952328
2.9410000000000003,-0.18113768335227237,2.9281877595219825,-0.5808465651335453,1.5521193278704213,1.224168456952328
2.942,-0.17820593935662507,2.9352809416580135,-0.5792715145558637,1.5750505776815975,1.224168456952328
2.943,-0.1752671600956294,2.942258243928474,-0.5776735556596208,1.5979588962429625,1.224168456952328
2.944,-0.1723214615872586,2.9491193908814175,-0.576052711353135,1.620844306485766,1.224168456952328
2.945,-0.16936896012264593,2.9558641116505098,-0.5744092104220755,1.6435009310594884,1.2138734440104013
2.946,-0.16640977226149375,2.9624921399657245,-0.5727430755230668,1.6661348990086369,1.2138734440104013
2.947,-0.16344401482747187,2.969003214163852,-0.5710543292900769,1.6887462329898362,1.2138734440104013
2.948,-0.16047180490360555,2.9753970771988323,-0.5693429943344399,1.7113349556370543,1.2138734440104013
2.949,-0.1574932598276534,2.9816734766519004,-0.5676090932448783,1.7339010895616254,1.2138734440104013
2.95,-0.1545084971874732,2.987832164741557,-0.5658528784461129,1.7562147987654395,1.2023805146687896
2.951,-0.15151763481638666,2.9938728983333336,-0.5640743722518529,1.77850619426005,1.2023805146687896
2.952,-0.14852079078851732,2.999795438949416,-0.5622735969534937,1.8007752983591656,1.2023805146687896
2.953,-0.14551808341413597,3.0055995527780413,-0.5604505748201395,1.8230221333541823,1.2023805146687896
2.954,-0.1425096312349883,3.0112850106827334,-0.5586053280986253,1.8452467215142039,1.2023805146687896
2.955,-0.13949555301961505,3.0168515882113494,-0.5567381326036293,1.867195494996033,1.1897010101671641
2.956,-0.13647596775866325,3.0222990656049404,-0.5548490102839249,1.8891223197043803,1.1897010101671641
2.957,-0.1334509946601886,3.0276272278064265,-0.5529379830663368,1.9110272175880192,1.1897010101671641
2.958,-0.13042075314494775,3.032835864469089,-0.5510050728557631,1.9329102105737745,1.1897010101671641
2.959,-0.12738536284169055,3.0379247699648673,-0.5490503015351965,1.954771320566544,1.1897010101671641
2.96,-0.12434494358242705,3.042893743392487,-0.5470739680370955,1.9763334981010439,1.1758474427533219
2.961,-0.12129961539770528,3.0477425885853835,-0.5450760939236375,1.9978741134580094,1.1758474427533219
2.962,-0.11824949851186238,3.0524711141194594,-0.5430567007354379,2.0193931881996177,1.1758474427533219
2.963,-0.11519471333829552,3.057079133320615,-0.5410158099915714,2.0408907438664845,1.1758474427533219
2.964,-0.11213538047469102,3.0615664642721447,-0.5389534431895937,2.0623668019776846,1.1758474427533219
2.965,-0.10907162069827189,3.065932929821907,-0.5368699220847513,2.083521104842425,1.1608334833359102
2.966,-0.1060035549610264,3.07017835758932,-0.5347652678313469,2.104654253404301,1.1608334833359102
2.967,-0.10293130438493993,3.0743025799721604,-0.5326395015625293,2.125766268817615,1.1608334833359102
2.968,-0.0998549902572047,3.0783054341531906,-0.5304926443903137,2.1468571722155154,1.1608334833359102
2.969,-0.09677473402543152,3.0821867621065855,-0.5283247174056037,2.167926984710018,1.1608334833359102
2.97,-0.09369065729286215,3.085946410604164,-0.5261360648689185,2.1886525366851823,1.144673947993727
2.971,-0.09060288181356871,3.089584231221436,-0.5239267075058102,2.2093573631083716,1.144673947993727
2.972,-0.08751152948763824,3.093100080343475,-0.521696666021105,2.2300414847051377,1.144673947993727
2.973,-0.08441672235636735,3.0964938191705778,-0.5194459610989247,2.250704922180307,1.144673947993727
2.974,-0.0813185825974424,3.099765313723746,-0.5171746134027068,2.2713476962180015,1.144673947993727
2.975,-0.07821723252011624,3.102914434849977,-0.5148829893585178,2.291624044188879,1.1273847833547737
2.976,-0.07511279456037952,3.105941058227361,-0.5125711092427061,2.3118801158117854,1.1273847833547737
2.977,-0.07200539127612726,3.108845064369989,-0.510238993311343,2.3321159313630693,1.1273847833547737
2.978,-0.06889514534231865,3.1116263386326724,-0.5078866618002442,2.352331511098802,1.1273847833547737
2.979,-0.06578217954614107,3.1142847712154627,-0.5055141349249894,2.3725268752547986,1.1273847833547737
2.98,-0.06266661678215213,3.1168202571679955,-0.5031218009155927,2.3923340093967362,1.1089830508596337
2.981,-0.059548580047435073,3.119232696393626,-0.5007096795791881,2.412121336404532,1.1089830508596337
2.982,-0.05642819243674124,3.121521993653385,-0.4982777907031028,2.43188887608532,1.1089830508596337
2.983,-0.05330557713763055,3.123688058569736,-0.49582615405487634,2.4516366482264274,1.1089830508596337
2.984,-0.05018085742560823,3.1257308056301456,-0.49335478938228094,2.4713646725953935,1.1089830508596337
2.985,-0.04705415665925814,3.127650154190457,-0.4908641063361597,2.490683046121289,1.0894869099245645
2.986,-0.043925598275371,3.1294460284780774,-0.488354124234886,2.509982101273659,1.0894869099245645
2.987,-0.04079530578407838,3.131118357594962,-0.4858248623775151,2.529261857370877,1.0894869099245645
2.988,-0.03766340276396616,3.132667075520422,-0.4832763400438031,2.5485223337119973,1.0894869099245645
2.989,-0.03453001285720289,3.134092121113726,-0.4807085764942263,2.5677635495767768,1.0894869099245645
2.99,-0.031395259764656874,3.1353934381165134,-0.47812200239619873,2.5865740980276213,1.0689156000210598
2.991,-0.028259267241012645,3.1365709751550175,-0.4755166365602687,2.605365835930015,1.0689156000210598
2.992,-0.025122159089885358,3.1376246857420926,-0.4728924977781742,2.624138782094506,1.0689156000210598
2.993,-0.021984059158933228,3.138554528279048,-0.4702496048228614,2.6428929553128326,1.0689156000210598
2.994,-0.018845091334966466,3.139360466057294,-0.4675879764485034,2.661628374357941,1.0689156000210598
2.995,-0.015705379539063535,3.1400424672597853,-0.46490806391408607,2.6799125344173715,1.047289421689433
2.996,-0.012565047721668325,3.1406005049622836,-0.46220988550376935,2.6981784103167428,1.047289421689433
2.997,-0.009424219857705645,3.141034557134415,-0.4594934594834291,2.7164260203402146,1.047289421689433
2.998,-0.00628301994167628,3.1413446066405433,-0.4567588041006755,2.734655382753663,1.047289421689433
2.999,-0.0031415719827796473,3.141530641240445,-0.4540059375848708,2.752866515804698,1.047289421689433
3.0,-3.6739403974420594e-16,3.141592653589793,-0.45123533134125177,2.7706062436189987,1.0246297165052694
3.001,0.0031415719827789126,3.141530641240445,-0.44844700310954627,2.788328231705485,1.0246297165052694
3.0020000000000002,0.006283019941677322,3.1413446066405433,-0.4456409706117424,2.806032497803885,1.0246297165052694
3.003,0.00942421985770491,3.141034557134415,-0.4428172515521062,2.8237190596361863,1.0246297165052694
3.004,0.01256504772166759,3.1406005049622836,-0.43997586361719954,2.8413879349066553,1.0246297165052694
3.005,0.015705379539062803,3.1400424672597853,-0.43711729789330744,2.858565723892118,1.0009588460184637
3.0060000000000002,0.018845091334967506,3.1393604660572936,-0.43424157155821885,2.875726335088595,1.0009588460184637
3.007,0.021984059158932492,3.138554528279048,-0.431348701772545,2.8928697856738754,1.0009588460184637
3.008,0.025122159089884622,3.1376246857420926,-0.4284387056797364,2.9099960928085706,1.0009588460184637
3.009,0.028259267241011913,3.136570975155018,-0.42551160040610025,2.927105273636131,1.0009588460184637
3.0100000000000002,0.031395259764657915,3.135393438116513,-0.42256789623434404,2.943704171756208,0.9763001696856308
3.011,0.03453001285720216,3.1340921211137265,-0.41960760976336586,2.960286470978164,0.9763001696856308
3.012,0.037663402763965424,3.1326670755204225,-0.41663075757546497,2.9768521879008984,0.9763001696856308
3.013,0.04079530578407765,3.1311183575949624,-0.4136373562363583,2.9934013391067102,0.9763001696856308
3.0140000000000002,0.043925598275372034,3.129446028478077,-0.41062742229519694,3.009933941161316,0.9763001696856308
3.015,0.04705415665925741,3.1276501541904578,-0.40760148472754043,3.025937567656508,0.9506780218176513
3.016,0.0501808574256075,3.125730805630146,-0.4045595595370152,3.0419251905252045,0.9506780218176513
3.017,0.05330557713762982,3.1236880585697366,-0.4015016627112442,3.0578968257710324,0.9506780218176513
3.0180000000000002,0.056428192436740514,3.1215219936533853,-0.3984278102218626,3.0738524893816144,0.9506780218176513
3.019,0.059548580047434345,3.1192326963936265,-0.395338018024534,3.0897921973285856,0.9506780218176513
3.02,0.06266661678215141,3.116820257167996,-0.39223283326565145,3.1051847588825607,0.924117687565194
3.021,0.06578217954614034,3.1142847712154635,-0.3891122713377765,3.120561927874982,0.924117687565194
3.0220000000000002,0.06889514534231969,3.111626338632672,-0.3859763476180781,3.135923719698411,0.924117687565194
3.023,0.07200539127612654,3.1088450643699894,-0.3828250774683481,3.1512701497300166,0.924117687565194
3.024,0.0751127945603788,3.1059410582273617,-0.37965847623501653,3.1666012333315905,0.924117687565194
3.025,0.0782172325201155,3.102914434849978,-0.37647710869535894,3.1813675396575745,0.8966453779657804
3.0260000000000002,0.08131858259744168,3.099765313723747,-0.37328098961568174,3.1961190796772323,0.8966453779657804
3.027,0.08441672235636663,3.0964938191705786,-0.37007013374752484,3.210855868156871,0.8966453779657804
3.028,0.08751152948763752,3.0931000803434756,-0.36684455582767683,3.2255779198480297,0.8966453779657804
3.029,0.09060288181356799,3.0895842312214365,-0.36360427057818934,3.2402852494874974,0.8966453779657804
3.0300000000000002,0.09369065729286317,3.0859464106041625,-0.3603498598498698,3.254410728319552,0.8682882040771046
3.031,0.0967747340254308,3.0821867621065864,-0.357081337768197,3.2685220816727742,0.8682882040771046
3.032,0.09985499025720398,3.078305434153191,-0.3537987184445244,3.2826193236726438,0.8682882040771046
3.033,0.1029313043849392,3.0743025799721613,-0.3505020159760939,3.2967024684305133,0.8682882040771046
3.0340000000000003,0.10600355496102741,3.0701783575893185,-0.34719124444605026,3.310771530043625,0.8682882040771046
3.035,0.10907162069827117,3.065932929821908,-0.34386700220453226,3.3242422415180237,0.8390741502221278
3.036,0.1121353804746903,3.061566464272146,-0.3405293027222513,3.3376994822809483,0.8390741502221278
3.037,0.11519471333829481,3.057079133320616,-0.3371781594564482,3.3511432658031097,0.8390741502221278
3.0380000000000003,0.1182494985118634,3.052471114119458,-0.3338135858509064,3.3645736055417492,0.8390741502221278
3.039,0.12129961539770458,3.047742588585385,-0.3304355953359658,3.37799051494065,0.8390741502221278
3.04,0.12434494358242634,3.042893743392488,-0.3270448021706126,3.3907931653531564,0.8090320463723355
3.041,0.12738536284168986,3.037924769964868,-0.32364121915749733,3.40358301311525,0.8090320463723355
3.0420000000000003,0.13042075314494875,3.032835864469088,-0.32022485908646775,3.4163600710295814,0.8090320463723355
3.043,0.1334509946601879,3.0276272278064273,-0.3167957347345817,3.4291243518859984,0.8090320463723355
3.044,0.13647596775866253,3.0222990656049418,-0.31335385886612016,3.441875868461559,0.8090320463723355
3.045,0.13949555301961436,3.0168515882113507,-0.30989986104273315,3.453997823387026,0.7781915396964065
3.0460000000000003,0.1425096312349893,3.0112850106827316,-0.3064337533863756,3.466107656357567,0.7781915396964065
3.047,0.14551808341413527,3.0055995527780426,-0.30295554800688046,3.4782053794951375,0.7781915396964065
3.048,0.14852079078851663,2.9997954389494175,-0.2994652570019709,3.4902910049095706,0.7781915396964065
3.049,0.15151763481638597,2.993872898333335,-0.2959628924572723,3.502364544698589,0.7781915396964065
3.0500000000000003,0.1545084971874742,2.987832164741555,-0.29244909861581236,3.513793841459938,0.7465830653023829
3.051,0.1574932598276527,2.9816734766519017,-0.28892388690688786,3.5252117089245254,0.7465830653023829
3.052,0.16047180490360485,2.9753970771988336,-0.28538726874836623,3.5366181585216485,0.7465830653023829
3.053,0.16344401482747117,2.9690032141638536,-0.28183925554669703,3.5480132016691743,0.7465830653023829
3.0540000000000003,0.16640977226149306,2.962492139965726,-0.27827985869692345,3.559396849773553,0.7465830653023829
3.055,0.16936896012264527,2.955864111650511,-0.2747097364876756,3.570122209247824,0.7142378162022249
3.056,0.17232146158725792,2.949119390881419,-0.27112889964431297,3.5808368433626208,0.7142378162022249
3.057,0.1752671600956287,2.942258243928476,-0.2675373588814697,3.5915407628433025,0.7142378162022249
3.0580000000000003,0.17820593935662604,2.9352809416580117,-0.2639351249030652,3.6022339784045037,0.7142378162022249
3.059,0.18113768335227334,2.9281877595219803,-0.26032220840231507,3.612916500750144,0.7142378162022249
3.06,0.1840622763423393,2.9209789775470636,-0.2566992810638151,3.622927338499961,0.6811877125283847
3.061,0.18697960286890034,2.913654880323631,-0.25306635289840307,3.632928165412029,0.6811877125283847
3.0620000000000003,0.1898895477609005,2.906215756994499,-0.24942343390690588,3.6429189914971847,0.6811877125283847
3.063,0.19279199613869805,2.8986619012435195,-0.24577053408014962,3.652899826756255,0.6811877125283847
3.064,0.1956868334186008,2.8909936112839834,-0.24210766339896955,3.6628706811800664,0.6811877125283847
3.065,0.19857394531738973,2.8832111898468473,-0.23843550628107002,3.6721571178995416,0.6474653700327528
3.0660000000000003,0.20145321785683218,2.87531494416878,-0.23475407201288773,3.681434268182297,0.6474653700327528
3.067,0.2043245373681752,2.867305185980049,-0.23106336987157294,3.69070214131477,0.6474653700327528
3.068,0.20718779049664257,2.8591822314921886,-0.22736340912499883,3.6999607465741104,0.6474653700327528
3.069,0.21004286420590346,2.8509464013855332,-0.22365419903177064,3.7092100932281915,0.6474653700327528
3.0700000000000003,0.21288964578253647,2.8425980207965527,-0.2199364360672777,3.717762964492946,0.6131040678991225
3.071,0.21572802284047946,2.834137419305019,-0.21621012878439125,3.7263072828864354,0.6131040678991225
3.072,0.21855788332546625,2.8255649309209914,-0.2124752857274297,3.7348430569615316,0.6131040678991225
3.073,0.2213791155194504,2.8168808940716334,-0.20873191543216715,3.7433702952625527,0.6131040678991225
3.074,0.22419160804501556,2.8080856515878505,-0.20498002642584187,3.7518890063252726,0.6131040678991225
3.075,0.22699524986977423,2.79917955069075,-0.2012203265542049,3.7596998716369647,0.5781377159008754
3.076,0.22978993031074302,2.790162942977962,-0.19745282362812155,3.7675029260833455,0.5781377159008754
3.077,0.2325755390387281,2.781036184409704,-0.1936775254506463,3.7752981774752796,0.5781377159008754
3.078,0.23535196608266504,2.7717996352947822,-0.18989443981703047,3.783085633615822,0.5781377159008754
3.079,0.2381191018339697,2.7624536602763348,-0.18610357451473025,3.7908653023002237,0.5781377159008754
3.08,0.2408768370508576,2.7529986283174632,-0.1823056480613136,3.7979264534166504,0.5426008209363475
3.081,0.24362506286266597,2.7434349126866344,-0.17850066751793164,3.804980543381961,0.5426008209363475
3.082,0.24636367077414542,2.733762890942966,-0.17468863993867434,3.8120275792573057,0.5426008209363475
3.083,0.2490925526697449,2.723982944921315,-0.17086957237057757,3.8190675680967754,0.5426008209363475
3.084,0.25181160081787973,2.714095460717204,-0.16704347185363017,3.8261005169474056,0.5426008209363475
3.085,0.25452070787518477,2.7041008286715797,-0.16321106686814021,3.832404985489956,0.5065284529748821
3.086,0.2572197668907522,2.6939994433554024,-0.15937236371857624,3.8387031495639636,0.5065284529748821
3.087,0.25990867131035505,2.683791703554061,-0.15552736870310235,3.844995015473897,0.5065284529748821
3.088,0.262587314980648,2.673478012251656,-0.15167608811358443,3.8512805895179207,0.5065284529748821
3.089,0.265255592153367,2.6630587766150557,-0.14781852823559655,3.8575598779879003,0.5065284529748821
3.09,0.26791339748949816,2.6525344079778415,-0.1439554267932777,3.8631014423188557,0.4699562104471718
3.091,0.27056062606343756,2.6419053218240665,-0.1400867893281922,3.8686374650854805,0.4699562104471718
3.092,0.27319717336713406,2.6311719377718523,-0.13621262137636286,3.8741679518293384,0.4699562104471718
3.093,0.2758229353142145,2.620334679556823,-0.1323329284682764,3.8796929080864526,0.4699562104471718
3.094,0.2784378082440932,2.6093939750153767,-0.12844771612888908,3.8852123393873095,0.4699562104471718
3.095,0.2810416889260658,2.5983502560677887,-0.12455773059813888,3.889985530750203,0.43292018511405356
3.096,0.2836344745633786,2.5872039587011852,-0.12066297664921714,3.894753948921734,0.43292018511405356
3.097,0.2862160627972956,2.5759555229522952,-0.11676345905054206,3.8995175986750934,0.43292018511405356
3.098,0.2887863517111338,2.564605392890101,-0.11285918256576336,3.9042764847786993,0.43292018511405356
3.099,0.2913452398342879,2.5531540165983038,-0.10895015195376716,3.9090306119962017,0.43292018511405356
3.1,0.29389262614623624,2.541601846157631,-0.10503712123385399,3.9130307199131744,0.3954569264484356
3.101,0.29642841008052917,2.5299493376279916,-0.10112009440613176,3.9170268277222298,0.3954569264484356
3.102,0.2989524915287588,2.5181969510304696,-0.09719907546670828,3.9210189394234765,0.3954569264484356
3.103,0.301464770844513,2.506345150329158,-0.09327406840769525,3.9250070590130215,0.3954569264484356
3.104,0.3039651488473032,2.494394403412868,-0.08934507721721227,3.9289911904829773,0.3954569264484356
3.105,0.3064535268264886,2.482345182076619,-0.08541286294980846,3.932214267403804,0.3576034055654942
3.106,0.30892980654516594,2.4701979620030445,-0.08147742882856075,3.93543412124771,0.3576034055654942
3.107,0.3113938902440563,2.4579532227435728,-0.07753877807332298,3.9386507552377723,0.3576034055654942
3.108,0.3138456806453501,2.4456114476995636,-0.07359691390072913,3.9418641725938444,0.3576034055654942
3.109,0.31628508095656194,2.4331731241031567,-0.06965183952419657,3.94507437653256,0.3576034055654942
3.11,0.31871199487434443,2.4206387429980705,-0.06570432228246581,3.9475172417307625,0.3193969787367351
3.111,0.321126326588293,2.4080087992202004,-0.061754364618402044,3.9499576640637666,0.3193969787367351
3.112,0.32352798078472145,2.3952837913781235,-0.057801968972427606,3.9523956459744376,0.3193969787367351
3.113,0.3259168626504385,2.382464221833338,-0.05384713778252441,3.954831189903198,0.3193969787367351
3.114,0.3282928778764772,2.369550596680507,-0.04988987348423638,3.9572642982880297,0.3193969787367351
3.115,0.33065593266182614,2.3565434257274327,-0.04593094894323616,3.9589245410002207,0.28087535052394597
3.116,0.33300593371712583,2.343443222474966,-0.04197036581976646,3.9605831234696995,0.28087535052394597
3.117,0.3353427882683599,2.3302505040966937,-0.03800812577240975,3.9622400473567088,0.28087535052394597
3.118,0.33766640406051196,2.3169657914185477,-0.03404423045808992,3.963895314319831,0.28087535052394597
3.119,0.3399766893612092,2.303589608898237,-0.03007868153207393,3.96554892601599,0.28087535052394597
3.12,0.3422735529643438,2.2901224846045447,-0.026112256624252567,3.966424907821362,0.24207653656940187
3.121,0.3445569041936736,2.2765649501964775,-0.022144956610607638,3.9673000136449286,0.24207653656940187
3.122,0.3468266529064017,2.2629175409022806,-0.018176782366244967,3.9681742443626717,0.24207653656940187
3.123,0.34908270949673664,2.2491807954982965,-0.014207734765395271,3.9690476008496973,0.24207653656940187
3.124,0.35132498489942476,2.235355256287728,-0.010237814681415035,3.9699200839802358,0.24207653656940187
3.125,0.3535533905932738,2.221441469079183,-0.006267803740997198,3.9700109404178368,0.20303882607906187
3.126,0.35576783860464256,2.2074399831651554,-0.0022977020349981975,3.9701017059990003,0.20303882607906187
3.1270000000000002,0.35796824151091533,2.1933513513003353,0.0016724903458163855,3.9701923808145825,0.20303882607906187
3.128,0.3601545124439531,2.1791761296797847,0.005642773310771735,3.970282964955349,0.20303882607906187
3.129,0.36232656509352285,2.1649148779169813,0.00961314676928371,3.970373458511975,0.20303882607906187
3.13,0.3644843137107051,2.1505681590217263,0.013582825869217888,3.9696790999341784,0.16380074403576816
3.1310000000000002,0.36662767311128047,2.1361365393779073,0.01755181130493285,3.9689854357149597,0.16380074403576816
3.132,0.36875655867908724,2.121620588721173,0.02152010377009281,3.9682924651599603,0.16380074403576816
3.133,0.37087088636936977,2.1070208801163934,0.025487703957668327,3.9676001875755156,0.16380074403576816
3.134,0.3729705727120911,2.0923379899350634,0.029454612559936984,3.9669086022686555,0.16380074403576816
3.1350000000000002,0.3750555348152297,2.077572497832548,0.03342004227386697,3.965429713929982,0.12440101317975316
3.136,0.3771256903680517,2.0627249867251916,0.03738399457834662,3.963952304479647,0.12440101317975316
3.137,0.3791809576443606,2.0477960427673105,0.04134647095078538,3.9624763724387626,0.12440101317975316
3.138,0.3812212555057235,2.032786255328049,0.0453074728671153,3.961001916329919,0.12440101317975316
3.1390000000000002,0.3832465034046755,2.0176962169681065,0.049267001801792484,3.9595289346771843,0.12440101317975316
3.14,0.38525662138789507,2.0025265234163756,0.05322426877785087,3.9572669760583863,0.08487851579396255
3.141,0.3872515300993672,1.9872777735463751,0.05717927605724908,3.955007279398207,0.08487851579396255
3.142,0.3892311507835108,1.9719505693526485,0.06113202589968377,3.952749842434688,0.08487851579396255
3.1430000000000002,0.3911954052882941,1.9565455159269465,0.06508252056259191,3.950494662908133,0.08487851579396255
3.144,0.3931442160683094,1.941063221434427,0.06903076230115301,3.9482417385611037,0.08487851579396255
3.145,0.395077506187845,1.9255042970895575,0.0729759612430822,3.945198941929181,0.04527225533192014
3.146,0.39699519932391736,1.9098693571320307,0.07691812043117609,3.94215918809389,0.04527225533192014
3.1470000000000002,0.39889721976928616,1.8941590188024957,0.08085724290518852,3.9391224740124344,0.04527225533192014
3.148,0.4007834924354388,1.8783739023182267,0.08479333170183358,3.9360887966450604,0.04527225533192014
3.149,0.40265394285556033,1.8625146308485945,0.08872638985478863,3.933058152955054,0.04527225533192014
3.15,0.40450849718747295,1.846581830490463,0.09265562737594925,3.9292375211606188,0.005621317925991409
3.1510000000000002,0.40634708221654714,1.8305761302435097,0.09658104808594722,3.925420709997978,0.005621317925991409
3.152,0.408169625358592,1.8144981619853917,0.10050265580159372,3.9216077156465,0.005621317925991409
3.153,0.40997605466272613,1.7983485604467568,0.1044204543358831,3.9177985342893735,0.005621317925991409
3.154,0.41176629881421356,1.7821279631862217,0.1083344474979967,3.913993162113604,0.005621317925991409
3.1550000000000002,0.41354028713728064,1.7658370105651917,0.11224384596362447,3.9093984656277714,-0.03403516618595581
3.156,0.41529794959790595,1.749476345722582,0.1161486543274629,3.9048083638384243,-0.03403516618595581
3.157,0.4170392168065851,1.7330466145494265,0.12004887717961377,3.9002228521508666,-0.03403516618595581
3.158,0.41876402002107027,1.7165484656633796,0.12394451910558876,3.8956419259749966,-0.03403516618595581
3.1590000000000003,0.4204722911490848,1.6999825503831008,0.12783558468631406,3.8910655807253023,-0.03403516618595581
3.16,0.4221639627510077,1.6833495227025783,0.1317212860402331,3.8857013539190284,-0.07365806127742991
3.161,0.4238389680425417,1.6666500392652557,0.13560162853157265,3.8803424913395608,-0.07365806127742991
3.162,0.42549724089734586,1.649884759338145,0.13947661751919532,3.8749889876226726,-0.07365806127742991
3.1630000000000003,0.42713871584964747,1.6330543447857906,0.14334625835660483,3.8696408374095013,-0.07365806127742991
3.164,0.4287633280968259,1.6161594600441411,0.14721055639195138,3.8642980353465433,-0.07365806127742991
3.165,0.4303710135019715,1.5992007720943175,0.15106872596396748,3.858169572016084,-0.1132082647556274
3.166,0.43196170859641725,1.582178950436282,0.15492077320111644,3.8520472371489554,-0.1132082647556274
3.1670000000000003,0.4335353505822454,1.5650946670623975,0.15876670422573314,3.845931024616694,-0.1132082647556274
3.168,0.4350918773347631,1.5479485964309387,0.1626065251540301,3.8398209282969646,-0.1132082647556274
3.169,0.43663122740496024,1.5307414154394052,0.16644024209610364,3.833716942073555,-0.1132082647556274
3.17,0.43815334002193185,1.5134738033978394,0.1702670723863201,3.8268302902164604,-0.1526467457510583
3.1710000000000003,0.4396581550952781,1.4961464420019974,0.17408702291133132,3.819950525011223,-0.1526467457510583
3.172,0.44114561321747653,1.4787600153064386,0.17790010055090252,3.8130776395711905,-0.1526467457510583
3.173,0.4426156556662274,1.461315209697518,0.18170631217791913,3.806211627016598,-0.1526467457510583
3.174,0.44406822440677196,1.4438127138662908,0.1855056646583937,3.7993524804745604,-0.1526467457510583
3.1750000000000003,0.44550326209418434,1.4262532187813137,0.18929737909471506,3.791714436321358,-0.1919345836363926
3.176,0.4469207120756322,1.4086374176614058,0.19308146312492735,3.7840840302123087,-0.1919345836363926
3.177,0.44832051839261816,1.3909660059482223,0.19685792437943672,3.7764612545093685,-0.1919345836363926
3.178,0.4497026257831849,1.373239681278849,0.20062677048101885,3.7688461015821315,-0.1919345836363926
3.1790000000000003,0.4510669796841015,1.355459143458202,0.20438800904482668,3.7612385638078214,-0.1919345836363926
3.18,0.45241352623300973,1.337625094431499,0.20814086570994197,3.752856665115283,-0.23103300643653057
3.181,0.4537422122705584,1.3197382382564489,0.2118853488582634,3.744483148321437,-0.23103300643653057
3.182,0.45505298534249766,1.3017992810755061,0.2156214668633078,3.736118005044385,-0.23103300643653057
3.1830000000000003,0.4563457937017519,1.283808931087974,0.2193492280902184,3.7277612269106104,-0.23103300643653057
3.184,0.45762058631045915,1.2657678985220855,0.22306864089577336,3.719412805554969,-0.23103300643653057
3.185,0.4588773128419902,1.247676895606915,0.22677893621994094,3.7102953241675745,-0.26990342909198256
3.186,0.4601159236829347,1.2295366365442613,0.2304801231802025,3.701186960261567,-0.26990342909198256
3.1870000000000003,0.46133636993505756,1.2113478374804905,0.23417221088492196,3.692087704719466,-0.26990342909198256
3.188,0.4625386034172291,1.1931112164782656,0.23785520843335486,3.6829975484329065,-0.26990342909198256
3.189,0.46372257666733063,1.174827493488148,0.2415291249156575,3.673916482302634,-0.26990342909198256
3.19,0.4648882429441256,1.1564973903202143,0.24519319733164707,3.6640724159895757,-0.3085074915377897
3.1910000000000003,0.466035556229106,1.138121630615541,0.2488474355253899,3.65423819374283,-0.3085074915377897
3.192,0.4671644712283058,1.1197009398176885,0.25249184933110824,3.6444138057183313,-0.3085074915377897
3.193,0.46827494337409586,1.1012360451439562,0.2561264485731901,3.6345992420818574,-0.3085074915377897
3.194,0.4693669288269367,1.08272767555678,0.2597512430661991,3.62479449300902,-0.3085074915377897
3.1950000000000003,0.47044038447711295,1.064176561734889,0.2633654766227839,3.6142335565848027,-0.34680709656041153
3.196,0.4714952679464324,1.0455834360445135,0.2669691598038809,3.6036831810970096,-0.34680709656041153
3.197,0.47253153758990246,1.0269490325104087,0.2705623031598656,3.5931433559847044,-0.34680709656041153
3.198,0.4735491524973721,1.0082740867869184,0.2741449172305631,3.5826140706975114,-0.34680709656041153
3.1990000000000003,0.47454807249514724,0.9895593361289237,0.2777170125452587,3.5720953146956056,-0.34680709656041153
3.2,0.47552825814757665,0.9708055193627356,0.2812778404756917,3.5608279304330055,-0.3847644473952252
3.201,0.4764896707586092,0.9520133768569284,0.28482741228924635,3.549571813554668,-0.3847644473952252
3.202,0.47743227237332125,0.9331836504931108,0.28836573924203956,3.538326952793209,-0.3847644473952252
3.203,0.47835602577941494,0.9143170836366381,0.29189283257893206,3.527093336892511,-0.3847644473952252
3.204,0.47926089450868814,0.8954144211072544,0.29540870353353976,3.515870954607714,-0.3847644473952252
3.205,0.48014684283847164,0.876476409149731,0.29891261177549233,3.5039082419525553,-0.4223420850275311
3.206,0.481013835793043,0.8575037954043426,0.30240456926750237,3.491957492010052,-0.4223420850275311
3.207,0.48186183914500486,0.8384973288773931,0.30588458796031986,3.480018692817491,-0.4223420850275311
3.208,0.4826908194166369,0.819457759911637,0.309352679792744,3.468091832424123,-0.4223420850275311
3.209,0.48350074388121744,0.800385840156656,0.31280885669163516,3.4561768988911483,-0.4223420850275311
3.21,0.4842915805643154,0.781282322539186,0.31625238735512423,3.4435306634890526,-0.45950292516022817
3.211,0.48506329824505273,0.7621479612333913,0.3196832844294466,3.430897074322359,-0.45950292516022817
3.212,0.48581586645733715,0.7429835116310828,0.32310156054819145,3.418276118744832,-0.45950292516022817
3.213,0.4865492554910634,0.7237897303119375,0.3265072283323143,3.4056677841228824,-0.45950292516022817
3.214,0.4872634363932883,0.7045673750135769,0.3299003003901499,3.393072057835555,-0.45950292516022817
3.215,0.4879583809693734,0.6853172046016524,0.3332800551700314,3.379754779881485,-0.49621029481172374
3.216,0.48863406178409674,0.6660399790399304,0.3366465059892368,3.366450819205369,-0.49621029481172374
3.217,0.48929045216273603,0.6467364593602899,0.3399996661517267,3.353160162489929,-0.49621029481172374
3.218,0.4899275261921234,0.627407407632624,0.34333954894815794,3.339882796431205,-0.49621029481172374
3.219,0.49054525872166693,0.6080535869347984,0.3466661676558965,3.326618707738539,-0.49621029481172374
3.22,0.4911436253643445,0.5886757613225041,0.3499788111855571,3.3126435296606425,-0.5324279685079144
3.221,0.4917226024976647,0.5692746957991491,0.35327749351231796,3.2986823267608236,-0.5324279685079144
3.222,0.4922821672646025,0.5498511562855474,0.35656222859738185,3.2847350850639043,-0.5324279685079144
3.223,0.4928222975744988,0.5304059095897915,0.3598330303879905,3.270801790608682,-0.5324279685079144
3.224,0.4933429721039341,0.5109397233769144,0.36308991281743846,3.256882429447915,-0.5324279685079144
3.225,0.4938441702975689,0.4914533661386384,0.36633217596037626,3.2422631429378166,-0.5681202040325222
3.226,0.494325872368957,0.47194760716297,0.3695598344360905,3.2276584757142284,-0.5681202040325222
3.227,0.4947880593013254,0.4524232165038746,0.37277290284924836,3.2130684131578637,-0.5681202040325222
3.228,0.49523071284832554,0.4328809649508644,0.3759713957899124,3.1984929406640554,-0.5681202040325222
3.229,0.4956538155347532,0.41332162399856875,0.37915532783355516,3.183932043642741,-0.5681202040325222
3.23,0.4960573506572388,0.3937459658162777,0.3823240109096002,3.168683076045087,-0.6032517777005716
3.231,0.4964413022849067,0.3741547632174572,0.38547746026701524,3.15344935741503,-0.6032517777005716
3.232,0.49680565526000425,0.3545487896292295,0.3886156911395188,3.1382308725036037,-0.6032517777005716
3.233,0.49715039519849946,0.334928819061883,0.3917387187455959,3.1230276060770885,-0.6032517777005716
3.234,0.4974755084906501,0.3152956260782499,0.3948465582885129,3.107839542917,-0.6032517777005716
3.235,0.49778098230154,0.29564998576317186,0.3979385342315046,3.0919759429916813,-0.6377880191200942
3.236,0.4980668045715862,0.27599267369288977,0.4010146624381709,3.076128206666288,-0.6377880191200942
3.237,0.4983329640170149,0.2563244659044254,0.4040749587562481,3.06029631807722,-0.6377880191200942
3.238,0.4985794501303069,0.23664613886494495,0.4071194390176248,3.0444802613767408,-0.6377880191200942
3.239,0.49880625318061256,0.21695846944110517,0.4101481190383578,3.028680020732962,-0.6377880191200942
3.24,0.49901336421413583,0.19726223486837313,0.4131603364821619,3.0122174438040727,-0.6716948454078207
3.241,0.49920077505448757,0.1775582127203867,0.416156107811614,2.995771329452112,-0.6716948454078207
3.242,0.4993684783030088,0.15784718087819039,0.4191354494728285,2.979341661214504,-0.6716948454078207
3.243,0.49951646733906235,0.13812991749957068,0.4220983778954736,2.962928422645133,-0.6716948454078207
3.244,0.4996447363202946,0.11840720098832438,0.42504490949278795,2.9465315973143316,-0.6716948454078207
3.245,0.49975328018286574,0.09867980996352868,0.4279743957826085,2.9294862898205154,-0.7049387948250851
3.246,0.49984209464164997,0.07894852322880253,0.43088685381024266,2.912458027634193,-0.7049387948250851
3.247,0.4999111761904045,0.059214119741560815,0.43378230060395273,2.8954467937100574,-0.7049387948250851
3.248,0.49996052210190806,0.03947737858225136,0.43666075317497255,2.878452571019846,-0.7049387948250851
3.249,0.49999013042806856,0.019739078923642732,0.43952222851752487,2.8614753425523243,-0.7049387948250851
3.25,0.5,-3.079817694975484e-15,0.44236609264353866,2.843864126013757,-0.7374870598007479
3.251,0.49999013042806856,-0.019739078923637732,0.4451923631642304,2.8262705206917285,-0.7374870598007479
3.2520000000000002,0.49996052210190806,-0.03947737858225752,0.4480010576732054,2.8086945089750217,-0.7374870598007479
3.253,0.4999111761904045,-0.05921411974155581,0.45079219374647544,2.7911360732700317,-0.7374870598007479
3.254,0.49984209464165,-0.07894852322879753,0.4535657889424762,2.7735951960007466,-0.7374870598007479
3.255,0.4997532801828658,-0.0986798099635237,0.45632122439289474,2.7554354504185756,-0.7693075193085017
3.2560000000000002,0.4996447363202946,-0.11840720098833056,0.45905851825747673,2.737293864581987,-0.7693075193085017
3.257,0.4995164673390624,-0.13812991749956569,0.461777688677808,2.7191704203312352,-0.7693075193085017
3.258,0.4993684783030088,-0.1578471808781854,0.4644787537773327,2.701065099524734,-0.7693075193085017
3.259,0.49920077505448757,-0.1775582127203817,0.46716173166137176,2.6829778840390395,-0.7693075193085017
3.2600000000000002,0.4990133642141358,-0.1972622348683793,0.4698260191921154,2.6642875307436666,-0.8003687705666975
3.261,0.4988062531806126,-0.2169584694411002,0.472471635059917,2.645615867801589,-0.8003687705666975
3.262,0.49857945013030697,-0.23664613886494,0.4750985979364395,2.6269628765224535,-0.8003687705666975
3.263,0.498332964017015,-0.25632446590442043,0.4777069264746741,2.608328538234597,-0.8003687705666975
3.2640000000000002,0.49806680457158625,-0.27599267369288477,0.48029663930895916,2.5897128342850286,-0.8003687705666975
3.265,0.49778098230154005,-0.2956499857631669,0.48286714962720934,2.570510318250158,-0.8306401600292967
3.266,0.49747550849065014,-0.31529562607824496,0.48541847663194065,2.5513270047313217,-0.8306401600292967
3.267,0.4971503951984996,-0.33492881906187805,0.48795063950646667,2.5321628745260045,-0.8306401600292967
3.2680000000000002,0.49680565526000414,-0.3545487896292356,0.49046365741491754,2.513017908450893,-0.8306401600292967
3.269,0.4964413022849068,-0.3741547632174523,0.4929575495022594,2.4938920873418557,-0.8306401600292967
3.27,0.4960573506572389,-0.39374596581627275,0.49543174586124117,2.4741963589817644,-0.8600918136374796
3.271,0.4956538155347533,-0.4133216239985638,0.4978862661875912,2.454520326350033,-0.8600918136374796
3.2720000000000002,0.49523071284832565,-0.4328809649508594,0.5003211301573421,2.4348639697509333,-0.8600918136374796
3.273,0.4947880593013256,-0.45242321650386974,0.5027363574268505,2.4152272695084327,-0.8600918136374796
3.274,0.4943258723689571,-0.471947607162965,0.5051319676328166,2.395610205966175,-0.8600918136374796
3.275,0.493844170297569,-0.4914533661386334,0.5075074083352508,2.3754407024341697,-0.8886946663019378
3.2760000000000002,0.4933429721039339,-0.5109397233769205,0.5098626997036565,2.355291368405697,-0.8886946663019378
3.277,0.4928222975744989,-0.5304059095897865,0.5121978618873677,2.3351621837112524,-0.8886946663019378
3.278,0.4922821672646026,-0.5498511562855425,0.5145129150155692,2.3150531282015026,-0.8886946663019378
3.279,0.4917226024976648,-0.5692746957991441,0.5168078791973164,2.2949641817472624,-0.8886946663019378
3.2800000000000002,0.49114362536434436,-0.5886757613225102,0.5190822200050702,2.2743408077537777,-0.9164204905868758
3.281,0.4905452587216671,-0.6080535869347935,0.5213359580622045,2.2537380571342864,-0.9164204905868758
3.282,0.48992752619212354,-0.6274074076326192,0.5235691139714699,2.2331559092654145,-0.9164204905868758
3.283,0.4892904521627362,-0.646736459360285,0.5257817083150143,2.2125943435444118,-0.9164204905868758
3.2840000000000003,0.4886340617840965,-0.6660399790399364,0.5279737616544034,2.1920533393891297,-0.9164204905868758
3.285,0.48795838096937355,-0.6853172046016475,0.5301447581019617,2.170996447558395,-0.9432419245672927
3.286,0.48726343639328845,-0.704567375013572,0.5322947187145812,2.149960612619491,-0.9432419245672927
3.287,0.4865492554910636,-0.7237897303119326,0.5344236645280968,2.1289458135155255,-0.9432419245672927
3.2880000000000003,0.48581586645733693,-0.7429835116310889,0.5365316165573074,2.107952029210664,-0.9432419245672927
3.289,0.48506329824505295,-0.7621479612333866,0.5386185957959975,2.0869792386901076,-0.9432419245672927
3.29,0.4842915805643156,-0.7812823225391811,0.5406841054054723,2.0655096094747747,-0.9691324988321504
3.291,0.4835007438812176,-0.8003858401566514,0.542728166855361,2.044061449888657,-0.9691324988321504
3.2920000000000003,0.48269081941663666,-0.819457759911643,0.544750801593823,2.0226347384621253,-0.9691324988321504
3.293,0.4818618391450051,-0.8384973288773884,0.5467520310475701,2.0012294537470203,-0.9691324988321504
3.294,0.48101383579304324,-0.8575037954043377,0.5487318766218867,1.9798455743166303,-0.9691324988321504
3.295,0.48014684283847187,-0.8764764091497264,0.5506898610173769,1.957984395490179,-0.9940666626067367
3.2960000000000003,0.47926089450868786,-0.8954144211072602,0.5526260060952195,1.9361450778425542,-0.9940666626067367
3.297,0.47835602577941516,-0.9143170836366334,0.5545403336947321,1.9143275995125768,-0.9940666626067367
3.298,0.4774322723733215,-0.9331836504931059,0.556432865633393,1.8925319386609294,-0.9940666626067367
3.299,0.4764896707586095,-0.9520133768569236,0.5583036237068632,1.8707580734701337,-0.9940666626067367
3.3000000000000003,0.47552825814757693,-0.9708055193627309,0.5601521506260805,1.8485269192172948,-1.0180198089684316
3.301,0.47454807249514747,-0.989559336128919,0.5619784686221991,1.8263179961187088,-1.0180198089684316
3.302,0.4735491524973724,-1.0082740867869138,0.5637825999041424,1.8041312819432216,-1.0180198089684316
3.303,0.47253153758990274,-1.0269490325104038,0.5655645666586243,1.7819667544819098,-1.0180198089684316
3.3040000000000003,0.47149526794643204,-1.0455834360445193,0.5673243910501724,1.7598243915480591,-1.0180198089684316
3.305,0.4704403844771126,-1.064176561734895,0.5690616362513463,1.737245201173891,-1.0409682991310059
3.306,0.469366928826937,-1.0827276755567754,0.5707763248413364,1.714688589990097,-1.0409682991310059
3.307,0.46827494337409614,-1.1012360451439516,0.5724684793767539,1.6921545354174867,-1.0409682991310059
3.3080000000000003,0.4671644712283061,-1.1197009398176838,0.5741381223916534,1.6696430148994492,-1.0409682991310059
3.309,0.46603555622910564,-1.1381216306155468,0.5757852763975553,1.6471540059019296,-1.0409682991310059
3.31,0.4648882429441259,-1.1564973903202096,0.5774095254597358,1.6242490621805576,-1.0628894857735003
3.311,0.46372257666733097,-1.1748274934881433,0.5790108924831386,1.6013670234029072,-1.0628894857735003
3.3120000000000003,0.4625386034172287,-1.1931112164782713,0.5805894003498027,1.5785078666640342,-1.0628894857735003
3.313,0.46133636993505717,-1.211347837480496,0.5821450719188845,1.5556715690819,-1.0628894857735003
3.314,0.460115923682935,-1.2295366365442568,0.5836779300266819,1.5328581077973482,-1.0628894857735003
3.315,0.45887731284199046,-1.2476768956069106,0.5851875800416636,1.5096500149817376,-1.0837617353906603
3.3160000000000003,0.45762058631045877,-1.265767898522091,0.5866740451719226,1.4864651302589427,-1.0837617353906603
3.317,0.4563457937017515,-1.2838089310879794,0.5881373486023435,1.4633034304208705,-1.0837617353906603
3.318,0.455052985342498,-1.3017992810755017,0.5895775134946261,1.4401648922826364,-1.0837617353906603
3.319,0.4537422122705587,-1.3197382382564444,0.5909945629873086,1.4170494926825405,-1.0837617353906603
3.3200000000000003,0.45241352623300934,-1.3376250944315047,0.5923881241415055,1.3935611541970017,-1.1035644496428119
3.321,0.4510669796841011,-1.3554591434582075,0.5937582204455555,1.3700963040499485,-1.1035644496428119
3.322,0.44970262578318526,-1.3732396812788448,0.5951048753643086,1.3466549187530423,-1.1035644496428119
3.323,0.44832051839261855,-1.3909660059482178,0.5964281123391499,1.323236974841433,-1.1035644496428119
3.3240000000000003,0.4469207120756318,-1.4086374176614114,0.5977279547880237,1.2998424488737352,-1.1035644496428119
3.325,0.4455032620941839,-1.4262532187813193,0.5990040518327349,1.2760970447111777,-1.1222780856841958
3.326,0.44406822440677235,-1.4438127138662864,0.6002564272186877,1.2523753859527826,-1.1222780856841958
3.327,0.4426156556662278,-1.4613152096975135,0.6014851046675408,1.228677448853146,-1.1222780856841958
3.3280000000000003,0.4411456132174761,-1.478760015306444,0.6026901078772314,1.205003209690609,-1.1222780856841958
3.329,0.4396581550952776,-1.496146442002003,0.6038714605219987,1.1813526447672344,-1.1222780856841958
3.33,0.43815334002193224,-1.5134738033978348,0.6050288341306121,1.157373608613474,-1.1398841754496538
3.331,0.43663122740496063,-1.5307414154394008,0.606162252682108,1.1334185514958675,-1.1398841754496538
3.332,0.4350918773347635,-1.5479485964309343,0.6072717401315434,1.1094874494353786,-1.1398841754496538
3.333,0.4335353505822449,-1.565094667062403,0.6083573204100203,1.0855802784769502,-1.1398841754496538
3.334,0.43196170859641764,-1.5821789504362775,0.6094190174247098,1.0616970146894802,-1.1398841754496538
3.335,0.4303710135019719,-1.5992007720943135,0.610456525435507,1.0375080107971784,-1.156365343880614
3.336,0.4287633280968263,-1.6161594600441371,0.6114698686314157,1.0133431959087689,-1.156365343880614
3.337,0.42713871584964785,-1.6330543447857864,0.612459071177251,0.9892025458352478,-1.156365343880614
3.338,0.4254972408973463,-1.649884759338141,0.6134241572136627,0.9650860364118002,-1.156365343880614
3.339,0.4238389680425421,-1.6666500392652515,0.6143651508571605,0.9409936434977761,-1.156365343880614
3.34,0.42216396275100815,-1.6833495227025743,0.6152817694004933,0.9166185433328302,-1.1717053260724097
3.341,0.4204722911490843,-1.6999825503831056,0.6161740372187613,0.8922678182680492,-1.1717053260724097
3.342,0.4187640200210707,-1.7165484656633754,0.6170419786626896,0.867941443928333,-1.1717053260724097
3.343,0.41703921680658557,-1.7330466145494223,0.6178856180586526,0.8436393959629565,-1.1717053260724097
3.344,0.4152979495979064,-1.749476345722578,0.6187049797086982,0.8193616500455453,-1.1717053260724097
3.345,0.4135402871372811,-1.7658370105651875,0.6194998042174272,0.7948245087289787,-1.1858889833260542
3.346,0.411766298814214,-1.7821279631862175,0.6202701161219809,0.7703119045537287,-1.1858889833260542
3.347,0.4099760546627266,-1.7983485604467526,0.6210159399349635,0.7458238129826539,-1.1858889833260542
3.348,0.4081696253585925,-1.8144981619853875,0.6217373001444667,0.7213602095031502,-1.1858889833260542
3.349,0.4063470822165466,-1.8305761302435146,0.6224342212140939,0.696921069627126,-1.1858889833260542
3.35,0.40450849718747345,-1.846581830490459,0.6231064673162896,0.6722461021957286,-1.1989023180885163
3.351,0.4026539428555608,-1.8625146308485903,0.6237540631260213,0.6475958097317625,-1.1989023180885163
3.352,0.4007834924354393,-1.8783739023182224,0.6243770332935816,0.6229701675602604,-1.1989023180885163
3.353,0.39889721976928555,-1.8941590188025006,0.6249754024446126,0.5983691510309298,-1.1989023180885163
3.354,0.39699519932391786,-1.9098693571320269,0.6255491951801307,0.5737927355181286,-1.1989023180885163
3.355,0.3950775061878455,-1.9255042970895537,0.626098199473158,0.5490042930272729,-1.210732487766875
3.356,0.39314421606830985,-1.9410632214344228,0.626622440112137,0.5242406389789082,-1.210732487766875
3.357,0.3911954052882935,-1.9565455159269514,0.6271219418607216,0.49950174858459173,-1.210732487766875
3.358,0.3892311507835113,-1.9719505693526447,0.6275967294578022,0.47478759708066964,-1.210732487766875
3.359,0.38725153009936775,-1.9872777735463714,0.6280468276175305,0.45009815972825146,-1.210732487766875
3.36,0.38525662138789557,-2.002526523416372,0.6284720483227509,0.42522070522047006,-1.221367817402657
3.361,0.38324650340467487,-2.0176962169681114,0.6288724164509182,0.40036812816719647,-1.221367817402657
3.362,0.381221255505724,-2.0327862553280456,0.6292479568546091,0.37554040369097613,-1.221367817402657
3.363,0.3791809576443611,-2.0477960427673065,0.6295986943615484,0.350737506939232,-1.221367817402657
3.364,0.3771256903680522,-2.062724986725188,0.6299246537746326,0.32595941308423965,-1.221367817402657
3.365,0.375055534815229,-2.0775724978325525,0.6302256712720798,0.3010174974472785,-1.230797811193845
3.366,0.37297057271209166,-2.09233798993506,0.6305017717958058,0.27610052372595434,-1.230797811193845
3.367,0.3708708863693703,-2.1070208801163894,0.6307529802627841,0.2512084669783515,-1.230797811193845
3.368,0.3687565586790878,-2.12162058872117,0.6309793215650716,0.22634130228749622,-1.230797811193845
3.369,0.3666276731112798,-2.136136539377912,0.6311808205698329,0.2014990047613318,-1.230797811193845
3.37,0.36448431371070567,-2.1505681590217227,0.6313573378123324,0.17651724249950707,-1.2390131628531709
3.371,0.36232656509352335,-2.164914877916978,0.6315088982743323,0.15156046199994413,-1.2390131628531709
3.372,0.36015451244395363,-2.179176129679781,0.6316355269126132,0.12662863828088078,-1.2390131628531709
3.373,0.3579682415109159,-2.1933513513003313,0.6317372486589987,0.10172174638553648,-1.2390131628531709
3.374,0.3557678386046431,-2.2074399831651514,0.6318140884203808,0.07683976138208752,-1.2390131628531709
3.375,0.3535533905932744,-2.2214414690791795,0.6318659312267056,0.05184280632485357,-1.246005764792593
3.376,0.3513249848994253,-2.2353552562877246,0.6318928020749284,0.02687084822267686,-1.246005764792593
3.3770000000000002,0.349082709496736,-2.2491807954983005,0.631894725937007,0.001923862078602321,-1.246005764792593
3.378,0.34682665290640224,-2.2629175409022775,0.6318717277599277,-0.02299817707932814,-1.246005764792593
3.379,0.34455690419367413,-2.276564950196474,0.6318238324657296,-0.04789529419810067,-1.246005764792593
3.38,0.34227355296434436,-2.290122484604541,0.6317509496925032,-0.07288277322639662,-1.2517687161247026
3.3810000000000002,0.3399766893612098,-2.3035896088982337,0.6316531044277276,-0.09784526477566428,-1.2517687161247026
3.382,0.33766640406051257,-2.316965791418544,0.6315303216338942,-0.12278279383338267,-1.2517687161247026
3.383,0.3353427882683605,-2.33025050409669,0.6313826262485321,-0.14769538536204332,-1.2517687161247026
3.384,0.33300593371712645,-2.3434432224749626,0.631210043184233,-0.17258306429917533,-1.2517687161247026
3.3850000000000002,0.33065593266182536,-2.3565434257274362,0.6310125067764086,-0.19753640782434204,-1.2562963294732936
3.386,0.3282928778764778,-2.369550596680504,0.6307900419784026,-0.22246479800598357,-1.2562963294732936
3.387,0.3259168626504391,-2.382464221833335,0.6305426737186052,-0.24736825979744345,-1.2562963294732936
3.388,0.32352798078472206,-2.3952837913781204,0.6302704269004781,-0.2722468181271119,-1.2562963294732936
3.3890000000000002,0.3211263265882922,-2.408008799220205,0.6299733264025796,-0.2971004978984506,-1.2562963294732936
3.39,0.31871199487434504,-2.4206387429980674,0.6296513313224473,-0.32199508013227923,-1.2595841365863543
3.391,0.31628508095656255,-2.4331731241031536,0.6293044665546634,-0.34686476778387404,-1.2595841365863543
3.392,0.31384568064535073,-2.4456114476995605,0.6289327569689156,-0.37170958574781726,-1.2595841365863543
3.3930000000000002,0.3113938902440555,-2.4579532227435763,0.6285362274100218,-0.39652955889379654,-1.2595841365863543
3.394,0.30892980654516655,-2.4701979620030414,0.6281149026979551,-0.4213247120666298,-1.2595841365863543
3.395,0.3064535268264892,-2.482345182076616,0.6276687667327456,-0.44613596520948173,-1.2616288927459278
3.396,0.3039651488473038,-2.494394403412865,0.6271978443256464,-0.4709224070991908,-1.2616288927459278
3.3970000000000002,0.30146477084451223,-2.5063451503291616,0.6267021602630994,-0.4956840625470102,-1.2616288927459278
3.398,0.29895249152875947,-2.5181969510304665,0.62618173930676,-0.5204209563393818,-1.2616288927459278
3.399,0.2964284100805298,-2.5299493376279885,0.625636606193522,-0.545133113237961,-1.2616288927459278
3.4,0.2938926261462369,-2.541601846157628,0.6250667696417979,-0.5698365517241324,-1.2624285799704702
3.4010000000000002,0.29134523983428706,-2.5531540165983073,0.6244722543550261,-0.5945152867718176,-1.2624285799704702
3.402,0.2887863517111344,-2.5646053928900985,0.6238530850119416,-0.6191693430844553,-1.2624285799704702
3.403,0.2862160627972963,-2.575955522952292,0.6232092862666008,-0.6437987453407802,-1.2624285799704702
3.404,0.2836344745633792,-2.587203958701182,0.6225408827484059,-0.6684035181948488,-1.2624285799704702
3.4050000000000002,0.28104168892606496,-2.5983502560677922,0.6218479079855491,-0.6929747628567853,-1.2619824090065648
3.406,0.27843780824409387,-2.609393975015374,0.6211303865492751,-0.7175214362740597,-1.2619824090065648
3.407,0.27582293531421515,-2.6203346795568203,0.6203883429862572,-0.742043563017917,-1.2619824090065648
3.408,0.2731971733671347,-2.63117193777185,0.6196218018186221,-0.7665411676350303,-1.2619824090065648
3.4090000000000003,0.2705606260634382,-2.641905321824064,0.6188307875439746,-0.7910142746475266,-1.2619824090065648
3.41,0.26791339748949883,-2.652534407977839,0.6180153584671996,-0.81542907677504,-1.2602908201080452
3.411,0.2652555921533677,-2.663058776615053,0.6171755390030992,-0.8398194641004258,-1.2602908201080452
3.412,0.2625873149806487,-2.6734780122516537,0.6163113535420607,-0.8641854610384864,-1.2602908201080452
3.4130000000000003,0.2599086713103542,-2.683791703554064,0.6154228264500811,-0.8885270919796088,-1.2602908201080452
3.414,0.2572197668907529,-2.6939994433553993,0.6145099820687913,-0.9128443812897901,-1.2602908201080452
3.415,0.2545207078751855,-2.7041008286715775,0.6135729034222307,-0.9370786465605352,-1.2573554826017477
3.416,0.2518116008178804,-2.714095460717201,0.6126116147446646,-0.9612886775660096,-1.2573554826017477
3.4170000000000003,0.2490925526697456,-2.723982944921312,0.6116261402461242,-0.9854744985404785,-1.2573554826017477
3.418,0.24636367077414612,-2.7337628909429634,0.6106165041124302,-1.009636133693973,-1.2573554826017477
3.419,0.24362506286266666,-2.743434912686632,0.6095827305052178,-1.033773607212314,-1.2573554826017477
3.42,0.24087683705085833,-2.7529986283174606,0.6085249270857479,-1.057803419469907,-1.253179293240263
3.4210000000000003,0.23811910183396884,-2.7624536602763374,0.6074431178838327,-1.0818092019152423,-1.253179293240263
3.422,0.23535196608266573,-2.7717996352947796,0.6063373269052545,-1.1057909785781324,-1.253179293240263
3.423,0.2325755390387288,-2.7810361844097016,0.6052075781317902,-1.1297487734643594,-1.253179293240263
3.424,0.22978993031074374,-2.7901629429779593,0.6040538955212345,-1.1536826105557003,-1.253179293240263
3.4250000000000003,0.22699524986977337,-2.799179550690753,0.6028764112658225,-1.1774842554120133,-1.2477663733434379
3.426,0.22419160804501628,-2.8080856515878483,0.601675149167199,-1.20126209862347,-1.2477663733434379
3.427,0.22137911551945108,-2.8168808940716312,0.6004501330032073,-1.2250161639917154,-1.2477663733434379
3.428,0.21855788332546697,-2.8255649309209896,0.5992013865279127,-1.2487464752945925,-1.2477663733434379
3.4290000000000003,0.21572802284047857,-2.834137419305022,0.5979289334716265,-1.2724530562861667,-1.2477663733434379
3.43,0.21288964578253558,-2.8425980207965553,0.596632930427102,-1.2960030445245065,-1.2411220647312984
3.431,0.21004286420590418,-2.850946401385531,0.5953134009443274,-1.319529482774608,-1.2411220647312984
3.432,0.2071877904966433,-2.8591822314921864,0.593970368549741,-1.3430323945864593,-1.2411220647312984
3.4330000000000003,0.2043245373681743,-2.8673051859800514,0.5926038567462545,-1.3665118034864987,-1.2411220647312984
3.434,0.2014532178568313,-2.8753149441687826,0.5912138890132769,-1.389967732977638,-1.2411220647312984
3.435,0.19857394531739045,-2.883211189846845,0.5898006461895432,-1.4132428237337111,-1.2332529244525348
3.436,0.19568683341860152,-2.890993611283981,0.5883641515501442,-1.436494639399028,-1.2332529244525348
3.4370000000000003,0.19279199613869713,-2.8986619012435217,0.5869044283468955,-1.4597232032486798,-1.2332529244525348
3.438,0.18988954776090125,-2.9062157569944973,0.585421499808361,-1.4829285385344817,-1.2332529244525348
3.439,0.18697960286890108,-2.913654880323629,0.583915389139876,-1.5061106684849979,-1.2332529244525348
3.44,0.18406227634234004,-2.920978977547062,0.5823863012476932,-1.5290878921827866,-1.224166718313691
3.4410000000000003,0.18113768335227243,-2.9281877595219825,0.5808342591090363,-1.5520421386568777,-1.224166718313691
3.442,0.17820593935662513,-2.9352809416580135,0.5792592856781518,-1.5749734308844947,-1.224166718313691
3.443,0.17526716009562945,-2.942258243928474,0.5776614038863319,-1.597881791819884,-1.224166718313691
3.444,0.17232146158725867,-2.949119390881417,0.5760406366419376,-1.620767244394338,-1.224166718313691
3.4450000000000003,0.16936896012264602,-2.9558641116505093,0.5743972127165233,-1.6434239254142522,-1.2138724132154346
3.446,0.1664097722614938,-2.962492139965724,0.5727311547667702,-1.6660579497531467,-1.2138724132154346
3.447,0.16344401482747192,-2.969003214163852,0.5710424854267024,-1.6886693400677022,-1.2138724132154346
3.448,0.1604718049036056,-2.975397077198832,0.5693312273077105,-1.7112581189919431,-1.2138724132154346
3.4490000000000003,0.15749325982765178,-2.981673476651904,0.5675974029985732,-1.7338243091372598,-1.2138724132154346
3.45,0.15450849718747328,-2.987832164741557,0.565841264910379,-1.7561380881941924,-1.202380168303489
3.451,0.15151763481638672,-2.9938728983333336,0.5640628353569069,-1.778429553472068,-1.202380168303489
3.452,0.14852079078851738,-2.9997954389494157,0.5622621366296223,-1.8006987272846657,-1.202380168303489
3.4530000000000003,0.14551808341413602,-3.0055995527780413,0.5604391909976989,-1.822945631923451,-1.202380168303489
3.454,0.14250963123498836,-3.0112850106827334,0.5585940207080413,-1.8451702896575972,-1.202380168303489
3.455,0.1394955530196151,-3.0168515882113494,0.5567269015621745,-1.8671191458667993,-1.189701324942978
3.456,0.1364759677586633,-3.0222990656049404,0.5548378555089547,-1.8890460532197921,-1.189701324942978
3.457,0.13345099466018864,-3.0276272278064265,0.5529269044752892,-1.9109510336654318,-1.189701324942978
3.458,0.1304207531449478,-3.032835864469089,0.5509940703661587,-1.932834109130626,-1.189701324942978
3.459,0.1273853628416906,-3.0379247699648673,0.5490393750646383,-1.954695301520355,-1.189701324942978
3.46,0.12434494358242712,-3.042893743392487,0.547063117490509,-1.9762575741293558,-1.175848395526062
3.461,0.12129961539770535,-3.0477425885853835,0.5450653192060432,-1.9977982844657476,-1.175848395526062
3.462,0.11824949851186245,-3.0524711141194594,0.5430460017519514,-2.0193174540918033,-1.175848395526062
3.463,0.11519471333829559,-3.057079133320615,0.5410051866474032,-2.0408151045482326,-1.175848395526062
3.464,0.11213538047469107,-3.0615664642721447,0.5389428953900489,-2.0622912573542056,-1.175848395526062
3.465,0.10907162069827195,-3.065932929821907,0.5368594497229295,-2.083445667119329,-1.1608350511238643
3.466,0.10600355496102645,-3.07017835758932,0.5347548708004548,-2.104578922474687,-1.1608350511238643
3.467,0.10293130438493998,-3.0743025799721604,0.5326291797558801,-2.1256910445746895,-1.1608350511238643
3.468,0.09985499025720476,-3.07830543415319,0.5304823977013275,-2.146782054552592,-1.1608350511238643
3.469,0.09677473402543157,-3.0821867621065855,0.528314545727807,-2.167851973520517,-1.1608350511238643
3.47,0.0936906572928622,-3.085946410604164,0.5261259680841001,-2.188577643706896,-1.1446761079949836
3.471,0.09060288181356876,-3.0895842312214357,0.523916685495877,-2.2092825882230884,-1.1446761079949836
3.472,0.08751152948763831,-3.093100080343475,0.5216867186680822,-2.229966827794765,-1.1446761079949836
3.473,0.08441672235636741,-3.0964938191705773,0.5194360882849554,-2.25063038312687,-1.1446761079949836
3.474,0.08131858259744247,-3.099765313723746,0.5171648150100517,-2.271273274903643,-1.1446761079949836
3.475,0.0782172325201163,-3.102914434849977,0.5148732652581637,-2.291549751888015,-1.1273875129637712
3.476,0.07511279456037959,-3.105941058227361,0.5125614593057682,-2.311805952395402,-1.1273875129637712
3.477,0.07200539127612733,-3.108845064369989,0.5102294174090659,-2.332041896702282,-1.1273875129637712
3.478,0.06889514534231872,-3.1116263386326724,0.507877159804001,-2.3522576050648554,-1.1273875129637712
3.479,0.06578217954614113,-3.1142847712154627,0.505504706706282,-2.372453097719066,-1.1273875129637712
3.48,0.0626666167821522,-3.116820257167995,0.503112446335107,-2.3922603711750057,-1.1089863276829384
3.481,0.059548580047435136,-3.119232696393626,0.5007003984977495,-2.4120478373574894,-1.1089863276829384
3.482,0.056428192436741305,-3.121521993653385,0.4982685829816757,-2.4318155160737907,-1.1089863276829384
3.483,0.05330557713763061,-3.1236880585697357,0.4958170195545643,-2.4515634271113758,-1.1089863276829384
3.484,0.050180857425608294,-3.1257308056301456,0.4933457279643264,-2.4712915902379233,-1.1089863276829384
3.485,0.0470541566592582,-3.127650154190457,0.4908551178514428,-2.490610112883603,-1.0894907117958965
3.486,0.043925598275371056,-3.129446028478077,0.4883452085344362,-2.5099093170066373,-1.0894907117958965
3.487,0.04079530578407844,-3.131118357594962,0.4858160193125106,-2.5291892219255487,-1.0894907117958965
3.488,0.03766340276396622,-3.132667075520422,0.4832675694655711,-2.548449846939541,-1.0894907117958965
3.489,0.03453001285720295,-3.134092121113726,0.4806998782542426,-2.567691211328519,-1.0894907117958965
3.49,0.03139525976465694,-3.1353934381165134,0.4781133763360251,-2.5865019182175017,-1.0689199050155695
3.491,0.028259267241012707,-3.1365709751550175,0.47550808252162546,-2.605293814399596,-1.0689199050155695
3.492,0.02512215908988542,-3.1376246857420926,0.47288401560293997,-2.6240669186855077,-1.0689199050155695
3.493,0.021984059158933287,-3.138554528279048,0.4702411943530728,-2.6428212498671337,-1.0689199050155695
3.494,0.018845091334966525,-3.139360466057294,0.46757963752635523,-2.661556826717578,-1.0689199050155695
3.495,0.015705379539063598,-3.1400424672597853,0.4648997963723016,-2.679841154053605,-1.0472942081372454
3.496,0.012565047721668386,-3.1406005049622836,0.4622016891752393,-2.6981071970622965,-1.0472942081372454
3.497,0.009424219857705706,-3.141034557134415,0.4594853342012113,-2.716354974027979,-1.0472942081372454
3.498,0.006283019941676342,-3.1413446066405433,0.4567507496979946,-2.734584503216696,-1.0472942081372454
3.499,0.003141571982779709,-3.141530641240445,0.4539979538951184,-2.7527958028762245,-1.0472942081372454
3.5,4.286263797015736e-16,-3.141592653589793,0.4512274181887849,-2.7705357063334346,-1.0246349630043063
3.501,-0.0031415719827788515,-3.141530641240445,0.44843916031889774,-2.7882578698871874,-1.0246349630043063
3.5020000000000002,-0.00628301994167726,-3.1413446066405433,0.44563319800762036,-2.805962311277386,-1.0246349630043063
3.503,-0.00942421985770485,-3.141034557134415,0.4428095489593942,-2.823649048226195,-1.0246349630043063
3.504,-0.012565047721667529,-3.1406005049622836,0.4399682308609561,-2.841318098438055,-1.0246349630043063
3.505,-0.01570537953906274,-3.1400424672597853,0.43710973478998755,-2.858496070968548,-1.000964531446557
3.5060000000000002,-0.018845091334967444,-3.1393604660572936,0.43423407792446106,-2.8756568655265107,-1.000964531446557
3.507,-0.02198405915893243,-3.138554528279048,0.43134127742517114,-2.8928004992899155,-1.000964531446557
3.508,-0.025122159089884563,-3.1376246857420926,0.4284313504357516,-2.9099269894195565,-1.000964531446557
3.509,-0.02825926724101185,-3.136570975155018,0.4255043140826925,-2.927036353059068,-1.000964531446557
3.5100000000000002,-0.03139525976465785,-3.135393438116513,0.42256067864052227,-2.9436354421702475,-0.9763062732119342
3.511,-0.0345300128572021,-3.1340921211137265,0.41960046070832996,-2.960217932192316,-0.9763062732119342
3.512,-0.03766340276396537,-3.1326670755204225,0.4166236768686056,-2.9767838397243622,-0.9763062732119342
3.513,-0.040795305784077585,-3.1311183575949624,0.4136303436872567,-2.9933331813488766,-0.9763062732119342
3.5140000000000002,-0.04392559827537197,-3.129446028478077,0.4106204777136249,-3.0098659736317663,-0.9763062732119342
3.515,-0.04705415665925735,-3.1276501541904578,0.4075946079155085,-3.025869798116402,-0.9506845229133719
3.516,-0.05018085742560744,-3.125730805630146,0.40455275029673193,-3.041857618776553,-0.9506845229133719
3.517,-0.05330557713762976,-3.1236880585697366,0.4014949208451159,-3.057829451616044,-0.9506845229133719
3.5180000000000002,-0.05642819243674045,-3.1215219936533853,0.3984211355324932,-3.0737853126226953,-0.9506845229133719
3.519,-0.05954858004743428,-3.1192326963936265,0.39533141031472485,-3.08972521776834,-0.9506845229133719
3.52,-0.06266661678215134,-3.116820257167996,0.392226292330854,-3.1051179838708447,-0.9241245660136492
3.521,-0.06578217954614028,-3.1142847712154635,0.3891057969736467,-3.120495357207247,-0.9241245660136492
3.5220000000000002,-0.06889514534231962,-3.111626338632672,0.38596993962047643,-3.1358573531703127,-0.9241245660136492
3.523,-0.07200539127612648,-3.1088450643699894,0.382818735633339,-3.151203987137415,-0.9241245660136492
3.524,-0.07511279456037873,-3.1059410582273617,0.3796522003588685,-3.166535274470551,-0.9241245660136492
3.525,-0.07821723252011545,-3.1029144348499784,0.37647089856739496,-3.181301791473516,-0.8966526138717962
3.5260000000000002,-0.08131858259744162,-3.099765313723747,0.3732748450254355,-3.196053541959478,-0.8966526138717962
3.527,-0.08441672235636656,-3.0964938191705786,0.37006405448474056,-3.210790540694955,-0.8966526138717962
3.528,-0.08751152948763746,-3.0931000803434756,0.36683854168230884,-3.225512802431696,-0.8966526138717962
3.529,-0.09060288181356792,-3.0895842312214365,0.36359832134040215,-3.2402203419067,-0.8966526138717962
3.5300000000000002,-0.0936906572928631,-3.0859464106041625,0.36034397530327983,-3.2543460371223087,-0.8682957778757692
3.531,-0.09677473402543073,-3.0821867621065864,0.35707551769663715,-3.268457606642702,-0.8682957778757692
3.532,-0.09985499025720392,-3.0783054341531915,0.3537929626320436,-3.282555064593575,-0.8682957778757692
3.533,-0.10293130438493914,-3.0743025799721613,0.3504963242069571,-3.296638425086497,-0.8682957778757692
3.5340000000000003,-0.10600355496102735,-3.070178357589319,0.34718561650473817,-3.3107077022189255,-0.8682957778757692
3.535,-0.10907162069827112,-3.065932929821908,0.34386143786936774,-3.324178635370445,-0.8390820426869132
3.536,-0.11213538047469024,-3.061566464272146,0.34052380177177893,-3.337636097588813,-0.8390820426869132
3.537,-0.11519471333829476,-3.057079133320616,0.33717272166943396,-3.3510801023449623,-0.8390820426869132
3.5380000000000003,-0.11824949851186334,-3.052471114119458,0.3338082110063376,-3.3645106630963557,-0.8390820426869132
3.539,-0.12129961539770452,-3.047742588585385,0.3304302832130506,-3.3779277932869975,-0.8390820426869132
3.54,-0.12434494358242629,-3.0428937433924883,0.32703955254278444,-3.3907306702661626,-0.809040238622601
3.541,-0.1273853628416898,-3.0379247699648686,0.3236360317984161,-3.4035207443683486,-0.809040238622601
3.5420000000000003,-0.1304207531449487,-3.032835864469088,0.32021973377001967,-3.416298028396432,-0.809040238622601
3.543,-0.13345099466018784,-3.027627227806428,0.3167906712348792,-3.4290625351404875,-0.809040238622601
3.544,-0.13647596775866247,-3.0222990656049418,0.3133488569575014,-3.441814277377799,-0.809040238622601
3.545,-0.1394955530196143,-3.016851588211351,0.3098949204941369,-3.453936463364507,-0.7782000132042971
3.5460000000000003,-0.14250963123498925,-3.0112850106827316,0.3064288739669717,-3.4660465271652283,-0.7782000132042971
3.547,-0.14551808341413522,-3.0055995527780426,0.30295072948606955,-3.478144480902149,-0.7782000132042971
3.548,-0.14852079078851657,-2.9997954389494175,0.2994604991493842,-3.490230336685333,-0.7782000132042971
3.549,-0.15151763481638592,-2.9938728983333354,0.2959581950427715,-3.5023041066127334,-0.7782000132042971
3.5500000000000003,-0.15450849718747414,-2.987832164741555,0.29244446140422736,-3.5137336385441036,-0.7465918018991378
3.551,-0.15749325982765264,-2.9816734766519017,0.28891930966328383,-3.5251517409435422,-0.7465918018991378
3.552,-0.1604718049036048,-2.9753970771988336,0.28538275123804324,-3.5365584252405813,-0.7465918018991378
3.553,-0.16344401482747112,-2.9690032141638536,0.2818347975351899,-3.5479537028533237,-0.7465918018991378
3.5540000000000003,-0.166409772261493,-2.962492139965726,0.27827545995000147,-3.559337585188453,-0.7465918018991378
3.555,-0.16936896012264518,-2.955864111650511,0.2747053967664365,-3.5700631835649426,-0.7142467980839108
3.556,-0.17232146158725786,-2.9491193908814193,0.27112461871009347,-3.580778056343056,-0.7142467980839108
3.557,-0.17526716009562865,-2.942258243928476,0.2675331364958451,-3.591482214248391,-0.7142467980839108
3.5580000000000003,-0.178205939356626,-2.9352809416580117,0.2639309608278493,-3.602175667995821,-0.7142467980839108
3.559,-0.1811376833522733,-2.9281877595219803,0.26031810239955977,-3.612858428289503,-0.7142467980839108
3.56,-0.18406227634233924,-2.920978977547064,0.25669523289125334,-3.622869508306435,-0.6811969222610663
3.561,-0.18697960286890028,-2.913654880323631,0.25306236231400997,-3.6328705772433496,-0.6811969222610663
3.5620000000000003,-0.18988954776090045,-2.906215756994499,0.24941950066889865,-3.6428616451113274,-0.6811969222610663
3.563,-0.192791996138698,-2.89866190124352,0.2457666579469872,-3.6528427219114374,-0.6811969222610663
3.564,-0.19568683341860074,-2.8909936112839834,0.24210384412935246,-3.6628138176347473,-0.6811969222610663
3.565,-0.19857394531738967,-2.8832111898468473,0.2384317436297242,-3.6721004996282547,-0.6474747905571143
3.5660000000000003,-0.20145321785683212,-2.87531494416878,0.23475036573478442,-3.681377894939769,-0.6474747905571143
3.567,-0.20432453736817516,-2.867305185980049,0.23105971972192846,-3.6906460128559715,-0.6474747905571143
3.568,-0.20718779049664252,-2.859182231492189,0.2273598148592742,-3.699904862654258,-0.6474747905571143
3.569,-0.2100428642059034,-2.8509464013855332,0.22365066040567144,-3.709154453602746,-0.6474747905571143
3.5700000000000003,-0.2128896457825364,-2.842598020796553,0.21993295283287162,-3.717707572799834,-0.6131136825345578
3.571,-0.2157280228404794,-2.8341374193050193,0.2162067006939939,-3.7262521388777254,-0.6131136825345578
3.572,-0.2185578833254662,-2.825564930920992,0.21247191253360434,-3.734788160389539,-0.6131136825345578
3.573,-0.22137911551945033,-2.816880894071634,0.2087285968877245,-3.7433156458798407,-0.6131136825345578
3.5740000000000003,-0.2241916080450171,-2.8080856515878456,0.20497676228383985,-3.751834603884652,-0.6131136825345578
3.575,-0.2269952498697742,-2.79917955069075,0.2012171165643921,-3.759645719447749,-0.5781475083490575
3.576,-0.22978993031074296,-2.790162942977962,0.1974496675404968,-3.7674490238952822,-0.5781475083490575
3.577,-0.23257553903872805,-2.781036184409704,0.19367442301545845,-3.775244525038368,-0.5781475083490575
3.5780000000000003,-0.23535196608266656,-2.771799635294777,0.18989139078477815,-3.783032230680311,-0.5781475083490575
3.579,-0.23811910183396964,-2.7624536602763348,0.18610057863616153,-3.7908121486166118,-0.5781475083490575
3.58,-0.24087683705085755,-2.7529986283174637,0.18230270508418786,-3.797873551973681,-0.5426107752842937
3.581,-0.24362506286266591,-2.7434349126866344,0.17849777719026047,-3.804927893927393,-0.5426107752842937
3.5820000000000003,-0.24636367077414692,-2.7337628909429608,0.17468580200872133,-3.8119751815391516,-0.5426107752842937
3.583,-0.24909255266974484,-2.723982944921315,0.17086678658685803,-3.8190154218632983,-0.5426107752842937
3.584,-0.2518116008178797,-2.714095460717204,0.1670407379649109,-3.826048621947121,-0.5426107752842937
3.585,-0.2545207078751847,-2.70410082867158,0.16320838462051176,-3.8323533443991247,-0.5065385536975289
3.586,-0.25721976689075216,-2.6939994433554024,0.1593697328583831,-3.838651762128676,-0.5065385536975289
3.587,-0.259908671310355,-2.683791703554061,0.1555247889769426,-3.844943881440498,-0.5065385536975289
3.588,-0.26258731498064797,-2.6734780122516564,0.1516735592683096,-3.8512297086330083,-0.5065385536975289
3.589,-0.26525559215336697,-2.663058776615056,0.14781605001831127,-3.857509249998326,-0.5065385536975289
3.59,-0.2679133974894981,-2.652534407977842,0.14395299894871474,-3.863051069596517,-0.46996644240947355
3.591,-0.27056062606343756,-2.641905321824067,0.14008441160133964,-3.86858734737511,-0.46996644240947355
3.592,-0.273197173367134,-2.6311719377718528,0.13621029351246372,-3.874118088875924,-0.46996644240947355
3.593,-0.2758229353142144,-2.6203346795568234,0.13233065021282847,-3.8796432996352377,-0.46996644240947355
3.594,-0.27843780824409314,-2.6093939750153767,0.12844548722764468,-3.885162985183792,-0.46996644240947355
3.595,-0.28104168892606574,-2.598350256067789,0.12455555079477462,-3.8899364328700607,-0.43293053357262
3.596,-0.28363447456337854,-2.5872039587011852,0.12066084568766598,-3.894705107108643,-0.43293053357262
3.597,-0.28621606279729556,-2.5759555229522952,0.11676137667499299,-3.8994690126729865,-0.43293053357262
3.598,-0.28878635171113376,-2.5646053928901016,0.11285714852066123,-3.904228154331766,-0.43293053357262
3.599,-0.29134523983428784,-2.553154016598304,0.10894816598381234,-3.9089825368488866,-0.43293053357262
3.6,-0.29389262614623624,-2.541601846157631,0.10503518308195925,-3.912982901853092,-0.3954673770527205
3.601,-0.2964284100805291,-2.5299493376279916,0.10111820381546696,-3.9169792664922936,-0.3954673770527205
3.602,-0.29895249152875875,-2.5181969510304696,0.0971972321807001,-3.9209716347668557,-0.3954673770527205
3.603,-0.30146477084451295,-2.506345150329158,0.09327227217002695,-3.9249600106731433,-0.3954673770527205
3.604,-0.30396514884730313,-2.494394403412868,0.08934332777182342,-3.9289443982035244,-0.3954673770527205
3.605,-0.3064535268264885,-2.4823451820766196,0.08541116003913093,-3.9321677326924918,-0.3576139443585524
3.606,-0.3089298065451659,-2.470197962003045,0.08147577219528396,-3.9353878438469705,-0.3576139443585524
3.607,-0.3113938902440562,-2.4579532227435728,0.07753716746039366,-3.9386047348902946,-0.3576139443585524
3.608,-0.31384568064535007,-2.4456114476995636,0.07359534905135108,-3.9418184090425754,-0.3576139443585524
3.609,-0.3162850809565619,-2.433173124103157,0.06965032018183037,-3.945028869520704,-0.3576139443585524
3.61,-0.3187119948743444,-2.420638742998071,0.06570284818933608,-3.9474719924942945,-0.3194075921555596
3.611,-0.32112632658829293,-2.408008799220201,0.061752935516991174,-3.949912672344911,-0.3194075921555596
3.612,-0.3235279807847214,-2.395283791378124,0.0578005846054755,-3.9523509115156776,-0.3194075921555596
3.613,-0.32591686265043845,-2.3824642218333385,0.05384579789302822,-3.954786712447273,-0.3194075921555596
3.614,-0.32829287787647715,-2.3695505966805075,0.04988857781545029,-3.957220077577937,-0.3194075921555596
3.615,-0.3306559326618261,-2.3565434257274327,0.04592969723744194,-3.958880578008347,-0.28088602539940155
3.616,-0.3330059337171258,-2.343443222474966,0.04196915781950361,-3.960539417938327,-0.28088602539940155
3.617,-0.33534278826835984,-2.330250504096694,0.038006961220475234,-3.9621965990283767,-0.28088602539940155
3.618,-0.3376664040605119,-2.3169657914185477,0.034043109097537896,-3.9638521229373365,-0.28088602539940155
3.619,-0.3399766893612092,-2.3035896088982373,0.03007760310621551,-3.965505991322387,-0.28088602539940155
3.62,-0.34227355296434375,-2.290122484604545,0.02611122087568193,-3.96638223053358,-0.24208726012576587
3.621,-0.3445569041936735,-2.276564950196478,0.022143963282176368,-3.9672575935055616,-0.24208726012576587
3.622,-0.34682665290640163,-2.2629175409022806,0.018175831201061796,-3.9681320811145713,-0.24208726012576587
3.623,-0.3490827094967366,-2.249180795498297,0.014206825506825824,-3.969005694235972,-0.24208726012576587
3.624,-0.35132498489942476,-2.2353552562877286,0.010236947073081572,-3.969878433744251,-0.24208726012576587
3.625,-0.3535533905932738,-2.221441469079183,0.006266977526052401,-3.9699695470291707,-0.20304958593319034
3.626,-0.35576783860464256,-2.207439983165156,0.0022969169568515958,-3.9700605692008053,-0.20304958593319034
3.6270000000000002,-0.35796824151091533,-2.1933513513003353,-0.0016732345434986723,-3.9701515003502683,-0.20304958593319034
3.628,-0.360154512443953,-2.1791761296797847,-0.005643476884067254,-3.970242340568582,-0.20304958593319034
3.629,-0.3623265650935228,-2.164914877916982,-0.009613809974013931,-3.9703330899466773,-0.20304958593319034
3.63,-0.3644843137107051,-2.1505681590217267,-0.01358344896143458,-3.9696389874206486,-0.16381152819589717
3.6310000000000002,-0.3666276731112804,-2.1361365393779077,-0.017552394540431726,-3.968945578997146,-0.16381152819589717
3.632,-0.36875655867908724,-2.1216205887211737,-0.02152064740441379,-3.968252863982067,-0.16381152819589717
3.633,-0.37087088636936977,-2.1070208801163934,-0.025488208246095795,-3.967560841682003,-0.16381152819589717
3.634,-0.3729705727120911,-2.092337989935064,-0.029455077757500035,-3.966869511404239,-0.16381152819589717
3.6350000000000002,-0.37505553481522963,-2.0775724978325485,-0.033420468635593746,-3.965390878093714,-0.12441181004395208
3.636,-0.37712569036805166,-2.062724986725192,-0.037384382359010246,-3.9639137234164994,-0.12441181004395208
3.637,-0.37918095764436055,-2.047796042767311,-0.04134682040490421,-3.962438045893962,-0.12441181004395208
3.638,-0.38122125550572344,-2.032786255328049,-0.045307784248953153,-3.960963844048947,-0.12441181004395208
3.6390000000000002,-0.3832465034046754,-2.0176962169681065,-0.04926727536535893,-3.9594911164057773,-0.12441181004395208
3.64,-0.385256621387895,-2.002526523416376,-0.05322450477693127,-3.9572294115723365,-0.08488931414825185
3.641,-0.3872515300993672,-1.9872777735463756,-0.057179474745375,-3.9549699684437294,-0.08488931414825185
3.642,-0.3892311507835107,-1.971950569352649,-0.06113218753013325,-3.952712784758251,-0.08488931414825185
3.6430000000000002,-0.3911954052882941,-1.9565455159269467,-0.0650826453883897,-3.9504578582564576,-0.08488931414825185
3.644,-0.39314421606830935,-1.9410632214344274,-0.06903085057507087,-3.9482051866811663,-0.08488931414825185
3.645,-0.395077506187845,-1.925504297089558,-0.07297601321745231,-3.9451626423814465,-0.04528304434806574
3.646,-0.3969951993239173,-1.909869357132031,-0.07691813635807834,-3.9421231406260264,-0.04528304434806574
3.6470000000000002,-0.3988972197692861,-1.8941590188024957,-0.08085722303645071,-3.939086678372362,-0.04528304434806574
3.648,-0.40078349243543876,-1.8783739023182267,-0.08479327628903166,-3.936053252580951,-0.04528304434806574
3.649,-0.4026539428555603,-1.8625146308485947,-0.088726299149247,-3.9330228602153317,-0.04528304434806574
3.65,-0.40450849718747295,-1.8465818304904633,-0.0926555016283453,-3.9292024790982962,-0.005632087158991328
3.6510000000000002,-0.40634708221654714,-1.83057613024351,-0.09658088754670767,-3.9253859183623776,-0.005632087158991328
3.652,-0.408169625358592,-1.814498161985392,-0.10050246072089486,-3.921573174187195,-0.005632087158991328
3.653,-0.4099760546627261,-1.7983485604467573,-0.10442022496365105,-3.9177642427561876,-0.005632087158991328
3.654,-0.4117662988142135,-1.7821279631862221,-0.10833418408390766,-3.913959120256611,-0.005632087158991328
3.6550000000000002,-0.41354028713728064,-1.7658370105651922,-0.112243548756508,-3.909364672600341,0.03402442680067974
3.656,-0.4152979495979059,-1.7494763457225821,-0.11614832357589971,-3.904774819391727,0.03402442680067974
3.657,-0.41703921680658507,-1.7330466145494265,-0.12004851313193604,-3.900189556036322,0.03402442680067974
3.658,-0.4187640200210702,-1.71654846566338,-0.12394412200988031,-3.895608877944272,0.03402442680067974
3.6590000000000003,-0.4204722911490848,-1.6999825503831008,-0.12783515479041063,-3.891032780530314,0.03402442680067974
3.66,-0.4221639627510077,-1.6833495227025788,-0.13172082359093187,-3.885668800521241,0.07364736142712647
3.661,-0.4238389680425417,-1.6666500392652561,-0.13560113377542404,-3.8803101844921772,0.07364736142712647
3.662,-0.42549724089734586,-1.6498847593381454,-0.1394760907025032,-3.8749569270791424,0.07364736142712647
3.6630000000000003,-0.4271387158496474,-1.633054344785791,-0.1433456997254267,-3.869609022923521,0.07364736142712647
3.664,-0.4287633280968259,-1.6161594600441416,-0.14720996619209878,-3.864266466672055,0.07364736142712647
3.665,-0.43037101350197143,-1.599200772094318,-0.15106810444002908,-3.8581382479303112,0.11319761375357573
3.666,-0.4319617085964172,-1.5821789504362824,-0.15492012059743637,-3.8520161574073093,0.11319761375357573
3.6670000000000003,-0.43353535058224535,-1.565094667062398,-0.1587660207864112,-3.8459001889748303,0.11319761375357573
3.668,-0.43509187733476307,-1.547948596430939,-0.16260581112292197,-3.839790336510784,0.11319761375357573
3.669,-0.4366312274049602,-1.5307414154394055,-0.16643949771682118,-3.8336865938992015,0.11319761375357573
3.67,-0.43815334002193185,-1.5134738033978394,-0.17026629790107567,-3.8268001842544987,0.15263615254018725
3.6710000000000003,-0.43965815509527806,-1.4961464420019976,-0.1740862185620951,-3.8199206610194407,0.15263615254018725
3.672,-0.4411456132174765,-1.4787600153064389,-0.17789926657940272,-3.8130480173076173,0.15263615254018725
3.673,-0.44261565566622735,-1.4613152096975184,-0.1817054488256422,-3.806182246239506,0.15263615254018725
3.674,-0.44406822440677196,-1.443812713866291,-0.18550477216658467,-3.7993233409424625,0.15263615254018725
3.6750000000000003,-0.44550326209418434,-1.4262532187813142,-0.18929645770305034,-3.791685536465657,0.19192405679314506
3.676,-0.4469207120756322,-1.408637417661406,-0.19308051307284366,-3.7840553697933283,0.19192405679314506
3.677,-0.44832051839261816,-1.3909660059482227,-0.19685694590613134,-3.776432833287672,0.19192405679314506
3.678,-0.4497026257831849,-1.3732396812788494,-0.20062576382544986,-3.7688179193185216,0.19192405679314506
3.6790000000000003,-0.4510669796841015,-1.3554591434582024,-0.2043869744457132,-3.7612106202633404,0.19192405679314506
3.68,-0.45241352623300973,-1.3376250944314994,-0.20813980340427277,-3.752828958559578,0.23102255417495932
3.681,-0.45374221227055833,-1.3197382382564493,-0.2118842590827903,-3.7444556785175194,0.23102255417495932
3.682,-0.45505298534249766,-1.3017992810755066,-0.21562034985454578,-3.7360907717555025,0.23102255417495932
3.6830000000000003,-0.4563457937017519,-1.2838089310879741,-0.21934808408444603,-3.727734229900248,0.23102255417495932
3.684,-0.45762058631045915,-1.2657678985220857,-0.22306747012903289,-3.7193860445868485,0.23102255417495932
3.685,-0.4588773128419901,-1.2476768956069155,-0.22677773892638978,-3.7102687973569,0.2698930592680654
3.686,-0.4601159236829347,-1.2295366365442617,-0.23047889959376397,-3.701160667374182,0.2698930592680654
3.6870000000000003,-0.46133636993505756,-1.2113478374804907,-0.2341709612392854,-3.6920616455214463,0.2698930592680654
3.688,-0.4625386034172291,-1.193111216478266,-0.23785393296197596,-3.6829717226905636,0.2698930592680654
3.689,-0.46372257666733063,-1.1748274934881482,-0.24152782385175847,-3.6738908897825118,0.2698930592680654
3.69,-0.4648882429441256,-1.1564973903202147,-0.2451918709064181,-3.66404705465965,0.30849721165395483
3.6910000000000003,-0.466035556229106,-1.1381216306155415,-0.24884608396979002,-3.6542130633719117,0.30849721165395483
3.692,-0.4671644712283058,-1.1197009398176887,-0.25249047287586546,-3.6443889060754606,0.30849721165395483
3.693,-0.46827494337409586,-1.1012360451439567,-0.25612504744880177,-3.634574572936306,0.30849721165395483
3.694,-0.4693669288269367,-1.0827276755567805,-0.2597498175029321,-3.6247700541302907,0.30849721165395483
3.6950000000000003,-0.4704403844771129,-1.0641765617348895,-0.26336402684873284,-3.6142093458007554,0.3467969137702587
3.696,-0.4714952679464324,-1.045583436044514,-0.2669676860469124,-3.6036591981795496,0.3467969137702587
3.697,-0.47253153758990246,-1.026949032510409,-0.27056080564761836,-3.5931196007059647,0.3467969137702587
3.698,-0.4735491524973721,-1.0082740867869187,-0.2741433961904482,-3.5825905428298537,0.3467969137702587
3.6990000000000003,-0.4745480724951472,-0.989559336128924,-0.2777154682044598,-3.5720720140116184,0.3467969137702587
3.7,-0.47552825814757665,-0.970805519362736,-0.28127627305908726,-3.5608048546274382,0.38475436850843103
3.701,-0.4764896707586092,-0.9520133768569288,-0.28482582202148987,-3.549548962402642,0.38475436850843103
3.702,-0.47743227237332125,-0.9331836504931111,-0.2883641263475599,-3.538304326070071,0.38475436850843103
3.7030000000000003,-0.47835602577941544,-0.9143170836366279,-0.29189119728193375,-3.5270709343738322,0.38475436850843103
3.704,-0.4792608945086881,-0.8954144211072549,-0.29540704605800305,-3.51584877606929,0.38475436850843103
3.705,-0.48014684283847164,-0.8764764091497316,-0.29891093234296595,-3.5038862849629218,0.4223321165149302
3.706,-0.48101383579304297,-0.857503795404343,-0.3024028680993136,-3.4919357563476603,0.4223321165149302
3.7070000000000003,-0.48186183914500486,-0.8384973288773937,-0.30588286527757463,-3.479997178261014,0.4223321165149302
3.708,-0.4826908194166369,-0.8194577599116374,-0.3093509358163271,-3.468070538752454,0.4223321165149302
3.709,-0.48350074388121744,-0.8003858401566565,-0.3128070916422105,-3.4561558258834033,0.4223321165149302
3.71,-0.4842915805643154,-0.7812823225391863,-0.3162506014508048,-3.4435098085943388,0.4594930731590552
3.7110000000000003,-0.4850632982450532,-0.7621479612333808,-0.31968147788812734,-3.430876437322563,0.4594930731590552
3.712,-0.48581586645733715,-0.7429835116310832,-0.3230997335875494,-3.418255699422059,0.4594930731590552
3.713,-0.4865492554910634,-0.7237897303119379,-0.3265053811698089,-3.405647582259456,0.4594930731590552
3.714,-0.48726343639328823,-0.7045673750135772,-0.32989843324302287,-3.3930520732140153,0.4594930731590552
3.715,-0.48795838096937333,-0.6853172046016528,-0.33327816825286105,-3.379735009838181,0.49620056513100774
3.716,-0.48863406178409674,-0.6660399790399308,-0.33664459951638676,-3.366431263525723,0.49620056513100774
3.717,-0.489290452162736,-0.6467364593602903,-0.3399977403373463,-3.353140820959577,0.49620056513100774
3.718,-0.4899275261921234,-0.6274074076326244,-0.3433376040061823,-3.339863668835997,0.49620056513100774
3.719,-0.49054525872166693,-0.6080535869347987,-0.3466642038000468,-3.326599793864541,0.49620056513100774
3.72,-0.4911436253643445,-0.5886757613225045,-0.3499768286267848,-3.3126248267379963,0.5324183666340155
3.721,-0.49172260249766464,-0.5692746957991495,-0.35327549246136336,-3.298663834578578,0.5324183666340155
3.722,-0.4922821672646025,-0.5498511562855478,-0.35656020926477466,-3.284716803411319,0.5324183666340155
3.723,-0.4928222975744988,-0.5304059095897918,-0.3598309929840499,-3.2707837192752276,0.5324183666340155
3.724,-0.4933429721039341,-0.5109397233769148,-0.3630878575522732,-3.256864568223272,0.5324183666340155
3.725,-0.4938441702975689,-0.4914533661386387,-0.36633010304122554,-3.242245488952353,0.5681107351347986
3.726,-0.494325872368957,-0.47194760716297035,-0.36955774406998626,-3.2276410287607047,0.5681107351347986
3.727,-0.4947880593013254,-0.45242321650387507,-0.3727707952430155,-3.213051173029248,0.5681107351347986
3.728,-0.49523071284832554,-0.43288096495086476,-0.375969271150169,-3.1984759071535227,0.5681107351347986
3.729,-0.4956538155347532,-0.4133216239985692,-0.37915318636671264,-3.183915216543673,0.5681107351347986
3.73,-0.49605735065723877,-0.393745965816278,-0.382321852819107,-3.168666452394386,0.6032424466371662
3.731,-0.4964413022849067,-0.3741547632174576,-0.3854752857561163,-3.1534329370092484,0.6032424466371662
3.732,-0.49680565526000425,-0.35454878962922987,-0.38861350041125575,-3.138214655139496,0.6032424466371662
3.733,-0.49715039519849946,-0.3349288190618833,-0.39173651200280735,-3.123011591551613,0.6032424466371662
3.734,-0.4974755084906501,-0.3152956260782503,-0.39484433573383465,-3.107823731027318,0.6032424466371662
3.735,-0.49778098230154,-0.29564998576317225,-0.3979362960645221,-3.091960330687414,0.6377788304438331
3.736,-0.4980668045715862,-0.27599267369289016,-0.40101240885826994,-3.0761127937478503,0.6377788304438331
3.737,-0.4983329640170149,-0.2563244659044258,-0.4040726899626152,-3.0602811043452256,0.6377788304438331
3.738,-0.4985794501303069,-0.23664613886494534,-0.4071171552092472,-3.044465246632004,0.6377788304438331
3.739,-0.49880625318061256,-0.21695846944110556,-0.4101458204140237,-3.028665204776495,0.6377788304438331
3.74,-0.49901336421413583,-0.19726223486837355,-0.413158023237528,-3.0122028235042744,0.6716858033722122
3.741,-0.49920077505448757,-0.17755821272038705,-0.4161537801421413,-2.9957569046133257,0.6716858033722122
3.742,-0.49936847830300873,-0.15784718087819077,-0.4191331075737826,-2.979327431641268,0.6716858033722122
3.743,-0.49951646733906235,-0.13812991749957107,-0.42209602196192475,-2.9629143881421824,0.6716858033722122
3.744,-0.4996447363202946,-0.11840720098832477,-0.42504253971961137,-2.946517757686596,0.6716858033722122
3.745,-0.49975328018286574,-0.09867980996352908,-0.4279720123614725,-2.9294726418611012,0.7049299033904114
3.746,-0.49984209464164997,-0.07894852322880291,-0.4308844569326239,-2.9124445711514317,0.7049299033904114
3.747,-0.4999111761904045,-0.0592141197415612,-0.43377989046113635,-2.895433528512472,0.7049299033904114
3.748,-0.49996052210190806,-0.03947737858225174,-0.4366583299580525,-2.8784394969161515,0.7049299033904114
3.749,-0.49999013042806856,-0.019739078923643117,-0.4395197924174039,-2.861462459351427,0.7049299033904114
3.75,-0.5,-8.466095637396496e-15,-0.44236364384784316,-2.843851430439271,0.7374783226402334
3.751,-0.49999013042806856,0.019739078923637347,-0.4451899018603992,-2.826258012556027,0.7374783226402334
3.7520000000000002,-0.49996052210190806,0.03947737858225713,-0.44799858404848986,-2.8086821880906663,0.7374783226402334
3.753,-0.4999111761904045,0.05921411974155543,-0.4507897079879396,-2.791123939449771,0.7374783226402334
3.754,-0.49984209464165,0.07894852322879714,-0.4535632912369971,-2.7735832490575167,0.7374783226402334
3.755,-0.4997532801828658,0.0986798099635233,-0.45631871492400927,-2.7554236870121676,0.7692989398145745
3.7560000000000002,-0.4996447363202946,0.11840720098833016,-0.4590559972085381,-2.737282284528864,0.7692989398145745
3.757,-0.4995164673390624,0.1381299174995653,-0.4617751562319862,-2.719159023448044,0.7692989398145745
3.758,-0.4993684783030088,0.157847180878185,-0.4644762101176145,-2.7010538856283044,0.7692989398145745
3.759,-0.4992007750544876,0.1775582127203813,-0.46715917697056086,-2.6829668529463846,0.7692989398145745
3.7600000000000002,-0.4990133642141358,0.1972622348683789,-0.46982345364961714,-2.6642766790562926,0.8003603518572792
3.761,-0.4988062531806126,0.2169584694410998,-0.4724690588449572,-2.6456051953400905,0.8003603518572792
3.762,-0.49857945013030697,0.2366461388649396,-0.47509601122806483,-2.626952383107605,0.8003603518572792
3.763,-0.498332964017015,0.25632446590442004,-0.4777043294517522,-2.608318223687352,0.8003603518572792
3.7640000000000002,-0.49806680457158625,0.2759926736928844,-0.4802940321501787,-2.589702698426519,0.8003603518572792
3.765,-0.49778098230154005,0.29564998576316653,-0.4828645325078077,-2.5705003576290086,0.8306319049541829
3.766,-0.4974755084906502,0.3152956260782446,-0.48541584972698,-2.551317219172296,0.8306319049541829
3.767,-0.4971503951984996,0.3349288190618776,-0.487948002990834,-2.53215326385404,0.8306319049541829
3.7680000000000002,-0.49680565526000414,0.3545487896292352,-0.4904610114633251,-2.5130084724911024,0.8306319049541829
3.769,-0.4964413022849068,0.3741547632174519,-0.4929548942892446,-2.4938828259195276,0.8306319049541829
3.77,-0.4960573506572389,0.39374596581627236,-0.49542908155784254,-2.474187268597913,0.8600837247847514
3.771,-0.4956538155347533,0.4133216239985634,-0.49788359296467616,-2.45451140683362,0.8600837247847514
3.7720000000000002,-0.49523071284832565,0.4328809649508591,-0.5003184481856072,-2.434855220931091,0.8600837247847514
3.773,-0.4947880593013256,0.45242321650386935,-0.5027336668768216,-2.4152186912144646,0.8600837247847514
3.774,-0.4943258723689571,0.4719476071629647,-0.5051292686748492,-2.3956017980275552,0.8600837247847514
3.775,-0.493844170297569,0.49145336613863294,-0.5075047011361586,-2.3754324613094395,0.8886867460044169
3.7760000000000002,-0.4933429721039339,0.5109397233769202,-0.5098599844300867,-2.355283293928042,0.8886867460044169
3.777,-0.4928222975744989,0.5304059095897862,-0.5121951387058008,-2.3351542757140256,0.8886867460044169
3.778,-0.49228216726460267,0.5498511562855422,-0.5145101840923191,-2.3150453865182232,0.8886867460044169
3.779,-0.4917226024976648,0.5692746957991438,-0.5168051406985307,-2.2949566062116165,0.8886867460044169
3.7800000000000002,-0.49114362536434436,0.5886757613225098,-0.5190794740933176,-2.2743333947868325,0.9164127409286105
3.781,-0.4905452587216671,0.6080535869347932,-0.521333204899891,-2.2537308065734734,0.9164127409286105
3.782,-0.48992752619212354,0.6274074076326187,-0.5235663537208394,-2.233148820948328,0.9164127409286105
3.783,-0.4892904521627362,0.6467364593602847,-0.5257789411381482,-2.212587417308807,0.9164127409286105
3.7840000000000003,-0.4886340617840965,0.6660399790399361,-0.527970987713221,-2.192046575072926,0.9164127409286105
3.785,-0.48795838096937355,0.6853172046016471,-0.5301419775547711,-2.170989841550052,0.943234347390067
3.786,-0.48726343639328845,0.7045673750135716,-0.5322919317195318,-2.1499541647607003,0.943234347390067
3.787,-0.48654925549106365,0.7237897303119323,-0.5344208712431799,-2.128939523648138,0.943234347390067
3.7880000000000003,-0.48581586645733693,0.7429835116310884,-0.5365288171403566,-2.1079458971766885,0.943234347390067
3.789,-0.48506329824505295,0.7621479612333861,-0.5386157904046883,-2.0869732643317103,0.943234347390067
3.79,-0.48429158056431565,0.7812823225391806,-0.5406812941938408,-2.0655037891525385,0.9691250957420127
3.791,-0.48350074388121766,0.8003858401566508,-0.5427253499772894,-2.0440557834485458,0.9691250957420127
3.7920000000000003,-0.48269081941663666,0.8194577599116427,-0.5447479792030396,-2.022629225750257,0.9691250957420127
3.793,-0.4818618391450051,0.838497328877388,-0.5467492032976493,-2.0012240946096664,0.9691250957420127
3.794,-0.48101383579304324,0.8575037954043374,-0.5487290436662495,-1.9798403686002166,0.9691250957420127
3.795,-0.48014684283847187,0.876476409149726,-0.5506870230057815,-1.9579793395320055,0.9940594349805382
3.7960000000000003,-0.47926089450868786,0.8954144211072599,-0.5526231631772744,-1.9361401714928628,0.9940594349805382
3.797,-0.4783560257794152,0.9143170836366329,-0.5545374860198962,-1.9143228426217591,0.9940594349805382
3.798,-0.4774322723733215,0.9331836504931056,-0.5564300133509756,-1.8925273310795265,0.9940594349805382
3.799,-0.4764896707586095,0.9520133768569231,-0.5583007669660245,-1.8707536150488362,0.9940594349805382
3.8000000000000003,-0.47552825814757693,0.9708055193627305,-0.560149289572299,-1.84852260627458,1.018012757960365
3.801,-0.4745480724951475,0.9895593361289187,-0.5619756034008081,-1.8263138285090983,1.018012757960365
3.802,-0.4735491524973724,1.0082740867869133,-0.5637797306603295,-1.804127259521382,1.018012757960365
3.803,-0.47253153758990274,1.0269490325104034,-0.5655616935374321,-1.7819628771026532,1.018012757960365
3.8040000000000003,-0.47149526794643204,1.0455834360445189,-0.5673215141964985,-1.7598206590663432,1.018012757960365
3.805,-0.4704403844771126,1.0641765617348946,-0.5690587558063922,-1.737241609893694,1.040961425679143
3.806,-0.469366928826937,1.0827276755567752,-0.5707734409461624,-1.7146851397702174,1.040961425679143
3.807,-0.4682749433740962,1.1012360451439513,-0.5724655921722793,-1.6921512261168643,1.040961425679143
3.8080000000000003,-0.4671644712283061,1.1197009398176834,-0.5741352320186565,-1.6696398463771647,1.040961425679143
3.809,-0.46603555622910564,1.1381216306155464,-0.5757823829966736,-1.6471509780172047,1.040961425679143
3.81,-0.46488824294412595,1.1564973903202092,-0.5774066291679006,-1.624246171227061,1.0628827906063194
3.811,-0.46372257666733097,1.174827493488143,-0.5790079934371444,-1.6013642692437076,1.0628827906063194
3.8120000000000003,-0.46253860341722874,1.1931112164782711,-0.5805864986863067,-1.5785052491623375,1.0628827906063194
3.813,-0.4613363699350572,1.2113478374804956,-0.5821421677744077,-1.5556690881010486,1.0628827906063194
3.814,-0.460115923682935,1.2295366365442564,-0.5836750235376086,-1.5328557632008213,1.0628827906063194
3.815,-0.4588773128419905,1.2476768956069102,-0.5851846713406655,-1.5096478030569493,1.0837552190335555
3.8160000000000003,-0.4576205863104588,1.2657678985220906,-0.5866711343915387,-1.4864630508732213,1.0837552190335555
3.817,-0.4563457937017515,1.283808931087979,-0.5881344358749804,-1.4633014834416769,1.0837552190335555
3.818,-0.455052985342498,1.3017992810755012,-0.5895745989525579,-1.440163077577564,1.0837552190335555
3.819,-0.4537422122705587,1.319738238256444,-0.5909916467626772,-1.4170478101193154,1.0837552190335555
3.8200000000000003,-0.45241352623300934,1.3376250944315042,-0.592385206362738,-1.3935596000607045,1.1035581124245817
3.821,-0.4510669796841011,1.3554591434582073,-0.5937553012409501,-1.370094878212152,1.1035581124245817
3.822,-0.44970262578318526,1.3732396812788443,-0.5951019548620355,-1.3466536210854483,1.1035581124245817
3.823,-0.44832051839261855,1.3909660059482174,-0.5964251906672514,-1.3232358052158713,1.1035581124245817
3.8240000000000003,-0.44692071207563183,1.408637417661411,-0.5977250320744136,-1.2998414071621638,1.1035581124245817
3.825,-0.44550326209418395,1.426253218781319,-0.5990011282016138,-1.2760961272001314,1.1222719277435043
3.826,-0.44406822440677235,1.4438127138662862,-0.6002535027941318,-1.2523745925180612,1.1222719277435043
3.827,-0.4426156556662278,1.461315209697513,-0.6014821795735025,-1.228676779370673,1.1222719277435043
3.8280000000000003,-0.4411456132174761,1.4787600153064435,-0.6026871822375389,-1.2050026640364322,1.1222719277435043
3.829,-0.43965815509527767,1.4961464420020025,-0.6038685344603565,-1.1813522228175257,1.1222719277435043
3.83,-0.4381533400219323,1.5134738033978345,-0.6050259077670164,-1.157373306659879,1.1398781967414564
3.831,-0.4366312274049607,1.5307414154394006,-0.6061593261364348,-1.13341836941839,1.1398781967414564
3.8320000000000003,-0.4350918773347626,1.5479485964309436,-0.6072688135235489,-1.1094873871141424,1.1398781967414564
3.833,-0.43353535058224496,1.5650946670624026,-0.6083543938593411,-1.0855803357921991,1.1398781967414564
3.834,-0.43196170859641764,1.582178950436277,-0.6094160910508627,-1.0616971915215778,1.1398781967414564
3.835,-0.43037101350197193,1.599200772094313,-0.6104535993543091,-1.0375083034464052,1.156359544182549
3.8360000000000003,-0.4287633280968263,1.6161594600441367,-0.6114669429585684,-1.0133436042593078,1.156359544182549
3.837,-0.4271387158496479,1.6330543447857861,-0.6124561460283398,-0.9892030697713975,1.156359544182549
3.838,-0.42549724089734636,1.6498847593381405,-0.6134212327041577,-0.9650866758179751,1.156359544182549
3.839,-0.4238389680425421,1.6666500392652512,-0.6143622271024162,-0.9409943982585062,1.156359544182549
3.84,-0.42216396275100815,1.6833495227025739,-0.6152788465121766,-0.9166194097604249,1.17169970499114
3.841,-0.4204722911490843,1.6999825503831052,-0.6161711153084274,-0.8922687962508417,1.17169970499114
3.842,-0.41876402002107077,1.7165484656633752,-0.6170390578417821,-0.867942533354768,1.17169970499114
3.843,-0.41703921680658557,1.733046614549422,-0.6178826984385037,-0.8436405967215904,1.17169970499114
3.844,-0.41529794959790645,1.7494763457225777,-0.6187020614005287,-0.819362962025046,1.17169970499114
3.845,-0.41354028713728114,1.7658370105651873,-0.6194968873287857,-0.7948259282569496,1.1858835403035652
3.846,-0.41176629881421406,1.7821279631862172,-0.6202672007603084,-0.7703134315226214,1.1858835403035652
3.847,-0.40997605466272663,1.7983485604467526,-0.6210130262075935,-0.7458254472850275,1.1858835403035652
3.848,-0.4081696253585925,1.814498161985387,-0.6217343881586251,-0.7213619510316712,1.1858835403035652
3.849,-0.40634708221654664,1.8305761302435142,-0.6224313110768998,-0.6969229182745682,1.1858835403035652
3.85,-0.40450849718747345,1.8465818304904589,-0.6231035591312079,-0.6722480543081264,1.1988970524083609
3.851,-0.40265394285556083,1.8625146308485898,-0.6237511569964135,-0.6475978652056511,1.1988970524083609
3.852,-0.4007834924354393,1.8783739023182222,-0.6243741293227058,-0.6229723262922783,1.1988970524083609
3.853,-0.3988972197692856,1.8941590188025001,-0.6249725007356236,-0.5983714129178188,1.1988970524083609
3.854,-0.39699519932391786,1.9098693571320264,-0.6255462958360803,-0.5737951004567338,1.1988970524083609
3.855,-0.39507750618784554,1.9255042970895533,-0.6260953025934655,-0.5490067573850699,1.2107273985603557
3.856,-0.3931442160683099,1.9410632214344226,-0.6266195457961219,-0.5242432026564777,1.2107273985603557
3.857,-0.39119540528829355,1.956545515926951,-0.6271190502076045,-0.49950441148261415,1.2107273985603557
3.858,-0.38923115078351134,1.9719505693526445,-0.6275938405667044,-0.4747903590999244,1.2107273985603557
3.859,-0.38725153009936775,1.9872777735463714,-0.628043941587474,-0.45010102076961733,1.2107273985603557
3.86,-0.3852566213878956,2.0025265234163716,-0.6284691652491498,-0.42522366167574865,1.2213629036549534
3.861,-0.3832465034046749,2.017696216968111,-0.6288695364290907,-0.4003711799409738,1.2213629036549534
3.862,-0.38122125550572405,2.032786255328045,-0.6292450799797786,-0.37554355068793377,1.2213629036549534
3.863,-0.37918095764436116,2.0477960427673065,-0.6295958207288428,-0.35074074906414676,1.2213629036549534
3.864,-0.37712569036805227,2.0627249867251876,-0.6299217834790848,-0.32596275024198357,1.2213629036549534
3.865,-0.3750555348152291,2.077572497832552,-0.6302228044051416,-0.30102092605674013,1.2307930717500721
3.866,-0.37297057271209166,2.09233798993506,-0.6304989084488373,-0.276104043695682,1.2307930717500721
3.867,-0.3708708863693704,2.1070208801163894,-0.6307501205270543,-0.2512120782169849,1.2307930717500721
3.868,-0.36875655867908785,2.1216205887211697,-0.630976465531758,-0.22634500470376645,1.2307930717500721
3.869,-0.36662767311127986,2.1361365393779117,-0.631177968330022,-0.20150279826406126,1.2307930717500721
3.87,-0.3644843137107057,2.1505681590217223,-0.6313544894535593,-0.17652112353730984,1.2390085964243678
3.871,-0.3623265650935234,2.164914877916978,-0.6315060538840446,-0.15156443048528517,1.2390085964243678
3.872,-0.3601545124439537,2.1791761296797807,-0.6316326865781708,-0.12663269412631253,1.2390085964243678
3.873,-0.35796824151091594,2.1933513513003313,-0.6317344124676746,-0.10172588950369887,1.2390085964243678
3.874,-0.35576783860464317,2.2074399831651514,-0.6318112564593603,-0.07684399168570782,1.2390085964243678
3.875,-0.3535533905932744,2.221441469079179,-0.6318631035796551,-0.051847120294789356,1.246001369961638
3.876,-0.3513249848994254,2.235355256287724,-0.6318899788254304,-0.02687524577526181,1.246001369961638
3.8770000000000002,-0.349082709496736,2.2491807954983005,-0.6318919071685607,-0.0019283431302537894,1.246001369961638
3.878,-0.3468266529064023,2.262917540902277,-0.6318689135559485,0.02299361261210922,1.246001369961638
3.879,-0.3445569041936742,2.276564950196474,-0.6318210229095498,0.047890646398729864,1.246001369961638
3.88,-0.3422735529643444,2.2901224846045407,-0.6317481448639704,0.07287804557937422,1.251764491352154
3.8810000000000002,-0.33997668936120984,2.3035896088982337,-0.6316503044066095,0.09784045736083792,1.251764491352154
3.882,-0.33766640406051257,2.3169657914185438,-0.631527526499879,0.12277790673052016,1.251764491352154
3.883,-0.33534278826836056,2.33025050409669,-0.6313798360812282,0.1476904186508327,1.251764491352154
3.884,-0.3330059337171265,2.343443222474962,-0.6312072580631689,0.17257801805922496,1.251764491352154
3.8850000000000002,-0.3306559326618254,2.3565434257274362,-0.6310097267776656,0.19753128550322874,1.2562922731031505
3.886,-0.3282928778764779,2.3695505966805035,-0.6307872671779858,0.2224595996797885,1.2562922731031505
3.887,-0.3259168626504392,2.3824642218333345,-0.6305399041924437,0.24736298554217173,1.2562922731031505
3.888,-0.3235279807847221,2.39528379137812,-0.6302676627244249,0.2722414680186926,1.2562922731031505
3.8890000000000002,-0.32112632658829227,2.4080087992202044,-0.6299705676524122,0.2970950720127369,1.2562922731031505
3.89,-0.3187119948743451,2.420638742998067,-0.6296485780705344,0.32198958187775883,1.2595802468517334
3.891,-0.3162850809565626,2.4331731241031536,-0.6293017188733016,0.34685919723291575,1.2595802468517334
3.892,-0.3138456806453508,2.44561144769956,-0.6289300149303289,0.3717039429727175,1.2595802468517334
3.8930000000000002,-0.31139389024405556,2.457953222743576,-0.628533491086362,0.3965238439667795,1.2595802468517334
3.894,-0.3089298065451666,2.470197962003041,-0.6281121721613022,0.42131892505984736,1.2595802468517334
3.895,-0.30645352682648924,2.482345182076616,-0.627666042051812,0.44613010949028065,1.2616251677746566
3.896,-0.30396514884730386,2.494394403412865,-0.6271951255690756,0.4709164827362835,1.2616251677746566
3.8970000000000002,-0.3014647708445123,2.506345150329161,-0.6266994474994666,0.4956780696090404,1.2616251677746566
3.898,-0.2989524915287595,2.5181969510304665,-0.6261790326045716,0.5204148948949244,1.2616251677746566
3.899,-0.29642841008052984,2.529949337627988,-0.6256339056212161,0.5451269833555227,1.2616251677746566
3.9,-0.29389262614623696,2.541601846157628,-0.6250640752644882,0.569830356727979,1.2624250177905898
3.9010000000000002,-0.2913452398342871,2.5531540165983073,-0.6244695662377611,0.5945090267270629,1.2624250177905898
3.902,-0.2887863517111345,2.564605392890098,-0.6238504032197049,0.6191630180561476,1.2624250177905898
3.903,-0.28621606279729633,2.575955522952292,-0.623206610864311,0.6437923553939032,1.2624250177905898
3.904,-0.28363447456337926,2.587203958701182,-0.6225382138009167,0.6683970633943211,1.2624250177905898
3.9050000000000002,-0.281041688926065,2.598350256067792,-0.6218452455544348,0.6929682464819618,1.2619790075517445
3.906,-0.2784378082440939,2.6093939750153736,-0.6211277306960482,0.7175148583865147,1.2619790075517445
3.907,-0.2758229353142152,2.6203346795568203,-0.6203856937723691,0.7420369236791631,1.2619790075517445
3.908,-0.2731971733671348,2.6311719377718497,-0.6196191593054625,0.7665344669065188,1.2619790075517445
3.9090000000000003,-0.2705606260634383,2.641905321824064,-0.6188281517928719,0.7910075125906472,1.2619790075517445
3.91,-0.2679133974894989,2.652534407977839,-0.6180127295362493,0.8154222566225146,1.2602875772229034
3.911,-0.26525559215336775,2.663058776615053,-0.6171729169503389,0.8398125859103501,1.2602875772229034
3.912,-0.26258731498064874,2.6734780122516533,-0.6163087384254701,0.8641785248688979,1.2602875772229034
3.9130000000000003,-0.2599086713103543,2.6837917035540637,-0.6154202183275815,0.8885200978884871,1.2602875772229034
3.914,-0.25721976689075293,2.6939994433553993,-0.6145073809982465,0.9128373293350567,1.2602875772229034
3.915,-0.25452070787518555,2.704100828671577,-0.6135703094583199,0.9370715399266631,1.257352396047078
3.916,-0.25181160081788045,2.714095460717201,-0.6126090279420122,0.961281516307678,1.257352396047078
3.9170000000000003,-0.24909255266974564,2.723982944921312,-0.6116235606592999,0.9854672827123119,1.257352396047078
3.918,-0.24636367077414617,2.7337628909429634,-0.6106139317959494,1.009628863350541,1.257352396047078
3.919,-0.24362506286266672,2.743434912686632,-0.6095801655135412,1.033766282408132,1.257352396047078
3.92,-0.24087683705085836,2.7529986283174606,-0.6085223694702016,1.0577960433396871,1.253176360698164
3.9210000000000003,-0.2381191018339689,2.7624536602763374,-0.6074405676956912,1.0818017745103108,1.253176360698164
3.922,-0.2353519660826658,2.7717996352947796,-0.6063347841957415,1.1057834999497638,1.253176360698164
3.923,-0.23257553903872885,2.7810361844097016,-0.6052050429520777,1.1297412436637773,1.253176360698164
3.924,-0.2297899303107438,2.7901629429779593,-0.6040513679224436,1.1536750296340768,1.253176360698164
3.9250000000000003,-0.22699524986977343,2.7991795506907526,-0.6028738912959908,1.1774766264528895,1.2477635924223431
3.926,-0.22419160804501634,2.808085651587848,-0.6016726368743159,1.2012544216748835,1.2477635924223431
3.927,-0.22137911551945114,2.8168808940716312,-0.6004476284352143,1.2250084391016556,1.2477635924223431
3.928,-0.21855788332546702,2.8255649309209896,-0.5991988897327033,1.2487387025110008,1.2477635924223431
3.9290000000000003,-0.21572802284047862,2.8341374193050215,-0.5979264444970463,1.2724452356569367,1.2477635924223431
3.93,-0.21288964578253564,2.8425980207965553,-0.5966304493179656,1.2959951790806978,1.241119432970907
3.931,-0.21004286420590423,2.8509464013855306,-0.5953109277454046,1.3195215725610352,1.241119432970907
3.932,-0.20718779049664335,2.8591822314921864,-0.5939679033057568,1.3430244396478923,1.241119432970907
3.9330000000000003,-0.20432453736817435,2.8673051859800514,-0.5926013995018891,1.3665038038676625,1.241119432970907
3.934,-0.20145321785683135,2.875314944168782,-0.5912114398131658,1.3899596887232128,1.241119432970907
3.935,-0.1985739453173905,2.883211189846845,-0.5897982050753448,1.4132347378210623,1.2332504393286403
3.936,-0.1956868334186016,2.890993611283981,-0.588361718563475,1.436486511869814,1.2332504393286403
3.9370000000000003,-0.19279199613869719,2.8986619012435217,-0.5869020035293304,1.459715034144517,1.2332504393286403
3.938,-0.1898895477609013,2.9062157569944973,-0.5854190832014334,1.4829203278969454,1.2332504393286403
3.939,-0.18697960286890114,2.913654880323629,-0.5839129807850778,1.5061024163556211,1.2332504393286403
3.94,-0.1840622763423401,2.920978977547062,-0.5823839011835937,1.5290796014841237,1.2241643772429076
3.9410000000000003,-0.18113768335227248,2.9281877595219825,-0.5808318673741663,1.5520338094274977,1.2241643772429076
3.942,-0.17820593935662518,2.9352809416580135,-0.5792569023110034,1.5749650631629284,1.2241643772429076
3.943,-0.1752671600956295,2.9422582439284737,-0.5776590289253587,1.5978733856446237,1.2241643772429076
3.944,-0.17232146158725872,2.949119390881417,-0.5760382701255549,1.6207587998038373,1.2241643772429076
3.9450000000000003,-0.16936896012264607,2.9558641116505093,-0.5743948546802796,1.6434154452752299,1.2138702135598192
3.946,-0.16640977226149387,2.962492139965724,-0.5727288052461784,1.666049434101151,1.2138702135598192
3.947,-0.16344401482747198,2.969003214163852,-0.5710401444572402,1.6886607889382461,1.2138702135598192
3.948,-0.16047180490360569,2.975397077198832,-0.5693288949248196,1.7112495324205041,1.2138702135598192
3.9490000000000003,-0.15749325982765183,2.9816734766519035,-0.5675950792376604,1.73381568715928,1.2138702135598192
3.95,-0.15450849718747334,2.987832164741557,-0.5658389498040408,1.7561294336196218,1.2023781073750572
3.951,-0.15151763481638678,2.9938728983333336,-0.5640605289377073,1.7784208663335033,1.2023781073750572
3.952,-0.14852079078851743,2.9997954389494157,-0.5622598389300927,1.800690007614671,1.2023781073750572
3.9530000000000003,-0.1455180834141361,3.005599552778041,-0.5604369020503381,1.8229368797545575,1.2023781073750572
3.954,-0.14250963123498842,3.0112850106827334,-0.5585917405453158,1.845161505022304,1.2023781073750572
3.955,-0.13949555301961516,3.0168515882113494,-0.5567246302137984,1.867110331517444,1.189699400008115
3.956,-0.13647596775866336,3.0222990656049404,-0.5548355930046123,1.8890372091860888,1.189699400008115
3.9570000000000003,-0.133450994660187,3.027627227806429,-0.5529246508446352,1.9109421599770648,1.189699400008115
3.958,-0.13042075314494786,3.032835864469089,-0.5509918256388179,1.9328252058172501,1.189699400008115
3.959,-0.1273853628416907,3.037924769964867,-0.5490371392702063,1.9546863686115952,1.189699400008115
3.96,-0.12434494358242718,3.0428937433924865,-0.547060890655887,1.97624861431918,1.1758466038098254
3.9610000000000003,-0.12129961539770369,3.047742588585386,-0.545063101358106,1.9977892977810574,1.1758466038098254
3.962,-0.1182494985118625,3.0524711141194594,-0.5430437929175466,2.019308440559473,1.1758466038098254
3.963,-0.11519471333829565,3.057079133320615,-0.5410029868533515,2.04080606419511,1.1758466038098254
3.964,-0.11213538047469114,3.0615664642721447,-0.5389407046631444,2.0622821902071116,1.1758466038098254
3.9650000000000003,-0.10907162069827028,3.0659329298219093,-0.5368572680873311,2.083436575813188,1.1608333898141876
3.966,-0.10600355496102651,3.07017835758932,-0.5347526982802975,2.1045698070336587,1.1608333898141876
3.967,-0.10293130438494004,3.0743025799721604,-0.5326270163752745,2.1256819050229088,1.1608333898141876
3.968,-0.09985499025720482,3.07830543415319,-0.5304802434843604,2.1467728909141695,1.1608333898141876
3.969,-0.09677473402543163,3.0821867621065855,-0.5283124006985409,2.167842785819539,1.1608333898141876
3.97,-0.09369065729286227,3.085946410604164,-0.5261238322640223,2.1885684345186545,1.1446745742467446
3.971,-0.09060288181356882,3.0895842312214357,-0.5239145589064532,2.209273357569071,1.1446745742467446
3.972,-0.08751152948763836,3.0931000803434747,-0.5216846013307568,2.2299575756964365,1.1446745742467446
3.973,-0.08441672235636746,3.0964938191705773,-0.5194339802211511,2.250621109605675,1.1446745742467446
3.974,-0.08131858259744253,3.099765313723746,-0.51716271624117,2.271263979981004,1.1446745742467446
3.975,-0.07821723252011635,3.102914434849977,-0.5148711758030909,2.291540438079079,1.1273861039027993
3.976,-0.07511279456037964,3.1059410582273608,-0.5125593791833719,2.3117966197190563,1.1273861039027993
3.977,-0.07200539127612739,3.108845064369989,-0.5102273466381945,2.3320325451773933,1.1273861039027993
3.978,-0.06889514534231878,3.1116263386326724,-0.5078750984034842,2.352248234710272,1.1273861039027993
3.979,-0.06578217954614118,3.1142847712154627,-0.5055026546949306,2.3724437085536176,1.1273861039027993
3.98,-0.06266661678215225,3.116820257167995,-0.5031104037292774,2.3922509656532616,1.10898504040987
3.981,-0.05954858004743519,3.119232696393626,-0.5006983653137816,2.4120384154958057,1.10898504040987
3.982,-0.05642819243674136,3.121521993653385,-0.49826655923589314,2.431806077888507,1.10898504040987
3.983,-0.05330557713763067,3.1236880585697357,-0.4958150052632743,2.451553972618816,1.10898504040987
3.984,-0.050180857425608356,3.1257308056301456,-0.4933437231438199,2.4712821194543944,1.10898504040987
3.985,-0.047054156659258266,3.127650154190457,-0.4908531225156172,2.490600628202739,1.089489543389942
3.986,-0.04392559827537112,3.129446028478077,-0.48834322269717484,2.509899818442335,1.089489543389942
3.987,-0.0407953057840785,3.131118357594962,-0.48581404298768316,2.5291797094916917,1.089489543389942
3.988,-0.037663402763966285,3.132667075520422,-0.48326560266703317,2.548440320649999,1.089489543389942
3.989,-0.034530012857203016,3.134092121113726,-0.480697920995836,2.5676816711971475,1.089489543389942
3.99,-0.031395259764657,3.1353934381165134,-0.4781114286292593,2.5864923665767137,1.0689188525381679
3.991,-0.02825926724101277,3.1365709751550175,-0.47550614437799843,2.6052842512609002,1.0689188525381679
3.992,-0.02512215908988548,3.1376246857420926,-0.472882087033938,2.624057344060403,1.0689188525381679
3.993,-0.02198405915893335,3.1385545282790477,-0.4702392753701709,2.6428116637671057,1.0689188525381679
3.994,-0.018845091334966587,3.139360466057294,-0.4675777281410168,2.661547229154102,1.0689188525381679
3.995,-0.01570537953906366,3.1400424672597853,-0.4648978965937191,2.67983154729766,1.0472932686356113
3.996,-0.012565047721668447,3.1406005049622836,-0.46219979901259606,2.6980975811230747,1.0472932686356113
3.997,-0.009424219857705767,3.141034557134415,-0.4594834536636814,2.716345348914664,1.0472932686356113
3.998,-0.006283019941676403,3.1413446066405433,-0.4567488787947429,2.7345748689384615,1.0472932686356113
3.999,-0.00314157198277977,3.141530641240445,-0.45399609263530066,2.7527861594422354,1.0472932686356113
4.0,-4.898587196589413e-16,3.141592653589793,-0.4512255665793476,2.7705260559530904,1.0246341335148677
4.001,0.0031415719827805667,3.141530641240445,-0.44843731836678014,2.7882482125674346,1.0246341335148677
4.002,0.006283019941675423,3.1413446066405433,-0.445631365719755,2.8059526470251646,1.0246341335148677
4.003,0.009424219857704788,3.141034557134415,-0.44280772634270654,2.823639377048437,1.0246341335148677
4.0040000000000004,0.012565047721669245,3.140600504962283,-0.43996641792236485,2.8413084203416856,1.0246341335148677
4.005,0.015705379539062682,3.1400424672597853,-0.4371079315342635,2.85848638810131,1.000963808998285
4.006,0.01884509133496738,3.1393604660572936,-0.43423228435637035,2.8756471778931743,1.000963808998285
4.007,0.021984059158930595,3.138554528279049,-0.4313394935494751,2.892790806895247,1.000963808998285
4.008,0.0251221590898845,3.1376246857420926,-0.4284295762572068,2.909917292268317,1.000963808998285
4.009,0.028259267241013564,3.1365709751550175,-0.4255025496060508,2.9270266511560146,1.000963808998285
4.01,0.03139525976465602,3.135393438116514,-0.42255892386844934,2.9436257376014496,0.9763056548295633
4.011,0.03453001285720204,3.1340921211137265,-0.4195987156434889,2.9602082249604393,0.9763056548295633
4.0120000000000005,0.037663402763967076,3.1326670755204216,-0.41662194151365683,2.9767741298320702,0.9763056548295633
4.013,0.04079530578407752,3.1311183575949624,-0.413628618044858,2.9933234687988293,0.9763056548295633
4.014,0.04392559827537191,3.129446028478077,-0.41061876178643136,3.0098562584266215,0.9763056548295633
4.015,0.04705415665925552,3.1276501541904587,-0.40759290170415075,3.025860082280605,0.9506840056205249
4.016,0.05018085742560738,3.125730805630146,-0.40455105380184003,3.041847902310735,0.9506840056205249
4.017,0.0533055771376297,3.1236880585697366,-0.4014932340673192,3.057819734520835,0.9506840056205249
4.018,0.05642819243674039,3.1215219936533853,-0.39841945847242044,3.073775594898725,0.9506840056205249
4.019,0.05954858004743422,3.1192326963936265,-0.3953297429730042,3.089715499416237,0.9506840056205249
4.0200000000000005,0.06266661678215305,3.1168202571679946,-0.39222463470615065,3.1051082668535375,0.9241241468358419
4.021,0.06578217954614021,3.1142847712154635,-0.38910414906462726,3.1204856415234006,0.9241241468358419
4.022,0.06889514534231957,3.111626338632672,-0.3859683014258087,3.135847638818594,0.9241241468358419
4.023,0.07200539127612467,3.108845064369991,-0.3828171071516922,3.1511942741164924,0.9241241468358419
4.024,0.07511279456037867,3.1059410582273617,-0.3796505815889131,3.1665255627790927,0.9241241468358419
4.025,0.07821723252011539,3.1029144348499784,-0.37646928950590003,3.1812920830131,0.8966522898393228
4.026,0.08131858259744155,3.099765313723747,-0.37327324566917314,3.1960438367268735,0.8966522898393228
4.027,0.0844167223563665,3.0964938191705786,-0.3700624648304862,3.210780838686933,0.8966522898393228
4.0280000000000005,0.08751152948763914,3.093100080343474,-0.36683696172684116,3.2255031036450323,0.8966522898393228
4.029,0.09060288181356786,3.0895842312214365,-0.363596751080503,3.240210646338174,0.8966522898393228
4.03,0.09369065729286305,3.0859464106041625,-0.3603424147338906,3.2543363466123663,0.8682955460265286
4.031,0.09677473402542894,3.0821867621065886,-0.3570739668127043,3.2684479211862847,0.8682955460265286
4.032,0.09985499025720386,3.0783054341531915,-0.35379142142851866,3.282545384185629,0.8682955460265286
4.033,0.10293130438494082,3.074302579972159,-0.3504947926787967,3.296628749721974,0.8682955460265286
4.034,0.10600355496102555,3.070178357589321,-0.3471840946469039,3.3106980318927826,0.8682955460265286
4.035,0.10907162069827106,3.0659329298219085,-0.34385992567504164,3.3241689718622713,0.8390819000690877
4.0360000000000005,0.11213538047469192,3.061566464272144,-0.34052229923414984,3.337626440891791,0.8390819000690877
4.037,0.11519471333829469,3.057079133320616,-0.3371712287816976,3.351070452452281,0.8390819000690877
4.038,0.11824949851186328,3.0524711141194585,-0.3338067277616964,3.3645010200012107,0.8390819000690877
4.039,0.12129961539770273,3.0477425885853875,-0.3304288096047138,3.377918156982591,0.8390819000690877
4.04,0.12434494358242623,3.0428937433924883,-0.32703808856224226,3.3907210424715535,0.8090401822972493
4.041,0.12738536284169144,3.0379247699648655,-0.3236345774371672,3.4035111250750267,0.8090401822972493
4.042,0.13042075314494692,3.032835864469091,-0.32021828901957133,3.4162884175958967,0.8090401822972493
4.043,0.13345099466018776,3.027627227806428,-0.3167892360867471,3.429052932824246,0.8090401822972493
4.0440000000000005,0.13647596775866414,3.022299065604939,-0.3133474314032097,3.4418046835373666,0.8090401822972493
4.045,0.13949555301961425,3.016851588211351,-0.3098935045235509,3.453926879658786,0.7782000402478433
4.046,0.1425096312349892,3.0112850106827316,-0.3064274675699668,3.466036953584084,0.7782000402478433
4.047,0.14551808341413516,3.005599552778043,-0.3029493326525313,3.4781349174354568,0.7782000402478433
4.048,0.14852079078851652,2.9997954389494175,-0.2994591118692083,3.4902207833229784,0.7782000402478433
4.049,0.15151763481638755,2.993872898333332,-0.2959568173058637,3.5022945633446123,0.7782000402478433
4.05,0.1545084971874724,2.9878321647415587,-0.29244309319889433,3.513724106969383,0.7465919094057561
4.051,0.15749325982765258,2.981673476651902,-0.2889179509778438,3.5251422210505288,0.7465919094057561
4.0520000000000005,0.16047180490360644,2.97539707719883,-0.2853814020608262,3.536548917017593,0.7465919094057561
4.053,0.16344401482747106,2.9690032141638536,-0.2818334578545375,3.547944206288691,0.7465919094057561
4.054,0.16640977226149295,2.962492139965726,-0.27827412975426696,3.559328100270517,0.7465919094057561
4.055,0.16936896012264513,2.9558641116505115,-0.27470407604243335,3.570053711833603,0.7142469831678225
4.056,0.1723214615872578,2.9491193908814193,-0.27112330744464824,3.580768597785126,0.7142469831678225
4.057,0.17526716009563026,2.942258243928472,-0.26753183467579755,3.5914727688506973,0.7142469831678225
4.058,0.17820593935662427,2.9352809416580157,-0.26392966844005233,3.602166235745203,0.7142469831678225
4.059,0.18113768335227323,2.9281877595219803,-0.26031681943087953,3.6128490091728143,0.7142469831678225
4.0600000000000005,0.18406227634233918,2.920978977547064,-0.2566939593270747,3.6228601038048156,0.6811971820587124
4.061,0.18697960286890022,2.913654880323631,-0.25306109813973254,3.632861187342185,0.6811971820587124
4.062,0.1898895477609004,2.906215756994499,-0.24941824586993652,3.642852269796017,0.6811971820587124
4.063,0.1927919961386963,2.898661901243524,-0.24576541250876913,3.6528333611673953,0.6811971820587124
4.064,0.1956868334186007,2.890993611283984,-0.24210260803732173,3.662804471447402,0.6811971820587124
4.065,0.19857394531739123,2.8832111898468433,-0.23843051686790118,3.67209116942054,0.6474751222292583
4.066,0.20145321785683046,2.875314944168785,-0.23474914828720547,3.6813685806957044,0.6474751222292583
4.067,0.2043245373681751,2.8673051859800496,-0.23105851157264587,3.6906367145595937,0.6474751222292583
4.0680000000000005,0.20718779049664246,2.859182231492189,-0.22735861599235624,3.699895580289619,0.6474751222292583
4.069,0.21004286420590335,2.8509464013855332,-0.2236494708052023,3.709145187153915,0.6474751222292583
4.07,0.21288964578253636,2.842598020796553,-0.2199317724815702,3.7176983236321264,0.6131140832682689
4.071,0.21572802284047773,2.834137419305024,-0.21620552957459635,3.7262429069738596,0.6131140832682689
4.072,0.21855788332546613,2.825564930920992,-0.21247075062886409,3.734778945732251,0.6131140832682689
4.073,0.22137911551945186,2.816880894071629,-0.2087274441804122,3.743306448451884,0.6131140832682689
4.074,0.22419160804501545,2.8080856515878505,-0.2049756187567434,3.7518254236687976,0.6131140832682689
4.075,0.22699524986977415,2.7991795506907504,-0.20121598219899106,3.759636557752321,0.578147975359621
4.0760000000000005,0.2297899303107445,2.790162942977957,-0.1974485423182893,3.7674398807017613,0.578147975359621
4.077,0.232575539038728,2.7810361844097042,-0.19367330691796103,3.775235400328252,0.578147975359621
4.078,0.2353519660826665,2.7717996352947774,-0.1898902837935259,3.783023124435116,0.578147975359621
4.079,0.23811910183396803,2.7624536602763405,-0.18609948073270804,3.7908030608178733,0.578147975359621
4.08,0.24087683705085752,2.7529986283174637,-0.18230161624883465,3.7978644838733957,0.5426113058170083
4.081,0.2436250628626674,2.743434912686629,-0.1784966974033288,3.8049188455058625,0.5426113058170083
4.082,0.2463636707741453,2.7337628909429665,-0.1746847312505521,3.8119661527766966,0.5426113058170083
4.083,0.24909255266974478,2.7239829449213153,-0.17086572483781182,3.81900641274026,0.5426113058170083
4.0840000000000005,0.2518116008178812,2.714095460717199,-0.16703968520536797,3.82603963244386,0.5426113058170083
4.085,0.25452070787518466,2.70410082867158,-0.16320734082965596,3.8323443757120046,0.5065391450294212
4.086,0.2572197668907536,2.6939994433553967,-0.15936869801541909,3.838642814236881,0.5065391450294212
4.087,0.25990867131035345,2.683791703554067,-0.15552376306109586,3.8449349543232327,0.5065391450294212
4.088,0.2625873149806479,2.6734780122516564,-0.15167254225882637,3.851220802269498,0.5065391450294212
4.089,0.2652555921533684,2.66305877661505,-0.14781504189445854,3.857500364367817,0.5065391450294212
4.09,0.26791339748949805,2.652534407977842,-0.14395199968861808,3.863042205840468,0.4699670918509206
4.091,0.2705606260634375,2.641905321824067,-0.14008342118314643,3.8685785054716457,0.4699670918509206
4.0920000000000005,0.27319717336713545,2.631171937771847,-0.13620931191434324,3.8741092688031924,0.4699670918509206
4.093,0.27582293531421437,2.620334679556824,-0.13232967741297183,3.8796345013714078,0.4699670918509206
4.094,0.27843780824409453,2.609393975015371,-0.12844452320426478,3.8851542087070547,0.4699670918509206
4.095,0.28104168892606424,2.5983502560677953,-0.12455459552499705,3.8899276792677253,0.43293123846888015
4.096,0.2836344745633785,2.5872039587011857,-0.12065989914863921,3.8946963763578353,0.43293123846888015
4.097,0.2862160627972955,2.5759555229522957,-0.11676043884388836,3.899460304750855,0.43293123846888015
4.098,0.2887863517111337,2.5646053928901016,-0.11285621937467287,3.904219469215482,0.43293123846888015
4.099,0.2913452398342878,2.553154016598304,-0.10894724550015722,3.908973874515644,0.43293123846888015
4.1,0.29389262614623474,2.541601846157638,-0.10503427123682038,3.912974263336836,0.3954681347853822
4.101,0.29642841008052906,2.529949337627992,-0.10111730058505117,3.9169706517692067,0.3954681347853822
4.102,0.29895249152876013,2.5181969510304634,-0.09719633754123802,3.920963043813145,0.3954681347853822
4.103,0.3014647708445115,2.506345150329165,-0.09327138609777298,3.9249514434650394,0.3954681347853822
4.104,0.3039651488473031,2.4943944034128687,-0.0893424502430557,3.928935854717282,0.3954681347853822
4.105,0.30645352682648846,2.4823451820766196,-0.0854102910291462,3.9321592139095025,0.35761475234688966
4.106,0.30892980654516583,2.470197962003045,-0.08147491167940367,3.9353793497425307,0.35761475234688966
4.107,0.31139389024405617,2.4579532227435728,-0.07753631541396394,3.9385962654397257,0.35761475234688966
4.108,0.3138456806453486,2.445611447699571,-0.07359450544974272,3.941809964221224,0.35761475234688966
4.109,0.3162850809565618,2.433173124103157,-0.06964948500043878,3.9450204493039402,0.35761475234688966
4.11,0.3187119948743457,2.420638742998064,-0.06570202140262699,3.9474635978117925,0.31940844785780603
4.111,0.32112632658829154,2.4080087992202084,-0.06175211709945585,3.9499043031711367,0.31940844785780603
4.112,0.32352798078472134,2.395283791378124,-0.057799774531630724,3.952342567825122,0.31940844785780603
4.113,0.3259168626504398,2.3824642218333314,-0.05384499613741627,3.9547783942144528,0.31940844785780603
4.114,0.3282928778764771,2.369550596680508,-0.04988778435263888,3.957211784777394,0.31940844785780603
4.115,0.330655932661826,2.356543425727433,-0.045928912041119985,3.9588723115188955,0.28088692631394147
4.116,0.33300593371712445,2.343443222474974,-0.04196838086338633,3.9605311777336554,0.28088692631394147
4.117,0.33534278826835984,2.330250504096694,-0.03800619247830413,3.9621883850822006,0.28088692631394147
4.118,0.3376664040605132,2.3169657914185406,-0.03404234854308073,3.963843935223397,0.28088692631394147
4.119,0.3399766893612091,2.3035896088982377,-0.03007685071326628,3.9654978298144528,0.28088692631394147
4.12,0.3422735529643437,2.290122484604545,-0.026110476617205797,3.966374096060483,0.2420882037922477
4.121,0.34455690419367474,2.276564950196471,-0.02214322713116553,3.967249486040268,0.2420882037922477
4.122,0.3468266529064016,2.262917540902281,-0.01817510313053546,3.9681240006300724,0.2420882037922477
4.123,0.3490827094967366,2.249180795498297,-0.014206105489830171,3.9689976407052874,0.2420882037922477
4.124,0.35132498489942343,2.2353552562877366,-0.010236235082689744,3.969870407140427,0.2420882037922477
4.125,0.35355339059327373,2.221441469079183,-0.006266273534557786,3.9699615481319577,0.20305056993355375
4.126,0.3557678386046425,2.207439983165156,-0.0022962209365752894,3.9700525979824968,0.20305056993355375
4.127,0.3579682415109153,2.1933513513003353,0.0016739226202078959,3.9701435567831855,0.20305056993355375
4.128,0.360154512443953,2.179176129679785,0.005644157044832969,3.9702344246250734,0.20305056993355375
4.1290000000000004,0.36232656509352396,2.1649148779169742,0.009614482246432089,3.9703252015991195,0.20305056993355375
4.13,0.36448431371070505,2.150568159021727,0.013584113373832717,3.969631127400627,0.16381255015532825
4.131,0.36662767311128036,2.1361365393779077,0.01755305112110905,3.968937747276333,0.16381255015532825
4.132,0.36875655867908597,2.1216205887211825,0.02152129618164121,3.9682450605321633,0.16381255015532825
4.133,0.3708708863693697,2.107020880116394,0.02548884924811595,3.967553066474738,0.16381255015532825
4.134,0.37297057271209105,2.0923379899350643,0.02945571101252732,3.9668617644113695,0.16381255015532825
4.135,0.3750555348152284,2.077572497832557,0.033421094172526915,3.9653831599995932,0.1244128676317584
4.136,0.3771256903680516,2.062724986725192,0.03738500020671914,3.9639060341922288,0.1244128676317584
4.1370000000000005,0.37918095764436166,2.0477960427673025,0.04134743059222981,3.9624303855106717,0.1244128676317584
4.138,0.3812212555057234,2.0327862553280496,0.045308386804707605,3.960956212477796,0.1244128676317584
4.139,0.3832465034046754,2.017696216968107,0.04926787031832556,3.9594835136179536,0.1244128676317584
4.14,0.38525662138789385,2.0025265234163854,0.05322509215653147,3.957221838205909,0.08489040507866608
4.141,0.38725153009936714,1.9872777735463758,0.05718005458100075,3.9549624244692763,0.08489040507866608
4.142,0.38923115078351184,1.9719505693526405,0.06113275985114713,3.9527052701463803,0.08489040507866608
4.143,0.39119540528829294,1.9565455159269558,0.06508321022412493,3.9504503729778073,0.08489040507866608
4.144,0.3931442160683093,1.9410632214344274,0.06903140795483133,3.948197730706403,0.08489040507866608
4.1450000000000005,0.39507750618784604,1.9255042970895495,0.07297656317113464,3.945155216303316,0.045284166380973434
4.146,0.3969951993239173,1.9098693571320313,0.07691867891554928,3.942115744414632,0.045284166380973434
4.147,0.3988972197692861,1.894159018802496,0.08085775822754712,3.939079311997837,0.045284166380973434
4.148,0.4007834924354377,1.8783739023182362,0.08479380414356058,3.9360459160134584,0.045284166380973434
4.149,0.4026539428555603,1.8625146308485951,0.08872681969698565,3.9330155534250646,0.045284166380973434
4.15,0.40450849718747395,1.8465818304904547,0.0926560148996193,3.929195202633651,0.005633238100593685
4.151,0.40634708221654603,1.8305761302435195,0.09658139357181234,3.9253786721930295,0.005633238100593685
4.152,0.40816962535859197,1.8144981619853924,0.10050295953009518,3.9215659582828484,0.005633238100593685
4.1530000000000005,0.4099760546627271,1.7983485604467484,0.10442071658718176,3.917757057086577,0.005633238100593685
4.154,0.4117662988142135,1.7821279631862224,0.10833466855197327,3.9139519647915026,0.005633238100593685
4.155,0.4135402871372806,1.7658370105651924,0.11224402609981804,3.9093575478447655,-0.034023249097278385
4.156,0.4152979495979059,1.7494763457225826,0.11614879382513302,3.9047677253149753,-0.034023249097278385
4.157,0.41703921680658507,1.733046614549427,0.12004897631774074,3.9001824926077147,-0.034023249097278385
4.158,0.41876402002107116,1.716548465663371,0.1239445781628739,3.8956018451331613,-0.034023249097278385
4.159,0.4204722911490838,1.6999825503831105,0.12783560394118,3.8910257783060826,-0.034023249097278385
4.16,0.42216396275100765,1.6833495227025792,0.13172126577052654,3.8856618293465486,-0.07364615906139571
4.1610000000000005,0.42383896804254256,1.666650039265247,0.1356015690148625,3.880303244335974,-0.07364615906139571
4.162,0.4254972408973458,1.6498847593381458,0.13947651903277292,3.87495001791041,-0.07364615906139571
4.163,0.4271387158496474,1.6330543447857913,0.1433461211774842,3.869602144711272,-0.07364615906139571
4.164,0.4287633280968258,1.616159460044142,0.14721038079686952,3.8642596193853325,-0.07364615906139571
4.165,0.43037101350197143,1.5992007720943182,0.15106851222885992,3.858131431990405,-0.11319638877710025
4.166,0.4319617085964181,1.582178950436273,0.1549205216016428,3.8520093727828724,-0.11319638877710025
4.167,0.43353535058224446,1.565094667062408,0.15876641503727734,3.8458934356345473,-0.11319638877710025
4.168,0.43509187733476307,1.5479485964309394,0.1626061986517007,3.8397836144233706,-0.11319638877710025
4.1690000000000005,0.4366312274049602,1.530741415439406,0.1664398785547341,3.833679903033405,-0.11319638877710025
4.17,0.4381533400219318,1.5134738033978399,0.17026667207972535,3.826793524991246,-0.15263490695627424
4.171,0.43965815509527806,1.496146442001998,0.17408658611305247,3.8199140333271293,-0.15263490695627424
4.172,0.44114561321747564,1.478760015306449,0.17789962753420716,3.8130414211546766,-0.15263490695627424
4.173,0.44261565566622735,1.4613152096975186,0.18170580321580154,3.8061756815943966,-0.15263490695627424
4.174,0.44406822440677274,1.4438127138662815,0.18550512002357522,3.7993168077736765,-0.15263490695627424
4.175,0.4455032620941835,1.4262532187813244,0.18929679905868999,3.791679035114773,-0.19192279255648903
4.176,0.44692071207563216,1.4086374176614065,0.1930808479589185,3.7840489002285285,-0.19192279255648903
4.1770000000000005,0.4483205183926181,1.390966005948223,0.19685727435439568,3.77642639547717,-0.19192279255648903
4.178,0.4497026257831848,1.3732396812788497,0.20062608586762623,3.768811513230563,-0.19192279255648903
4.179,0.4510669796841014,1.3554591434582026,0.20438729011349244,3.7612042458662027,-0.19192279255648903
4.18,0.45241352623300896,1.3376250944315098,0.20814011272964894,3.752822616156509,-0.23102127319137478
4.181,0.45374221227055833,1.3197382382564495,0.21188456209772547,3.744449368076525,-0.23102127319137478
4.182,0.45505298534249833,1.3017992810754968,0.21562064659097008,3.736084493244621,-0.23102127319137478
4.183,0.4563457937017511,1.2838089310879848,0.21934837457425763,3.727727983287549,-0.23102127319137478
4.184,0.4576205863104591,1.2657678985220862,0.22306775440409807,3.7193798298404337,-0.23102127319137478
4.1850000000000005,0.45887731284199085,1.2476768956069058,0.2267780170188408,3.710262614742708,-0.26989176339427284
4.186,0.46011592368293464,1.2295366365442622,0.23047917153570086,3.70115451686008,-0.26989176339427284
4.187,0.4613363699350575,1.2113478374804911,0.23417122706277618,3.6920555270753344,-0.26989176339427284
4.188,0.46253860341722836,1.1931112164782767,0.23785419269905655,3.6829656362803735,-0.26989176339427284
4.189,0.46372257666733063,1.1748274934881486,0.24152807753443276,3.673884835376208,-0.26989176339427284
4.19,0.46488824294412623,1.1564973903202045,0.24519211856691964,3.6640410324868835,-0.30849590269741406
4.191,0.4660355562291053,1.1381216306155522,0.24884632564032008,3.6542070734004484,-0.30849590269741406
4.192,0.4671644712283058,1.1197009398176891,0.2524907085885932,3.6443829482731,-0.30849590269741406
4.1930000000000005,0.4682749433740965,1.1012360451439465,0.25612527723586404,3.6345686472708785,-0.30849590269741406
4.194,0.46936692882693665,1.082727675556781,0.2597500413964337,3.624764160569659,-0.30849590269741406
4.195,0.4704403844771129,1.06417656173489,0.26336424488097304,3.614203484539308,-0.3467955934890724
4.196,0.4714952679464317,1.0455834360445249,0.26696789825015804,3.6036533691849875,-0.3467955934890724
4.197,0.47253153758990246,1.0269490325104094,0.27056101205410404,3.593113803946021,-0.3467955934890724
4.198,0.4735491524973721,1.008274086786919,0.2741435968323763,3.5825847782722935,-0.3467955934890724
4.199,0.4745480724951472,0.9895593361289243,0.2777156631140006,3.57206628162424,-0.3467955934890724
4.2,0.47552825814757665,0.9708055193627363,0.281276462268571,3.5607991545703896,-0.38475303861129895
4.2010000000000005,0.4764896707586097,0.9520133768569184,0.2848260055632146,3.5495432946435934,-0.38475303861129895
4.202,0.4774322723733212,0.9331836504931116,0.2883643042537913,3.538298690576724,-0.38475303861129895
4.203,0.47835602577941544,0.9143170836366282,0.2918913695849052,3.527065331113921,-0.38475303861129895
4.204,0.4792608945086876,0.8954144211072659,0.2954072127899158,3.5158432050105812,-0.38475303861129895
4.205,0.4801468428384716,0.8764764091497319,0.29891109353614814,3.5038807462323476,-0.4223307786611431
4.206,0.48101383579304297,0.8575037954043433,0.30240302378606104,3.4919302499128926,-0.4223307786611431
4.207,0.4818618391450048,0.838497328877394,0.3058830154901508,3.4799917040897568,-0.4223307786611431
4.208,0.4826908194166369,0.8194577599116378,0.30935108058696326,3.468065096812444,-0.4223307786611431
4.2090000000000005,0.48350074388121783,0.8003858401566462,0.31280723100310565,3.4561504161424086,-0.4223307786611431
4.21,0.48429158056431537,0.7812823225391866,0.31625073543425275,3.4435044311470953,-0.4594917289585472
4.211,0.4850632982450531,0.7621479612333812,0.31968160652638955,3.430871092136777,-0.4594917289585472
4.212,0.4858158664573367,0.7429835116310944,0.32309985691285503,3.4182503864654694,-0.4594917289585472
4.213,0.48654925549106337,0.7237897303119383,0.32650549921435484,3.405642301499833,-0.4594917289585472
4.214,0.4872634363932886,0.7045673750135667,0.329898546038974,3.3930468246191623,-0.4594917289585472
4.215,0.48795838096937333,0.6853172046016531,0.3332782758324457,3.379729793471654,-0.49619921614445406
4.216,0.4886340617840967,0.6660399790399312,0.33664470191180096,3.366426079355293,-0.49619921614445406
4.2170000000000005,0.48929045216273637,0.6467364593602798,0.339997837580754,3.353135668953049,-0.49619921614445406
4.218,0.4899275261921233,0.6274074076326248,0.3433376961297152,3.3398585489612067,-0.49619921614445406
4.219,0.49054525872166727,0.6080535869347882,0.3466642908358046,3.3265947060893564,-0.49619921614445406
4.22,0.4911436253643442,0.5886757613225159,0.3499769106069004,3.3126197710958074,-0.5324170143729728
4.221,0.49172260249766464,0.5692746957991498,0.35327556941793764,3.298658811037252,-0.5324170143729728
4.222,0.4922821672646028,0.5498511562855372,0.3565602812298764,3.2847118119387555,-0.5324170143729728
4.223,0.49282229757449875,0.5304059095897923,0.3598310599897157,3.270778759839357,-0.5324170143729728
4.224,0.4933429721039341,0.5109397233769152,0.36308791963050774,3.2568596407920585,-0.5324170143729728
4.225,0.49384417029756855,0.49145336613865015,0.36633016022403775,3.2422405935300285,-0.5681093810619009
4.226,0.494325872368957,0.4719476071629708,0.369557796389353,3.2276361653152605,-0.5681093810619009
4.227,0.4947880593013257,0.45242321650386436,0.3727708427308817,3.2130463415287074,-0.5681093810619009
4.228,0.49523071284832554,0.4328809649508652,0.3759693138384476,3.1984711075659407,-0.5681093810619009
4.229,0.4956538155347532,0.41332162399856953,0.37915322428728476,3.183910448837137,-0.5681093810619009
4.23,0.496057350657239,0.3937459658162674,0.3823218860038297,3.1686617165449724,-0.6032410921663524
4.231,0.4964413022849067,0.374154763217458,0.3854753142368148,3.1534282329851004,-0.6032410921663524
4.232,0.49680565526000425,0.35454878962923025,0.3886135242197236,3.1382099829087884,-0.6032410921663524
4.233,0.4971503951984993,0.33492881906189487,0.39173653117080615,3.1230069510825524,-0.6032410921663524
4.234,0.4974755084906501,0.3152956260782507,0.3948443502930943,3.107819122288143,-0.6032410921663524
4.235,0.49778098230154,0.29564998576317264,0.3979363060467213,3.0919557536270426,-0.6377774769405996
4.236,0.4980668045715862,0.27599267369289054,0.4010124142950559,3.0761082483346036,-0.6377774769405996
4.237,0.4983329640170149,0.2563244659044262,0.4040726908856034,3.060276590547457,-0.6377774769405996
4.238,0.498579450130307,0.23664613886493457,0.4071171516500215,3.0444607644180977,-0.6377774769405996
4.239,0.49880625318061256,0.21695846944110594,0.41014581240413633,3.0286607541148673,-0.6377774769405996
4.24,0.49901336421413583,0.19726223486837394,0.413158010808454,3.0121984043176737,-0.671684452153949
4.241,0.49920077505448746,0.1775582127203986,0.4161537633253243,2.995752516870277,-0.671684452153949
4.242,0.49936847830300873,0.15784718087819113,0.4191330864006346,2.979323075310328,-0.671684452153949
4.243,0.49951646733906235,0.13812991749957146,0.42209599646382656,2.9629100631919387,-0.671684452153949
4.244,0.49964473632029455,0.1184072009883363,0.4250425099279122,2.9465134640856676,-0.671684452153949
4.245,0.49975328018286574,0.09867980996352944,0.42797197830741923,2.929468379507047,-0.7049285557267344
4.246,0.49984209464165,0.07894852322879213,0.4308844186474322,2.9124403400130054,-0.7049285557267344
4.247,0.4999111761904045,0.05921411974156158,0.4337798479759907,2.895429328558458,-0.7049285557267344
4.248,0.49996052210190806,0.03947737858225213,0.43665828330410605,2.8784353281153647,-0.7049285557267344
4.249,0.49999013042806856,0.019739078923654663,0.4395197416257788,2.8614583216727145,-0.7049285557267344
4.25,0.5,-2.310349417486768e-15,0.44236358894953476,2.8438473237559743,-0.7374769797533726
4.251,0.49999013042806856,-0.019739078923648123,0.4451898428863719,2.826253936837151,-0.7374769797533726
4.252,0.49996052210190806,-0.03947737858224559,0.4479985210296772,2.8086781433052463,-0.7374769797533726
4.253,0.4999111761904045,-0.05921411974155504,0.45078964095524404,2.7911199255668735,-0.7374769797533726
4.2540000000000004,0.49984209464164997,-0.07894852322880792,0.4535632202212903,2.773579266046239,-0.7374769797533726
4.255,0.4997532801828658,-0.09867980996352294,0.4563186399560129,2.7554197347225973,-0.7692976028797777
4.256,0.4996447363202946,-0.11840720098832977,0.4590559183189432,2.737278362930279,-0.7692976028797777
4.257,0.4995164673390624,-0.1381299174995649,0.46177507345145297,2.719155132509753,-0.7692976028797777
4.258,0.4993684783030088,-0.15784718087818464,0.46447612347677264,2.7010500253196477,-0.7692976028797777
4.259,0.4992007750544875,-0.17755821272039204,0.46715908650000937,2.6829630232367325,-0.7692976028797777
4.26,0.4990133642141359,-0.1972622348683674,0.4698233593797828,2.66427287977343,-0.8003590220032769
4.261,0.4988062531806126,-0.2169584694410994,0.4724689608062364,2.645601426453591,-0.8003590220032769
4.2620000000000005,0.49857945013030686,-0.2366461388649503,0.4750959094508235,2.6269486445870722,-0.8003590220032769
4.263,0.498332964017015,-0.2563244659044197,0.4777042239663259,2.6083145155024194,-0.8003590220032769
4.264,0.4980668045715863,-0.27599267369288405,0.48029392298687273,2.5896990205468513,-0.8003590220032769
4.265,0.49778098230154005,-0.2956499857631661,0.48286441969673377,2.570496709861031,-0.8306305832636706
4.266,0.4974755084906502,-0.3152956260782442,0.4854157332982197,2.5513136014858966,-0.8306305832636706
4.267,0.4971503951984994,-0.33492881906188837,0.4879478829744388,2.532149676219137,-0.8306305832636706
4.268,0.49680565526000436,-0.35454878962922376,0.49046088788931647,2.5130049148776448,-0.8306305832636706
4.269,0.4964413022849068,-0.3741547632174515,0.49295476718761394,2.4938792982974936,-0.8306305832636706
4.2700000000000005,0.4960573506572387,-0.393745965816283,0.49542895095836725,2.4741837707532985,-0.8600824122948834
4.271,0.4956538155347533,-0.4133216239985631,0.4978834588971039,2.4545079387366475,-0.8600824122948834
4.272,0.49523071284832565,-0.43288096495085865,0.5003183106796559,2.434851782552013,-0.8600824122948834
4.273,0.4947880593013258,-0.4524232165038579,0.5027335259621795,2.4152152825235635,-0.8600824122948834
4.274,0.49432587236895714,-0.47194760716296436,0.5051291243811746,2.3955984189951423,-0.8600824122948834
4.275,0.4938441702975687,-0.49145336613864365,0.5075045534928766,2.375429111702,-0.8886854437073476
4.276,0.49334297210393424,-0.5109397233769087,0.5098598334665927,2.355279973716151,-0.8886854437073476
4.277,0.49282229757449897,-0.5304059095897858,0.5121949844514609,2.335150984868288,-0.8886854437073476
4.2780000000000005,0.49228216726460267,-0.5498511562855417,0.5145100265764703,2.3150421250092728,-0.8886854437073476
4.279,0.49172260249766486,-0.5692746957991435,0.5168049799504804,2.2949533740101167,-0.8886854437073476
4.28,0.49114362536434436,-0.5886757613225094,0.519079310142121,2.2743301916406655,-0.9164114497720598
4.281,0.49054525872166743,-0.6080535869347818,0.5213330377745746,2.2537276324535838,-0.9164114497720598
4.282,0.48992752619212354,-0.6274074076326184,0.5235661834504003,2.233145675825689,-0.9164114497720598
4.283,0.48929045216273587,-0.6467364593602952,0.5257787677515547,2.2125843011544224,-0.9164114497720598
4.284,0.4886340617840969,-0.6660399790399248,0.5279708112394126,2.192043487857827,-0.9164114497720598
4.285,0.48795838096937355,-0.6853172046016468,0.530141798022417,2.1709867830044107,-0.9432330682779202
4.2860000000000005,0.48726343639328845,-0.7045673750135713,0.5322917491572728,2.149951134855848,-0.9432330682779202
4.287,0.48654925549106365,-0.723789730311932,0.5344206856796283,2.128936522355434,-0.9432330682779202
4.288,0.48581586645733693,-0.742983511631088,0.5365286286040958,2.1079429244675203,-0.9432330682779202
4.289,0.4850632982450534,-0.7621479612333749,0.5386155989242732,2.0869703201774943,-0.9432330682779202
4.29,0.48429158056431565,-0.7812823225391802,0.5406810997975399,2.0655008732666182,-0.9691238295349175
4.291,0.4835007438812172,-0.8003858401566614,0.5427251526933425,2.044052895802653,-0.9691238295349175
4.292,0.4826908194166371,-0.8194577599116315,0.5447477790596587,2.0226263663161523,-0.9691238295349175
4.293,0.4818618391450051,-0.8384973288773877,0.5467490003230178,2.0012212633591377,-0.9691238295349175
4.2940000000000005,0.48101383579304274,-0.8575037954043478,0.5487288378885229,1.9798375655050802,-0.9691238295349175
4.295,0.4801468428384719,-0.8764764091497256,0.5506868144528125,1.9579765642896443,-0.9940581824965437
4.296,0.47926089450868786,-0.8954144211072596,0.5526229518768879,1.9361374240754237,-0.9940581824965437
4.297,0.4783560257794157,-0.9143170836366219,0.5545372719998893,1.9143201230014173,-0.9940581824965437
4.298,0.47743227237332153,-0.9331836504931053,0.5564297966391178,1.892524639228485,-0.9940581824965437
4.299,0.476489670758609,-0.9520133768569334,0.5583005475900572,1.8707509509393256,-0.9940581824965437
4.3,0.47552825814757693,-0.9708055193627301,0.5601490675596461,1.8485199695888748,-1.0180115199755773
4.301,0.4745480724951475,-0.9895593361289182,0.5619753787788658,1.8263112192197744,-1.0180115199755773
4.3020000000000005,0.4735491524973719,-1.0082740867869235,0.5637795034564669,1.8041246776010431,-1.0180115199755773
4.303,0.4725315375899028,-1.026949032510403,0.5655614637789909,1.7819603225239304,-1.0180115199755773
4.304,0.4714952679464321,-1.0455834360445186,0.5673212819107928,1.759818131801895,-1.0180115199755773
4.305,0.4704403844771132,-1.0641765617348837,0.5690585210204043,1.7372391096115254,-1.0409602029283929
4.306,0.46936692882693704,-1.0827276755567747,0.5707732036868477,1.714682666443346,-1.0409602029283929
4.307,0.4682749433740962,-1.101236045143951,0.572465352466566,1.692148779718335,-1.0409602029283929
4.308,0.4671644712283061,-1.119700939817683,0.5741349898934461,1.669637426880049,-1.0409602029283929
4.309,0.46603555622910564,-1.1381216306155462,0.5757821384788407,1.647148585394601,-1.0409602029283929
4.3100000000000005,0.4648882429441253,-1.1564973903202194,0.5774063822839742,1.6242438051335288,-1.062881583783877
4.311,0.463722576667331,-1.1748274934881426,0.579007744213627,1.6013619296527177,-1.062881583783877
4.312,0.46253860341722874,-1.1931112164782707,0.5805862471496743,1.5785029360473875,-1.062881583783877
4.313,0.46133636993505794,-1.211347837480485,0.58214191395111,1.5556668014356625,-1.062881583783877
4.314,0.4601159236829351,-1.229536636544256,0.5836747674540685,1.5328535029585493,-1.062881583783877
4.315,0.4588773128419905,-1.24767689560691,0.5851844130229482,1.5096455688797148,-1.083754028793794
4.316,0.45762058631045954,-1.26576789852208,0.5866708738656832,1.4864608427349593,-1.083754028793794
4.317,0.45634579370175155,-1.2838089310879788,0.5881341731669996,1.4632993013163484,-1.083754028793794
4.3180000000000005,0.45505298534249733,-1.301799281075511,0.5895743340884387,1.4401609214391562,-1.083754028793794
4.319,0.4537422122705588,-1.3197382382564438,0.5909913797683806,1.4170456799418412,-1.083754028793794
4.32,0.4524135262330094,-1.3376250944315038,0.5923849372638548,1.3935574954742445,-1.1035569393827458
4.321,0.45106697968410187,-1.3554591434581968,0.5937550300630459,1.3700927991911154,-1.1035569393827458
4.322,0.4497026257831853,-1.3732396812788439,0.5951016816306501,1.3466515676042694,-1.1035569393827458
4.323,0.4483205183926178,-1.390966005948227,0.5964249154078991,1.3232337772490101,-1.1035569393827458
4.324,0.4469207120756326,-1.4086374176614007,0.5977247548125832,1.2998394046841062,-1.1035569393827458
4.325,0.44550326209418395,-1.4262532187813186,0.5990008489624131,1.2760941498298937,-1.1222707724764258
4.3260000000000005,0.4440682244067716,-1.4438127138662957,0.6002532216026436,1.2523726402305353,-1.1222707724764258
4.327,0.44261565566622785,-1.4613152096975126,0.6014818964547843,1.2286748521407762,-1.1222707724764258
4.328,0.44114561321747614,-1.4787600153064433,0.6026868972166235,1.205000761839107,-1.1222707724764258
4.329,0.43965815509527856,-1.4961464420019923,0.6038682475622512,1.1813503456277394,-1.1222707724764258
4.33,0.4381533400219323,-1.5134738033978343,0.6050256190163376,1.1573714540863456,-1.13987705978831
4.331,0.43663122740495985,-1.53074141543941,0.6061590355577741,1.133416541436493,-1.13987705978831
4.332,0.43509187733476357,-1.5479485964309336,0.6072685211414733,1.1094855836992903,-1.13987705978831
4.333,0.43353535058224496,-1.5650946670624024,0.6083540996983932,1.0855785569198249,-1.13987705978831
4.3340000000000005,0.4319617085964168,-1.5821789504362866,0.6094157951355603,1.0616954371671388,-1.13987705978831
4.335,0.43037101350197193,-1.5992007720943127,0.6104533017087694,1.0375065732090594,-1.1563584260456121
4.336,0.4287633280968264,-1.6161594600441362,0.6114666436068844,1.013341898114938,-1.1563584260456121
4.337,0.4271387158496479,-1.6330543447857857,0.6124558449945803,0.9892013876959108,-1.1563584260456121
4.338,0.42549724089734636,-1.64988475933814,0.6134209300123675,0.9650850177873027,-1.1563584260456121
4.339,0.42383896804254123,-1.6666500392652603,0.6143619227766162,0.9409927642486031,-1.1563584260456121
4.34,0.4221639627510082,-1.6833495227025734,0.6152785405759778,0.9166177993616231,-1.1716986061365688
4.341,0.42047229114908435,-1.6999825503831052,0.6161708077854173,0.8922672094395301,-1.1716986061365688
4.3420000000000005,0.4187640200210698,-1.7165484656633843,0.6170387487555247,0.8679409701073592,-1.1716986061365688
4.343,0.4170392168065856,-1.7330466145494217,0.6178823878125392,0.8436390570145205,-1.1716986061365688
4.344,0.41529794959790645,-1.7494763457225773,0.618701749258374,0.8193614458347745,-1.1716986061365688
4.345,0.41354028713728114,-1.7658370105651873,0.6194965736935396,0.7948244351656963,-1.185882461162174
4.346,0.41176629881421406,-1.7821279631862168,0.620266885655047,0.7703119615072872,-1.185882461162174
4.347,0.40997605466272563,-1.7983485604467615,0.6210127096553695,0.7458240003225365,-1.185882461162174
4.348,0.4081696253585926,-1.814498161985387,0.6217340701824684,0.7213605270989705,-1.185882461162174
4.349,0.40634708221654664,-1.8305761302435142,0.6224309916998171,0.6969215173486281,-1.185882461162174
4.3500000000000005,0.4045084971874735,-1.8465818304904584,0.6231032383757809,0.6722466759637512,-1.1988959933764132
4.351,0.4026539428555609,-1.8625146308485896,0.6237508348852011,0.6475965094202591,-1.1988959933764132
4.352,0.4007834924354383,-1.8783739023182309,0.6243738058782444,0.6229709930433106,-1.1988959933764132
4.353,0.3988972197692867,-1.8941590188024908,0.6249721759804272,0.598370102182739,-1.1988959933764132
4.354,0.3969951993239179,-1.9098693571320262,0.6255459697926402,0.573793812213028,-1.1988959933764132
4.355,0.3950775061878445,-1.925504297089562,0.6260949752838411,0.5490054912008077,-1.2107263600003684
4.356,0.39314421606830996,-1.9410632214344226,0.6266192172423507,0.5242419585095994,-1.2107263600003684
4.357,0.3911954052882936,-1.9565455159269507,0.6271187204317018,0.49950318935108245,-1.2107263600003684
4.358,0.38923115078351245,-1.9719505693526354,0.6275935095906635,0.474789158961724,-1.2107263600003684
4.359,0.3872515300993678,-1.9872777735463711,0.6280436094332663,0.45009984260275493,-1.2107263600003684
4.36,0.3852566213878945,-2.00252652341638,0.6284688319383085,0.4252225050422225,-1.221361885896484
4.361,0.3832465034046761,-2.017696216968102,0.6288692019831278,0.4003700448192506,-1.221361885896484
4.362,0.38122125550572405,-2.0327862553280447,0.6292447444201843,0.37554243705650164,-1.221361885896484
4.363,0.37918095764436005,-2.0477960427673145,0.6295954840770858,0.3507396569015155,-1.221361885896484
4.364,0.3771256903680523,-2.062724986725187,0.6299214457566125,0.3259616795266843,-1.221361885896484
4.365,0.37505553481522913,-2.077572497832552,0.6302224656329578,0.3010198763453469,-1.2307920750905375
4.366,0.3729705727120917,-2.0923379899350594,0.630498568647925,0.2761030149671908,-1.2307920750905375
4.367,0.3708708863693704,-2.107020880116389,0.6307497797183754,0.25121107045041285,-1.2307920750905375
4.368,0.3687565586790867,-2.1216205887211776,0.6309761237362536,0.2263440178781517,-1.2307920750905375
4.369,0.3666276731112811,-2.1361365393779033,0.631177625568612,0.2015018323584628,-1.2307920750905375
4.37,0.3644843137107058,-2.1505681590217223,0.6313541457467156,0.17652017810350698,-1.239007621129868
4.371,0.36232656509352223,-2.1649148779169853,0.6315057092522184,0.15156350550280612,-1.239007621129868
4.372,0.3601545124439537,-2.1791761296797802,0.6316323410417931,0.12663178957470594,-1.239007621129868
4.373,0.357968241510916,-2.193351351300331,0.6317340660471557,0.10172500536253389,-1.239007621129868
4.374,0.3557678386046432,-2.207439983165151,0.6318109091750902,0.076843127934574,-1.239007621129868
4.375,0.35355339059327445,-2.2214414690791786,0.6318627554515714,0.05184627648128428,-1.2460004162677571
4.376,0.35132498489942415,-2.235355256287732,0.6318896298734509,0.026874421879447854,-1.2460004162677571
4.377,0.3490827094967373,-2.2491807954982925,0.6318915574125831,0.0019275391322132636,-1.2460004162677571
4.378,0.34682665290640236,-2.2629175409022766,0.6318685630158508,-0.022994396732274092,-1.2460004162677571
4.3790000000000004,0.34455690419367424,-2.276564950196474,0.63182067160519,-0.04789141066089696,-1.2460004162677571
4.38,0.3422735529643445,-2.2901224846045407,0.6317477928147505,-0.07287879043953174,-1.2517635594647842
4.381,0.3399766893612099,-2.3035896088982333,0.6316499516319121,-0.0978411828383879,-1.2517635594647842
4.382,0.33766640406051396,-2.316965791418536,0.6315271730190672,-0.12277861284484519,-1.2517635594647842
4.383,0.33534278826836056,-2.3302505040966897,0.6313794819136459,-0.14769110542129604,-1.2517635594647842
4.384,0.33300593371712517,-2.3434432224749697,0.6312069032281408,-0.17257868550517044,-1.2517635594647842
4.385,0.3306559326618268,-2.3565434257274287,0.6310093712940571,-0.19753193408365138,-1.2562913631993053
4.386,0.3282928778764779,-2.3695505966805035,0.6307869110646436,-0.22246022941355384,-1.2562913631993053
4.3870000000000005,0.32591686265043923,-2.3824642218333345,0.6305395474681954,-0.2473635964481264,-1.2562913631993053
4.388,0.3235279807847221,-2.3952837913781195,0.6302673054080797,-0.2722420601156644,-1.2562913631993053
4.389,0.3211263265882923,-2.408008799220204,0.6299702097627602,-0.2970956453195348,-1.2562913631993053
4.39,0.3187119948743465,-2.4206387429980594,0.6296482196259043,-0.32199013685582295,-1.2595793590803848
4.391,0.31628508095656266,-2.4331731241031536,0.6293013598920038,-0.34685973390057484,-1.2595793590803848
4.392,0.31384568064534946,-2.4456114476995667,0.6289296554306555,-0.37170446134828194,-1.2595793590803848
4.393,0.311393890244057,-2.457953222743569,0.6285331310865869,-0.39652434406854137,-1.2595793590803848
4.394,0.30892980654516666,-2.470197962003041,0.6281118116796809,-0.4213194069060805,-1.2595793590803848
4.3950000000000005,0.3064535268264879,-2.4823451820766222,0.6276656811061365,-0.4461305735443254,-1.2616243022575486
4.396,0.3039651488473039,-2.494394403412865,0.6271947641771206,-0.470916929015932,-1.2616243022575486
4.397,0.30146477084451234,-2.506345150329161,0.6266990856789886,-0.49567849813206705,-1.2616243022575486
4.398,0.29895249152876097,-2.5181969510304594,0.6261786703733095,-0.520415305679086,-1.2616243022575486
4.399,0.2964284100805299,-2.529949337627988,0.625633542996891,-0.5451273764185579,-1.2616243022575486
4.4,0.29389262614623557,-2.5416018461576346,0.6250637122643564,-0.5698307325346,-1.2624241746230338
4.401,0.2913452398342886,-2.5531540165983007,0.6244692028790619,-0.5945093852945261,-1.2624241746230338
4.402,0.28878635171113454,-2.564605392890098,0.6238500395196602,-0.6191633594016923,-1.2624241746230338
4.4030000000000005,0.2862160627972949,-2.5759555229522983,0.6232062468401255,-0.6437926795347513,-1.2624241746230338
4.404,0.2836344745633793,-2.5872039587011817,0.6225378494697779,-0.6683973703476772,-1.2624241746230338
4.405,0.28104168892606507,-2.598350256067792,0.6218448809330644,-0.6929685367133988,-1.2619781868034599
4.406,0.2784378082440954,-2.6093939750153674,0.6211273658011517,-0.7175151319127545,-1.2619781868034599
4.407,0.2758229353142152,-2.62033467955682,0.6203853286206348,-0.7420371805169109,-1.2619781868034599
4.408,0.27319717336713334,-2.6311719377718554,0.6196187939135623,-0.7665347070724632,-1.2619781868034599
4.409,0.27056062606343834,-2.6419053218240633,0.6188277861774609,-0.7910077361014599,-1.2619781868034599
4.41,0.26791339748949894,-2.6525344079778383,0.6180123637135168,-0.8154224639441352,-1.2602867789388377
4.4110000000000005,0.2652555921533663,-2.6630587766150584,0.6171725509364578,-0.8398127770589678,-1.2602867789388377
4.412,0.2625873149806488,-2.6734780122516533,0.6163083722365972,-0.8641786998606856,-1.2602867789388377
4.413,0.25990867131035433,-2.6837917035540637,0.6154198519798576,-0.8885202567396017,-1.2602867789388377
4.414,0.2572197668907545,-2.6939994433553935,0.614507014507796,-0.9128374720616388,-1.2602867789388377
4.415,0.2545207078751856,-2.704100828671577,0.6135699428408015,-0.9370716669945411,-1.2573516202482022
4.416,0.2518116008178805,-2.7140954607172008,0.612608661213069,-0.9612816277325107,-1.2573516202482022
4.417,0.2490925526697457,-2.7239829449213118,0.6116231938345592,-0.9854673785097422,-1.2573516202482022
4.418,0.24636367077414623,-2.733762890942963,0.610613564891023,-1.0096289435361965,-1.2573516202482022
4.4190000000000005,0.24362506286266522,-2.7434349126866375,0.6095797985440254,-1.0337663469976244,-1.2573516202482022
4.42,0.2408768370508584,-2.7529986283174606,0.6085220024512271,-1.0577960927982724,-1.253175607382285
4.421,0.23811910183396895,-2.7624536602763374,0.607440200642374,-1.0818018088531198,-1.253175607382285
4.422,0.23535196608266742,-2.7717996352947742,0.6063344171231821,-1.1057835191919123,-1.253175607382285
4.423,0.2325755390387289,-2.781036184409701,0.6052046758753618,-1.1297412478203661,-1.253175607382285
4.424,0.22978993031074385,-2.790162942977959,0.6040510008566415,-1.1536750187201914,-1.253175607382285
4.425,0.22699524986977507,-2.7991795506907473,0.6028735242557087,-1.1774766009327693,-1.2477628615648997
4.426,0.2241916080450164,-2.808085651587848,0.6016722698741456,-1.2012543815631345,-1.2477628615648997
4.4270000000000005,0.2213791155194496,-2.816880894071636,0.6004472614897327,-1.2250083844128694,-1.2477628615648997
4.428,0.21855788332546708,-2.825564930920989,0.5991985228564729,-1.2487386332597545,-1.2477628615648997
4.429,0.21572802284047868,-2.8341374193050215,0.5979260777046151,-1.2724451518577928,-1.2477628615648997
4.43,0.2128896457825373,-2.8425980207965504,0.5966300826234187,-1.2959950811964507,-1.2411187245257829
4.431,0.2100428642059043,-2.8509464013855306,0.5953105611628129,-1.31952146060577,-1.2411187245257829
4.432,0.2071877904966418,-2.859182231492191,0.5939675368491772,-1.3430243136356799,-1.2411187245257829
4.433,0.20432453736817605,-2.8673051859800465,0.5926010331853647,-1.3665036638125598,-1.2411187245257829
4.434,0.2014532178568314,-2.875314944168782,0.5912110736507254,-1.389959534639263,-1.2411187245257829
4.4350000000000005,0.19857394531738892,-2.8832111898468495,0.5897978390805563,-1.4132345701692028,-1.233249753228949
4.436,0.19568683341860166,-2.8909936112839807,0.5883613527498927,-1.4364863306636126,-1.233249753228949
4.437,0.19279199613869724,-2.8986619012435217,0.5869016379104951,-1.459714839397528,-1.233249753228949
4.438,0.18988954776090136,-2.906215756994497,0.5854187177908724,-1.4829201196227095,-1.233249753228949
4.439,0.1869796028689012,-2.9136548803236284,0.5839126155963047,-1.5061021945676658,-1.233249753228949
4.44,0.1840622763423385,-2.920978977547066,0.5823835362296635,-1.529079366641133,-1.2241637134017522
4.441,0.1811376833522742,-2.928187759521978,0.580831502668121,-1.552033561542527,-1.2241637134017522
4.442,0.17820593935662524,-2.935280941658013,0.579256537865872,-1.5749648022490195,-1.2241637134017522
4.4430000000000005,0.1752671600956279,-2.9422582439284772,0.5776586647541572,-1.5978731117148055,-1.2241637134017522
4.444,0.17232146158725878,-2.9491193908814166,0.576037906241286,-1.6207585128711257,-1.2241637134017522
4.445,0.16936896012264613,-2.9558641116505093,0.5743944910954903,-1.6434151457956765,-1.2138695718710948
4.446,0.16640977226149395,-2.962492139965724,0.572728441973403,-1.6660491220873026,-1.2138695718710948
4.447,0.16344401482747203,-2.9690032141638514,0.5710397815090004,-1.6886604644026373,-1.2138695718710948
4.448,0.16047180490360405,-2.9753970771988354,0.5693285323136247,-1.7112491953756566,-1.2138695718710948
4.449,0.15749325982765358,-2.9816734766519004,0.5675947169760069,-1.7338153376177028,-1.2138695718710948
4.45,0.1545084971874734,-2.9878321647415564,0.5658385879039726,-1.7561290720343696,-1.2023774877142233
4.4510000000000005,0.15151763481638517,-2.9938728983333367,0.564060167411256,-1.7784204927166196,-1.2023774877142233
4.452,0.1485207907885175,-2.9997954389494157,0.5622594777892778,-1.8006896219781874,-1.2023774877142233
4.453,0.14551808341413616,-3.005599552778041,0.5604365413071672,-1.8229364821104936,-1.2023774877142233
4.454,0.1425096312349902,-3.01128501068273,0.5585913802117846,-1.8451610953826676,-1.2023774877142233
4.455,0.13949555301961525,-3.0168515882113494,0.5567242703014527,-1.8671099103319437,-1.189698802232943
4.456,0.1364759677586617,-3.022299065604943,0.5548352335249864,-1.8890367764662706,-1.189698802232943
4.457,0.13345099466018878,-3.027627227806426,0.552924291809252,-1.910941715734463,-1.189698802232943
4.458,0.13042075314494794,-3.032835864469089,0.5509914670591886,-1.9328247500633875,-1.189698802232943
4.4590000000000005,0.12738536284169075,-3.037924769964867,0.5490367811578306,-1.954685901357983,-1.189698802232943
4.46,0.12434494358242723,-3.0428937433924865,0.5470605330218188,-1.976248136011848,-1.1758460277611578
4.461,0.12129961539770374,-3.047742588585386,0.5450627442133877,-1.9977888084310593,-1.1758460277611578
4.462,0.11824949851186428,-3.0524711141194567,0.5430434362732098,-2.0193079401778515,-1.1758460277611578
4.463,0.1151947133382957,-3.057079133320615,0.541002630720417,-2.040805552792897,-1.1758460277611578
4.464,0.11213538047468946,-3.0615664642721474,0.5389403490526217,-2.062281667795327,-1.1758460277611578
4.465,0.10907162069827207,-3.0659329298219067,0.5368569130097878,-2.083436042833865,-1.160832835316673
4.466,0.10600355496102656,-3.07017835758932,0.5347523437462904,-2.104569263497365,-1.160832835316673
4.4670000000000005,0.10293130438494011,-3.07430257997216,0.5326266623953503,-2.125681350940201,-1.160832835316673
4.468,0.09985499025720489,-3.07830543415319,0.5304798900690547,-2.1467723262955944,-1.160832835316673
4.469,0.09677473402542995,-3.0821867621065877,0.528312047858379,-2.1678422106756323,-1.160832835316673
4.47,0.09369065729286408,-3.0859464106041616,0.5261234800090919,-2.1885678492871485,-1.1446740411095888
4.471,0.09060288181356889,-3.0895842312214357,0.5239142072468319,-2.209272762260053,-1.1446740411095888
4.472,0.08751152948763667,-3.0931000803434765,0.5216842502765119,-2.229956970319985,-1.1446740411095888
4.473,0.08441672235636753,-3.0964938191705773,0.51943362978234,-2.250620494171857,-1.1446740411095888
4.474,0.08131858259744258,-3.099765313723746,0.5171623664278401,-2.271263354499877,-1.1446740411095888
4.4750000000000005,0.07821723252011466,-3.102914434849979,0.5148708266248563,-2.291539802983787,-1.1273855919204814
4.476,0.0751127945603797,-3.1059410582273608,0.5125590306498371,-2.3117959750192125,-1.1273855919204814
4.477,0.0720053912761257,-3.1088450643699903,0.5102269987589545,-2.332031890882603,-1.1273855919204814
4.478,0.0688951453423206,-3.1116263386326706,0.5078747511881244,-2.35224757083013,-1.1273855919204814
4.479,0.06578217954614125,-3.1142847712154627,0.5055023081530267,-2.3724430350977097,-1.1273855919204814
4.48,0.06266661678215055,-3.116820257167997,0.5031100578699768,-2.3922502830498686,-1.1089845493628383
4.481,0.059548580047435254,-3.119232696393626,0.5006980201462227,-2.4120377237540755,-1.1089845493628383
4.482,0.05642819243674142,-3.121521993653385,0.4982662147692051,-2.4318053770175783,-1.1089845493628383
4.483,0.05330557713763073,-3.1236880585697357,0.49581466150657727,-2.4515532626278174,-1.1089845493628383
4.484,0.05018085742560841,-3.1257308056301456,0.4933433801062248,-2.471281400352446,-1.1089845493628383
4.485,0.04705415665925656,-3.127650154190458,0.4908527802058118,-2.4905999004130006,-1.0894890730453402
4.486,0.04392559827537295,-3.129446028478076,0.4883428811238383,-2.5098990819734945,-1.0894890730453402
4.487,0.04079530578407856,-3.1311183575949615,0.4858137021594858,-2.529178964352428,-1.0894890730453402
4.488,0.03766340276396634,-3.132667075520422,0.48326526259263686,-2.5484395668489825,-1.0894890730453402
4.489,0.03453001285720308,-3.134092121113726,0.4806975816838938,-2.5676809087430406,-1.0894890730453402
4.49,0.03139525976465706,-3.1353934381165134,0.4781110900880065,-2.586491595887308,-1.0689184026505154
4.491,0.028259267241014602,-3.136570975155017,0.47550580661566205,-2.605283472344431,-1.0689184026505154
4.492,0.02512215908988554,-3.1376246857420926,0.47288175005873695,-2.624056556925097,-1.0689184026505154
4.493,0.021984059158931635,-3.1385545282790486,0.4702389391903158,-2.6428108684211824,-1.0689184026505154
4.494,0.018845091334968422,-3.1393604660572936,0.46757739276471,-2.6615464256057715,-1.0689184026505154
4.495,0.01570537953906372,-3.1400424672597853,0.4648975620287509,-2.679830735959116,-1.0472928389474967
4.496,0.012565047721668509,-3.140600504962283,0.46219946526674877,-2.698096762002107,-1.0472928389474967
4.497,0.00942421985770583,-3.141034557134415,0.4594831207447297,-2.7163445220190545,-1.0472928389474967
4.498,0.006283019941676464,-3.1413446066405433,0.45674854671045373,-2.7345740342759854,-1.0472928389474967
4.499,0.0031415719827816075,-3.141530641240445,0.45399576139343306,-2.7527853170206593,-1.0472928389474967
4.5,5.51091059616309e-16,-3.141592653589793,0.4512252361872543,-2.7705252061787906,-1.024633723757605
4.501,-0.0031415719827805055,-3.141530641240445,0.44843698883180655,-2.788247355447764,-1.024633723757605
4.502,-0.006283019941675362,-3.1413446066405433,0.44563103704923906,-2.805951782567468,-1.024633723757605
4.503,-0.009424219857704726,-3.141034557134415,0.442807398543979,-2.8236385052600528,-1.024633723757605
4.5040000000000004,-0.012565047721669182,-3.140600504962283,0.439966091002749,-2.841307541229945,-1.024633723757605
4.505,-0.01570537953906262,-3.1400424672597853,0.43710760550068245,-2.8584855020665665,-1.0009634188925756
4.506,-0.018845091334967323,-3.1393604660572936,0.4342319592157401,-2.8756462849423516,-1.0009634188925756
4.507,-0.021984059158930536,-3.138554528279049,0.4313391693087048,-2.8927899070352607,-1.0009634188925756
4.508,-0.02512215908988444,-3.1376246857420926,0.4284292529231987,-2.909916385506077,-1.0009634188925756
4.509,-0.028259267241013502,-3.1365709751550175,0.4255022271857003,-2.9270257374984223,-1.0009634188925756
4.51,-0.03139525976465596,-3.135393438116514,0.42255860236825765,-2.9436248174426467,-0.9763052840861399
4.511,-0.034530012857201975,-3.1340921211137265,0.4195983950699507,-2.9602072983069267,-0.9763052840861399
4.5120000000000005,-0.03766340276396701,-3.1326670755204216,0.4166216218732604,-2.976773196690343,-0.9763052840861399
4.513,-0.04079530578407747,-3.1311183575949624,0.413628299344085,-2.993322529175375,-0.9763052840861399
4.514,-0.043925598275371854,-3.129446028478077,0.41061844403175707,-3.0098553123279226,-0.9763052840861399
4.515,-0.04705415665925546,-3.1276501541904587,0.40759258490166267,-3.0258591300944104,-0.9506836539407858
4.516,-0.050180857425607316,-3.125730805630146,0.40455073795761953,-3.0418469440431317,-0.9506836539407858
4.517,-0.05330557713762964,-3.1236880585697366,0.4014929191874416,-3.0578187701779043,-0.9506836539407858
4.518,-0.056428192436740326,-3.1215219936533853,0.3984191445629551,-3.0737746244865423,-0.9506836539407858
4.519,-0.05954858004743416,-3.1192326963936265,0.3953294300400142,-3.0897145229408713,-0.9506836539407858
4.5200000000000005,-0.06266661678215299,-3.116820257167995,0.392224322755318,-3.10510728469618,-0.9241238139124716
4.521,-0.06578217954614016,-3.1142847712154635,0.38910383810162824,-3.1204846536897333,-0.9241238139124716
4.522,-0.0688951453423195,-3.111626338632672,0.38596799145631394,-3.135846645314293,-0.9241238139124716
4.523,-0.0720053912761246,-3.108845064369991,0.3828167981813667,-3.1511932749472282,-0.9241238139124716
4.524,-0.07511279456037862,-3.1059410582273617,0.3796502736234162,-3.1665245579505306,-0.9241238139124716
4.525,-0.07821723252011532,-3.1029144348499784,0.3764689825505165,-3.181291072899718,-0.8966519753568973
4.526,-0.0813185825974415,-3.099765313723747,0.3732729397291825,-3.1960428213339562,-0.8966519753568973
4.527,-0.08441672235636644,-3.0964938191705786,0.37006215991116276,-3.2107798180197604,-0.8966519753568973
4.5280000000000005,-0.08751152948763909,-3.093100080343474,0.36683665783345387,-3.2255020777088785,-0.8966519753568973
4.529,-0.0906028818135678,-3.089584231221437,0.36359644821831555,-3.2402096151383075,-0.8966519753568973
4.53,-0.093690657292863,-3.0859464106041625,0.36034211290779916,-3.2543353105164115,-0.8682952496621137
4.531,-0.09677473402542887,-3.0821867621065886,0.35707366602760005,-3.268446880199137,-0.8682952496621137
4.532,-0.0998549902572038,-3.0783054341531915,0.3537911216892879,-3.28254433831218,-0.8682952496621137
4.533,-0.10293130438494076,-3.074302579972159,0.3504944939903208,-3.2966276989671104,-0.8682952496621137
4.534,-0.1060035549610255,-3.070178357589321,0.3471837970140594,-3.3106969762613856,-0.8682952496621137
4.535,-0.10907162069827099,-3.0659329298219085,0.3438596291023444,-3.3241679117149805,-0.8390816214928176
4.5360000000000005,-0.11213538047469185,-3.061566464272144,0.3405220037261113,-3.337625376233122,-0.8390816214928176
4.537,-0.11519471333829463,-3.057079133320616,0.3371709343428246,-3.3510693832867453,-0.8390816214928176
4.538,-0.11824949851186321,-3.0524711141194585,0.33380643439649127,-3.3644999463333147,-0.8390816214928176
4.539,-0.12129961539770268,-3.0477425885853875,0.3304285173176744,-3.3779170788168376,-0.8390816214928176
4.54,-0.12434494358242616,-3.0428937433924883,0.3270377973575129,-3.3907199601614786,-0.8090399211728964
4.541,-0.12738536284169139,-3.0379247699648655,0.32363428731888816,-3.403510038624775,-0.8090399211728964
4.542,-0.13042075314494686,-3.032835864469091,0.32021799999187855,-3.4162873270096084,-0.8090399211728964
4.543,-0.1334509946601877,-3.027627227806428,0.3167889481537725,-3.429051838106057,-0.8090399211728964
4.5440000000000005,-0.13647596775866405,-3.022299065604939,0.3133471445690811,-3.441803584691409,-0.8090399211728964
4.545,-0.13949555301961417,-3.016851588211351,0.3098932187920497,-3.453925777031385,-0.7781997962333731
4.546,-0.14250963123498914,-3.011285010682732,0.30642718294487065,-3.466035847179021,-0.7781997962333731
4.547,-0.1455180834141351,-3.005599552778043,0.3029490491376141,-3.4781338072565093,-0.7781997962333731
4.548,-0.14852079078851646,-2.999795438949418,0.2994588294682402,-3.4902196693739205,-0.7781997962333731
4.549,-0.1515176348163875,-2.9938728983333323,0.295956536022611,-3.502293445629214,-0.7781997962333731
4.55,-0.15450849718747234,-2.9878321647415587,0.2924428130367844,-3.513722985826662,-0.7465916821538702
4.551,-0.15749325982765253,-2.981673476651902,0.2889176719403005,-3.525141096483913,-0.7465916821538702
4.5520000000000005,-0.16047180490360638,-2.97539707719883,0.28538112415127,-3.5365477890305064,-0.7465916821538702
4.553,-0.163444014827471,-2.969003214163854,0.28183318107638544,-3.5479430748845533,-0.7465916821538702
4.554,-0.1664097722614929,-2.962492139965726,0.2782738541109327,-3.559326965452746,-0.7465916821538702
4.555,-0.16936896012264507,-2.9558641116505115,0.27470380153699886,-3.570052573933823,-0.7142467723264851
4.556,-0.17232146158725775,-2.9491193908814193,0.27112303408019245,-3.580767456806419,-0.7142467723264851
4.557,-0.1752671600956302,-2.9422582439284723,0.26753156245539633,-3.5914716247961422,-0.7142467723264851
4.558,-0.1782059393566242,-2.9352809416580157,0.26392939736677845,-3.602165088617876,-0.7142467723264851
4.559,-0.18113768335227318,-2.9281877595219807,0.26031654950780264,-3.6128478589757878,-0.7142467723264851
4.5600000000000005,-0.18406227634233913,-2.9209789775470645,0.2566936905569404,-3.6228589508622453,-0.6811969872716666
4.561,-0.18697960286890017,-2.9136548803236315,0.2530608305252836,-3.6328600316568163,-0.6811969872716666
4.562,-0.18988954776090033,-2.9062157569944995,0.24941797941391303,-3.6428511113705926,-0.6811969872716666
4.563,-0.19279199613869624,-2.8986619012435244,0.24576514721390838,-3.652832200004655,-0.6811969872716666
4.564,-0.19568683341860063,-2.890993611283984,0.2421023439063583,-3.662803307550084,-0.6811969872716666
4.565,-0.19857394531739117,-2.8832111898468433,0.23843025390325304,-3.6720900031052643,-0.6474749431365268
4.566,-0.2014532178568304,-2.875314944168785,0.23474888649128814,-3.6813674119648896,-0.6474749431365268
4.567,-0.20432453736817505,-2.8673051859800496,0.2310582509478725,-3.690635543415655,-0.6474749431365268
4.5680000000000005,-0.2071877904966424,-2.859182231492189,0.22735835654113754,-3.6998944067349697,-0.6474749431365268
4.569,-0.2100428642059033,-2.8509464013855332,0.22364921252994657,-3.7091440111909653,-0.6474749431365268
4.57,-0.2128896457825363,-2.8425980207965535,0.21993151538437666,-3.717697145569907,-0.6131139195066422
4.571,-0.21572802284047768,-2.834137419305024,0.2162052736575622,-3.72624172681447,-0.6131139195066422
4.572,-0.21855788332546608,-2.8255649309209923,0.21247049589408443,-3.7347777634777883,-0.6131139195066422
4.573,-0.2213791155194518,-2.8168808940716294,0.20872719062998,-3.7433052641044435,-0.6131139195066422
4.574,-0.2241916080450154,-2.808085651587851,0.20497536639274952,-3.7518242372304718,-0.6131139195066422
4.575,-0.2269952498697741,-2.7991795506907504,0.20121573102322501,-3.7596353695245037,-0.5781478265631309
4.5760000000000005,-0.22978993031074443,-2.790162942977957,0.19744829233253877,-3.767438690686242,-0.5781478265631309
4.577,-0.23257553903872794,-2.7810361844097042,0.19367305812401195,-3.7752342085268182,-0.5781478265631309
4.578,-0.23535196608266645,-2.7717996352947774,0.1898900361931624,-3.783021930849554,-0.5781478265631309
4.579,-0.23811910183396798,-2.7624536602763405,0.18609923432771242,-3.7908018654499673,-0.5781478265631309
4.58,-0.24087683705085747,-2.752998628317464,0.18230137104069555,-3.797863287016865,-0.5426111716173887
4.581,-0.24362506286266736,-2.7434349126866295,0.17849645339353334,-3.804917647162196,-0.5426111716173887
4.582,-0.24636367077414525,-2.7337628909429665,0.17468448844058596,-3.8119649529473816,-0.5426111716173887
4.583,-0.24909255266974473,-2.7239829449213153,0.17086548322915918,-3.819005211426782,-0.5426111716173887
4.5840000000000005,-0.2518116008178811,-2.714095460717199,0.16703944479951147,-3.8260384296477032,-0.5426111716173887
4.585,-0.2545207078751846,-2.7041008286715806,0.16320710162779228,-3.8323431717191867,-0.5065390250565553
4.586,-0.25721976689075354,-2.693999443355397,0.1593684600187437,-3.8386416090485986,-0.5065390250565553
4.587,-0.2599086713103534,-2.6837917035540673,0.15552352627080301,-3.844933747940681,-0.5065390250565553
4.588,-0.26258731498064786,-2.673478012251657,0.15167230667610915,-3.8512195946938714,-0.5065390250565553
4.589,-0.26525559215336836,-2.6630587766150504,0.14781480752050885,-3.857499155600309,-0.5065390250565553
4.59,-0.267913397489498,-2.652534407977842,0.1439517665243495,-3.863040996159374,-0.4699669857332736
4.591,-0.27056062606343745,-2.6419053218240673,0.1400831892294716,-3.86857729487788,-0.4699669857332736
4.5920000000000005,-0.2731971733671354,-2.631171937771847,0.13620908117217395,-3.8741080572976676,-0.4699669857332736
4.593,-0.2758229353142143,-2.620334679556824,0.1323294478832189,-3.8796332889550356,-0.4699669857332736
4.594,-0.27843780824409453,-2.6093939750153714,0.12844429488783815,-3.885152995380746,-0.4699669857332736
4.595,-0.2810416889260642,-2.5983502560677953,0.1245543684225361,-3.8899264653020436,-0.4329311458339195
4.596,-0.2836344745633784,-2.587203958701186,0.12065967326078268,-3.89469516175342,-0.4329311458339195
4.597,-0.28621606279729545,-2.5759555229522957,0.11676021417127434,-3.899459089508345,-0.4329311458339195
4.598,-0.28878635171113365,-2.564605392890102,0.11285599591793882,-3.904218253335515,-0.4329311458339195
4.599,-0.29134523983428773,-2.5531540165983047,0.10894702325993996,-3.908972657998858,-0.4329311458339195
4.6000000000000005,-0.29389262614623757,-2.5416018461576253,0.1050340502134939,-3.9129730464460586,-0.39546805525998535
4.601,-0.296428410080529,-2.5299493376279925,0.1011170807789891,-3.916969434504812,-0.39546805525998535
4.602,-0.2989524915287601,-2.518196951030464,0.09719611895281359,-3.920961826175507,-0.39546805525998535
4.603,-0.30146477084451145,-2.5063451503291656,0.09327116872735906,-3.924950225454531,-0.39546805525998535
4.604,-0.303965148847303,-2.494394403412869,0.08934223409102479,-3.9289346363342763,-0.39546805525998535
4.605,-0.3064535268264884,-2.48234518207662,0.0854100760956157,-3.9321579954090966,-0.3576146855577296
4.606,-0.30892980654516583,-2.4701979620030454,0.08147469796449086,-3.935378131124842,-0.3576146855577296
4.607,-0.3113938902440561,-2.457953222743573,0.07753610291778598,-3.938595046704872,-0.3576146855577296
4.6080000000000005,-0.31384568064535134,-2.4456114476995574,0.07359429417241665,-3.9418087453693214,-0.3576146855577296
4.609,-0.3162850809565618,-2.4331731241031576,0.06964927494208155,-3.945019230335107,-0.3576146855577296
4.61,-0.31871199487434565,-2.4206387429980643,0.06570181256310814,-3.9474623789734067,-0.31940839343174166
4.611,-0.3211263265882915,-2.4080087992202084,0.061751909478645076,-3.949903084463068,-0.31940839343174166
4.612,-0.3235279807847213,-2.395283791378124,0.057799568129397835,-3.9523413492472397,-0.31940839343174166
4.613,-0.32591686265043973,-2.382464221833332,0.053844790953631205,-3.9547771757666275,-0.31940839343174166
4.614,-0.32829287787647704,-2.369550596680508,0.04988758038717171,-3.9572105664594956,-0.31940839343174166
4.615,-0.33065593266182597,-2.356543425727433,0.04592870929360111,-3.9588710935706035,-0.2808868838783767
4.616,-0.3330059337171244,-2.343443222474974,0.04196817933344651,-3.9605299601546005,-0.2808868838783767
4.617,-0.3353427882683598,-2.3302505040966945,0.038005992165574494,-3.9621871678720133,-0.2808868838783767
4.618,-0.3376664040605131,-2.316965791418541,0.034042149447192784,-3.963842718381709,-0.2808868838783767
4.619,-0.33997668936120906,-2.303589608898238,0.03007665283385189,-3.965496613340895,-0.2808868838783767
4.62,-0.34227355296434364,-2.2901224846045456,0.026110279953664824,-3.966372880187064,-0.24208817297548635
4.621,-0.3445569041936747,-2.276564950196471,0.022143031682898436,-3.9672482707663868,-0.24208817297548635
4.622,-0.3468266529064015,-2.2629175409022815,0.018174908896943308,-3.96812278595513,-0.24208817297548635
4.623,-0.34908270949673653,-2.2491807954982974,0.014205912470314623,-3.9689964266286846,-0.24208817297548635
4.624,-0.3513249848994234,-2.235355256287737,0.010236043276653058,-3.9698691936615655,-0.24208817297548635
4.625,-0.3535533905932737,-2.2214414690791835,0.006266082941177852,-3.9699603354752067,-0.20305055036513886
4.626,-0.35576783860464245,-2.207439983165156,0.0022960315550308178,-3.970051386147034,-0.20305055036513886
4.627,-0.3579682415109152,-2.1933513513003358,-0.0016741107907373718,-3.9701423457681897,-0.20305055036513886
4.628,-0.36015451244395297,-2.179176129679785,-0.005644344005167096,-3.970233214429724,-0.20305055036513886
4.6290000000000004,-0.3623265650935239,-2.1649148779169742,-0.009614667997389692,-3.970323992222597,-0.20305055036513886
4.63,-0.364484313710705,-2.150568159021727,-0.013584297916449394,-3.969629919059702,-0.1638125414663697
4.631,-0.36662767311128036,-2.136136539377908,-0.017553234456419365,-3.96893653996997,-0.1638125414663697
4.632,-0.36875655867908597,-2.1216205887211825,-0.021521478310678695,-3.9682438542593275,-0.1638125414663697
4.633,-0.37087088636936966,-2.1070208801163943,-0.02548903017191309,-3.9675518612343956,-0.1638125414663697
4.634,-0.372970572712091,-2.0923379899350647,-0.02945589073211558,-3.9668605602024885,-0.1638125414663697
4.635,-0.3750555348152284,-2.0775724978325574,-0.03342127268914697,-3.965381957031391,-0.12441286945524632
4.636,-0.3771256903680516,-2.0627249867251924,-0.037385177521610434,-3.9639048324634643,-0.12441286945524632
4.6370000000000005,-0.37918095764436166,-2.047796042767303,-0.04134760670663054,-3.9624291850201057,-0.12441286945524632
4.638,-0.38122125550572333,-2.03278625532805,-0.04530856171985473,-3.9609550132241904,-0.12441286945524632
4.639,-0.38324650340467536,-2.0176962169681074,-0.0492680440354548,-3.9594823156000714,-0.12441286945524632
4.64,-0.3852566213878938,-2.0025265234163854,-0.05322526467708027,-3.957220641625467,-0.08489041704977218
4.641,-0.3872515300993671,-1.9872777735463762,-0.057180225906405105,-3.954961229324837,-0.08489041704977218
4.642,-0.3892311507835118,-1.971950569352641,-0.061132929982841616,-3.9527040764365076,-0.08489041704977218
4.643,-0.3911954052882929,-1.9565455159269562,-0.06508337916354268,-3.9504491807010664,-0.08489041704977218
4.644,-0.3931442160683093,-1.9410632214344277,-0.06903157570340404,-3.9481965398613608,-0.08489041704977218
4.6450000000000005,-0.395077506187846,-1.9255042970895497,-0.07297672973048829,-3.945154027084246,-0.0452841881373407
4.646,-0.39699519932391725,-1.9098693571320318,-0.07691884428730819,-3.9421145568199085,-0.0452841881373407
4.647,-0.39889721976928605,-1.8941590188024964,-0.08085792241333403,-3.9390781260258354,-0.0452841881373407
4.648,-0.40078349243543765,-1.8783739023182364,-0.0847939671449966,-3.936044731662556,-0.0452841881373407
4.649,-0.4026539428555602,-1.8625146308485951,-0.08872698151569024,-3.9330143706936402,-0.0452841881373407
4.65,-0.4045084971874739,-1.8465818304904549,-0.09265617553739884,-3.9291940217085988,-0.005633269282611653
4.651,-0.40634708221654603,-1.8305761302435197,-0.09658155303047139,-3.9253774930725425,-0.005633269282611653
4.652,-0.4081696253585919,-1.8144981619853926,-0.10050311781143652,-3.921564780965122,-0.005633269282611653
4.6530000000000005,-0.409976054662727,-1.7983485604467488,-0.10442087369300633,-3.9177558815698093,-0.005633269282611653
4.654,-0.41176629881421345,-1.7821279631862228,-0.10833482448408022,-3.9139507910738915,-0.005633269282611653
4.655,-0.4135402871372805,-1.7658370105651928,-0.11224418086018612,-3.9093563761058934,0.03402320884620902
4.656,-0.41529794959790584,-1.7494763457225828,-0.11614894741573897,-3.9047665555528632,0.03402320884620902
4.657,-0.417039216806585,-1.7330466145494272,-0.12004912874055935,-3.900181324820386,0.03402320884620902
4.658,-0.41876402002107116,-1.7165484656633712,-0.123944729419878,-3.8956006793186413,0.03402320884620902
4.659,-0.42047229114908374,-1.6999825503831107,-0.1278357540343404,-3.8910246144623986,0.03402320884620902
4.66,-0.4221639627510076,-1.6833495227025792,-0.13172141470198642,-3.885660667646044,0.07364611009461142
4.6610000000000005,-0.4238389680425425,-1.6666500392652475,-0.13560171678676292,-3.8803020847765057,0.07364611009461142
4.662,-0.4254972408973458,-1.649884759338146,-0.13947666564725275,-3.874948860489837,0.07364611009461142
4.663,-0.42713871584964735,-1.6330543447857917,-0.1433462666366802,-3.869600989427455,0.07364611009461142
4.664,-0.4287633280968258,-1.6161594600441422,-0.14721052510291635,-3.864258466236135,0.07364611009461142
4.665,-0.4303710135019714,-1.5992007720943187,-0.15106865538405737,-3.85813028114101,0.11319633144443486
4.666,-0.431961708596418,-1.5821789504362733,-0.15492066360828835,-3.8520082242309805,0.11319633144443486
4.667,-0.4335353505822444,-1.5650946670624082,-0.15876655589766622,-3.845892289377861,0.11319633144443486
4.668,-0.435091877334763,-1.5479485964309396,-0.16260633836812582,-3.8397824704595944,0.11319633144443486
4.6690000000000005,-0.43663122740496013,-1.5307414154394063,-0.16644001712948608,-3.8336787613602463,0.11319633144443486
4.67,-0.4381533400219318,-1.5134738033978403,-0.1702668095152529,-3.8267923857668094,0.15263484160383034
4.671,-0.439658155095278,-1.4961464420019985,-0.17408672241180184,-3.819912896548966,0.15263484160383034
4.672,-0.4411456132174756,-1.4787600153064493,-0.17789976269862218,-3.813040286820341,0.15263484160383034
4.673,-0.4426156556662273,-1.461315209697519,-0.18170593724832362,-3.806174549701444,0.15263484160383034
4.674,-0.4440682244067727,-1.443812713866282,-0.1855052529266433,-3.7993156783196658,0.15263484160383034
4.675,-0.44550326209418345,-1.4262532187813246,-0.18929693083489413,-3.7916779082508176,0.19192271952642204
4.676,-0.44692071207563216,-1.408637417661407,-0.19308097861084617,-3.7840477759520383,0.19192271952642204
4.6770000000000005,-0.4483205183926181,-1.3909660059482234,-0.19685740388463172,-3.776425273785558,0.19192271952642204
4.678,-0.4497026257831848,-1.37323968127885,-0.20062621427875296,-3.768810394121244,0.19192271952642204
4.679,-0.4510669796841014,-1.355459143458203,-0.20438741740808955,-3.761203129336594,0.19192271952642204
4.68,-0.4524135262330089,-1.3376250944315102,-0.20814023891044037,-3.7528215023508236,0.23102119282168637
4.681,-0.4537422122705583,-1.31973823825645,-0.21188468716743242,-3.744448256992039,0.23102119282168637
4.682,-0.45505298534249833,-1.3017992810754972,-0.21562077055231102,-3.7360833848786132,0.23102119282168637
4.683,-0.4563457937017511,-1.2838089310879852,-0.21934849742994833,-3.7277268776373007,0.23102119282168637
4.684,-0.4576205863104591,-1.2657678985220864,-0.22306787615685156,-3.7193787269032295,0.23102119282168637
4.6850000000000005,-0.4588773128419908,-1.247676895606906,-0.2267781376715075,-3.710261514655954,0.2698916760186186
4.686,-0.46011592368293464,-1.2295366365442624,-0.23047929109112844,-3.7011534196209257,0.2698916760186186
4.687,-0.4613363699350575,-1.2113478374804914,-0.23417134552380936,-3.6920544326809326,0.2698916760186186
4.688,-0.46253860341722836,-1.193111216478277,-0.23785431006853724,-3.6829645447278794,0.2698916760186186
4.689,-0.4637225766673306,-1.174827493488149,-0.24152819381520002,-3.673883746662779,0.2698916760186186
4.69,-0.46488824294412623,-1.156497390320205,-0.24519223376194324,-3.664039946743218,0.3084958086449199
4.691,-0.46603555622910525,-1.1381216306155526,-0.24884643975256682,-3.654205990623576,0.3084958086449199
4.692,-0.46716447122830573,-1.1197009398176894,-0.2524908216210269,-3.644381868460054,0.3084958086449199
4.6930000000000005,-0.4682749433740965,-1.101236045143947,-0.25612538919144556,-3.634567570418696,0.3084958086449199
4.694,-0.46936692882693665,-1.0827276755567812,-0.2597501522781209,-3.624763086675379,0.3084958086449199
4.695,-0.4704403844771129,-1.0641765617348904,-0.26336435469184794,-3.6142024137270203,0.3467954930841627
4.696,-0.4714952679464317,-1.0455834360445253,-0.26696800699329953,-3.60365230145161,0.3467954930841627
4.697,-0.4725315375899024,-1.0269490325104096,-0.270561119732588,-3.5931127392884754,0.3467954930841627
4.698,-0.47354915249737206,-1.0082740867869195,-0.2741437034492755,-3.5825837166875036,0.3467954930841627
4.699,-0.4745480724951472,-0.9895593361289248,-0.2777157686723847,-3.5720652231091328,0.3467954930841627
4.7,-0.4755282581475766,-0.9708055193627366,-0.2812765667716272,-3.560798099242553,0.3847529321735349
4.7010000000000005,-0.4764896707586097,-0.9520133768569188,-0.284826109014127,-3.5495422424998395,0.3847529321735349
4.702,-0.4774322723733212,-0.9331836504931119,-0.2883644066557409,-3.538297641613869,0.3847529321735349
4.703,-0.47835602577941544,-0.9143170836366286,-0.2918914709410697,-3.527064285328785,0.3847529321735349
4.704,-0.4792608945086876,-0.8954144211072662,-0.2954073131034697,-3.515842162399985,0.3847529321735349
4.705,-0.4801468428384716,-0.8764764091497322,-0.29891119281037715,-3.5038797069074836,0.4223306665050721
4.706,-0.48101383579304297,-0.8575037954043436,-0.30240312202424763,-3.4919292138704745,0.4223306665050721
4.707,-0.4818618391450048,-0.8384973288773944,-0.3058831126955741,-3.4799906713265027,0.4223306665050721
4.708,-0.48269081941663683,-0.8194577599116382,-0.3093511767628992,-3.468064067325075,0.4223306665050721
4.7090000000000005,-0.48350074388121783,-0.8003858401566465,-0.31280732615282686,-3.4561493899276483,0.4223306665050721
4.71,-0.48429158056431537,-0.781282322539187,-0.3162508295611367,-3.4435034083098492,0.4594916113935613
4.711,-0.4850632982450531,-0.7621479612333817,-0.3196816996338104,-3.430870072673668,0.4594916113935613
4.712,-0.4858158664573367,-0.7429835116310948,-0.3230999490041835,-3.418249370373123,0.4594916113935613
4.713,-0.48654925549106337,-0.7237897303119386,-0.32650559029295834,-3.405641288774879,0.4594916113935613
4.714,-0.4872634363932886,-0.7045673750135671,-0.32989863610821657,-3.393045815258233,0.4594916113935613
4.715,-0.48795838096937333,-0.6853172046016535,-0.33327836489579005,-3.379728787573481,0.4961990934746603
4.716,-0.4886340617840967,-0.6660399790399315,-0.33664478997270647,-3.3664250769164146,0.4961990934746603
4.7170000000000005,-0.48929045216273637,-0.6467364593602801,-0.3399979246426765,-3.353134669970005,0.4961990934746603
4.718,-0.4899275261921233,-0.6274074076326251,-0.343337782196107,-3.3398575534305417,0.4961990934746603
4.719,-0.49054525872166727,-0.6080535869347886,-0.3466643759101146,-3.326593714007618,0.4961990934746603
4.72,-0.49114362536434414,-0.5886757613225162,-0.3499769946926703,-3.3126187825556688,0.5324168868970715
4.721,-0.49172260249766464,-0.5692746957991502,-0.35327565251870546,-3.2986578260351718,0.5324168868970715
4.722,-0.4922821672646028,-0.5498511562855375,-0.3565603633491767,-3.2847108304711954,0.5324168868970715
4.723,-0.49282229757449875,-0.5304059095897926,-0.35983114113107945,-3.270777781902783,0.5324168868970715
4.724,-0.493342972103934,-0.5109397233769155,-0.36308799979746237,-3.2568586663829384,0.5324168868970715
4.7250000000000005,-0.4938441702975691,-0.4914533661386284,-0.3663302394201975,-3.242239622735094,0.5681092490730796
4.726,-0.494325872368957,-0.47194760716297113,-0.3695578746183284,-3.2276351981308973,0.5681092490730796
4.727,-0.4947880593013257,-0.4524232165038648,-0.3727709199962797,-3.2130453779513046,0.5681092490730796
4.728,-0.49523071284832554,-0.43288096495086553,-0.3759693901438716,-3.1984701475918915,0.5681092490730796
4.729,-0.4956538155347532,-0.4133216239985699,-0.37915329963633443,-3.183909492462838,0.5681092490730796
4.73,-0.496057350657239,-0.39374596581626775,-0.38232196040018573,-3.168660763851332,0.6032409559521619
4.731,-0.4964413022849067,-0.3741547632174584,-0.3854753876841542,-3.1534272839684374,0.6032409559521619
4.732,-0.49680565526000425,-0.3545487896292306,-0.3886135967217196,-3.1382090375654257,0.6032409559521619
4.7330000000000005,-0.49715039519849963,-0.334928819061873,-0.39173660273112837,-3.123006009408817,0.6032409559521619
4.734,-0.4974755084906501,-0.31529562607825107,-0.3948444209154087,-3.107818184280365,0.6032409559521619
4.735,-0.49778098230154,-0.29564998576317303,-0.39793637573476914,-3.091954819360427,0.637777336782895
4.736,-0.4980668045715862,-0.27599267369289093,-0.40101248305257453,-3.0761073178054086,0.637777336782895
4.737,-0.4983329640170149,-0.2563244659044266,-0.4040727587163265,-3.0602756637519453,0.637777336782895
4.738,-0.498579450130307,-0.23664613886493496,-0.407117218557679,-3.0444598413525354,0.637777336782895
4.739,-0.4988062531806125,-0.21695846944110633,-0.41014587839245453,-3.028659834775525,0.637777336782895
4.74,-0.49901336421413583,-0.19726223486837427,-0.4131580758812287,-3.0121974887741736,0.6716843083287826
4.741,-0.49920077505448746,-0.17755821272039898,-0.41615382748634755,-2.9957516051188238,0.6716843083287826
4.742,-0.49936847830300873,-0.15784718087819152,-0.4191331496536947,-2.9793221673471293,0.6716843083287826
4.743,-0.49951646733906235,-0.13812991749957182,-0.4220960588127079,-2.9629091590132064,0.6716843083287826
4.744,-0.49964473632029455,-0.11840720098833671,-0.4250425713763955,-2.9465125636876177,0.6716843083287826
4.745,-0.49975328018286574,-0.09867980996352985,-0.42797203885934937,-2.9294674829538443,0.7049284085042858
4.746,-0.49984209464165,-0.07894852322879253,-0.43088447830665016,-2.912439447300805,0.7049284085042858
4.747,-0.4999111761904045,-0.05921411974156196,-0.4337799067463336,-2.8954284396834185,0.7049284085042858
4.748,-0.49996052210190806,-0.03947737858225251,-0.4366583411894073,-2.8784344430736493,0.7049284085042858
4.749,-0.49999013042806856,-0.01973907892365505,-0.4395197986298678,-2.86145744046049,0.7049284085042858
4.75,-0.5,-9.235563914885211e-15,-0.4423636450762999,-2.843846446432072,0.7374768293978797
4.751,-0.49999013042806856,0.01973907892364774,-0.44518989813969756,-2.826253063397682,0.7374768293978797
4.752,-0.49996052210190806,0.039477378582245204,-0.4479985754134439,-2.808677273746327,0.7374768293978797
4.753,-0.4999111761904045,0.05921411974155466,-0.4507896944733285,-2.7911190598846227,0.7374768293978797
4.7540000000000004,-0.49984209464164997,0.07894852322880752,-0.45356327287756526,-2.7735784042367806,0.7374768293978797
4.755,-0.4997532801828658,0.09867980996352253,-0.4563186917544048,-2.755418876839554,0.7692974496494899
4.756,-0.4996447363202946,0.1184072009883294,-0.45905596926337455,-2.7372775089697248,0.7692974496494899
4.757,-0.4995164673390624,0.13812991749956452,-0.4617751235458423,-2.7191542824677652,0.7692974496494899
4.758,-0.4993684783030088,0.15784718087818422,-0.4644761727250346,-2.7010491791923075,0.7692974496494899
4.759,-0.4992007750544875,0.17755821272039168,-0.4671591349060547,-2.6829621810201254,0.7692974496494899
4.76,-0.4990133642141359,0.197262234868367,-0.4698234069475708,-2.6642720415160976,0.8003588661503853
4.761,-0.4988062531806126,0.21695846944109906,-0.4724690075397224,-2.645600592151574,0.8003588661503853
4.7620000000000005,-0.49857945013030686,0.23664613886494992,-0.47509595535395877,-2.6269478142364147,0.8003588661503853
4.763,-0.498332964017015,0.25632446590441926,-0.47770426904305796,-2.6083136890991705,0.8003588661503853
4.764,-0.4980668045715863,0.27599267369288366,-0.48029396724114504,-2.5896981980870635,0.8003588661503853
4.765,-0.4977809823015401,0.29564998576316576,-0.48286446313253334,-2.570495891388291,0.8306304250342786
4.766,-0.4974755084906502,0.3152956260782438,-0.48541577591952956,-2.551312786996217,0.8306304250342786
4.767,-0.4971503951984994,0.334928819061888,-0.4879479247852381,-2.532148865708535,0.8306304250342786
4.768,-0.49680565526000436,0.35454878962922337,-0.49046092889358023,-2.5130041083421406,0.8306304250342786
4.769,-0.4964413022849068,0.3741547632174511,-0.49295480738931335,-2.493878495733113,0.8306304250342786
4.7700000000000005,-0.4960573506572387,0.3937459658162827,-0.49542899036151217,-2.4741829721988005,0.8600822519289678
4.771,-0.4956538155347533,0.41332162399856265,-0.4978834975057002,-2.4545071441880224,0.8600822519289678
4.772,-0.49523071284832565,0.4328809649508583,-0.5003183484977055,-2.4348509920052552,0.8600822519289678
4.773,-0.49478805930132586,0.4524232165038576,-0.5027335629936802,-2.4152144959746704,0.8600822519289678
4.774,-0.49432587236895714,0.4719476071629639,-0.5051291606301204,-2.3955976364401166,0.8600822519289678
4.775,-0.4938441702975687,0.49145336613864327,-0.5075045889632953,-2.3754283331749018,0.8886852814387313
4.776,-0.49334297210393424,0.5109397233769084,-0.5098598681625083,-2.3552791992129523,0.8886852814387313
4.777,-0.49282229757449897,0.5304059095897854,-0.5121950183768933,-2.3351502143849645,0.8886852814387313
4.7780000000000005,-0.49228216726460267,0.5498511562855414,-0.5145100597354351,-2.315041358541805,0.8886852814387313
4.779,-0.49172260249766486,0.569274695799143,-0.5168050123469895,-2.2949526115544887,0.8886852814387313
4.78,-0.49114362536434436,0.5886757613225091,-0.5190793417802159,-2.2743294332263666,0.9164112858283895
4.781,-0.4905452587216675,0.6080535869347814,-0.5213330686582924,-2.2537268780765722,0.9164112858283895
4.782,-0.48992752619212354,0.627407407632618,-0.5235662135837743,-2.233144925481928,0.9164112858283895
4.783,-0.48929045216273587,0.6467364593602948,-0.5257787971386142,-2.212583554839878,0.9164112858283895
4.784,-0.48863406178409696,0.6660399790399244,-0.5279708398841827,-2.1920427455684703,0.9164112858283895
4.785,-0.48795838096937355,0.6853172046016465,-0.530141825928948,-2.170986044765289,0.9432329028806534
4.7860000000000005,-0.4872634363932885,0.7045673750135709,-0.5322917763296109,-2.1499504006629104,0.9432329028806534
4.787,-0.48654925549106365,0.7237897303119316,-0.5344207121218155,-2.1289357922046346,0.9432329028806534
4.788,-0.485815866457337,0.7429835116310877,-0.5365286543201704,-2.107942198354817,0.9432329028806534
4.789,-0.4850632982450534,0.7621479612333746,-0.5386156239182692,-2.086969598098849,0.9432329028806534
4.79,-0.48429158056431565,0.7812823225391798,-0.540681124073512,-2.0655001552427636,0.9691236628993157
4.791,-0.4835007438812172,0.8003858401566609,-0.5427251762553416,-2.0440521818295347,0.9691236628993157
4.792,-0.48269081941663716,0.8194577599116312,-0.5447478019117312,-2.0226256563897187,0.9691236628993157
4.793,-0.48186183914500513,0.8384973288773871,-0.5467490224692065,-2.0012205574753428,0.9691236628993157
4.7940000000000005,-0.4810138357930428,0.8575037954043475,-0.5487288593328664,-1.979836863659881,0.9691236628993157
4.795,-0.4801468428384719,0.8764764091497252,-0.550686835199366,-1.9579758664995879,0.9940580148316708
4.796,-0.47926089450868786,0.8954144211072592,-0.5526229719297024,-1.936136730336455,0.9940580148316708
4.797,-0.47835602577941577,0.9143170836366216,-0.5545372913630119,-1.914319433309485,0.9940580148316708
4.798,-0.47743227237332153,0.9331836504931049,-0.5564298153165914,-1.8925239535795422,0.9940580148316708
4.799,-0.476489670758609,0.9520133768569331,-0.5583005655859208,-1.8707502693293292,0.9940580148316708
4.8,-0.475528258147577,0.9708055193627296,-0.5601490848779511,-1.8485192920303137,1.0180113514843052
4.801,-0.4745480724951475,0.9895593361289179,-0.5619753954236597,-1.8263105457085973,1.0180113514843052
4.8020000000000005,-0.4735491524973719,1.008274086786923,-0.5637795194317929,-1.8041240081332026,1.0180113514843052
4.803,-0.4725315375899028,1.0269490325104027,-0.5655614790888883,-1.7819596570953833,1.0180113514843052
4.804,-0.4714952679464321,1.0455834360445182,-0.567321296559297,-1.7598174704086018,1.0180113514843052
4.805,-0.4704403844771133,1.0641765617348833,-0.569058535011559,-1.737238452262045,1.040960033807413
4.806,-0.46936692882693704,1.0827276755567745,-0.5707732170246926,-1.7146820131336347,1.040960033807413
4.807,-0.46827494337409625,1.1012360451439507,-0.572465365155137,-1.6921481304443529,1.040960033807413
4.808,-0.4671644712283062,1.1197009398176827,-0.5741350019367748,-1.6696367816377602,1.040960033807413
4.809,-0.4660355562291057,1.1381216306155457,-0.5757821498809548,-1.6471479441799741,1.040960033807413
4.8100000000000005,-0.46488824294412534,1.156497390320219,-0.5774063930489061,-1.6242431679513198,1.0628814142237168
4.811,-0.463722576667331,1.1748274934881424,-0.579007754345405,-1.6013612964988941,1.0628814142237168
4.812,-0.4625386034172288,1.1931112164782702,-0.5805862566523229,-1.578502306917921,1.0628814142237168
4.813,-0.46133636993505794,1.2113478374804847,-0.5821419228286494,-1.5556661763265287,1.0628814142237168
4.814,-0.4601159236829351,1.2295366365442557,-0.5836747757105152,-1.5328528818657279,1.0628814142237168
4.815,-0.45887731284199057,1.2476768956069095,-0.5851844206623195,-1.5096449518042854,1.0837538589788405
4.816,-0.45762058631045954,1.2657678985220797,-0.5866708808919924,-1.4864602296729044,1.0837538589788405
4.817,-0.45634579370175155,1.2838089310879783,-0.5881341795842561,-1.4632986922636546,1.0837538589788405
4.8180000000000005,-0.45505298534249733,1.3017992810755108,-0.5895743399006479,-1.4401603163918142,1.0837538589788405
4.819,-0.4537422122705588,1.3197382382564433,-0.5909913849795437,-1.4170450788958455,1.0837538589788405
4.82,-0.4524135262330094,1.3376250944315036,-0.5923849418779709,-1.3935568984271243,1.1035567694912733
4.821,-0.4510669796841019,1.3554591434581964,-0.5937550340841097,-1.3700922061388716,1.1035567694912733
4.822,-0.4497026257831853,1.3732396812788437,-0.5951016850626526,-1.3466509785429073,1.1035567694912733
4.823,-0.44832051839261783,1.3909660059482267,-0.5964249182548271,-1.3232331921745388,1.1035567694912733
4.824,-0.44692071207563266,1.4086374176614005,-0.5977247570784197,-1.2998388235925389,1.1035567694912733
4.825,-0.445503262094184,1.4262532187813182,-0.599000850651135,-1.2760935727153337,1.1222706026806284
4.8260000000000005,-0.44406822440677163,1.4438127138662953,-0.600253222718224,-1.252372067089006,1.1222706026806284
4.827,-0.44261565566622785,1.4613152096975124,-0.6014818970011924,-1.2286742829683044,1.1222706026806284
4.828,-0.44114561321747614,1.4787600153064429,-0.6026868971978241,-1.2050001966317234,1.1222706026806284
4.829,-0.43965815509527856,1.4961464420019919,-0.6038682469822055,-1.181349784381479,1.1222706026806284
4.83,-0.43815334002193235,1.5134738033978339,-0.6050256178789976,-1.1573708967920109,1.1398768902543401
4.831,-0.43663122740495985,1.5307414154394094,-0.6061590338670877,-1.133415988090132,1.1398768902543401
4.832,-0.43509187733476357,1.5479485964309332,-0.6072685189013847,-1.109485034296955,1.1398768902543401
4.833,-0.433535350582245,1.565094667062402,-0.6083540969128423,-1.0855780114575713,1.1398768902543401
4.8340000000000005,-0.4319617085964168,1.5821789504362862,-0.6094157918084833,-1.0616948956410268,1.1398768902543401
4.835,-0.430371013501972,1.5992007720943124,-0.61045329784409,-1.0375060356067134,1.1563582569336242
4.836,-0.4287633280968264,1.616159460044136,-0.6114666392085224,-1.0133413644324343,1.1563582569336242
4.837,-0.42713871584964797,1.6330543447857855,-0.6124558400664517,-0.9892008579293293,1.1563582569336242
4.838,-0.4254972408973464,1.6498847593381398,-0.6134209245583845,-0.9650844919327275,1.1563582569336242
4.839,-0.4238389680425413,1.66665003926526,-0.6143619168006866,-0.9409922423021223,1.1563582569336242
4.84,-0.42216396275100826,1.6833495227025732,-0.6152785340819944,-0.9166172813078048,1.1716984376007653
4.841,-0.4204722911490844,1.699982550383105,-0.6161708007772689,-0.8922666952744818,1.1716984376007653
4.8420000000000005,-0.4187640200210698,1.7165484656633838,-0.6170387412370961,-0.867940459827192,1.1716984376007653
4.843,-0.4170392168065857,1.7330466145494214,-0.6178823797877114,-0.8436385506153495,1.1716984376007653
4.844,-0.4152979495979065,1.749476345722577,-0.6187017407310241,-0.8193609433127189,1.1716984376007653
4.845,-0.4135402871372812,1.7658370105651868,-0.6194965646675266,-0.794823936502389,1.1858822933508575
4.846,-0.4117662988142141,1.7821279631862166,-0.6202668761342254,-0.7703114666988695,1.1858822933508575
4.847,-0.4099760546627257,1.798348560446761,-0.6210126996435905,-0.7458235093651535,1.1858822933508575
4.848,-0.4081696253585926,1.8144981619853868,-0.6217340596835793,-0.7213600399887712,1.1858822933508575
4.849,-0.4063470822165467,1.830576130243514,-0.6224309807176611,-0.6969210340817653,1.1858822933508575
4.8500000000000005,-0.40450849718747356,1.8465818304904582,-0.6231032269141802,-0.6722461965190427,1.1988958264320422
4.851,-0.40265394285556094,1.8625146308485896,-0.623750822947974,-0.6475960337938829,1.1988958264320422
4.852,-0.4007834924354383,1.8783739023182304,-0.6243737934692055,-0.6229705212314481,1.1988958264320422
4.853,-0.39889721976928677,1.8941590188024908,-0.6249721631033871,-0.5983696341815758,1.1988958264320422
4.854,-0.39699519932391797,1.9098693571320258,-0.6255459564514059,-0.5737933480187535,1.1988958264320422
4.855,-0.39507750618784454,1.9255042970895617,-0.6260949614821955,-0.5490050307895424,1.210726194059617
4.856,-0.39314421606831,1.9410632214344221,-0.626619202984073,-0.5242415018775606,1.210726194059617
4.857,-0.3911954052882936,1.9565455159269503,-0.6271187057205675,-0.4995027364944907,1.210726194059617
4.8580000000000005,-0.3892311507835114,1.9719505693526436,-0.6275934944304443,-0.4747887098768038,1.210726194059617
4.859,-0.38725153009936786,1.9872777735463707,-0.62804359382773,-0.45009939728573467,1.210726194059617
4.86,-0.38525662138789457,2.0025265234163796,-0.6284688158911966,-0.4252220634666428,1.2213617210903052
4.861,-0.38324650340467614,2.0176962169681016,-0.628869185498178,-0.4003696069813701,1.2213617210903052
4.862,-0.3812212555057241,2.0327862553280442,-0.6292447275011306,-0.3755420029525826,1.2213617210903052
4.863,-0.37918095764436005,2.0477960427673145,-0.6295954667276584,-0.3507392265278239,1.2213617210903052
4.864,-0.3771256903680524,2.062724986725187,-0.629921427980538,-0.32596125287948996,1.2213617210903052
4.865,-0.3750555348152292,2.0775724978325516,-0.6302224474339337,-0.3010194533957259,1.2307919115442298
4.866,-0.3729705727120918,2.092337989935059,-0.6304985500296452,-0.2761025957114456,1.2307919115442298
4.867,-0.37087088636937043,2.1070208801163886,-0.63074976068453,-0.2512106548848495,1.2307919115442298
4.868,-0.36875655867908674,2.121620588721177,-0.6309761042905291,-0.22634360599908007,1.2307919115442298
4.869,-0.36662767311128114,2.136136539377903,-0.6311776057146913,-0.2015014241621964,1.2307919115442298
4.87,-0.36448431371070583,2.1505681590217223,-0.6313541254882501,-0.17651977355877127,1.2390074589631466
4.871,-0.3623265650935223,2.1649148779169853,-0.631505688592856,-0.15156310460594957,1.2390074589631466
4.872,-0.36015451244395374,2.17917612967978,-0.6316323199851781,-0.12663139232208068,1.2390074589631466
4.873,-0.35796824151091605,2.1933513513003304,-0.6317340445969286,-0.10172461175049566,1.2390074589631466
4.874,-0.3557678386046433,2.207439983165151,-0.6318108873348881,-0.07684273795948224,1.2390074589631466
4.875,-0.3535533905932745,2.221441469079178,-0.6318627332249978,-0.051845890109626244,1.2460002555948253
4.876,-0.3513249848994242,2.2353552562877317,-0.6318896072641054,-0.026874039107620113,1.2460002555948253
4.877,-0.34908270949673736,2.2491807954982925,-0.631891534424062,-0.0019271599566159855,1.2460002555948253
4.878,-0.34682665290640236,2.262917540902276,-0.6318685396517467,0.022994772315237135,1.2460002555948253
4.8790000000000004,-0.34455690419367424,2.2765649501964735,-0.6318206478690919,0.0478917826548184,1.2460002555948253
4.88,-0.3422735529643445,2.2901224846045407,-0.6317477687102118,0.07287915888005181,1.2517634003944114
4.881,-0.3399766893612099,2.303589608898233,-0.6316499271624827,0.09784154772905998,1.2517634003944114
4.882,-0.337666404060514,2.3169657914185358,-0.6315271481882935,0.12277897418921915,1.2517634003944114
4.883,-0.3353427882683606,2.3302505040966897,-0.6313794567250706,0.14769146322291815,1.2517634003944114
4.884,-0.3330059337171253,2.3434432224749693,-0.631206877685303,0.17257903976758346,1.2517634003944114
4.885,-0.33065593266182686,2.3565434257274283,-0.6310093454004585,0.197532284844514,1.2562912058349058
4.886,-0.32829287787647793,2.3695505966805035,-0.6307868848237821,0.2224605766763676,1.2562912058349058
4.8870000000000005,-0.32591686265043923,2.382464221833334,-0.6305395208835657,0.24736394021638936,1.2562912058349058
4.888,-0.32352798078472217,2.3952837913781195,-0.6302672784831728,0.27224240039287106,1.2562912058349058
4.889,-0.3211263265882924,2.4080087992202035,-0.6299701825010636,0.2970959821091763,1.2562912058349058
4.89,-0.31871199487434654,2.4206387429980594,-0.6296481920308662,0.3219904701974691,1.259579203520099
4.891,-0.3162850809565627,2.433173124103153,-0.6293013319670685,0.34686006379767365,1.259579203520099
4.892,-0.3138456806453495,2.4456114476995667,-0.6289296271792643,0.37170478780427796,1.259579203520099
4.893,-0.31139389024405706,2.4579532227435688,-0.6285331025121774,0.39652466708687567,1.259579203520099
4.894,-0.3089298065451667,2.4701979620030405,-0.6281117827856872,0.4213197264901908,1.259579203520099
4.8950000000000005,-0.30645352682648797,2.4823451820766222,-0.6276656518959517,0.4461308897355872,1.261624148594328
4.896,-0.30396514884730397,2.4943944034128647,-0.627194734654134,0.47091724181773814,1.261624148594328
4.897,-0.30146477084451234,2.506345150329161,-0.6266990558465861,0.49567880754780697,1.261624148594328
4.898,-0.298952491528761,2.5181969510304594,-0.626178640234874,0.5204156117121457,1.261624148594328
4.899,-0.29642841008052995,2.529949337627988,-0.6256335125558017,0.5451276790723201,1.261624148594328
4.9,-0.2938926261462356,2.541601846157634,-0.6250636815239495,0.5698310318521422,1.2624240229447263
4.901,-0.29134523983428867,2.5531540165983007,-0.6244691718426704,0.5945096812791846,1.2624240229447263
4.902,-0.2887863517111346,2.564605392890098,-0.6238500081906135,0.6191636520567999,1.2624240229447263
4.9030000000000005,-0.28621606279729495,2.5759555229522983,-0.6232062152217499,0.6437929688636377,1.2624240229447263
4.904,-0.28363447456337937,2.5872039587011817,-0.6225378175653963,0.6683976563536685,1.2624240229447263
4.905,-0.2810416889260651,2.5983502560677914,-0.6218448487459551,0.6929688194411728,1.261978037192899
4.906,-0.2784378082440955,2.609393975015367,-0.6211273333345896,0.7175154113655896,1.261978037192899
4.907,-0.27582293531421526,2.62033467955682,-0.6203852958778915,0.742037456698082,1.261978037192899
4.908,-0.2731971733671334,2.631171937771855,-0.6196187608979062,0.7665349799852419,1.261978037192899
4.909,-0.2705606260634384,2.6419053218240633,-0.6188277528921571,0.7910080057491147,1.261978037192899
4.91,-0.26791339748949894,2.6525344079778383,-0.6180123301617843,0.8154227303728442,1.2602866314739334
4.9110000000000005,-0.26525559215336636,2.6630587766150584,-0.6171725171215123,0.83981304027195,1.2602866314739334
4.912,-0.26258731498064886,2.673478012251653,-0.6163083381616512,0.8641789598611568,1.2602866314739334
4.913,-0.2599086713103544,2.6837917035540633,-0.6154198176481205,0.8885205135307743,1.2602866314739334
4.914,-0.25721976689075454,2.693999443355393,-0.6145069799224737,0.9128377256467222,1.2602866314739334
4.915,-0.25452070787518566,2.7041008286715766,-0.6135699080050526,0.9370719174211161,1.2573514750020325
4.916,-0.25181160081788057,2.7140954607172008,-0.6126086261300489,0.9612818750037356,1.2573514750020325
4.917,-0.24909255266974573,2.7239829449213118,-0.6116231585074201,0.9854676226287725,1.2573514750020325
4.918,-0.24636367077414628,2.733762890942963,-0.6106135293229139,1.0096291845061844,1.2573514750020325
4.9190000000000005,-0.24362506286266528,2.743434912686637,-0.6095797627380922,1.033766584821719,1.2573514750020325
4.92,-0.24087683705085847,2.7529986283174606,-0.6085219664105669,1.057796327525361,1.2531754644231898
4.921,-0.238119101833969,2.7624536602763374,-0.6074401643700806,1.0818020404862994,1.2531754644231898
4.922,-0.23535196608266748,2.7717996352947742,-0.6063343806223463,1.105783747734277,1.2531754644231898
4.923,-0.23257553903872896,2.781036184409701,-0.6052046391490713,1.1297414732750064,1.2531754644231898
4.924,-0.2297899303107439,2.790162942977959,-0.6040509639079811,1.1536752410901951,1.2531754644231898
4.925,-0.22699524986977512,2.7991795506907473,-0.6028734870877128,1.1774768202682364,1.2477627209565774
4.926,-0.22419160804501645,2.8080856515878474,-0.6016722324898457,1.2012545978670996,1.2477627209565774
4.9270000000000005,-0.22137911551944967,2.816880894071636,-0.6004472238921573,1.225008597688364,1.2477627209565774
4.928,-0.21855788332546713,2.825564930920989,-0.5991984850486475,1.2487388435098072,1.2477627209565774
4.929,-0.21572802284047873,2.834137419305021,-0.597926039689562,1.272445359085429,1.2477627209565774
4.93,-0.21288964578253736,2.8425980207965504,-0.5966300444041092,1.2959952854528913,1.241118586327386
4.931,-0.21004286420590434,2.85094640138553,-0.5953105227422152,1.3195216618939862,1.241118586327386
4.932,-0.20718779049664185,2.859182231492191,-0.5939674982302565,1.34302451195864,1.241118586327386
4.933,-0.2043245373681761,2.8673051859800465,-0.5926009943710833,1.366503859173229,1.241118586327386
4.934,-0.20145321785683146,2.8753149441687818,-0.5912110346440427,1.3899597270406034,1.241118586327386
4.9350000000000005,-0.19857394531738898,2.883211189846849,-0.5897977998843792,1.4132347596634665,1.233249617495181
4.936,-0.1956868334186017,2.8909936112839807,-0.5883613133671255,1.4364865172537067,1.233249617495181
4.937,-0.1927919961386973,2.8986619012435217,-0.5869015983440391,1.4597150230863567,1.233249617495181
4.938,-0.18988954776090142,2.906215756994497,-0.5854186780436259,1.482920300413174,1.233249617495181
4.939,-0.18697960286890125,2.9136548803236284,-0.5839125756711633,1.5061023724626643,1.233249617495181
4.94,-0.18406227634233854,2.920978977547066,-0.5823834961294694,1.529079541693861,1.22416358018297
4.941,-0.18113768335227426,2.928187759521978,-0.5808314623957136,1.5520337337558265,1.22416358018297
4.942,-0.1782059393566253,2.935280941658013,-0.5792564974240879,1.5749649716257301,1.22416358018297
4.9430000000000005,-0.17526716009562796,2.9422582439284772,-0.5776586241458301,1.5978732782577638,1.22416358018297
4.944,-0.17232146158725883,2.9491193908814166,-0.576037865469247,1.6207586765831654,1.22416358018297
4.945,-0.16936896012264618,2.9558641116505093,-0.5743944501625161,1.6434153067308503,1.2138694412134048
4.946,-0.166409772261494,2.9624921399657236,-0.5727284008822677,1.6660492802483875,1.2138694412134048
4.947,-0.1634440148274721,2.9690032141638514,-0.5710397402624753,1.6886606197924072,1.2138694412134048
4.948,-0.1604718049036041,2.975397077198835,-0.5693284909144783,1.7112493479968829,1.2138694412134048
4.949,-0.15749325982765364,2.9816734766519004,-0.5675946754270051,1.7338154874731542,1.2138694412134048
4.95,-0.15450849718747345,2.9878321647415564,-0.5658385462078263,1.7561292191788727,1.2023773596595841
4.9510000000000005,-0.15151763481638522,2.9938728983333367,-0.5640601255706734,1.7784206371528855,1.2023773596595841
4.952,-0.14852079078851757,2.9997954389494157,-0.5622594358069645,1.8006897637089243,1.2023773596595841
4.953,-0.14551808341413622,3.005599552778041,-0.560436499185826,1.822936621138407,1.2023773596595841
4.954,-0.14250963123499025,3.01128501068273,-0.5585913379541156,1.8451612317104604,1.2023773596595841
4.955,-0.1394955530196153,3.0168515882113494,-0.5567242279101005,1.8671100440151354,1.1896986768192672
4.956,-0.13647596775866178,3.022299065604943,-0.5548351910025929,1.8890369075075055,1.1896986768192672
4.957,-0.13345099466018884,3.027627227806426,-0.5529242491584565,1.9109418441363835,1.1896986768192672
4.958,-0.130420753144948,3.0328358644690887,-0.5509914242826278,1.9328248758286324,1.1896986768192672
4.9590000000000005,-0.1273853628416908,3.037924769964867,-0.5490367382581386,1.954686024489189,1.1896986768192672
4.96,-0.1243449435824273,3.0428937433924865,-0.5470604900015734,1.976248256565148,1.1758459050224117
4.961,-0.1212996153977038,3.047742588585386,-0.5450627010751644,1.9977889264090312,1.1758459050224117
4.962,-0.11824949851186435,3.0524711141194567,-0.5430433930195814,2.0193080555830702,1.1758459050224117
4.963,-0.11519471333829577,3.0570791333206144,-0.5410025873539535,2.040805665627935,1.1758459050224117
4.964,-0.11213538047468952,3.0615664642721474,-0.5389403055758907,2.0622817780627556,1.1758459050224117
4.965,-0.10907162069827213,3.0659329298219067,-0.5368568694253003,2.0834361505903525,1.1608327152829823
4.966,-0.10600355496102663,3.07017835758932,-0.5347523000565549,2.104569368745422,1.1608327152829823
4.9670000000000005,-0.10293130438494016,3.07430257997216,-0.5326266186028726,2.1256814536823363,1.1608327152829823
4.968,-0.09985499025720494,3.07830543415319,-0.5304798461763384,2.1467724265343135,1.1608327152829823
4.969,-0.09677473402543,3.0821867621065873,-0.5283120038679249,2.167842308413439,1.1608327152829823
4.97,-0.09369065729286413,3.085946410604161,-0.5261234359233437,2.1885679445811723,1.1446739238073382
4.971,-0.09060288181356894,3.0895842312214357,-0.5239141630682309,2.209272855112738,1.1446739238073382
4.972,-0.08751152948763674,3.0931000803434765,-0.5216842060074971,2.229957060733772,1.1446739238073382
4.973,-0.08441672235636759,3.0964938191705773,-0.5194335854253479,2.250620582149185,1.1446739238073382
4.974,-0.08131858259744265,3.099765313723746,-0.5171623219853048,2.2712634400431826,1.1446739238073382
4.9750000000000005,-0.07821723252011473,3.102914434849979,-0.5148707820991542,2.291539886150588,1.127385477372419
4.976,-0.07511279456037977,3.1059410582273608,-0.5125589860433423,2.3117960558118855,1.127385477372419
4.977,-0.07200539127612575,3.1088450643699903,-0.5102269540740387,2.332031969303522,1.127385477372419
4.978,-0.06889514534232066,3.1116263386326706,-0.507874706427157,2.352247646881667,1.127385477372419
4.979,-0.06578217954614131,3.1142847712154627,-0.5055022633183748,2.372443108782234,1.127385477372419
4.98,-0.06266661678215062,3.116820257167997,-0.5031100129639495,2.392250354425215,1.1089844375881772
4.981,-0.059548580047435316,3.119232696393626,-0.500697975171127,2.4120377928225536,1.1089844375881772
4.982,-0.056428192436741485,3.121521993653385,-0.4982661697273455,2.4318054437814944,1.1089844375881772
4.9830000000000005,-0.053305577137629026,3.123688058569737,-0.49581461640025604,2.4515533270894765,1.1089844375881772
4.984,-0.050180857425608474,3.1257308056301456,-0.4933433349377419,2.4712814625141504,1.1089844375881772
4.985,-0.047054156659256614,3.127650154190458,-0.49085273497740906,2.4905999603328333,1.0894889640598628
4.986,-0.04392559827537301,3.129446028478076,-0.48834283583775534,2.509899139653698,1.0894889640598628
4.987,-0.040795305784078625,3.1311183575949615,-0.48581365681796007,2.5291790197952415,1.0894889640598628
4.988,-0.0376634027639664,3.132667075520422,-0.48326521719790344,2.5484396200566435,1.0894889640598628
4.989,-0.034530012857203134,3.134092121113726,-0.4806975362381857,2.567680959717784,1.0894889640598628
4.99,-0.031395259764657124,3.1353934381165134,-0.4781110445934983,2.5864916446874,1.068918296466676
4.9910000000000005,-0.02825926724101112,3.136570975155018,-0.47550576107452625,2.6052835189720462,1.068918296466676
4.992,-0.0251221590898856,3.1376246857420926,-0.4728817044731438,2.624056601382408,1.068918296466676
4.993,-0.021984059158931698,3.1385545282790486,-0.4702388935624335,2.642810910710359,1.068918296466676
4.994,-0.018845091334968485,3.1393604660572936,-0.4675773470967045,2.661546465728982,1.068918296466676
4.995,-0.01570537953906378,3.1400424672597853,-0.46489751632272974,2.6798307739747433,1.0472927355745225
4.996,-0.01256504772166857,3.140600504962283,-0.46219941952481747,2.698096797912259,1.0472927355745225
4.997,-0.00942421985770589,3.141034557134415,-0.45948307496899166,2.7163445558258372,1.0472927355745225
4.998,-0.006283019941676525,3.1413446066405433,-0.45674850090301017,2.734574065981502,1.0472927355745225
4.999,-0.0031415719827816687,3.141530641240445,-0.4539957155563832,2.752785346627011,1.0472927355745225
5.0,-6.123233995736766e-16,3.141592653589793,-0.45122519032263875,2.770525233744416,1.0246336232015998
5.001,0.003141571982780444,3.141530641240445,-0.44843694294166403,2.7882473809747035,1.0246336232015998
5.002,0.006283019941675301,3.1413446066405433,-0.4456309911356063,2.805951806057761,1.0246336232015998
5.003,0.009424219857704665,3.141034557134415,-0.44280735260889054,2.823638526715735,1.0246336232015998
5.0040000000000004,0.012565047721669121,3.140600504962283,-0.4399660450482375,2.841307560653051,1.0246336232015998
5.005,0.015705379539062557,3.1400424672597858,-0.437107559528722,2.8584855195155305,1.0009633211566205
5.006,0.01884509133496726,3.1393604660572936,-0.43423191322830285,2.8756463004191475,1.0009633211566205
5.007,0.021984059158930473,3.138554528279049,-0.431339123307761,2.8927899205418606,1.0009633211566205
5.008,0.02512215908988438,3.1376246857420926,-0.4284292069107165,2.909916397044451,1.0009633211566205
5.009,0.028259267241013443,3.1365709751550175,-0.42550218116364596,2.927025747070539,1.0009633211566205
5.01,0.031395259764655896,3.135393438116514,-0.4225585563385391,2.9436248251068764,0.9763051891703961
5.011,0.03453001285720191,3.1340921211137265,-0.41959834903447396,2.9602073040651775,0.9763051891703961
5.0120000000000005,0.03766340276396695,3.1326670755204216,-0.41662157583392945,2.97677320054452,0.9763051891703961
5.013,0.040795305784077404,3.1311183575949624,-0.41362825330280206,2.9933225311273834,0.9763051891703961
5.014,0.04392559827537179,3.129446028478077,-0.4106183979904224,3.009855312379664,0.9763051891703961
5.015,0.0470541566592554,3.1276501541904587,-0.40759253886211827,3.0258591283041363,0.950683561842594
5.016,0.05018085742560726,3.125730805630146,-0.40455069192170556,3.041846940412684,0.950683561842594
5.017,0.053305577137629574,3.1236880585697366,-0.40149287315699644,3.0578187647091233,0.950683561842594
5.018,0.05642819243674027,3.1215219936533853,-0.39841909853981516,3.073774617181266,0.950683561842594
5.019,0.0595485800474341,3.1192326963936265,-0.39532938402601425,3.0897145138009363,0.950683561842594
5.0200000000000005,0.06266661678215292,3.116820257167995,-0.3922242767522346,3.1051072737796646,0.924123724626452
5.021,0.0657821795461401,3.114284771215464,-0.3891037921112362,3.1204846409984137,0.924123724626452
5.022,0.06889514534231944,3.111626338632672,-0.38596794548038627,3.135846630849944,0.924123724626452
5.023,0.07200539127612454,3.108845064369991,-0.38281675222167466,3.1511932587116234,0.924123724626452
5.024,0.07511279456037855,3.1059410582273617,-0.37965022768172924,3.1665245399454407,0.924123724626452
5.025,0.07821723252011527,3.1029144348499784,-0.37646893662854625,3.181291053182996,0.8966518888750503
5.026,0.08131858259744144,3.099765313723747,-0.37327289382863893,3.196042799907314,0.8966518888750503
5.027,0.08441672235636638,3.0964938191705786,-0.370062114033754,3.2107797948849077,0.8966518888750503
5.0280000000000005,0.08751152948763903,3.093100080343474,-0.36683661198088646,3.225502052867524,0.8966518888750503
5.029,0.09060288181356774,3.089584231221437,-0.3635964023922943,3.2402095885921574,0.8966518888750503
5.03,0.09369065729286292,3.085946410604163,-0.36034206710997124,3.2543352823230434,0.8682951659739161
5.031,0.09677473402542881,3.082186762106589,-0.35707362025961104,3.2684468503601987,0.8682951659739161
5.032,0.09985499025720374,3.0783054341531915,-0.3537910759527817,3.2825443068293167,0.8682951659739161
5.033,0.1029313043849407,3.074302579972159,-0.3504944482869397,3.2966276658419655,0.8682951659739161
5.034,0.10600355496102544,3.070178357589321,-0.3471837513454441,3.310696941495602,0.8682951659739161
5.035,0.10907162069827094,3.0659329298219085,-0.3438595834700783,3.324167875365813,0.839081540585322
5.0360000000000005,0.11213538047469179,3.061566464272144,-0.3405219581317761,3.3376253383021535,0.839081540585322
5.037,0.11519471333829458,3.057079133320616,-0.33717088878800056,3.3510693437755577,0.839081540585322
5.038,0.11824949851186316,3.0524711141194585,-0.33380638888275704,3.3644999052434885,0.839081540585322
5.039,0.12129961539770262,3.0477425885853875,-0.3304284718466071,3.3779170361499515,0.839081540585322
5.04,0.1243449435824261,3.0428937433924883,-0.3270377519306327,3.3907199159744184,0.8090398430308274
5.041,0.12738536284169133,3.0379247699648655,-0.3236342419377137,3.4035099929190604,0.8090398430308274
5.042,0.1304207531449468,3.032835864469091,-0.3202179546579269,3.416287279786758,0.8090398430308274
5.043,0.13345099466018764,3.0276272278064282,-0.3167889028685593,3.4290517893675876,0.8090398430308274
5.0440000000000005,0.136475967758664,3.022299065604939,-0.31334709933412047,3.4418035344388365,0.8090398430308274
5.045,0.1394955530196141,3.016851588211351,-0.3098931736087993,3.453925725321182,0.7781997208392235
5.046,0.14250963123498908,3.011285010682732,-0.30642713781478664,3.4660357940126456,0.7781997208392235
5.047,0.14551808341413505,3.005599552778043,-0.30294900406215125,3.4781337526354172,0.7781997208392235
5.048,0.14852079078851638,2.999795438949418,-0.29945878444885166,3.4902196132995664,0.7781997208392235
5.049,0.15151763481638744,2.9938728983333323,-0.2959564910607486,3.5022933881030514,0.7781997208392235
5.05,0.15450849718747228,2.9878321647415587,-0.2924427681338439,3.513722926904708,0.746591609487994
5.051,0.15749325982765247,2.981673476651902,-0.2889176270976763,3.5251410361675632,0.746591609487994
5.0520000000000005,0.16047180490360632,2.9753970771988305,-0.2853810793703552,3.5365477273211554,0.746591609487994
5.053,0.16344401482747095,2.969003214163854,-0.2818331363585716,3.547943011783594,0.746591609487994
5.054,0.16640977226149284,2.9624921399657262,-0.27827380945761004,3.5593269009615707,0.746591609487994
5.055,0.16936896012264502,2.9558641116505115,-0.2747037569495021,3.570052508107953,0.7142467023671923
5.056,0.17232146158725767,2.9491193908814193,-0.2711229895598549,3.580767389647189,0.7142467023671923
5.057,0.17526716009563015,2.9422582439284723,-0.26753151800355,3.5914715563048856,0.7142467023671923
5.058,0.17820593935662415,2.935280941658016,-0.2639293529847541,3.6021650187959247,0.7142467023671923
5.059,0.18113768335227312,2.9281877595219807,-0.26031650519692967,3.6128477878244727,0.7142467023671923
5.0600000000000005,0.18406227634233907,2.9209789775470645,-0.2566936463184931,3.6228588784365545,0.6811969199953151
5.061,0.1869796028689001,2.9136548803236315,-0.2530607863605351,3.6328599579580243,0.6811969199953151
5.062,0.18988954776090028,2.9062157569944995,-0.24941793532413511,3.6428510363999727,0.6811969199953151
5.063,0.1927919961386962,2.8986619012435244,-0.24576510320037165,3.652832123763479,0.6811969199953151
5.064,0.19568683341860058,2.890993611283984,-0.24210229997033203,3.662803230039622,0.6811969199953151
5.065,0.19857394531739112,2.8832111898468433,-0.2384302100459521,3.6720899243799345,0.6474748785176128
5.066,0.20145321785683035,2.875314944168785,-0.2347488427139262,3.681367332025907,0.6474748785176128
5.067,0.204324537368175,2.8673051859800496,-0.23105820725166198,3.6906354622642334,0.6474748785176128
5.0680000000000005,0.20718779049664235,2.859182231492189,-0.22735831292728967,3.6998943243723215,0.6474748785176128
5.069,0.21004286420590323,2.8509464013855337,-0.22364916899967135,3.7091439276183014,0.6474748785176128
5.07,0.21288964578253625,2.8425980207965535,-0.2199314719388303,3.717697060841041,0.6131138575178908
5.071,0.21572802284047762,2.8341374193050246,-0.21620523029789976,3.726241640930558,0.6131138575178908
5.072,0.21855788332546602,2.8255649309209923,-0.21247045262145978,3.734777676439985,0.6131138575178908
5.073,0.22137911551945175,2.8168808940716294,-0.20872714744554588,3.743305175913903,0.6131138575178908
5.074,0.22419160804501534,2.808085651587851,-0.20497532329765752,3.751824147888347,0.6131138575178908
5.075,0.22699524986977404,2.799179550690751,-0.20121568801857356,3.7596352790839704,0.5781477671755844
5.0760000000000005,0.22978993031074438,2.790162942977957,-0.19744824941942515,3.7674385991483983,0.5781477671755844
5.077,0.23257553903872788,2.7810361844097047,-0.1936730153035324,3.7752341158927614,0.5781477671755844
5.078,0.2353519660826664,2.7717996352947774,-0.18988999346641203,3.7830218371203803,0.5781477671755844
5.079,0.23811910183396792,2.7624536602763405,-0.18609919169578526,3.790801770626772,0.5781477671755844
5.08,0.2408768370508574,2.752998628317464,-0.1823013285046331,3.797863191152155,0.5426111148004931
5.081,0.2436250628626673,2.7434349126866295,-0.17849641095437607,3.8049175502570125,0.5426111148004931
5.082,0.2463636707741452,2.733762890942967,-0.1746844460993733,3.811964855002765,0.5426111148004931
5.083,0.24909255266974467,2.7239829449213158,-0.17086544098692955,3.8190051124437723,0.5426111148004931
5.0840000000000005,0.25181160081788106,2.714095460717199,-0.16703940265730222,3.8260383296273384,0.5426111148004931
5.085,0.25452070787518455,2.7041008286715806,-0.16320705958658893,3.832343070713276,0.5065389707782462
5.086,0.25721976689075354,2.693999443355397,-0.1593684180795308,3.8386415070581275,0.5065389707782462
5.087,0.25990867131035333,2.6837917035540677,-0.15552348443456418,3.844933644966634,0.5065389707782462
5.088,0.2625873149806478,2.6734780122516573,-0.15167226494382693,3.851219490737232,0.5065389707782462
5.089,0.2652555921533683,2.6630587766150504,-0.14781476589316486,3.8574990506620597,0.5065389707782462
5.09,0.26791339748949794,2.652534407977842,-0.14395172500287426,3.863040890290599,0.46996693396006034
5.091,0.2705606260634374,2.6419053218240673,-0.14008314781479475,3.8685771880795095,0.46996693396006034
5.0920000000000005,0.27319717336713534,2.631171937771847,-0.13620903986522412,3.874107949570631,0.46996693396006034
5.093,0.27582293531421576,2.620334679556818,-0.13232940668492385,3.8796331803002615,0.46996693396006034
5.094,0.278437808244093,2.6093939750153776,-0.1284442537991247,3.8851528857991626,0.46996693396006034
5.095,0.28104168892606557,2.598350256067789,-0.1245543274442807,3.8899263548439826,0.43293109653096845
5.096,0.2836344745633769,2.5872039587011924,-0.12065963239386095,3.894695050419758,0.43293109653096845
5.097,0.2862160627972954,2.575955522952296,-0.11676017341656099,3.899458977299958,0.43293109653096845
5.098,0.28878635171113215,2.5646053928901087,-0.1128559552763077,3.904218140253277,0.43293109653096845
5.099,0.2913452398342877,2.5531540165983047,-0.10894698273226407,3.9089725440436434,0.43293109653096845
5.1000000000000005,0.2938926261462375,2.5416018461576257,-0.10503400980059664,3.9129729316674235,0.39546800839119783
5.101,0.29642841008052895,2.5299493376279925,-0.10111704048169307,3.91696931890358,0.39546800839119783
5.102,0.29895249152876,2.518196951030464,-0.09719607877194056,3.9209617097525005,0.39546800839119783
5.103,0.3014647708445114,2.5063451503291656,-0.09327112866372998,3.924950108210572,0.39546800839119783
5.104,0.30396514884730297,2.494394403412869,-0.0893421941454598,3.9289345182701854,0.39546800839119783
5.105,0.3064535268264898,2.4823451820766134,-0.08541003626888616,3.9321578765736316,0.3576146410858276
5.106,0.30892980654516716,2.4701979620030388,-0.08147465825736738,3.9353780115187744,0.3576146410858276
5.107,0.3113938902440575,2.4579532227435665,-0.07753606333103841,3.9385949263289723,0.3576146410858276
5.1080000000000005,0.3138456806453499,2.4456114476995645,-0.07359425470681405,3.9418086242243597,0.3576146410858276
5.109,0.3162850809565604,2.433173124103165,-0.0696492355983922,3.9450191084218518,0.3576146410858276
5.11,0.31871199487434426,2.4206387429980714,-0.0657017733420524,3.9474622563397967,0.31940835131833883
5.111,0.32112632658829005,2.408008799220216,-0.06175187038094258,3.9499029611098235,0.31940835131833883
5.112,0.3235279807847212,2.3952837913781244,-0.057799529155767505,3.9523412251750805,0.31940835131833883
5.113,0.3259168626504397,2.382464221833332,-0.053844752104791234,3.954777050976272,0.31940835131833883
5.114,0.32829287787647704,2.3695505966805084,-0.049887541663839574,3.9572104409516626,0.31940835131833883
5.115,0.3306559326618259,2.356543425727433,-0.04592867069644718,3.958870967392392,0.28088684408406217
5.1160000000000005,0.333005933717127,2.34344322247496,-0.041968140863140505,3.9605298333066807,0.28088684408406217
5.117,0.3353427882683597,2.3302505040966945,-0.038005953822785446,3.9621870403550554,0.28088684408406217
5.118,0.33766640406051307,2.316965791418541,-0.034042111232589066,3.9638425901963816,0.28088684408406217
5.119,0.339976689361209,2.303589608898238,-0.0300766147481012,3.9654964844878666,0.28088684408406217
5.12,0.3422735529643449,2.290122484604538,-0.026110241997388622,3.9663727507125768,0.24208813545989372
5.121,0.34455690419367596,2.2765649501964633,-0.02214299385671756,3.967248140671062,0.24208813545989372
5.122,0.34682665290640274,2.262917540902274,-0.018174871201477972,3.968122655239589,0.24208813545989372
5.123,0.3490827094967352,2.2491807954983054,-0.014205874906184425,3.968996295293547,0.24208813545989372
5.124,0.3513249848994246,2.235355256287729,-0.010236005844476974,3.9698690617074517,0.24208813545989372
5.125,0.3535533905932724,2.221441469079192,-0.006266045641529489,3.9699602029474845,0.20305051508702088
5.126,0.3557678386046424,2.2074399831651563,-0.002295994388483211,3.9700512530462775,0.20305051508702088
5.127,0.35796824151091394,2.193351351300344,0.0016741478236117604,3.9701422120949714,0.20305051508702088
5.128,0.3601545124439529,2.1791761296797856,0.005644380903796377,3.970233080184617,0.20305051508702088
5.1290000000000004,0.3623265650935239,2.1649148779169747,0.00961470476120255,3.9703238574061728,0.20305051508702088
5.13,0.364484313710705,2.1505681590217276,0.013584334544918992,3.96962978371644,0.16381250838367134
5.131,0.3666276731112803,2.1361365393779086,0.01755327094901939,3.968936404100397,0.16381250838367134
5.132,0.3687565586790859,2.121620588721183,0.02152151466688336,3.96824371786397,0.16381250838367134
5.133,0.3708708863693696,2.1070208801163943,0.02548906639119714,3.9675517243137794,0.16381250838367134
5.134,0.37297057271209216,2.0923379899350567,0.02945592681395428,3.966860422757139,0.16381250838367134
5.135,0.3750555348152295,2.077572497832549,0.033421308633059164,3.9653818191048855,0.12441283852517349
5.136,0.3771256903680527,2.0627249867251845,0.037385213327115446,3.9639046940562843,0.12441283852517349
5.1370000000000005,0.37918095764436044,2.0477960427673114,0.04134764237324818,3.9624290461327316,0.12441283852517349
5.138,0.3812212555057245,2.0327862553280416,0.04530859724710528,3.9609548738571023,0.12441283852517349
5.139,0.3832465034046742,2.0176962169681163,0.04926807942285903,3.959482175753749,0.12441283852517349
5.14,0.38525662138789263,2.0025265234163943,0.05322529992420161,3.9572205013425723,0.08489038822886086
5.141,0.3872515300993659,1.9872777735463854,0.05718026101280742,3.954961088605807,0.08489038822886086
5.142,0.3892311507835117,1.9719505693526411,0.061132964948089195,3.9527039352817783,0.08489038822886086
5.143,0.3911954052882929,1.9565455159269565,0.06508341398720027,3.950449039111074,0.08489038822886086
5.144,0.39314421606830924,1.941063221434428,0.06903161038503682,3.94819639783654,0.08489038822886086
5.1450000000000005,0.39507750618784593,1.9255042970895502,0.07297676426970315,3.945153884666334,0.04528416138152136
5.146,0.3969951993239172,1.909869357132032,0.07691887868371244,3.942114414009298,0.04528416138152136
5.147,0.398897219769286,1.8941590188024966,0.08085795666653536,3.939077982822919,0.04528416138152136
5.148,0.4007834924354376,1.8783739023182369,0.0847940012546031,3.936044588067727,0.04528416138152136
5.149,0.4026539428555612,1.8625146308485867,0.08872701548131039,3.9330142267072894,0.04528416138152136
5.15,0.4045084971874749,1.8465818304904462,0.09265620935868192,3.9291938773715276,0.005633244547276095
5.151,0.40634708221654703,1.8305761302435108,0.09658158670706703,3.9253773483851018,0.005633244547276095
5.152,0.40816962535859086,1.8144981619854021,0.10050315134299469,3.921564635927662,0.005633244547276095
5.1530000000000005,0.40997605466272596,1.7983485604467582,0.10442090707917737,3.91775573618268,0.005633244547276095
5.154,0.4117662988142124,1.7821279631862321,0.10833485772451482,3.913950645337443,0.005633244547276095
5.155,0.4135402871372805,1.765837010565193,0.1122442139545748,3.9093562300599825,-0.0340232316061434
5.156,0.41529794959790484,1.7494763457225926,0.11614898036377261,3.9047664091977996,-0.0340232316061434
5.157,0.41703921680658496,1.7330466145494277,0.12004916154192909,3.900181178156479,-0.0340232316061434
5.158,0.4187640200210711,1.7165484656633716,0.12394476207427528,3.8956005323461995,-0.0340232316061434
5.159,0.42047229114908374,1.6999825503831112,0.127835786541457,3.8910244671817305,-0.0340232316061434
5.16,0.4221639627510076,1.6833495227025794,0.13172144706155306,3.8856605200960557,-0.073646130924644
5.1610000000000005,0.4238389680425425,1.6666500392652477,0.13560174899851052,3.880301936957467,-0.073646130924644
5.162,0.42549724089734575,1.6498847593381465,0.13947669771091253,3.8749487124020168,-0.073646130924644
5.163,0.42713871584964824,1.6330543447857826,0.14334629855198366,3.869600841071122,-0.073646130924644
5.164,0.42876332809682577,1.6161594600441427,0.14721055686959522,3.864258317611558,-0.073646130924644
5.165,0.43037101350197227,1.5992007720943093,0.15106868700188136,3.858130132286138,-0.11319635039042053
5.166,0.4319617085964171,1.582178950436283,0.1549206950770274,3.8520080751460437,-0.11319635039042053
5.167,0.4335353505822453,1.565094667062399,0.1587665872170905,3.845892140063089,-0.11319635039042053
5.168,0.4350918773347621,1.5479485964309498,0.16260636953800572,3.8397823209152175,-0.11319635039042053
5.1690000000000005,0.43663122740496013,1.5307414154394066,0.1664400481495922,3.833678611586494,-0.11319635039042053
5.17,0.4381533400219309,1.5134738033978503,0.1702668403853929,3.826792235800669,-0.15263485871191562
5.171,0.439658155095278,1.4961464420019988,0.1740867531317835,3.81991274639063,-0.15263485871191562
5.172,0.4411456132174756,1.4787600153064497,0.1778997932682535,3.813040136470001,-0.15263485871191562
5.173,0.4426156556662273,1.4613152096975193,0.1817059676674128,3.8061743991592927,-0.15263485871191562
5.174,0.4440682244067727,1.4438127138662822,0.18550528319499868,3.799315527585895,-0.15263485871191562
5.175,0.44550326209418345,1.426253218781325,0.18929696095236012,3.791677757361449,-0.19192273484300149
5.176,0.4469207120756321,1.4086374176614072,0.19308100857726734,3.7840476249072275,-0.19192273484300149
5.1770000000000005,0.4483205183926189,1.3909660059482136,0.1968574336998528,3.77642512258546,-0.19192273484300149
5.178,0.4497026257831856,1.3732396812788406,0.20062624394261883,3.7688102427660146,-0.19192273484300149
5.179,0.45106697968410214,1.3554591434581933,0.20438744692044522,3.7612029778263887,-0.19192273484300149
5.18,0.4524135262330096,1.3376250944315005,0.2081402682711659,3.7528213507206956,-0.23102120639333762
5.181,0.4537422122705575,1.3197382382564604,0.21188471637640802,3.744448105242108,-0.23102120639333762
5.182,0.45505298534249755,1.3017992810755077,0.21562079960941702,3.7360832330089995,-0.23102120639333762
5.183,0.4563457937017503,1.2838089310879957,0.21934852633506513,3.727726725648124,-0.23102120639333762
5.184,0.4576205863104584,1.2657678985220968,0.22306790490985973,3.719378574794609,-0.23102120639333762
5.1850000000000005,0.4588773128419908,1.2476768956069064,0.2267781662723217,3.7102613624619734,-0.26989168789204876
5.186,0.4601159236829346,1.2295366365442628,0.23047931953966336,3.7011532673416703,-0.26989168789204876
5.187,0.46133636993505744,1.2113478374804918,0.23417137381997985,3.6920542803164875,-0.26989168789204876
5.188,0.4625386034172283,1.1931112164782773,0.23785433821225818,3.68296439227833,-0.26989168789204876
5.189,0.4637225766673306,1.1748274934881495,0.2415282218063864,3.6738835941282106,-0.26989168789204876
5.19,0.4648882429441262,1.1564973903202054,0.24519226160054314,3.664039794156744,-0.308495818866922
5.191,0.46603555622910525,1.1381216306155528,0.2488464674385284,3.654205837985249,-0.308495818866922
5.192,0.46716447122830634,1.1197009398176794,0.2524908491542983,3.644381715769925,-0.308495818866922
5.1930000000000005,0.46827494337409703,1.1012360451439367,0.25612541657197513,3.634567417676817,-0.308495818866922
5.194,0.4693669288269372,1.0827276755567712,0.25975017950585694,3.6247629338818017,-0.308495818866922
5.195,0.47044038447711223,1.064176561734901,0.26336438176677085,3.614202260913889,-0.3467955017015596
5.196,0.47149526794643226,1.0455834360445149,0.2669680339153898,3.6036521486189437,-0.3467955017015596
5.197,0.4725315375899018,1.0269490325104205,0.2705611465018261,3.5931125864362934,-0.3467955017015596
5.198,0.47354915249737206,1.0082740867869198,0.2741437300656419,3.582583563815826,-0.3467955017015596
5.199,0.4745480724951466,0.9895593361289358,0.27771579513585987,3.5720650702179793,-0.3467955017015596
5.2,0.4755282581475766,0.970805519362737,0.28127659308222297,3.5607979463630985,-0.38475293923313914
5.2010000000000005,0.4764896707586097,0.9520133768569191,0.28482613517185507,3.5495420896320726,-0.38475293923313914
5.202,0.4774322723733212,0.9331836504931122,0.28836443266061285,3.538297488757778,-0.38475293923313914
5.203,0.4783560257794154,0.9143170836366289,0.2918914967930972,3.5270641324843575,-0.38475293923313914
5.204,0.47926089450868753,0.8954144211072665,0.29540733880266445,3.5158420095672103,-0.38475293923313914
5.205,0.4801468428384716,0.8764764091497326,0.298911218356781,3.5038795541165704,-0.42233067205362906
5.206,0.4810138357930434,0.8575037954043334,0.3024031474179024,3.491929061121381,-0.42233067205362906
5.207,0.4818618391450048,0.8384973288773947,0.3058831379365216,3.479990518619187,-0.42233067205362906
5.208,0.4826908194166373,0.8194577599116278,0.3093512018511811,3.468063914659495,-0.42233067205362906
5.2090000000000005,0.4835007438812174,0.8003858401566577,0.31280735108848484,3.456149237303763,-0.42233067205362906
5.21,0.4842915805643158,0.7812823225391765,0.31625085434424177,3.443503255756905,-0.459491615477714
5.211,0.4850632982450527,0.7621479612333928,0.31968172426443336,3.430869920191594,-0.459491615477714
5.212,0.48581586645733627,0.742983511631106,0.3230999734823952,3.418249217961848,-0.459491615477714
5.213,0.486549255491063,0.7237897303119498,0.32650561461882954,3.405641136434332,-0.459491615477714
5.214,0.4872634363932886,0.7045673750135675,0.3298986602818179,3.393045662988343,-0.459491615477714
5.215,0.48795838096937333,0.6853172046016539,0.33327838891722045,3.379728635402537,-0.49619909614089597
5.216,0.4886340617840967,0.6660399790399318,0.33664481384206474,3.3664249248443165,-0.49619909614089597
5.2170000000000005,0.4892904521627363,0.6467364593602805,0.3399979483600614,3.3531345179966543,-0.49619909614089597
5.218,0.4899275261921233,0.6274074076326255,0.34333780576161727,3.3398574015558395,-0.49619909614089597
5.219,0.4905452587216672,0.608053586934789,0.34666439932384874,3.3265935622314657,-0.49619909614089597
5.22,0.49114362536434414,0.5886757613225165,0.3499770179547541,3.3126186309054004,-0.532416888191694
5.221,0.491722602497665,0.5692746957991396,0.35327567562926476,3.298657674510661,-0.532416888191694
5.222,0.49228216726460305,0.5498511562855269,0.3565603863083371,3.2847106790723166,-0.532416888191694
5.223,0.492822297574499,0.530405909589782,0.35983116393896647,3.2707776306294103,-0.532416888191694
5.224,0.49334297210393374,0.510939723376927,0.3630880224542014,3.256858515234947,-0.532416888191694
5.2250000000000005,0.49384417029756883,0.4914533661386398,0.36633026192594026,3.242239471738869,-0.5681092490421573
5.226,0.4943258723689567,0.47194760716298256,0.36955789697322655,3.227635047286287,-0.5681092490421573
5.227,0.4947880593013254,0.45242321650387624,0.37277094220048473,3.2130452272581578,-0.5681092490421573
5.228,0.49523071284832526,0.43288096495087697,0.37596941219753477,3.1984699970500565,-0.5681092490421573
5.229,0.49565381553475313,0.4133216239985703,0.37915332153960696,3.1839093420721634,-0.5681092490421573
5.23,0.496057350657239,0.3937459658162681,0.3823219821532442,3.168660613637261,-0.6032409546415045
5.231,0.4964413022849067,0.3741547632174588,0.385475409287175,3.1534271339307938,-0.6032409546415045
5.232,0.49680565526000425,0.354548789629231,0.38861361817487905,3.138208887704033,-0.6032409546415045
5.2330000000000005,0.49715039519849963,0.3349288190618734,0.3917366240346026,3.123005859723499,-0.6032409546415045
5.234,0.4974755084906501,0.31529562607825146,0.3948444420693735,3.1078180347709456,-0.6032409546415045
5.235,0.49778098230154016,0.29564998576316226,0.39793639673942494,3.0919546700514147,-0.6377773342380018
5.236,0.4980668045715862,0.2759926736928913,0.40101250390812154,3.0761071686966033,-0.6377773342380018
5.237,0.49833296401701505,0.2563244659044158,0.4040727794229647,3.0602755148431466,-0.6377773342380018
5.238,0.4985794501303069,0.23664613886494648,0.40711723911560826,3.0444596926435437,-0.6377773342380018
5.239,0.49880625318061267,0.21695846944109556,0.4101458988018744,3.02865968626614,-0.6377773342380018
5.24,0.49901336421413567,0.19726223486838584,0.4131580961423624,3.012197340487978,-0.6716843045948038
5.2410000000000005,0.4992007750544875,0.17755821272038821,0.416153847599418,2.9957514570555936,-0.6716843045948038
5.242,0.4993684783030087,0.15784718087820307,0.4191331696189246,2.979322019506642,-0.6716843045948038
5.243,0.49951646733906235,0.1381299174995722,0.42209607863031984,2.962909011395239,-0.6716843045948038
5.244,0.49964473632029455,0.11840720098833707,0.4250425910466118,2.946512416291948,-0.6716843045948038
5.245,0.49975328018286574,0.09867980996353024,0.4279720583824149,2.9294673358031353,-0.7049284036260174
5.246,0.49984209464165,0.07894852322879291,0.43088449768280973,2.9124393003948117,-0.7049284036260174
5.247,0.4999111761904045,0.059214119741562356,0.43377992597583165,2.8954282930218964,-0.7049284036260174
5.248,0.49996052210190806,0.0394773785822529,0.436658360272488,2.878434296656354,-0.7049284036260174
5.249,0.49999013042806856,0.019739078923655434,0.43951981756677516,2.8614572942871774,-0.7049284036260174
5.25,0.5,-1.5408811399980522e-15,0.44236366386729964,2.843846300524496,-0.7374768234197039
5.251,0.49999013042806856,-0.019739078923658514,0.4451899167850552,2.8262529177555775,-0.7374768234197039
5.252,0.49996052210190806,-0.03947737858225598,0.4479985939134246,2.808677128369428,-0.7374768234197039
5.253,0.4999111761904045,-0.05921411974156543,0.4507897128281973,2.7911189147726643,-0.7374768234197039
5.2540000000000004,0.49984209464165,-0.07894852322879597,0.4535632910875868,2.7735782593894975,-0.7374768234197039
5.255,0.49975328018286586,-0.098679809963511,0.4563187098198646,2.755418732277801,-0.7692974426153445
5.256,0.49964473632029466,-0.11840720098831785,0.4590559871845578,2.7372773646932167,-0.7692974426153445
5.257,0.4995164673390625,-0.13812991749955297,0.46177514132303404,2.719154138476217,-0.7692974426153445
5.258,0.4993684783030088,-0.15784718087818383,0.4644761903585195,2.7010490354854335,-0.7692974426153445
5.259,0.4992007750544875,-0.1775582127203913,0.46715915239611716,2.6829620375976413,-0.7692974426153445
5.26,0.4990133642141359,-0.1972622348683666,0.4698234242945151,2.6642718983979683,-0.800358858103765
5.261,0.4988062531806126,-0.21695846944109867,0.4724690247438526,2.645600449337495,-0.800358858103765
5.2620000000000005,0.49857945013030686,-0.23664613886494956,0.4750959724155787,2.6269476717260822,-0.800358858103765
5.263,0.498332964017015,-0.2563244659044189,0.477704285962471,2.6083135468922807,-0.800358858103765
5.264,0.49806680457158614,-0.2759926736928944,0.4802939840186543,2.589698056183313,-0.800358858103765
5.265,0.4977809823015401,-0.29564998576316537,0.4828644797684611,2.570495749806766,-0.8306304160181719
5.266,0.49747550849065003,-0.3152956260782545,0.4854157924141977,2.551312645736596,-0.8306304160181719
5.267,0.4971503951984996,-0.3349288190618765,0.48794794113896817,2.532148724770496,-0.8306304160181719
5.268,0.4968056552600042,-0.35454878962923403,0.4904609451066935,2.513003967725362,-0.8306304160181719
5.269,0.496441302284907,-0.3741547632174397,0.4929548234621308,2.493878355437273,-0.8306304160181719
5.2700000000000005,0.49605735065723894,-0.39374596581627114,0.4954290062943729,2.4741828322421187,-0.8600822419858469
5.271,0.4956538155347536,-0.4133216239985512,0.4978835132989431,2.45450700457016,-0.8600822419858469
5.272,0.4952307128483257,-0.4328809649508579,0.500318364151669,2.4348508527258725,-0.8600822419858469
5.273,0.49478805930132586,-0.45242321650385714,0.5027335785087024,2.4152143570334297,-0.8600822419858469
5.274,0.49432587236895714,-0.4719476071629636,0.5051291760065391,2.3955974978366794,-0.8600822419858469
5.275,0.4938441702975688,-0.4914533661386429,0.5075046042014657,2.375428194926632,-0.8886852706105373
5.276,0.49334297210393424,-0.510939723376908,0.5098598832627852,2.3552790613194947,-0.8886852706105373
5.277,0.49282229757449897,-0.5304059095897851,0.5121950333396311,2.3351500768459643,-0.8886852706105373
5.2780000000000005,0.4922821672646024,-0.549851156285552,0.5145100745609881,2.315041221356908,-0.8886852706105373
5.279,0.49172260249766486,-0.5692746957991427,0.5168050270357114,2.29495247472334,-0.8886852706105373
5.28,0.4911436253643441,-0.5886757613225196,0.5190793563324769,2.2743292967654867,-0.9164112741564925
5.281,0.49054525872166715,-0.6080535869347921,0.5213330830744625,2.2537267419855915,-0.9164112741564925
5.282,0.4899275261921232,-0.6274074076326286,0.5235662278642229,2.233144789760476,-0.9164112741564925
5.283,0.48929045216273626,-0.6467364593602835,0.5257788112837105,2.2125834194875855,-0.9164112741564925
5.284,0.48863406178409735,-0.6660399790399131,0.5279708538942954,2.192042610584968,-0.9164112741564925
5.285,0.487958380969374,-0.6853172046016351,0.5301418398044617,2.1709859101662667,-0.9432328904058238
5.2860000000000005,0.4872634363932885,-0.7045673750135705,0.5322917900709097,2.149950266447984,-0.9432328904058238
5.287,0.48654925549106365,-0.7237897303119312,0.5344207257292831,2.1289356583734196,-0.9432328904058238
5.288,0.485815866457337,-0.7429835116310873,0.5365286677941901,2.1079420649069296,-0.9432328904058238
5.289,0.4850632982450534,-0.7621479612333741,0.538615637259224,2.0869694650339063,-0.9432328904058238
5.29,0.4842915805643157,-0.7812823225391795,0.5406811372817997,2.0655000225756375,-0.9691236496617424
5.291,0.4835007438812172,-0.8003858401566606,0.5427251893313595,2.044052049559827,-0.9691236496617424
5.292,0.48269081941663716,-0.8194577599116308,0.5447478148558765,2.0226255245170326,-0.9691236496617424
5.293,0.48186183914500463,-0.8384973288773977,0.5467490352818758,2.0012204259992807,-0.9691236496617424
5.2940000000000005,0.4810138357930423,-0.8575037954043577,0.5487288720144559,1.9798367325800466,-0.9691236496617424
5.295,0.4801468428384714,-0.8764764091497356,0.5506868477502859,1.9579757358300485,-0.9940580008709036
5.296,0.4792608945086874,-0.8954144211072694,0.5526229843503627,1.9361366000768003,-0.9940580008709036
5.297,0.4783560257794153,-0.9143170836366319,0.554537303653822,1.9143193034593056,-0.9940580008709036
5.298,0.4774322723733221,-0.9331836504930939,0.5564298274779604,1.8925238241384281,-0.9940580008709036
5.299,0.47648967075860954,-0.9520133768569221,0.5583005776182574,1.8707501402968716,-0.9940580008709036
5.3,0.47552825814757754,-0.9708055193627186,0.5601490967816771,1.84851916341979,-1.0180113368392365
5.301,0.4745480724951476,-0.9895593361289176,0.5619754071991967,1.8263104175195854,-1.0180113368392365
5.3020000000000005,0.4735491524973719,-1.0082740867869227,0.563779531079562,1.804123880365281,-1.0180113368392365
5.303,0.4725315375899028,-1.0269490325104023,0.5655614906093102,1.781959529748131,-1.0180113368392365
5.304,0.4714952679464321,-1.045583436044518,0.5673213079527918,1.7598173434815982,-1.0180113368392365
5.305,0.4704403844771133,-1.064176561734883,0.5690585462785596,1.7372383257677906,-1.0409600185163013
5.306,0.46936692882693704,-1.0827276755567738,0.5707732281656313,1.7146818870716967,-1.0409600185163013
5.307,0.46827494337409564,-1.1012360451439607,0.5724653761704456,1.692148004814299,-1.0409600185163013
5.308,0.4671644712283062,-1.119700939817682,0.5741350128268847,1.6696366564391587,-1.0409600185163013
5.309,0.4660355562291051,-1.1381216306155557,0.5757821606462972,1.6471478194123936,-1.0409600185163013
5.3100000000000005,0.464888242944126,-1.1564973903202083,0.5774064036899237,1.6242430436264987,-1.062881398324123
5.311,0.46372257666733036,-1.1748274934881522,0.5790077648625401,1.6013611726163899,-1.062881398324123
5.312,0.46253860341722947,-1.1931112164782596,0.5805862670460175,1.578502183477291,-1.062881398324123
5.313,0.46133636993505867,-1.211347837480474,0.5821419330993448,1.5556660533273312,-1.062881398324123
5.314,0.4601159236829358,-1.229536636544245,0.5836747858586523,1.5328527593075214,-1.062881398324123
5.315,0.45887731284199057,-1.2476768956069093,0.5851844306883504,1.509644829698061,-1.0837538425076527
5.316,0.4576205863104596,-1.2657678985220793,0.5866708907963686,1.4864601080182098,-1.0837538425076527
5.317,0.4563457937017516,-1.2838089310879781,0.5881341893674287,1.4632985710600386,-1.0837538425076527
5.3180000000000005,0.4550529853424974,-1.3017992810755104,0.5895743495630675,1.4401601956388255,-1.0837538425076527
5.319,0.45374221227055883,-1.319738238256443,0.5909913945216606,1.4170449585930336,-1.0837538425076527
5.32,0.45241352623300946,-1.3376250944315031,0.5923849513002454,1.3935567785847474,-1.1035567524846632
5.321,0.4510669796841019,-1.3554591434581962,0.5937550433870018,1.3700920867564694,-1.1035567524846632
5.322,0.4497026257831854,-1.3732396812788432,0.5951016942466218,1.3466508596200197,-1.1035567524846632
5.323,0.44832051839261705,-1.3909660059482365,0.5964249273203326,1.3232330737107065,-1.1035567524846632
5.324,0.4469207120756319,-1.40863741766141,0.5977247660259198,1.2998387055873026,-1.1035567524846632
5.325,0.44550326209418323,-1.426253218781328,0.599000859481098,1.2760934551782341,-1.1222705851740624
5.3260000000000005,0.44406822440677246,-1.443812713866285,0.6002532314311176,1.2523719500195747,-1.1222705851740624
5.327,0.44261565566622874,-1.4613152096975022,0.6014819055974837,1.2286741663660738,-1.1222705851740624
5.328,0.44114561321747703,-1.4787600153064326,0.6026869056779799,1.2050000804962264,-1.1222705851740624
5.329,0.43965815509527945,-1.4961464420019819,0.6038682553466921,1.181349668712249,-1.1222705851740624
5.33,0.43815334002193235,-1.5134738033978337,0.6050256261282899,1.1573707815978858,-1.139876872282544
5.331,0.4366312274049599,-1.5307414154394092,0.6061590420016606,1.133415873370637,-1.139876872282544
5.332,0.4350918773347636,-1.547948596430933,0.6072685269217122,1.1094849200516155,-1.139876872282544
5.333,0.433535350582245,-1.5650946670624017,0.6083541048193981,1.085577897685913,-1.139876872282544
5.3340000000000005,0.43196170859641686,-1.582178950436286,0.6094157996017406,1.0616947823425762,-1.139876872282544
5.335,0.43037101350197204,-1.599200772094312,0.6104533055245303,1.0375059227896215,-1.1563582385306037
5.336,0.4287633280968255,-1.6161594600441453,0.6114666467766264,1.0133412520962197,-1.1563582385306037
5.337,0.42713871584964797,-1.633054344785785,0.6124558475227,0.9892007460735114,-1.1563582385306037
5.338,0.42549724089734553,-1.649884759338149,0.6134209319032569,0.9650843805568258,-1.1563582385306037
5.339,0.42383896804254034,-1.666650039265269,0.6143619240346625,0.9409921314056569,-1.1563582385306037
5.34,0.4221639627510073,-1.6833495227025823,0.6152785412055608,0.9166171708982556,-1.171698418799782
5.341,0.42047229114908535,-1.6999825503830952,0.6161708077909122,0.8922665853513617,-1.171698418799782
5.3420000000000005,0.4187640200210708,-1.716548465663374,0.6170387481413022,0.8679403503900147,-1.171698418799782
5.343,0.4170392168065867,-1.7330466145494117,0.6178823865829658,0.8436384416636291,-1.171698418799782
5.344,0.4152979495979065,-1.7494763457225766,0.6187017474178118,0.8193608348459699,-1.171698418799782
5.345,0.41354028713728225,-1.765837010565177,0.6194965712463393,0.7948238285274358,-1.185882274184403
5.346,0.41176629881421417,-1.7821279631862161,0.6202668826055545,0.7703113592152203,-1.185882274184403
5.347,0.4099760546627257,-1.7983485604467606,0.6210127060079268,0.745823402372317,-1.185882274184403
5.348,0.40816962535859264,-1.8144981619853864,0.621734065941413,0.7213599334862567,-1.185882274184403
5.349,0.4063470822165467,-1.8305761302435135,0.6224309868694821,0.6969209280690823,-1.185882274184403
5.3500000000000005,0.4045084971874725,-1.8465818304904669,0.6231032329604844,0.6722460910023755,-1.1988958069318838
5.351,0.40265394285556094,-1.8625146308485891,0.6237508288892571,0.6475959287727355,-1.1988958069318838
5.352,0.4007834924354373,-1.8783739023182393,0.6243737993059625,0.6229704167053252,-1.1988958069318838
5.353,0.3988972197692857,-1.894159018802499,0.6249721688361125,0.5983695301499822,-1.1988958069318838
5.354,0.3969951993239169,-1.9098693571320344,0.6255459620805937,0.5737932444811945,-1.1988958069318838
5.355,0.39507750618784565,-1.9255042970895522,0.6260949670083452,0.5490049277515789,-1.21072617425672
5.356,0.3931442160683111,-1.941063221434413,0.6266192084076839,0.524241399338693,-1.21072617425672
5.357,0.3911954052882948,-1.9565455159269416,0.6271187110421381,0.4995026344542199,-1.21072617425672
5.3580000000000005,0.38923115078351145,-1.9719505693526433,0.6275934996504727,0.47478860833463127,-1.21072617425672
5.359,0.38725153009936786,-1.9872777735463703,0.6280435989467139,0.45009929624116224,-1.21072617425672
5.36,0.38525662138789457,-2.002526523416379,0.6284688209096385,0.42522196292462305,-1.2213617010149012
5.361,0.38324650340467614,-2.0176962169681016,0.62886919041658,0.4003695069414004,-1.2213617010149012
5.362,0.38122125550572417,-2.0327862553280442,0.6292447323199941,0.37554190341416094,-1.2213617010149012
5.363,0.3791809576443601,-2.047796042767314,0.6295954714474845,0.3507391274904488,-1.2213617010149012
5.364,0.3771256903680524,-2.0627249867251867,0.6299214326018272,0.3259611543426603,-1.2213617010149012
5.365,0.3750555348152292,-2.0775724978325516,0.630222451957191,0.3010193553638025,-1.2307918912257596
5.3660000000000005,0.37297057271208944,-2.0923379899350754,0.6304985544553748,0.27610249818392346,-1.2307918912257596
5.367,0.37087088636936927,-2.1070208801163965,0.6307497650132361,0.25121055786122437,-1.2307918912257596
5.368,0.3687565586790856,-2.121620588721185,0.6309761085227149,0.22634350947884796,-1.2307918912257596
5.369,0.36662767311128,-2.136136539377911,0.6311776098508598,0.20150132814485391,-1.2307918912257596
5.37,0.36448431371070705,-2.1505681590217134,0.6313541295289079,0.17651967804810353,-1.2390074384302756
5.371,0.36232656509352357,-2.164914877916977,0.6315056925385093,0.15156300960144992,-1.2390074384302756
5.372,0.360154512443955,-2.179176129679772,0.6316323238363325,0.12663129782324295,-1.2390074384302756
5.373,0.3579682415109161,-2.1933513513003304,0.6317340483540893,0.1017245177568142,-1.2390074384302756
5.3740000000000006,0.35576783860464206,-2.2074399831651585,0.6318108909985598,0.07684264447045186,-1.2390074384302756
5.375,0.3535533905932745,-2.221441469079178,0.6318627367956883,0.05184579712847222,-1.2460002348754595
5.376,0.35132498489942426,-2.2353552562877312,0.6318896107423221,0.026873946633834554,-1.2460002348754595
5.377,0.3490827094967374,-2.249180795498292,0.6318915378103118,0.0019270679896915277,-1.2460002348754595
5.378,0.3468266529064024,-2.262917540902276,0.631868542946536,-0.022994863775807357,-1.2460002348754595
5.3790000000000004,0.344556904193673,-2.2765649501964806,0.6318206510729265,-0.04789187360954074,-1.2460002348754595
5.38,0.34227355296434453,-2.2901224846045403,0.6317477718236003,-0.07287924932624447,-1.2517633795156637
5.381,0.3399766893612087,-2.3035896088982404,0.6316499301859331,-0.0978416376672315,-1.2517633795156637
5.382,0.33766640406051274,-2.316965791418543,0.6315271511223132,-0.12277906361987755,-1.2517633795156637
5.383,0.33534278826835934,-2.3302505040966968,0.6313794595701666,-0.14769155214657093,-1.2517633795156637
5.384,0.3330059337171266,-2.3434432224749613,0.6312068804419819,-0.17257912818473764,-1.2517633795156637
5.385,0.33065593266182824,-2.3565434257274207,0.6310093480692289,-0.19753237275301516,-1.2562911848231122
5.386,0.3282928778764793,-2.3695505966804955,0.6307868874051522,-0.22246066407672438,-1.2562911848231122
5.3870000000000005,0.3259168626504393,-2.382464221833334,0.6305395233780431,-0.2473640271091099,-1.2562911848231122
5.388,0.32352798078472356,-2.395283791378112,0.6302672808912646,-0.272242486778463,-1.2562911848231122
5.389,0.32112632658829243,-2.4080087992202035,0.6299701848232765,-0.2970960679881468,-1.2562911848231122
5.39,0.3187119948743466,-2.4206387429980594,0.6296481942677083,-0.32199055556817535,-1.2595791824008336
5.391,0.31628508095656277,-2.4331731241031527,0.6293013341190478,-0.34686014866062387,-1.2595791824008336
5.392,0.3138456806453495,-2.4456114476995663,0.6289296292468878,-0.37170487215997994,-1.2595791824008336
5.393,0.3113938902440571,-2.4579532227435683,0.6285331044959519,-0.3965247509358366,-1.2595791824008336
5.394,0.3089298065451668,-2.4701979620030405,0.628111784686119,-0.42131980983291745,-1.2595791824008336
5.3950000000000005,0.3064535268264866,-2.482345182076629,0.627665653713548,-0.4461309725709321,-1.261624127392378
5.396,0.3039651488473026,-2.4943944034128713,0.6271947363894018,-0.47091732414620874,-1.261624127392378
5.397,0.301464770844511,-2.506345150329168,0.626699057500032,-0.4956788893699101,-1.261624127392378
5.398,0.29895249152875963,-2.518196951030466,0.6261786418070036,-0.5204156930283877,-1.261624127392378
5.399,0.29642841008053145,-2.5299493376279814,0.6256335140471203,-0.5451277598832069,-1.261624127392378
5.4,0.2938926261462371,-2.5416018461576275,0.6250636829349633,-0.5698311121570055,-1.2624240016840926
5.401,0.29134523983429017,-2.5531540165982936,0.6244691731738847,-0.5945097610785304,-1.2624240016840926
5.402,0.28878635171113465,-2.5646053928900976,0.6238500094425335,-0.6191637313511337,-1.2624240016840926
5.4030000000000005,0.286216062797295,-2.575955522952298,0.62320621639488,-0.6437930476534643,-1.2624240016840926
5.404,0.2836344745633794,-2.5872039587011817,0.6225378186602406,-0.6683977346394927,-1.2624240016840926
5.405,0.2810416889260652,-2.598350256067791,0.6218448497630178,-0.69296889722279,-1.2619780158968403
5.406,0.27843780824409553,-2.609393975015367,0.6211273342743743,-0.717515488643504,-1.2619780158968403
5.407,0.2758229353142153,-2.62033467955682,0.6203852967409015,-0.7420375334727973,-1.2619780158968403
5.408,0.27319717336713345,-2.631171937771855,0.6196187616846442,-0.7665350562572614,-1.2619780158968403
5.409,0.27056062606343845,-2.641905321824063,0.6188277536031253,-0.7910080815189409,-1.2619780158968403
5.41,0.2679133974894975,-2.6525344079778437,0.6180123307974845,-0.8154228056407204,-1.2602866101649264
5.4110000000000005,0.2652555921533649,-2.663058776615064,0.6171725176824462,-0.8398131150383783,-1.2602866101649264
5.412,0.2625873149806474,-2.6734780122516586,0.6163083386483196,-0.8641790341266384,-1.2602866101649264
5.413,0.25990867131035594,-2.6837917035540575,0.6154198180610237,-0.8885205872958103,-1.2602866101649264
5.414,0.2572197668907531,-2.693999443355399,0.6145069802621119,-0.912837798911813,-1.2602866101649264
5.415,0.2545207078751872,-2.704100828671571,0.613569908271925,-0.9370719901869368,-1.2573514537017767
5.416,0.2518116008178806,-2.7140954607172008,0.6126086263246543,-0.9612819472707854,-1.2573514537017767
5.417,0.24909255266974734,-2.723982944921306,0.6116231586302567,-0.9854676943975502,-1.2573514537017767
5.418,0.24636367077414634,-2.7337628909429625,0.6106135293744795,-1.0096292557771882,-1.2573514537017767
5.4190000000000005,0.24362506286266533,-2.743434912686637,0.6095797627188841,-1.0337666555954466,-1.2573514537017767
5.42,0.24087683705085852,-2.75299862831746,0.6085219663210812,-1.0577963978029041,-1.2531754431526554
5.421,0.23811910183396906,-2.762453660276337,0.607440164210813,-1.0818021102681543,-1.2531754431526554
5.422,0.23535196608266754,-2.771799635294774,0.6063343803937921,-1.1057838170209393,-1.2531754431526554
5.423,0.23257553903872902,-2.7810361844097007,0.605204638851725,-1.1297415420669714,-1.2531754431526554
5.424,0.22978993031074238,-2.7901629429779637,0.6040509635423371,-1.1536753093879575,-1.2531754431526554
5.425,0.2269952498697736,-2.799179550690752,0.6028734866542639,-1.1774768880732889,-1.2477626997359654
5.426,0.22419160804501492,-2.8080856515878523,0.6016722319890839,-1.201254665179935,-1.2477626997359654
5.4270000000000005,0.2213791155194513,-2.816880894071631,0.6004472233245745,-1.2250086645094744,-1.2477626997359654
5.428,0.21855788332546877,-2.825564930920984,0.5991984844147348,-1.2487389098396842,-1.2477626997359654
5.429,0.2157280228404804,-2.834137419305016,0.5979260389898102,-1.2724454249245638,-1.2477626997359654
5.43,0.21288964578253902,-2.8425980207965456,0.5966300436390071,-1.295995350803162,-1.241118565176137
5.431,0.2100428642059044,-2.85094640138553,0.5953105219122512,-1.3195217267558816,-1.241118565176137
5.432,0.2071877904966419,-2.859182231492191,0.5939674973359186,-1.3430245763326485,-1.241118565176137
5.433,0.20432453736817616,-2.8673051859800465,0.5926009934128588,-1.3665039230598386,-1.241118565176137
5.434,0.2014532178568315,-2.8753149441687818,0.5912110336224184,-1.3899597904403014,-1.241118565176137
5.4350000000000005,0.19857394531738903,-2.883211189846849,0.58979779879984,-1.4132348225785016,-1.2332495964320231
5.436,0.19568683341860177,-2.8909936112839802,0.5883613122201554,-1.4364865796845636,-1.2332495964320231
5.437,0.19279199613869735,-2.8986619012435213,0.5869015971351219,-1.4597150850335194,-1.2332495964320231
5.438,0.18988954776090147,-2.9062157569944964,0.5854186767732448,-1.4829203618771263,-1.2332495964320231
5.439,0.18697960286889967,-2.9136548803236324,0.5839125743398009,-1.5061024334438897,-1.2332495964320231
5.44,0.18406227634233696,-2.92097897754707,0.582383494737606,-1.5290796021949635,-1.224163559225882
5.441,0.18113768335227265,-2.928187759521982,0.5808314609438286,-1.5520337937772861,-1.224163559225882
5.442,0.178205939356627,-2.935280941658009,0.5792564959126606,-1.5749650311680266,-1.224163559225882
5.4430000000000005,0.17526716009562968,-2.9422582439284732,0.5776586225753392,-1.5978733373213763,-1.224163559225882
5.444,0.17232146158726055,-2.9491193908814126,0.5760378638401706,-1.6207587351685726,-1.224163559225882
5.445,0.16936896012264624,-2.9558641116505093,0.5743944484753296,-1.6434153648409966,-1.2138694203796299
5.446,0.16640977226149573,-2.9624921399657196,0.5727283991374459,-1.6660493378837482,-1.2138694203796299
5.447,0.16344401482747214,-2.9690032141638514,0.5710397384604924,-1.6886606769534571,-1.2138694203796299
5.448,0.16047180490360416,-2.975397077198835,0.5693284890558082,-1.7112494046840963,-1.2138694203796299
5.449,0.1574932598276537,-2.9816734766519,0.5675946735121212,-1.7338155436870049,-1.2138694203796299
5.45,0.1545084971874735,-2.9878321647415564,0.5658385442371986,-1.7561292749226312,-1.202377338965661
5.4510000000000005,0.15151763481638528,-2.9938728983333363,0.5640601235447715,-1.7784206924270218,-1.202377338965661
5.452,0.14852079078851763,-2.9997954389494152,0.5622594337262576,-1.800689818513908,-1.202377338965661
5.453,0.14551808341413458,-3.005599552778044,0.5604364970507829,-1.8229366754747072,-1.202377338965661
5.454,0.1425096312349886,-3.011285010682733,0.5585913357652044,-1.8451612855785458,-1.202377338965661
5.455,0.13949555301961364,-3.016851588211352,0.5567242256677858,-1.8671100974185877,-1.1896986562810232
5.456,0.13647596775866352,-3.02229906560494,0.5548351887073389,-1.8890369604467896,-1.1896986562810232
5.457,0.13345099466018717,-3.0276272278064287,0.5529242468107269,-1.9109418966119633,-1.1896986562810232
5.458,0.13042075314494977,-3.032835864469086,0.550991421882886,-1.932824927840972,-1.1896986562810232
5.4590000000000005,0.12738536284169086,-3.037924769964867,0.5490367358068472,-1.9546860760387514,-1.1896986562810232
5.46,0.12434494358242908,-3.042893743392484,0.5470604874991913,-1.9762483076558117,-1.175845884654956
5.461,0.12129961539770387,-3.047742588585386,0.5450626985221501,-1.9977889770412551,-1.175845884654956
5.462,0.1182494985118644,-3.0524711141194567,0.5430433904163927,-2.019308105757313,-1.175845884654956
5.463,0.11519471333829583,-3.0570791333206144,0.541002584701048,-2.0408057153446544,-1.175845884654956
5.464,0.11213538047468959,-3.061566464272147,0.5389403028737256,-2.062281827322409,-1.175845884654956
5.465,0.10907162069827218,-3.0659329298219067,0.5368568666743285,-2.0834361993971013,-1.1608326951007562
5.466,0.10600355496102669,-3.0701783575893193,0.5347522972572288,-2.1045694170997193,-1.1608326951007562
5.4670000000000005,0.10293130438493849,-3.0743025799721626,0.5326266157556442,-2.125681501584635,-1.1608326951007562
5.468,0.09985499025720326,-3.0783054341531924,0.5304798432816591,-2.1467724739850653,-1.1608326951007562
5.469,0.09677473402542833,-3.082186762106589,0.528312000926246,-2.1678423554130952,-1.1608326951007562
5.47,0.09369065729286245,-3.0859464106041634,0.5261234329351118,-2.188567991134164,-1.1446739038240874
5.471,0.09060288181357075,-3.0895842312214334,0.5239141600338922,-2.209272901219512,-1.1446739038240874
5.472,0.08751152948763855,-3.0931000803434747,0.5216842029274975,-2.229957106394774,-1.1446739038240874
5.473,0.0844167223563694,-3.0964938191705755,0.5194335823001327,-2.250620627364861,-1.1446739038240874
5.474,0.0813185825974427,-3.099765313723746,0.5171623188153187,-2.271263484813978,-1.1446739038240874
5.4750000000000005,0.07821723252011478,-3.1029144348499784,0.5148707788848376,-2.2915399304811883,-1.127385457601208
5.476,0.07511279456037982,-3.1059410582273608,0.5125589827851348,-2.311796099702731,-1.127385457601208
5.477,0.07200539127612582,-3.1088450643699903,0.5102269507723798,-2.3320320127550525,-1.127385457601208
5.478,0.06889514534232072,-3.1116263386326706,0.5078747030824855,-2.3522476898943214,-1.127385457601208
5.479,0.06578217954614136,-3.1142847712154627,0.5055022599311291,-2.3724431513564515,-1.127385457601208
5.48,0.06266661678215067,-3.116820257167997,0.5031100095345632,-2.3922503965659234,-1.1089844180414203
5.481,0.05954858004743538,-3.119232696393626,0.500697971700033,-2.412037834530186,-1.1089844180414203
5.482,0.05642819243673978,-3.121521993653386,0.49826616621497655,-2.431805485056484,-1.1089844180414203
5.4830000000000005,0.05330557713762732,-3.1236880585697384,0.4958146128470443,-2.451553367932256,-1.1089844180414203
5.484,0.05018085742560677,-3.1257308056301465,0.4933433313441192,-2.471281502925152,-1.1089844180414203
5.485,0.047054156659258446,-3.127650154190457,0.490852731343802,-2.490600000317213,-1.089488944749313
5.486,0.0439255982753713,-3.129446028478077,0.48834283216459007,-2.509899179211882,-1.089488944749313
5.487,0.04079530578408046,-3.131118357594961,0.48581365310566244,-2.5291790589276566,-1.089488944749313
5.488,0.037663402763966465,-3.132667075520422,0.4832652134468987,-2.5484396587637153,-1.089488944749313
5.489,0.03453001285720497,-3.1340921211137247,0.4806975324488988,-2.567680997999938,-1.089488944749313
5.49,0.03139525976465718,-3.135393438116513,0.4781110407663488,-2.5864916825500073,-1.0689182774034558
5.4910000000000005,0.028259267241011177,-3.136570975155018,0.47550575720993327,-2.6052835564155266,-1.0689182774034558
5.492,0.025122159089885663,-3.137624685742092,0.47288170057152606,-2.62405663840718,-1.0689182774034558
5.493,0.021984059158931757,-3.1385545282790486,0.47023888962420923,-2.6428109473168417,-1.0689182774034558
5.494,0.018845091334968544,-3.1393604660572936,0.46757734312229166,-2.661546501917594,-1.0689182774034558
5.495,0.015705379539063844,-3.1400424672597853,0.4648975123125406,-2.6798308097510586,-1.0472927167691128
5.496,0.012565047721666856,-3.1406005049622836,0.4621994154792639,-2.69809683327669,-1.0472927167691128
5.497,0.009424219857704174,-3.141034557134415,0.4594830708884851,-2.7163445907787955,-1.0472927167691128
5.498,0.00628301994167481,-3.1413446066405433,0.4567484967879617,-2.7345741005233988,-1.0472927167691128
5.4990000000000006,0.0031415719827799535,-3.141530641240445,0.45399571140720346,-2.7527853807582576,-1.0472927167691128
5.5,2.4499125789312946e-15,-3.141592653589793,0.45122518613973267,-2.7705252674707768,-1.0246336046638627
5.501,-0.0031415719827786064,-3.141530641240445,0.4484369387254361,-2.7882474142965834,-1.0246336046638627
5.502,-0.006283019941673463,-3.1413446066405437,0.4456309868864605,-2.805951838975564,-1.0246336046638627
5.503,-0.009424219857702828,-3.1410345571344154,0.4428073483272307,-2.823638559229866,-1.0246336046638627
5.5040000000000004,-0.01256504772166906,-3.140600504962283,0.43996604073446677,-2.841307592763913,-1.0246336046638627
5.505,-0.015705379539062498,-3.1400424672597858,0.4371075551832377,-2.8584855512290654,-1.0009633028958203
5.506,-0.018845091334967198,-3.1393604660572936,0.4342319088515019,-2.875646331735753,-1.0009633028958203
5.507,-0.02198405915893041,-3.138554528279049,0.43133911890004,-2.8927899514619333,-1.0009633028958203
5.508,-0.025122159089884317,-3.1376246857420926,0.4284292024724716,-2.9099164275683878,-1.0009633028958203
5.509,-0.02825926724101338,-3.1365709751550175,0.4255021766952729,-2.9270257771987356,-1.0009633028958203
5.51,-0.03139525976465584,-3.135393438116514,0.42255855184042745,-2.9436248548454405,-0.976305171195191
5.511,-0.034530012857203626,-3.1340921211137256,0.41959834450701294,-2.9602073334144987,-0.976305171195191
5.5120000000000005,-0.037663402763968665,-3.132667075520421,0.41662157127750793,-2.976773229504988,-0.976305171195191
5.513,-0.04079530578407911,-3.1311183575949615,0.41362824871780857,-2.993322559699387,-0.976305171195191
5.514,-0.04392559827536996,-3.129446028478078,0.410618393377245,-3.0098553405635915,-0.976305171195191
5.515,-0.04705415665925711,-3.1276501541904578,0.4075925342211387,-3.0258591561062493,-0.950683544161064
5.516,-0.05018085742560543,-3.1257308056301474,0.40455068725330534,-3.041846967833364,-0.950683544161064
5.517,-0.05330557713762951,-3.123688058569737,0.4014928684615566,-3.057818791748752,-0.950683544161064
5.518,-0.05642819243673844,-3.1215219936533867,0.39841909381771634,-3.0737746438402245,-0.950683544161064
5.519,-0.05954858004743404,-3.1192326963936265,0.3953293792776367,-3.0897145400796053,-0.950683544161064
5.5200000000000005,-0.06266661678215286,-3.116820257167995,0.3922242719779523,-3.1051072996844478,-0.924123707246096
5.521,-0.06578217954614003,-3.114284771215464,0.3891037873114226,-3.120484666529685,-0.924123707246096
5.522,-0.06889514534231939,-3.111626338632672,0.3859679406554145,-3.135846656008077,-0.924123707246096
5.523,-0.07200539127612449,-3.1088450643699916,0.3828167473719175,-3.151193283496991,-0.924123707246096
5.524,-0.07511279456037849,-3.105941058227362,0.3796502228075591,-3.166524564358416,-0.924123707246096
5.525,-0.07821723252011696,-3.1029144348499766,0.376468931730329,-3.1812910772301137,-0.8966518718028204
5.526,-0.08131858259744137,-3.0997653137237475,0.3732728889067401,-3.19604282358894,-0.8966518718028204
5.527,-0.08441672235636807,-3.096493819170577,0.3700621090885387,-3.2107798182014076,-0.8966518718028204
5.5280000000000005,-0.08751152948763721,-3.093100080343476,0.3668366070127194,-3.2255020758192625,-0.8966518718028204
5.529,-0.09060288181356943,-3.0895842312214348,0.36359639740153993,-3.2402096111794996,-0.8966518718028204
5.53,-0.09369065729286112,-3.085946410604165,0.36034206209698727,-3.254335304552644,-0.8682951492162018
5.531,-0.09677473402542701,-3.082186762106591,0.35707361522475484,-3.2684468722324156,-0.8682951492162018
5.532,-0.09985499025720194,-3.078305434153194,0.3537910708964103,-3.2825443283445073,-0.8682951492162018
5.533,-0.10293130438494064,-3.074302579972159,0.3504944432094098,-3.2966276870004867,-0.8682951492162018
5.534,-0.10600355496102537,-3.070178357589321,0.347183746247112,-3.3106969622978104,-0.8682951492162018
5.535,-0.10907162069827088,-3.0659329298219085,0.34385957835129355,-3.3241678958184724,-0.8390815241479952
5.5360000000000005,-0.11213538047469174,-3.061566464272144,0.34052195299288796,-3.3376253584056137,-0.8390815241479952
5.537,-0.11519471333829451,-3.0570791333206166,0.33717088362935776,-3.351069363530168,-0.8390815241479952
5.538,-0.1182494985118631,-3.0524711141194585,0.33380638370470817,-3.3644999246495977,-0.8390815241479952
5.539,-0.12129961539770255,-3.047742588585388,0.33042846664950026,-3.377917055207908,-0.8390815241479952
5.54,-0.12434494358242777,-3.042893743392486,0.3270377467148092,-3.390719934691085,-0.8090398269192295
5.541,-0.127385362841693,-3.037924769964863,0.3236342367035144,-3.4035100112947783,-0.8090398269192295
5.542,-0.13042075314494847,-3.0328358644690883,0.3202179494056925,-3.416287297821868,-0.8090398269192295
5.543,-0.13345099466018587,-3.027627227806431,0.31678889759863005,-3.429051807062431,-0.8090398269192295
5.5440000000000005,-0.13647596775866225,-3.022299065604942,0.3133470940468363,-3.441803551793753,-0.8090398269192295
5.545,-0.13949555301961236,-3.0168515882113542,0.3098931683044932,-3.453925742343123,-0.7781997050581777
5.546,-0.1425096312349873,-3.011285010682735,0.3064271324937913,-3.466035810701943,-0.7781997050581777
5.547,-0.14551808341413328,-3.005599552778046,0.30294899872479886,-3.4781337689924046,-0.7781997050581777
5.548,-0.14852079078851632,-2.999795438949418,0.2994587790954743,-3.4902196293245757,-0.7781997050581777
5.549,-0.15151763481638736,-2.9938728983333323,0.2959564856916779,-3.502293403796415,-0.7781997050581777
5.55,-0.15450849718747223,-2.9878321647415587,0.2924427627494044,-3.5137229422734553,-0.7465915940418434
5.551,-0.15749325982765242,-2.9816734766519026,0.28891762169819235,-3.5251410512120187,-0.7465915940418434
5.5520000000000005,-0.16047180490360624,-2.9753970771988305,0.2853810739561507,-3.5365477420416433,-0.7465915940418434
5.553,-0.16344401482747087,-2.969003214163854,0.28183313092997025,-3.5479430261804388,-0.7465915940418434
5.554,-0.16640977226149445,-2.9624921399657227,0.2782738040149352,-3.5593269150350952,-0.7465915940418434
5.555,-0.16936896012264496,-2.955864111650512,0.2747037514930699,-3.570052521865256,-0.7142466872597854
5.556,-0.17232146158725928,-2.9491193908814157,0.2711229840899813,-3.5807674030885863,-0.7142466872597854
5.557,-0.17526716009562843,-2.9422582439284763,0.26753151252055063,-3.5914715694306936,-0.7142466872597854
5.558,-0.17820593935662574,-2.9352809416580117,0.26392934748894414,-3.6021650316064586,-0.7142466872597854
5.559,-0.1811376833522714,-2.9281877595219847,0.2603164996886241,-3.612847800320048,-0.7142466872597854
5.5600000000000005,-0.18406227634233902,-2.9209789775470645,0.2566936407979998,-3.6228588906243284,-0.6811969052300312
5.561,-0.18697960286889842,-2.913654880323636,0.25306078082816147,-3.6328599698383046,-0.6811969052300312
5.562,-0.18988954776090022,-2.9062157569945,0.2494179297801884,-3.642851047973067,-0.6811969052300312
5.563,-0.19279199613869613,-2.898661901243525,0.2457650976451587,-3.6528321350296946,-0.6811969052300312
5.564,-0.19568683341860052,-2.890993611283984,0.24210229440415942,-3.6628032409992657,-0.6811969052300312
5.565,-0.19857394531739106,-2.8832111898468433,0.23843020446911922,-3.672089935040214,-0.6474748640973742
5.566,-0.2014532178568303,-2.8753149441687853,0.2347488371267321,-3.681367342387121,-0.6474748640973742
5.567,-0.20432453736817494,-2.8673051859800496,0.23105820165440544,-3.6906354723266817,-0.6474748640973742
5.5680000000000005,-0.2071877904966439,-2.8591822314921846,0.22735830732026913,-3.6998943341363026,-0.6474748640973742
5.569,-0.21004286420590318,-2.8509464013855337,0.22364916338318502,-3.709143937084114,-0.6474748640973742
5.57,-0.2128896457825378,-2.8425980207965487,0.2199314663131691,-3.7176970700159333,-0.6131138434451762
5.571,-0.21572802284047918,-2.83413741930502,0.21620522466335426,-3.726241649814821,-0.6131138434451762
5.572,-0.21855788332546755,-2.825564930920988,0.21247044697832035,-3.73477768503391,-0.6131138434451762
5.573,-0.2213791155194501,-2.8168808940716348,0.20872714179410257,-3.7433051842177796,-0.6131138434451762
5.574,-0.2241916080450137,-2.8080856515878563,0.2049753176382001,-3.751824155902465,-0.6131138434451762
5.575,-0.2269952498697724,-2.799179550690756,0.20121568235138448,-3.7596352868156115,-0.5781477534524322
5.5760000000000005,-0.22978993031074432,-2.7901629429779575,0.19744824374478664,-3.7674386065978447,-0.5781477534524322
5.577,-0.23257553903872782,-2.7810361844097047,0.19367300962172634,-3.7752341230602955,-0.5781477534524322
5.578,-0.23535196608266634,-2.7717996352947774,0.18988998777772007,-3.7830218440062837,-0.5781477534524322
5.579,-0.23811910183396787,-2.762453660276341,0.18609918600048875,-3.790801777231326,-0.5781477534524322
5.58,-0.24087683705085736,-2.752998628317464,0.1823013228030061,-3.7978631974826653,-0.5426111014285335
5.581,-0.24362506286266725,-2.74343491268663,0.17849640524669233,-3.8049175563137534,-0.5426111014285335
5.582,-0.24636367077414514,-2.733762890942967,0.17468444038590633,-3.81196486078601,-0.5426111014285335
5.583,-0.24909255266974617,-2.7239829449213104,0.17086543526795253,-3.819005117953795,-0.5426111014285335
5.5840000000000005,-0.2518116008178825,-2.7140954607171937,0.1670393969330881,-3.826038334864412,-0.5426111014285335
5.585,-0.25452070787518605,-2.7041008286715753,0.1632070538574034,-3.8323430756847214,-0.5065389577586974
5.586,-0.25721976689075193,-2.693999443355403,0.15936841234563917,-3.8386415117642105,-0.5065389577586974
5.587,-0.25990867131035483,-2.6837917035540615,0.15552347869623154,-3.8449336494076203,-0.5065389577586974
5.588,-0.26258731498064625,-2.673478012251663,0.15167225920131816,-3.8512194949133867,-0.5065389577586974
5.589,-0.26525559215336675,-2.6630587766150566,0.14781476014674452,-3.857499054573647,-0.5065389577586974
5.59,-0.2679133974894964,-2.6525344079778486,0.14395171925279956,-3.8630408939449485,-0.4699669212937423
5.591,-0.27056062606343734,-2.6419053218240673,0.1400831420613227,-3.8685771914768785,-0.4699669212937423
5.5920000000000005,-0.2731971733671353,-2.6311719377718474,0.1362090341086114,-3.8741079527112765,-0.4699669212937423
5.593,-0.2758229353142142,-2.6203346795568243,0.13232940092542697,-3.87963318318444,-0.4699669212937423
5.594,-0.2784378082440944,-2.609393975015372,0.12844424803699983,-3.8851528884271307,-0.4699669212937423
5.595,-0.28104168892606407,-2.598350256067796,0.12455432167977676,-3.8899263572230702,-0.4329310842183273
5.596,-0.2836344745633783,-2.5872039587011866,0.12065962662722654,-3.8946950525502135,-0.4329310842183273
5.597,-0.28621606279729683,-2.57595552295229,0.1167601676480445,-3.8994589791820298,-0.4329310842183273
5.598,-0.28878635171113354,-2.5646053928901025,0.1128559495061573,-3.904218141887214,-0.4329310842183273
5.599,-0.29134523983428906,-2.5531540165982984,0.1089469769607276,-3.9089725454296933,-0.4329310842183273
5.6000000000000005,-0.293892626146236,-2.5416018461576324,0.10503400402791468,-3.91297293281291,-0.39546799643230895
5.601,-0.29642841008053034,-2.5299493376279862,0.10111703470810594,-3.9169693198087434,-0.39546799643230895
5.602,-0.2989524915287586,-2.518196951030471,0.09719607299768836,-3.920961710417581,-0.39546799643230895
5.603,-0.3014647708445099,-2.5063451503291727,0.09327112288905255,-3.9249501086358096,-0.39546799643230895
5.604,-0.3039651488473015,-2.494394403412876,0.08934218837059674,-3.92893451845582,-0.39546799643230895
5.605,-0.30645352682648835,-2.4823451820766205,0.08541003049406977,-3.9321578765269725,-0.3576146294804104
5.606,-0.3089298065451657,-2.4701979620030454,0.08147465248282972,-3.935378011240054,-0.3576146294804104
5.607,-0.31139389024405606,-2.4579532227435736,0.07753605755701129,-3.938594925818422,-0.3576146294804104
5.6080000000000005,-0.31384568064535123,-2.445611447699558,0.07359424893352907,-3.941808623482212,-0.3576146294804104
5.609,-0.3162850809565617,-2.4331731241031584,0.06964922982608074,-3.945019107448338,-0.3576146294804104
5.61,-0.31871199487434554,-2.4206387429980643,0.06570176757093854,-3.947462255142205,-0.31940834006577046
5.611,-0.3211263265882914,-2.408008799220209,0.061751864611250165,-3.9499029596883783,-0.31940834006577046
5.612,-0.32352798078472256,-2.3952837913781178,0.05779952338772016,-3.9523412235300053,-0.31940834006577046
5.613,-0.32591686265044095,-2.3824642218333247,0.053844746338612366,-3.9547770491077907,-0.31940834006577046
5.614,-0.3282928778764783,-2.3695505966805013,0.04988753589975237,-3.9572104388599985,-0.31940834006577046
5.615,-0.33065593266182725,-2.3565434257274265,0.04592866493466756,-3.9588709650848064,-0.28088683318338764
5.6160000000000005,-0.3330059337171256,-2.3434432224749675,0.04196813510388417,-3.9605298307833894,-0.28088683318338764
5.617,-0.33534278826835834,-2.3302505040967025,0.03800594806626789,-3.9621870376162738,-0.28088683318338764
5.618,-0.33766640406051174,-2.316965791418549,0.034042105479025565,-3.963842587242325,-0.28088683318338764
5.619,-0.3399766893612077,-2.303589608898246,0.030076608997706814,-3.9654964813187505,-0.28088683318338764
5.62,-0.3422735529643436,-2.290122484604546,0.026110236250371184,-3.9663727473356287,-0.24208812490983944
5.621,-0.34455690419367463,-2.2765649501964713,0.022142988113284693,-3.96724813708649,-0.24208812490983944
5.622,-0.34682665290640147,-2.2629175409022824,0.018174865461837095,-3.9681226514476,-0.24208812490983944
5.623,-0.3490827094967364,-2.249180795498298,0.014205869170542746,-3.9689962912943493,-0.24208812490983944
5.6240000000000006,-0.3513249848994258,-2.2353552562877215,0.010236000113041495,-3.969869057501252,-0.24208812490983944
5.625,-0.35355339059327356,-2.2214414690791844,0.006266039914500024,-3.9699601985414708,-0.20305050488600984
5.626,-0.3557678386046436,-2.207439983165149,0.002295988666059374,-3.9700512484406496,-0.20305050488600984
5.627,-0.3579682415109151,-2.1933513513003366,-0.0016741535412305554,-3.9701422072899293,-0.20305050488600984
5.628,-0.36015451244395413,-2.179176129679778,-0.005644386616410915,-3.9702330751803596,-0.20305050488600984
5.6290000000000004,-0.3623265650935226,-2.1649148779169827,-0.009614710468613815,-3.9703238522028994,-0.20305050488600984
5.63,-0.36448431371070616,-2.1505681590217196,-0.013584340246935108,-3.969629778321293,-0.1638124985298307
5.631,-0.36662767311127903,-2.136136539377917,-0.017553276645448677,-3.968936398513568,-0.1638124985298307
5.632,-0.36875655867908463,-2.1216205887211914,-0.021521520357534327,-3.968243712085651,-0.1638124985298307
5.633,-0.3708708863693684,-2.107020880116403,-0.02548907207587849,-3.967551718344162,-0.1638124985298307
5.634,-0.3729705727120909,-2.0923379899350647,-0.029455932492474905,-3.9668604165964148,-0.1638124985298307
5.635,-0.37505553481522835,-2.077572497832558,-0.03342131430523505,-3.9653818127601452,-0.12441282901634987
5.636,-0.3771256903680515,-2.0627249867251933,-0.037385218992762766,-3.963904687527712,-0.12441282901634987
5.6370000000000005,-0.37918095764436155,-2.047796042767303,-0.04134764803218328,-3.962429039420511,-0.12441282901634987
5.638,-0.3812212555057233,-2.032786255328051,-0.04530860289914469,-3.9609548669614174,-0.12441282901634987
5.639,-0.38324650340467525,-2.0176962169681083,-0.049268085067819475,-3.959482168674783,-0.12441282901634987
5.64,-0.38525662138789374,-2.002526523416386,-0.053225305561906834,-3.9572204940873608,-0.08489037906262942
5.641,-0.387251530099367,-1.987277773546377,-0.05718026664308136,-3.954961081174526,-0.08489037906262942
5.642,-0.38923115078351284,-1.9719505693526325,-0.061132970570755965,-3.9527039276746043,-0.08489037906262942
5.643,-0.39119540528829394,-1.9565455159269478,-0.06508341960208415,-3.950449031328182,-0.08489037906262942
5.644,-0.3931442160683103,-1.9410632214344197,-0.06903161599196225,-3.9481963898781065,-0.08489037906262942
5.6450000000000005,-0.3950775061878448,-1.9255042970895593,-0.07297676986850159,-3.9451538765393326,-0.04528415255520102
5.646,-0.3969951993239161,-1.909869357132041,-0.07691888427421549,-3.9421144057138973,-0.04528415255520102
5.647,-0.3988972197692849,-1.8941590188025061,-0.08085796224857478,-3.939077974359287,-0.04528415255520102
5.648,-0.4007834924354365,-1.8783739023182457,-0.0847940068280108,-3.936044579436032,-0.04528415255520102
5.649,-0.40265394285556017,-1.8625146308485958,-0.08872702104591851,-3.9330142179077,-0.04528415255520102
5.65,-0.40450849718747384,-1.8465818304904558,-0.09265621491432946,-3.929193868410951,-0.0056332360579374186
5.651,-0.4063470822165459,-1.8305761302435202,-0.09658159225359315,-3.9253773392636986,-0.0056332360579374186
5.652,-0.40816962535859186,-1.8144981619853935,-0.10050315688023875,-3.9215646266455937,-0.0056332360579374186
5.6530000000000005,-0.40997605466272696,-1.7983485604467493,-0.10442091260697886,-3.917755726740107,-0.0056332360579374186
5.654,-0.4117662988142134,-1.7821279631862235,-0.10833486324271338,-3.9139506357345253,-0.0056332360579374186
5.655,-0.41354028713728147,-1.765837010565184,-0.11224421946301694,-3.9093562203035574,0.034023239761666324
5.656,-0.4152979495979058,-1.7494763457225835,-0.11614898586230496,-3.9047663992880204,0.034023239761666324
5.657,-0.41703921680658596,-1.7330466145494186,-0.12004916703039846,-3.900181168093499,0.034023239761666324
5.658,-0.41876402002107205,-1.7165484656633625,-0.12394476755252863,-3.8956005221301724,0.034023239761666324
5.659,-0.42047229114908463,-1.699982550383102,-0.12783579200934145,-3.8910244568128087,0.034023239761666324
5.66,-0.4221639627510066,-1.6833495227025892,-0.13172145251892245,-3.885660509581001,0.07364613874973547
5.6610000000000005,-0.4238389680425415,-1.6666500392652575,-0.13560175444521888,-3.8803019262964256,0.07364613874973547
5.662,-0.4254972408973448,-1.6498847593381563,-0.139476703146814,-3.8749487015951343,0.07364613874973547
5.663,-0.4271387158496473,-1.6330543447857924,-0.14334630397693254,-3.8696008301185443,0.07364613874973547
5.664,-0.4287633280968248,-1.6161594600441527,-0.14721056228344598,-3.864258306513431,0.07364613874973547
5.665,-0.4303710135019713,-1.5992007720943193,-0.1510686924044951,-3.858130121049144,0.11319635788868276
5.666,-0.43196170859641797,-1.582178950436274,-0.15492070046826542,-3.852008063770321,0.11319635788868276
5.667,-0.43353535058224435,-1.565094667062409,-0.1587665925968142,-3.845892128548777,0.11319635788868276
5.668,-0.43509187733476296,-1.5479485964309403,-0.16260637490607666,-3.839782309262455,0.11319635788868276
5.6690000000000005,-0.43663122740496096,-1.5307414154393972,-0.16644005350587207,-3.8336785997954186,0.11319635788868276
5.67,-0.43815334002193174,-1.513473803397841,-0.17026684572974995,-3.82679222387788,0.15263486588715403
5.671,-0.4396581550952788,-1.4961464420019894,-0.17408675846408622,-3.819912734336259,0.15263486588715403
5.672,-0.44114561321747636,-1.4787600153064402,-0.1778997985883704,-3.8130401242841794,0.15263486588715403
5.673,-0.44261565566622807,-1.4613152096975097,-0.18170597297521257,-3.806174386842152,0.15263486588715403
5.674,-0.44406822440677185,-1.4438127138662926,-0.18550528849035014,-3.799315515137567,0.15263486588715403
5.675,-0.4455032620941826,-1.4262532187813353,-0.1892969662351386,-3.791677744788445,0.19192274169920454
5.676,-0.4469207120756313,-1.4086374176614176,-0.19308101384734827,-3.7840476122096725,0.19192274169920454
5.6770000000000005,-0.44832051839261805,-1.390966005948224,-0.19685743895711175,-3.776425109763479,0.19192274169920454
5.678,-0.44970262578318476,-1.3732396812788508,-0.20062624918693148,-3.7688102298197315,0.19192274169920454
5.679,-0.45106697968410137,-1.3554591434582037,-0.2043874521516874,-3.7612029647559275,0.19192274169920454
5.68,-0.45241352623300884,-1.337625094431511,-0.2081402734892199,-3.752821337532478,0.23102121293468214
5.681,-0.4537422122705582,-1.3197382382564506,-0.21188472158115615,-3.7444480919362517,0.23102121293468214
5.682,-0.4550529853424983,-1.301799281075498,-0.21562080480074178,-3.736083219585622,0.23102121293468214
5.683,-0.45634579370175105,-1.2838089310879859,-0.2193485315128491,-3.7277267121073425,0.23102121293468214
5.684,-0.45762058631045904,-1.265767898522087,-0.22306791007398566,-3.7193785611365415,0.23102121293468214
5.6850000000000005,-0.45887731284199146,-1.2476768956068964,-0.22677817142267861,-3.7102613486929474,0.2698916941228819
5.686,-0.46011592368293525,-1.2295366365442528,-0.2304793246761404,-3.701153253461797,0.2698916941228819
5.687,-0.4613363699350581,-1.2113478374804818,-0.23417137894246629,-3.6920542663258775,0.2698916941228819
5.688,-0.46253860341722897,-1.1931112164782673,-0.23785434332064337,-3.682964378177094,0.2698916941228819
5.689,-0.46372257666732986,-1.1748274934881602,-0.24152822690055983,-3.6738835799164593,0.2698916941228819
5.69,-0.4648882429441255,-1.156497390320216,-0.24519226668040053,-3.664039779840708,0.3084958247917416
5.691,-0.4660355562291046,-1.1381216306155637,-0.24884647250396558,-3.6542058235650323,0.3084958247917416
5.692,-0.4671644712283057,-1.1197009398176903,-0.2524908542052112,-3.6443817012456323,0.3084958247917416
5.6930000000000005,-0.4682749433740964,-1.1012360451439476,-0.2561254216082598,-3.634567403048552,0.3084958247917416
5.694,-0.4693669288269366,-1.0827276755567818,-0.25975018452740944,-3.6247629191496684,0.3084958247917416
5.695,-0.47044038447711284,-1.064176561734891,-0.26336438677349344,-3.614202246084018,0.3467955073250265
5.696,-0.47149526794643165,-1.045583436044526,-0.2669680389071849,-3.603652133691434,0.3467955073250265
5.697,-0.4725315375899024,-1.0269490325104103,-0.27056115147859616,-3.593112571411242,0.3467955073250265
5.698,-0.4735491524973726,-1.0082740867869098,-0.2741437350272895,-3.5825835486933304,0.3467955073250265
5.699,-0.47454807249514713,-0.9895593361289255,-0.27771580008228763,-3.5720650549981365,0.3467955073250265
5.7,-0.4755282581475771,-0.9708055193627269,-0.2812765980133396,-3.5607979310519373,0.38475294456004394
5.7010000000000005,-0.4764896707586102,-0.9520133768569089,-0.2848261400875693,-3.5495420742296844,0.38475294456004394
5.702,-0.4774322723733217,-0.9331836504931019,-0.2883644375608335,-3.5382974732642536,0.38475294456004394
5.703,-0.4783560257794149,-0.9143170836366401,-0.2918915016777333,-3.5270641168997883,0.38475294456004394
5.704,-0.47926089450868703,-0.8954144211072776,-0.295407343671625,-3.5158419938916876,0.38475294456004394
5.705,-0.4801468428384711,-0.8764764091497438,-0.29891122320998104,-3.503879538356018,0.42233067708889105
5.706,-0.4810138357930429,-0.8575037954043445,-0.30240315225525694,-3.491929045275884,0.42233067708889105
5.707,-0.4818618391450043,-0.8384973288774058,-0.30588314275794576,-3.4799905026888305,0.42233067708889105
5.708,-0.48269081941663683,-0.819457759911639,-0.3093512066565901,-3.4680638986443637,0.42233067708889105
5.7090000000000005,-0.48350074388121783,-0.8003858401566472,-0.31280735587779407,-3.4561492212039413,0.42233067708889105
5.71,-0.4842915805643153,-0.7812823225391877,-0.3162508591173723,-3.4435032395782095,0.45949162022638357
5.711,-0.48506329824505307,-0.7621479612333825,-0.31968172902130637,-3.4308699039341035,0.45949162022638357
5.712,-0.48581586645733665,-0.7429835116310956,-0.323099978222932,-3.418249201625642,0.45949162022638357
5.713,-0.48654925549106337,-0.7237897303119394,-0.3265056193429515,-3.4056411200194887,0.45949162022638357
5.714,-0.487263436393289,-0.704567375013557,-0.3298986649894465,-3.3930456464949414,0.45949162022638357
5.715,-0.48795838096937366,-0.6853172046016434,-0.33327839360828276,-3.3797286188362836,0.4961991006081351
5.716,-0.4886340617840971,-0.6660399790399214,-0.33664481851648803,-3.3664249082052846,0.4961991006081351
5.7170000000000005,-0.489290452162736,-0.6467364593602918,-0.33999795301777297,-3.3531345012849165,0.4961991006081351
5.718,-0.48992752619212293,-0.6274074076326368,-0.34333781040254446,-3.3398573847714688,0.4961991006081351
5.719,-0.4905452587216669,-0.6080535869348003,-0.346664403947919,-3.3265935453745348,0.4961991006081351
5.72,-0.4911436253643438,-0.588675761322528,-0.3499770225619005,-3.3126186139815053,0.5324168923827524
5.721,-0.49172260249766464,-0.5692746957991509,-0.35327568021942035,-3.2986576575198687,0.5324168923827524
5.722,-0.4922821672646027,-0.5498511562855383,-0.35656039088143504,-3.2847106620146937,0.5324168923827524
5.723,-0.49282229757449875,-0.5304059095897934,-0.35983116849494007,-3.270777613505024,0.5324168923827524
5.724,-0.493342972103934,-0.5109397233769163,-0.3630880269929839,-3.2568584980438637,0.5324168923827524
5.7250000000000005,-0.4938441702975691,-0.4914533661386292,-0.3663302664474705,-3.242239454486572,0.5681092529624
5.726,-0.4943258723689569,-0.4719476071629719,-0.3695579014774434,-3.2276350299728374,0.5681092529624
5.727,-0.49478805930132563,-0.45242321650386547,-0.372770946687327,-3.2130452098836164,0.5681092529624
5.728,-0.4952307128483255,-0.4328809649508663,-0.3759694166669415,-3.198469979614485,0.5681092529624
5.729,-0.4956538155347534,-0.4133216239985596,-0.37915332599151713,-3.1839093245756223,0.5681092529624
5.73,-0.4960573506572392,-0.3937459658162575,-0.38232198658760225,-3.1686605960851195,0.6032409582963651
5.731,-0.49644130228490685,-0.37415476321744806,-0.38547541370392535,-3.153427116323107,0.6032409582963651
5.732,-0.49680565526000403,-0.35454878962924247,-0.3886136225739662,-3.1382088700408564,0.6032409582963651
5.7330000000000005,-0.49715039519849946,-0.33492881906188493,-0.39173662841597107,-3.123005842004888,0.6032409582963651
5.734,-0.49747550849064986,-0.31529562607826295,-0.394844446432968,-3.107818016996956,0.6032409582963651
5.735,-0.49778098230153994,-0.2956499857631738,-0.3979364010851953,-3.091954652227299,0.6377773376329907
5.736,-0.49806680457158603,-0.2759926736929028,-0.4010125082360177,-3.076107150822412,0.6377773376329907
5.737,-0.4983329640170149,-0.25632446590442737,-0.40407278373293665,-3.0602754969189294,0.6377773376329907
5.738,-0.498579450130307,-0.23664613886493574,-0.407117243407606,-3.044459674669351,0.6377773376329907
5.739,-0.4988062531806125,-0.21695846944110708,-0.41014590307584803,-3.0286596682420215,0.6377773376329907
5.74,-0.4990133642141358,-0.19726223486837507,-0.4131581003982671,-3.0121973224190692,0.6716843077355183
5.7410000000000005,-0.4992007750544876,-0.17755821272037747,-0.41615385183720904,-2.99575143894194,0.6716843077355183
5.742,-0.49936847830300873,-0.1578471808781923,-0.4191331738385573,-2.9793220013482875,0.6716843077355183
5.743,-0.4995164673390624,-0.13812991749956144,-0.42209608283174954,-2.962908993192229,0.6716843077355183
5.744,-0.4996447363202946,-0.1184072009883263,-0.4250425952297939,-2.946512398044326,0.6716843077355183
5.745,-0.4997532801828658,-0.09867980996351947,-0.4279720625473098,-2.92946731751592,0.7049284065180981
5.746,-0.49984209464164997,-0.07894852322880445,-0.4308845018293778,-2.9124392820680423,0.7049284065180981
5.747,-0.4999111761904044,-0.059214119741573895,-0.43377993010403343,-2.8954282746556124,0.7049284065180981
5.748,-0.49996052210190806,-0.03947737858226444,-0.436658364382284,-2.878434278250595,0.7049284065180981
5.7490000000000006,-0.49999013042806856,-0.019739078923644657,-0.439519821658126,-2.8614572758419823,0.7049284065180981
5.75,-0.5,-1.0005032192373928e-14,-0.44236366794017074,-2.8438462820447636,0.7374768260688436
5.751,-0.49999013042806856,0.01973907892364697,-0.44518992083941206,-2.826252899241342,0.7374768260688436
5.752,-0.4999605221019081,0.039477378582244434,-0.4479985979492328,-2.808677109820724,0.7374768260688436
5.753,-0.49991117619040454,0.05921411974155388,-0.45078971684542235,-2.791118896189526,0.7374768260688436
5.7540000000000004,-0.49984209464164997,0.07894852322880676,-0.4535632950861943,-2.77357824077196,0.7374768260688436
5.755,-0.4997532801828658,0.09867980996352177,-0.45631871379982497,-2.755418713630642,0.7692974450273015
5.756,-0.4996447363202946,0.11840720098832862,-0.45905599114584145,-2.737277346016465,0.7692974450273015
5.757000000000001,-0.49951646733906224,0.13812991749958606,-0.46177514526561136,-2.7191541197699025,0.7692974450273015
5.758,-0.49936847830300873,0.1578471808781946,-0.464476194282361,-2.7010490167495864,0.7692974450273015
5.759,-0.4992007750544874,0.17755821272040206,-0.46715915630119326,-2.6829620188322907,0.7692974450273015
5.76,-0.4990133642141358,0.19726223486837738,-0.46982342818080103,-2.6642718796077722,0.8003588602843154
5.761,-0.4988062531806127,0.21695846944108715,-0.4724690286113235,-2.645600430522478,0.8003588602843154
5.7620000000000005,-0.498579450130307,0.23664613886493807,-0.4750959762642098,-2.6269476528862694,0.8003588602843154
5.763,-0.49833296401701516,0.2563244659044074,-0.4777042897922375,-2.608313528027697,0.8003588602843154
5.764,-0.4980668045715863,0.2759926736928829,-0.4802939878295315,-2.589698037293983,0.8003588602843154
5.765,-0.4977809823015403,0.2956499857631539,-0.4828644835604287,-2.5704957308972265,0.8306304179731234
5.766,-0.4974755084906502,0.315295626078243,-0.48541579618723557,-2.5513126268068667,0.8306304179731234
5.767,-0.4971503951984994,0.33492881906188715,-0.48794794489305615,-2.5321487058205974,0.8306304179731234
5.768,-0.49680565526000436,0.3545487896292226,-0.49046094884181146,-2.513003948755314,0.8306304179731234
5.769,-0.49644130228490685,0.3741547632174504,-0.49295482717825856,-2.4938783364470964,0.8306304179731234
5.7700000000000005,-0.4960573506572387,0.3937459658162819,-0.4954290099914948,-2.4741828132362285,0.8600822437210532
5.771,-0.49565381553475335,0.413321623998562,-0.49788351697704336,-2.454506985548571,0.8600822437210532
5.772,-0.4952307128483254,0.4328809649508686,-0.5003183678107319,-2.4348508336886012,0.8600822437210532
5.773,-0.4947880593013256,0.45242321650386785,-0.5027335821487124,-2.4152143379804913,0.8600822437210532
5.774,-0.49432587236895686,0.4719476071629742,-0.5051291796274805,-2.3955974787680896,0.8600822437210532
5.775,-0.49384417029756905,0.49145336613863144,-0.5075046078033272,-2.3754281758466846,0.8886852721318391
5.776,-0.49334297210393396,0.5109397233769185,-0.5098598868455554,-2.3552790422282013,0.8886852721318391
5.777,-0.4928222975744993,0.5304059095897737,-0.5121950369032987,-2.3351500577433364,0.8886852721318391
5.7780000000000005,-0.49228216726460267,0.5498511562855406,-0.5145100781055416,-2.315041202242956,0.8886852721318391
5.779,-0.4917226024976652,0.5692746957991314,-0.5168050305611397,-2.2949524555980765,0.8886852721318391
5.78,-0.4911436253643444,0.5886757613225082,-0.5190793598387727,-2.274329277633083,0.9164112754697659
5.781,-0.4905452587216675,0.6080535869347806,-0.5213330865616188,-2.2537267228460545,0.9164112754697659
5.782,-0.4899275261921236,0.6274074076326173,-0.5235662313322326,-2.233144770613813,0.9164112754697659
5.783,-0.48929045216273587,0.646736459360294,-0.5257788147325664,-2.212583400333804,0.9164112754697659
5.784,-0.48863406178409696,0.6660399790399236,-0.5279708573239904,-2.192042591424075,0.9164112754697659
5.785,-0.4879583809693736,0.6853172046016457,-0.5301418432149927,-2.170985891002312,0.9432328915169498
5.7860000000000005,-0.4872634363932881,0.704567375013581,-0.5322917934622736,-2.1499502472809704,0.9432328915169498
5.787,-0.48654925549106326,0.7237897303119416,-0.534420729101477,-2.1289356392033505,0.9432328915169498
5.788,-0.4858158664573366,0.7429835116310978,-0.5365286711472108,-2.1079420457338083,0.9432328915169498
5.789,-0.485063298245053,0.7621479612333846,-0.5386156405930685,-2.0869694458577355,0.9432328915169498
5.79,-0.48429158056431615,0.7812823225391684,-0.5406811405964689,-2.0655000034003463,0.9691236505765759
5.791,-0.4835007438812177,0.8003858401566495,-0.5427251926268543,-2.0440520303854144,0.9691236505765759
5.792,-0.48269081941663766,0.8194577599116196,-0.5447478181321977,-2.0226255053434974,0.9691236505765759
5.793,-0.48186183914500513,0.8384973288773865,-0.5467490385390243,-2.001220406826622,0.9691236505765759
5.7940000000000005,-0.4810138357930428,0.8575037954043466,-0.5487288752524326,-1.979836713408264,0.9691236505765759
5.795,-0.480146842838472,0.8764764091497245,-0.5506868509690955,-1.9579757166629492,0.9940580015953178
5.796,-0.4792608945086879,0.8954144211072586,-0.5526229875500099,-1.93613658091438,0.9940580015953178
5.797,-0.47835602577941577,0.9143170836366209,-0.5545373068343115,-1.9143192843015593,0.9940580015953178
5.798,-0.4774322723733216,0.9331836504931043,-0.5564298306392969,-1.8925238049853514,0.9940580015953178
5.799,-0.47648967075860904,0.9520133768569324,-0.5583005807604453,-1.8707501211484598,0.9940580015953178
5.8,-0.475528258147577,0.970805519362729,-0.5601490999047251,-1.8485191442797295,1.018011337379093
5.801,-0.474548072495147,0.9895593361289277,-0.5619754103031129,-1.826310398387868,1.018011337379093
5.8020000000000005,-0.47354915249737134,1.008274086786933,-0.5637795341643548,-1.8041238612418982,1.018011337379093
5.803,-0.47253153758990224,1.0269490325104127,-0.5655614936749879,-1.7819595106330743,1.018011337379093
5.804,-0.4714952679464327,1.045583436044507,-0.5673213109993628,-1.7598173243748594,1.018011337379093
5.805,-0.4704403844771127,1.064176561734893,-0.5690585493060357,-1.737238306672936,1.040960018877426
5.806,-0.4693669288269377,1.0827276755567632,-0.5707732311740245,-1.7146818679887146,1.040960018877426
5.807,-0.46827494337409625,1.1012360451439498,-0.5724653791597676,-1.6921479857431774,1.040960018877426
5.808,-0.46716447122830684,1.1197009398176716,-0.5741350157971474,-1.6696366373798857,1.040960018877426
5.809,-0.46603555622910575,1.138121630615545,-0.5757821635975124,-1.6471478003649573,1.040960018877426
5.8100000000000005,-0.4648882429441254,1.156497390320218,-0.5774064066221067,-1.6242430245943458,1.0628813985123267
5.811,-0.4637225766673311,1.1748274934881415,-0.5790077677757063,-1.601361153599505,1.0628813985123267
5.812,-0.46253860341722886,1.1931112164782696,-0.5805862699401819,-1.578502164475659,1.0628813985123267
5.813,-0.461336369935058,1.211347837480484,-0.5821419359745229,-1.5556660343409368,1.0628813985123267
5.814,-0.46011592368293514,1.2295366365442548,-0.5836747887148592,-1.5328527403363492,1.0628813985123267
5.815,-0.4588773128419899,1.247676895606919,-0.5851844335256047,-1.5096448107454385,1.083753842528719
5.816,-0.4576205863104589,1.2657678985220893,-0.5866708936146888,-1.4864600890841186,1.083753842528719
5.817,-0.4563457937017509,1.2838089310879879,-0.5881341921668333,-1.4632985521444601,1.083753842528719
5.8180000000000005,-0.4550529853424981,1.3017992810755,-0.589574352343575,-1.4401601767417413,1.083753842528719
5.819,-0.4537422122705581,1.3197382382564529,-0.5909913972832894,-1.4170449397144251,1.083753842528719
5.82,-0.45241352623301023,1.3376250944314927,-0.5923849540430173,-1.393556759727824,1.1035567523443337
5.821,-0.45106697968410275,1.3554591434581855,-0.5937550461109384,-1.3700920679212094,1.1035567523443337
5.822,-0.44970262578318615,1.3732396812788328,-0.5951016969517449,-1.3466508408064015,1.1035567523443337
5.823,-0.4483205183926179,1.390966005948226,-0.5964249300066635,-1.3232330549187084,1.1035567523443337
5.824,-0.4469207120756327,1.4086374176613996,-0.5977247686934805,-1.299838686816903,1.1035567523443337
5.825,-0.44550326209418406,1.4262532187813175,-0.599000862129913,-1.276093436432525,1.122270584878059
5.8260000000000005,-0.4440682244067717,1.4438127138662946,-0.6002532340612116,-1.2523719312985313,1.122270584878059
5.827,-0.4426156556662279,1.4613152096975117,-0.6014819082088813,-1.2286741476696716,1.122270584878059
5.828,-0.4411456132174762,1.4787600153064422,-0.6026869082707057,-1.2050000618244407,1.122270584878059
5.829,-0.4396581550952786,1.4961464420019914,-0.6038682579207707,-1.181349650065055,1.122270584878059
5.83,-0.43815334002193157,1.513473803397843,-0.605025628683749,-1.157370762978259,1.1398768718365475
5.831,-0.4366312274049591,1.5307414154394186,-0.6061590445385275,-1.1334158547785498,1.1398768718365475
5.832,-0.4350918773347628,1.5479485964309423,-0.6072685294400145,-1.1094849014870403,1.1398768718365475
5.833,-0.43353535058224596,1.5650946670623918,-0.6083541073191634,-1.0855778791488222,1.1398768718365475
5.8340000000000005,-0.4319617085964178,1.5821789504362758,-0.6094158020829963,-1.0616947638329424,1.1398768718365475
5.835,-0.43037101350197293,1.599200772094302,-0.6104533079873066,-1.037505904310305,1.15635823794022
5.836,-0.4287633280968265,1.6161594600441354,-0.6114666492209537,-1.0133412336471903,1.15635823794022
5.837,-0.42713871584964896,1.6330543447857753,-0.6124558499486085,-0.9892007276547388,1.15635823794022
5.838,-0.4254972408973465,1.6498847593381392,-0.6134209343107767,-0.9650843621682796,1.15635823794022
5.839,-0.42383896804254134,1.6666500392652592,-0.614361926423824,-0.940992113047307,1.15635823794022
5.84,-0.4221639627510083,1.6833495227025725,-0.6152785435763969,-0.9166171525728478,1.1716984180705952
5.841,-0.42047229114908447,1.6999825503831043,-0.6161708101434558,-0.8922665670588631,1.1716984180705952
5.8420000000000005,-0.41876402002106994,1.7165484656633831,-0.6170387504755862,-0.8679403321303923,1.1716984180705952
5.843,-0.41703921680658573,1.7330466145494205,-0.617882388899023,-0.84363842343685,1.1716984180705952
5.844,-0.41529794959790556,1.7494763457225857,-0.618701749715675,-0.8193608166520012,1.1716984180705952
5.845,-0.41354028713728125,1.7658370105651862,-0.6194965735260439,-0.7948238103689104,1.1858822733219436
5.846,-0.41176629881421317,1.7821279631862252,-0.620266884867136,-0.7703113410921025,1.1858822733219436
5.847,-0.40997605466272674,1.7983485604467513,-0.6210127082514205,-0.7458233842845715,1.1858822733219436
5.848,-0.40816962535859164,1.814498161985395,-0.6217340681668544,-0.721359915433848,1.1858822733219436
5.849,-0.4063470822165478,1.8305761302435042,-0.6224309890769064,-0.6969209100519753,1.1858822733219436
5.8500000000000005,-0.4045084971874736,1.8465818304904573,-0.6231032351499295,-0.6722460730230915,1.1988958059415955
5.851,-0.40265394285556205,1.8625146308485798,-0.6237508310607607,-0.6475959108312365,1.1988958059415955
5.852,-0.4007834924354384,1.8783739023182298,-0.6243738014595622,-0.6229703988015733,1.1988958059415955
5.853,-0.3988972197692868,1.89415901880249,-0.6249721709718462,-0.5983695122839399,1.1988958059415955
5.854,-0.396995199323918,1.909869357132025,-0.6255459641984991,-0.5737932266528241,1.1988958059415955
5.855,-0.3950775061878446,1.925504297089561,-0.6260949691084623,-0.5490049099632908,1.2107261731440244
5.856,-0.39314421606831007,1.9410632214344214,-0.6266192104900528,-0.524241381590447,1.2107261731440244
5.857,-0.3911954052882937,1.95654551592695,-0.6271187131067988,-0.499502616745976,1.2107261731440244
5.8580000000000005,-0.38923115078351034,1.9719505693526518,-0.6275935016974651,-0.47478859066634954,1.2107261731440244
5.859,-0.3872515300993668,1.9872777735463787,-0.6280436009760779,-0.4500992786128027,1.2107261731440244
5.86,-0.3852566213878935,2.0025265234163876,-0.6284688229214164,-0.4252219453384874,1.2213616997851258
5.861,-0.38324650340467503,2.01769621696811,-0.6288691924108138,-0.4003694893974464,1.2213616997851258
5.862,-0.38122125550572533,2.0327862553280354,-0.6292447342967262,-0.37554188591234644,1.2213616997851258
5.863,-0.3791809576443613,2.047796042767305,-0.6295954734067569,-0.3507391100307316,1.2213616997851258
5.864,-0.3771256903680536,2.062724986725178,-0.6299214345436819,-0.32596113692499834,1.2213616997851258
5.865,-0.3750555348152304,2.0775724978325427,-0.6302224538816723,-0.30101933799039005,1.2307918898841652
5.8660000000000005,-0.37297057271209066,2.092337989935067,-0.630498556362527,-0.27610248085471634,1.2307918898841652
5.867,-0.37087088636937054,2.107020880116388,-0.6307497669031032,-0.2512105405761783,1.2307918898841652
5.868,-0.3687565586790868,2.1216205887211768,-0.6309761103953412,-0.22634349223791883,1.2307918898841652
5.869,-0.3666276731112812,2.1361365393779024,-0.6311776117062892,-0.20150131094799761,1.2307918898841652
5.87,-0.3644843137107059,2.1505681590217214,-0.6313541313671865,-0.17651966089740798,1.239007436982082
5.871,-0.36232656509352235,2.1649148779169844,-0.6315056943596834,-0.15156299249686894,1.239007436982082
5.872,-0.36015451244395386,2.17917612967978,-0.6316323256404481,-0.12663128076473043,1.239007436982082
5.873,-0.3579682415109149,2.193351351300338,-0.6317340501411924,-0.10172450074432406,1.239007436982082
5.8740000000000006,-0.35576783860464084,2.207439983165166,-0.6318108927686964,-0.0768426275039381,1.239007436982082
5.875,-0.35355339059327334,2.2214414690791857,-0.6318627385489063,-0.05184578020991849,1.2460002333257831
5.876,-0.35132498489942554,2.2353552562877232,-0.6318896124786695,-0.026873929763192913,1.2460002333257831
5.877,-0.3490827094967362,2.249180795498299,-0.6318915395298363,-0.001927051166914058,1.2460002333257831
5.878,-0.34682665290640374,2.262917540902268,-0.6318685446492855,0.022994880550768516,1.2460002333257831
5.8790000000000004,-0.34455690419367435,2.2765649501964726,-0.6318206527589488,0.04789189033673341,1.2460002333257831
5.88,-0.3422735529643459,2.2901224846045323,-0.6317477734929451,0.07287926600378758,1.2517633778695454
5.881,-0.33997668936121,2.3035896088982324,-0.6316499318386499,0.09784165429517469,1.2517633778695454
5.882000000000001,-0.33766640406051146,2.3169657914185504,-0.6315271527584516,0.12277908019827043,1.2517633778695454
5.883,-0.3353427882683607,2.330250504096689,-0.6313794611897762,0.14769156867546307,1.2517633778695454
5.884,-0.33300593371712534,2.343443222474969,-0.631206882045112,0.1725791446641785,1.2517633778695454
5.885,-0.33065593266182697,2.3565434257274283,-0.6310093496559308,0.19753238918122523,1.256291183085545
5.886,-0.32829287787647804,2.3695505966805026,-0.6307868889754771,0.22246068045375492,1.256291183085545
5.8870000000000005,-0.325916862650438,2.382464221833341,-0.630539524932042,0.24736404343501206,1.256291183085545
5.888,-0.3235279807847223,2.395283791378119,-0.6302672824289888,0.27224250305328795,1.256291183085545
5.889,-0.3211263265882911,2.40800879922021,-0.6299701863447769,0.29709608421194555,1.256291183085545
5.89,-0.31871199487434526,2.420638742998066,-0.6296481957730375,0.3219905717392676,1.2595791805766994
5.891,-0.31628508095656144,2.43317312410316,-0.6293013356082585,0.34686016477906234,1.2595791805766994
5.892,-0.31384568064535096,2.445611447699559,-0.6289296307200327,0.37170488822581726,1.2595791805766994
5.893,-0.3113938902440585,2.4579532227435616,-0.6285331059530835,0.3965247669491254,1.2595791805766994
5.894,-0.3089298065451682,2.4701979620030334,-0.6281117861272898,0.4213198257937103,1.2595791805766994
5.8950000000000005,-0.306453526826488,2.482345182076622,-0.6276656551388121,0.44613098847764615,1.261624125486477
5.896,-0.3039651488473041,2.4943944034128642,-0.6271947377988132,0.47091733999889807,1.261624125486477
5.897,-0.30146477084451245,2.5063451503291607,-0.6266990588936445,0.4956789051686287,1.261624125486477
5.898,-0.29895249152876113,2.518196951030459,-0.6261786431848714,0.5204157087731897,1.261624125486477
5.899,-0.29642841008053006,2.5299493376279876,-0.6256335154092972,0.545127775574146,1.261624125486477
5.9,-0.2938926261462357,2.5416018461576337,-0.6250636842815046,0.5698311277925953,1.2624239997011695
5.901,-0.2913452398342888,2.5531540165982998,-0.6244691745048457,0.5945097766588261,1.2624239997011695
5.902,-0.28878635171113326,2.564605392890104,-0.6238500107579695,0.6191637468761907,1.2624239997011695
5.9030000000000005,-0.2862160627972936,2.575955522952304,-0.6232062176948462,0.6437930631233378,1.2624239997011695
5.904,-0.28363447456337804,2.5872039587011875,-0.622537819944792,0.6683977500542378,1.2624239997011695
5.905,-0.2810416889260667,2.5983502560677847,-0.621844851032211,0.6929689125810139,1.2619780138415146
5.906,-0.2784378082440941,2.6093939750153727,-0.6211273355282657,0.7175155039452632,1.2619780138415146
5.907,-0.27582293531421687,2.620334679556813,-0.6203852979795476,0.7420375487181482,1.2619780138415146
5.908,-0.27319717336713495,2.6311719377718488,-0.6196187629081013,0.7665350714462603,1.2619780138415146
5.909,-0.27056062606344,2.6419053218240567,-0.6188277548114496,0.7910080966516444,1.2619780138415146
5.91,-0.26791339748949905,2.6525344079778375,-0.6180123319907338,0.815422820715828,1.260286608041759
5.9110000000000005,-0.26525559215336647,2.663058776615058,-0.6171725188606778,0.8398131300559473,1.260286608041759
5.912,-0.26258731498064897,2.673478012251653,-0.616308339811591,0.8641790490867265,1.260286608041759
5.913,-0.2599086713103545,2.683791703554063,-0.6154198192093926,0.888520602198475,1.260286608041759
5.914,-0.25721976689075465,2.6939994433553927,-0.6145069813956355,0.9128378137571117,1.260286608041759
5.915,-0.2545207078751857,2.704100828671576,-0.6135699093906619,0.9370720049736594,1.2573514515152389
5.916,-0.2518116008178791,2.714095460717206,-0.612608627428663,0.9612819619989905,1.2573514515152389
5.917,-0.24909255266974584,2.7239829449213113,-0.6116231597195957,0.9854677090672963,1.2573514515152389
5.918,-0.24636367077414484,2.733762890942968,-0.6106135304492072,1.0096292703885337,1.2573514515152389
5.9190000000000005,-0.24362506286266694,2.743434912686631,-0.6095797637790588,1.0337666701484498,1.2573514515152389
5.92,-0.24087683705085702,2.7529986283174654,-0.6085219673667623,1.0577964122964436,1.253175440907108
5.921,-0.23811910183397067,2.762453660276331,-0.60744016524206,1.0818021247022893,1.253175440907108
5.922,-0.23535196608266915,2.771799635294768,-0.6063343814106643,1.105783831395729,1.253175440907108
5.923,-0.23257553903873066,2.7810361844096954,-0.6052046398542819,1.1297415563824755,1.253175440907108
5.924,-0.22978993031074402,2.790162942977959,-0.6040509645306377,1.1536753236442352,1.253175440907108
5.925,-0.22699524986977523,2.799179550690747,-0.6028734876283683,1.1774769022693046,1.2477626974356784
5.926,-0.22419160804501656,2.808085651587847,-0.6016722329490526,1.2012546793157488,1.2477626974356784
5.9270000000000005,-0.22137911551944978,2.8168808940716357,-0.6004472242704675,1.2250086785851466,1.2477626974356784
5.928,-0.21855788332546724,2.8255649309209887,-0.5991984853466122,1.248738923855275,1.2477626974356784
5.929,-0.21572802284047884,2.8341374193050206,-0.5979260399077321,1.2724454388801334,1.2477626974356784
5.93,-0.21288964578253747,2.84259802079655,-0.5966300445430344,1.2959953646977596,1.2411185628253143
5.931,-0.21004286420590285,2.850946401385535,-0.5953105228024448,1.319521740589568,1.2411185628253143
5.932,-0.20718779049664032,2.859182231492195,-0.5939674982123393,1.3430245901054847,1.2411185628253143
5.933,-0.20432453736817457,2.867305185980051,-0.5926009942755674,1.3665039367718854,1.2411185628253143
5.934,-0.20145321785682996,2.875314944168786,-0.5912110344714758,1.38995980409162,1.2411185628253143
5.9350000000000005,-0.19857394531739073,2.8832111898468447,-0.5897977996353077,1.413234836168223,1.2332495940347377
5.936,-0.19568683341860343,2.890993611283976,-0.5883613130420949,1.4364865932127495,1.2332495940347377
5.937,-0.19279199613869905,2.898661901243517,-0.5869015979435948,1.4597150985002316,1.2332495940347377
5.938,-0.18988954776090317,2.9062157569944924,-0.5854186775683123,1.482920375282426,1.2332495940347377
5.939,-0.18697960286890136,2.9136548803236284,-0.5839125751215245,1.5061024467878383,1.2332495940347377
5.94,-0.18406227634233865,2.9209789775470654,-0.5823834955060477,1.5290796154767734,1.2241635567861398
5.941,-0.18113768335227437,2.928187759521978,-0.5808314616990508,1.5520338069970194,1.2241635567861398
5.942,-0.1782059393566254,2.935280941658013,-0.579256496654725,1.5749650443257452,1.2241635567861398
5.9430000000000005,-0.17526716009562807,2.9422582439284772,-0.5776586233043078,1.5978733504171423,1.2241635567861398
5.944,-0.17232146158725895,2.949119390881416,-0.5760378645561054,1.620758748202448,1.2241635567861398
5.945,-0.16936896012264463,2.9558641116505124,-0.5743944491782931,1.6434153778122722,1.213869417901341
5.946,-0.16640977226149412,2.962492139965723,-0.5727283998275006,1.6660493507924867,1.213869417901341
5.947,-0.16344401482747054,2.969003214163855,-0.5710397391377009,1.688660689799721,1.213869417901341
5.948,-0.1604718049036059,2.9753970771988314,-0.569328489720233,1.711249417467948,1.213869417901341
5.949,-0.15749325982765205,2.9816734766519035,-0.5675946741638245,1.733815556408507,1.213869417901341
5.95,-0.15450849718747525,2.9878321647415524,-0.5658385448762433,1.7561292875811507,1.202377336452612
5.9510000000000005,-0.15151763481638703,2.993872898333333,-0.5640601241712206,1.7784207050226217,1.202377336452612
5.952,-0.14852079078851937,2.999795438949412,-0.562259434340174,1.8006898310466513,1.202377336452612
5.953,-0.14551808341413633,3.0055995527780404,-0.5604364976522294,1.822936687944657,1.202377336452612
5.954,-0.14250963123499036,3.0112850106827294,-0.5585913363542436,1.8451612979857646,1.202377336452612
5.955,-0.13949555301961541,3.016851588211349,-0.5567242262444811,1.8671101097625173,1.1896986537369316
5.956,-0.1364759677586619,3.0222990656049427,-0.5548351892717537,1.8890369727274934,1.1896986537369316
5.957,-0.13345099466018895,3.0276272278064256,-0.5529242473629242,1.9109419088295045,1.1896986537369316
5.958,-0.1304207531449481,3.0328358644690887,-0.5509914224229289,1.9328249399954136,1.1896986537369316
5.9590000000000005,-0.1273853628416892,3.037924769964869,-0.5490367363347987,1.9546860881301569,1.1896986537369316
5.96,-0.12434494358242741,3.042893743392486,-0.547060488015115,1.9762483196836955,1.1758458820834412
5.961,-0.1212996153977022,3.0477425885853884,-0.5450626990261093,1.9977889890056806,1.1758458820834412
5.962,-0.11824949851186274,3.052471114119459,-0.5430433909084509,2.0193081176583436,1.1758458820834412
5.963,-0.11519471333829416,3.057079133320617,-0.5410025851812685,2.040805727182354,1.1758458820834412
5.964,-0.11213538047469138,3.0615664642721447,-0.5389403033421717,2.0622818390968405,1.1758458820834412
5.965,-0.10907162069827399,3.065932929821904,-0.5368568671310638,2.08343621110785,1.1608326925053145
5.966,-0.10600355496102848,3.070178357589317,-0.534752297702317,2.1045694287468484,1.1608326925053145
5.9670000000000005,-0.10293130438494028,3.07430257997216,-0.5326266161891489,2.1256815131682076,1.1608326925053145
5.968,-0.09985499025720505,3.0783054341531897,-0.5304798437036438,2.1467724855051458,1.1608326925053145
5.969,-0.09677473402543013,3.0821867621065873,-0.528312001336774,2.167842366869747,1.1608326925053145
5.97,-0.09369065729286426,3.085946410604161,-0.5261234333342469,2.18856800252704,1.144673901208144
5.971,-0.09060288181356907,3.089584231221435,-0.5239141604216982,2.2092729125486756,1.144673901208144
5.972,-0.08751152948763685,3.0931000803434765,-0.521684203304038,2.2299571176602897,1.144673901208144
5.973,-0.08441672235636771,3.096493819170577,-0.5194335826654711,2.2506206385667924,1.144673901208144
5.974,-0.08131858259744101,3.099765313723748,-0.5171623191695187,2.2712634959523883,1.144673901208144
5.9750000000000005,-0.07821723252011309,3.10291443484998,-0.5148707792279629,2.2915399415557975,1.1273854549680888
5.976,-0.07511279456037813,3.1059410582273626,-0.5125589831172492,2.3117961107136034,1.1273854549680888
5.977,-0.07200539127612411,3.108845064369992,-0.510226951093547,2.3320320237022516,1.1273854549680888
5.978,-0.06889514534231901,3.111626338632672,-0.5078747033927691,2.352247700777911,1.1273854549680888
5.979,-0.0657821795461432,3.1142847712154613,-0.5055022602305926,2.372443162176495,1.1273854549680888
5.98,-0.06266661678215249,3.116820257167995,-0.5031100098232705,2.392250407322205,1.1089844153943305
5.981,-0.059548580047437204,3.1192326963936243,-0.5006979719780477,2.4120378452227693,1.1089844153943305
5.982,-0.05642819243674161,3.121521993653385,-0.4982661664823622,2.4318054956854334,1.1089844153943305
5.9830000000000005,-0.05330557713762915,3.123688058569737,-0.4958146131038646,2.4515533784976347,1.1089844153943305
5.984,-0.0501808574256086,3.1257308056301456,-0.4933433315904376,2.471281513427024,1.1089844153943305
5.985,-0.04705415665925674,3.127650154190458,-0.4908527315796822,2.4906000107554247,1.089488942091392
5.986,-0.04392559827537313,3.129446028478076,-0.4883428323900957,2.509899189586497,1.089488942091392
5.987,-0.04079530578407874,3.1311183575949615,-0.48581365332085696,2.5291790692387384,1.089488942091392
5.988,-0.03766340276396475,3.132667075520423,-0.48326521365184566,2.5484396690113273,1.089488942091392
5.989,-0.03453001285720326,3.1340921211137256,-0.4806975326436615,2.567681008184144,1.089488942091392
5.99,-0.03139525976465547,3.135393438116514,-0.4781110409509908,2.586491692670714,1.068918274737723
5.9910000000000005,-0.028259267241013013,3.1365709751550175,-0.475505757384518,2.605283566472798,1.068918274737723
5.992,-0.02512215908988395,3.1376246857420926,-0.4728817007361169,2.62405664840108,1.068918274737723
5.993,-0.021984059158933592,3.1385545282790477,-0.47023888977886946,2.642810957247433,1.068918274737723
5.994,-0.018845091334970383,3.139360466057293,-0.4675773432670845,2.66154651178494,1.068918274737723
5.995,-0.01570537953906568,3.1400424672597853,-0.46489751244752936,2.679830819555125,1.0472927140984911
5.996,-0.012565047721668693,3.140600504962283,-0.46219941560451183,2.69809684301754,1.0472927140984911
5.997,-0.009424219857706013,3.141034557134415,-0.45948307100405533,2.716344600456492,1.0472927140984911
5.998,-0.006283019941676648,3.1413446066405433,-0.45674849689391733,2.734574110138005,1.0472927140984911
5.9990000000000006,-0.0031415719827782387,3.141530641240445,-0.4539957115036075,2.752785390309837,1.0472927140984911
6.0,-7.347880794884119e-16,3.141592653589793,-0.45122518622664815,2.770525276959351,1.0246336019912003
6.001,0.0031415719827803217,3.141530641240445,-0.44843693880292596,2.7882474237222157,1.0246336019912003
6.002,0.006283019941675178,3.1413446066405433,-0.44563098695458764,2.8059518483383177,1.0246336019912003
6.003,0.009424219857704544,3.141034557134415,-0.44280734838605784,2.8236385685298035,1.0246336019912003
6.0040000000000004,0.012565047721670775,3.1406005049622827,-0.43996604078405677,2.841307602001098,1.0246336019912003
6.005,0.015705379539064212,3.1400424672597853,-0.4371075552236532,2.8584855604035737,1.000963300223848
6.006,0.01884509133496891,3.139360466057293,-0.43423190888280555,2.875646340847647,1.000963300223848
6.007000000000001,0.021984059158932125,3.138554528279048,-0.43133911892229426,2.8927899605112763,1.000963300223848
6.008,0.02512215908988248,3.137624685742093,-0.428429202485739,2.909916436555242,1.000963300223848
6.009,0.028259267241011545,3.136570975155018,-0.4255021766996159,2.927025786123164,1.000963300223848
6.01,0.031395259764654,3.1353934381165147,-0.4225585518359083,2.9436248637075715,0.976305168526545
6.011,0.034530012857201794,3.1340921211137265,-0.4195983444936939,2.9602073422143946,0.976305168526545
6.0120000000000005,0.03766340276396683,3.1326670755204216,-0.4166215712554512,2.976773238242711,0.976305168526545
6.013,0.04079530578407728,3.1311183575949624,-0.4136282486870762,2.993322568374999,0.976305168526545
6.014,0.043925598275371666,3.129446028478077,-0.41061839333789907,3.009855349177155,0.976305168526545
6.015000000000001,0.047054156659258814,3.127650154190457,-0.40759253417324115,3.0258591646579442,0.9506835414983064
6.016,0.050180857425607135,3.125730805630146,-0.4045506871969179,3.0418469763232525,0.9506835414983064
6.017,0.05330557713763122,3.1236880585697353,-0.401492868396741,3.0578188001768956,0.9506835414983064
6.018,0.056428192436740146,3.121521993653386,-0.39841909374453427,3.073774652206685,0.9506835414983064
6.019,0.05954858004743574,3.1192326963936257,-0.3953293791961498,3.0897145483844444,0.9506835414983064
6.0200000000000005,0.06266661678215456,3.1168202571679933,-0.3922242718882219,3.1051073079278932,0.9241237045916734
6.021,0.06578217954614174,3.1142847712154627,-0.3891037872135101,3.1204846747117987,0.9241237045916734
6.022,0.06889514534231757,3.1116263386326737,-0.38596794054938116,3.13584666412892,0.9241237045916734
6.023,0.07200539127612267,3.108845064369993,-0.38281674725782455,3.1511932915566248,0.9241237045916734
6.024,0.07511279456037667,3.105941058227364,-0.37965022268546766,3.1665245723569018,0.9241237045916734
6.025,0.07821723252011514,3.1029144348499784,-0.3764689316002999,3.1812910851677265,0.8966518691590886
6.026,0.08131858259743957,3.0997653137237493,-0.3732728887688342,3.1960428314657405,0.8966518691590886
6.027,0.08441672235636626,3.0964938191705786,-0.3700621089428167,3.2107798260174567,0.8966518691590886
6.0280000000000005,0.0875115294876389,3.0931000803434743,-0.3668366068592421,3.225502083574621,0.8966518691590886
6.029,0.09060288181356763,3.089584231221437,-0.36359639724036785,3.2402096188742284,0.8966518691590886
6.03,0.09369065729286281,3.085946410604163,-0.3603420619281808,3.254335312187063,0.8682951465854417
6.031,0.09677473402542869,3.082186762106589,-0.3570736150483742,3.268446879806585,0.8682951465854417
6.032,0.09985499025720362,3.078305434153192,-0.3537910707125157,3.282544335858487,0.8682951465854417
6.033,0.10293130438494232,3.0743025799721573,-0.3504944430180614,3.296627694454337,0.8682951465854417
6.034,0.10600355496102705,3.0701783575893193,-0.34718374604836977,3.3106969696915916,0.8682951465854417
6.035,0.10907162069827255,3.0659329298219062,-0.3438595781452172,3.3241679031525475,0.839081521532379
6.0360000000000005,0.11213538047468995,3.0615664642721465,-0.3405219527795372,3.3376253656800428,0.839081521532379
6.037,0.11519471333829273,3.0570791333206193,-0.33717088340879214,3.35106937074501,0.839081521532379
6.038,0.11824949851186131,3.052471114119461,-0.3338063834769872,3.3644999318049127,0.839081521532379
6.039,0.12129961539770077,3.047742588585391,-0.33042846641468343,3.3779170623037555,0.839081521532379
6.04,0.124344943582426,3.0428937433924887,-0.3270377464729556,3.3907199417278684,0.8090398243208388
6.041,0.12738536284169122,3.037924769964866,-0.32363423645468303,3.4035100182725575,0.8090398243208388
6.042,0.1304207531449467,3.0328358644690914,-0.32021794914994234,3.4162873047407016,0.8090398243208388
6.043,0.13345099466018753,3.0276272278064282,-0.31678889733601995,3.429051813922378,0.8090398243208388
6.0440000000000005,0.13647596775866389,3.022299065604939,-0.3133470937774251,3.4418035585948723,0.8090398243208388
6.045,0.139495553019614,3.016851588211351,-0.3098931680283392,3.4539257490858577,0.7781997024790219
6.046,0.14250963123498894,3.011285010682732,-0.30642713221095286,3.466035817386352,0.7781997024790219
6.047,0.1455180834141349,3.005599552778043,-0.3029489984353343,3.4781337756185464,0.7781997024790219
6.048,0.14852079078851796,2.999795438949415,-0.29945877879944177,3.490219635892508,0.7781997024790219
6.049,0.151517634816389,2.993872898333329,-0.29595648538913555,3.502293410306196,0.7781997024790219
6.05,0.15450849718747386,2.9878321647415556,-0.29244276244041,3.5137229487255666,0.7465915914838266
6.051,0.15749325982765067,2.981673476651906,-0.28891762138280347,3.5251410576065174,0.7465915914838266
6.0520000000000005,0.16047180490360452,2.9753970771988345,-0.2853810736344249,3.536547748378587,0.7465915914838266
6.053,0.16344401482746915,2.9690032141638576,-0.281833130601965,3.547943032459885,0.7465915914838266
6.054,0.16640977226149273,2.9624921399657262,-0.2782738036807079,3.5593269212571017,0.7465915914838266
6.055,0.16936896012264324,2.9558641116505155,-0.2747037511526776,3.570052528030339,0.7142466847247265
6.056,0.17232146158725756,2.9491193908814197,-0.27112298374348076,3.5807674091968034,0.7142466847247265
6.057,0.17526716009563004,2.9422582439284723,-0.26753151216799864,3.591471575482101,0.7142466847247265
6.058,0.17820593935662404,2.935280941658016,-0.2639293471303975,3.602165037601113,0.7142466847247265
6.059,0.18113768335227298,2.928187759521981,-0.2603164993241395,3.6128478062580065,0.7142466847247265
6.0600000000000005,0.1840622763423406,2.9209789775470605,-0.2566936404276334,3.622858896506142,0.6811969027196764
6.061,0.1869796028689,2.913654880323632,-0.25306078045196934,3.6328599756640294,0.6811969027196764
6.062,0.1898895477609018,2.906215756994496,-0.24941792939822657,3.642851053742759,0.6811969027196764
6.063,0.1927919961386977,2.8986619012435204,-0.24576509725748316,3.65283214074341,0.6811969027196764
6.064,0.1956868334186021,2.89099361128398,-0.2421022940108261,3.66280324665706,0.6811969027196764
6.065,0.1985739453173894,2.883211189846848,-0.23843020407018345,3.67208994064267,0.6474748616133675
6.066,0.2014532178568286,2.8753149441687897,-0.23474883672224917,3.681367347934295,0.6474748616133675
6.067,0.20432453736817324,2.8673051859800545,-0.23105820124443055,3.690635477818628,0.6474748616133675
6.0680000000000005,0.20718779049664224,2.8591822314921895,-0.22735830690485748,3.699894339573077,0.6474748616133675
6.069,0.2100428642059015,2.8509464013855386,-0.2236491629623917,3.709143942465771,0.6474748616133675
6.07,0.21288964578253614,2.8425980207965535,-0.21993146588704862,3.7176970753430867,0.6131138409890905
6.071,0.2157280228404775,2.834137419305025,-0.2162052242319611,3.7262416550875255,0.6131138409890905
6.072,0.2185578833254659,2.8255649309209927,-0.21247044654170888,3.7347776902522196,0.6131138409890905
6.073,0.22137911551945164,2.81688089407163,-0.20872714135232712,3.7433051893817493,0.6131138409890905
6.074,0.22419160804501526,2.8080856515878514,-0.20497531719131495,3.7518241610121494,0.6131138409890905
6.075,0.22699524986977393,2.7991795506907513,-0.2012156818994433,3.7596352918716525,0.5781477510257583
6.0760000000000005,0.22978993031074585,2.7901629429779526,-0.197448243287843,3.767438611600296,0.5781477510257583
6.077,0.23257553903872935,2.7810361844097,-0.1936730091598338,3.775234128009211,0.5781477510257583
6.078,0.23535196608266784,2.7717996352947725,-0.18988998731093207,3.783021848901717,0.5781477510257583
6.079,0.2381191018339694,2.762453660276336,-0.18609918552885873,3.7908017820733306,0.5781477510257583
6.08,0.24087683705085575,2.75299862831747,-0.18230132232658683,3.7978632022719108,0.5426110990326707
6.081,0.24362506286266564,2.7434349126866358,-0.17849640476553655,3.804917561050292,0.5426110990326707
6.082,0.24636367077414356,2.7337628909429723,-0.17468443990006666,3.8119648654698954,0.5426110990326707
6.083,0.24909255266974456,2.7239829449213158,-0.1708654347774816,3.8190051225850787,0.5426110990326707
6.0840000000000005,0.25181160081788095,2.7140954607171994,-0.16703939643803845,3.826038339443147,0.5426110990326707
6.085,0.2545207078751845,2.704100828671581,-0.16320705335782684,3.8323430802116034,0.5065389553949762
6.086,0.25721976689075343,2.6939994433553975,-0.15936841184158757,3.8386415162392913,0.5065389553949762
6.087,0.2599086713103532,2.6837917035540677,-0.1555234781877566,3.8449336538309513,0.5065389553949762
6.088,0.2625873149806477,2.6734780122516577,-0.1516722586884716,3.85121949928502,0.5065389553949762
6.089,0.2652555921533682,2.6630587766150513,-0.14781475962957796,3.8574990588936346,0.5065389553949762
6.09,0.26791339748949783,2.6525344079778423,-0.14395171873136395,3.863040898214009,0.4699669189634139
6.091,0.2705606260634388,2.641905321824062,-0.1400831415356689,3.8685771956950634,0.4699669189634139
6.0920000000000005,0.2731971733671367,2.6311719377718417,-0.13620903357879025,3.8741079568786367,0.4699669189634139
6.093,0.27582293531421564,2.620334679556818,-0.13232940039148922,3.8796331873010264,0.4699669189634139
6.094,0.27843780824409287,2.609393975015378,-0.12844424749899622,3.8851528924929934,0.4699669189634139
6.095,0.2810416889260655,2.59835025606779,-0.12455432113775726,3.8899263612389516,0.4329310819225624
6.096,0.2836344745633768,2.5872039587011932,-0.12065962608124109,3.8946950565161638,0.4329310819225624
6.097,0.28621606279729533,2.5759555229522966,-0.11676016709814299,3.899458983098099,0.4329310819225624
6.098,0.28878635171113204,2.564605392890109,-0.11285594895238954,3.904218145753452,0.4329310819225624
6.099,0.29134523983428756,2.5531540165983055,-0.1089469764031434,3.90897254924615,0.4329310819225624
6.1000000000000005,0.2938926261462374,2.541601846157626,-0.10503400346656305,3.912972936580348,0.3954679941722045
6.101,0.29642841008052884,2.529949337627993,-0.10111703414303584,3.9169693235272116,0.3954679941722045
6.102,0.29895249152875997,2.5181969510304643,-0.09719607242894872,3.9209617140871287,0.3954679941722045
6.103,0.3014647708445113,2.506345150329166,-0.09327112231669223,3.924950112256486,0.3954679941722045
6.104,0.3039651488473029,2.49439440341287,-0.08934218779466455,3.9289345220276735,0.3954679941722045
6.105,0.3064535268264897,2.482345182076614,-0.08541002991461376,3.9321578800507857,0.3576146272569906
6.106,0.30892980654516705,2.4701979620030388,-0.08147465189989789,3.935378014715875,0.3576146272569906
6.107,0.3113938902440574,2.457953222743567,-0.07753605697065159,3.9385949292462987,0.3576146272569906
6.1080000000000005,0.31384568064534984,2.445611447699565,-0.0735942483437894,3.9418086268621924,0.3576146272569906
6.109,0.31628508095656027,2.4331731241031656,-0.06964922923300892,3.94501911078047,0.3576146272569906
6.11,0.31871199487434415,2.420638742998072,-0.06570176697458163,3.947462258427289,0.31940833787998674
6.111,0.32112632658829,2.4080087992202164,-0.06175186401165517,3.9499029629264615,0.31940833787998674
6.112,0.32352798078472117,2.395283791378125,-0.05779952278493404,3.952341226721135,0.31940833787998674
6.113,0.32591686265043956,2.3824642218333327,-0.053844745732682026,3.9547770522520134,0.31940833787998674
6.114,0.32829287787647693,2.369550596680509,-0.04988753529072466,3.9572104419573613,0.31940833787998674
6.115,0.33065593266182586,2.356543425727434,-0.04592866432258853,3.9588709681361265,0.2808868310361229
6.1160000000000005,0.3330059337171269,2.34344322247496,-0.04196813448879982,3.960529833788713,0.2808868310361229
6.117,0.3353427882683596,2.330250504096695,-0.03800594744822417,3.9621870405756465,0.2808868310361229
6.118,0.337666404060513,2.3169657914185415,-0.03404210485806838,3.963842590155793,0.2808868310361229
6.119,0.33997668936120895,2.3035896088982386,-0.030076608373882017,3.96549648418636,0.2808868310361229
6.12,0.3422735529643448,2.2901224846045385,-0.026110235623723804,3.966372750158212,0.24208812280190728
6.121,0.34455690419367585,2.276564950196464,-0.022142987483859712,3.9672481398640915,0.24208812280190728
6.122,0.3468266529064027,2.2629175409022744,-0.018174864829679446,3.9681226541802657,0.24208812280190728
6.123,0.34908270949673514,2.249180795498306,-0.014205868535697322,3.9689962939821237,0.24208812280190728
6.1240000000000006,0.35132498489942454,2.23535525628773,-0.010235999475553141,3.96986906014418,0.24208812280190728
6.125,0.3535533905932723,2.2214414690791924,-0.006266039274412742,3.969960201140399,0.20305050281815462
6.126,0.3557678386046423,2.207439983165157,-0.0022959880234171195,3.970051250995622,0.20305050281815462
6.127,0.35796824151091383,2.1933513513003446,0.0016741541863838699,3.9701422098009895,0.20305050281815462
6.128,0.3601545124439528,2.1791761296797865,0.005644387264031422,3.970233077647552,0.20305050281815462
6.1290000000000004,0.3623265650935238,2.164914877916975,0.00961471111865769,3.9703238546262676,0.20305050281815462
6.13,0.3644843137107049,2.150568159021728,0.013584340899359386,3.969629780701696,0.16381249650273255
6.131,0.3666276731112802,2.136136539377909,0.017553277300210435,3.968936400851049,0.16381249650273255
6.132000000000001,0.36875655867908824,2.121620588721167,0.021521521014590688,3.9682437143802525,0.16381249650273255
6.133,0.37087088636936955,2.1070208801163948,0.025489072735186614,3.9675517205959268,0.16381249650273255
6.134,0.37297057271209205,2.092337989935057,0.029455933153992,3.9668604188053855,0.16381249650273255
6.135,0.37505553481522946,2.07757249783255,0.033421314968919195,3.9653818149271927,0.12441282703062428
6.136,0.3771256903680526,2.062724986725185,0.037385219658572076,3.963904689652878,0.12441282703062428
6.1370000000000005,0.37918095764436033,2.0477960427673123,0.041347648700075915,3.9624290415038375,0.12441282703062428
6.138,0.3812212555057244,2.0327862553280425,0.04530860356907886,3.960954869002946,0.12441282703062428
6.139,0.3832465034046741,2.0176962169681167,0.04926808573975342,3.9594821706745558,0.12441282703062428
6.140000000000001,0.3852566213878948,2.0025265234163774,0.05322530623579968,3.957220496046258,0.08489037711882919
6.141,0.38725153009936586,1.9872777735463856,0.05718026731889227,3.9549610830925883,0.08489037711882919
6.142,0.38923115078351167,1.9719505693526416,0.06113297124844414,3.9527039295518724,0.08489037711882919
6.143,0.3911954052882928,1.956545515926957,0.06508342028160884,3.950449033164697,0.08489037711882919
6.144,0.3931442160683092,1.9410632214344288,0.06903161667328275,3.948196391673909,0.08489037711882919
6.1450000000000005,0.3950775061878459,1.9255042970895506,0.07297677055157806,3.9451538782953115,0.045284150653818855
6.146,0.39699519932391714,1.9098693571320324,0.07691888495900814,3.9421144074300924,0.045284150653818855
6.147,0.39889721976928594,1.8941590188024973,0.08085796293504388,3.9390779760357386,0.045284150653818855
6.148,0.40078349243543754,1.8783739023182375,0.08479400751611665,3.936044581072779,0.045284150653818855
6.149,0.40265394285556116,1.8625146308485871,0.08872702173562144,3.933014219504783,0.045284150653818855
6.15,0.40450849718747484,1.8465818304904469,0.0926562156055907,3.929193869969266,0.005633234199406201
6.151,0.4063470822165469,1.8305761302435115,0.09658159294637399,3.925377340783285,0.005633234199406201
6.152,0.4081696253585908,1.8144981619854024,0.10050315757450047,3.9215646281264895,0.005633234199406201
6.1530000000000005,0.4099760546627259,1.798348560446759,0.10442091330268283,3.917755728182351,0.005633234199406201
6.154,0.41176629881421234,1.782127963186233,0.10833486393982099,3.9139506371381567,0.005633234199406201
6.155,0.4135402871372804,1.7658370105651937,0.11224422016149047,3.909356221669479,-0.03402324157697001
6.156,0.4152979495979047,1.7494763457225933,0.11614898656210673,3.9047664006162703,-0.03402324157697001
6.157,0.4170392168065849,1.7330466145494283,0.12004916773149085,3.9001811693841146,-0.03402324157697001
6.158,0.41876402002107105,1.716548465663372,0.12394476825487405,3.895600523383191,-0.03402324157697001
6.159,0.4204722911490837,1.6999825503831119,0.12783579271290232,3.8910244580282685,-0.03402324157697001
6.16,0.42216396275100754,1.68334952270258,0.13172145322366213,3.88566051075981,-0.0736461405214961
6.1610000000000005,0.42383896804254245,1.6666500392652481,0.13560175515110076,3.8803019274386203,-0.0736461405214961
6.162,0.4254972408973457,1.6498847593381472,0.1394767038538015,3.8749487027007516,-0.0736461405214961
6.163,0.4271387158496482,1.6330543447857833,0.14334630468498913,3.869600831187621,-0.0736461405214961
6.164,0.4287633280968257,1.6161594600441433,0.14721056299253513,3.8642583075460037,-0.0736461405214961
6.165,0.4303710135019722,1.59920077209431,0.15106869311458127,3.8581301220461253,-0.11319635961663399
6.166,0.431961708596417,1.5821789504362838,0.154920701179313,3.8520080647317463,-0.11319635961663399
6.167,0.43353535058224524,1.5650946670623997,0.15876659330878767,3.8458921294746817,-0.11319635961663399
6.168,0.435091877334762,1.5479485964309503,0.16260637561894054,3.8397823101528745,-0.11319635961663399
6.1690000000000005,0.4366312274049601,1.5307414154394072,0.16644005421959093,3.833678600650389,-0.11319635961663399
6.17,0.43815334002193085,1.513473803397851,0.17026684644428924,3.826792224698317,-0.1526348675710817
6.171,0.43965815509527795,1.4961464420019994,0.17408675917941144,3.819912735122197,-0.1526348675710817
6.172,0.44114561321747553,1.4787600153064504,0.1778997993044471,3.813040125035653,-0.1526348675710817
6.173,0.44261565566622724,1.46131520969752,0.1817059736920063,3.806174387559196,-0.1526348675710817
6.174,0.4440682244067726,1.443812713866283,0.18550528920782652,3.799315515820215,-0.1526348675710817
6.175,0.4455032620941834,1.4262532187813257,0.18929696695326415,3.7916777454376156,-0.1919227433389531
6.176,0.44692071207563205,1.4086374176614078,0.19308101456608953,3.784047612825399,-0.1919227433389531
6.1770000000000005,0.44832051839261877,1.3909660059482143,0.19685743967643532,3.7764251103457944,-0.1919227433389531
6.178,0.44970262578318554,1.3732396812788412,0.200626249906804,3.7688102303686697,-0.1919227433389531
6.179,0.4510669796841021,1.355459143458194,0.20438745287207552,3.7612029652715218,-0.1919227433389531
6.18,0.4524135262330096,1.3376250944315011,0.20814027421009118,3.7528213380156474,-0.23102121453013785
6.181,0.4537422122705575,1.319738238256461,0.2118847223024782,3.744448092387029,-0.23102121453013785
6.182,0.4550529853424975,1.3017992810755084,0.21562080552248225,3.7360832200040393,-0.23102121453013785
6.183,0.45634579370175027,1.2838089310879963,0.2193485322349757,3.7277267124934323,-0.23102121453013785
6.184,0.4576205863104583,1.2657678985220977,0.22306791079646604,3.7193785614903363,-0.23102121453013785
6.1850000000000005,0.45887731284199074,1.247676895606907,0.2267781721454814,3.7102613490153664,-0.2698916956739793
6.186,0.4601159236829345,1.2295366365442635,0.23047932539923427,3.7011532537528713,-0.2698916956739793
6.187,0.46133636993505744,1.2113478374804925,0.2341713796658199,3.6920542665856386,-0.2698916956739793
6.188,0.4625386034172283,1.193111216478278,0.23785434404422548,3.6829643784055732,-0.2698916956739793
6.189,0.4637225766673305,1.1748274934881502,0.24152822762433918,3.673883580113688,-0.2698916956739793
6.19,0.4648882429441261,1.156497390320206,0.24519226740434677,3.664039780007605,-0.30849582629847083
6.191,0.4660355562291052,1.1381216306155537,0.2488464732280484,3.654205823701628,-0.30849582629847083
6.192,0.4671644712283063,1.11970093981768,0.2524908549294004,3.644381701351957,-0.30849582629847083
6.1930000000000005,0.46827494337409703,1.1012360451439376,0.256125422332525,3.6345674031246356,-0.30849582629847083
6.194,0.4693669288269372,1.0827276755567719,0.25975018525172056,3.6247629191955415,-0.30849582629847083
6.195,0.47044038447711223,1.064176561734902,0.26336438749782115,3.614202246100598,-0.3467955087874085
6.196,0.47149526794643226,1.0455834360445158,0.2669680396314999,3.6036521336787493,-0.3467955087874085
6.197,0.4725315375899018,1.0269490325104214,0.27056115220286925,3.593112571369322,-0.3467955087874085
6.198,0.473549152497372,1.0082740867869207,0.2741437357514915,3.5825835486222046,-0.3467955087874085
6.199,0.4745480724951466,0.9895593361289364,0.2777158008063893,3.572065054897834,-0.3467955087874085
6.2,0.47552825814757654,0.9708055193627378,0.2812765987373127,3.560797930923373,-0.38475294597815435
6.2010000000000005,0.47648967075860965,0.9520133768569199,0.2848261408113856,3.5495420740728867,-0.38475294597815435
6.202,0.47743227237332114,0.9331836504931129,0.28836443828446484,3.538297473079251,-0.38475294597815435
6.203,0.4783560257794154,0.9143170836366296,0.29189150240115147,3.5270641166866086,-0.38475294597815435
6.204,0.47926089450868753,0.8954144211072674,0.2954073443948018,3.515841993650359,-0.38475294597815435
6.205,0.48014684283847153,0.8764764091497333,0.29891122393288927,3.5038795380874515,-0.4223306784628482
6.206,0.4810138357930434,0.8575037954043341,0.30240315297786935,3.491929044980107,-0.4223306784628482
6.207,0.48186183914500474,0.8384973288773954,0.3058831434802352,3.47999050236587,-0.4223306784628482
6.208,0.4826908194166373,0.8194577599116285,0.30935120737852945,3.4680638982942473,-0.4223306784628482
6.2090000000000005,0.48350074388121733,0.8003858401566584,0.31280735659935616,3.456149220826696,-0.4223306784628482
6.21,0.48429158056431576,0.7812823225391773,0.3162508598385309,3.4435032391747424,-0.4594916215563364
6.211,0.4850632982450526,0.7621479612333936,0.31968172974203535,3.430869903504441,-0.4594916215563364
6.212,0.4858158664573362,0.7429835116311068,0.32309997894320514,3.41824920116981,-0.4594916215563364
6.213,0.4865492554910629,0.7237897303119507,0.32650562006274264,3.4056411195375134,-0.4594916215563364
6.214,0.48726343639328856,0.7045673750135683,0.3298986657087295,3.393045645986849,-0.4594916215563364
6.215,0.4879583809693733,0.6853172046016547,0.3332783943270325,3.379728618302977,-0.49619910189427074
6.216,0.4886340617840967,0.6660399790399326,0.33664481923467926,3.3664249076467887,-0.49619910189427074
6.2170000000000005,0.4892904521627363,0.6467364593602812,0.3399979537353805,3.3531345007012563,-0.49619910189427074
6.218,0.48992752619212326,0.6274074076326263,0.34333781111954315,3.3398573841626695,-0.49619910189427074
6.219,0.4905452587216672,0.6080535869347897,0.3466644046642838,3.3265935447406214,-0.49619910189427074
6.22,0.49114362536434414,0.5886757613225173,0.34997702327760716,3.3126186133233744,-0.5324168936253105
6.221,0.4917226024976649,0.5692746957991404,0.3532756809344447,3.2986576568375447,-0.5324168936253105
6.222,0.49228216726460305,0.5498511562855276,0.3565603915957529,3.284710661308201,-0.5324168936253105
6.223,0.492822297574499,0.5304059095897828,0.3598311692085273,3.2707776127743866,-0.5324168936253105
6.224,0.49334297210393374,0.5109397233769277,0.36308802770581644,3.256858497289106,-0.5324168936253105
6.2250000000000005,0.49384417029756883,0.4914533661386406,0.36633026715952505,3.242239453708584,-0.5681092541616348
6.226,0.49432587236895664,0.47194760716298334,0.36955790218869666,3.2276350291716427,-0.5681092541616348
6.227,0.4947880593013254,0.452423216503877,0.3727709473977559,3.2130452090592385,-0.5681092541616348
6.228,0.49523071284832526,0.43288096495087774,0.37596941737652284,3.1984699787669464,-0.5681092541616348
6.229,0.49565381553475313,0.41332162399857103,0.3791533267002278,3.1839093237049467,-0.5681092541616348
6.23,0.496057350657239,0.39374596581626886,0.38232198729541994,3.1686605951921902,-0.6032409594525809
6.231,0.4964413022849067,0.37415476321745955,0.3854754144108279,3.1534271154079465,-0.6032409594525809
6.232,0.4968056552600042,0.35454878962923175,0.3886136232799314,3.138208869103487,-0.6032409594525809
6.2330000000000005,0.49715039519849963,0.33492881906187416,0.39173662912097673,3.123005841045332,-0.6032409594525809
6.234,0.49747550849065003,0.31529562607825223,0.39484444713699196,3.1078180160152353,-0.6032409594525809
6.235,0.4977809823015401,0.2956499857631631,0.39793640178821627,3.0919546512242895,-0.6377773387465253
6.236,0.4980668045715862,0.27599267369289204,0.4010125089380144,3.0761071497981347,-0.6377773387465253
6.237,0.498332964017015,0.2563244659044166,0.4040727844338878,3.060275495873406,-0.6377773387465253
6.238,0.4985794501303069,0.23664613886494726,0.4071172441074904,3.0444596736026024,-0.6377773387465253
6.239,0.4988062531806126,0.21695846944109637,0.41014590377464444,3.028659667154069,-0.6377773387465253
6.24,0.49901336421413567,0.19726223486838657,0.41315810109595524,3.0121973213107807,-0.6716843088067224
6.2410000000000005,0.4992007750544875,0.177558212720389,0.4161538525337686,2.9957514378133356,-0.6716843088067224
6.242,0.4993684783030087,0.15784718087820382,0.419133174533968,2.979322000199388,-0.6716843088067224
6.243,0.49951646733906235,0.13812991749957299,0.42209608352599104,2.962908992023054,-0.6716843088067224
6.244,0.49964473632029455,0.11840720098833786,0.42504259592284593,2.9465123968548967,-0.6716843088067224
6.245,0.49975328018286574,0.098679809963531,0.42797206323915304,2.9294673163070946,-0.7049284075473701
6.246,0.49984209464165,0.07894852322879367,0.4308845025199929,2.9124392808398403,-0.7049284075473701
6.247,0.4999111761904045,0.05921411974156312,0.43377993079340094,2.895428273408053,-0.7049284075473701
6.248,0.49996052210190806,0.03947737858225367,0.43665836507038464,2.8784342769836977,-0.7049284075473701
6.2490000000000006,0.49999013042806856,0.019739078923633878,0.4395198223449404,2.8614572745557667,-0.7049284075473701
6.25,0.5,-7.714128625093363e-16,0.4423636686256805,2.843846280740079,-0.7374768270566111
6.251,0.49999013042806856,-0.019739078923657744,0.4451899215235987,2.8262528979182067,-0.7374768270566111
6.252,0.49996052210190806,-0.03947737858225521,0.44799859863207786,2.808677108479156,-0.7374768270566111
6.253,0.4999111761904045,-0.059214119741564666,0.4507897175269074,2.7911188948295447,-0.7374768270566111
6.2540000000000004,0.49984209464165,-0.07894852322879523,0.45356329576630094,2.773578239393583,-0.7374768270566111
6.255,0.49975328018286586,-0.09867980996351022,0.45631871447853567,2.755418712234709,-0.7692974459739981
6.256,0.49964473632029466,-0.11840720098831709,0.45905599182313866,2.7372773446029943,-0.7692974459739981
6.257000000000001,0.49951646733906235,-0.1381299174995745,0.46177514594147756,2.719154118338911,-0.7692974459739981
6.258,0.49936847830300884,-0.15784718087818309,0.46447619495677867,2.701049015301092,-0.7692974459739981
6.259,0.4992007750544875,-0.17755821272039052,0.46715915697414495,2.6829620173663113,-0.7692974459739981
6.26,0.4990133642141359,-0.19726223486836586,0.4698234288522701,2.6642718781251364,-0.8003588611904213
6.261,0.4988062531806126,-0.2169584694410979,0.47246902928129325,2.6456004290232027,-0.8003588611904213
6.2620000000000005,0.49857945013030686,-0.23664613886494879,0.47509597693266364,2.626947651370371,-0.8003588611904213
6.263,0.498332964017015,-0.2563244659044181,0.47770429045915885,2.608313526495192,-0.8003588611904213
6.264,0.49806680457158614,-0.2759926736928936,0.48029398849490373,2.5896980357448887,-0.8003588611904213
6.265000000000001,0.4977809823015398,-0.29564998576318685,0.4828644842242361,2.570495729332361,-0.8306304188391505
6.266,0.49747550849065003,-0.31529562607825373,0.48541579684946234,2.5513126252262457,-0.8306304188391505
6.267,0.4971503951984996,-0.3349288190618757,0.4879479455536866,2.5321487042242365,-0.8306304188391505
6.268,0.4968056552600042,-0.3545487896292333,0.4904609495008298,2.5130039471432295,-0.8306304188391505
6.269,0.49644130228490707,-0.3741547632174389,0.4929548278356491,2.4938783348193034,-0.8306304188391505
6.2700000000000005,0.49605735065723894,-0.39374596581627047,0.49542901064724265,2.4741828115935345,-0.8600822445474925
6.271,0.4956538155347536,-0.41332162399855044,0.49788351763113364,2.454506983890991,-0.8600822445474925
6.272,0.4952307128483257,-0.43288096495085715,0.5003183684631498,2.43485083201615,-0.8600822445474925
6.273,0.49478805930132586,-0.4524232165038564,0.502733582799443,2.415214336293184,-0.8600822445474925
6.274,0.49432587236895714,-0.4719476071629628,0.505129180276509,2.395597477065941,-0.8600822445474925
6.275,0.4938441702975688,-0.4914533661386421,0.5075046084506395,2.37542817413049,-0.8886852729192553
6.276,0.49334297210393424,-0.5109397233769072,0.5098598874911374,2.355279040497974,-0.8886852729192553
6.277,0.49282229757449897,-0.5304059095897843,0.5121950375471365,2.335150055999091,-0.8886852729192553
6.2780000000000005,0.4922821672646024,-0.5498511562855511,0.5145100787476212,2.315041200484707,-0.8886852729192553
6.279,0.49172260249766486,-0.5692746957991419,0.516805031201447,2.2949524538258372,-0.8886852729192553
6.28,0.4911436253643441,-0.5886757613225189,0.5190793604772946,2.274329275847637,-0.9164112762187127
6.281,0.49054525872166715,-0.6080535869347913,0.521333087198342,2.253726721047415,-0.9164112762187127
6.282,0.48992752619212326,-0.6274074076326278,0.523566231967144,2.2331447688019934,-0.9164112762187127
6.283,0.48929045216273626,-0.6467364593602827,0.5257788153656529,2.212583398508817,-0.9164112762187127
6.284,0.48863406178409735,-0.6660399790399123,0.5279708579552388,2.192042589585934,-0.9164112762187127
6.285,0.487958380969374,-0.6853172046016344,0.5301418438443906,2.170985889151788,-0.9432328922280001
6.2860000000000005,0.4872634363932885,-0.7045673750135698,0.5322917940898086,2.1499502454180766,-0.9432328922280001
6.287,0.4865492554910637,-0.7237897303119304,0.5344207297271367,2.1289356373280985,-0.9432328922280001
6.288,0.485815866457337,-0.7429835116310866,0.536528671770983,2.1079420438462106,-0.9432328922280001
6.289,0.48506329824505345,-0.7621479612333735,0.5386156412149408,2.0869694439578046,-0.9432328922280001
6.29,0.4842915805643157,-0.7812823225391787,0.5406811412164296,2.06550000148884,-0.969123651250345
6.291,0.4835007438812173,-0.8003858401566599,0.542725193244892,2.0440520284623442,-0.969123651250345
6.292,0.4826908194166372,-0.8194577599116301,0.5447478187483009,2.022625503408875,-0.969123651250345
6.293,0.4818618391450047,-0.8384973288773969,0.5467490391531814,2.0012204048804594,-0.969123651250345
6.2940000000000005,0.48101383579304235,-0.8575037954043571,0.5487288758646319,1.979836711450572,-0.969123651250345
6.295,0.4801468428384715,-0.8764764091497349,0.5506868515793264,1.9579757146944732,-0.9940580022324129
6.296,0.4792608945086874,-0.8954144211072688,0.5526229881582615,1.9361365789351304,-0.9940580022324129
6.297,0.4783560257794153,-0.9143170836366311,0.5545373074405731,1.914319282311547,-0.9940580022324129
6.298,0.47743227237332214,-0.9331836504930933,0.5564298312435576,1.892523802984587,-0.9940580022324129
6.299,0.4764896707586096,-0.9520133768569214,0.5583005813626946,1.8707501191369542,-0.9940580022324129
6.3,0.4755282581475776,-0.970805519362718,0.5601491005049528,1.8485191422582146,-1.0180113379801354
6.301,0.4745480724951476,-0.9895593361289167,0.5619754109013092,1.8263103963563536,-1.0180113379801354
6.3020000000000005,0.47354915249737195,-1.008274086786922,0.5637795347605096,1.8041238592003945,-1.0180113379801354
6.303,0.47253153758990285,-1.0269490325104016,0.5655614942690912,1.7819595085815914,-1.0180113379801354
6.304,0.47149526794643215,-1.0455834360445173,0.5673213115914046,1.759817322313407,-1.0180113379801354
6.305,0.47044038447711334,-1.0641765617348824,0.5690585498960069,1.7372383046022322,-1.0409600194430695
6.306,0.4693669288269371,-1.0827276755567732,0.5707732317619156,1.7146818659087686,-1.0409600194430695
6.307,0.4682749433740957,-1.10123604514396,0.5724653797455697,1.6921479836539983,-1.0409600194430695
6.308,0.46716447122830623,-1.1197009398176814,0.5741350163808512,1.6696366352814829,-1.0409600194430695
6.309,0.4660355562291051,-1.138121630615555,0.5757821641791085,1.64714779825734,-1.0409600194430695
6.3100000000000005,0.46488824294412606,-1.1564973903202076,0.5774064072015868,1.624243022478218,-1.0628813990432293
6.311,0.4637225766673304,-1.1748274934881515,0.5790077683530617,1.6013611514748753,-1.0628813990432293
6.312,0.4625386034172295,-1.193111216478259,0.5805862705154042,1.578502162342536,-1.0628813990432293
6.313,0.4613363699350587,-1.2113478374804734,0.5821419365476036,1.5556660321993288,-1.0628813990432293
6.314,0.46011592368293586,-1.2295366365442442,0.5836747892857899,1.5328527381862649,-1.0628813990432293
6.315,0.4588773128419906,-1.2476768956069084,0.5851844340943775,1.5096448085875676,-1.0837538430255504
6.316,0.45762058631045965,-1.2657678985220786,0.5866708941812959,1.486460086918469,-1.0837538430255504
6.317,0.4563457937017516,-1.2838089310879772,0.588134192731267,1.4632985499710396,-1.0837538430255504
6.3180000000000005,0.4550529853424974,-1.3017992810755097,0.5895743529058276,1.4401601745605574,-1.0837538430255504
6.319,0.4537422122705589,-1.3197382382564422,0.5909913978433531,1.4170449375254859,-1.0837538430255504
6.32,0.4524135262330095,-1.3376250944315025,0.5923849546008849,1.3935567575318046,-1.1035567528077834
6.321,0.451066979684102,-1.3554591434581953,0.5937550466666031,1.3700920657181173,-1.1035567528077834
6.322,0.44970262578318543,-1.3732396812788425,0.5951016975051993,1.3466508385962435,-1.1035567528077834
6.323,0.4483205183926171,-1.3909660059482356,0.5964249305579008,1.3232330527014915,-1.1035567528077834
6.324,0.44692071207563194,-1.4086374176614094,0.5977247692424934,1.2998386845926344,-1.1035567528077834
6.325,0.4455032620941833,-1.426253218781327,0.5990008626766953,1.2760934342018655,-1.1222705853088089
6.3260000000000005,0.4440682244067725,-1.4438127138662844,0.6002532346057567,1.2523719290614874,-1.1222705853088089
6.327,0.4426156556662288,-1.4613152096975015,0.601481908751183,1.2286741454262498,-1.1222705853088089
6.328,0.4411456132174771,-1.478760015306432,0.6026869088107577,1.2050000595746473,-1.1222705853088089
6.329,0.4396581550952795,-1.4961464420019812,0.6038682584585666,1.1813496478088965,-1.1222705853088089
6.33,0.4381533400219324,-1.513473803397833,0.605025629219283,1.157370760716382,-1.1398768722352872
6.331,0.43663122740495997,-1.5307414154394086,0.606159045071794,1.1334158525109597,-1.1398768722352872
6.332,0.4350918773347637,-1.5479485964309323,0.6072685299710077,1.109484899213743,-1.1398768722352872
6.333,0.43353535058224507,-1.5650946670624009,0.6083541078478775,1.0855778768698234,-1.1398768722352872
6.3340000000000005,0.4319617085964169,-1.5821789504362853,0.6094158026094257,1.061694761548248,-1.1398768722352872
6.335,0.4303710135019721,-1.5992007720943113,0.6104533085114463,1.0375059020205462,-1.1563582383076751
6.336,0.4287633280968256,-1.6161594600441447,0.6114666497427986,1.0133412313523722,-1.1563582383076751
6.337,0.4271387158496481,-1.6330543447857844,0.6124558504681535,0.9892007253548664,-1.1563582383076751
6.338,0.4254972408973456,-1.6498847593381483,0.6134209348280169,0.9650843598633579,-1.1563582383076751
6.339,0.4238389680425404,-1.6666500392652683,0.6143619269387542,0.9409921107373411,-1.1563582383076751
6.34,0.42216396275100737,-1.6833495227025816,0.6152785440890127,0.9166171502584544,-1.1716984184074706
6.341,0.42047229114908546,-1.6999825503830945,0.6161708106537528,0.8922665647400465,-1.1716984184074706
6.3420000000000005,0.41876402002107094,-1.7165484656633734,0.61703875098356,0.8679403298071571,-1.1716984184074706
6.343,0.41703921680658673,-1.7330466145494108,0.6178823894046692,0.8436384211092005,-1.1716984184074706
6.344,0.4152979495979066,-1.749476345722576,0.6187017502189892,0.8193608143199419,-1.1716984184074706
6.345,0.4135402871372823,-1.7658370105651764,0.6194965740270223,0.794823808033043,-1.1858822736289492
6.346,0.4117662988142142,-1.782127963186216,0.6202668853657747,0.770311338752431,-1.1858822736289492
6.347,0.4099760546627258,-1.79834856044676,0.6210127087477157,0.7458233819410995,-1.1858822736289492
6.348,0.4081696253585927,-1.8144981619853857,0.6217340686608023,0.7213599130865794,-1.1858822736289492
6.349,0.4063470822165468,-1.8305761302435128,0.6224309895685032,0.6969209077009139,-1.1858822736289492
6.3500000000000005,0.4045084971874726,-1.8465818304904662,0.623103235639172,0.6722460706688235,-1.198895806219475
6.351,0.402653942855561,-1.8625146308485885,0.6237508315476458,0.6475959084737651,-1.198895806219475
6.352,0.40078349243543737,-1.8783739023182384,0.6243738019440866,0.6229703964409019,-1.198895806219475
6.353,0.39889721976928577,-1.8941590188024984,0.6249721714540067,0.5983695099200715,-1.198895806219475
6.354,0.39699519932391697,-1.9098693571320338,0.6255459646782925,0.573793224285762,-1.198895806219475
6.355,0.3950775061878457,-1.925504297089552,0.6260949695858861,0.5490049075936064,-1.2107261733934878
6.356,0.3931442160683112,-1.9410632214344123,0.6266192109651042,0.5242413792181431,-1.2107261733934878
6.357,0.39119540528829483,-1.956545515926941,0.6271187135794752,0.49950261437105514,-1.2107261733934878
6.3580000000000005,0.3892311507835115,-1.971950569352643,0.6275935021677641,0.4747885882888143,-1.2107261733934878
6.359,0.38725153009936797,-1.9872777735463696,0.6280436014439967,0.4500992762326558,-1.2107261733934878
6.36,0.3852566213878947,-2.002526523416379,0.628468823386953,0.42522194295628485,-1.2213617000069146
6.361,0.38324650340467625,-2.0176962169681008,0.6288691928739661,0.40036948701319025,-1.2213617000069146
6.362,0.3812212555057242,-2.0327862553280434,0.6292447347574922,0.3755418835260388,-1.2213617000069146
6.363,0.3791809576443602,-2.047796042767313,0.6295954738651346,0.3507391076423745,-1.2213617000069146
6.364,0.37712569036805244,-2.0627249867251862,0.6299214349996692,0.3259611345345938,-1.2213617000069146
6.365,0.3750555348152293,-2.0775724978325507,0.6302224543352677,0.30101933559847877,-1.2307918900790231
6.3660000000000005,0.37297057271208955,-2.092337989935075,0.630498556813729,0.2761024784612998,-1.2307918900790231
6.367,0.3708708863693694,-2.107020880116396,0.6307497673519102,0.25121053818125805,-1.2307918900790231
6.368,0.36875655867908563,-2.1216205887211848,0.6309761108417518,0.22634348984149633,-1.2307918900790231
6.369,0.36662767311128003,-2.1361365393779104,0.6311776121503019,0.20150130855007437,-1.2307918900790231
6.37,0.36448431371070716,-2.150568159021713,0.6313541318088004,0.17651965849850978,-1.2390074371507256
6.371,0.3623265650935236,-2.1649148779169765,0.6315056947988974,0.15156299009699675,-1.2390074371507256
6.372,0.36015451244395513,-2.1791761296797714,0.6316323260772613,0.12663127836388524,-1.2390074371507256
6.373,0.35796824151091616,-2.19335135130033,0.6317340505756038,0.10172449834250685,-1.2390074371507256
6.3740000000000006,0.3557678386046421,-2.2074399831651577,0.6318108932007049,0.07684262510114984,-1.2390074371507256
6.375,0.3535533905932746,-2.2214414690791777,0.6318627389785116,0.05184577780666952,-1.2460002334689588
6.376,0.3513249848994243,-2.235355256287731,0.6318896129058711,0.02687392735948367,-1.2460002334689588
6.377,0.3490827094967375,-2.249180795498291,0.6318915399546339,0.0019270487627450102,-1.2460002334689588
6.378,0.3468266529064025,-2.2629175409022757,0.6318685450716784,-0.02299488295539691,-1.2460002334689588
6.3790000000000004,0.34455690419367313,-2.2765649501964806,0.6318206531789367,-0.04789189274182069,-1.2460002334689588
6.38,0.34227355296434464,-2.2901224846045394,0.6317477739105278,-0.07287926840883885,-1.2517633779879995
6.381,0.33997668936120873,-2.30358960889824,0.6316499322538276,-0.09784165670019,-1.2517633779879995
6.382000000000001,0.3376664040605102,-2.3169657914185575,0.6315271531712243,-0.1227790826032498,-1.2517633779879995
6.383,0.33534278826835945,-2.3302505040966963,0.6313794616001439,-0.14769157108040654,-1.2517633779879995
6.384,0.3330059337171267,-2.3434432224749613,0.6312068824530748,-0.17257914706908611,-1.2517633779879995
6.385,0.3306559326618283,-2.3565434257274203,0.6310093500614892,-0.1975323915856169,-1.2562911831799932
6.386,0.3282928778764794,-2.369550596680495,0.6307868893786316,-0.22246068285763115,-1.2562911831799932
6.3870000000000005,0.3259168626504394,-2.382464221833333,0.6305395253327932,-0.24736404583837338,-1.2562911831799932
6.388,0.32352798078472367,-2.3952837913781115,0.6302672828273371,-0.2722425054561349,-1.2562911831799932
6.389,0.3211263265882925,-2.408008799220203,0.6299701867407228,-0.2970960866142786,-1.2562911831799932
6.390000000000001,0.31871199487434393,-2.4206387429980727,0.6296481961665822,-0.32199057414062227,-1.259579180647896
6.391,0.3162850809565628,-2.4331731241031522,0.6293013359994027,-0.34686016717943957,-1.259579180647896
6.392,0.3138456806453496,-2.4456114476995663,0.6289296311087775,-0.37170489062521805,-1.259579180647896
6.393,0.31139389024405717,-2.457953222743568,0.6285331063394299,-0.39652476934755077,-1.259579180647896
6.394,0.3089298065451669,-2.47019796200304,0.6281117865112388,-0.42131982819116115,-1.259579180647896
6.3950000000000005,0.3064535268264867,-2.4823451820766285,0.6276656555203651,-0.44613099087367286,-1.2616241255351444
6.396,0.3039651488473027,-2.494394403412871,0.6271947381779717,-0.4709173423935021,-1.2616241255351444
6.397,0.30146477084451107,-2.506345150329167,0.6266990592704098,-0.4956789075618115,-1.2616241255351444
6.398000000000001,0.29895249152875975,-2.518196951030465,0.6261786435592449,-0.5204157111649526,-1.2616241255351444
6.399,0.2964284100805315,-2.5299493376279805,0.6256335157812805,-0.5451277779644905,-1.2616241255351444
6.4,0.2938926261462372,-2.541601846157627,0.6250636846510994,-0.5698311301810866,-1.2624239997280275
6.401,0.2913452398342903,-2.553154016598293,0.6244691748720539,-0.594509779045466,-1.2624239997280275
6.402,0.28878635171113476,-2.564605392890097,0.6238500111227929,-0.6191637492609811,-1.2624239997280275
6.4030000000000005,0.2862160627972951,-2.5759555229522975,0.6232062180572866,-0.6437930655062806,-1.2624239997280275
6.404,0.28363447456337954,-2.5872039587011813,0.6225378203048513,-0.6683977524353348,-1.2624239997280275
6.405,0.2810416889260653,-2.5983502560677905,0.6218448513898914,-0.6929689149598457,-1.2619780138473087
6.406,0.27843780824409564,-2.6093939750153665,0.6211273358835696,-0.717515506321832,-1.2619780138473087
6.407,0.2758229353142154,-2.6203346795568194,0.6203852983324771,-0.7420375510924564,-1.2619780138473087
6.408,0.2731971733671335,-2.6311719377718545,0.6196187632586588,-0.7665350738183101,-1.2619780138473087
6.409,0.27056062606343856,-2.6419053218240625,0.6188277551596374,-0.791008099021438,-1.2619780138473087
6.41,0.2679133974894976,-2.6525344079778437,0.6180123323365544,-0.8154228230829605,-1.2602866080272013
6.4110000000000005,0.26525559215336497,-2.6630587766150637,0.617172519204134,-0.8398131324204217,-1.2602866080272013
6.412,0.26258731498064747,-2.673478012251658,0.6163083401526854,-0.8641790514485452,-1.2602866080272013
6.413,0.25990867131035605,-2.683791703554057,0.6154198195481277,-0.8885206045576407,-1.2602866080272013
6.414,0.2572197668907532,-2.6939994433553984,0.6145069817320141,-0.9128378161136271,-1.2602866080272013
6.415,0.2545207078751873,-2.7041008286715704,0.613569909724687,-0.9370720073271342,-1.2573514514810364
6.416,0.25181160081788073,-2.7140954607172003,0.6126086277603375,-0.9612819643494278,-1.2573514514810364
6.417,0.24909255266974745,-2.7239829449213055,0.6116231600489228,-0.9854677114146991,-1.2573514514810364
6.418,0.24636367077414645,-2.733762890942962,0.6106135307761899,-1.0096292727329053,-1.2573514514810364
6.4190000000000005,0.24362506286266544,-2.743434912686636,0.6095797641037001,-1.0337666724897931,-1.2573514514810364
6.42,0.24087683705085863,-2.7529986283174597,0.6085219676890656,-1.057796414634383,-1.2531754408539828
6.421,0.23811910183396917,-2.7624536602763365,0.6074401655620288,-1.0818021270368283,-1.2531754408539828
6.422,0.23535196608266762,-2.7717996352947734,0.606334381728302,-1.105783833726871,-1.2531754408539828
6.423,0.23257553903872913,-2.7810361844097002,0.6052046401695917,-1.1297415587102237,-1.2531754408539828
6.424,0.2297899303107425,-2.7901629429779637,0.6040509648436232,-1.1536753259685932,-1.2531754408539828
6.425,0.2269952498697737,-2.7991795506907517,0.6028734879390333,-1.1774769045899116,-1.2477626973643465
6.426,0.22419160804501503,-2.808085651587852,0.6016722332574007,-1.2012546816326086,-1.2477626973643465
6.4270000000000005,0.2213791155194514,-2.8168808940716303,0.6004472245765025,-1.225008680898263,-1.2477626973643465
6.428,0.21855788332546888,-2.8255649309209834,0.5991984856503378,-1.2487389261646515,-1.2477626973643465
6.429,0.2157280228404805,-2.8341374193050157,0.5979260402091521,-1.2724454411857737,-1.2477626973643465
6.43,0.21288964578253913,-2.842598020796545,0.5966300448421528,-1.2959953669993172,-1.2411185627364574
6.431,0.2100428642059045,-2.85094640138553,0.5953105230992657,-1.319521742887047,-1.2411185627364574
6.432,0.20718779049664202,-2.8591822314921904,0.5939674985068668,-1.343024592398889,-1.2411185627364574
6.433,0.20432453736817627,-2.867305185980046,0.5926009945678056,-1.3665039390612193,-1.2411185627364574
6.434,0.20145321785683162,-2.8753149441687813,0.5912110347614287,-1.3899598063768872,-1.2411185627364574
6.4350000000000005,0.19857394531738914,-2.8832111898468487,0.5897977999229795,-1.4132348384490916,-1.2332495939290675
6.436,0.19568683341860188,-2.8909936112839802,0.5883613133274903,-1.4364865954892239,-1.2332495939290675
6.437,0.19279199613869746,-2.8986619012435213,0.586901598226718,-1.459715100772316,-1.2332495939290675
6.438,0.18988954776090158,-2.906215756994496,0.5854186778491678,-1.482920377550125,-1.2332495939290675
6.439,0.18697960286889978,-2.9136548803236324,0.5839125754001167,-1.506102449051156,-1.2332495939290675
6.44,0.18406227634233707,-2.9209789775470694,0.5823834957823812,-1.5290796177353916,-1.2241635566643332
6.441,0.18113768335227276,-2.9281877595219816,0.5808314619731303,-1.552033809250943,-1.2241635566643332
6.442,0.17820593935662712,-2.9352809416580086,0.5792564969265553,-1.5749650465749787,-1.2241635566643332
6.4430000000000005,0.1752671600956298,-2.9422582439284732,0.5776586235738936,-1.5978733526616904,-1.2241635566643332
6.444,0.17232146158726067,-2.9491193908814126,0.5760378648234513,-1.6207587504423153,-1.2241635566643332
6.445,0.16936896012264635,-2.955864111650509,0.5743944494434041,-1.6434153800471543,-1.213869417764068
6.446,0.16640977226149584,-2.9624921399657196,0.5727284000903817,-1.6660493530223885,-1.213869417764068
6.447,0.16344401482747226,-2.969003214163851,0.5710397393983571,-1.6886606920246474,-1.213869417764068
6.448,0.16047180490360427,-2.975397077198835,0.5693284899786691,-1.7112494196879042,-1.213869417764068
6.449,0.1574932598276538,-2.9816734766518995,0.5675946744200456,-1.7338155586234978,-1.213869417764068
6.45,0.15450849718747361,-2.987832164741556,0.5658385451302548,-1.7561292897908856,-1.2023773363005614
6.4510000000000005,0.1515176348163854,-2.9938728983333363,0.5640601244230277,-1.7784207072271059,-1.2023773363005614
6.452,0.14852079078851774,-2.9997954389494152,0.5622594345897818,-1.80068983324589,-1.2023773363005614
6.453,0.1455180834141347,-3.0055995527780435,0.5604364978996431,-1.8229366901386554,-1.2023773363005614
6.454,0.14250963123498872,-3.0112850106827325,0.5585913365994686,-1.845161300174528,-1.2023773363005614
6.455,0.13949555301961378,-3.016851588211352,0.5567242264875228,-1.8671101119457685,-1.1896986535707568
6.456,0.13647596775866366,-3.0222990656049395,0.5548351895126176,-1.8890369749052378,-1.1896986535707568
6.457,0.13345099466018728,-3.0276272278064282,0.5529242476016158,-1.9109419110017476,-1.1896986535707568
6.458,0.13042075314494989,-3.0328358644690856,0.5509914226594537,-1.932824942162161,-1.1896986535707568
6.4590000000000005,0.12738536284169097,-3.0379247699648664,0.5490367365691623,-1.954686090291414,-1.1896986535707568
6.46,0.12434494358242919,-3.0428937433924834,0.5470604882473231,-1.9762483218391984,-1.175845881903787
6.461,0.12129961539770398,-3.0477425885853857,0.5450626992561677,-1.997788991155435,-1.175845881903787
6.462,0.11824949851186453,-3.0524711141194563,0.5430433911363653,-2.0193081198023553,-1.175845881903787
6.463,0.11519471333829594,-3.0570791333206144,0.5410025854070447,-2.0408057293206285,-1.175845881903787
6.464,0.1121353804746897,-3.061566464272147,0.5389403035658153,-2.0622818412293835,-1.175845881903787
6.465,0.10907162069827231,-3.0659329298219067,0.536856867352581,-2.083436213234411,-1.1608326923128431
6.466,0.10600355496102681,-3.0701783575893193,0.5347522979217135,-2.1045694308674334,-1.1608326923128431
6.4670000000000005,0.10293130438493861,-3.074302579972162,0.5326266164064307,-2.125681515282823,-1.1608326923128431
6.468,0.09985499025720337,-3.0783054341531924,0.530479843918817,-2.146772487613797,-1.1608326923128431
6.469,0.09677473402542845,-3.082186762106589,0.5283120015498445,-2.16784236897244,-1.1608326923128431
6.47,0.09369065729286256,-3.0859464106041634,0.526123433545221,-2.188568004623537,-1.1446739010034808
6.471,0.09060288181357087,-3.089584231221433,0.5239141606305819,-2.209272914638983,-1.1446739010034808
6.472,0.08751152948763867,-3.0931000803434743,0.5216842035108376,-2.2299571197444137,-1.1446739010034808
6.473,0.08441672235636952,-3.0964938191705755,0.5194335828701928,-2.250620640644739,-1.1446739010034808
6.474,0.08131858259744283,-3.0997653137237458,0.5171623193721686,-2.271263498024164,-1.1446739010034808
6.4750000000000005,0.07821723252011491,-3.1029144348499784,0.5148707794285474,-2.291539943621177,-1.1273854547518516
6.476,0.07511279456037995,-3.1059410582273608,0.5125589833157749,-2.311796112772593,-1.1273854547518516
6.477,0.07200539127612593,-3.1088450643699903,0.51022695129002,-2.3320320257548572,-1.1273854547518516
6.478,0.06889514534232084,-3.1116263386326706,0.5078747035871959,-2.3522477028241395,-1.1273854547518516
6.479,0.06578217954614149,-3.1142847712154627,0.5055022604229795,-2.3724431642163526,-1.1273854547518516
6.48,0.0626666167821508,-3.116820257167997,0.503110010013624,-2.392250409355479,-1.1089844151671506
6.481,0.0595485800474355,-3.1192326963936257,0.5006979721663746,-2.412037847249467,-1.1089844151671506
6.482,0.0564281924367399,-3.121521993653386,0.498266166668669,-2.4318054977055605,-1.1089844151671506
6.4830000000000005,0.053305577137627444,-3.1236880585697384,0.49581461328815785,-2.451553380511198,-1.1089844151671506
6.484,0.05018085742560689,-3.1257308056301465,0.4933433317727238,-2.47128151543403,-1.1089844151671506
6.485,0.04705415665925857,-3.127650154190457,0.49085273175996813,-2.490600012755673,-1.0894889418538587
6.486,0.04392559827537142,-3.129446028478077,0.4883428325683881,-2.5098991915799944,-1.0894889418538587
6.487,0.040795305784080575,-3.1311183575949606,0.4858136534971626,-2.529179071225492,-1.0894889418538587
6.488,0.03766340276396659,-3.132667075520422,0.48326521382617127,-2.5484396709913435,-1.0894889418538587
6.489,0.03453001285720509,-3.1340921211137247,0.48069753281601385,-2.5676810101574294,-1.0894889418538587
6.49,0.031395259764657305,-3.135393438116513,0.47811104112137676,-2.586491694637081,-1.0689182744904382
6.4910000000000005,0.028259267241011302,-3.136570975155018,0.4755057575529445,-2.6052835684322524,-1.0689182744904382
6.492,0.025122159089885784,-3.137624685742092,0.47288170090259085,-2.624056650353629,-1.0689182744904382
6.493,0.02198405915893188,-3.1385545282790486,0.47023888994339774,-2.6428109591930844,-1.0689182744904382
6.494,0.01884509133496867,-3.139360466057293,0.46757734342967405,-2.6615465137237,-1.0689182744904382
6.495,0.015705379539063966,-3.1400424672597853,0.46489751260818724,-2.679830821486817,-1.0472927138420458
6.496,0.012565047721666977,-3.1406005049622836,0.4621994157632451,-2.6980968449421714,-1.0472927138420458
6.497,0.009424219857704298,-3.141034557134415,0.459483071160871,-2.71634460237407,-1.0472927138420458
6.498,0.006283019941674932,-3.1413446066405433,0.4567484970488225,-2.734574112048537,-1.0472927138420458
6.4990000000000006,0.003141571982780076,-3.141530641240445,0.4539957116566091,-2.752785392213329,-1.0472927138420458
6.5,-9.803364199544708e-16,-3.141592653589793,0.4512251863777535,-2.770525278855639,-1.0246336017261595
6.501,-0.003141571982778484,-3.141530641240445,0.4484369389521422,-2.788247425611307,-1.0246336017261595
6.502,-0.006283019941673341,-3.1413446066405437,0.445630987101922,-2.8059518502202185,-1.0246336017261595
6.503,-0.009424219857702705,-3.1410345571344154,0.4428073485315175,-2.8236385704045217,-1.0246336017261595
6.5040000000000004,-0.012565047721668937,-3.140600504962283,0.43996604092764885,-2.8413076038686405,-1.0246336017261595
6.505,-0.015705379539062373,-3.1400424672597858,0.43710755536538504,-2.858485562263787,-1.000963299950766
6.506,-0.018845091334967076,-3.139360466057294,0.4342319090226845,-2.8756463427005388,-1.000963299950766
6.507000000000001,-0.02198405915893384,-3.1385545282790477,0.4313391190603276,-2.8927899623568534,-1.000963299950766
6.508,-0.025122159089884195,-3.1376246857420926,0.4284292026219341,-2.9099164383935117,-1.000963299950766
6.509,-0.02825926724101326,-3.1365709751550175,0.42550217683398,-2.9270257879541335,-1.000963299950766
6.51,-0.031395259764655715,-3.135393438116514,0.4225585519684489,-2.943624865531099,-0.9763051682459856
6.511,-0.0345300128572035,-3.1340921211137256,0.4195983446244184,-2.9602073440304877,-0.9763051682459856
6.5120000000000005,-0.03766340276396854,-3.132667075520421,0.41662157138436706,-2.976773240051377,-0.9763051682459856
6.513,-0.04079530578407899,-3.1311183575949615,0.4136282488141908,-2.9933225701762454,-0.9763051682459856
6.514,-0.043925598275369834,-3.129446028478078,0.4106183934632198,-3.0098553509709887,-0.9763051682459856
6.515000000000001,-0.04705415665925698,-3.1276501541904578,0.4075925342967756,-3.0258591664442336,-0.9506835412107943
6.516,-0.05018085742560531,-3.1257308056301474,0.4045506873186736,-3.041846978102005,-0.9506835412107943
6.517,-0.053305577137629394,-3.123688058569737,0.4014928685167255,-3.057818801948119,-0.9506835412107943
6.518,-0.05642819243673832,-3.1215219936533867,0.3984190938627551,-3.073774653970387,-0.9506835412107943
6.519,-0.059548580047433915,-3.119232696393627,0.39532937931261447,-3.0897145501406325,-0.9506835412107943
6.5200000000000005,-0.06266661678215274,-3.116820257167995,0.392224272002938,-3.1051073096764465,-0.9241237042977432
6.521,-0.06578217954613992,-3.114284771215464,0.3891037873264853,-3.1204846764527248,-0.9241237042977432
6.522,-0.06889514534231926,-3.111626338632672,0.38596794066062307,-3.135846665862227,-0.9241237042977432
6.523000000000001,-0.07200539127612787,-3.1088450643699885,0.3828167473673407,-3.15119329328232,-0.9241237042977432
6.524,-0.07511279456037837,-3.105941058227362,0.3796502227932657,-3.1665245740749923,-0.9241237042977432
6.525,-0.07821723252011684,-3.1029144348499766,0.3764689317063876,-3.1812910868781024,-0.8966518688592604
6.526,-0.08131858259744126,-3.0997653137237475,0.3732728888732192,-3.1960428331684096,-0.8966518688592604
6.527,-0.08441672235636795,-3.096493819170577,0.37006210904550674,-3.2107798277124266,-0.8966518688592604
6.5280000000000005,-0.0875115294876371,-3.093100080343476,0.36683660696024484,-3.2255020852618994,-0.8966518688592604
6.529,-0.0906028818135693,-3.089584231221435,0.363596397339691,-3.2402096205538227,-0.8966518688592604
6.53,-0.09369065729286101,-3.085946410604165,0.36034206202583213,-3.254335313858873,-0.8682951462802069
6.531,-0.09677473402542688,-3.082186762106591,0.35707361514436153,-3.2684468814706182,-0.8682951462802069
6.532,-0.09985499025720182,-3.078305434153194,0.3537910708068468,-3.282544337514752,-0.8682951462802069
6.533,-0.10293130438494053,-3.0743025799721595,0.35049444311074396,-3.296627696102841,-0.8682951462802069
6.534,-0.10600355496102526,-3.0701783575893216,0.3471837461394116,-3.310696971332342,-0.8682951462802069
6.535,-0.10907162069827075,-3.0659329298219085,0.34385957823462615,-3.3241679047854547,-0.8390815212222346
6.5360000000000005,-0.11213538047469161,-3.0615664642721443,0.340521952867321,-3.337625367305114,-0.8390815212222346
6.537,-0.1151947133382944,-3.0570791333206166,0.3371708834949588,-3.3510693723622533,-0.8390815212222346
6.538,-0.11824949851186298,-3.0524711141194585,0.33380638356154446,-3.364499933414336,-0.8390815212222346
6.539,-0.12129961539770244,-3.047742588585388,0.3304284664976391,-3.3779170639053664,-0.8390815212222346
6.54,-0.12434494358242765,-3.042893743392486,0.3270377465543175,-3.3907199433215864,-0.8090398240062694
6.541,-0.12738536284169288,-3.0379247699648633,0.3236342365344591,-3.4035100198583903,-0.8090398240062694
6.542,-0.13042075314494833,-3.0328358644690887,0.32021794922814045,-3.416287306318657,-0.8090398240062694
6.543,-0.13345099466018576,-3.0276272278064313,0.316788897412648,-3.429051815492464,-0.8090398240062694
6.5440000000000005,-0.1364759677586621,-3.022299065604942,0.3133470938524909,-3.441803560157097,-0.8090398240062694
6.545,-0.13949555301961222,-3.0168515882113547,0.30989316810185075,-3.4539257506401495,-0.7781997021604835
6.546,-0.1425096312349872,-3.011285010682735,0.306427132282918,-3.466035818932719,-0.7781997021604835
6.547,-0.14551808341413316,-3.0055995527780466,0.302948998505761,-3.4781337771569962,-0.7781997021604835
6.548,-0.1485207907885162,-2.9997954389494184,0.29945877886833794,-3.4902196374230487,-0.7781997021604835
6.549,-0.15151763481638725,-2.9938728983333327,0.2959564854565091,-3.5022934118288354,-0.7781997021604835
6.55,-0.15450849718747212,-2.987832164741559,0.2924427625062689,-3.513722950240242,-0.7465915911617795
6.551,-0.1574932598276523,-2.981673476651903,0.28891762144715566,-3.5251410591132375,-0.7465915911617795
6.5520000000000005,-0.16047180490360613,-2.975397077198831,0.2853810736972783,-3.53654774987736,-0.7465915911617795
6.553,-0.16344401482747076,-2.969003214163854,0.28183313066332755,-3.5479430339507183,-0.7465915911617795
6.554,-0.16640977226149434,-2.9624921399657227,0.2782738037405875,-3.559326922740003,-0.7465915911617795
6.555,-0.16936896012264485,-2.9558641116505124,0.27470375121108226,-3.570052529505255,-0.7142466843996176
6.556,-0.17232146158725917,-2.949119390881416,0.2711229838004185,-3.5807674106637424,-0.7142466843996176
6.557,-0.17526716009562832,-2.942258243928477,0.26753151222347743,-3.5914715769410708,-0.7142466843996176
6.558,-0.17820593935662563,-2.935280941658012,0.2639293471844253,-3.6021650390521223,-0.7142466843996176
6.559,-0.1811376833522713,-2.928187759521985,0.26031649937672424,-3.6128478077010624,-0.7142466843996176
6.5600000000000005,-0.1840622763423389,-2.920978977547065,0.25669364047878307,-3.6228588979412,-0.6811969023919271
6.561,-0.1869796028688983,-2.913654880323636,0.25306078050169195,-3.632859977091097,-0.6811969023919271
6.562,-0.1898895477609001,-2.9062157569945,0.2494179294465301,-3.6428510551618447,-0.6811969023919271
6.563,-0.19279199613869602,-2.898661901243525,0.24576509730437557,-3.6528321421545216,-0.6811969023919271
6.564,-0.1956868334186004,-2.8909936112839842,0.24210229405631536,-3.6628032480602055,-0.6811969023919271
6.565,-0.19857394531739095,-2.8832111898468438,0.23843020411427754,-3.6720899420378132,-0.6474748612834041
6.566,-0.20145321785683018,-2.8753149441687857,0.2347488367649561,-3.6813673493214436,-0.6474748612834041
6.567,-0.20432453736817482,-2.86730518598005,0.2310582012857583,-3.6906354791977902,-0.6474748612834041
6.5680000000000005,-0.2071877904966438,-2.859182231492185,0.22735830694481404,-3.6998943409442604,-0.6474748612834041
6.569,-0.21004286420590307,-2.850946401385534,0.22364916300098506,-3.7091439438289844,-0.6474748612834041
6.57,-0.2128896457825377,-2.842598020796549,0.21993146592428675,-3.7176970766983017,-0.6131138406573149
6.571,-0.21572802284047907,-2.83413741930502,0.216205224267852,-3.7262416564347496,-0.6131138406573149
6.572,-0.21855788332546747,-2.825564930920988,0.21247044657626052,-3.7347776915914612,-0.6131138406573149
6.573,-0.22137911551945,-2.8168808940716348,0.20872714138554752,-3.743305190713016,-0.6131138406573149
6.574,-0.2241916080450136,-2.8080856515878567,0.20497531722321208,-3.751824162335449,-0.6131138406573149
6.575,-0.2269952498697723,-2.799179550690756,0.20121568193002512,-3.7596352931869648,-0.5781477506925609
6.5760000000000005,-0.2297899303107442,-2.790162942977958,0.1974482433171175,-3.767438612907629,-0.5781477506925609
6.577,-0.2325755390387277,-2.781036184409705,0.19367300918780891,-3.7752341293085725,-0.5781477506925609
6.578,-0.23535196608266623,-2.7717996352947782,0.1898899873376158,-3.783021850193115,-0.5781477506925609
6.579,-0.23811910183396778,-2.7624536602763414,0.18609918555425903,-3.7908017833567733,-0.5781477506925609
6.58,-0.24087683705085725,-2.7529986283174646,0.18230132235071164,-3.797863203547385,-0.5426110986984398
6.581,-0.24362506286266714,-2.7434349126866304,0.17849640478839385,-3.8049175623178066,-0.5426110986984398
6.582,-0.24636367077414506,-2.733762890942967,0.17468443992166438,-3.8119648667294577,-0.5426110986984398
6.583,-0.24909255266974606,-2.723982944921311,0.17086543479782768,-3.819005123836697,-0.5426110986984398
6.5840000000000005,-0.2518116008178824,-2.714095460717194,0.16703939645714086,-3.826038340686829,-0.5426110986984398
6.585,-0.25452070787518594,-2.7041008286715758,0.16320705337569352,-3.832343081447344,-0.5065389550600776
6.586,-0.2572197668907518,-2.6939994433554033,0.15936841185822642,-3.838641517467098,-0.5065389550600776
6.587,-0.2599086713103547,-2.683791703554062,0.15552347820317558,-3.8449336550508324,-0.5065389550600776
6.588,-0.26258731498064614,-2.6734780122516635,0.1516722587026786,-3.851219500496983,-0.5065389550600776
6.589,-0.26525559215336664,-2.663058776615057,0.1478147596425809,-3.8574990600976875,-0.5065389550600776
6.59,-0.2679133974894963,-2.6525344079778486,0.14395171874317075,-3.8630408994101537,-0.46996691862820267
6.591,-0.2705606260634372,-2.641905321824068,0.14008314154628745,-3.8685771968833076,-0.46996691862820267
6.5920000000000005,-0.27319717336713517,-2.631171937771848,0.13620903358822847,-3.8741079580589886,-0.46996691862820267
6.593,-0.2758229353142141,-2.6203346795568248,0.132329400399755,-3.879633188473494,-0.46996691862820267
6.594,-0.2784378082440943,-2.609393975015372,0.1284442475060974,-3.8851528936575845,-0.46996691862820267
6.595,-0.28104168892606396,-2.5983502560677962,0.12455432114370173,-3.889926362395675,-0.43293108158738625
6.596,-0.2836344745633782,-2.5872039587011866,0.1206596260860367,-3.894695057665027,-0.43293108158738625
6.597,-0.2862160627972967,-2.5759555229522904,0.11676016710179758,-3.89945898423911,-0.43293108158738625
6.598,-0.2887863517111334,-2.564605392890103,0.11285594895491097,-3.9042181468866186,-0.43293108158738625
6.599,-0.29134523983428895,-2.553154016598299,0.10894697640453949,-3.90897255037148,-0.43293108158738625
6.6000000000000005,-0.2938926261462359,-2.541601846157633,0.10503400346684164,-3.912972937697856,-0.39546799383739667
6.601,-0.2964284100805302,-2.5299493376279862,0.10111703414220473,-3.916969324636906,-0.39546799383739667
6.602,-0.29895249152875847,-2.518196951030471,0.09719607242701571,-3.920961715189017,-0.39546799383739667
6.603,-0.30146477084450984,-2.506345150329173,0.09327112231366513,-3.924950113350576,-0.39546799383739667
6.604,-0.3039651488473014,-2.4943944034128767,0.08934218779055116,-3.9289345231139734,-0.39546799383739667
6.605,-0.30645352682648824,-2.482345182076621,0.08541002990942184,-3.9321578811293167,-0.35761462692287305
6.606,-0.3089298065451656,-2.4701979620030463,0.0814746518936352,-3.935378015786645,-0.35761462692287305
6.607,-0.31139389024405595,-2.4579532227435745,0.07753605696332588,-3.938594930309316,-0.35761462692287305
6.6080000000000005,-0.3138456806453512,-2.4456114476995583,0.07359424833540842,-3.9418086279174642,-0.35761462692287305
6.609,-0.3162850809565616,-2.4331731241031584,0.06964922922358043,-3.945019111828004,-0.35761462692287305
6.61,-0.3187119948743455,-2.420638742998065,0.06570176696411331,-3.9474622594671134,-0.31940833754687015
6.611,-0.32112632658829127,-2.4080087992202097,0.06175186400015473,-3.949902963958584,-0.31940833754687015
6.612,-0.32352798078472245,-2.3952837913781178,0.05779952277240916,-3.9523412277455625,-0.31940833754687015
6.613,-0.3259168626504409,-2.382464221833325,0.053844745719140406,-3.9547770532687543,-0.31940833754687015
6.614,-0.3282928778764782,-2.3695505966805017,0.04988753527617398,-3.957210442966423,-0.31940833754687015
6.615,-0.33065593266182713,-2.3565434257274265,0.04592866430703644,-3.9588709691375428,-0.28088683070430326
6.6160000000000005,-0.3330059337171255,-2.343443222474968,0.04196813447225395,-3.9605298347824913,-0.28088683070430326
6.617,-0.3353427882683583,-2.330250504096703,0.038005947430692154,-3.962187041561795,-0.28088683070430326
6.618,-0.3376664040605116,-2.316965791418549,0.03404210483955784,-3.9638425911343194,-0.28088683070430326
6.619,-0.33997668936120756,-2.3035896088982466,0.030076608354400566,-3.965496485157271,-0.28088683070430326
6.62,-0.3422735529643435,-2.2901224846045465,0.02611023560327902,-3.9663727511215474,-0.24208812247167066
6.621,-0.3445569041936745,-2.276564950196472,0.02214298746245916,-3.9672481408198594,-0.24208812247167066
6.622,-0.34682665290640136,-2.2629175409022824,0.018174864807330687,-3.968122655128473,-0.24208812247167066
6.623,-0.34908270949673637,-2.2491807954982983,0.01420586851240791,-3.968996294922778,-0.24208812247167066
6.6240000000000006,-0.35132498489942576,-2.2353552562877224,0.010235999451330621,-3.9698690610772887,-0.24208812247167066
6.625,-0.3535533905932735,-2.2214414690791844,0.006266039249264614,-3.969960202066007,-0.20305050248977707
6.626,-0.3557678386046435,-2.2074399831651492,0.0022959879973508783,-3.9700512519137363,-0.20305050248977707
6.627,-0.35796824151091505,-2.193351351300337,-0.0016741542133607394,-3.970142210711618,-0.20305050248977707
6.628,-0.360154512443954,-2.1791761296797785,-0.005644387291911441,-3.970233078550702,-0.20305050248977707
6.6290000000000004,-0.3623265650935225,-2.1649148779169836,-0.009614711147433388,-3.9703238555219467,-0.20305050248977707
6.63,-0.36448431371070605,-2.1505681590217205,-0.013584340929023343,-3.9696297815899544,-0.16381249617647753
6.631,-0.366627673111279,-2.1361365393779175,-0.017553277330755235,-3.9689364017318938,-0.16381249617647753
6.632000000000001,-0.36875655867908697,-2.1216205887211754,-0.021521521046008928,-3.9682437152536916,-0.16381249617647753
6.633,-0.3708708863693683,-2.1070208801164036,-0.025489072767470894,-3.9675517214619673,-0.16381249617647753
6.634,-0.37297057271209083,-2.0923379899350656,-0.02945593318713493,-3.966860419664035,-0.16381249617647753
6.635,-0.37505553481522824,-2.0775724978325583,-0.03342131500291343,-3.965381815778506,-0.12441282670674358
6.636,-0.37712569036805144,-2.0627249867251938,-0.0373852196934103,-3.9639046904968622,-0.12441282670674358
6.6370000000000005,-0.37918095764436144,-2.047796042767304,-0.0413476487357508,-3.9624290423405,-0.12441282670674358
6.638,-0.3812212555057232,-2.032786255328051,-0.04530860360558309,-3.9609548698322947,-0.12441282670674358
6.639,-0.3832465034046752,-2.0176962169681083,-0.04926808577707969,-3.9594821714965973,-0.12441282670674358
6.640000000000001,-0.3852566213878959,-2.0025265234163694,-0.05322530627394074,-3.957220496861052,-0.08489037679756406
6.641,-0.38725153009936697,-1.9872777735463776,-0.05718026735784088,-3.954961083900142,-0.08489037679756406
6.642,-0.3892311507835127,-1.9719505693526331,-0.061132971288193075,-3.952703930352193,-0.08489037679756406
6.643,-0.39119540528829383,-1.9565455159269485,-0.06508342032215086,-3.950449033957792,-0.08489037679756406
6.644,-0.39314421606831024,-1.9410632214344203,-0.06903161671461065,-3.9481963924597854,-0.08489037679756406
6.6450000000000005,-0.3950775061878447,-1.9255042970895595,-0.07297677059368468,-3.9451538790740335,-0.04528415033540045
6.646,-0.396995199323916,-1.9098693571320418,-0.07691888500188634,-3.9421144082016673,-0.04528415033540045
6.647,-0.3988972197692848,-1.8941590188025064,-0.08085796297868651,-3.939077976800174,-0.04528415033540045
6.648000000000001,-0.40078349243543854,-1.8783739023182289,-0.0847940075605166,-3.9360445818300818,-0.04528415033540045
6.649,-0.4026539428555601,-1.8625146308485965,-0.08872702178077156,-3.9330142202549596,-0.04528415033540045
6.65,-0.4045084971874737,-1.8465818304904564,-0.09265621565148395,-3.929193870712386,-0.005633233884053346
6.651,-0.40634708221654586,-1.8305761302435208,-0.09658159299300331,-3.9253773415193547,-0.005633233884053346
6.652,-0.4081696253585918,-1.8144981619853937,-0.10050315762185882,-3.9215646288555166,-0.005633233884053346
6.6530000000000005,-0.4099760546627269,-1.79834856044675,-0.10442091335076317,-3.9177557289043423,-0.005633233884053346
6.654,-0.41176629881421334,-1.782127963186224,-0.10833486398861629,-3.913950637853119,-0.005633233884053346
6.655,-0.4135402871372814,-1.7658370105651848,-0.11224422021099377,-3.9093562223774847,0.03402324188904993
6.656000000000001,-0.41529794959790767,-1.7494763457225657,-0.1161489866123111,-3.9047664013173264,0.03402324188904993
6.657,-0.41703921680658584,-1.7330466145494192,-0.12004916778238933,-3.9001811700782283,0.03402324188904993
6.658,-0.418764020021072,-1.716548465663363,-0.1239447683064597,-3.8956005240703693,0.03402324188904993
6.659,-0.4204722911490846,-1.6999825503831028,-0.1278357927651682,-3.891024458708518,0.03402324188904993
6.66,-0.42216396275100654,-1.6833495227025899,-0.13172145327660142,-3.8856605114332075,0.07364614083010179
6.6610000000000005,-0.42383896804254145,-1.6666500392652581,-0.1356017552047066,-3.880301928105172,0.07364614083010179
6.662,-0.42549724089734475,-1.649884759338157,-0.13947670390806707,-3.874948703360465,0.07364614083010179
6.663,-0.42713871584964724,-1.633054344785793,-0.1433463047399076,-3.8696008318405024,0.07364614083010179
6.664,-0.42876332809682477,-1.6161594600441531,-0.14721056304809965,-3.86425830819206,0.07364614083010179
6.665,-0.43037101350197127,-1.59920077209432,-0.15106869317078508,-3.858130122685436,0.11319635992157873
6.666,-0.4319617085964179,-1.5821789504362747,-0.1549207012361494,-3.852008065364319,0.11319635992157873
6.667,-0.4335353505822443,-1.5650946670624097,-0.15876659336624993,-3.845892130100523,0.11319635992157873
6.668,-0.4350918773347629,-1.5479485964309412,-0.1626063756770219,-3.839782310771991,0.11319635992157873
6.6690000000000005,-0.4366312274049609,-1.530741415439398,-0.1664400542782847,-3.8336786012627875,0.11319635992157873
6.67,-0.4381533400219317,-1.5134738033978417,-0.17026684650358878,-3.826792225304081,0.15263486787218994
6.671,-0.4396581550952787,-1.49614644200199,-0.1740867592393101,-3.819912735721333,0.15263486787218994
6.672,-0.4411456132174763,-1.4787600153064409,-0.17789979936493827,-3.813040125628168,0.15263486787218994
6.673,-0.442615655666228,-1.4613152096975104,-0.18170597375308337,-3.806174388145096,0.15263486787218994
6.674,-0.4440682244067718,-1.4438127138662933,-0.18550528926948287,-3.799315516399507,0.15263486787218994
6.675,-0.44550326209418256,-1.4262532187813362,-0.18929696701549326,-3.7916777460103868,0.19192274363605188
6.676,-0.4469207120756312,-1.4086374176614183,-0.1930810146288849,-3.7840476133916554,0.19192274363605188
6.6770000000000005,-0.448320518392618,-1.3909660059482247,-0.19685743973979045,-3.7764251109055427,0.19192274363605188
6.678,-0.4497026257831847,-1.3732396812788514,-0.20062624997071235,-3.768810230921916,0.19192274363605188
6.679,-0.4510669796841013,-1.3554591434582044,-0.20438745293653063,-3.7612029658182733,0.19192274363605188
6.68,-0.4524135262330088,-1.3376250944315116,-0.20814027427508663,-3.7528213385559934,0.2310212148230722
6.681,-0.45374221227055817,-1.3197382382564513,-0.21188472236800762,-3.744448092920976,0.2310212148230722
6.682,-0.4550529853424982,-1.3017992810754986,-0.21562080558853922,-3.7360832205315937,0.2310212148230722
6.683,-0.456345793701751,-1.2838089310879865,-0.21934853230155382,-3.727726713014601,0.2310212148230722
6.684,-0.457620586310459,-1.265767898522088,-0.22306791086355895,-3.719378562005125,0.2310212148230722
6.6850000000000005,-0.4588773128419914,-1.247676895606897,-0.22677817221308283,-3.7102613495238677,0.2698916959626034
6.686,-0.46011592368293525,-1.2295366365442535,-0.23047932546733793,-3.701153254255092,0.2698916959626034
6.687,-0.4613363699350581,-1.2113478374804825,-0.2341713797344195,-3.6920542670815846,0.2698916959626034
6.688,-0.4625386034172289,-1.193111216478268,-0.23785434411331477,-3.682964378895251,0.2698916959626034
6.689,-0.46372257666732986,-1.1748274934881608,-0.24152822769391188,-3.6738835805971037,0.2698916959626034
6.69,-0.46488824294412545,-1.1564973903202167,-0.24519226747439674,-3.664039780484854,0.3084958265826389
6.691,-0.46603555622910453,-1.1381216306155644,-0.24884647329856946,-3.6542058241727164,0.3084958265826389
6.692,-0.4671644712283057,-1.119700939817691,-0.25249085500038637,-3.644381701816891,0.3084958265826389
6.6930000000000005,-0.46827494337409636,-1.1012360451439482,-0.2561254224039698,-3.6345674035834215,0.3084958265826389
6.694,-0.46936692882693654,-1.0827276755567825,-0.259750185323618,-3.624762919648185,0.3084958265826389
6.695,-0.4704403844771128,-1.0641765617348917,-0.26336438757016517,-3.614202246547197,0.3467955090669984
6.696,-0.47149526794643165,-1.0455834360445266,-0.26696803970428445,-3.6036521341193097,0.3467955090669984
6.697,-0.47253153758990235,-1.0269490325104111,-0.2705611522760883,-3.5931125718038506,0.3467955090669984
6.698,-0.47354915249737256,-1.0082740867869104,-0.274143735825139,-3.5825835490507068,0.3467955090669984
6.699,-0.4745480724951471,-0.9895593361289263,-0.27771580088045933,-3.572065055320316,0.3467955090669984
6.7,-0.4755282581475771,-0.9708055193627276,-0.2812765988117993,-3.560797931339935,0.3847529462530409
6.7010000000000005,-0.47648967075861015,-0.9520133768569096,-0.28482614088628283,-3.549542074483534,0.3847529462530409
6.702,-0.47743227237332164,-0.9331836504931027,-0.28836443835976683,-3.53829747348399,0.3847529462530409
6.703,-0.47835602577941483,-0.9143170836366408,-0.29189150247685225,-3.527064117085445,0.3847529462530409
6.704,-0.479260894508687,-0.8954144211072784,-0.29540734447089556,-3.515841994043299,0.3847529462530409
6.705,-0.48014684283847103,-0.8764764091497445,-0.29891122400937015,-3.5038795384745973,0.4223306787329153
6.706,-0.4810138357930429,-0.8575037954043452,-0.3024031530547316,-3.491929045361464,0.4223306787329153
6.707,-0.48186183914500424,-0.8384973288774066,-0.30588314355747304,-3.4799905027414444,0.4223306787329153
6.708,-0.4826908194166368,-0.8194577599116397,-0.3093512074561371,-3.468063898664045,0.4223306787329153
6.7090000000000005,-0.4835007438812178,-0.8003858401566479,-0.3128073566773278,-3.4561492211907225,0.4223306787329153
6.71,-0.4842915805643153,-0.7812823225391885,-0.31625085991686086,-3.443503239533102,0.4594916218214852
6.711,-0.48506329824505307,-0.7621479612333831,-0.319681729820718,-3.4308699038571393,0.4594916218214852
6.712,-0.48581586645733665,-0.7429835116310963,-0.32309997902223486,-3.4182492015168524,0.4594916218214852
6.713,-0.4865492554910633,-0.7237897303119402,-0.32650562014211376,-3.405641119878906,0.4594916218214852
6.714,-0.48726343639328895,-0.7045673750135577,-0.32989866578843635,-3.3930456463225975,0.4594916218214852
6.715,-0.48795838096937366,-0.6853172046016441,-0.3332783944070695,-3.3797286186331865,0.49619910215441143
6.716,-0.488634061784097,-0.6660399790399221,-0.336644819315041,-3.366424907971465,0.49619910215441143
6.7170000000000005,-0.4892904521627359,-0.6467364593602926,-0.3399979538160614,-3.3531345010204054,0.49619910215441143
6.718,-0.48992752619212293,-0.6274074076326376,-0.3433378112005377,-3.339857384476297,0.49619910215441143
6.719,-0.4905452587216669,-0.6080535869348009,-0.3466644047455864,-3.3265935450487323,0.49619910215441143
6.72,-0.4911436253643438,-0.5886757613225286,-0.3499770233592125,-3.3126186136260767,0.5324168938803462
6.721,-0.4917226024976646,-0.5692746957991517,-0.3532756810163473,-3.298657657134844,0.5324168938803462
6.722,-0.4922821672646027,-0.549851156285539,-0.3565603916779474,-3.2847106616001023,0.5324168938803462
6.723,-0.4928222975744987,-0.5304059095897942,-0.3598311692910083,-3.270777613060895,0.5324168938803462
6.724,-0.493342972103934,-0.5109397233769171,-0.3630880277885785,-3.2568584975702275,0.5324168938803462
6.7250000000000005,-0.4938441702975691,-0.49145336613863,-0.36633026724256296,-3.2422394539844275,0.5681092544114981
6.726,-0.4943258723689569,-0.47194760716297274,-0.3695579022720052,-3.227635029442213,0.5681092544114981
6.727,-0.49478805930132563,-0.4524232165038663,-0.3727709474813297,-3.213045209324541,0.5681092544114981
6.728,-0.4952307128483255,-0.43288096495086703,-0.3759694174603567,-3.1984699790269864,0.5681092544114981
6.729,-0.49565381553475335,-0.4133216239985604,-0.37915332678431646,-3.1839093239597296,0.5681092544114981
6.73,-0.4960573506572392,-0.39374596581625826,-0.3823219873797583,-3.168660595441826,0.6032409596971959
6.731,-0.49644130228490685,-0.37415476321744884,-0.38547541449541073,-3.1534271156524403,0.6032409596971959
6.732,-0.49680565526000403,-0.35454878962924324,-0.3886136233647536,-3.138208869342844,0.6032409596971959
6.7330000000000005,-0.4971503951984994,-0.33492881906188565,-0.39173662920603314,-3.123005841279557,0.6032409596971959
6.734,-0.49747550849064986,-0.31529562607826367,-0.39484444722227746,-3.107818016244334,0.6032409596971959
6.735,-0.49778098230153994,-0.2956499857631746,-0.3979364018737258,-3.091954651448373,0.6377773389858228
6.736,-0.49806680457158603,-0.2759926736929036,-0.401012509023743,-3.076107150017208,0.6377773389858228
6.737,-0.4983329640170149,-0.2563244659044281,-0.4040727845198305,-3.060275496087474,0.6377773389858228
6.738,-0.498579450130307,-0.2366461388649365,-0.40711724419364215,-3.0444596738116703,0.6377773389858228
6.739,-0.4988062531806125,-0.21695846944110786,-0.4101459038610003,-3.0286596673581423,0.6377773389858228
6.74,-0.4990133642141358,-0.19726223486837585,-0.4131581011825103,-3.012197321509971,0.671684309040659
6.7410000000000005,-0.4992007750544876,-0.17755821272037822,-0.4161538526205179,-2.9957514380076478,0.671684309040659
6.742,-0.49936847830300873,-0.15784718087819305,-0.4191331746209067,-2.979322000388827,0.671684309040659
6.743,-0.4995164673390624,-0.13812991749956222,-0.42209608361311435,-2.962908992207625,0.671684309040659
6.744,-0.4996447363202946,-0.11840720098832709,-0.42504259601014893,-2.946512397034604,0.671684309040659
6.745,-0.4997532801828658,-0.09867980996352023,-0.42797206332663096,-2.9294673164820515,0.7049284077758914
6.746,-0.49984209464164997,-0.07894852322880522,-0.430884502607641,-2.9124392810100517,0.7049284077758914
6.747,-0.4999111761904044,-0.05921411974157466,-0.4337799308812145,-2.8954282735735237,0.7049284077758914
6.748,-0.49996052210190806,-0.03947737858226521,-0.436658365158359,-2.8784342771444322,0.7049284077758914
6.7490000000000006,-0.49999013042806856,-0.019739078923645424,-0.43951982243307075,-2.86145727471177,0.7049284077758914
6.75,-0.5,-1.0774500469862644e-14,-0.4423636687139622,-2.843846280891465,0.7374768272796692
6.751,-0.49999013042806856,0.019739078923646198,-0.4451899216120272,-2.82625289806498,0.7374768272796692
6.752,-0.4999605221019081,0.039477378582243663,-0.4479985987206485,-2.8086771086213216,0.7374768272796692
6.753,-0.49991117619040454,0.05921411974155312,-0.4507897176156156,-2.791118894967107,0.7374768272796692
6.7540000000000004,-0.49984209464164997,0.07894852322880598,-0.45356329585514216,-2.7735782395265467,0.7374768272796692
6.755,-0.4997532801828658,0.09867980996352099,-0.45631871456750533,-2.7554187123631886,0.7692974461915729
6.756,-0.4996447363202946,0.11840720098832785,-0.45905599191223234,-2.737277344726994,0.7692974461915729
6.757000000000001,-0.49951646733906224,0.13812991749958528,-0.46177514603069075,-2.719154118458435,0.7692974461915729
6.758,-0.49936847830300873,0.15784718087819385,-0.4644761950461069,-2.701049015416145,0.7692974461915729
6.759,-0.4992007750544874,0.1775582127204013,-0.4671591570635838,-2.6829620174768976,0.7692974461915729
6.76,-0.4990133642141358,0.1972622348683766,-0.46982342894181517,-2.664271878231371,0.8003588614024782
6.761,-0.4988062531806127,0.21695846944108638,-0.47246902937094026,-2.64560042912509,0.8003588614024782
6.7620000000000005,-0.498579450130307,0.23664613886493727,-0.4750959770224082,-2.6269476514679155,0.8003588614024782
6.763,-0.49833296401701516,0.2563244659044066,-0.4777042905489966,-2.608313526588398,0.8003588614024782
6.764,-0.4980668045715863,0.2759926736928821,-0.48029398858483036,-2.5896980358337602,0.8003588614024782
6.765000000000001,-0.49778098230153994,0.2956499857631753,-0.4828644843142474,-2.570495729417013,0.8306304190456614
6.766,-0.4974755084906502,0.3152956260782423,-0.48541579693955406,-2.551312625306683,0.8306304190456614
6.767,-0.4971503951984994,0.33492881906188643,-0.4879479456438545,-2.532148704300463,0.8306304190456614
6.768,-0.4968056552600044,0.3545487896292218,-0.4904609495910698,-2.5130039472152492,0.8306304190456614
6.769,-0.49644130228490685,0.3741547632174496,-0.4929548279259569,-2.4938783348871207,0.8306304190456614
6.7700000000000005,-0.4960573506572387,0.3937459658162811,-0.4954290107376142,-2.4741828116572644,0.860082244748457
6.771,-0.49565381553475335,0.41332162399856115,-0.4978835177215648,-2.454506983950638,0.860082244748457
6.772,-0.4952307128483255,0.4328809649508678,-0.5003183685536365,-2.4348508320717186,0.860082244748457
6.773000000000001,-0.4947880593013251,0.4524232165038891,-0.5027335828899813,-2.4152143363446776,0.860082244748457
6.774,-0.4943258723689569,0.4719476071629734,-0.5051291803670946,-2.395597477113364,0.860082244748457
6.775,-0.49384417029756905,0.49145336613863067,-0.5075046085412686,-2.3754281741739574,0.8886852731146496
6.776,-0.49334297210393396,0.5109397233769178,-0.509859887581806,-2.3552790405374906,0.8886852731146496
6.777,-0.4928222975744993,0.530405909589773,-0.5121950376378407,-2.33515005603466,0.8886852731146496
6.7780000000000005,-0.4922821672646027,0.5498511562855398,-0.514510078838357,-2.3150412005163323,0.8886852731146496
6.779,-0.4917226024976652,0.5692746957991306,-0.5168050312922104,-2.294952453853523,0.8886852731146496
6.78,-0.4911436253643444,0.5886757613225074,-0.5190793605680819,-2.274329275871499,0.9164112764085413
6.781000000000001,-0.4905452587216668,0.6080535869348018,-0.5213330872891494,-2.2537267210674563,0.9164112764085413
6.782,-0.4899275261921236,0.6274074076326165,-0.5235662320579676,-2.233144768818218,0.9164112764085413
6.783,-0.4892904521627359,0.6467364593602932,-0.5257788154564889,-2.2125833985212293,0.9164112764085413
6.784,-0.488634061784097,0.6660399790399228,-0.5279708580460833,-2.1920425895945375,0.9164112764085413
6.785,-0.4879583809693736,0.6853172046016449,-0.53014184393524,-2.1709858891566975,0.9432328924122741
6.7860000000000005,-0.4872634363932882,0.7045673750135802,-0.5322917941806593,-2.1499502454192956,0.9432328924122741
6.787,-0.4865492554910633,0.7237897303119409,-0.5344207298179849,-2.1289356373256307,0.9432328924122741
6.788,-0.4858158664573366,0.742983511631097,-0.536528671861825,-2.1079420438400596,0.9432328924122741
6.789,-0.485063298245053,0.7621479612333839,-0.5386156413057729,-2.0869694439479742,0.9432328924122741
6.79,-0.48429158056431615,0.7812823225391676,-0.5406811413072483,-2.065500001475445,0.9691236514290561
6.791,-0.4835007438812177,0.8003858401566487,-0.5427251933356937,-2.0440520284453885,0.9691236514290561
6.792,-0.48269081941663766,0.819457759911619,-0.5447478188390821,-2.022625503388362,0.9691236514290561
6.793,-0.4818618391450052,0.8384973288773858,-0.5467490392439385,-2.0012204048563924,0.9691236514290561
6.7940000000000005,-0.48101383579304285,0.857503795404346,-0.5487288759553615,-1.979836711422955,0.9691236514290561
6.795,-0.480146842838472,0.8764764091497237,-0.5506868516700248,-1.9579757146634202,0.9940580024055825
6.796,-0.479260894508688,0.8954144211072578,-0.5526229882489255,-1.9361365789006453,0.9940580024055825
6.797,-0.4783560257794158,0.9143170836366201,-0.5545373075311991,-1.914319282273633,0.9940580024055825
6.798,-0.4774322723733216,0.9331836504931035,-0.5564298313341424,-1.8925238029432476,0.9940580024055825
6.799,-0.47648967075860904,0.9520133768569317,-0.5583005814532346,-1.8707501190921927,0.9940580024055825
6.8,-0.47552825814757704,0.9708055193627283,-0.5601491005954448,-1.8485191422101446,1.0180113381477913
6.801,-0.4745480724951471,0.989559336128927,-0.5619754109917497,-1.8263103963049787,1.0180113381477913
6.8020000000000005,-0.4735491524973714,1.0082740867869324,-0.5637795348508955,-1.8041238591457178,1.0180113381477913
6.803,-0.4725315375899023,1.0269490325104118,-0.5655614943594192,-1.7819595085236162,1.0180113381477913
6.804,-0.47149526794643276,1.0455834360445064,-0.5673213116816713,-1.7598173222521367,1.0180113381477913
6.805,-0.4704403844771127,1.0641765617348924,-0.5690585499862091,-1.7372383045377802,1.040960019605226
6.806,-0.46936692882693776,1.0827276755567623,-0.5707732318520502,-1.7146818658411378,1.040960019605226
6.807,-0.4682749433740963,1.101236045143949,-0.5724653798356334,-1.692147983583192,1.040960019605226
6.808,-0.4671644712283069,1.1197009398176707,-0.5741350164708409,-1.6696366352075043,1.040960019605226
6.809,-0.46603555622910575,1.1381216306155444,-0.5757821642690211,-1.6471477981801923,1.040960019605226
6.8100000000000005,-0.4648882429441254,1.1564973903202174,-0.5774064072914191,-1.6242430223980138,1.0628813991999142
6.811,-0.46372257666733113,1.1748274934881406,-0.5790077684428108,-1.6013611513916175,1.0628813991999142
6.812,-0.46253860341722886,1.1931112164782687,-0.580586270605067,-1.5785021622562276,1.0628813991999142
6.813,-0.46133636993505805,1.2113478374804831,-0.582141936637177,-1.5556660321099731,1.0628813991999142
6.814,-0.4601159236829352,1.2295366365442542,-0.5836747893752708,-1.5328527380938648,1.0628813991999142
6.815,-0.45887731284198996,1.2476768956069184,-0.5851844341837631,-1.509644808492235,1.0837538431767966
6.816,-0.45762058631045893,1.2657678985220886,-0.5866708942705833,-1.4864600868202067,1.0837538431767966
6.817,-0.45634579370175093,1.2838089310879872,-0.5881341928204531,-1.4632985498698505,1.0837538431767966
6.8180000000000005,-0.45505298534249816,1.3017992810754992,-0.5895743529949096,-1.4401601744564447,1.0837538431767966
6.819,-0.4537422122705581,1.319738238256452,-0.590991397932328,-1.4170449374184524,1.0837538431767966
6.82,-0.4524135262330103,1.337625094431492,-0.5923849546897499,-1.3935567574219616,1.1035567529536188
6.821,-0.45106697968410275,1.3554591434581849,-0.5937550467553554,-1.3700920656054674,1.1035567529536188
6.822,-0.4497026257831862,1.3732396812788321,-0.5951016975938361,-1.3466508384807896,1.1035567529536188
6.823,-0.44832051839261794,1.3909660059482254,-0.5964249306464193,-1.3232330525832365,1.1035567529536188
6.824,-0.4469207120756328,1.408637417661399,-0.5977247693308909,-1.299838684471581,1.1035567529536188
6.825,-0.4455032620941841,1.4262532187813168,-0.599000862764969,-1.2760934340781238,1.1222705854492827
6.8260000000000005,-0.44406822440677174,1.443812713866294,-0.600253234693904,-1.25237192893506,1.1222705854492827
6.827,-0.44261565566622796,1.461315209697511,-0.6014819088392012,-1.2286741452971395,1.1222705854492827
6.828,-0.44114561321747625,1.4787600153064415,-0.6026869088986441,-1.2050000594428567,1.1222705854492827
6.829,-0.43965815509527867,1.4961464420019908,-0.6038682585463185,-1.1813496476744283,1.1222705854492827
6.83,-0.4381533400219316,1.5134738033978423,-0.6050256293068978,-1.1573707605793448,1.139876872370455
6.831,-0.43663122740495913,1.5307414154394179,-0.6061590451592692,-1.1334158523713564,1.139876872370455
6.832,-0.43509187733476284,1.5479485964309416,-0.6072685300583408,-1.109484899071576,1.139876872370455
6.833,-0.433535350582246,1.565094667062391,-0.608354107935066,-1.0855778767250954,1.139876872370455
6.8340000000000005,-0.43196170859641786,1.582178950436275,-0.6094158026964669,-1.0616947614009613,1.139876872370455
6.835,-0.430371013501973,1.5992007720943013,-0.6104533085983377,-1.037505901870809,1.1563582384375666
6.836,-0.42876332809682655,1.6161594600441347,-0.6114666498295379,-1.0133412312001868,1.1563582384375666
6.837,-0.427138715849649,1.6330543447857746,-0.6124558505547382,-0.9892007252002353,1.1563582384375666
6.838,-0.42549724089734653,1.6498847593381385,-0.6134209349144445,-0.9650843597062837,1.1563582384375666
6.839,-0.4238389680425414,1.6666500392652586,-0.6143619270250223,-0.9409921105778261,1.1563582384375666
6.84,-0.42216396275100837,1.6833495227025719,-0.615278544175119,-0.9166171500966053,1.1716984185321473
6.841,-0.4204722911490845,1.6999825503831034,-0.6161708107396948,-0.8922665645758657,1.1716984185321473
6.8420000000000005,-0.41876402002107,1.7165484656633825,-0.6170387510693355,-0.8679403296406469,1.1716984185321473
6.843,-0.4170392168065858,1.7330466145494199,-0.6178823894902759,-0.8436384209403633,1.1716984185321473
6.844,-0.4152979495979056,1.749476345722585,-0.6187017503044246,-0.81936081414878,1.1716984185321473
6.845,-0.4135402871372813,1.7658370105651855,-0.6194965741122843,-0.7948238078596618,1.1858822737484762
6.846,-0.4117662988142132,1.7821279631862246,-0.6202668854508612,-0.7703113385768325,1.1858822737484762
6.847,-0.4099760546627268,1.7983485604467506,-0.6210127088326245,-0.7458233817632862,1.1858822737484762
6.848,-0.40816962535859175,1.8144981619853944,-0.621734068745531,-0.7213599129065534,1.1858822737484762
6.849,-0.40634708221654786,1.8305761302435035,-0.6224309896530498,-0.6969209075186773,1.1858822737484762
6.8500000000000005,-0.40450849718747367,1.846581830490457,-0.6231032357235342,-0.6722460704844808,1.1988958063338924
6.851,-0.4026539428555621,1.8625146308485792,-0.6237508316318215,-0.6475959082873185,1.1988958063338924
6.852,-0.4007834924354385,1.878373902318229,-0.6243738020280739,-0.6229703962523533,1.1988958063338924
6.853,-0.3988972197692869,1.8941590188024893,-0.6249721715378034,-0.598369509729423,1.1988958063338924
6.854,-0.39699519932391814,1.9098693571320247,-0.6255459647618964,-0.5737932240930158,1.1988958063338924
6.855,-0.39507750618784465,1.9255042970895604,-0.6260949696692952,-0.5490049073988653,1.2107261735028763
6.856,-0.3931442160683101,1.9410632214344208,-0.6266192110483166,-0.5242413790214089,1.2107261735028763
6.857,-0.3911954052882938,1.9565455159269491,-0.627118713662489,-0.49950261417232994,1.2107261735028763
6.8580000000000005,-0.38923115078351045,1.9719505693526513,-0.6275935022505771,-0.4747885880881001,1.2107261735028763
6.859,-0.38725153009936686,1.987277773546378,-0.628043601526607,-0.4500992760299545,1.2107261735028763
6.86,-0.38525662138789357,2.002526523416387,-0.6284688234693587,-0.42522194275169795,1.2213617001113293
6.861,-0.38324650340467514,2.017696216968109,-0.6288691929561655,-0.4003694868067197,1.2213617001113293
6.862,-0.38122125550572544,2.0327862553280345,-0.6292447348394832,-0.3755418833176864,1.2213617001113293
6.863,-0.3791809576443614,2.0477960427673048,-0.6295954739469153,-0.35073910743214215,1.2213617001113293
6.864,-0.37712569036805366,2.0627249867251773,-0.6299214350812378,-0.3259611343224834,1.2213617001113293
6.865,-0.3750555348152305,2.077572497832542,-0.6302224544166224,-0.30101933538459047,1.230791890178522
6.8660000000000005,-0.3729705727120908,2.0923379899350665,-0.630498556894868,-0.27610247824563544,1.230791890178522
6.867,-0.3708708863693706,2.1070208801163877,-0.6307497674328318,-0.25121053796381937,1.230791890178522
6.868,-0.3687565586790869,2.1216205887211763,-0.6309761109224541,-0.22634348962228512,1.230791890178522
6.869,-0.3666276731112813,2.136136539377902,-0.6311776122307832,-0.2015013083290924,1.230791890178522
6.87,-0.364484313710706,2.1505681590217205,-0.631354131889059,-0.17651965827585536,1.239007437245398
6.871,-0.36232656509352246,2.164914877916984,-0.6315056948789316,-0.15156298987267156,1.239007437245398
6.872,-0.3601545124439539,2.179176129679779,-0.6316323261570695,-0.12663127813789093,1.239007437245398
6.873,-0.35796824151091494,2.1933513513003375,-0.6317340506551844,-0.10172449811484509,1.239007437245398
6.8740000000000006,-0.35576783860464095,2.2074399831651657,-0.6318108932800562,-0.07684262487182228,1.239007437245398
6.875,-0.3535533905932734,2.2214414690791853,-0.631862739057632,-0.051845777575773105,1.2460002335588678
6.876,-0.35132498489942565,2.235355256287723,-0.631889612984759,-0.026873927127019977,1.2460002335588678
6.877,-0.34908270949673625,2.2491807954982987,-0.6318915400332877,-0.0019270485287156032,1.2460002335588678
6.878,-0.3468266529064038,2.2629175409022677,-0.6318685451500967,0.022994883190990467,1.2460002335588678
6.8790000000000004,-0.34455690419367446,2.2765649501964726,-0.6318206532571178,0.047891892978976836,1.2460002335588678
6.88,-0.342273552964346,2.290122484604532,-0.6317477739884704,0.07287926864746205,1.25176337807321
6.881,-0.3399766893612101,2.303589608898232,-0.6316499323315301,0.0978416569402788,1.25176337807321
6.882000000000001,-0.33766640406051157,2.31696579141855,-0.6315271532486854,0.12277908284480271,1.25176337807321
6.883,-0.33534278826836084,2.3302505040966883,-0.6313794616773619,0.14769157132342212,1.25176337807321
6.884,-0.33300593371712545,2.343443222474968,-0.6312068825300483,0.1725791473135629,1.25176337807321
6.885,-0.330655932661827,2.3565434257274274,-0.6310093501382168,0.19753239183146137,1.2562911832606019
6.886,-0.32829287787647815,2.369550596680502,-0.630786889455112,0.22246068310484196,1.2562911832606019
6.8870000000000005,-0.32591686265043807,2.3824642218333407,-0.630539525409025,0.24736404608694915,1.2562911832606019
6.888,-0.3235279807847224,2.395283791378118,-0.6302672829033189,0.2722425057060742,1.2562911832606019
6.889,-0.3211263265882912,2.40800879922021,-0.6299701868164533,0.2970960868655802,1.2562911832606019
6.890000000000001,-0.3187119948743454,2.4206387429980656,-0.6296481962420601,0.32199057439319384,1.2595791807239616
6.891,-0.3162850809565615,2.433173124103159,-0.6293013360746269,0.34686016743327985,1.2595791807239616
6.892,-0.31384568064535107,2.4456114476995587,-0.6289296311837466,0.3717048908803258,1.2595791807239616
6.893,-0.3113938902440586,2.4579532227435608,-0.6285331064141426,0.39652476960392474,1.2595791807239616
6.894,-0.30892980654516833,2.470197962003033,-0.6281117865856938,0.42131982844880006,1.2595791807239616
6.8950000000000005,-0.30645352682648813,2.4823451820766214,-0.6276656555945613,0.4461309911324864,1.2616241256067577
6.896,-0.30396514884730413,2.4943944034128633,-0.6271947382519079,0.47091734265348906,1.2616241256067577
6.897,-0.30146477084451256,2.50634515032916,-0.6266990593440849,0.49567890782297075,1.2616241256067577
6.898000000000001,-0.29895249152875836,2.518196951030472,-0.6261786436326576,0.5204157114272829,1.2616241256067577
6.899,-0.29642841008053017,2.529949337627987,-0.6256335158544296,0.5451277782279909,1.2616241256067577
6.9,-0.2938926261462358,2.5416018461576333,-0.625063684723984,0.5698311304456685,1.2624239997952804
6.901,-0.2913452398342889,2.5531540165982993,-0.6244691749446729,0.5945097793111284,1.2624239997952804
6.902,-0.28878635171113337,2.5646053928901034,-0.6238500111951452,0.6191637495277228,1.2624239997952804
6.9030000000000005,-0.2862160627972937,2.5759555229523032,-0.623206218129371,0.6437930657741007,1.2624239997952804
6.904,-0.28363447456337815,2.587203958701187,-0.6225378203766668,0.6683977527042322,1.2624239997952804
6.905,-0.2810416889260668,2.5983502560677842,-0.6218448514614371,0.6929689152297333,1.2619780139102657
6.906000000000001,-0.2784378082440942,2.6093939750153723,-0.6211273359548444,0.7175155065927088,1.2619780139102657
6.907,-0.275822935314217,2.6203346795568128,-0.62038529840348,0.7420375513643214,1.2619780139102657
6.908,-0.27319717336713506,2.6311719377718483,-0.6196187633293888,0.7665350740911624,1.2619780139102657
6.909,-0.2705606260634401,2.6419053218240562,-0.6188277552300935,0.7910080992952765,1.2619780139102657
6.91,-0.26791339748949916,2.652534407977837,-0.6180123324067358,0.8154228233577003,1.2602866080859567
6.9110000000000005,-0.2652555921533665,2.6630587766150575,-0.6171725192740397,0.8398131326960617,1.2602866080859567
6.912,-0.2625873149806491,2.6734780122516524,-0.6163083402223146,0.8641790517250848,1.2602866080859567
6.913,-0.2599086713103546,2.683791703554063,-0.6154198196174795,0.8885206048350789,1.2602866080859567
6.914,-0.25721976689075476,2.6939994433553927,-0.6145069818010875,0.9128378163919629,1.2602866080859567
6.915,-0.2545207078751858,2.704100828671576,-0.6135699097934812,0.9370720076062847,1.2573514515356874
6.916,-0.25181160081787923,2.7140954607172056,-0.6126086278288518,0.9612819646293922,1.2573514515356874
6.917,-0.24909255266974595,2.723982944921311,-0.6116231601171563,0.9854677116954765,1.2573514515356874
6.918,-0.24636367077414495,2.7337628909429674,-0.6106135308441418,1.009629273014495,1.2573514515356874
6.9190000000000005,-0.24362506286266702,2.743434912686631,-0.6095797641713696,1.0337666727721941,1.2573514515356874
6.92,-0.24087683705085713,2.752998628317465,-0.6085219677564521,1.057796414917514,1.253175440904606
6.921,-0.23811910183397078,2.762453660276331,-0.6074401656291314,1.0818021273206886,1.253175440904606
6.922,-0.23535196608266926,2.7717996352947676,-0.6063343817951199,1.10578383401146,1.253175440904606
6.923,-0.23257553903873077,2.7810361844096954,-0.6052046402361243,1.1297415589955406,1.253175440904606
6.924,-0.2297899303107441,2.7901629429779584,-0.6040509649098696,1.1536753262546373,1.253175440904606
6.925,-0.22699524986977535,2.7991795506907464,-0.6028734880049931,1.1774769048766032,1.2477626974110212
6.926,-0.22419160804501667,2.808085651587847,-0.6016722333230732,1.201254681919947,1.2477626974110212
6.9270000000000005,-0.2213791155194499,2.816880894071635,-0.6004472246418869,1.2250086811862475,1.2477626974110212
6.928,-0.21855788332546733,2.8255649309209883,-0.5991984857154337,1.2487389264532818,1.2477626974110212
6.929,-0.21572802284047896,2.83413741930502,-0.5979260402739586,1.272445441475049,1.2477626974110212
6.93,-0.21288964578253758,2.8425980207965496,-0.5966300449066694,1.2959953672891598,1.2411185627792922
6.931,-0.21004286420590296,2.8509464013855346,-0.5953105231634919,1.3195217431774564,1.2411185627792922
6.932,-0.20718779049664043,2.859182231492195,-0.593967498570802,1.3430245926898647,1.2411185627792922
6.933,-0.20432453736817469,2.8673051859800505,-0.5926009946314492,1.3665039393527607,1.2411185627792922
6.934,-0.20145321785683007,2.8753149441687857,-0.5912110348247802,1.3899598066689938,1.2411185627792922
6.9350000000000005,-0.19857394531739084,2.883211189846844,-0.5897977999860385,1.4132348387416875,1.233249593968134
6.936,-0.19568683341860357,2.890993611283976,-0.5883613133902562,1.4364865957823085,1.233249593968134
6.937,-0.19279199613869918,2.898661901243517,-0.5869015982891903,1.4597151010658889,1.233249593968134
6.938,-0.18988954776090328,2.906215756994492,-0.5854186779113462,1.4829203778441857,1.233249593968134
6.939,-0.18697960286890147,2.913654880323628,-0.5839125754620005,1.5061024493457043,1.233249593968134
6.94,-0.1840622763423388,2.920978977547065,-0.5823834958439701,1.5290796180303532,1.2241635566997315
6.941,-0.18113768335227448,2.9281877595219776,-0.5808314620344238,1.5520338095463175,1.2241635566997315
6.942,-0.17820593935662551,2.9352809416580126,-0.5792564969875531,1.5749650468707659,1.2241635566997315
6.9430000000000005,-0.17526716009562818,2.942258243928477,-0.5776586236345952,1.5978733529578897,1.2241635566997315
6.944,-0.17232146158725906,2.949119390881416,-0.5760378648838562,1.6207587507389265,1.2241635566997315
6.945,-0.16936896012264474,2.9558641116505124,-0.5743944495035122,1.6434153803441056,1.2138694177958986
6.946,-0.16640977226149423,2.962492139965723,-0.5727284001501924,1.6660493533196794,1.2138694177958986
6.947,-0.16344401482747065,2.9690032141638545,-0.5710397394578701,1.6886606923222778,1.2138694177958986
6.948,-0.16047180490360602,2.9753970771988314,-0.5693284900378842,1.7112494199858734,1.2138694177958986
6.949,-0.15749325982765217,2.981673476651903,-0.5675946744789624,1.7338155589218056,1.2138694177958986
6.95,-0.15450849718747536,2.9878321647415524,-0.5658385451888729,1.7561292900894618,1.202377336328898
6.9510000000000005,-0.15151763481638714,2.993872898333333,-0.5640601244813469,1.7784207075259504,1.202377336328898
6.952,-0.14852079078851949,2.999795438949412,-0.5622594346478019,1.8006898335450023,1.202377336328898
6.953,-0.14551808341413644,3.0055995527780404,-0.5604364979573639,1.8229366904380353,1.202377336328898
6.954,-0.14250963123499047,3.0112850106827294,-0.5585913366568898,1.8451613004741751,1.202377336328898
6.955,-0.13949555301961553,3.0168515882113485,-0.5567242265446442,1.867110112245615,1.1896986535957004
6.956,-0.136475967758662,3.0222990656049427,-0.5548351895694389,1.8890369752052836,1.1896986535957004
6.957,-0.13345099466018906,3.0276272278064256,-0.5529242476581369,1.9109419113019923,1.1896986535957004
6.958,-0.13042075314494822,3.0328358644690887,-0.5509914227156743,1.9328249424626043,1.1896986535957004
6.9590000000000005,-0.1273853628416893,3.037924769964869,-0.5490367366250822,1.9546860905920558,1.1896986535957004
6.96,-0.12434494358242754,3.042893743392486,-0.5470604883029423,1.9762483221399725,1.1758458819254385
6.961,-0.12129961539770232,3.0477425885853884,-0.545062699311486,1.9977889914563414,1.1758458819254385
6.962,-0.11824949851186287,3.0524711141194585,-0.5430433911913826,2.019308120103394,1.1758458819254385
6.963,-0.11519471333829427,3.057079133320617,-0.5410025854617607,2.040805729621799,1.1758458819254385
6.964,-0.11213538047469149,3.0615664642721443,-0.53894030362023,2.062281841530686,1.1758458819254385
6.965,-0.1090716206982741,3.0659329298219036,-0.5368568674066942,2.083436213535781,1.1608326923312773
6.966,-0.1060035549610286,3.070178357589317,-0.5347522979755254,2.1045694311688705,1.1608326923312773
6.9670000000000005,-0.1029313043849404,3.0743025799721595,-0.532626616459941,2.1256815155843274,1.1608326923312773
6.968,-0.09985499025720518,3.0783054341531897,-0.5304798439720256,2.1467724879153685,1.1608326923312773
6.969,-0.09677473402543026,3.0821867621065873,-0.5283120016027516,2.1678423692740787,1.1608326923312773
6.97,-0.09369065729286437,3.085946410604161,-0.5261234335978264,2.1885680049251808,1.1446739010187992
6.971,-0.09060288181356918,3.089584231221435,-0.5239141606828858,2.2092729149406316,1.1446739010187992
6.972,-0.08751152948763698,3.0931000803434765,-0.5216842035628397,2.229957120046067,1.1446739010187992
6.973,-0.08441672235636784,3.096493819170577,-0.5194335829218933,2.250620640946397,1.1446739010187992
6.974,-0.08131858259744114,3.0997653137237475,-0.5171623194235675,2.2712634983258266,1.1446739010187992
6.9750000000000005,-0.07821723252011321,3.10291443484998,-0.5148707794796447,2.2915399439227837,1.1273854547641546
6.976,-0.07511279456037825,3.105941058227362,-0.5125589833665705,2.311796113074144,1.1273854547641546
6.977,-0.07200539127612424,3.1088450643699916,-0.5102269513405141,2.332032026056353,1.1273854547641546
6.978,-0.06889514534231914,3.111626338632672,-0.5078747036373885,2.3522477031255797,1.1273854547641546
6.979,-0.06578217954614331,3.1142847712154613,-0.5055022604728707,2.3724431645177373,1.1273854547641546
6.98,-0.06266661678215261,3.116820257167995,-0.503110010063214,2.3922504096567496,1.1089844151765136
6.981,-0.05954858004743732,3.1192326963936243,-0.5006979722156634,2.4120378475506232,1.1089844151765136
6.982,-0.05642819243674173,3.1215219936533845,-0.4982661667176568,2.431805498006603,1.1089844151765136
6.9830000000000005,-0.05330557713762927,3.123688058569737,-0.4958146133368447,2.4515533808121264,1.1089844151765136
6.984,-0.05018085742560872,3.1257308056301456,-0.49334333182110984,2.4712815157348444,1.1089844151765136
6.985,-0.047054156659256864,3.127650154190458,-0.4908527318080535,2.4906000130563175,1.0894889418603901
6.986,-0.043925598275373255,3.129446028478076,-0.488342832616173,2.509899191880469,1.0894889418603901
6.987,-0.04079530578407887,3.1311183575949615,-0.48581365354464723,2.5291790715257965,1.0894889418603901
6.988,-0.037663402763964876,3.132667075520423,-0.48326521387335575,2.5484396712914785,1.0894889418603901
6.989,-0.034530012857203383,3.1340921211137256,-0.48069753286289835,2.567681010457395,1.0894889418603901
6.99,-0.03139525976465559,3.135393438116514,-0.47811104116796155,2.586491694936822,1.0689182744942212
6.9910000000000005,-0.028259267241013134,3.1365709751550175,-0.47550575759922975,2.6052835687317697,1.0689182744942212
6.992,-0.025122159089884074,3.1376246857420926,-0.47288170094857684,2.624056650652922,1.0689182744942212
6.993,-0.021984059158933717,3.1385545282790477,-0.4702388899890847,2.6428109594921536,1.0689182744942212
6.994,-0.018845091334970504,3.139360466057293,-0.46757734347506213,2.661546514022546,1.0689182744942212
6.995,-0.0157053795390658,3.1400424672597853,-0.4648975126532767,2.679830821785387,1.0472927138431645
6.996,-0.012565047721668814,3.140600504962283,-0.46219941580803625,2.698096845240465,1.0472927138431645
6.997,-0.009424219857706135,3.141034557134415,-0.4594830712053642,2.7163446026720877,1.0472927138431645
6.998,-0.00628301994167677,3.1413446066405433,-0.4567484970930179,2.734574112346279,1.0472927138431645
6.9990000000000006,-0.003141571982778361,3.141530641240445,-0.4539957117005071,2.7527853925107957,1.0472927138431645
7.0,-8.572527594031472e-16,3.141592653589793,-0.45122518642135434,2.7705252791527792,1.0246336017247117
7.001,0.0031415719827801994,3.141530641240445,-0.44843693899544623,2.788247425908121,1.0246336017247117
7.002,0.006283019941675056,3.1413446066405433,-0.44563098714492955,2.805951850516707,1.0246336017247117
7.003,0.00942421985770442,3.141034557134415,-0.4428073485742289,2.823638570700685,1.0246336017247117
7.0040000000000004,0.012565047721670651,3.140600504962283,-0.4399660409700644,2.8413076041644785,1.0246336017247117
7.005,0.015705379539064087,3.1400424672597853,-0.4371075554075052,2.858485562559251,1.0009632999468492
7.006,0.01884509133496879,3.139360466057293,-0.43423190906450954,2.875646342995629,1.0009632999468492
7.007000000000001,0.021984059158932003,3.1385545282790486,-0.43133911910185796,2.8927899626515705,1.0009632999468492
7.008,0.02512215908988236,3.137624685742093,-0.4284292026631701,2.9099164386878558,1.0009632999468492
7.009,0.028259267241011424,3.136570975155018,-0.425502176874922,2.927025788248105,1.0009632999468492
7.01,0.031395259764653884,3.1353934381165147,-0.4225585520090973,2.9436248658246504,0.9763051682396747
7.011,0.03453001285720167,3.1340921211137265,-0.4195983446647737,2.9602073443236194,0.9763051682396747
7.0120000000000005,0.03766340276396671,3.132667075520422,-0.4166215714244296,2.976773240344089,0.9763051682396747
7.013,0.04079530578407716,3.131118357594963,-0.4136282488539611,2.9933225704685387,0.9763051682396747
7.014,0.04392559827537155,3.129446028478077,-0.41061839350269824,3.0098553512628636,0.9763051682396747
7.015000000000001,0.04705415665925869,3.127650154190457,-0.4075925343359626,3.0258591667356445,0.9506835412021919
7.016,0.05018085742560701,3.1257308056301465,-0.40455068735756966,3.0418469783929525,0.9506835412021919
7.017,0.0533055771376311,3.1236880585697357,-0.40149286855533106,3.0578188022386033,0.9506835412021919
7.018,0.05642819243674003,3.121521993653386,-0.39841909390107066,3.0737746542604083,0.9506835412021919
7.019,0.05954858004743562,3.1192326963936257,-0.3953293793506405,3.089714550430192,0.9506835412021919
7.0200000000000005,0.06266661678215445,3.1168202571679933,-0.392224272040675,3.1051073099655,0.9241237042869304
7.021,0.06578217954614161,3.1142847712154627,-0.38910378736393375,3.1204846767412735,0.9241237042869304
7.022,0.06889514534231744,3.1116263386326737,-0.3859679406977835,3.135846666150271,0.9241237042869304
7.023000000000001,0.07200539127612605,3.10884506436999,-0.3828167474042137,3.151193293569859,0.9241237042869304
7.024,0.07511279456037655,3.105941058227364,-0.37965022282985167,3.166524574362028,0.9241237042869304
7.025,0.07821723252011502,3.1029144348499784,-0.3764689317426871,3.1812910871645923,0.8966518688463185
7.026,0.08131858259743945,3.0997653137237493,-0.3732728889092327,3.1960428334543542,0.8966518688463185
7.027,0.08441672235636614,3.0964938191705786,-0.3700621090812349,3.2107798279978264,0.8966518688463185
7.0280000000000005,0.08751152948763878,3.0931000803434743,-0.3668366069956881,3.225502085546755,0.8966518688463185
7.029,0.0906028818135675,3.0895842312214374,-0.36359639737484994,3.240209620838135,0.8966518688463185
7.03,0.09369065729286269,3.085946410604163,-0.36034206206070735,3.2543353141426015,0.8682951462652337
7.031000000000001,0.09677473402543206,3.0821867621065846,-0.3570736151789536,3.2684468817537637,0.8682951462652337
7.032,0.0998549902572035,3.078305434153192,-0.3537910708411563,3.2825443377973147,0.8682951462652337
7.033,0.1029313043849422,3.0743025799721573,-0.35049444314477146,3.2966276963848222,0.8682951462652337
7.034,0.10600355496102692,3.0701783575893193,-0.3471837461731577,3.310696971613742,0.8682951462652337
7.035,0.10907162069827243,3.0659329298219062,-0.3438595782680915,3.3241679050662345,0.8390815212053095
7.0360000000000005,0.11213538047468982,3.0615664642721465,-0.34052195290050624,3.3376253675852743,0.8390815212053095
7.037,0.1151947133382926,3.0570791333206193,-0.33717088352786445,3.351069372641795,0.8390815212053095
7.038,0.11824949851186119,3.0524711141194616,-0.3338063835941712,3.3644999336932595,0.8390815212053095
7.039000000000001,0.1212996153977041,3.0477425885853857,-0.33042846652998753,3.3779170641836727,0.8390815212053095
7.04,0.12434494358242587,3.0428937433924887,-0.3270377465863883,3.3907199435992386,0.8090398239874717
7.041,0.1273853628416911,3.037924769964866,-0.3236342365662529,3.4035100201353887,0.8090398239874717
7.042,0.13042075314494658,3.0328358644690914,-0.3202179492596579,3.416287306595003,0.8090398239874717
7.043,0.13345099466018742,3.0276272278064282,-0.31678889744388977,3.4290518157681573,0.8090398239874717
7.0440000000000005,0.13647596775866377,3.0222990656049395,-0.3133470938834576,3.4418035604321386,0.8090398239874717
7.045,0.1394955530196139,3.0168515882113516,-0.3098931681325431,3.4539257509145047,0.778199702139907
7.046,0.14250963123498883,3.011285010682732,-0.3064271323133367,3.4660358192063883,0.778199702139907
7.047,0.1455180834141348,3.0055995527780435,-0.3029489985359067,3.47813377742998,0.778199702139907
7.048,0.14852079078851785,2.9997954389494152,-0.2994587788982113,3.4902196376953483,0.778199702139907
7.049,0.15151763481638889,2.9938728983333296,-0.29595648548611087,3.502293412100451,0.778199702139907
7.05,0.15450849718747373,2.9878321647415556,-0.2924427625355997,3.5137229505111405,0.7465915911395006
7.051,0.15749325982765056,2.9816734766519066,-0.2889176214762163,3.525141059383419,0.7465915911395006
7.0520000000000005,0.1604718049036044,2.975397077198835,-0.28538107372606947,3.5365477501468257,0.7465915911395006
7.053,0.16344401482746904,2.969003214163858,-0.28183313069185,3.5479430342194687,0.7465915911395006
7.054,0.16640977226149262,2.9624921399657267,-0.278273803768842,3.5593269230080393,0.7465915911395006
7.055,0.16936896012264313,2.955864111650516,-0.2747037512390694,3.5700525297725454,0.7142466843757133
7.056,0.17232146158725745,2.9491193908814197,-0.27112298382813915,3.580767410930287,0.7142466843757133
7.057,0.1752671600956299,2.942258243928473,-0.2675315122509323,3.591471577206871,0.7142466843757133
7.058,0.1782059393566239,2.9352809416580166,-0.26392934721161515,3.6021650393171782,0.7142466843757133
7.059,0.18113768335227287,2.9281877595219816,-0.26031649940364976,3.6128478079653754,0.7142466843757133
7.0600000000000005,0.1840622763423405,2.920978977547061,-0.256693640505445,3.62285889820474,0.6811969023664862
7.061,0.1869796028688999,2.913654880323632,-0.25306078052809117,3.632859977353865,0.6811969023664862
7.062,0.1898895477609017,2.906215756994496,-0.24941792947266733,3.6428510554238405,0.6811969023664862
7.063,0.1927919961386976,2.898661901243521,-0.2457650973302516,3.6528321424157464,0.6811969023664862
7.064,0.195686833418602,2.8909936112839802,-0.24210229408193093,3.6628032483206603,0.6811969023664862
7.065,0.19857394531738926,2.883211189846848,-0.23843020413963345,3.6720899422974695,0.6474748612564968
7.066,0.2014532178568285,2.87531494416879,-0.23474883679005315,3.681367349580302,0.6474748612564968
7.067,0.20432453736817313,2.867305185980055,-0.2310582013105973,3.6906354794558514,0.6474748612564968
7.0680000000000005,0.20718779049664213,2.85918223149219,-0.22735830696939577,3.6998943412015253,0.6474748612564968
7.069,0.2100428642059014,2.850946401385539,-0.22364916302531032,3.709143944085454,0.6474748612564968
7.07,0.21288964578253602,2.842598020796554,-0.21993146594835639,3.717697076953949,0.6131138406290227
7.071,0.2157280228404774,2.834137419305025,-0.2162052242916668,3.7262416566895755,0.6131138406290227
7.072,0.2185578833254658,2.8255649309209927,-0.21247044659982134,3.7347776918454665,0.6131138406290227
7.073,0.22137911551945152,2.81688089407163,-0.20872714140885515,3.7433051909662014,0.6131138406290227
7.074,0.22419160804501514,2.808085651587852,-0.20497531724626733,3.7518241625878157,0.6131138406290227
7.075,0.22699524986977382,2.7991795506907513,-0.20121568195282885,3.759635293438487,0.578147750662963
7.0760000000000005,0.22978993031074574,2.7901629429779526,-0.19744824333967054,3.767438613158308,0.578147750662963
7.077,0.23257553903872924,2.7810361844097002,-0.19367300921011213,3.775234129558409,0.578147750662963
7.078,0.23535196608266773,2.771799635294773,-0.18988998735967003,3.78302185044211,0.578147750662963
7.079,0.23811910183396928,2.762453660276336,-0.1860991855760651,3.790801783604927,0.578147750662963
7.08,0.24087683705085564,2.7529986283174703,-0.18230132237227042,3.797863203794674,0.5426110986676045
7.081,0.24362506286266555,2.7434349126866358,-0.1784964048097062,3.8049175625642313,0.5426110986676045
7.082,0.24636367077414345,2.733762890942973,-0.17468443994273117,3.811964866975019,0.5426110986676045
7.083,0.24909255266974448,2.723982944921316,-0.17086543481864977,3.819005124081396,0.5426110986676045
7.0840000000000005,0.25181160081788084,2.7140954607172,-0.1670393964777191,3.826038340930667,0.5426110986676045
7.085,0.2545207078751844,2.7041008286715815,-0.16320705339602878,3.832343081690298,0.5065389550280814
7.086,0.2572197668907533,2.693999443355398,-0.15936841187831963,3.8386415177091693,0.5065389550280814
7.087,0.2599086713103531,2.683791703554068,-0.15552347822302762,3.8449336552920217,0.5065389550280814
7.088,0.2625873149806476,2.6734780122516577,-0.15167225872229032,3.851219500737291,0.5065389550280814
7.089,0.26525559215336814,2.6630587766150513,-0.1478147596619532,3.8574990603371155,0.5065389550280814
7.09,0.2679133974894977,2.6525344079778432,-0.14395171876230453,3.8630408996486807,0.46996691859512024
7.091,0.27056062606343867,2.6419053218240625,-0.1400831415651836,3.8685771971209344,0.46996691859512024
7.0920000000000005,0.2731971733671366,2.631171937771842,-0.13620903360688788,3.874107958295716,0.46996691859512024
7.093,0.27582293531421553,2.620334679556819,-0.13232940041817856,3.879633188709323,0.46996691859512024
7.094,0.27843780824409275,2.6093939750153785,-0.12844424752428604,3.885152893892516,0.46996691859512024
7.095,0.2810416889260654,2.5983502560677905,-0.12455432116165635,3.8899263626296894,0.43293108155328525
7.096,0.2836344745633767,2.5872039587011932,-0.12065962610375823,3.8946950578981254,0.43293108155328525
7.097,0.2862160627972952,2.575955522952297,-0.11676016711928694,3.899458984471293,0.43293108155328525
7.098,0.28878635171113193,2.5646053928901096,-0.11285594897216905,3.9042181471178874,0.43293108155328525
7.099,0.2913452398342875,2.5531540165983055,-0.10894697642156721,3.908972550601835,0.43293108155328525
7.1000000000000005,0.2938926261462373,2.541601846157626,-0.10503400348363993,3.91297293792728,0.3954679938023463
7.101,0.2964284100805288,2.5299493376279933,-0.10111703415877453,3.9169693248654,0.3954679938023463
7.102,0.29895249152875986,2.5181969510304647,-0.09719607244335794,3.9209617154165812,0.3954679938023463
7.103,0.3014647708445112,2.5063451503291665,-0.09327112232978073,3.9249501135772116,0.3954679938023463
7.104,0.3039651488473028,2.49439440341287,-0.08934218780644104,3.9289345233396813,0.3954679938023463
7.105,0.3064535268264896,2.4823451820766143,-0.08541002992508696,3.9321578813540805,0.3576146268869411
7.106,0.30892980654516694,2.4701979620030396,-0.0814746519090765,3.9353780160104654,0.3576146268869411
7.107,0.3113938902440573,2.4579532227435674,-0.07753605697854431,3.9385949305321937,0.3576146268869411
7.1080000000000005,0.31384568064534973,2.4456114476995654,-0.0735942483504049,3.9418086281394005,0.3576146268869411
7.109,0.3162850809565602,2.433173124103166,-0.0696492292383559,3.9450191120489997,0.3576146268869411
7.11,0.31871199487434404,2.4206387429980722,-0.06570176697866874,3.947462259687153,0.3194083375101216
7.111,0.3211263265882899,2.408008799220217,-0.06175186401449107,3.949902964177668,0.3194083375101216
7.112,0.32352798078472106,2.3952837913781257,-0.05779952278652738,3.952341227963693,0.3194083375101216
7.113,0.3259168626504395,2.382464221833333,-0.053844745733041446,3.9547770534859317,0.3194083375101216
7.114,0.3282928778764768,2.3695505966805093,-0.0498875352898588,3.9572104431826483,0.3194083375101216
7.115,0.33065593266182575,2.3565434257274345,-0.045928664320506,3.9588709693528017,0.280886830666805
7.1160000000000005,0.3330059337171268,2.3434432224749604,-0.04196813448550921,3.960529834996785,0.280886830666805
7.117,0.33534278826835956,2.330250504096696,-0.03800594744373409,3.962187041775124,0.280886830666805
7.118,0.3376664040605129,2.3169657914185424,-0.03404210485238741,3.963842591346685,0.280886830666805
7.119,0.33997668936120884,2.303589608898239,-0.030076608367018733,3.9654964853686745,0.280886830666805
7.12,0.3422735529643447,2.290122484604539,-0.026110235615686758,3.9663727513319755,0.2420881224334862
7.121,0.3445569041936758,2.276564950196464,-0.022142987474657445,3.9672481410293132,0.2420881224334862
7.122,0.3468266529064026,2.2629175409022753,-0.018174864819320492,3.9681226553369537,0.2420881224334862
7.123,0.34908270949673503,2.2491807954983063,-0.014205868524190205,3.9689962951302866,0.2420881224334862
7.1240000000000006,0.35132498489942443,2.2353552562877304,-0.010235999462906379,3.969869061283826,0.2420881224334862
7.125,0.3535533905932722,2.221441469079193,-0.006266039260634817,3.9699602022715617,0.20305050245096712
7.126,0.35576783860464223,2.207439983165157,-0.0022959880085165075,3.9700512521183096,0.20305050245096712
7.127,0.3579682415109138,2.193351351300345,0.0016741542023987034,3.9701422109152107,0.20305050245096712
7.128,0.36015451244395275,2.1791761296797865,0.005644387281152018,3.970233078753315,0.20305050245096712
7.1290000000000004,0.36232656509352373,2.1649148779169756,0.0096147111368756,3.970323855723581,0.20305050245096712
7.13,0.3644843137107048,2.1505681590217285,0.013584340918666199,3.969629781790599,0.16381249613710258
7.131,0.36662767311128014,2.1361365393779095,0.01755327732059775,3.9689364019315505,0.16381249613710258
7.132000000000001,0.36875655867908813,2.1216205887211674,0.02152152103605011,3.968243715452361,0.16381249613710258
7.133,0.37087088636936943,2.1070208801163957,0.02548907275770976,3.967551721659651,0.16381249613710258
7.134,0.372970572712092,2.0923379899350576,0.029455933177570497,3.9668604198607333,0.16381249613710258
7.135,0.37505553481522935,2.0775724978325503,0.033421314993544705,3.96538181597421,0.12441282666686282
7.136,0.37712569036805255,2.062724986725186,0.037385219684236276,3.9639046906915727,0.12441282666686282
7.1370000000000005,0.3791809576443603,2.0477960427673128,0.04134764872677049,3.9624290425342186,0.12441282666686282
7.138,0.38122125550572433,2.032786255328043,0.04530860359679551,3.9609548700250214,0.12441282666686282
7.139,0.38324650340467403,2.0176962169681176,0.04926808576848385,3.9594821716883337,0.12441282666686282
7.140000000000001,0.38525662138789474,2.0025265234163783,0.05322530626553564,3.95722049705179,0.08489037675723521
7.141,0.3872515300993658,1.9872777735463865,0.05718026734962552,3.954961084089883,0.08489037675723521
7.142,0.3892311507835116,1.9719505693526422,0.06113297128016646,3.9527039305409377,0.08489037675723521
7.143,0.3911954052882927,1.9565455159269576,0.065083420314312,3.9504490341455414,0.08489037675723521
7.144,0.39314421606830907,1.9410632214344294,0.06903161670695854,3.9481963926465404,0.08489037675723521
7.1450000000000005,0.39507750618784576,1.9255042970895513,0.07297677058621832,3.9451538792597876,0.045284150294677694
7.146,0.3969951993239171,1.909869357132033,0.07691888499460474,3.9421144083864212,0.045284150294677694
7.147,0.3988972197692859,1.8941590188024982,0.08085796297158866,3.9390779769839286,0.045284150294677694
7.148000000000001,0.4007834924354396,1.87837390231822,0.0847940075536015,3.9360445820128382,0.045284150294677694
7.149,0.4026539428555611,1.8625146308485878,0.08872702177403823,3.933014220436719,0.045284150294677694
7.15,0.4045084971874748,1.8465818304904476,0.09265621564493137,3.929193870893142,0.005633233842991636
7.151,0.40634708221654686,1.8305761302435122,0.09658159298663048,3.9253773416991087,0.005633233842991636
7.152,0.40816962535859075,1.8144981619854033,0.10050315761566475,3.9215646290342696,0.005633233842991636
7.1530000000000005,0.40997605466272585,1.7983485604467593,0.10442091334474685,3.9177557290820952,0.005633233842991636
7.154,0.4117662988142123,1.7821279631862332,0.10833486398277672,3.913950638029873,0.005633233842991636
7.155,0.41354028713728036,1.7658370105651942,0.11224422020532995,3.9093562225532352,-0.03402324193039641
7.156000000000001,0.41529794959790667,1.7494763457225753,0.11614898660682203,3.904766401492074,-0.03402324193039641
7.157,0.41703921680658484,1.733046614549429,0.120049167777074,3.900181170251974,-0.03402324193039641
7.158,0.418764020021071,1.7165484656633727,0.12394476830131712,3.895600524243114,-0.03402324193039641
7.159,0.4204722911490836,1.6999825503831125,0.12783579276019738,3.8910244588802634,-0.03402324193039641
7.16,0.4221639627510074,1.6833495227025808,0.13172145327180132,3.8856605116039495,-0.07364614087168475
7.1610000000000005,0.4238389680425424,1.6666500392652488,0.13560175520007622,3.880301928274912,-0.07364614087168475
7.162,0.42549724089734564,1.6498847593381474,0.13947670390360542,3.874948703529203,-0.07364614087168475
7.163,0.42713871584964813,1.633054344785784,0.14334630473561366,3.8696008320082402,-0.07364614087168475
7.164000000000001,0.4287633280968275,1.616159460044125,0.14721056304397245,3.8642583083587985,-0.07364614087168475
7.165,0.43037101350197215,1.5992007720943107,0.15106869316682361,3.858130122851173,-0.11319635996334687
7.166,0.43196170859641697,1.5821789504362844,0.15492070123235266,3.8520080655290547,-0.11319635996334687
7.167,0.4335353505822451,1.5650946670624002,0.15876659336261692,3.8458921302642586,-0.11319635996334687
7.168,0.43509187733476196,1.547948596430951,0.16260637567355166,3.8397823109347273,-0.11319635996334687
7.1690000000000005,0.43663122740496,1.530741415439408,0.16644005427497618,3.8336786014245257,-0.11319635996334687
7.17,0.4381533400219308,1.5134738033978516,0.170266846500441,3.8267922254648195,-0.15263486791409286
7.171,0.4396581550952779,1.496146442002,0.17408675923632205,3.819912735881073,-0.15263486791409286
7.172,0.4411456132174755,1.478760015306451,0.17789979936210895,3.81304012578691,-0.15263486791409286
7.173,0.4426156556662272,1.4613152096975206,0.18170597375041178,3.8061743883028414,-0.15263486791409286
7.174,0.44406822440677257,1.4438127138662837,0.18550528926696805,3.799315516556257,-0.15263486791409286
7.175,0.44550326209418334,1.4262532187813264,0.1892969670131342,3.7916777461661395,-0.19192274367804862
7.176,0.446920712075632,1.4086374176614085,0.19308101462668062,3.7840476135464125,-0.19192274367804862
7.1770000000000005,0.44832051839261877,1.390966005948215,0.19685743973773992,3.776425111059305,-0.19192274367804862
7.178,0.4497026257831855,1.3732396812788419,0.20062624996881462,3.768810231074685,-0.19192274367804862
7.179,0.45106697968410203,1.3554591434581946,0.20438745293478466,3.761202965970049,-0.19192274367804862
7.18,0.45241352623300957,1.3376250944315018,0.20814027427349144,3.752821338706777,-0.2310212148651144
7.181,0.45374221227055744,1.3197382382564617,0.2118847223665622,3.7444480930707678,-0.2310212148651144
7.182,0.45505298534249744,1.301799281075509,0.2156208055872426,3.7360832206803947,-0.2310212148651144
7.183,0.4563457937017502,1.283808931087997,0.219348532300405,3.727726713162412,-0.2310212148651144
7.184,0.45762058631045827,1.2657678985220984,0.22306791086255695,3.719378562151947,-0.2310212148651144
7.1850000000000005,0.4588773128419907,1.2476768956069078,0.22677817221222665,3.710261349669702,-0.26989169600464424
7.186,0.4601159236829345,1.2295366365442641,0.23047932546662658,3.7011532543999395,-0.26989169600464424
7.187,0.4613363699350574,1.2113478374804931,0.23417137973385202,3.692054267225447,-0.26989169600464424
7.188,0.46253860341722824,1.193111216478279,0.23785434411289014,3.6829643790381286,-0.26989169600464424
7.189,0.46372257666733047,1.1748274934881509,0.24152822769362914,3.6738835807389973,-0.26989169600464424
7.19,0.4648882429441261,1.1564973903202067,0.2451922674742549,3.6640397806257656,-0.30849582662464325
7.191,0.46603555622910514,1.1381216306155544,0.24884647329856754,3.654205824312647,-0.30849582662464325
7.192,0.4671644712283063,1.1197009398176807,0.2524908550005234,3.6443817019558415,-0.30849582662464325
7.1930000000000005,0.468274943374097,1.1012360451439382,0.25612542240424474,3.634567403721393,-0.30849582662464325
7.194,0.46936692882693715,1.0827276755567725,0.25975018532402994,3.6247629197851787,-0.30849582662464325
7.195,0.4704403844771122,1.0641765617349026,0.2633643875707132,3.6142022466832153,-0.34679550910891843
7.196,0.4714952679464322,1.0455834360445164,0.2669680397049675,3.6036521342543537,-0.34679550910891843
7.197,0.47253153758990174,1.026949032510422,0.2705611522769054,3.593112571937921,-0.34679550910891843
7.198,0.473549152497372,1.0082740867869213,0.2741437358260892,3.5825835491838047,-0.34679550910891843
7.199,0.4745480724951465,0.9895593361289373,0.27771580088154163,3.5720650554524425,-0.34679550910891843
7.2,0.4755282581475765,0.9708055193627386,0.2812765988130127,3.560797931471093,-0.38475294629484147
7.2010000000000005,0.4764896707586096,0.9520133768569208,0.2848261408876264,3.549542074613725,-0.38475294629484147
7.202,0.4774322723733211,0.9331836504931138,0.28836443836123965,3.5382974736132144,-0.38475294629484147
7.203,0.47835602577941533,0.9143170836366304,0.29189150247845336,3.5270641172137043,-0.38475294629484147
7.204,0.4792608945086875,0.8954144211072681,0.29540734447262396,3.515841994170594,-0.38475294629484147
7.205,0.48014684283847153,0.876476409149734,0.2989112240112249,3.503879538600932,-0.42233067877456276
7.206,0.48101383579304335,0.8575037954043347,0.3024031530567117,3.4919290454868395,-0.42233067877456276
7.207,0.48186183914500474,0.838497328877396,0.3058831435595776,3.4799905028658613,-0.42233067877456276
7.208,0.4826908194166372,0.8194577599116293,0.3093512074583651,3.4680638987875043,-0.42233067877456276
7.2090000000000005,0.48350074388121733,0.800385840156659,0.3128073566796783,3.4561492213132254,-0.42233067877456276
7.21,0.48429158056431576,0.7812823225391781,0.31625085991933294,3.443503239654653,-0.45949162186293924
7.211,0.4850632982450526,0.7621479612333943,0.31968172982331067,3.4308699039777397,-0.45949162186293924
7.212,0.4858158664573362,0.7429835116311075,0.3230999790249472,3.4182492016365034,-0.45949162186293924
7.213,0.4865492554910629,0.7237897303119514,0.3265056201449448,3.405641119997608,-0.45949162186293924
7.214,0.48726343639328856,0.704567375013569,0.3298986657913851,3.393045646440352,-0.45949162186293924
7.215,0.4879583809693733,0.6853172046016555,0.3332783944101351,3.379728618749999,-0.49619910219563246
7.216,0.48863406178409663,0.6660399790399334,0.3366448193182225,3.3664249080873363,-0.49619910219563246
7.2170000000000005,0.48929045216273626,0.646736459360282,0.3399979538193578,3.353134501135336,-0.49619910219563246
7.218,0.48992752619212326,0.627407407632627,0.34333781120394813,3.3398573845902884,-0.49619910219563246
7.219,0.4905452587216672,0.6080535869347904,0.3466644047491099,3.3265935451617854,-0.49619910219563246
7.22,0.4911436253643441,0.5886757613225181,0.34997702336284814,3.312618613738197,-0.5324168939213119
7.221,0.4917226024976649,0.5692746957991411,0.35327568102009416,3.2986576572460327,-0.5324168939213119
7.222,0.49228216726460305,0.5498511562855284,0.35656039168180453,3.2847106617103603,-0.5324168939213119
7.223,0.492822297574499,0.5304059095897836,0.3598311692949748,3.2707776131702238,-0.5324168939213119
7.224,0.4933429721039337,0.5109397233769284,0.3630880277926534,3.2568584976786275,-0.5324168939213119
7.2250000000000005,0.4938441702975688,0.4914533661386413,0.36633026724674533,3.2422394540919055,-0.5681092544521652
7.226,0.49432587236895664,0.4719476071629841,0.3695579022762941,3.2276350295487704,-0.5681092544521652
7.227,0.49478805930132536,0.4524232165038777,0.37277094748572426,3.2130452094301782,-0.5681092544521652
7.228,0.4952307128483252,0.4328809649508785,0.37596941746485596,3.198469979131705,-0.5681092544521652
7.229,0.49565381553475313,0.4133216239985718,0.3791533267889195,3.1839093240635297,-0.5681092544521652
7.23,0.49605735065723894,0.3937459658162697,0.3823219873844642,3.1686605955447154,-0.6032409597375391
7.231,0.4964413022849066,0.3741547632174603,0.3854754145002186,3.15342711575442,-0.6032409597375391
7.232,0.4968056552600042,0.35454878962923253,0.38861362336966254,3.1382088694439148,-0.6032409597375391
7.2330000000000005,0.49715039519849963,0.33492881906187494,0.39173662921104224,3.12300584137972,-0.6032409597375391
7.234,0.49747550849065003,0.31529562607825296,0.3948444472273858,3.1078180163435896,-0.6032409597375391
7.235,0.4977809823015401,0.29564998576316387,0.39793640187893253,3.0919546515467298,-0.637777339025819
7.236,0.49806680457158614,0.2759926736928928,0.4010125090290472,3.076107150114667,-0.637777339025819
7.237,0.498332964017015,0.2563244659044174,0.40407278452523127,3.060275496184036,-0.637777339025819
7.238,0.49857945013030686,0.236646138864948,0.4071172441991386,3.0444596739073355,-0.637777339025819
7.239,0.4988062531806126,0.2169584694410971,0.4101459038665915,3.028659667452912,-0.637777339025819
7.24,0.49901336421413567,0.19726223486838737,0.41315810118819535,3.0121973216038533,-0.671684309080269
7.2410000000000005,0.4992007750544875,0.17755821272038977,0.416153852626296,2.995751438100644,-0.671684309080269
7.242,0.4993684783030086,0.1578471808782046,0.41913317462677696,2.979322000480938,-0.671684309080269
7.243,0.49951646733906235,0.13812991749957376,0.4220960836190758,2.962908992298852,-0.671684309080269
7.244,0.49964473632029455,0.11840720098833862,0.42504259601620076,2.946512397124948,-0.671684309080269
7.245,0.49975328018286574,0.09867980996353176,0.42797206333277227,2.929467316571521,-0.7049284078150948
7.246,0.49984209464165,0.07894852322879445,0.4308845026138709,2.9124392810986475,-0.7049284078150948
7.247,0.4999111761904045,0.05921411974156389,0.43377993088753214,2.895428273661247,-0.7049284078150948
7.248,0.49996052210190806,0.03947737858225443,0.4366583651647634,2.8784342772312836,-0.7049284078150948
7.2490000000000006,0.49999013042806856,0.01973907892363465,0.43951982243956117,2.8614572747977505,-0.7049284078150948
7.25,0.5,-1.944585020620318e-18,0.44236366872053773,2.843846280976584,-0.7374768273184474
7.251,0.49999013042806856,-0.019739078923656977,0.445189921618687,2.8262528981492383,-0.7374768273184474
7.252,0.49996052210190806,-0.03947737858225444,0.4479985987273917,2.80867710870472,-0.7374768273184474
7.253,0.4999111761904045,-0.05921411974156389,0.4507897176224413,2.7911188950496464,-0.7374768273184474
7.2540000000000004,0.49984209464165,-0.07894852322879445,0.4535632958620495,2.7735782396082276,-0.7374768273184474
7.255,0.49975328018286586,-0.09867980996350946,0.4563187145744935,2.7554187124440217,-0.7692974462298884
7.256,0.49964473632029466,-0.11840720098831632,0.4590559919193005,2.73727734480698,-0.7692974462298884
7.257000000000001,0.49951646733906235,-0.13812991749957376,0.4617751460378381,2.7191541185375754,-0.7692974462298884
7.258,0.49936847830300884,-0.1578471808781823,0.46447619505333254,2.70104901549444,-0.7692974462298884
7.259,0.4992007750544875,-0.17755821272038977,0.4671591570708869,2.682962017554348,-0.7692974462298884
7.26,0.4990133642141359,-0.19726223486836508,0.4698234289491949,2.6642718783079875,-0.8003588614403159
7.261,0.4988062531806126,-0.2169584694410971,0.47246902937839574,2.645600429200873,-0.8003588614403159
7.2620000000000005,0.49857945013030686,-0.236646138864948,0.4750959770299386,2.626947651542866,-0.8003588614403159
7.263,0.498332964017015,-0.2563244659044174,0.47770429055660113,2.6083135266625166,-0.8003588614403159
7.264,0.49806680457158614,-0.2759926736928928,0.48029398859250816,2.589698035907048,-0.8003588614403159
7.265000000000001,0.4977809823015398,-0.295649985763186,0.48286448432199763,2.5704957294894806,-0.8306304190830069
7.266,0.49747550849065003,-0.31529562607825296,0.48541579694737597,2.551312625378331,-0.8306304190830069
7.267,0.49715039519849963,-0.33492881906187494,0.48794794565174726,2.5321487043712927,-0.8306304190830069
7.268,0.4968056552600042,-0.35454878962923253,0.4904609495990325,2.513003947285261,-0.8306304190830069
7.269,0.49644130228490707,-0.3741547632174381,0.4929548279339888,2.4938783349563156,-0.8306304190830069
7.2700000000000005,0.49605735065723894,-0.3937459658162697,0.4954290107457145,2.4741828117256537,-0.8600822447852753
7.271,0.4956538155347536,-0.41332162399854966,0.4978835177297327,2.4545069840182223,-0.8600822447852753
7.272,0.4952307128483257,-0.4328809649508564,0.5003183685618712,2.4348508321384985,-0.8600822447852753
7.273000000000001,0.49478805930132536,-0.4524232165038777,0.5027335828982818,2.4152143364106546,-0.8600822447852753
7.274,0.4943258723689572,-0.4719476071629621,0.5051291803754604,2.3955974771785384,-0.8600822447852753
7.275,0.4938441702975688,-0.4914533661386413,0.5075046085496987,2.375428174238341,-0.8886852731509373
7.276,0.4933429721039343,-0.5109397233769064,0.5098598875902998,2.3552790406010837,-0.8886852731509373
7.277,0.492822297574499,-0.5304059095897836,0.5121950376463972,2.335150056097464,-0.8886852731509373
7.2780000000000005,0.4922821672646024,-0.5498511562855504,0.5145100788469755,2.315041200578348,-0.8886852731509373
7.279,0.4917226024976649,-0.5692746957991411,0.5168050313008903,2.294952453914751,-0.8886852731509373
7.28,0.4911436253643441,-0.5886757613225181,0.5190793605768222,2.274329275931951,-0.9164112764442731
7.281000000000001,0.4905452587216672,-0.6080535869347904,0.5213330872979494,2.2537267211271335,-0.9164112764442731
7.282,0.48992752619212326,-0.627407407632627,0.5235662320668265,2.233144768877121,-0.9164112764442731
7.283,0.48929045216273626,-0.646736459360282,0.5257788154654058,2.2125833985793584,-0.9164112764442731
7.284,0.4886340617840974,-0.6660399790399116,0.5279708580550577,2.1920425896518934,-0.9164112764442731
7.285,0.48795838096937405,-0.6853172046016336,0.530141843944271,2.170985889213293,-0.9432328924474255
7.2860000000000005,0.48726343639328856,-0.704567375013569,0.5322917941897461,2.1499502454751314,-0.9432328924474255
7.287,0.4865492554910637,-0.7237897303119296,0.5344207298271269,2.1289356373807076,-0.9432328924474255
7.288,0.48581586645733704,-0.7429835116310859,0.5365286718710213,2.1079420438943783,-0.9432328924474255
7.289000000000001,0.4850632982450526,-0.7621479612333943,0.5386156413150228,2.0869694440015354,-0.9432328924474255
7.29,0.48429158056431576,-0.7812823225391781,0.5406811413165511,2.065500001528261,-0.9691236514636281
7.291,0.48350074388121733,-0.800385840156659,0.5427251933450485,2.04405202849746,-0.9691236514636281
7.292,0.4826908194166372,-0.8194577599116293,0.5447478188484882,2.02262550343969,-0.9691236514636281
7.293,0.48186183914500474,-0.838497328877396,0.5467490392533952,2.0012204049069777,-0.9691236514636281
7.2940000000000005,0.4810138357930424,-0.8575037954043564,0.5487288759648681,1.9798367114727982,-0.9691236514636281
7.295,0.48014684283847153,-0.876476409149734,0.5506868516795806,1.9579757147125343,-0.9940580024395527
7.296,0.4792608945086875,-0.8954144211072681,0.5526229882585296,1.9361365789490308,-0.9940580024395527
7.297,0.47835602577941533,-0.9143170836366304,0.554537307540851,1.9143192823212907,-0.9940580024395527
7.298,0.47743227237332214,-0.9331836504930924,0.5564298313438412,1.8925238029901783,-0.9940580024395527
7.299,0.4764896707586096,-0.9520133768569208,0.5583005814629796,1.870750119138397,-0.9940580024395527
7.3,0.4755282581475776,-0.9708055193627173,0.5601491006052352,1.848519142255636,-1.0180113381811382
7.301,0.47454807249514763,-0.989559336128916,0.5619754110015849,1.8263103963497576,-1.0180113381811382
7.3020000000000005,0.473549152497372,-1.0082740867869213,0.5637795348607747,1.804123859189785,-1.0180113381811382
7.303,0.4725315375899029,-1.026949032510401,0.5655614943693417,1.7819595085669724,-1.0180113381811382
7.304,0.4714952679464322,-1.0455834360445164,0.5673213116916365,1.7598173222947826,-1.0180113381811382
7.305,0.4704403844771134,-1.0641765617348817,0.5690585499962162,1.7372383045797288,-1.0409600196379454
7.306,0.46936692882693715,-1.0827276755567725,0.5707732318620986,1.7146818658823901,-1.0409600196379454
7.307,0.4682749433740957,-1.1012360451439591,0.5724653798457223,1.6921479836237487,-1.0409600196379454
7.308,0.4671644712283063,-1.1197009398176807,0.5741350164809697,1.6696366352473662,-1.0409600196379454
7.309,0.46603555622910514,-1.1381216306155544,0.575782164279189,1.6471477982193599,-1.0409600196379454
7.3100000000000005,0.4648882429441261,-1.1564973903202067,0.5774064073016255,1.6242430224365005,-1.0628813992319959
7.311,0.46372257666733047,-1.1748274934881509,0.5790077684530549,1.6013611514294241,-1.0628813992319959
7.312,0.4625386034172296,-1.193111216478258,0.5805862706153483,1.5785021622933548,-1.0628813992319959
7.313,0.4613363699350587,-1.2113478374804727,0.5821419366474947,1.5556660321464215,-1.0628813992319959
7.314,0.4601159236829359,-1.2295366365442435,0.5836747893856243,1.532852738129635,-1.0628813992319959
7.315,0.4588773128419907,-1.2476768956069078,0.5851844341941517,1.5096448085273408,-1.08375384320823
7.316,0.4576205863104597,-1.265767898522078,0.5866708942810063,1.486460086854649,-1.08375384320823
7.317,0.45634579370175166,-1.2838089310879766,0.58813419283091,1.4632985499036297,-1.08375384320823
7.3180000000000005,0.45505298534249744,-1.301799281075509,0.5895743530053995,1.4401601744895616,-1.08375384320823
7.319,0.4537422122705589,-1.3197382382564415,0.5909913979428504,1.4170449374509073,-1.08375384320823
7.32,0.45241352623300957,-1.3376250944315018,0.5923849547003042,1.3935567574537684,-1.1035567529844044
7.321,0.45106697968410203,-1.3554591434581946,0.5937550467659408,1.3700920656366264,-1.1035567529844044
7.322,0.4497026257831855,-1.3732396812788419,0.5951016976044521,1.3466508385113016,-1.1035567529844044
7.323,0.44832051839261716,-1.390966005948235,0.5964249306570651,1.3232330526131022,-1.1035567529844044
7.324,0.446920712075632,-1.4086374176614085,0.5977247693415659,1.299838684500801,-1.1035567529844044
7.325,0.44550326209418334,-1.4262532187813264,0.5990008627756727,1.276093434106712,-1.1222705854794035
7.3260000000000005,0.44406822440677257,-1.4438127138662837,0.6002532347046357,1.2523719289630173,-1.1222705854794035
7.327,0.44261565566622885,-1.4613152096975008,0.6014819088499601,1.2286741453244663,-1.1222705854794035
7.328,0.44114561321747714,-1.4787600153064313,0.6026869089094297,1.2050000594695538,-1.1222705854794035
7.329,0.43965815509527956,-1.4961464420019805,0.6038682585571301,1.181349647700496,-1.1222705854794035
7.33,0.43815334002193246,-1.513473803397832,0.605025629317735,1.1573707606047978,-1.1398768723998938
7.331,0.43663122740496,-1.530741415439408,0.6061590451701312,1.1334158523961952,-1.1398768723998938
7.332,0.43509187733476373,-1.5479485964309316,0.607268530069227,1.1094848990958013,-1.1398768723998938
7.333,0.4335353505822451,-1.5650946670624002,0.6083541079459757,1.0855778767487076,-1.1398768723998938
7.3340000000000005,0.43196170859641697,-1.5821789504362844,0.6094158027073996,1.0616947614239611,-1.1398768723998938
7.335,0.43037101350197215,-1.5992007720943107,0.6104533086092928,1.0375059018932105,-1.1563582384663365
7.336,0.42876332809682566,-1.616159460044144,0.6114666498405148,1.0133412312219905,-1.1563582384663365
7.337,0.42713871584964813,-1.633054344785784,0.6124558505657363,0.9892007252214418,-1.1563582384663365
7.338,0.42549724089734564,-1.6498847593381474,0.6134209349254631,0.9650843597268935,-1.1563582384663365
7.339,0.4238389680425405,-1.666650039265268,0.614361927036061,0.9409921105978399,-1.1563582384663365
7.34,0.4221639627510074,-1.6833495227025808,0.615278544186177,0.9166171501160374,-1.1716984185602333
7.341,0.4204722911490855,-1.6999825503830939,0.6161708107507717,0.8922665645947166,-1.1716984185602333
7.3420000000000005,0.418764020021071,-1.7165484656633727,0.6170387510804306,0.8679403296589173,-1.1716984185602333
7.343,0.4170392168065868,-1.7330466145494106,0.6178823895013886,0.8436384209580537,-1.1716984185602333
7.344,0.41529794959790667,-1.7494763457225753,0.6187017503155545,0.819360814165891,-1.1716984185602333
7.345,0.41354028713728236,-1.765837010565176,0.6194965741234307,0.7948238078762079,-1.1858822737758645
7.346,0.4117662988142143,-1.782127963186215,0.6202668854620236,0.7703113385928144,-1.1858822737758645
7.347,0.40997605466272585,-1.7983485604467593,0.6210127088438023,0.7458233817787043,-1.1858822737758645
7.348,0.4081696253585928,-1.814498161985385,0.6217340687567238,0.7213599129214083,-1.1858822737758645
7.349,0.40634708221654686,-1.8305761302435122,0.6224309896642567,0.6969209075329696,-1.1858822737758645
7.3500000000000005,0.40450849718747267,-1.8465818304904658,0.6231032357347549,0.6722460704982247,-1.1988958063605986
7.351,0.4026539428555611,-1.8625146308485878,0.6237508316430554,0.6475959083005145,-1.1988958063605986
7.352,0.4007834924354375,-1.8783739023182378,0.6243738020393205,0.6229703962650021,-1.1988958063605986
7.353,0.3988972197692859,-1.8941590188024982,0.624972171549062,0.5983695097415251,-1.1988958063605986
7.354,0.3969951993239171,-1.909869357132033,0.6255459647731666,0.5737932241045717,-1.1988958063605986
7.355,0.39507750618784576,-1.9255042970895513,0.6260949696805765,0.5490049074098895,-1.2107261735288786
7.356,0.3931442160683113,-1.9410632214344117,0.6266192110596085,0.524241379031902,-1.2107261735288786
7.357,0.39119540528829494,-1.9565455159269403,0.6271187136737908,0.4995026141822926,-1.2107261735288786
7.3580000000000005,0.38923115078351156,-1.9719505693526422,0.6275935022618884,0.4747885880975327,-1.2107261735288786
7.359,0.387251530099368,-1.987277773546369,0.6280436015379273,0.45009927603885763,-1.2107261735288786
7.36,0.38525662138789474,-2.0025265234163783,0.6284688234806873,0.42522194276008607,-1.2213617001366357
7.361,0.3832465034046763,-2.0176962169681003,0.6288691929675019,0.4003694868145933,-1.2213617001366357
7.362,0.38122125550572433,-2.032786255328043,0.6292447348508269,0.37554188332504596,-1.2213617001366357
7.363,0.3791809576443603,-2.0477960427673128,0.6295954739582659,0.3507391074389882,-1.2213617001366357
7.364,0.37712569036805255,-2.062724986725186,0.6299214350925947,0.32596113432881646,-1.2213617001366357
7.365,0.37505553481522935,-2.0775724978325503,0.6302224544279851,0.30101933539042486,-1.2307918902031405
7.3660000000000005,0.3729705727120896,-2.0923379899350745,0.630498556906236,0.2761024782509716,-1.2307918902031405
7.367,0.37087088636936943,-2.1070208801163957,0.6307497674442046,0.25121053796865783,-1.2307918902031405
7.368,0.36875655867908574,-2.121620588721184,0.6309761109338312,0.22634348962662637,-1.2307918902031405
7.369,0.36662767311128014,-2.1361365393779095,0.6311776122421642,0.20150130833293695,-1.2307918902031405
7.37,0.3644843137107072,-2.1505681590217125,0.6313541319004434,0.17651965827921784,-1.2390074372693087
7.371,0.36232656509352373,-2.1649148779169756,0.6315056948903189,0.15156298987555245,-1.2390074372693087
7.372,0.3601545124439552,-2.1791761296797705,0.6316323261684592,0.1266312781402907,-1.2390074372693087
7.373,0.3579682415109163,-2.193351351300329,0.631734050666576,0.10172449811676425,-1.2390074372693087
7.3740000000000006,0.35576783860464223,-2.207439983165157,0.6318108932914492,0.07684262487326131,-1.2390074372693087
7.375,0.35355339059327473,-2.2214414690791773,0.631862739069026,0.05184577757674644,-1.2460002335820806
7.376,0.35132498489942443,-2.2353552562877304,0.6318896129961535,0.026873927127528084,-1.2460002335820806
7.377,0.3490827094967376,-2.2491807954982908,0.6318915400446823,0.0019270485287589435,-1.2460002335820806
7.378,0.3468266529064026,-2.2629175409022753,0.6318685451614908,-0.022994883191411422,-1.2460002335820806
7.3790000000000004,0.3445569041936732,-2.2765649501964798,0.631820653268511,-0.04789189297986163,-1.2460002335820806
7.38,0.3422735529643447,-2.290122484604539,0.6317477739998621,-0.07287926864879649,-1.2517633780957358
7.381,0.33997668936120884,-2.303589608898239,0.6316499323429201,-0.0978416569420624,-1.2517633780957358
7.382000000000001,0.3376664040605103,-2.316965791418557,0.631527153260073,-0.12277908284703505,-1.2517633780957358
7.383,0.33534278826835956,-2.330250504096696,0.6313794616887469,-0.14769157132610272,-1.2517633780957358
7.384,0.3330059337171268,-2.3434432224749604,0.6312068825414302,-0.17257914731669133,-1.2517633780957358
7.385,0.3306559326618284,-2.35654342572742,0.6310093501495951,-0.19753239183502308,-1.2562911832824222
7.386,0.32829287787647954,-2.3695505966804946,0.6307868894664863,-0.2224606831088365,-1.2562911832824222
7.3870000000000005,0.3259168626504395,-2.382464221833333,0.6305395254203949,-0.2473640460913761,-1.2562911832824222
7.388,0.3235279807847238,-2.395283791378111,0.630267282914684,-0.27224250571093317,-1.2562911832824222
7.389,0.3211263265882926,-2.4080087992202026,0.6299701868278131,-0.2970960868708707,-1.2562911832824222
7.390000000000001,0.31871199487434404,-2.4206387429980722,0.6296481962534143,-0.3219905743989018,-1.2595791807450987
7.391,0.31628508095656294,-2.433173124103152,0.6293013360859748,-0.34686016743940484,-1.2595791807450987
7.392,0.31384568064534973,-2.4456114476995654,0.6289296311950879,-0.3717048908868674,-1.2595791807450987
7.393,0.3113938902440573,-2.4579532227435674,0.6285331064254771,-0.3965247696108825,-1.2595791807450987
7.394,0.30892980654516694,-2.4701979620030396,0.6281117865970209,-0.4213198284561736,-1.2595791807450987
7.3950000000000005,0.3064535268264868,-2.482345182076628,0.6276656556058807,-0.4461309911402615,-1.2616241256272045
7.396,0.3039651488473028,-2.49439440341287,0.627194738263219,-0.47091734266166535,-1.2616241256272045
7.397,0.3014647708445112,-2.5063451503291665,0.6266990593553875,-0.4956789078315478,-1.2616241256272045
7.398000000000001,0.29895249152875986,-2.5181969510304647,0.6261786436439513,-0.5204157114362603,-1.2616241256272045
7.399,0.2964284100805316,-2.52994933762798,0.6256335158657139,-0.5451277782373681,-1.2616241256272045
7.4,0.2938926261462373,-2.541601846157626,0.6250636847352585,-0.5698311304554313,-1.2624239998150306
7.401,0.2913452398342904,-2.5531540165982927,0.6244691749559372,-0.5945097793212765,-1.2624239998150306
7.402,0.28878635171113487,-2.5646053928900967,0.6238500112063989,-0.6191637495382558,-1.2624239998150306
7.4030000000000005,0.2862160627972952,-2.575955522952297,0.6232062181406139,-0.6437930657850182,-1.2624239998150306
7.404,0.28363447456337965,-2.5872039587011804,0.6225378203878984,-0.6683977527155337,-1.2624239998150306
7.405,0.2810416889260654,-2.5983502560677905,0.621844851472657,-0.692968915241405,-1.261978013929343
7.406000000000001,0.27843780824409275,-2.6093939750153785,0.6211273359660523,-0.7175155066047505,-1.261978013929343
7.407,0.27582293531421553,-2.620334679556819,0.6203852984146756,-0.7420375513767326,-1.261978013929343
7.408,0.2731971733671336,-2.631171937771854,0.6196187633405716,-0.7665350741039427,-1.261978013929343
7.409,0.27056062606343867,-2.6419053218240625,0.6188277552412632,-0.7910080993084256,-1.261978013929343
7.41,0.2679133974894977,-2.6525344079778432,0.618012332417892,-0.8154228233712043,-1.2602866081043562
7.4110000000000005,0.2652555921533651,-2.6630587766150633,0.6171725192851821,-0.8398131327099202,-1.2602866081043562
7.412,0.2625873149806476,-2.6734780122516577,0.6163083402334428,-0.8641790517392974,-1.2602866081043562
7.413,0.25990867131035617,-2.6837917035540566,0.6154198196285932,-0.8885206048496452,-1.2602866081043562
7.414000000000001,0.2572197668907533,-2.693999443355398,0.6145069818121863,-0.9128378164068827,-1.2602866081043562
7.415,0.25452070787518744,-2.70410082867157,0.6135699098045648,-0.9370720076215439,-1.2573514515534039
7.416,0.25181160081788084,-2.7140954607172,0.6126086278399199,-0.9612819646449904,-1.2573514515534039
7.417,0.24909255266974756,-2.723982944921305,0.6116231601282085,-0.9854677117114135,-1.2573514515534039
7.418,0.24636367077414653,-2.733762890942962,0.6106135308551778,-1.00962927303077,-1.2573514515534039
7.4190000000000005,0.24362506286266555,-2.7434349126866358,0.609579764182389,-1.0337666727888075,-1.2573514515534039
7.42,0.24087683705085874,-2.7529986283174592,0.6085219677674546,-1.0577964149344519,-1.2531754409216562
7.421,0.23811910183396928,-2.762453660276336,0.6074401656401166,-1.0818021273379506,-1.2531754409216562
7.422000000000001,0.2353519660826646,-2.7717996352947836,0.6063343818060876,-1.1057838340290458,-1.2531754409216562
7.423,0.23257553903872924,-2.7810361844097002,0.6052046402470741,-1.1297415590134499,-1.2531754409216562
7.424,0.2297899303107426,-2.7901629429779633,0.6040509649208012,-1.1536753262728696,-1.2531754409216562
7.425,0.22699524986977382,-2.7991795506907513,0.6028734880159061,-1.1774769048951452,-1.2477626974274192
7.426,0.22419160804501514,-2.808085651587852,0.6016722333339674,-1.2012546819387984,-1.2477626974274192
7.4270000000000005,0.22137911551945152,-2.81688089407163,0.6004472246527619,-1.225008681205408,-1.2477626974274192
7.428,0.218557883325469,-2.825564930920983,0.5991984857262892,-1.2487389264727509,-1.2477626974274192
7.429,0.21572802284048062,-2.8341374193050153,0.5979260402847943,-1.2724454414948265,-1.2477626974274192
7.43,0.21288964578253924,-2.8425980207965447,0.5966300449174852,-1.2959953673092321,-1.2411185627950256
7.431,0.21004286420590462,-2.8509464013855297,0.5953105231742873,-1.3195217431978234,-1.2411185627950256
7.432,0.20718779049664213,-2.85918223149219,0.5939674985815768,-1.3430245927105262,-1.2411185627950256
7.433,0.20432453736817638,-2.867305185980046,0.5926009946422031,-1.3665039393737162,-1.2411185627950256
7.434,0.20145321785683173,-2.8753149441687813,0.5912110348355128,-1.389959806690243,-1.2411185627950256
7.4350000000000005,0.19857394531738926,-2.883211189846848,0.5897977999967496,-1.4132348387632174,-1.2332495939832286
7.436,0.195686833418602,-2.8909936112839802,0.5883613134009456,-1.4364865958041189,-1.2332495939832286
7.437,0.19279199613869757,-2.898661901243521,0.5869015982998576,-1.4597151010879794,-1.2332495939832286
7.438,0.1898895477609017,-2.906215756994496,0.585418677921991,-1.482920377866556,-1.2332495939832286
7.439,0.1869796028688999,-2.913654880323632,0.5839125754726227,-1.5061024493683541,-1.2332495939832286
7.44,0.18406227634233718,-2.920978977547069,0.5823834958545694,-1.5290796180532695,-1.2241635567141853
7.441,0.18113768335227287,-2.9281877595219816,0.5808314620449999,-1.5520338095694999,-1.2241635567141853
7.442,0.17820593935662724,-2.935280941658008,0.5792564969981057,-1.574965046894214,-1.2241635567141853
7.4430000000000005,0.1752671600956299,-2.942258243928473,0.5776586236451241,-1.5978733529816036,-1.2241635567141853
7.444,0.17232146158726078,-2.949119390881412,0.5760378648943612,-1.6207587507629058,-1.2241635567141853
7.445,0.16936896012264646,-2.9558641116505084,0.5743944495139928,-1.6434153803683371,-1.2138694178097102
7.446,0.16640977226149595,-2.9624921399657196,0.5727284001606486,-1.666049353344163,-1.2138694178097102
7.447,0.1634440148274724,-2.9690032141638505,0.5710397394683017,-1.6886606923470129,-1.2138694178097102
7.448,0.1604718049036044,-2.975397077198835,0.5693284900482908,-1.7112494200108601,-1.2138694178097102
7.449,0.15749325982765391,-2.9816734766518995,0.5675946744893438,-1.7338155589470434,-1.2138694178097102
7.45,0.15450849718747373,-2.9878321647415556,0.5658385451992288,-1.7561292901149383,-1.2023773363420938
7.4510000000000005,0.1515176348163855,-2.9938728983333363,0.5640601244916772,-1.7784207075516654,-1.2023773363420938
7.452,0.14852079078851785,-2.9997954389494152,0.5622594346581062,-1.8006898335709556,-1.2023773363420938
7.453,0.1455180834141348,-3.0055995527780435,0.560436497967642,-1.8229366904642266,-1.2023773363420938
7.454,0.14250963123498883,-3.011285010682732,0.5585913366671414,-1.8451613005006042,-1.2023773363420938
7.455,0.1394955530196139,-3.0168515882113516,0.5567242265548692,-1.8671101122722693,-1.1896986536082792
7.456,0.13647596775866377,-3.0222990656049395,0.5548351895796371,-1.8890369752321625,-1.1896986536082792
7.457,0.13345099466018742,-3.0276272278064282,0.5529242476683079,-1.910941911329096,-1.1896986536082792
7.458,0.13042075314495,-3.0328358644690856,0.550991422725818,-1.9328249424899324,-1.1896986536082792
7.4590000000000005,0.12738536284169108,-3.037924769964866,0.5490367366351984,-1.954686090619608,-1.1896986536082792
7.46,0.12434494358242931,-3.0428937433924834,0.5470604883130307,-1.9762483221677363,-1.1758458819374007
7.461,0.1212996153977041,-3.0477425885853857,0.5450626993215464,-1.9977889914843165,-1.1758458819374007
7.462,0.11824949851186464,-3.0524711141194563,0.5430433912014148,-2.0193081201315803,-1.1758458819374007
7.463,0.11519471333829606,-3.0570791333206144,0.5410025854717646,-2.040805729650197,-1.1758458819374007
7.464,0.11213538047468982,-3.0615664642721465,0.5389403036302053,-2.0622818415592947,-1.1758458819374007
7.465,0.10907162069827243,-3.0659329298219062,0.5368568674166407,-2.0834362135645885,-1.160832692342649
7.466,0.10600355496102692,-3.0701783575893193,0.5347522979854429,-2.104569431197877,-1.160832692342649
7.4670000000000005,0.10293130438493872,-3.074302579972162,0.5326266164698293,-2.125681515613532,-1.160832692342649
7.468,0.0998549902572035,-3.078305434153192,0.5304798439818845,-2.1467724879447716,-1.160832692342649
7.469,0.09677473402542858,-3.082186762106589,0.5283120016125809,-2.16784236930368,-1.160832692342649
7.47,0.09369065729286269,-3.085946410604163,0.5261234336076259,-2.188568004954968,-1.1446739010295812
7.471,0.090602881813571,-3.089584231221433,0.5239141606926553,-2.2092729149706045,-1.1446739010295812
7.472,0.08751152948763878,-3.0931000803434743,0.521684203572579,-2.2299571200762256,-1.1446739010295812
7.473,0.08441672235636964,-3.096493819170575,0.5194335829316024,-2.250620640976741,-1.1446739010295812
7.474,0.08131858259744296,-3.0997653137237458,0.517162319433246,-2.271263498356356,-1.1446739010295812
7.4750000000000005,0.07821723252011502,-3.1029144348499784,0.5148707794892925,-2.2915399439534867,-1.1273854547743487
7.476,0.07511279456038006,-3.1059410582273603,0.5125589833761874,-2.31179611310502,-1.1273854547743487
7.477,0.07200539127612605,-3.10884506436999,0.5102269513501,-2.3320320260874023,-1.1273854547743487
7.478,0.06889514534232095,-3.1116263386326706,0.5078747036469432,-2.352247703156802,-1.1273854547743487
7.479,0.06578217954614161,-3.1142847712154627,0.5055022604823941,-2.372443164549132,-1.1273854547743487
7.48,0.06266661678215092,-3.1168202571679964,0.5031100100727058,-2.392250409688306,-1.1089844151861457
7.481,0.05954858004743562,-3.1192326963936257,0.5006979722251235,-2.412037847582341,-1.1089844151861457
7.482,0.05642819243674002,-3.121521993653386,0.49826616672708496,-2.4318054980384813,-1.1089844151861457
7.4830000000000005,0.05330557713762756,-3.123688058569738,0.4958146133462408,-2.4515533808441656,-1.1089844151861457
7.484,0.05018085742560701,-3.1257308056301465,0.49334333183047374,-2.4712815157670445,-1.1089844151861457
7.485,0.04705415665925869,-3.127650154190457,0.4908527318173851,-2.4906000130886663,-1.0894889418694538
7.486,0.04392559827537155,-3.129446028478077,0.4883428326254721,-2.5098991919129667,-1.0894889418694538
7.487,0.0407953057840807,-3.1311183575949606,0.4858136535539137,-2.529179071558443,-1.0894889418694538
7.488,0.03766340276396671,-3.132667075520422,0.4832652138825894,-2.5484396713242736,-1.0894889418694538
7.489,0.034530012857205215,-3.1340921211137247,0.4806975328720991,-2.5676810104903383,-1.0894889418694538
7.49,0.03139525976465743,-3.135393438116513,0.4781110411771292,-2.5864916949699026,-1.0689182745027357
7.4910000000000005,0.028259267241011424,-3.136570975155018,0.4755057576083642,-2.6052835687649876,-1.0689182745027357
7.492,0.02512215908988591,-3.137624685742092,0.47288170095767795,-2.6240566506862772,-1.0689182745027357
7.493,0.021984059158932003,-3.1385545282790486,0.47023888999815233,-2.6428109595256455,-1.0689182745027357
7.494,0.01884509133496879,-3.139360466057293,0.46757734348409613,-2.6615465140561745,-1.0689182745027357
7.495,0.015705379539064087,-3.1400424672597853,0.46489751266227697,-2.679830821819141,-1.0472927138511474
7.496,0.0125650477216671,-3.1406005049622836,0.46219941581700263,-2.698096845274345,-1.0472927138511474
7.497,0.00942421985770442,-3.141034557134415,0.45948307121429655,-2.7163446027060933,-1.0472927138511474
7.498,0.006283019941675056,-3.1413446066405433,0.4567484971019161,-2.73457411238041,-1.0472927138511474
7.4990000000000006,0.0031415719827801985,-3.141530641240445,0.4539957117093711,-2.7527853925450527,-1.0472927138511474
7.5,2.6948419387607653e-15,-3.141592653589793,0.45122518643018394,-2.770525279187151,-1.024633601732159
7.501,-0.003141571982778362,-3.141530641240445,0.44843693900424136,-2.788247425942607,-1.024633601732159
7.502,-0.0062830199416732185,-3.1413446066405437,0.44563098715369004,-2.8059518505513075,-1.024633601732159
7.503,-0.009424219857702584,-3.1410345571344154,0.4428073485829546,-2.8236385707353993,-1.024633601732159
7.5040000000000004,-0.012565047721668816,-3.140600504962283,0.4399660409787553,-2.841307604199307,-1.024633601732159
7.505,-0.01570537953906225,-3.1400424672597858,0.43710755541616114,-2.858485562594183,-1.0009632999537788
7.506,-0.018845091334966955,-3.139360466057294,0.4342319090731305,-2.8756463430306645,-1.0009632999537788
7.507000000000001,-0.021984059158933717,-3.1385545282790477,0.43133911911044376,-2.8927899626867095,-1.0009632999537788
7.508,-0.025122159089884074,-3.1376246857420926,0.42842920267172063,-2.9099164387230982,-1.0009632999537788
7.509,-0.028259267241013138,-3.1365709751550175,0.42550217688343717,-2.9270257882834505,-1.0009632999537788
7.51,-0.03139525976465559,-3.135393438116514,0.4225585520175771,-2.943624865860089,-0.9763051682461045
7.511,-0.034530012857203383,-3.1340921211137256,0.41959834467321794,-2.960207344359151,-0.9763051682461045
7.5120000000000005,-0.03766340276396842,-3.132667075520421,0.41662157143283823,-2.976773240379714,-0.9763051682461045
7.513,-0.04079530578407887,-3.1311183575949615,0.41362824886233396,-2.9933225705042563,-0.9763051682461045
7.514,-0.043925598275369716,-3.1294460284780783,0.4106183935110353,-3.009855351298674,-0.9763051682461045
7.515000000000001,-0.047054156659256864,-3.127650154190458,0.40759253434426373,-3.025859166771538,-0.9506835412081196
7.516,-0.050180857425605185,-3.1257308056301474,0.4045506873658348,-3.041846978428929,-0.9506835412081196
7.517,-0.05330557713762927,-3.123688058569737,0.40149286856356015,-3.0578188022746624,-0.9506835412081196
7.518,-0.056428192436738196,-3.121521993653387,0.3984190939092636,-3.07377465429655,-0.9506835412081196
7.519,-0.0595485800474338,-3.119232696393627,0.3953293793587972,-3.089714550466416,-0.9506835412081196
7.5200000000000005,-0.06266661678215261,-3.116820257167995,0.3922242720487954,-3.105107310001797,-0.9241237042923734
7.521,-0.0657821795461398,-3.114284771215464,0.38910378737201773,-3.1204846767776426,-0.9241237042923734
7.522,-0.06889514534231914,-3.111626338632672,0.385967940705831,-3.1358466661867124,-0.9241237042923734
7.523000000000001,-0.07200539127612775,-3.1088450643699885,0.38281674741222466,-3.151193293606373,-0.9241237042923734
7.524,-0.07511279456037825,-3.105941058227362,0.37965022283782607,-3.1665245743986143,-0.9241237042923734
7.525,-0.07821723252011671,-3.1029144348499766,0.37646893175062485,-3.1812910872012417,-0.8966518688512942
7.526,-0.08131858259744114,-3.0997653137237475,0.3732728889171338,-3.196042833491066,-0.8966518688512942
7.527,-0.08441672235636784,-3.096493819170577,0.3700621090890992,-3.210779828034601,-0.8966518688512942
7.5280000000000005,-0.08751152948763698,-3.0931000803434765,0.3668366070035156,-3.2255020855835923,-0.8966518688512942
7.529,-0.09060288181356918,-3.089584231221435,0.3635963973826406,-3.2402096208750346,-0.8966518688512942
7.53,-0.09369065729286088,-3.085946410604165,0.36034206206846103,-3.2543353141795546,-0.8682951462697421
7.531000000000001,-0.09677473402543026,-3.0821867621065873,0.35707361518667025,-3.2684468817907697,-0.8682951462697421
7.532,-0.0998549902572017,-3.078305434153194,0.3537910708488359,-3.282544337834374,-0.8682951462697421
7.533,-0.1029313043849404,-3.0743025799721595,0.35049444315241396,-3.2966276964219343,-0.8682951462697421
7.534,-0.10600355496102513,-3.0701783575893216,0.34718374618076303,-3.3106969716509074,-0.8682951462697421
7.535,-0.10907162069827063,-3.0659329298219085,0.3438595782756596,-3.324167905103444,-0.8390815212093676
7.5360000000000005,-0.11213538047469149,-3.0615664642721443,0.34052195290803705,-3.3376253676225276,-0.8390815212093676
7.537,-0.11519471333829427,-3.057079133320617,0.33717088353535796,-3.3510693726790923,-0.8390815212093676
7.538,-0.11824949851186287,-3.0524711141194585,0.33380638360162734,-3.3644999337306007,-0.8390815212093676
7.539000000000001,-0.12129961539770577,-3.0477425885853826,0.33042846653740626,-3.3779170642210574,-0.8390815212093676
7.54,-0.12434494358242754,-3.042893743392486,0.3270377465937696,-3.3907199436366584,-0.8090398239910962
7.541,-0.12738536284169275,-3.0379247699648637,0.32363423657359675,-3.4035100201728437,-0.8090398239910962
7.542,-0.13042075314494822,-3.0328358644690887,0.32021794926696423,-3.416287306632493,-0.8090398239910962
7.543,-0.13345099466018565,-3.0276272278064313,0.31678889745115857,-3.4290518158056824,-0.8090398239910962
7.5440000000000005,-0.136475967758662,-3.0222990656049427,0.3133470938906889,-3.441803560469699,-0.8090398239910962
7.545,-0.1394955530196121,-3.0168515882113547,0.3098931681397368,-3.453925750952091,-0.7781997021430986
7.546,-0.14250963123498708,-3.0112850106827356,0.3064271323204928,-3.466035819244001,-0.7781997021430986
7.547000000000001,-0.14551808341413644,-3.0055995527780404,0.30294899854302515,-3.478133777467619,-0.7781997021430986
7.548,-0.1485207907885161,-2.9997954389494184,0.29945877890529216,-3.4902196377330132,-0.7781997021430986
7.549,-0.15151763481638714,-2.993872898333333,0.295956485493154,-3.502293412138142,-0.7781997021430986
7.55,-0.15450849718747198,-2.987832164741559,0.29244276254260515,-3.5137229505488494,-0.746591591142277
7.551,-0.15749325982765217,-2.981673476651903,0.288917621483184,-3.5251410594211463,-0.746591591142277
7.5520000000000005,-0.16047180490360602,-2.9753970771988314,0.2853810737329994,-3.5365477501845706,-0.746591591142277
7.553,-0.16344401482747065,-2.9690032141638545,0.2818331306987422,-3.5479430342572313,-0.746591591142277
7.554,-0.16640977226149423,-2.962492139965723,0.2782738037756964,-3.5593269230458198,-0.746591591142277
7.555,-0.16936896012264474,-2.9558641116505124,0.27470375124588603,-3.5700525298103356,-0.71424668437809
7.556,-0.17232146158725906,-2.949119390881416,0.27112298383491795,-3.580767410968087,-0.71424668437809
7.557,-0.17526716009562818,-2.942258243928477,0.2675315122576733,-3.591471577244681,-0.71424668437809
7.558,-0.17820593935662551,-2.9352809416580126,0.2639293472183183,-3.6021650393549978,-0.71424668437809
7.559,-0.18113768335227118,-2.9281877595219856,0.2603164994103151,-3.6128478080032047,-0.71424668437809
7.5600000000000005,-0.1840622763423388,-2.920978977547065,0.2566936405120725,-3.622858898242571,-0.6811969023684659
7.561,-0.1869796028688982,-2.9136548803236364,0.2530607805346808,-3.6328599773916976,-0.6811969023684659
7.562,-0.1898895477609,-2.9062157569945004,0.24941792947921912,-3.642851055461675,-0.6811969023684659
7.563,-0.19279199613869588,-2.898661901243525,0.24576509733676555,-3.652832142453583,-0.6811969023684659
7.564,-0.1956868334186003,-2.8909936112839847,0.24210229408840706,-3.6628032483584985,-0.6811969023684659
7.565,-0.19857394531739084,-2.883211189846844,0.23843020414607174,-3.672089942335302,-0.6474748612580996
7.566,-0.20145321785683007,-2.8753149441687857,0.2347488367964536,-3.6813673496181285,-0.6474748612580996
7.567,-0.20432453736817469,-2.8673051859800505,0.23105820131695995,-3.690635479493672,-0.6474748612580996
7.5680000000000005,-0.20718779049664368,-2.8591822314921855,0.2273583069757206,-3.6998943412393404,-0.6474748612580996
7.569,-0.21004286420590296,-2.8509464013855346,0.22364916303159735,-3.709143944123263,-0.6474748612580996
7.57,-0.21288964578253758,-2.8425980207965496,0.2199314659546056,-3.7176970769917452,-0.6131138406302558
7.571,-0.21572802284047896,-2.83413741930502,0.21620522429787825,-3.7262416567273586,-0.6131138406302558
7.572,-0.21855788332546736,-2.8255649309209883,0.212470446605995,-3.7347776918832363,-0.6131138406302558
7.573,-0.2213791155194499,-2.816880894071635,0.20872714141499105,-3.7433051910039583,-0.6131138406302558
7.574,-0.22419160804501348,-2.8080856515878567,0.20497531725236548,-3.7518241626255593,-0.6131138406302558
7.575,-0.22699524986977218,-2.7991795506907566,0.20121568195888928,-3.7596352934762103,-0.5781477506638346
7.5760000000000005,-0.2297899303107441,-2.7901629429779584,0.19744824334569328,-3.7674386131960107,-0.5781477506638346
7.577,-0.2325755390387276,-2.781036184409705,0.19367300921609718,-3.7752341295960914,-0.5781477506638346
7.578,-0.23535196608266612,-2.7717996352947787,0.1898899873656174,-3.783021850479772,-0.5781477506638346
7.579,-0.23811910183396767,-2.762453660276342,0.18609918558197483,-3.790801783642569,-0.5781477506638346
7.58,-0.24087683705085713,-2.752998628317465,0.18230132237814253,-3.7978632038322893,-0.5426110986681327
7.581,-0.24362506286266702,-2.743434912686631,0.17849640481554072,-3.8049175626018195,-0.5426110986681327
7.582,-0.24636367077414495,-2.7337628909429674,0.17468443994852814,-3.81196486701258,-0.5426110986681327
7.583,-0.24909255266974595,-2.723982944921311,0.17086543482440922,-3.81900512411893,-0.5426110986681327
7.5840000000000005,-0.25181160081788234,-2.714095460717194,0.16703939648344104,-3.8260383409681737,-0.5426110986681327
7.585,-0.2545207078751858,-2.704100828671576,0.16320705340171326,-3.832343081727771,-0.5065389550282746
7.586,-0.2572197668907517,-2.6939994433554038,0.15936841188396667,-3.8386415177466087,-0.5065389550282746
7.587,-0.2599086713103546,-2.683791703554063,0.15552347822863724,-3.8449336553294278,-0.5065389550282746
7.588,-0.262587314980646,-2.673478012251664,0.15167225872786258,-3.851219500774664,-0.5065389550282746
7.589,-0.2652555921533665,-2.6630587766150575,0.14781475966748814,-3.8574990603744546,-0.5065389550282746
7.59,-0.26791339748949616,-2.6525344079778495,0.14395171876780216,-3.8630408996859797,-0.46996691859498707
7.591,-0.2705606260634371,-2.6419053218240687,0.14008314157064397,-3.8685771971581935,-0.46996691859498707
7.5920000000000005,-0.27319717336713506,-2.6311719377718483,0.13620903361231104,-3.874107958332935,-0.46996691859498707
7.593,-0.275822935314214,-2.620334679556825,0.13232940042356453,-3.879633188746502,-0.46996691859498707
7.594,-0.2784378082440942,-2.6093939750153723,0.12844424752963488,-3.8851528939296553,-0.46996691859498707
7.595,-0.28104168892606385,-2.5983502560677967,0.12455432116696809,-3.8899263626667824,-0.43293108155283994
7.596,-0.28363447456337815,-2.587203958701187,0.12065962610903291,-3.8946950579351722,-0.43293108155283994
7.597,-0.2862160627972966,-2.575955522952291,0.11676016712452462,-3.8994589845082936,-0.43293108155283994
7.598,-0.28878635171113337,-2.5646053928901034,0.11285594897736978,-3.9042181471548423,-0.43293108155283994
7.599,-0.2913452398342889,-2.5531540165982993,0.10894697642673104,-3.9089725506387443,-0.43293108155283994
7.6000000000000005,-0.2938926261462358,-2.541601846157633,0.1050340034887669,-3.9129729379641374,-0.3954679938016002
7.601,-0.29642841008053017,-2.529949337627987,0.1011170341638647,-3.916969324902205,-0.3954679938016002
7.602,-0.29895249152875836,-2.518196951030472,0.09719607244841136,-3.920961715453335,-0.3954679938016002
7.603,-0.30146477084450973,-2.5063451503291736,0.09327112233479744,-3.9249501136139138,-0.3954679938016002
7.604,-0.30396514884730136,-2.494394403412877,0.0893421878114211,-3.928934523376332,-0.3954679938016002
7.605,-0.30645352682648813,-2.4823451820766214,0.08541002993003043,-3.932157881390674,-0.35761462688590534
7.606,-0.3089298065451655,-2.4701979620030468,0.08147465191398343,-3.9353780160470015,-0.35761462688590534
7.607,-0.31139389024405584,-2.4579532227435745,0.07753605698341476,-3.9385949305686725,-0.35761462688590534
7.6080000000000005,-0.31384568064535107,-2.4456114476995587,0.07359424835523894,-3.941808628175822,-0.35761462688590534
7.609,-0.3162850809565615,-2.433173124103159,0.06964922924315357,-3.9450191120853644,-0.35761462688590534
7.61,-0.3187119948743454,-2.4206387429980656,0.06570176698343012,-3.947462259723455,-0.3194083375088083
7.611,-0.3211263265882912,-2.40800879922021,0.061751864019216215,-3.9499029642139076,-0.3194083375088083
7.612,-0.3235279807847224,-2.395283791378118,0.05779952279121635,-3.9523412279998698,-0.3194083375088083
7.613,-0.3259168626504408,-2.382464221833326,0.0538447457376943,-3.954777053522046,-0.3194083375088083
7.614,-0.32829287787647815,-2.369550596680502,0.0498875352944756,-3.9572104432187,-0.3194083375088083
7.615,-0.330655932661827,-2.3565434257274274,0.04592866432508681,-3.958870969388786,-0.2808868306652235
7.6160000000000005,-0.33300593371712545,-2.343443222474968,0.04196813449005411,-3.9605298350327014,-0.2808868306652235
7.617,-0.33534278826835817,-2.3302505040967034,0.03800594744824314,-3.962187041810973,-0.2808868306652235
7.618,-0.33766640406051157,-2.31696579141855,0.034042104856860676,-3.9638425913824666,-0.2808868306652235
7.619,-0.3399766893612075,-2.303589608898247,0.030076608371456287,-3.9654964854043886,-0.2808868306652235
7.62,-0.34227355296434336,-2.290122484604547,0.02611023562008867,-3.9663727513676172,-0.2420881224316469
7.621,-0.34455690419367446,-2.2765649501964726,0.02214298747902379,-3.9672481410648825,-0.2420881224316469
7.622,-0.34682665290640124,-2.262917540902283,0.018174864823651337,-3.9681226553724507,-0.2420881224316469
7.623,-0.34908270949673625,-2.2491807954982987,0.014205868528485627,-3.968996295165711,-0.2420881224316469
7.6240000000000006,-0.35132498489942565,-2.235355256287723,0.010235999467166449,-3.9698690613191783,-0.2420881224316469
7.625,-0.3535533905932734,-2.2214414690791853,0.006266039264859612,-3.9699602023068365,-0.2030505024488819
7.626,-0.35576783860464345,-2.2074399831651497,0.002295988012706105,-3.970051252153507,-0.2030505024488819
7.627,-0.35796824151091494,-2.1933513513003375,-0.0016741541982442263,-3.9701422109503315,-0.2030505024488819
7.628,-0.3601545124439539,-2.179176129679779,-0.005644387277032585,-3.970233078788359,-0.2030505024488819
7.6290000000000004,-0.36232656509352246,-2.164914877916984,-0.009614711132791134,-3.970323855758548,-0.2030505024488819
7.63,-0.364484313710706,-2.1505681590217205,-0.013584340914616619,-3.969629781825485,-0.16381249613478155
7.631,-0.36662767311127886,-2.1361365393779184,-0.017553277316582974,-3.968936401966355,-0.16381249613478155
7.632000000000001,-0.3687565586790869,-2.1216205887211763,-0.021521521032070057,-3.9682437154870844,-0.16381249613478155
7.633,-0.3708708863693682,-2.107020880116404,-0.02548907275376435,-3.967551721694293,-0.16381249613478155
7.634,-0.3729705727120908,-2.0923379899350665,-0.029455933173659646,-3.9668604198952946,-0.16381249613478155
7.635,-0.37505553481522813,-2.077572497832559,-0.033421314989668334,-3.965381816008686,-0.12441282666431641
7.636,-0.3771256903680513,-2.062724986725194,-0.037385219680394294,-3.9639046907259634,-0.12441282666431641
7.6370000000000005,-0.3791809576443614,-2.0477960427673048,-0.041347648722962815,-3.9624290425685236,-0.12441282666431641
7.638,-0.3812212555057231,-2.032786255328052,-0.04530860359302206,-3.960954870059241,-0.12441282666431641
7.639,-0.38324650340467514,-2.017696216968109,-0.04926808576474453,-3.959482171722468,-0.12441282666431641
7.640000000000001,-0.38525662138789585,-2.00252652341637,-0.05322530626183036,-3.957220497085835,-0.0848903767544732
7.641,-0.38725153009936686,-1.987277773546378,-0.0571802673459542,-3.954961084123839,-0.0848903767544732
7.642,-0.38923115078351267,-1.9719505693526338,-0.06113297127652901,-3.9527039305748044,-0.0848903767544732
7.643,-0.3911954052882938,-1.9565455159269491,-0.06508342031070832,-3.9504490341793193,-0.0848903767544732
7.644,-0.3931442160683101,-1.9410632214344208,-0.06903161670338856,-3.9481963926802295,-0.0848903767544732
7.6450000000000005,-0.39507750618784465,-1.9255042970895604,-0.07297677058268194,-3.9451538792933833,-0.04528415029171162
7.646,-0.39699519932391597,-1.9098693571320422,-0.07691888499110186,-3.942114408419924,-0.04528415029171162
7.647,-0.39889721976928477,-1.894159018802507,-0.0808579629681192,-3.9390779770173387,-0.04528415029171162
7.648000000000001,-0.4007834924354385,-1.878373902318229,-0.08479400755016536,-3.9360445820461556,-0.04528415029171162
7.649,-0.40265394285556,-1.8625146308485971,-0.08872702177063531,-3.9330142204699436,-0.04528415029171162
7.65,-0.40450849718747367,-1.846581830490457,-0.09265621564156158,-3.9291938709262704,-0.005633233839830831
7.651,-0.4063470822165458,-1.8305761302435215,-0.09658159298329372,-3.925377341732141,-0.005633233839830831
7.652,-0.40816962535859175,-1.8144981619853944,-0.10050315761236092,-3.9215646290672055,-0.005633233839830831
7.6530000000000005,-0.4099760546627268,-1.7983485604467506,-0.10442091334147585,-3.9177557291149347,-0.005633233839830831
7.654,-0.4117662988142132,-1.7821279631862246,-0.10833486397953847,-3.9139506380626163,-0.005633233839830831
7.655,-0.4135402871372813,-1.7658370105651855,-0.11224422020212435,-3.909356222585879,0.03402324193374351
7.656000000000001,-0.4152979495979076,-1.7494763457225664,-0.11614898660364897,-3.904766401524618,0.03402324193374351
7.657,-0.4170392168065858,-1.7330466145494199,-0.12004916777393339,-3.9001811702844185,0.03402324193374351
7.658,-0.41876402002107194,-1.7165484656633636,-0.12394476829820884,-3.895600524275459,0.03402324193374351
7.659,-0.4204722911490845,-1.6999825503831034,-0.12783579275712134,-3.8910244589125087,0.03402324193374351
7.66,-0.4221639627510065,-1.6833495227025905,-0.13172145326875742,-3.8856605116360923,0.07364614087520527
7.6610000000000005,-0.4238389680425414,-1.6666500392652586,-0.13560175519706438,-3.880301928306952,0.07364614087520527
7.662,-0.4254972408973447,-1.6498847593381576,-0.13947670390062553,-3.8749487035611407,0.07364614087520527
7.663,-0.4271387158496472,-1.6330543447857937,-0.1433463047326656,-3.8696008320400757,0.07364614087520527
7.664000000000001,-0.42876332809682655,-1.6161594600441347,-0.14721056304105615,-3.8642583083905313,0.07364614087520527
7.665,-0.4303710135019712,-1.5992007720943204,-0.15106869316393895,-3.8581301228828,0.11319635996703303
7.666,-0.43196170859641786,-1.582178950436275,-0.15492070122949952,-3.8520080655605766,0.11319635996703303
7.667,-0.43353535058224424,-1.5650946670624104,-0.1587665933597952,-3.8458921302956752,0.11319635996703303
7.668,-0.43509187733476284,-1.5479485964309416,-0.16260637567076125,-3.8397823109660387,0.11319635996703303
7.6690000000000005,-0.43663122740496085,-1.5307414154393983,-0.16644005427221698,-3.833678601455732,0.11319635996703303
7.67,-0.4381533400219316,-1.5134738033978423,-0.1702668464977129,-3.8267922254959172,0.15263486791793757
7.671,-0.43965815509527867,-1.4961464420019908,-0.17408675923362496,-3.8199127359120624,0.15263486791793757
7.672000000000001,-0.44114561321747625,-1.4787600153064415,-0.17789979935944275,-3.8130401258177917,0.15263486791793757
7.673,-0.44261565566622796,-1.461315209697511,-0.18170597374777636,-3.806174388333615,0.15263486791793757
7.674,-0.44406822440677174,-1.443812713866294,-0.18550528926436327,-3.7993155165869226,0.15263486791793757
7.675,-0.4455032620941825,-1.4262532187813368,-0.18929696701055998,-3.791677746196695,0.1919227436820372
7.676,-0.44692071207563117,-1.408637417661419,-0.19308101462413685,-3.7840476135768575,0.1919227436820372
7.6770000000000005,-0.44832051839261794,-1.3909660059482254,-0.19685743973522649,-3.77642511108964,0.1919227436820372
7.678,-0.44970262578318465,-1.373239681278852,-0.20062624996633138,-3.7688102311049096,0.1919227436820372
7.679,-0.45106697968410125,-1.355459143458205,-0.20438745293233154,-3.761202966000164,0.1919227436820372
7.68,-0.45241352623300873,-1.3376250944315122,-0.20814027427106832,-3.7528213387367786,0.23102121486924115
7.681,-0.4537422122705581,-1.319738238256452,-0.21188472236416897,-3.744448093100657,0.23102121486924115
7.682,-0.45505298534249816,-1.3017992810754992,-0.21562080558487914,-3.7360832207101717,0.23102121486924115
7.683,-0.45634579370175093,-1.2838089310879872,-0.21934853229807122,-3.7277267131920766,0.23102121486924115
7.684,-0.45762058631045893,-1.2657678985220886,-0.2230679108602527,-3.7193785621815,0.23102121486924115
7.6850000000000005,-0.45887731284199135,-1.247676895606898,-0.22677817220995186,-3.7102613496991403,0.26989169600890334
7.686,-0.4601159236829352,-1.2295366365442542,-0.23047932546438113,-3.701153254429263,0.26989169600890334
7.687,-0.46133636993505805,-1.2113478374804831,-0.2341713797316358,-3.692054267254656,0.26989169600890334
7.688,-0.46253860341722886,-1.1931112164782687,-0.23785434411070303,-3.682964379067223,0.26989169600890334
7.689,-0.4637225766673298,-1.1748274934881615,-0.241528227691471,-3.6738835807679777,0.26989169600890334
7.69,-0.4648882429441254,-1.1564973903202174,-0.24519226747212564,-3.664039780654629,0.30849582662901925
7.691,-0.4660355562291045,-1.138121630615565,-0.24884647329646703,-3.6542058243413944,0.30849582662901925
7.692,-0.4671644712283056,-1.1197009398176916,-0.2524908549984515,-3.6443817019844724,0.30849582662901925
7.6930000000000005,-0.4682749433740963,-1.101236045143949,-0.2561254224022014,-3.6345674037499074,0.30849582662901925
7.694,-0.46936692882693654,-1.0827276755567834,-0.25975018532201494,-3.624762919813577,0.30849582662901925
7.695,-0.4704403844771127,-1.0641765617348924,-0.26336438756872643,-3.614202246711495,0.34679550911340984
7.696,-0.4714952679464316,-1.0455834360445273,-0.266968039703009,-3.603652134282515,0.34679550911340984
7.697,-0.4725315375899023,-1.0269490325104118,-0.27056115227497496,-3.5931125719659645,0.34679550911340984
7.698,-0.47354915249737256,-1.008274086786911,-0.27414373582418666,-3.5825835492117304,0.34679550911340984
7.699,-0.4745480724951471,-0.989559336128927,-0.2777158008796669,-3.5720650554802504,0.34679550911340984
7.7,-0.47552825814757704,-0.9708055193627283,-0.2812765988111657,-3.5607979314987817,0.38475294629943635
7.7010000000000005,-0.47648967075861015,-0.9520133768569105,-0.284826140885807,-3.5495420746412942,0.38475294629943635
7.702,-0.4774322723733216,-0.9331836504931035,-0.28836443835944764,-3.538297473640664,0.38475294629943635
7.703,-0.4783560257794148,-0.9143170836366414,-0.29189150247668866,-3.527064117241035,0.38475294629943635
7.704,-0.4792608945086869,-0.8954144211072791,-0.29540734447088646,-3.515841994197805,0.38475294629943635
7.705,-0.480146842838471,-0.8764764091497451,-0.2989112240095145,-3.503879538628022,0.4223306787792489
7.706,-0.48101383579304285,-0.857503795404346,-0.3024031530550283,-3.491929045513809,0.4223306787792489
7.707,-0.48186183914500424,-0.8384973288774072,-0.305883143557921,-3.47999050289271,0.4223306787792489
7.708,-0.4826908194166368,-0.8194577599116404,-0.3093512074567352,-3.4680638988142323,0.4223306787792489
7.7090000000000005,-0.4835007438812177,-0.8003858401566487,-0.3128073566780751,-3.456149221339833,0.4223306787792489
7.71,-0.48429158056431526,-0.7812823225391892,-0.3162508599177562,-3.443503239681139,0.45949162186771275
7.711,-0.485063298245053,-0.7621479612333839,-0.3196817298217603,-3.430869904004104,0.45949162186771275
7.712,-0.4858158664573366,-0.742983511631097,-0.323099979023423,-3.4182492016627455,0.45949162186771275
7.713,-0.4865492554910633,-0.7237897303119409,-0.32650562014344675,-3.4056411200237284,0.45949162186771275
7.714,-0.48726343639328895,-0.7045673750135585,-0.3298986657899131,-3.3930456464663505,0.45949162186771275
7.715,-0.4879583809693736,-0.6853172046016449,-0.333278394408689,-3.379728618775874,0.4961991022004907
7.716,-0.488634061784097,-0.6660399790399228,-0.33664481931680207,-3.3664249081130886,0.4961991022004907
7.7170000000000005,-0.4892904521627359,-0.6467364593602932,-0.33999795381796305,-3.353134501160966,0.4961991022004907
7.718,-0.4899275261921229,-0.6274074076326384,-0.34333781120257884,-3.339857384615795,0.4961991022004907
7.719,-0.4905452587216668,-0.6080535869348018,-0.346664404747766,-3.3265935451871695,0.4961991022004907
7.72,-0.49114362536434375,-0.5886757613225294,-0.34997702336152947,-3.3126186137634575,0.5324168939262366
7.721,-0.4917226024976646,-0.5692746957991526,-0.35327568101880064,-3.2986576572711694,0.5324168939262366
7.722,-0.4922821672646027,-0.5498511562855398,-0.356560391680536,-3.2847106617353736,0.5324168939262366
7.723,-0.4928222975744987,-0.5304059095897949,-0.3598311692937311,-3.2707776131951136,0.5324168939262366
7.724,-0.49334297210393396,-0.5109397233769178,-0.3630880277914345,-3.256858497703394,0.5324168939262366
7.7250000000000005,-0.49384417029756905,-0.49145336613863067,-0.36633026724555107,-3.242239454116547,0.5681092544571598
7.726,-0.4943258723689569,-0.4719476071629734,-0.36955790227512436,-3.227635029573287,0.5681092544571598
7.727,-0.49478805930132563,-0.4524232165038671,-0.37277094748457895,-3.2130452094545707,0.5681092544571598
7.728,-0.4952307128483255,-0.4328809649508678,-0.3759694174637349,-3.198469979155973,0.5681092544571598
7.729,-0.49565381553475335,-0.41332162399856115,-0.3791533267878226,-3.183909324087674,0.5681092544571598
7.73,-0.49605735065723916,-0.3937459658162589,-0.38232198738339135,-3.1686605955687344,0.6032409597425913
7.731,-0.49644130228490685,-0.3741547632174496,-0.38547541449916967,-3.153427115778314,0.6032409597425913
7.732,-0.496805655260004,-0.35454878962924397,-0.38861362336863736,-3.1382088694676837,0.6032409597425913
7.7330000000000005,-0.4971503951984994,-0.33492881906188643,-0.3917366292100407,-3.1230058414033643,0.6032409597425913
7.734,-0.49747550849064986,-0.3152956260782645,-0.3948444472264078,-3.107818016367109,0.6032409597425913
7.735,-0.49778098230153994,-0.2956499857631753,-0.39793640187797796,-3.0919546515701235,0.6377773390309159
7.736,-0.498066804571586,-0.27599267369290437,-0.4010125090281159,-3.076107150137935,0.6377773390309159
7.737,-0.4983329640170149,-0.25632446590442887,-0.4040727845243231,-3.0602754962071788,0.6377773390309159
7.738,-0.498579450130307,-0.23664613886493727,-0.40711724419825346,-3.044459673930353,0.6377773390309159
7.739,-0.4988062531806125,-0.21695846944110864,-0.41014590386572924,-3.0286596674758046,0.6377773390309159
7.74,-0.4990133642141358,-0.1972622348683766,-0.41315810118735585,-3.0121973216266205,0.6716843090854153
7.7410000000000005,-0.4992007750544876,-0.177558212720379,-0.41615385262547916,-2.9957514381232855,0.6716843090854153
7.742,-0.49936847830300873,-0.15784718087819385,-0.4191331746259826,-2.979322000503454,0.6716843090854153
7.743,-0.4995164673390624,-0.138129917499563,-0.42209608361830386,-2.962908992321242,0.6716843090854153
7.744,-0.4996447363202946,-0.11840720098832785,-0.4250425960154511,-2.9465123971472127,0.6716843090854153
7.745,-0.4997532801828658,-0.09867980996352099,-0.42797206333204474,-2.92946731659366,0.7049284078202781
7.746,-0.49984209464164997,-0.07894852322880598,-0.4308845026131654,-2.912439281120661,0.7049284078202781
7.747,-0.4999111761904044,-0.059214119741575436,-0.4337799308868485,-2.8954282736831347,0.7049284078202781
7.748,-0.49996052210190806,-0.039477378582265986,-0.43665836516410156,-2.878434277253046,0.7049284078202781
7.7490000000000006,-0.49999013042806856,-0.019739078923646194,-0.43951982243892096,-2.8614572748193874,0.7049284078202781
7.75,-0.5,-1.154396874735136e-14,-0.44236366871991906,-2.843846280998095,0.7374768273236546
7.751,-0.49999013042806856,0.01973907892364543,-0.4451899216180897,-2.826252898170624,0.7374768273236546
7.752,-0.4999605221019081,0.03947737858224289,-0.44799859872681563,-2.80867710872598,0.7374768273236546
7.753,-0.49991117619040454,0.05921411974155235,-0.4507897176218864,-2.791118895070781,0.7374768273236546
7.7540000000000004,-0.49984209464164997,0.07894852322880523,-0.45356329586151567,-2.773578239629237,0.7374768273236546
7.755,-0.4997532801828658,0.09867980996352023,-0.4563187145739806,-2.7554187124649054,0.769297446235127
7.756,-0.4996447363202946,0.11840720098832709,-0.45905599191880836,-2.737277344827738,0.769297446235127
7.757000000000001,-0.4995164673390623,0.13812991749958453,-0.4617751460373666,-2.7191541185582078,0.769297446235127
7.758,-0.49936847830300873,0.15784718087819308,-0.4644761950528815,-2.701049015514947,0.769297446235127
7.759,-0.4992007750544874,0.1775582127204005,-0.46715915707045624,-2.6829620175747295,0.769297446235127
7.76,-0.4990133642141358,0.19726223486837585,-0.4698234289487845,-2.6642718783282433,0.8003588614455724
7.761,-0.4988062531806128,0.2169584694410856,-0.4724690293780055,-2.6456004292210036,0.8003588614455724
7.7620000000000005,-0.498579450130307,0.2366461388649365,-0.47509597702956835,-2.626947651562871,0.8003588614455724
7.763,-0.49833296401701516,0.2563244659044059,-0.47770429055625074,-2.6083135266823967,0.8003588614455724
7.764,-0.4980668045715863,0.27599267369288133,-0.48029398859217753,-2.5896980359268027,0.8003588614455724
7.765000000000001,-0.49778098230153994,0.2956499857631746,-0.48286448432168666,-2.5704957295091106,0.8306304190882684
7.766,-0.4974755084906502,0.3152956260782415,-0.4854157969470845,-2.551312625397836,0.8306304190882684
7.767,-0.4971503951984994,0.33492881906188565,-0.48794794565147515,-2.5321487043906727,0.8306304190882684
7.768,-0.4968056552600044,0.35454878962922104,-0.49046094959877967,-2.5130039473045165,0.8306304190882684
7.769,-0.49644130228490685,0.37415476321744884,-0.4929548279337551,-2.4938783349754465,0.8306304190882684
7.7700000000000005,-0.49605735065723877,0.3937459658162804,-0.4954290107454998,-2.4741828117446603,0.8600822447905507
7.771,-0.49565381553475335,0.4133216239985604,-0.4978835177295369,-2.4545069840371045,0.8600822447905507
7.772,-0.4952307128483255,0.43288096495086703,-0.5003183685616941,-2.4348508321572564,0.8600822447905507
7.773000000000001,-0.49478805930132513,0.45242321650388845,-0.5027335828981234,-2.415214336429288,0.8600822447905507
7.774,-0.4943258723689569,0.47194760716297274,-0.5051291803753205,-2.395597477197048,0.8600822447905507
7.775,-0.4938441702975691,0.49145336613863,-0.5075046085495772,-2.3754281742567267,0.8886852731562062
7.776,-0.493342972103934,0.5109397233769171,-0.5098598875901966,-2.355279040619346,0.8886852731562062
7.777,-0.4928222975744993,0.5304059095897722,-0.5121950376463122,-2.3351500561156024,0.8886852731562062
7.7780000000000005,-0.4922821672646027,0.549851156285539,-0.5145100788469086,-2.3150412005963625,0.8886852731562062
7.779,-0.49172260249766525,0.5692746957991298,-0.5168050313008412,-2.294952453932642,0.8886852731562062
7.78,-0.49114362536434447,0.5886757613225068,-0.5190793605767909,-2.2743292759497185,0.916411276449538
7.781000000000001,-0.4905452587216669,0.6080535869348009,-0.5213330872979357,-2.253726721144778,0.916411276449538
7.782,-0.48992752619212365,0.6274074076326157,-0.5235662320668304,-2.2331447688946424,0.916411276449538
7.783,-0.4892904521627359,0.6467364593602926,-0.5257788154654272,-2.212583398596757,0.916411276449538
7.784,-0.488634061784097,0.6660399790399221,-0.5279708580550964,-2.1920425896691693,0.916411276449538
7.785,-0.48795838096937366,0.6853172046016441,-0.5301418439443268,-2.1709858892304466,0.9432328924526894
7.7860000000000005,-0.4872634363932882,0.7045673750135796,-0.532291794189819,-2.149950245492162,0.9432328924526894
7.787,-0.4865492554910633,0.7237897303119402,-0.5344207298272166,-2.1289356373976163,0.9432328924526894
7.788,-0.48581586645733665,0.7429835116310963,-0.5365286718711277,-2.107942043911165,0.9432328924526894
7.789000000000001,-0.48506329824505307,0.7621479612333831,-0.5386156413151459,-2.0869694440182,0.9432328924526894
7.79,-0.4842915805643162,0.7812823225391669,-0.5406811413166908,-2.0655000015448044,0.9691236514688695
7.791,-0.4835007438812178,0.8003858401566479,-0.5427251933452046,-2.044052028513882,0.9691236514688695
7.792,-0.4826908194166377,0.8194577599116181,-0.5447478188486606,-2.022625503455991,0.9691236514688695
7.793,-0.48186183914500524,0.8384973288773852,-0.5467490392535838,-2.0012204049231572,0.9691236514688695
7.7940000000000005,-0.4810138357930429,0.8575037954043452,-0.5487288759650726,-1.9798367114888566,0.9691236514688695
7.795,-0.48014684283847203,0.876476409149723,-0.550686851679801,-1.9579757147284722,0.9940580024447749
7.796,-0.479260894508688,0.8954144211072569,-0.5526229882587659,-1.9361365789648481,0.9940580024447749
7.797000000000001,-0.47835602577941483,0.9143170836366408,-0.5545373075411029,-1.914319282336988,0.9940580024447749
7.798,-0.47743227237332164,0.9331836504931027,-0.5564298313441086,-1.8925238030057554,0.9940580024447749
7.799,-0.4764896707586091,0.9520133768569309,-0.5583005814632624,-1.8707501191538543,0.9940580024447749
7.8,-0.4755282581475771,0.9708055193627276,-0.5601491006055335,-1.8485191422709735,1.0180113381863451
7.801,-0.4745480724951471,0.9895593361289263,-0.5619754110018984,-1.8263103963649756,1.0180113381863451
7.8020000000000005,-0.47354915249737145,1.0082740867869315,-0.5637795348611033,-1.8041238592048838,1.0180113381863451
7.803,-0.47253153758990235,1.0269490325104111,-0.5655614943696853,-1.781959508581952,1.0180113381863451
7.804,-0.4714952679464328,1.0455834360445055,-0.567321311691995,-1.7598173223096432,1.0180113381863451
7.805000000000001,-0.4704403844771128,1.0641765617348917,-0.5690585499965894,-1.737238304594471,1.040960019643125
7.806,-0.46936692882693776,1.0827276755567616,-0.5707732318624864,-1.714681865897014,1.040960019643125
7.807,-0.46827494337409636,1.1012360451439482,-0.5724653798461247,-1.6921479836382545,1.040960019643125
7.808,-0.4671644712283069,1.1197009398176698,-0.5741350164813864,-1.6696366352617538,1.040960019643125
7.809,-0.4660355562291058,1.1381216306155437,-0.57578216427962,-1.6471477982336296,1.040960019643125
7.8100000000000005,-0.46488824294412545,1.1564973903202167,-0.5774064073020707,-1.624243022450653,1.0628813992371429
7.811,-0.46372257666733113,1.17482749348814,-0.5790077684535142,-1.6013611514434596,1.0628813992371429
7.812,-0.4625386034172289,1.193111216478268,-0.5805862706158215,-1.5785021623072732,1.0628813992371429
7.813,-0.4613363699350581,1.2113478374804825,-0.5821419366479816,-1.5556660321602231,1.0628813992371429
7.814,-0.46011592368293525,1.2295366365442535,-0.5836747893861249,-1.5328527381433201,1.0628813992371429
7.815,-0.45887731284199,1.2476768956069177,-0.5851844341946658,-1.50964480854091,1.0837538432133411
7.816,-0.457620586310459,1.265767898522088,-0.586670894281534,-1.4864600868681022,1.0837538432133411
7.817,-0.456345793701751,1.2838089310879865,-0.588134192831451,-1.4632985499169673,1.0837538432133411
7.8180000000000005,-0.4550529853424982,1.3017992810754986,-0.5895743530059537,-1.4401601745027834,1.0837538432133411
7.819,-0.45374221227055817,1.3197382382564513,-0.5909913979434177,-1.417044937464014,1.0837538432133411
7.82,-0.45241352623301034,1.3376250944314914,-0.5923849547008845,-1.3935567574667607,1.1035567529894663
7.821,-0.4510669796841028,1.3554591434581842,-0.593755046766534,-1.3700920656495046,1.1035567529894663
7.822,-0.44970262578318626,1.3732396812788314,-0.595101697605058,-1.3466508385240659,1.1035567529894663
7.823,-0.448320518392618,1.3909660059482247,-0.5964249306576838,-1.3232330526257525,1.1035567529894663
7.824,-0.44692071207563283,1.4086374176613983,-0.5977247693421971,-1.2998386845133374,1.1035567529894663
7.825,-0.44550326209418417,1.4262532187813162,-0.5990008627763163,-1.2760934341191357,1.122270585484422
7.8260000000000005,-0.4440682244067718,1.4438127138662933,-0.6002532347052916,-1.2523719289753281,1.122270585484422
7.827,-0.442615655666228,1.4613152096975104,-0.6014819088506282,-1.2286741453366643,1.122270585484422
7.828,-0.4411456132174763,1.4787600153064409,-0.6026869089101099,-1.2050000594816392,1.122270585484422
7.829,-0.4396581550952787,1.49614644200199,-0.6038682585578223,-1.1813496477124692,1.122270585484422
7.83,-0.4381533400219317,1.5134738033978417,-0.605025629318439,-1.1573707606166592,1.1398768724048747
7.831,-0.4366312274049592,1.5307414154394172,-0.6061590451708468,-1.1334158524079452,1.1398768724048747
7.832,-0.4350918773347629,1.5479485964309412,-0.6072685300699543,-1.1094848991074397,1.1398768724048747
7.833,-0.43353535058224607,1.5650946670623902,-0.6083541079467145,-1.0855778767602349,1.1398768724048747
7.8340000000000005,-0.4319617085964179,1.5821789504362747,-0.6094158027081499,-1.061694761435377,1.1398768724048747
7.835,-0.4303710135019731,1.599200772094301,-0.6104533086100544,-1.0375059019045165,1.156358238471257
7.836,-0.4287633280968266,1.6161594600441342,-0.6114666498412876,-1.0133412312331869,1.156358238471257
7.837,-0.4271387158496491,1.633054344785774,-0.6124558505665202,-0.9892007252325286,1.156358238471257
7.838,-0.4254972408973466,1.6498847593381376,-0.613420934926258,-0.9650843597378709,1.156358238471257
7.839,-0.42383896804254145,1.6666500392652581,-0.6143619270368668,-0.9409921106087079,1.156358238471257
7.84,-0.4221639627510084,1.683349522702571,-0.6152785441869936,-0.9166171501267972,1.1716984185651003
7.841,-0.4204722911490846,1.6999825503831028,-0.616170810751599,-0.8922665646053685,1.1716984185651003
7.8420000000000005,-0.41876402002107005,1.7165484656633818,-0.6170387510812684,-0.8679403296694611,1.1716984185651003
7.843,-0.41703921680658584,1.7330466145494192,-0.6178823895022368,-0.8436384209684896,1.1716984185651003
7.844,-0.4152979495979057,1.7494763457225844,-0.6187017503164131,-0.8193608141762191,1.1716984185651003
7.845,-0.4135402871372814,1.7658370105651848,-0.6194965741242995,-0.7948238078864291,1.1858822737806844
7.846,-0.41176629881421334,1.782127963186224,-0.6202668854629024,-0.770311338602929,1.1858822737806844
7.847,-0.4099760546627269,1.79834856044675,-0.6210127088446912,-0.7458233817887123,1.1858822737806844
7.848,-0.4081696253585918,1.8144981619853937,-0.6217340687576225,-0.72135991293131,1.1858822737806844
7.849,-0.4063470822165479,1.8305761302435026,-0.6224309896651653,-0.6969209075427649,1.1858822737806844
7.8500000000000005,-0.4045084971874737,1.8465818304904564,-0.6231032357356732,-0.6722460705079152,1.1988958063653494
7.851,-0.40265394285556216,1.8625146308485787,-0.6237508316439833,-0.6475959083101003,1.1988958063653494
7.852,-0.40078349243543854,1.8783739023182289,-0.6243738020402577,-0.6229703962744831,1.1988958063653494
7.853,-0.39889721976928694,1.8941590188024886,-0.6249721715500086,-0.5983695097509016,1.1988958063653494
7.854,-0.3969951993239182,1.909869357132024,-0.6255459647741225,-0.5737932241138437,1.1988958063653494
7.855,-0.3950775061878447,1.9255042970895595,-0.6260949696815415,-0.5490049074190584,1.2107261735335766
7.856,-0.39314421606831024,1.9410632214344203,-0.6266192110605825,-0.5242413790409678,1.2107261735335766
7.857,-0.39119540528829383,1.9565455159269485,-0.6271187136747738,-0.4995026141912553,1.2107261735335766
7.8580000000000005,-0.3892311507835105,1.9719505693526507,-0.6275935022628801,-0.4747885881063925,1.2107261735335766
7.859,-0.38725153009936697,1.9872777735463776,-0.6280436015389278,-0.45009927604761457,1.2107261735335766
7.86,-0.3852566213878936,2.0025265234163867,-0.6284688234816965,-0.4252219427687416,1.2213617001412687
7.861,-0.3832465034046752,2.0176962169681083,-0.6288691929685196,-0.4003694868231475,1.2213617001412687
7.862,-0.3812212555057255,2.0327862553280345,-0.6292447348518532,-0.37554188333349897,1.2213617001412687
7.863,-0.37918095764436144,2.047796042767304,-0.6295954739593005,-0.3507391074473401,1.2213617001412687
7.864,-0.37712569036805377,2.062724986725177,-0.6299214350936375,-0.3259611343370674,1.2213617001412687
7.865,-0.3750555348152306,2.077572497832542,-0.6302224544290361,-0.3010193353985764,1.2307918902076969
7.8660000000000005,-0.37297057271209083,2.0923379899350656,-0.6304985569072952,-0.2761024782590239,1.2307918902076969
7.867,-0.3708708863693707,2.107020880116387,-0.6307497674452718,-0.2512105379766109,1.2307918902076969
7.868,-0.36875655867908697,2.1216205887211754,-0.6309761109349062,-0.22634348963448037,1.2307918902076969
7.869,-0.36662767311128136,2.136136539377901,-0.631177612243247,-0.20150130834069196,1.2307918902076969
7.87,-0.36448431371070605,2.1505681590217205,-0.6313541319015339,-0.17651965828687516,1.2390074372738056
7.871,-0.3623265650935225,2.1649148779169836,-0.631505694891417,-0.15156298988311218,1.2390074372738056
7.872,-0.360154512443954,2.1791761296797785,-0.6316323261695647,-0.12663127814775296,1.2390074372738056
7.873,-0.35796824151091505,2.193351351300337,-0.6317340506676888,-0.1017244981241291,1.2390074372738056
7.8740000000000006,-0.355767838604641,2.207439983165165,-0.6318108932925693,-0.07684262488052887,1.2390074372738056
7.875,-0.3535533905932735,2.2214414690791844,-0.6318627390701532,-0.05184577758391823,1.2460002335865057
7.876,-0.35132498489942576,2.2353552562877224,-0.6318896129972879,-0.026873927134604198,1.2460002335865057
7.877,-0.34908270949673637,2.2491807954982983,-0.6318915400458236,-0.0019270485357394847,1.2460002335865057
7.878,-0.3468266529064039,2.2629175409022673,-0.631868545162639,0.02299488318452637,1.2460002335865057
7.8790000000000004,-0.3445569041936745,2.276564950196472,-0.631820653269666,0.047891892973071955,1.2460002335865057
7.88,-0.3422735529643461,2.290122484604531,-0.6317477740010239,0.07287926864210043,1.2517633781000774
7.881,-0.33997668936121017,2.3035896088982315,-0.6316499323440884,0.09784165693545988,1.2517633781000774
7.882000000000001,-0.3376664040605116,2.316965791418549,-0.6315271532612479,0.12277908284052597,1.2517633781000774
7.883,-0.3353427882683609,2.330250504096688,-0.6313794616899282,0.147691571319687,1.2517633781000774
7.884,-0.3330059337171255,2.343443222474968,-0.6312068825426178,0.17257914731036886,1.2517633781000774
7.885,-0.33065593266182713,2.3565434257274265,-0.631009350150789,0.19753239182879245,1.2562911832866985
7.886,-0.3282928778764782,2.3695505966805017,-0.6307868894676862,0.22246068310269762,1.2562911832866985
7.8870000000000005,-0.3259168626504382,2.38246422183334,-0.630539525421601,0.2473640460853289,1.2562911832866985
7.888,-0.32352798078472245,2.3952837913781178,-0.630267282915896,0.27224250570497754,1.2562911832866985
7.889,-0.32112632658829127,2.4080087992202097,-0.6299701868290309,0.29709608686500655,1.2562911832866985
7.890000000000001,-0.3187119948743455,2.420638742998065,-0.6296481962546379,0.3219905743931273,1.2595791807492884
7.891,-0.3162850809565616,2.4331731241031584,-0.6293013360872042,0.34686016743371995,1.2595791807492884
7.892,-0.3138456806453512,2.4456114476995583,-0.628929631196323,0.371704890881272,1.2595791807492884
7.893,-0.3113938902440587,2.4579532227435603,-0.6285331064267176,0.3965247696053765,1.2595791807492884
7.894,-0.3089298065451684,2.470197962003032,-0.6281117865982668,0.42131982845075694,1.2595791807492884
7.8950000000000005,-0.30645352682648824,2.482345182076621,-0.627665655607132,0.4461309911349325,1.2616241256313163
7.896,-0.30396514884730425,2.4943944034128633,-0.6271947382644755,0.4709173426564239,1.2616241256313163
7.897,-0.3014647708445127,2.5063451503291594,-0.626699059356649,0.4956789078263938,1.2616241256313163
7.898000000000001,-0.29895249152875847,2.518196951030471,-0.6261786436452178,0.5204157114311937,1.2616241256313163
7.899,-0.2964284100805302,2.5299493376279862,-0.6256335158669855,0.5451277782323888,1.2616241256313163
7.9,-0.2938926261462359,2.541601846157633,-0.625063684736535,0.5698311304505378,1.2624239998190725
7.901,-0.29134523983428895,2.553154016598299,-0.6244691749572184,0.5945097793164688,1.2624239998190725
7.902,-0.2887863517111334,2.564605392890103,-0.6238500112076849,0.6191637495335337,1.2624239998190725
7.9030000000000005,-0.2862160627972938,2.5759555229523032,-0.6232062181419046,0.6437930657803816,1.2624239998190725
7.904,-0.2836344745633782,2.5872039587011866,-0.6225378203891936,0.6683977527109827,1.2624239998190725
7.905,-0.2810416889260669,2.598350256067784,-0.6218448514739566,0.6929689152369376,1.2619780139332937
7.906000000000001,-0.2784378082440943,2.609393975015372,-0.6211273359673563,0.7175155066003666,1.2619780139332937
7.907,-0.2758229353142171,2.6203346795568123,-0.6203852984159838,0.7420375513724321,1.2619780139332937
7.908,-0.27319717336713517,2.631171937771848,-0.619618763341884,0.7665350740997255,1.2619780139332937
7.909,-0.2705606260634402,2.641905321824056,-0.6188277552425797,0.7910080993042917,1.2619780139332937
7.91,-0.26791339748949927,2.652534407977837,-0.6180123324192126,0.8154228233671519,1.2602866081082245
7.9110000000000005,-0.26525559215336664,2.663058776615057,-0.6171725192865066,0.8398131327059493,1.2602866081082245
7.912,-0.26258731498064913,2.673478012251652,-0.6163083402347712,0.8641790517354078,1.2602866081082245
7.913,-0.2599086713103547,2.683791703554062,-0.6154198196299254,0.8885206048458368,1.2602866081082245
7.914000000000001,-0.2572197668907518,2.6939994433554033,-0.6145069818135223,0.9128378164031555,1.2602866081082245
7.915,-0.25452070787518594,2.7041008286715758,-0.6135699098059043,0.9370720076178963,1.2573514515571986
7.916,-0.25181160081787934,2.7140954607172056,-0.6126086278412629,0.9612819646414225,1.2573514515571986
7.917,-0.24909255266974606,2.723982944921311,-0.611623160129555,0.985467711707925,1.2573514515571986
7.918,-0.24636367077414506,2.733762890942967,-0.6106135308565276,1.009629273027361,1.2573514515571986
7.9190000000000005,-0.24362506286266714,2.7434349126866304,-0.6095797641837422,1.0337666727854777,1.2573514515571986
7.92,-0.24087683705085725,2.7529986283174646,-0.608521967768811,1.0577964149311996,1.2531754409253657
7.921,-0.2381191018339709,2.7624536602763308,-0.6074401656414762,1.0818021273347758,1.2531754409253657
7.922000000000001,-0.23535196608266623,2.7717996352947782,-0.6063343818074503,1.1057838340259483,1.2531754409253657
7.923,-0.23257553903873088,2.781036184409695,-0.6052046402484398,1.1297415590104296,1.2531754409253657
7.924,-0.2297899303107442,2.790162942977958,-0.6040509649221698,1.1536753262699264,1.2531754409253657
7.925,-0.22699524986977546,2.7991795506907464,-0.6028734880172776,1.177476904892277,1.2477626974310345
7.926,-0.22419160804501678,2.8080856515878465,-0.6016722333353416,1.2012546819360055,1.2477626974310345
7.9270000000000005,-0.22137911551945,2.8168808940716348,-0.6004472246541389,1.2250086812026901,1.2477626974310345
7.928,-0.21855788332546744,2.825564930920988,-0.5991984857276688,1.248738926470108,1.2477626974310345
7.929,-0.21572802284047907,2.83413741930502,-0.5979260402861765,1.2724454414922586,1.2477626974310345
7.930000000000001,-0.21288964578253447,2.8425980207965584,-0.5966300449188697,1.2959953673067377,1.241118562798574
7.931,-0.21004286420590307,2.850946401385534,-0.5953105231756743,1.3195217431954025,1.241118562798574
7.932,-0.20718779049664057,2.8591822314921944,-0.5939674985829662,1.3430245927081785,1.241118562798574
7.933,-0.2043245373681748,2.86730518598005,-0.5926009946435947,1.3665039393714418,1.241118562798574
7.934,-0.20145321785683018,2.8753149441687857,-0.5912110348369067,1.3899598066880419,1.241118562798574
7.9350000000000005,-0.19857394531739095,2.8832111898468438,-0.5897977999981456,1.4132348387610874,1.233249593986672
7.936,-0.19568683341860368,2.8909936112839754,-0.5883613134023435,1.4364865958020596,1.233249593986672
7.937,-0.1927919961386993,2.8986619012435164,-0.5869015983012575,1.459715101085991,1.233249593986672
7.938,-0.1898895477609034,2.9062157569944915,-0.5854186779233929,1.4829203778646385,1.233249593986672
7.939,-0.18697960286890158,2.913654880323628,-0.5839125754740263,1.5061024493665074,1.233249593986672
7.94,-0.1840622763423389,2.920978977547065,-0.5823834958559748,1.5290796180514916,1.2241635567175422
7.941,-0.1811376833522746,2.928187759521977,-0.580831462046407,1.552033809567791,1.2241635567175422
7.942,-0.17820593935662563,2.935280941658012,-0.5792564969995144,1.574965046892574,1.2241635567175422
7.9430000000000005,-0.17526716009562832,2.942258243928477,-0.5776586236465344,1.5978733529800322,1.2241635567175422
7.944,-0.17232146158725917,2.949119390881416,-0.576037864895773,1.620758750761403,1.2241635567175422
7.945,-0.16936896012264485,2.9558641116505124,-0.5743944495154061,1.6434153803669014,1.2138694178129892
7.946,-0.16640977226149434,2.9624921399657227,-0.5727284001620633,1.6660493533427942,1.2138694178129892
7.947,-0.16344401482747076,2.969003214163854,-0.5710397394697175,1.6886606923457113,1.2138694178129892
7.948,-0.16047180490360613,2.975397077198831,-0.5693284900497079,1.7112494200096253,1.2138694178129892
7.949,-0.1574932598276523,2.981673476651903,-0.567594674490762,1.7338155589458755,1.2138694178129892
7.95,-0.15450849718747547,2.987832164741552,-0.5658385452006481,1.756129290113835,1.2023773363452759
7.9510000000000005,-0.15151763481638725,2.9938728983333327,-0.5640601244930975,1.7784207075506266,1.2023773363452759
7.952,-0.1485207907885196,2.9997954389494117,-0.5622594346595275,1.8006898335699815,1.2023773363452759
7.953,-0.14551808341413655,3.00559955277804,-0.5604364979690643,1.822936690463317,1.2023773363452759
7.954,-0.1425096312349906,3.011285010682729,-0.5585913366685645,1.8451613004997593,1.2023773363452759
7.955,-0.13949555301961564,3.0168515882113485,-0.5567242265562931,1.867110112271487,1.1896986536113745
7.956,-0.1364759677586621,3.022299065604942,-0.5548351895810616,1.889036975231443,1.1896986536113745
7.957,-0.13345099466018917,3.027627227806425,-0.5529242476697331,1.9109419113284392,1.1896986536113745
7.958,-0.13042075314494833,3.0328358644690887,-0.5509914227272438,1.9328249424893382,1.1896986536113745
7.9590000000000005,-0.12738536284168944,3.0379247699648686,-0.5490367366366247,1.9546860906190764,1.1896986536113745
7.96,-0.12434494358242765,3.042893743392486,-0.5470604883144574,1.9762483221672658,1.175845881940417
7.961,-0.12129961539770244,3.047742588585388,-0.5450626993229735,1.9977889914839069,1.175845881940417
7.962,-0.11824949851186298,3.0524711141194585,-0.5430433912028423,2.0193081201312313,1.175845881940417
7.963,-0.1151947133382944,3.0570791333206166,-0.5410025854731924,2.0408057296499083,1.175845881940417
7.964,-0.11213538047469161,3.0615664642721443,-0.5389403036316333,2.0622818415590665,1.175845881940417
7.965,-0.10907162069827422,3.0659329298219036,-0.5368568674180688,2.083436213564419,1.1608326923455692
7.966,-0.10600355496102873,3.0701783575893167,-0.5347522979868711,2.1045694311977656,1.1608326923455692
7.9670000000000005,-0.10293130438494053,3.0743025799721595,-0.5326266164712576,2.125681515613479,1.1608326923455692
7.968,-0.0998549902572053,3.0783054341531892,-0.5304798439833128,2.146772487944777,1.1608326923455692
7.969,-0.09677473402543037,3.082186762106587,-0.528312001614009,2.1678423693037434,1.1608326923455692
7.97,-0.0936906572928645,3.0859464106041608,-0.526123433609054,2.188568004955088,1.1446739010324143
7.971,-0.0906028818135693,3.089584231221435,-0.5239141606940833,2.2092729149707813,1.1446739010324143
7.972,-0.0875115294876371,3.093100080343476,-0.5216842035740068,2.2299571200764587,1.1446739010324143
7.973,-0.08441672235636795,3.096493819170577,-0.5194335829330298,2.2506206409770306,1.1446739010324143
7.974,-0.08131858259744126,3.0997653137237475,-0.5171623194346731,2.271263498356702,1.1446739010324143
7.9750000000000005,-0.07821723252011333,3.10291443484998,-0.5148707794907191,2.2915399439538873,1.127385454777103
7.976,-0.07511279456037837,3.105941058227362,-0.5125589833776136,2.3117961131054754,1.127385454777103
7.977,-0.07200539127612436,3.1088450643699916,-0.5102269513515257,2.332032026087912,1.127385454777103
7.978,-0.06889514534231926,3.111626338632672,-0.5078747036483684,2.3522477031573663,1.127385454777103
7.979,-0.06578217954614343,3.1142847712154613,-0.5055022604838186,2.372443164549751,1.127385454777103
7.98,-0.06266661678215274,3.116820257167995,-0.5031100100741297,2.392250409688977,1.108984415188805
7.981,-0.05954858004743745,3.1192326963936243,-0.5006979722265467,2.4120378475830644,1.108984415188805
7.982,-0.05642819243674185,3.1215219936533845,-0.49826616672850743,2.4318054980392576,1.108984415188805
7.9830000000000005,-0.053305577137629394,3.123688058569737,-0.4958146133476624,2.4515533808449943,1.108984415188805
7.984,-0.05018085742560884,3.125730805630145,-0.4933433318318945,2.4712815157679255,1.108984415188805
7.985,-0.04705415665925698,3.1276501541904578,-0.4908527318188049,2.4906000130895984,1.0894889418720346
7.986,-0.04392559827537337,3.129446028478076,-0.48834283262689093,2.5098991919139495,1.0894889418720346
7.987,-0.04079530578407899,3.1311183575949615,-0.48581365355533146,2.529179071559476,1.0894889418720346
7.988,-0.037663402763965,3.132667075520423,-0.4832652138840061,2.548439671325357,1.0894889418720346
7.989,-0.0345300128572035,3.1340921211137256,-0.48069753287351463,2.5676810104914725,1.0894889418720346
7.99,-0.031395259764655715,3.135393438116514,-0.4781110411785435,2.5864916949710857,1.0689182745052301
7.9910000000000005,-0.02825926724101326,3.1365709751550175,-0.4755057576097773,2.605283568766219,1.0689182745052301
7.992,-0.025122159089884195,3.1376246857420926,-0.47288170095908977,2.6240566506875576,1.0689182745052301
7.993,-0.02198405915893384,3.1385545282790477,-0.4702388899995628,2.6428109595269746,1.0689182745052301
7.994,-0.018845091334970625,3.139360466057293,-0.4675773434855053,2.6615465140575525,1.0689182745052301
7.995,-0.015705379539065926,3.1400424672597853,-0.46489751266368473,2.6798308218205658,1.0472927138535486
7.996,-0.012565047721668937,3.140600504962283,-0.4621994158184089,2.698096845275816,1.0472927138535486
7.997,-0.009424219857706258,3.141034557134415,-0.4594830712157013,2.7163446027076112,1.0472927138535486
7.998,-0.006283019941676893,3.1413446066405433,-0.45674849710331933,2.7345741123819747,1.0472927138535486
7.9990000000000006,-0.0031415719827784833,3.141530641240445,-0.4539957117107727,2.752785392546664,1.0472927138535486
8.0,-9.797174393178826e-16,3.141592653589793,-0.4512251864315839,2.770525279188807,1.0246336017344821
