time_s,target_position_rad,target_velocity_rad_s,position_rad,velocity_rad_s,torque_nm
0.0,0.0,1.5707963267948966,9.424777960769379e-06,0.00942477796076938,0.47123889803846897
0.001,0.0015707937429397818,1.570788575232102,2.826490910434737e-05,0.01884013114357799,0.47123889803846897
0.002,0.0031415719827794755,1.5707653206202226,5.651097807755116e-05,0.02824606897320379,0.47123889803846897
0.003,0.004712319216572003,1.5707265631887726,9.415357894255113e-05,0.037642600864999966,0.47123889803846897
0.004,0.006283019941676304,1.5706723033202716,0.00014118331516745547,0.04702973622490435,0.47123889803846897
0.005,0.007853658655910338,1.5706025415502431,0.00019761595750171667,0.05643264233426119,0.47249679227908736
0.006,0.009424219857704088,1.5705172785672075,0.00026344210303922533,0.06582614553750868,0.47249679227908736
0.007,0.010994688046252553,1.570416515212676,0.00033865235827677825,0.07521025523755291,0.47249679227908736
0.008,0.01256504772166874,1.5703002524811416,0.00042323733910467536,0.0845849808278971,0.47249679227908736
0.009000000000000001,0.014135283385136628,1.5701684915200715,0.0005171876707973263,0.09395033169265095,0.47249679227908736
0.01,0.015705379539064146,1.5700212336298927,0.0006205080052446388,0.10332033444731242,0.47319765431770616
0.011,0.017275320687236133,1.5698584802639812,0.000733188972443858,0.11268096719921923,0.47319765431770616
0.012,0.01884509133496727,1.5696802330286468,0.0008552212117622322,0.12203223931837413,0.47319765431770616
0.013000000000000001,0.020414675989255,1.569486493683118,0.0009865953719276422,0.13137416016540987,0.47319765431770616
0.014,0.02198405915893245,1.569277264139524,0.0011273021110192408,0.1407067390915986,0.47319765431770616
0.015,0.02355322535482133,1.569052546462876,0.0012773352551457276,0.15003314412648674,0.4733555886989874
0.016,0.025122159089884778,1.5688123428710463,0.0014366854779020676,0.15935022275634,0.4733555886989874
0.017,0.026690844879380237,1.5685566557347477,0.001605343462209631,0.1686579843075634,0.4733555886989874
0.018000000000000002,0.028259267241012267,1.5682854875775087,0.0017832999003068665,0.17795643809723558,0.4733555886989874
0.019,0.02982741069508535,1.5679988410756502,0.0019705454937399844,0.18724559343311808,0.4733555886989874
0.02,0.03139525976465669,1.5676967190582567,0.002167063536904257,0.19651804316427246,0.47298476622937496
0.021,0.03296279897568893,1.5673791245071511,0.0023728447573499525,0.2057812204456957,0.47298476622937496
0.022,0.03453001285720289,1.567046060556863,0.00258787989189979,0.2150351345498375,0.47298476622937496
0.023,0.0360968859414303,1.5666975304945994,0.002812159686639665,0.22427979473987517,0.47298476622937496
0.024,0.03766340276396636,1.566333537760211,0.003045674896909388,0.2335152102697228,0.47298476622937496
0.025,0.03922954786392247,1.5659540859461594,0.0032883985801415803,0.24272368323219223,0.4720994086369571
0.026000000000000002,0.04079530578407878,1.5655591787974807,0.0035403215278632795,0.2519229477216992,0.4720994086369571
0.027,0.04236066107103672,1.5651488202117494,0.003801434540809996,0.2611130129467166,0.4720994086369571
0.028,0.04392559827537158,1.5647230142390385,0.004071728428916505,0.27029388810650906,0.4720994086369571
0.029,0.04549010195178496,1.5642817650818812,0.004351194011307647,0.2794655823911417,0.4720994086369571
0.03,0.047054156659257156,1.5638250770952289,0.0046397944035905395,0.2886003922828931,0.4707137737071252
0.031,0.04861774696119966,1.5633529547864073,0.004937520470955292,0.2977260673647527,0.4707137737071252
0.032,0.05018085742560745,1.562865402815073,0.0052443630877268225,0.30684261677153046,0.4707137737071252
0.033,0.05174347262521126,1.5623624259931672,0.005560313137355724,0.31595004962890144,0.4707137737071252
0.034,0.053305577137629956,1.5618440292848683,0.005885361512409139,0.32504837505341505,0.4707137737071252
0.035,0.05486715554552264,1.5613102178065421,0.006219461681905344,0.3341001694962049,0.46884214089216514
0.036000000000000004,0.05642819243674085,1.5607609968266924,0.006562604594049896,0.343142912144552,0.46884214089216514
0.037,0.05798867240448068,1.560196371765909,0.0069147812061001466,0.35217661205025075,0.46884214089216514
0.038,0.059548580047434865,1.559616348196813,0.00727598248435619,0.3612012782560438,0.46884214089216514
0.039,0.061107899969944715,1.559020931844003,0.007646199404151821,0.3702169197956311,0.46884214089216514
0.04,0.06266661678215213,1.5584101285839977,0.008025376082975506,0.37917667882368566,0.4664987973925106
0.041,0.06422471510015143,1.557783944445179,0.008413503561068217,0.3881274780927122,0.4664987973925106
0.042,0.06578217954614125,1.5571423856077313,0.008810572887630687,0.3970693265624697,0.4664987973925106
0.043000000000000003,0.0673389947485763,1.5564854584035817,0.009216575120814445,0.40600223318375744,0.4664987973925106
0.044,0.06889514534231903,1.555813169316336,0.009631501327712868,0.4149262068984239,0.4664987973925106
0.045,0.07045061596879133,1.5551255249812166,0.010055286568898533,0.4237852411856654,0.4636980247069947
0.046,0.07200539127612608,1.554422532184995,0.010487921985337153,0.43263541643861964,0.4636980247069947
0.047,0.07355945591931869,1.5537041978659265,0.010929398726853473,0.44147674151632094,0.4636980247069947
0.048,0.07511279456037853,1.552970529113681,0.011379707952122418,0.4503092252689445,0.4636980247069947
0.049,0.07666539186848031,1.5522215331692728,0.011838840828660234,0.4591328765378155,0.4636980247069947
0.05,0.07821723252011543,1.5514572174249892,0.012306723654034494,0.4678828253742589,0.4604540856490625
0.051000000000000004,0.07976830119924315,1.550677589424318,0.012783347678296359,0.4766240242618659,0.4604540856490625
0.052000000000000005,0.0813185825974418,1.5498826568618733,0.013268704160246943,0.4853564819505853,0.4604540856490625
0.053,0.08286806141405985,1.5490724275833185,0.01376278436742856,0.49408020718161594,0.4604540856490625
0.054,0.08441672235636694,1.548246909585289,0.014265579576115975,0.5027952086874156,0.4604540856490625
0.055,0.08596455013970476,1.5474061110153146,0.014777007613831213,0.5114280377152391,0.4567812118255473
0.056,0.08751152948763802,1.5465500401717376,0.015297059847745247,0.5200522339140349,0.4567812118255473
0.057,0.08905764513210507,1.5456787055036314,0.01582572765366188,0.5286678059166318,0.4567812118255473
0.058,0.09060288181356868,1.544792115610718,0.016363002416009104,0.537274762347226,0.4567812118255473
0.059000000000000004,0.09214722428116666,1.543890279243281,0.016908875527830495,0.5458731118213898,0.4567812118255473
0.06,0.0936906572928623,1.542973205302082,0.01746325663837155,0.5543811105410538,0.45269359157427125
0.061,0.09523316561559493,1.5420409028382698,0.018026137239633547,0.5628806012619981,0.45269359157427125
0.062,0.09677473402543012,1.5410933810532936,0.01859750883212577,0.5713715924922216,0.45269359157427125
0.063,0.09831534730771004,1.5401306492988112,0.019177362924856986,0.5798540927312148,0.45269359157427125
0.064,0.09985499025720351,1.539152717076596,0.019765691035326955,0.588328110469969,0.45269359157427125
0.065,0.10139364767825625,1.5381595940384443,0.02036239492485358,0.5967038895266271,0.44820535835640113
0.066,0.10293130438494066,1.5371512899860795,0.02096746621765781,0.6050712928042286,0.44820535835640113
0.067,0.10446794520120585,1.536127814871056,0.02158089654633636,0.6134303286785523,0.44820535835640113
0.068,0.10600355496102731,1.5350891787946594,0.022202677551853362,0.6217810055170018,0.44820535835640113
0.069,0.10753811850855668,1.5340353920078087,0.022832800883531974,0.6301233316786128,0.44820535835640113
0.07,0.10907162069827128,1.532966464910954,0.02347116070347089,0.6383598199389178,0.443330579599181
0.07100000000000001,0.11060404639512357,1.5318824080539741,0.024117748775181854,0.6465880717109624,0.443330579599181
0.07200000000000001,0.1121353804746906,1.5307832321360728,0.02477255687041309,0.6548080952312351,0.443330579599181
0.073,0.1136656078233232,1.5296689480056724,0.02543557676914108,0.6630198987279875,0.443330579599181
0.074,0.11519471333829528,1.5285395666603077,0.026106800259562322,0.6712234904212432,0.443330579599181
0.075,0.1167226819279527,1.5273950992465164,0.026786114191412833,0.6793139318505091,0.4380832459843627
0.076,0.11824949851186234,1.52623555705973,0.02747351047425118,0.6873962828383459,0.4380832459843627
0.077,0.11977514802096091,1.5250609515441613,0.028168981025726375,0.6954705514751948,0.4380832459843627
0.078,0.1212996153977037,1.523871294292693,0.02887251777156978,0.7035367458434069,0.4380832459843627
0.079,0.12282288559621317,1.5226665970467619,0.02958411264558703,0.7115948740172507,0.4380832459843627
0.08,0.1243449435824274,1.521446871696243,0.030303645469953813,0.719532824366781,0.4324772611773784
0.081,0.12586577433424853,1.5202121302793339,0.031031108306719773,0.7274628367659618,0.4324772611773784
0.082,0.12738536284169108,1.518962384982433,0.031766493225872515,0.7353849191527434,0.4324772611773784
0.083,0.12890369410702993,1.5176976481400226,0.03250979230532965,0.7432990794571382,0.4324772611773784
0.084,0.13042075314494847,1.5164179322345441,0.033260997630930884,0.7512053256012287,0.4324772611773784
0.085,0.13193652498268646,1.5151232498962772,0.03401998227984635,0.7589846489154679,0.4265264319920257
0.08600000000000001,0.13345099466018778,1.513813613903214,0.034786738472752744,0.766756192906393,0.4265264319920257
0.08700000000000001,0.1349641472302482,1.5124890371809325,0.03556125843810607,0.7745199653533271,0.4265264319920257
0.088,0.13647596775866258,1.5111495328024709,0.036343534412133886,0.7822759740278143,0.4265264319920257
0.089,0.13798644132437285,1.509795113988196,0.037133558638827516,0.790024226693627,0.4265264319920257
0.09,0.13949555301961464,1.5084257941056751,0.03793119773047415,0.7976390916466372,0.4202444589851887
0.091,0.1410032879500647,1.5070415866695426,0.038736444072208845,0.8052463417346943,0.4202444589851887
0.092,0.14250963123498805,1.5056425053413667,0.03954929005678151,0.8128459845726634,0.4202444589851887
0.093,0.14401456800738457,1.5042285639295159,0.040369728084549306,0.8204380277677945,0.4202444589851887
0.094,0.1455180834141359,1.5027997763890206,0.041197750563469034,0.8280224789197305,0.4202444589851887
0.095,0.14702016261615197,1.501356156821437,0.04203321791845936,0.8354673549903283,0.4136449274758779
0.096,0.14852079078851746,1.4998977194747078,0.04287612270464422,0.8429047861848555,0.4136449274758779
0.097,0.15001995312063812,1.4984244787430205,0.04372645748459241,0.8503347799481883,0.4136449274758779
0.098,0.15151763481638697,1.4969364491666666,0.04458421482831017,0.8577573437177577,0.4136449274758779
0.099,0.15301382109425038,1.495433645431897,0.045449387313233724,0.8651724849235575,0.4136449274758779
0.1,0.1545084971874737,1.4939160823707778,0.04632182945165201,0.8724421384182869,0.406741298982646
0.101,0.15600164834420743,1.4923837749610442,0.04720153397391153,0.8797045222595216,0.406741298982646
0.10200000000000001,0.1574932598276524,1.4908367383259513,0.048088493617628444,0.8869596437169149,0.406741298982646
0.10300000000000001,0.15898331691620549,1.4892749877341263,0.04898270112768129,0.8942075100528509,0.406741298982646
0.10400000000000001,0.16047180490360477,1.4876985385994168,0.04988414925620374,0.901448128522451,0.406741298982646
0.105,0.16195870909907467,1.4861074064807398,0.05079268687465913,0.9085376184553932,0.3995469030732285
0.106,0.16344401482747123,1.4845016070819266,0.051708306893557536,0.9156200188984024,0.3995469030732285
0.107,0.16492770742942645,1.4828811562515691,0.052631002230498505,0.9226953369409685,0.3995469030732285
0.108,0.1664097722614933,1.4812460699828627,0.053560765810163995,0.9297635796654921,0.3995469030732285
0.109,0.16789019469629032,1.4795963644134487,0.054497590564311284,0.9368247541472912,0.3995469030732285
0.11,0.16936896012264568,1.477932055825255,0.05544131999229683,0.943729427985545,0.39207492962005797
0.111,0.17084605394574165,1.4762531606443359,0.05639194718944679,0.9506271971499607,0.39207492962005797
0.112,0.17232146158725853,1.4745596954407088,0.057349465257992,0.9575180685452119,0.39207492962005797
0.113,0.17379516848551851,1.4728516769281914,0.05831386730706106,0.9644020490690679,0.39207492962005797
0.114,0.1752671600956295,1.4711291219642368,0.059285146452673465,0.9712791456124,0.39207492962005797
0.115,0.17673742188962857,1.4693920475497675,0.060263141087569354,0.97799463489589,0.3843384214551204
0.116,0.17820593935662538,1.4676404708290065,0.06124784449625945,0.9847034086900965,0.3843384214551204
0.117,0.17967269800294533,1.4658744090893085,0.06223924996996996,0.9914054737105088,0.3843384214551204
0.11800000000000001,0.18113768335227284,1.4640938797609908,0.06323735080663587,0.9981008366659007,0.3843384214551204
0.11900000000000001,0.1826008809457939,1.4622989004171583,0.0642421403108942,1.0047895042583372,0.3843384214551204
0.12,0.18406227634233896,1.4604894887735325,0.06525345203099663,1.0113117201024278,0.37635026741744804
0.121,0.1855218551185255,1.4586656626882757,0.0662712794447273,1.0178274137306742,0.37635026741744804
0.122,0.1869796028689002,1.4568274401618158,0.06729561603639259,1.0243365916652925,0.37635026741744804
0.123,0.18843550520608132,1.4549748393366662,0.06832645529681457,1.030839260421976,0.37635026741744804
0.124,0.18988954776090053,1.4531078784972495,0.06936379072332446,1.037335426509903,0.37635026741744804
0.125,0.1913417161825449,1.4512265760697154,0.07040745127832358,1.043660554999121,0.3681231957863845
0.126,0.19279199613869827,1.4493309506217595,0.07145743063668343,1.0499793583598496,0.3681231957863845
0.127,0.19424037331568303,1.4474210208624394,0.07251372247960065,1.0562918429172174,0.3681231957863845
0.128,0.1956868334186012,1.445496805641991,0.07357632049459067,1.0625980149900278,0.3681231957863845
0.129,0.19713136217147548,1.4435583239516416,0.07464521837548144,1.0688978808907654,0.3681231957863845
0.13,0.1985739453173903,1.4416055949234228,0.07572024075385318,1.075022378371747,0.35966976809361495
0.131,0.20001456861863237,1.439638637829982,0.07680138150520843,1.0811407513552476,0.35966976809361495
0.132,0.20145321785683132,1.437657472084391,0.0778886345111742,1.0872530059657646,0.35966976809361495
0.133,0.2028898788331,1.4356621172399568,0.07898199365949587,1.0933591483216711,0.35966976809361495
0.134,0.20432453736817452,1.4336525929900255,0.08008145284403109,1.0994591845352217,0.35966976809361495
0.135,0.2057571793025544,1.4316289191677904,0.08118683261684792,1.1053797728168229,0.3510023733068173
0.136,0.20718779049664207,1.429591115746095,0.08229812705735806,1.1112944405101424,0.3510023733068173
0.137,0.20861635683088264,1.4275392028372367,0.08341533025089383,1.1172031935357685,0.3510023733068173
0.138,0.21004286420590312,1.4254732006927668,0.0845384362887022,1.123106037808369,0.3510023733068173
0.139,0.21146729854265164,1.4233931297032933,0.08566743926793889,1.1290029792366971,0.3510023733068173
0.14,0.21288964578253636,1.4212990103982766,0.0868021559086439,1.1347166407050138,0.3421332223776688
0.14100000000000001,0.2143098918875642,1.4191908634458288,0.08794258049715577,1.1404245885118622,0.3421332223776688
0.14200000000000002,0.2157280228404795,1.4170687096525094,0.08908870732552668,1.1461268283709038,0.3421332223776688
0.14300000000000002,0.21714402464490232,1.4149325699631194,0.09024053069151676,1.1518233659900863,0.3421332223776688
0.14400000000000002,0.21855788332546647,1.4127824654604955,0.09139804489858841,1.1575142070716495,0.3421332223776688
0.145,0.21996958492795754,1.4106184173653007,0.09256106307831592,1.1630181797275145,0.3330743431468336
0.146,0.22137911551945072,1.4084404470358163,0.09372957972672664,1.1685166484107237,0.3330743431468336
0.147,0.22278646118844814,1.40624857596773,0.0949035893453519,1.1740096186252496,0.3330743431468336
0.148,0.22419160804501612,1.4040428257939244,0.09608308644122146,1.179497095869561,0.3330743431468336
0.149,0.2255945422209225,1.4018232182842632,0.09726806552685809,1.184979085636628,0.3330743431468336
0.15,0.22699524986977337,1.3995897753453765,0.09845833638492105,1.1902708580629604,0.32383757559845516
0.151,0.22839371716714973,1.3973425190204443,0.0996538937236379,1.1955573387168665,0.32383757559845516
0.152,0.2297899303107439,1.3950814714889794,0.10085473225652802,1.2008385328901188,0.32383757559845516
0.153,0.23118387552049588,1.3928066550666083,0.10206084670239722,1.2061144458691977,0.32383757559845516
0.154,0.23257553903872916,1.3905180922048501,0.10327223178533251,1.2113850829352977,0.32383757559845516
0.155,0.2339649071302867,1.388215805490897,0.104488694174534,1.216462389201494,0.3144345674565882
0.156,0.23535196608266626,1.385899817647389,0.10571022879269543,1.2215346181614244,0.3144345674565882
0.157,0.23673670220615606,1.3835701515321912,0.10693683056758782,1.2266017748923947,0.3144345674565882
0.158,0.23811910183396953,1.3812268301381676,0.10816849443205445,1.231663864466634,0.3144345674565882
0.159,0.2394991513223805,1.3788698765929546,0.10940521532400575,1.236720891951299,0.3144345674565882
0.16,0.24087683705085766,1.3764993141587316,0.11064679703046743,1.2415817064616665,0.30487677011593356
0.161,0.24225214542219894,1.3741151662319933,0.11189323469062495,1.2464376601575236,0.30487677011593356
0.162,0.24362506286266614,1.371717456343317,0.11314452344852464,1.2512887578996847,0.30487677011593356
0.163,0.24499557582211828,1.3693062081571312,0.11440065845306875,1.2561350045441038,0.30487677011593356
0.164,0.24636367077414578,1.3668814454714824,0.11566163485801063,1.2609764049418783,0.30487677011593356
0.165,0.2477293342162038,1.3644431922177989,0.11692725379524556,1.2656189372349198,0.29517543489916254
0.166,0.2490925526697454,1.3619914724606563,0.11819751062224122,1.2702568269956682,0.29517543489916254
0.167,0.2504533126803549,1.359526310397539,0.11947240070110787,1.2748900788666557,0.29517543489916254
0.168,0.2518116008178804,1.3570477303586006,0.12075191939859364,1.2795186974857724,0.29517543489916254
0.169,0.25316740367656626,1.3545557568064261,0.12203606208607991,1.2841426874862698,0.29517543489916254
0.17,0.25452070787518566,1.3520504143357883,0.12332462746307135,1.288565376991445,0.28534160963306704
0.171,0.25587150005717246,1.3495317276734058,0.12461761110687847,1.2929836438071147,0.28534160963306704
0.17200000000000001,0.2572197668907532,1.346999721677699,0.12591500859923443,1.297397492355969,0.28534160963306704
0.17300000000000001,0.2585654950690786,1.3444544213385452,0.12721681552629072,1.3018069270562744,0.28534160963306704
0.17400000000000002,0.2599086713103548,1.341895851777031,0.1285230274786126,1.3062119523218796,0.28534160963306704
0.17500000000000002,0.2612492823579744,1.339324038245205,0.12983344094169288,1.3104134630802722,0.2753861355357212
0.176,0.2625873149806478,1.3367390061258286,0.1311480517140208,1.3146107723279064,0.2753861355357212
0.177,0.2639227559725332,1.3341407809321248,0.1324668555982871,1.3188038842662928,0.2753861355357212
0.178,0.265255592153367,1.3315293883075279,0.13378984840137986,1.322992803092741,0.2753861355357212
0.179,0.2665858103685943,1.3289048540254285,0.1351170259343802,1.3271775330003626,0.2753861355357212
0.18,0.26791339748949833,1.3262672039889203,0.1364481826827357,1.3311567483554982,0.26531964440680356
0.181,0.26923834041333006,1.3236164642305448,0.13778331466723098,1.335131984495279,0.26531964440680356
0.182,0.2705606260634379,1.3209526609120328,0.13912241791262991,1.3391032453989198,0.26531964440680356
0.183,0.2718802413893962,1.3182758203240474,0.14046548844767157,1.343070535041657,0.26531964440680356
0.184,0.27319717336713456,1.3155859688859253,0.14181252230506633,1.3470338573947513,0.26531964440680356
0.185,0.2745114089990659,1.3128831331454136,0.14316331217972594,1.3507898746596205,0.2551525561131978
0.186,0.2758229353142151,1.3101673397784104,0.14451785431563316,1.354542135907225,0.2551525561131978
0.187,0.277131739368347,1.3074386155886992,0.14587614496052675,1.3582906448935816,0.2551525561131978
0.188,0.278437808244094,1.3046969875076868,0.1472381803658977,1.362035405370952,0.2551525561131978
0.189,0.2797411290510835,1.3019424825941348,0.14860395678698554,1.3657764210878451,0.2551525561131978
0.19,0.2810416889260653,1.2991751280338952,0.14997326533317953,1.369308546193997,0.24489507636197452
0.191,0.2823394750330385,1.2963949511396402,0.15134610247235458,1.3728371391750425,0.24489507636197452
0.192,0.28363447456337826,1.2936019793505933,0.15272246467591769,1.376362203563107,0.24489507636197452
0.193,0.2849266747359619,1.2907962402322584,0.15410234841880446,1.3798837428867834,0.24489507636197452
0.194,0.28621606279729545,1.287977761476148,0.1554857501794756,1.3834017606711362,0.24489507636197452
0.195,0.2875026260216393,1.2851465708995096,0.15687245968228114,1.3867095028055219,0.23455719475283937
0.196,0.28878635171113376,1.2823026964450506,0.15826247361947893,1.390013937197773,0.23455719475283937
0.197,0.2900672271959247,1.2794461661806646,0.15965578868663455,1.393315067155632,0.23455719475283937
0.198,0.29134523983428806,1.2765770082991517,0.16105240158261808,1.396612895983533,0.23455719475283937
0.199,0.29262037701275506,1.2736952511179416,0.16245230900960067,1.3999074269826064,0.23455719475283937
0.2,0.29389262614623657,1.2708009230788149,0.16385529950281832,1.4029904932176664,0.22414868310213434
0.201,0.29516197467814725,1.2678940527476203,0.16526136997920482,1.4060704763864915,0.22414868310213434
0.202,0.2964284100805296,1.2649746688139947,0.16667051735877697,1.4091473795721476,0.22414868310213434
0.203,0.2976919198541775,1.2620428000910788,0.1680827385646316,1.4122212058546182,0.22414868310213434
0.20400000000000001,0.2989524915287594,1.2590984755152335,0.1694980305229424,1.4152919583108063,0.22414868310213434
0.20500000000000002,0.300210112662942,1.256141724145753,0.1709161807711755,1.4181502482331052,0.21367909403048324
0.20600000000000002,0.30146477084451234,1.2531725751645806,0.17233718645104099,1.4210056798654818,0.21367909403048324
0.20700000000000002,0.3027164536905007,1.2501910578760171,0.1737610447071072,1.4238582560662258,0.21367909403048324
0.20800000000000002,0.30396514884730275,1.2471972017064352,0.17518775268679798,1.4267079796907693,0.21367909403048324
0.209,0.3052108439908013,1.2441910362039863,0.17661730754038968,1.4295548535916882,0.21367909403048324
0.21,0.3064535268264882,1.2411725910383105,0.1780494959943239,1.4321884539342202,0.2031577598061837
0.211,0.3076931850895857,1.2381418960002426,0.17948431541500032,1.4348194206764098,0.2031577598061837
0.212,0.30892980654516716,1.2350989810015194,0.18092176317145217,1.437447756451857,0.2031577598061837
0.213,0.310163378988278,1.232043876074483,0.1823618366353437,1.440073463891529,0.2031577598061837
0.214,0.3113938902440563,1.2289766113717864,0.18380453318096746,1.442696545623761,0.2031577598061837
0.215,0.31262132816785254,1.2258972171660933,0.18524963890587431,1.4451057249068666,0.19259379143646987
0.216,0.31384568064535023,1.2228057238497816,0.186697151400885,1.4475124950106892,0.19259379143646987
0.217,0.31506693559268456,1.219702161934642,0.18814706825922942,1.449916858344408,0.19259379143646987
0.218,0.3162850809565622,1.2165865620515777,0.1895993870765442,1.452318817314793,0.19259379143646987
0.219,0.3175001047143803,1.213458954950302,0.1910541054508704,1.4547183743262075,0.19259379143646987
0.22,0.3187119948743448,1.2103193714990341,0.19251100902838225,1.4569035775118573,0.1819960779987968
0.221,0.3199207394755892,1.2071678426841952,0.19397009562387657,1.4590865954943213,0.1819960779987968
0.222,0.3211263265882922,1.2040043996101024,0.19543136305433537,1.461267430458803,0.1819960779987968
0.223,0.32232874431379566,1.2008290734986615,0.19689480913892368,1.4634460845883202,0.1819960779987968
0.224,0.3235279807847221,1.1976418956890598,0.1983604316989874,1.4656225600637078,0.1819960779987968
0.225,0.32472402416509183,1.194442897637455,0.19982801610221512,1.4675844032277308,0.171373286204333
0.226,0.3259168626504394,1.1912321109166668,0.20129756038676372,1.4695442845485898,0.171373286204333
0.227,0.32710648446793056,1.1880095672158635,0.20276906259275185,1.4715022059881278,0.171373286204333
0.228,0.32829287787647826,1.1847752983402509,0.20424252076225807,1.4734581695062263,0.171373286204333
0.229,0.3294760311668585,1.1815293362107568,0.2057179329393189,1.4754121770608069,0.171373286204333
0.23,0.3306559326618259,1.1782717128637168,0.20719508438140635,1.4771514420874639,0.16073386018588703
0.231,0.33183257071622924,1.1750024604505585,0.20867397334925544,1.4788889678490942,0.16073386018588703
0.232,0.33300593371712583,1.171721611237483,0.2101545981053404,1.4806247560849628,0.16073386018588703
0.233,0.3341760100838965,1.168429197605148,0.211636956913873,1.4823588085325956,0.16073386018588703
0.234,0.33534278826836,1.1651252520483464,0.2131210480408008,1.4840911269277808,0.16073386018588703
0.23500000000000001,0.33650625675488666,1.1618098071756873,0.2146066567970317,1.485608756230904,0.1500860215025437
0.23600000000000002,0.33766640406051224,1.158482895709273,0.21609378166493642,1.487124867904724,0.1500860215025437
0.23700000000000002,0.33882321873505117,1.1551445504843765,0.21758242112840329,1.48863946346687,0.1500860215025437
0.23800000000000002,0.33997668936120956,1.1517948044491175,0.21907257367283675,1.490152544433454,0.1500860215025437
0.23900000000000002,0.34112680455469824,1.1484336906641368,0.22056423778515583,1.4916641123190715,0.1500860215025437
0.24,0.3422735529643443,1.1450612423022708,0.22205719898874965,1.4929612035938191,0.13943776935333677
0.241,0.3434169232722041,1.1416774926482232,0.22355145598652695,1.494256997777292,0.13943776935333677
0.242,0.34455690419367424,1.138282475098237,0.22504700748269355,1.4955514961665815,0.13943776935333677
0.243,0.3456934844776032,1.1348762231597647,0.22654385218275103,1.4968447000574816,0.13943776935333677
0.244,0.34682665290640247,1.1314587704511379,0.22804198879349552,1.498136610744491,0.13943776935333677
0.245,0.34795639829615715,1.1280301507012354,0.22954120320524912,1.4992144117535933,0.1287968809923466
0.246,0.3490827094967363,1.1245903977491494,0.23104149434021082,1.5002911349616865,0.1287968809923466
0.247,0.35020557539190317,1.1211395455438529,0.2325428611216574,1.5013667814465719,0.1287968809923466
0.248,0.3513249848994246,1.1176776281438645,0.23404530247394237,1.5024413522849722,0.1287968809923466
0.249,0.3524409269711807,1.1142046797169114,0.2355488173224949,1.5035148485525343,0.1287968809923466
0.25,0.3535533905932738,1.1107207345395915,0.23705319207444564,1.5043747519507351,0.11817091233767493
0.251,0.35466236478613694,1.107225826997038,0.23855842586989118,1.505233795445538,0.11817091233767493
0.252,0.35576783860464267,1.1037199915825773,0.24006451784978802,1.506091979896846,0.11817091233767493
0.253,0.35686980113821065,1.1002032628973895,0.24157146715595174,1.5069493061637027,0.11817091233767493
0.254,0.35796824151091555,1.0966756756501668,0.24307927293105602,1.5078057751042926,0.11817091233767493
0.255,0.3590631488815944,1.0931372646567714,0.24458772224436054,1.5084493133045247,0.10756719876682042
0.256,0.36015451244395347,1.089588064839891,0.2460968144523271,1.5090922079665565,0.10756719876682042
0.257,0.3612423214266749,1.0860281112286956,0.24760654891206102,1.5097344597339264,0.10756719876682042
0.258,0.3623265650935233,1.0824574389584891,0.24911692498131055,1.510376069249529,0.10756719876682042
0.259,0.3634072327434514,1.078876083270366,0.25062794201846617,1.5110170371556157,0.10756719876682042
0.26,0.3644843137107058,1.0752840795108611,0.25213938789570645,1.5114458772402812,0.09699285609105285
0.261,0.36555779736493205,1.071681463131601,0.2536512621841913,1.511874288484862,0.09699285609105285
0.262,0.36662767311128003,1.0680682696889554,0.25516356445550953,1.5123022713181982,0.09699285609105285
0.263,0.3676939303905079,1.0644445348436842,0.2566762942816782,1.512729826168701,0.09699285609105285
0.264,0.36875655867908697,1.0608102943605877,0.2581894512351426,1.5131569534643534,0.09699285609105285
0.265,0.36981554748930484,1.0571655841081526,0.2597028241272875,1.5133728921449183,0.08645478170146428
0.266,0.3708708863693696,1.0535104400581972,0.26121641274217433,1.5135886148868027,0.08645478170146428
0.267,0.37192256490351255,1.049844898285518,0.26273021686408027,1.5138041219059453,0.08645478170146428
0.268,0.37297057271209105,1.046168994967532,0.2642442362774983,1.5140194134180687,0.08645478170146428
0.269,0.37401489945169125,1.0424827663839213,0.265758470767137,1.51423448963868,0.08645478170146428
0.27,0.3750555348152298,1.0387862489162736,0.2672727102154036,1.5142394482666306,0.07595965587946371
0.271,0.3760924685320557,1.0350794790477242,0.26878695461733954,1.5142444019359533,0.07595965587946371
0.272,0.3771256903680519,1.0313624933625951,0.2703012039679911,1.5142493506516066,0.07595965587946371
0.273,0.37815519012573595,1.0276353285460342,0.27181545826240966,1.5142542944185442,0.07595965587946371
0.274,0.37918095764436094,1.023898021383654,0.2733297174956514,1.5142592332417149,0.07595965587946371
0.275,0.3802029828000155,1.0201506087611667,0.2748437727485252,1.5140552528737645,0.06551394326456383
0.276,0.38122125550572394,1.016393127664023,0.27635762422501137,1.5138514764861821,0.06551394326456383
0.277,0.3822357657115458,1.0126256151770432,0.27787127212888635,1.5136479038749873,0.06551394326456383
0.278,0.3832465034046749,1.0088481084840553,0.2793847166637228,1.5134445348364036,0.06551394326456383
0.279,0.38425345860953836,1.0050606448675252,0.28089795803288964,1.5132413691668585,0.06551394326456383
0.28,0.3852566213878946,1.0012632617081896,0.28241078863857677,1.51283060568714,0.05512389447240931
0.281,0.3862559818389322,0.9974559964846873,0.28392320889154765,1.512420252970901,0.05512389447240931
0.28200000000000003,0.3872515300993669,0.9936388867731888,0.28543521920215503,1.5120103106073783,0.05512389447240931
0.28300000000000003,0.3882432563435393,0.9898119702470262,0.28694681998034127,1.511600778186219,0.05512389447240931
0.28400000000000003,0.3892311507835117,0.9859752846763205,0.2884580116356388,1.5111916552974811,0.05512389447240931
0.28500000000000003,0.39021520366916485,0.9821288679276096,0.28996858801023806,1.5105763745993055,0.04479554785609066
0.28600000000000003,0.39119540528829405,0.9782727579634733,0.2914785497194199,1.509961709181828,0.04479554785609066
0.28700000000000003,0.39217174596670507,0.9744069928421609,0.29298789737784964,1.509347658429768,0.04479554785609066
0.28800000000000003,0.39314421606830946,0.970531610717213,0.2944966315995781,1.50873422172846,0.04479554785609066
0.289,0.39411280599522,0.9666466498370871,0.29600475299804196,1.5081213984638535,0.04479554785609066
0.29,0.39507750618784515,0.9627521485447782,0.29751205696973543,1.5073039716934673,0.03453473140388377
0.291,0.3960383071249835,0.9588481452774418,0.2990185443320853,1.5064873623498516,0.03453473140388377
0.292,0.39699519932391764,0.9549346785660143,0.30052421590170086,1.5056715696155794,0.03453473140388377
0.293,0.3979481733405079,0.951011787034832,0.3020290724943749,1.5048565926740414,0.03453473140388377
0.294,0.3988972197692855,0.9470795094012506,0.30353311492508434,1.504042430709445,0.03453473140388377
0.295,0.39984232924354524,0.9431378844752629,0.3050361402546584,1.503025329574069,0.024347064766667148
0.296,0.40078349243543826,0.9391869511591157,0.30653814950019825,1.5020092455398282,0.024347064766667148
0.297,0.40172070005606375,0.9352267484469257,0.3080391436777879,1.5009941775896216,0.024347064766667148
0.298,0.40265394285556094,0.9312573154242946,0.30953912380249526,1.4999801247073654,0.024347064766667148
0.299,0.4035832116232001,0.9272786912679242,0.31103809088837325,1.4989670858779913,0.024347064766667148
0.3,0.4045084971874737,0.9232909152452283,0.31253584376639354,1.4977528780202807,0.014237961408372052
0.301,0.4054297904161867,0.919294026713947,0.31403238365076397,1.4965398843704278,0.014237961408372052
0.302,0.406347082216547,0.9152880651217558,0.3155277117544782,1.4953281037142248,0.014237961408372052
0.303,0.4072603635352547,0.9112730700058785,0.3170218292893169,1.494117534838678,0.014237961408372052
0.304,0.40816962535859197,0.9072490809926962,0.3185147374658489,1.4929081765320067,0.014237961408372052
0.305,0.4090748587125117,0.9032161377973557,0.32000623698682185,1.4914995209729334,0.004212630872930279
0.306,0.40997605466272613,0.8991742802233784,0.3214963292608913,1.4900922740694191,0.004212630872930279
0.307,0.41087320431479507,0.8951235481622664,0.3229850156953041,1.4886864344128083,0.004212630872930279
0.308,0.4117662988142137,0.8910639815931102,0.3244722976958999,1.4872820005958542,0.004212630872930279
0.309,0.4126553293464998,0.8869956205821926,0.32595817666711263,1.485878971212717,0.004212630872930279
0.31,0.4135402871372809,0.8829185052825946,0.3274424552809774,1.4842786138647301,-0.005723918838700132
0.311,0.41442116345238095,0.8788326759337982,0.3289251351378515,1.4826798568740913,-0.005723918838700132
0.312,0.4152979495979063,0.8747381728612893,0.33040621783649193,1.4810826986404433,-0.005723918838700132
0.313,0.4161706369203317,0.8706350364761604,0.33188570497405695,1.479487137565029,-0.005723918838700132
0.314,0.41703921680658557,0.8665233072747108,0.33336359814610766,1.4778931720506898,-0.005723918838700132
0.315,0.4179036806841351,0.8624030258380484,0.33483970208741054,1.4761039413028845,-0.015566878787737576
0.316,0.4187640200210708,0.858274232831687,0.33631401858719634,1.474316499785827,-0.015566878787737576
0.317,0.41962022632619084,0.8541369690051469,0.33778654943290665,1.4725308457102864,-0.015566878787737576
0.318,0.4204722911490845,0.8499912751915516,0.3392572964101955,1.4707469772888213,-0.015566878787737576
0.319,0.42132020608021614,0.8458371923072256,0.34072626130293127,1.4689648927357777,-0.015566878787737576
0.32,0.42216396275100754,0.8416747613512899,0.34219325099804393,1.466989695112658,-0.02531163651919377
0.321,0.4230035528339211,0.8375040234052575,0.3436582674707311,1.4650164726871615,-0.02531163651919377
0.322,0.42383896804254156,0.8333250196326284,0.3451213126942152,1.4630452234840905,-0.02531163651919377
0.323,0.42467020013165824,0.8291377912784821,0.34658238863974544,1.4610759455302225,-0.02531163651919377
0.324,0.4254972408973459,0.8249423796690724,0.3480414972765998,1.4591086368543085,-0.02531163651919377
0.325,0.4263200821770461,0.8207388262114181,0.3494984477293494,1.4569504527496147,-0.034953773391974474
0.326,0.4271387158496476,0.8165271723928946,0.3509532421561784,1.4547944268290256,-0.034953773391974474
0.327,0.4279531338355665,0.8123074597808252,0.35240588271311274,1.452640556934357,-0.034953773391974474
0.328,0.42876332809682616,0.8080797300220693,0.35385637155402233,1.450488840909583,-0.034953773391974474
0.329,0.4295692906371362,0.8038440248426133,0.35530471083062315,1.448339276600834,-0.034953773391974474
0.33,0.4303710135019718,0.7996003860471569,0.35675071198671093,1.446001156087765,-0.04448906182340581
0.331,0.431168488778652,0.7953488555187019,0.35819437736040616,1.4436653736952092,-0.04448906182340581
0.332,0.43196170859641764,0.7910894752181388,0.3596357092874912,1.441331927085046,-0.04448906182340581
0.333,0.4327506651265095,0.7868222871838306,0.36107471010141273,1.439000813921493,-0.04448906182340581
0.334,0.433535350582245,0.7825473335312009,0.3625113821332838,1.4366720318711033,-0.04448906182340581
0.335,0.43431575721909566,0.7782646564523164,0.36394553922387396,1.434157090590152,-0.053913462454012406
0.336,0.43509187733476284,0.7739742982154708,0.36537718388812446,1.4316446642504816,-0.053913462454012406
0.337,0.43586370326925444,0.7696763011647678,0.3668063186384616,1.429134750337151,-0.053913462454012406
0.338,0.4366312274049601,0.7653707077197034,0.36823294598479933,1.4266273463377337,-0.053913462454012406
0.339,0.4373944421667264,0.7610575603747465,0.36965706843454166,1.4241224497423157,-0.053913462454012406
0.34,0.43815334002193185,0.7567369016989198,0.3710785022994095,1.4214338648678086,-0.0632231212382384
0.341,0.43890791348056085,0.7524087743353809,0.37249725026798763,1.418747968578176,-0.0632231212382384
0.342,0.4396581550952781,0.7480732210009986,0.3739133150261725,1.4160647581848331,-0.0632231212382384
0.343,0.4404040574615018,0.7437302844859345,0.3753266992571744,1.4133842310018836,-0.0632231212382384
0.34400000000000003,0.44114561321747664,0.7393800076532184,0.3767374056415205,1.410706384346117,-0.0632231212382384
0.34500000000000003,0.44188281504434673,0.7350224334383268,0.3781452530321529,1.4078473906324371,-0.0724143664666845
0.34600000000000003,0.4426156556662276,0.7306576048487575,0.3795502442880654,1.404991255912471,-0.0724143664666845
0.34700000000000003,0.44334412785027827,0.726285564963607,0.38095238226539263,1.402137977327225,-0.0724143664666845
0.34800000000000003,0.4440682244067723,0.7219063569331435,0.3823516698174132,1.3992875520205639,-0.0724143664666845
0.34900000000000003,0.444787938189169,0.7175200239783824,0.38374810979455243,1.3964399771392095,-0.0724143664666845
0.35000000000000003,0.4455032620941839,0.7131266093906595,0.3851415236576,1.3934138630475643,-0.08148370572530206
0.35100000000000003,0.44621418906185895,0.7087261565312026,0.38653191443267004,1.3903907750700106,-0.08148370572530206
0.352,0.44692071207563183,0.7043187088307054,0.38791928514285046,1.3873707101804347,-0.08148370572530206
0.353,0.4476228241624058,0.6999043097888965,0.38930363880820623,1.3843536653557482,-0.08148370572530206
0.354,0.4483205183926179,0.6954830029741129,0.3906849784457821,1.3813396375758864,-0.08148370572530206
0.355,0.44901378788030777,0.6910548320228678,0.39206312818726446,1.3781497414823733,-0.09042782279685424
0.356,0.4497026257831855,0.6866198406394207,0.3934380912225494,1.3749630352849538,-0.09042782279685424
0.357,0.45038702530269903,0.6821780725953462,0.39480987073834317,1.3717795157937318,-0.09042782279685424
0.358,0.4510669796841014,0.6777295717291015,0.3961784699181652,1.368599179822001,-0.09042782279685424
0.359,0.4517424822165174,0.6732743819455944,0.39754389194235146,1.3654220241862418,-0.09042782279685424
0.36,0.4524135262330098,0.6688125472157495,0.39890596367302333,1.362071730671859,-0.09924357450983104
0.361,0.45308010511064495,0.6643441115760739,0.4002646884604743,1.3587247874509907,-0.09924357450983104
0.362,0.45374221227055844,0.659869119128224,0.40162006965164765,1.355381191173343,-0.09924357450983104
0.363,0.45439984117802,0.6553876140385679,0.4029721105901396,1.3520409384919732,-0.09924357450983104
0.364,0.45505298534249783,0.6508996405377521,0.4043208146162029,1.3487040260632845,-0.09924357450983104
0.365,0.4557016383177226,0.6464052429202628,0.40566601137848934,1.3451967622864238,-0.10792798753986713
0.366,0.4563457937017514,0.6419044655439903,0.4070077043842627,1.34169300577334,-0.10792798753986713
0.367,0.4569854451370306,0.6373973528297903,0.4083458971372795,1.3381927530167694,-0.10792798753986713
0.368,0.45762058631045877,0.6328839492610455,0.4096805931377924,1.3346960005129553,-0.10792798753986713
0.369,0.458251210953449,0.628364299383227,0.4110117958825541,1.331202744761645,-0.10792798753986713
0.37,0.45887731284199057,0.6238384478034547,0.41233933785946764,1.3275419769135117,-0.11647825516858415
0.371,0.45949888579671067,0.6193064391900565,0.41366322272930084,1.3238848698332266,-0.11647825516858415
0.372,0.46011592368293514,0.6147683182721274,0.4149834541491609,1.3202314198600218,-0.11647825516858415
0.373,0.4607284204107492,0.6102241298390889,0.4163000357724977,1.3165816233367902,-0.11647825516858415
0.374,0.4613363699350574,0.6056739187402463,0.4176129712491078,1.3129354766100818,-0.11647825516858415
0.375,0.46193976625564337,0.6011177298843463,0.4189220959555612,1.3091247064533786,-0.12489173400464948
0.376,0.462538603417229,0.5965556082391333,0.420227413702628,1.3053177470668322,-0.12489173400464948
0.377,0.4631328755095333,0.5919875988309063,0.4215289282972677,1.3015145946396725,-0.12489173400464948
0.378,0.4637225766673307,0.5874137467440739,0.4228266435426326,1.2977152453649399,-0.12489173400464948
0.379,0.46430770107050867,0.5828340971207097,0.42412056323807207,1.293919695439482,-0.12489173400464948
0.38,0.4648882429441257,0.5782486951601067,0.42541052569500265,1.2899624569306085,-0.1331659406717054
0.381,0.4654641965584678,0.5736575861183307,0.4266965348706629,1.2860091756602439,-0.1331659406717054
0.382,0.4660355562291055,0.5690608153077746,0.42797859471833405,1.2820598476711496,-0.1331659406717054
0.383,0.46660231631694926,0.5644584280967107,0.4292567091873441,1.2781144690100443,-0.1331659406717054
0.384,0.467164471228306,0.5598504699088425,0.4305308822230717,1.2741730357276002,-0.1331659406717054
0.385,0.46772201541493363,0.555236986222857,0.4318009551147942,1.2700728917225186,-0.14129854846769904
0.386,0.4682749433740962,0.5506180225719757,0.43306693196265567,1.2659768478614422,-0.14129854846769904
0.387,0.4688232496486178,0.5459936245435052,0.4343288168626999,1.2618849000442267,-0.14129854846769904
0.388,0.46936692882693704,0.541363837778387,0.43558661390687475,1.2577970441748285,-0.14129854846769904
0.389,0.4699059755431598,0.5367287079707477,0.43684032718303606,1.2537132761612997,-0.14129854846769904
0.39,0.4704403844771127,0.5320882808674465,0.4380898009982412,1.2494738152051383,-0.1492873840000026
0.391,0.4709701503543953,0.5274426022676258,0.43933503959195114,1.245238593709933,-0.1492873840000026
0.392,0.4714952679464322,0.522791718022258,0.44057604719938737,1.241007607436223,-0.1492873840000026
0.393,0.4720157320705249,0.5181356740336929,0.44181282805153616,1.2367808521487869,-0.1492873840000026
0.394,0.4725315375899024,0.5134745162552048,0.4430453863751528,1.232558323616638,-0.1492873840000026
0.395,0.47304267941377265,0.5088082906905395,0.4442735695319698,1.2281831568170096,-0.1571304238005898
0.396,0.47354915249737217,0.5041370433934591,0.445497381897154,1.2238123651841808,-0.1571304238005898
0.397,0.474050951842016,0.49946082046728885,0.44671682784149697,1.2194459443429848,-0.1571304238005898
0.398,0.4745480724951473,0.49477966806446105,0.4479319117314196,1.21508388992263,-0.1571304238005898
0.399,0.47504050955038585,0.49009363238606046,0.4491426379289763,1.2107261975566954,-0.1571304238005898
0.4,0.47552825814757677,0.48540275968136665,0.4503488568845169,1.2062189555406309,-0.1648257909253977
0.401,0.4760113134728383,0.48070709624739993,0.4515505731052835,1.2017162207665824,-0.1648257909253977
0.402,0.47648967075860943,0.47600668842846244,0.4527477910940108,1.1972179887273078,-0.1648257909253977
0.403,0.4769633252836968,0.4713015826156818,0.4539405153489309,1.1927242549200725,-0.1648257909253977
0.404,0.4774322723733215,0.46659182524655296,0.45512875036377753,1.1882350148466445,-0.1648257909253977
0.405,0.47789650739916506,0.46187746280447967,0.4563123497085785,1.1835993448009603,-0.17237175154187437
0.406,0.4783560257794153,0.45715854181831594,0.4574913180190038,1.178968310425322,-0.17237175154187437
0.40700000000000003,0.4788108229788111,0.45243510886190685,0.4586656599260878,1.174341907084059,-0.17237175154187437
0.40800000000000003,0.4792608945086879,0.44770721055362905,0.459835380056234,1.1697201301461375,-0.17237175154187437
0.40900000000000003,0.47970623592702144,0.44297489355592956,0.46100048303121915,1.1651029749851538,-0.17237175154187437
0.41000000000000003,0.48014684283847153,0.43823820457486684,0.4621608255689992,1.160342537779997,-0.17976671150858134
0.41100000000000003,0.48058271089442595,0.4334971903596488,0.4633164124300112,1.1555868610120454,-0.17976671150858134
0.41200000000000003,0.48101383579304297,0.4287518977021718,0.4644672483699321,1.1508359399208619,-0.17976671150858134
0.41300000000000003,0.4814402132792938,0.4240023734365588,0.46561333813968286,1.1460897697507695,-0.17976671150858134
0.41400000000000003,0.48186183914500486,0.41924866443869646,0.4667546864854337,1.141348345750847,-0.17976671150858134
0.41500000000000004,0.48227870922889904,0.4144908176257737,0.46789115329857983,1.1364668131460844,-0.18700921295059136
0.41600000000000004,0.48269081941663694,0.40972887995581775,0.46902274346065376,1.1315901620739266,-0.18700921295059136
0.417,0.48309816564085734,0.4049628984272312,0.4701494618483066,1.1267183876528408,-0.18700921295059136
0.418,0.4835007438812175,0.4001929200783269,0.47127131333331274,1.1218514850061763,-0.18700921295059136
0.419,0.48389855016443273,0.39541899198686625,0.4723883027825749,1.1169894492621582,-0.18700921295059136
0.42,0.48429158056431554,0.3906411612695915,0.4735002932837711,1.1119905011962101,-0.19409793083428867
0.421,0.4846798312018146,0.38585947508176316,0.47460728983584943,1.106996552078328,-0.19409793083428867
0.422,0.4850632982450529,0.3810739806166935,0.47570929743275897,1.102007596909564,-0.19409793083428867
0.423,0.4854419779093655,0.37628472510528105,0.47680632106345494,1.0970236306959686,-0.19409793083428867
0.424,0.48581586645733693,0.371491755815544,0.47789836571190353,1.0920446484485868,-0.19409793083428867
0.425,0.4861849601988383,0.36669512005215443,0.47898529768231274,1.086931970409237,-0.20103166954506022
0.426,0.48654925549106326,0.3618948651559707,0.4800671220873607,1.0818244050479267,-0.20103166954506022
0.427,0.48690874873856443,0.3570910385035707,0.4811438440346127,1.0767219472519776,-0.20103166954506022
0.428,0.48726343639328856,0.3522836875067843,0.48221546862652653,1.0716245919138243,-0.20103166954506022
0.429,0.4876133149546117,0.34747285961222507,0.48328200096045754,1.0665323339310093,-0.20103166954506022
0.43,0.48795838096937366,0.3426586023008217,0.4843433105748652,1.061309614407654,-0.20780935947122403
0.431,0.4882986310319123,0.3378409630873504,0.485399402692469,1.0560921176038218,-0.20780935947122403
0.432,0.48863406178409674,0.3330199895199655,0.4864502825307658,1.0508798382967934,-0.20780935947122403
0.433,0.4889646699153609,0.32819572917972945,0.4874959553020348,1.045672771269072,-0.20780935947122403
0.434,0.48929045216273603,0.3233682296801445,0.4885364262133432,1.0404709113083785,-0.20780935947122403
0.435,0.4896114053108829,0.3185375386666816,0.4895715680526683,1.0351418393251215,-0.21443005359742975
0.436,0.48992752619212343,0.31370370381631085,0.49060138614908216,1.0298180964138477,-0.21443005359742975
0.437,0.4902388116864722,0.3088667728370308,0.49162588582632766,1.0244996772454853,-0.21443005359742975
0.438,0.49054525872166704,0.3040267934673977,0.49264507240282396,1.0191865764962913,-0.21443005359742975
0.439,0.4908468642731994,0.29918381347605333,0.4936589511916718,1.0138787888478464,-0.21443005359742975
0.44,0.4911436253643443,0.2943378806612554,0.49466739824324857,1.008447051576786,-0.22089292411063233
0.441,0.4914355390661896,0.2894890428504043,0.49567041898929154,1.0030207460429965,-0.22089292411063233
0.442,0.49172260249766486,0.2846373478995717,0.4966680188561063,0.9975998668147409,-0.22089292411063233
0.443,0.49200481282556985,0.2797828436930281,0.497660203264572,0.9921844084657135,-0.22089292411063233
0.444,0.49228216726460267,0.27492557814277013,0.49864697763014704,0.9867743655750352,-0.22089292411063233
0.445,0.492554663077387,0.2700655991880479,0.49962822127617607,0.9812436460290278,-0.22719725902161628
0.446,0.492822297574499,0.26520295479489153,0.5006039397333786,0.9757184572025664,-0.22719725902161628
0.447,0.49308506811449443,0.26033769295563847,0.5015741385269435,0.9701987935649315,-0.22719725902161628
0.448,0.493342972103934,0.25546986168845814,0.5025388231765345,0.9646846495909343,-0.22719725902161628
0.449,0.4935960069974096,0.2505995090368803,0.5034979991962955,0.9591760197609109,-0.22719725902161628
0.45,0.4938441702975689,0.24572668306931938,0.5044515491908605,0.9535499945650514,-0.23334245880493057
0.451,0.4940874595551403,0.24085143187860047,0.5053994787862549,0.9479295953943877,-0.23334245880493057
0.452,0.49432587236895703,0.23597380358148456,0.5063417936028778,0.9423148166228947,-0.23334245880493057
0.453,0.4945594063859809,0.23109384631819377,0.5072784992555079,0.9367056526301732,-0.23334245880493057
0.454,0.49478805930132547,0.2262116082519362,0.5082096013533094,0.9311020978014445,-0.23334245880493057
0.455,0.49501182885827877,0.22132713756843048,0.5091349857883518,0.9253844350424437,-0.23932803305996544
0.456,0.4952307128483256,0.21644048247543038,0.510054658278298,0.919672489946202,-0.23932803305996544
0.457,0.49544470911116933,0.2115516912022491,0.5109686245350931,0.9139662567950565,-0.23932803305996544
0.458,0.4956538155347533,0.2066608119992822,0.5118768902649701,0.9082657298770621,-0.23932803305996544
0.459,0.49585803005528145,0.20176789313753324,0.5127794611684561,0.9025709034859858,-0.23932803305996544
0.46,0.49605735065723894,0.19687298290813596,0.5136762264290946,0.896765260638584,-0.24515359719578922
0.461,0.49625177537341186,0.19197612962187827,0.5145671918525286,0.8909654234340296,-0.24515359719578922
0.462,0.49644130228490685,0.18707738160872506,0.5154523632385953,0.8851713860666798,-0.24515359719578922
0.463,0.4966259295211697,0.18217678721734157,0.5163317463813321,0.8793831427366973,-0.24515359719578922
0.464,0.4968056552600042,0.17727439481461602,0.5172053470689821,0.8736006876500448,-0.24515359719578922
0.465,0.49698047772758985,0.1723702527851822,0.5180730577785617,0.8677107095795499,-0.25081886914224333
0.466,0.49715039519849946,0.16746440953094244,0.5189348844000489,0.8618266214871254,-0.25081886914224333
0.467,0.49731540599571616,0.16255691347058834,0.5197908328175317,0.8559484174827934,-0.25081886914224333
0.468,0.4974755084906501,0.1576478130391252,0.5206409089092141,0.8500760916824657,-0.25081886914224333
0.46900000000000003,0.49763070110315416,0.15273715668739235,0.5214851185474221,0.8442096382079384,-0.25081886914224333
0.47000000000000003,0.49778098230154,0.1478249928815855,0.52232335750267,0.838238955247937,-0.25632366608967005
0.47100000000000003,0.4979263506025928,0.14291137010277824,0.523155631745641,0.8322742429708957,-0.25632366608967005
0.47200000000000003,0.49806680457158625,0.13799633684644375,0.5239819472410471,0.8263154954061314,-0.25632366608967005
0.47300000000000003,0.4982023428222962,0.13307994162197595,0.524802309947636,0.8203627065889318,-0.25632366608967005
0.47400000000000003,0.49833296401701493,0.12816223295221085,0.5256167258181965,0.8144158705605495,-0.25632366608967005
0.47500000000000003,0.498458666866564,0.12324325937294808,0.5264250939148614,0.808368096664798,-0.26166790125954553
0.47600000000000003,0.49857945013030697,0.11832306943247027,0.5272274202854043,0.8023263705429423,-0.26166790125954553
0.47700000000000004,0.49869531261616185,0.11340171169106612,0.5280237109715514,0.7962906861472084,-0.26166790125954553
0.47800000000000004,0.4988062531806126,0.1084792347205497,0.5288139720089873,0.7902610374358703,-0.26166790125954553
0.47900000000000004,0.49891227072872074,0.10355568710378142,0.5295982094273605,0.7842374183732435,-0.26166790125954553
0.48,0.4990133642141358,0.09863111743418891,0.5303763255767012,0.7781161493407069,-0.2668515807081657
0.481,0.4991095326391059,0.09370557431528595,0.5311483265782784,0.772001001577203,-0.2668515807081657
0.482,0.4992007750544875,0.08877910636019497,0.5319142185472399,0.7658919689614625,-0.2668515807081657
0.483,0.49928709055975484,0.0838517621911658,0.5326740075926182,0.7597890453783377,-0.2668515807081657
0.484,0.49936847830300873,0.07892359043909612,0.533427699817337,0.753692224718796,-0.2668515807081657
0.485,0.499444937480985,0.07399463974305157,0.5341752008538277,0.7475010364907687,-0.2718748001654272
0.486,0.49951646733906235,0.06906495874978558,0.5349165168932787,0.7413160394509694,-0.2718748001654272
0.487,0.49958306717127005,0.06413459611325974,0.5356516541206869,0.7351372274082099,-0.2718748001654272
0.488,0.4996447363202946,0.05920360049416208,0.5363806187148644,0.7289645941774932,-0.2718748001654272
0.489,0.49970147417748645,0.05427202055942902,0.5371034168484444,0.7227981335800071,-0.2718748001654272
0.49,0.4997532801828658,0.049339904981763535,0.5378199574290526,0.7165405806082145,-0.2767377419106303
0.491,0.49980015382512827,0.044407302439155215,0.538530246714242,0.7102892851893936,-0.2767377419106303
0.492,0.49984209464164997,0.039474261614399764,0.539234290955308,0.7040442410659916,-0.2767377419106303
0.493,0.499879102218492,0.03454083119461858,0.5399320963972947,0.697805441986713,-0.2767377419106303
0.494,0.4999111761904045,0.029607059870778208,0.5406236692790012,0.6915728817065137,-0.2767377419106303
0.495,0.4999383162408303,0.024672996337209763,0.5413089217743923,0.6852524953910645,-0.28144067168713294
0.496,0.49996052210190806,0.01973868929112871,0.5419878602038543,0.6789384294619307,-0.28144067168713294
0.497,0.4999777935544749,0.014804187432152838,0.542660490881453,0.6726306775987262,-0.28144067168713294
0.498,0.49999013042806856,0.009869539461823701,0.5433268201149404,0.6663292334873848,-0.28144067168713294
0.499,0.4999975326009291,0.00493479408312457,0.5439868542057605,0.6600340908201547,-0.28144067168713294
0.5,0.5,9.618353468608949e-17,0.5446405085837768,0.6536543780161832,-0.28598393565756747
0.501,0.4999975326009291,-0.004934794083124378,0.5452877896287018,0.6472810449250157,-0.28598393565756747
0.502,0.49999013042806856,-0.009869539461823508,0.5459287037138688,0.6409140851669394,-0.28598393565756747
0.503,0.4999777935544749,-0.014804187432152643,0.5465632572062374,0.6345534923686211,-0.28598393565756747
0.504,0.49996052210190806,-0.019738689291128517,0.5471914564664005,0.6281992601631011,-0.28598393565756747
0.505,0.4999383162408303,-0.024672996337209572,0.5478132201681555,0.6217637017549134,-0.29036795740123367
0.506,0.4999111761904045,-0.029607059870778017,0.5484285547470606,0.6153345789051338,-0.29036795740123367
0.507,0.499879102218492,-0.03454083119461839,0.5490374666322388,0.6089118851782039,-0.29036795740123367
0.508,0.49984209464164997,-0.03947426161439956,0.5496399622463839,0.6024956141450011,-0.29036795740123367
0.509,0.49980015382512827,-0.044407302439155014,0.5502360480057668,0.5960857593828314,-0.29036795740123367
0.51,0.4997532801828658,-0.04933990498176335,0.5508256458146911,0.5895978089243449,-0.2945932349551803
0.511,0.49970147417748645,-0.054272020559428834,0.5514087621611073,0.5831163464163169,-0.2945932349551803
0.512,0.4996447363202946,-0.0592036004941619,0.5519854035264782,0.576641365370797,-0.2945932349551803
0.513,0.49958306717127005,-0.06413459611325954,0.5525555763857845,0.5701728593063227,-0.2945932349551803
0.514,0.49951646733906235,-0.06906495874978538,0.5531192872075323,0.5637108217479128,-0.2945932349551803
0.515,0.499444937480985,-0.07399463974305137,0.5536764611117005,0.5571739041681572,-0.2986603379003839
0.516,0.49936847830300873,-0.07892359043909593,0.5542271046352065,0.5506435235059813,-0.2986603379003839
0.517,0.4992870905597549,-0.08385176219116561,0.554771224308431,0.5441196732244676,-0.2986603379003839
0.518,0.4992007750544875,-0.08877910636019479,0.5553088266552242,0.5376023467932355,-0.2986603379003839
0.519,0.4991095326391059,-0.09370557431528576,0.5558399181929127,0.5310915376884345,-0.2986603379003839
0.52,0.4990133642141358,-0.0986311174341887,0.5563644272409736,0.5245090480608593,-0.30256990449434074
0.521,0.49891227072872074,-0.10355568710378157,0.5568823603818965,0.5179331409229117,-0.30256990449434074
0.522,0.4988062531806126,-0.10847923472054985,0.5573937241915886,0.5113638096921019,-0.30256990449434074
0.523,0.49869531261616185,-0.11340171169106628,0.5578985252393811,0.504801047792523,-0.30256990449434074
0.524,0.49857945013030697,-0.11832306943247008,0.5583967700880359,0.49824484865484364,-0.30256990449434074
0.525,0.498458666866564,-0.12324325937294789,0.5588883902390651,0.4916201510291632,-0.3063226388512813
0.526,0.49833296401701493,-0.12816223295221102,0.5593733923171662,0.4850020781011084,-0.3063226388512813
0.527,0.4982023428222962,-0.1330799416219761,0.5598517829404122,0.4783906232459817,-0.3063226388512813
0.528,0.49806680457158625,-0.13799633684644388,0.5603235687202579,0.4717857798457101,-0.3063226388512813
0.529,0.4979263506025928,-0.14291137010277838,0.5607887562615468,0.4651875412888387,-0.3063226388512813
0.53,0.49778098230154,-0.14782499288158563,0.561247280229131,0.45852396758412706,-0.3099193081711409
0.531,0.49763070110315416,-0.15273715668739252,0.5616991472865841,0.4518670574531201,-0.3099193081711409
0.532,0.4974755084906501,-0.15764781303912534,0.5621443640908164,0.4452168042322442,-0.3099193081711409
0.533,0.49731540599571616,-0.16255691347058815,0.562582937292081,0.43857320126458915,-0.3099193081711409
0.534,0.49715039519849946,-0.16746440953094224,0.5630148735339808,0.43193624189990176,-0.3099193081711409
0.535,0.49698047772758985,-0.17237025278518234,0.5634401106248385,0.4252370908576357,-0.31336074001830716
0.536,0.4968056552600042,-0.17727439481461618,0.5638586552638049,0.4185446389664119,-0.31336074001830716
0.537,0.4966259295211697,-0.18217678721734173,0.564270514143332,0.4118588795270794,-0.31336074001830716
0.538,0.49644130228490685,-0.18707738160872522,0.5646756939491792,0.40517980584718616,-0.31336074001830716
0.539,0.49625177537341186,-0.1919761296218784,0.5650742013604201,0.39850741124097283,-0.31336074001830716
0.54,0.4960573506572389,-0.19687298290813615,0.5654659773078567,0.39177594743670996,-0.31664781965109506
0.541,0.4958580300552814,-0.20176789313753335,0.565851028522953,0.38505121509625134,-0.31664781965109506
0.542,0.4956538155347533,-0.20666081199928202,0.5662293617304411,0.3783332074881332,-0.31664781965109506
0.543,0.49544470911116933,-0.2115516912022489,0.5666009836483288,0.37162191788762317,-0.31664781965109506
0.544,0.4952307128483256,-0.2164404824754305,0.5669659009879054,0.36491733957671363,-0.31664781965109506
0.545,0.49501182885827877,-0.22132713756843067,0.5673240577803945,0.358156792489081,-0.31978148740279666
0.546,0.49478805930132547,-0.22621160825193637,0.567675460786343,0.35140300594853596,-0.31978148740279666
0.547,0.4945594063859809,-0.23109384631819394,0.5680201167595376,0.3446559731945315,-0.31978148740279666
0.548,0.494325872368957,-0.2359738035814847,0.5683580324470109,0.33791568747328105,-0.31978148740279666
0.549,0.4940874595551402,-0.24085143187860064,0.5686892145890486,0.3311821420377518,-0.31978148740279666
0.55,0.49384417029756883,-0.24572668306931958,0.569013610294222,0.32439570517341243,-0.32276273611508105
0.551,0.4935960069974096,-0.25059950903688044,0.5693312263489679,0.3176160547459374,-0.32276273611508105
0.552,0.493342972103934,-0.2554698616884579,0.5696420695329368,0.3108431839688898,-0.32276273611508105
0.553,0.49308506811449443,-0.26033769295563824,0.5699461466189994,0.3040770860626193,-0.32276273611508105
0.554,0.492822297574499,-0.26520295479489164,0.5702434643732537,0.29731775425425505,-0.32276273611508105
0.555,0.49255466307738693,-0.270065599188048,0.5705339729575812,0.2905085843275123,-0.3255926086244244
0.556,0.49228216726460267,-0.2749255781427703,0.5708176791811519,0.2837062235706963,-0.3255926086244244
0.557,0.49200481282556985,-0.27978284369302825,0.5710945898463266,0.27691066517463714,-0.3255926086244244
0.558,0.4917226024976648,-0.28463734789957185,0.5713647117486635,0.27012190233697403,-0.3255926086244244
0.559,0.4914355390661896,-0.28948904285040444,0.5716280516769257,0.2633399282621486,-0.3255926086244244
0.56,0.4911436253643443,-0.29433788066125555,0.5718845628213535,0.25651114442784273,-0.32827219530218393
0.561,0.49084686427319946,-0.29918381347605316,0.5721342520107309,0.24968918937737122,-0.32827219530218393
0.562,0.49054525872166704,-0.3040267934673975,0.5723771260670129,0.24287405628195016,-0.32827219530218393
0.5630000000000001,0.4902388116864722,-0.30886677283703096,0.5726131918053324,0.23606573831962455,-0.32827219530218393
0.5640000000000001,0.48992752619212343,-0.3137037038163111,0.5728424560340077,0.22926422867526125,-0.32827219530218393
0.5650000000000001,0.4896114053108829,-0.3185375386666817,0.5730648749458214,0.22241891181360934,-0.3308026316488326
0.5660000000000001,0.48929045216273603,-0.32336822968014467,0.5732804553860902,0.2155804402688191,-0.3308026316488326
0.5670000000000001,0.4889646699153609,-0.32819572917972967,0.5734892041932858,0.20874880719557362,-0.3308026316488326
0.5680000000000001,0.4886340617840967,-0.3330199895199656,0.5736911281990411,0.2019240057554014,-0.3308026316488326
0.5690000000000001,0.4882986310319123,-0.33784096308735057,0.5738862342281578,0.19510602911666935,-0.3308026316488326
0.5700000000000001,0.4879583809693737,-0.34265860230082146,0.5740744814493265,0.18824722116869638,-0.3331850959428153
0.5710000000000001,0.4876133149546117,-0.3474728596122249,0.5742558767213551,0.1813952720286714,-0.3331850959428153
0.5720000000000001,0.48726343639328856,-0.3522836875067844,0.574430426896193,0.17455017483778643,-0.3331850959428153
0.5730000000000001,0.48690874873856443,-0.35709103850357093,0.5745981388189371,0.16771192274409233,-0.3331850959428153
0.5740000000000001,0.48654925549106326,-0.36189486515597086,0.5747590193278396,0.16088050890249192,-0.3331850959428153
0.5750000000000001,0.4861849601988383,-0.36669512005215454,0.5749130305400942,0.1540112122547015,-0.3354208069443965
0.5760000000000001,0.48581586645733693,-0.37149175581554417,0.5750601793249978,0.14714878490355887,-0.3354208069443965
0.577,0.48544197790936555,-0.3762847251052805,0.5752004725449775,0.14029321997976738,-0.3354208069443965
0.578,0.48506329824505295,-0.381073980616693,0.5753339170555984,0.13344451062089968,-0.3354208069443965
0.579,0.4846798312018147,-0.3858594750817626,0.5754605197055699,0.12660264997139084,-0.3354208069443965
0.58,0.4842915805643156,-0.3906411612695909,0.5755802455324582,0.1197258268883234,-0.33751102165480307
0.581,0.48389855016443273,-0.39541899198686575,0.5756931014130866,0.11285588062833901,-0.33751102165480307
0.582,0.48350074388121755,-0.40019292007832674,0.5757990942174013,0.10599280431461461,-0.33751102165480307
0.583,0.4830981656408574,-0.40496289842723104,0.5758982308084785,0.09913659107720393,-0.33751102165480307
0.584,0.482690819416637,-0.4097288799558176,0.5759905180425315,0.09228723405303067,-0.33751102165480307
0.585,0.4822787092288991,-0.41449081762577356,0.5760759238486879,0.08540580615635952,-0.33945703313090614
0.586,0.48186183914500486,-0.4192486644386963,0.5761544551083755,0.07853125968758504,-0.33945703313090614
0.587,0.4814402132792938,-0.4240023734365586,0.5762261186961407,0.07166358776527933,-0.33945703313090614
0.588,0.48101383579304297,-0.42875189770217165,0.5762909214796557,0.06480278351489592,-0.33945703313090614
0.589,0.480582710894426,-0.4334971903596486,0.5763488703197244,0.0579488400687629,-0.33945703313090614
0.59,0.48014684283847153,-0.4382382045748667,0.576399936007586,0.05106568786158225,-0.34126016835559453
0.591,0.47970623592702144,-0.4429748935559294,0.5764441254263926,0.044189418806608774,-0.34126016835559453
0.592,0.479260894508688,-0.4477072105536289,0.5764814454524132,0.037320026020690275,-0.34126016835559453
0.593,0.47881082297881117,-0.4524351088619067,0.5765119029550407,0.030457502627557694,-0.34126016835559453
0.594,0.4783560257794153,-0.4571585418183158,0.5765355047967986,0.023601841757818244,-0.34126016835559453
0.595,0.4778965073991651,-0.4618774628044795,0.5765522246009914,0.0167198041927813,-0.3429217861639563
0.596,0.47743227237332153,-0.4665918252465528,0.5765620692496567,0.009844648665309392,-0.3429217861639563
0.597,0.4769633252836968,-0.4713015826156816,0.5765650456179501,0.0029763682933649574,-0.3429217861639563
0.598,0.47648967075860943,-0.47600668842846217,0.5765611605741519,-0.0038850437982075334,-0.3429217861639563
0.599,0.4760113134728383,-0.4807070962473997,0.5765504209796741,-0.010739594477688453,-0.3429217861639563
0.6,0.4755282581475768,-0.4854027596813665,0.5765328032592865,-0.017617720387716723,-0.34444327522529805
0.601,0.47504050955038585,-0.4900936323860603,0.5765083142911146,-0.024488968171834966,-0.34444327522529805
0.602,0.47454807249514736,-0.4947796680644609,0.5764769609464064,-0.03135334470816909,-0.34444327522529805
0.603,0.474050951842016,-0.4994608204672887,0.5764387500895385,-0.03821085686796688,-0.34444327522529805
0.604,0.47354915249737217,-0.5041370433934589,0.5763936885780229,-0.04506151151560488,-0.34444327522529805
0.605,0.4730426794137727,-0.5088082906905392,0.5763417556069772,-0.05193297104570888,-0.3458260520809806
0.606,0.47253153758990246,-0.5134745162552047,0.5762829580478609,-0.05879755911628279,-0.3458260520809806
0.607,0.4720157320705249,-0.5181356740336927,0.5762173027652621,-0.06565528259878611,-0.3458260520809806
0.608,0.47149526794643226,-0.5227917180222579,0.5761447966169042,-0.07250614835780694,-0.3458260520809806
0.609,0.4709701503543953,-0.5274426022676256,0.5760654464536531,-0.07935016325106875,-0.3458260520809806
0.61,0.4704403844771127,-0.5320882808674463,0.5759792342093805,-0.08621224427257757,-0.347071559237994
0.611,0.4699059755431598,-0.5367287079707475,0.5758861667461674,-0.09306746321306486,-0.347071559237994
0.612,0.4693669288269371,-0.5413638377783868,0.5757862509192329,-0.09991582693461168,-0.347071559237994
0.613,0.4688232496486178,-0.5459936245435051,0.5756794935769404,-0.10675734229243694,-0.347071559237994
0.614,0.4682749433740962,-0.5506180225719756,0.5755659015608054,-0.11359201613490438,-0.347071559237994
0.615,0.4677220154149337,-0.5552369862228569,0.5754454595114203,-0.12044204938513206,-0.34818126331812926
0.616,0.46716447122830607,-0.5598504699088422,0.5753181742788183,-0.1272852326021095,-0.34818126331812926
0.617,0.4666023163169493,-0.5644584280967104,0.5751840527061824,-0.13412157263586996,-0.34818126331812926
0.618,0.4660355562291055,-0.5690608153077744,0.5750431016298528,-0.1409510763295967,-0.34818126331812926
0.619,0.4654641965584679,-0.5736575861183305,0.5748953278793332,-0.14777375051962968,-0.34818126331812926
0.62,0.46488824294412573,-0.5782486951601066,0.5747407187694988,-0.1546091098343612,-0.34915665326255796
0.621,0.46430770107050867,-0.5828340971207094,0.5745792811357091,-0.16143763378977802,-0.34915665326255796
0.622,0.4637225766673307,-0.5874137467440737,0.5744110218064878,-0.1682593292212394,-0.34915665326255796
0.623,0.46313287550953336,-0.5919875988309061,0.5742359476035306,-0.17507420295726933,-0.34915665326255796
0.624,0.462538603417229,-0.5965556082391331,0.574054065341711,-0.1818822618195632,-0.34915665326255796
0.625,0.46193976625564337,-0.6011177298843462,0.5738653649773814,-0.18870036432957504,-0.3499992385915701
0.626,0.46133636993505744,-0.6056739187402461,0.5736698533286443,-0.19551164873707688,-0.3499992385915701
0.627,0.46072842041074924,-0.6102241298390887,0.5734675372067841,-0.2023161218601712,-0.3499992385915701
0.628,0.4601159236829352,-0.6147683182721272,0.573258423416274,-0.20911379051014242,-0.3499992385915701
0.629,0.45949888579671067,-0.6193064391900563,0.5730425187547825,-0.21590466149146367,-0.3499992385915701
0.63,0.4588773128419906,-0.6238384478034544,0.5728198157869981,-0.22270296778435583,-0.350710547719181
0.631,0.458251210953449,-0.6283642993832269,0.5725903213112272,-0.2294944757709551,-0.350710547719181
0.632,0.4576205863104588,-0.6328839492610453,0.5723540421189777,-0.23627919224956778,-0.350710547719181
0.633,0.4569854451370306,-0.63739735282979,0.5721109849949659,-0.24305712401170185,-0.350710547719181
0.634,0.45634579370175143,-0.6419044655439902,0.5718611567171239,-0.24982827784207376,-0.350710547719181
0.635,0.45570163831772265,-0.6464052429202627,0.5716045524250333,-0.25660429209067687,-0.3512921263222592
0.636,0.45505298534249783,-0.6508996405377518,0.5713411788947083,-0.26337353032503136,-0.3512921263222592
0.637,0.45439984117802007,-0.6553876140385675,0.5710710428953871,-0.2701359993211515,-0.3512921263222592
0.638,0.45374221227055844,-0.6598691191282239,0.5707941511895388,-0.27689170584827555,-0.3512921263222592
0.639,0.45308010511064495,-0.6643441115760738,0.5705105105328699,-0.28364065666887245,-0.3512921263222592
0.64,0.45241352623300973,-0.6688125472157495,0.5702201186061424,-0.29039192672747927,-0.35174553576378353
0.641,0.4517424822165174,-0.6732743819455943,0.5699229821606264,-0.29713644551602747,-0.35174553576378353
0.642,0.45106697968410137,-0.6777295717291018,0.5696191079408406,-0.3038742197857871,-0.35174553576378353
0.643,0.45038702530269903,-0.682178072595346,0.5693085026845593,-0.310605256281277,-0.35174553576378353
0.644,0.4497026257831856,-0.6866198406394203,0.5689911731228191,-0.3173295617402714,-0.35174553576378353
0.645,0.4490137878803078,-0.6910548320228675,0.5686671194436091,-0.3240536792099271,-0.35207235156980143
0.646,0.448320518392618,-0.6954830029741125,0.5683363483710471,-0.3307710725621132,-0.35207235156980143
0.647,0.44762282416240584,-0.6999043097888963,0.5679988666225261,-0.3374817485209471,-0.35207235156980143
0.648,0.44692071207563194,-0.7043187088307048,0.5676546809087223,-0.3441857138038222,-0.35207235156980143
0.649,0.44621418906185895,-0.7087261565312027,0.5673037979336009,-0.35088297512141436,-0.35207235156980143
0.65,0.44550326209418395,-0.7131266093906595,0.5669462203582154,-0.35757757538548507,-0.35227416195960737
0.651,0.44478793818916895,-0.7175200239783829,0.5665819548771661,-0.36426548104929174,-0.35227416195960737
0.652,0.4440682244067723,-0.7219063569331435,0.5662110081783587,-0.3709466988074346,-0.35227416195960737
0.653,0.44334412785027827,-0.7262855649636069,0.5658333869430109,-0.3776212353478193,-0.35227416195960737
0.654,0.4426156556662276,-0.7306576048487577,0.5654490978456592,-0.3842890973516636,-0.35227416195960737
0.655,0.44188281504434673,-0.7350224334383266,0.5650581459860763,-0.3909518595828844,-0.3523525664286239
0.656,0.44114561321747664,-0.7393800076532187,0.5646605380270244,-0.397607959051874,-0.3523525664286239
0.657,0.44040405746150185,-0.7437302844859344,0.564256280624603,-0.40425740242139463,-0.3523525664286239
0.658,0.4396581550952781,-0.7480732210009988,0.5638453804282554,-0.4109001963475457,-0.3523525664286239
0.659,0.43890791348056085,-0.7524087743353807,0.5634278440807756,-0.41753634747977064,-0.3523525664286239
0.66,0.43815334002193174,-0.7567369016989203,0.5630036790861557,-0.42416499461995955,-0.3523091743834327
0.661,0.4373944421667264,-0.7610575603747465,0.5625728920730426,-0.43078701311300827,-0.3523091743834327
0.662,0.43663122740496,-0.765370707719704,0.5621354896634551,-0.43740240958756393,-0.3523091743834327
0.663,0.43586370326925444,-0.769676301164768,0.5616914784727894,-0.44401119066564504,-0.3523091743834327
0.664,0.43509187733476284,-0.7739742982154706,0.5612408651098268,-0.45061336296264803,-0.3523091743834327
0.665,0.4343157572190956,-0.7782646564523165,0.5607836594481506,-0.45720566167625265,-0.352145603828363
0.666,0.43353535058224507,-0.7825473335312007,0.5603198680800594,-0.4637913680911437,-0.352145603828363
0.667,0.43275066512650945,-0.7868222871838307,0.5598494975912598,-0.4703704887996198,-0.352145603828363
0.668,0.4319617085964177,-0.7910894752181385,0.5593725545608724,-0.47694303038738745,-0.352145603828363
0.669,0.43116848877865194,-0.7953488555187025,0.5588890455614388,-0.48350899943356734,-0.352145603828363
0.67,0.4303710135019718,-0.7996003860471571,0.5583989828014027,-0.490062760036194,-0.35186348010301094
0.671,0.4295692906371361,-0.8038440248426136,0.5579023728345245,-0.496609966878218,-0.35186348010301094
0.672,0.4287633280968261,-0.8080797300220696,0.5573992222080111,-0.5031506265134,-0.35186348010301094
0.673,0.42795313383556655,-0.8123074597808251,0.5568895374625221,-0.5096847454889468,-0.35186348010301094
0.674,0.4271387158496476,-0.8165271723928949,0.5563733251321766,-0.5162123303455181,-0.35186348010301094
0.675,0.42632008217704614,-0.8207388262114179,0.555850599725468,-0.5227254067085731,-0.3514644346700309
0.676,0.42549724089734586,-0.8249423796690725,0.5553213677554728,-0.5292319699952652,-0.3514644346700309
0.677,0.4246702001316583,-0.8291377912784819,0.5547856357287542,-0.5357320267186706,-0.3514644346700309
0.678,0.42383896804254156,-0.8333250196326286,0.5542434101453688,-0.5422255833853525,-0.3514644346700309
0.679,0.4230035528339211,-0.8375040234052575,0.5536946974988735,-0.5487126464953678,-0.3514644346700309
0.68,0.4221639627510075,-0.8416747613512904,0.5531395145629455,-0.5551829359279226,-0.3509501039525087
0.681,0.4213202060802161,-0.8458371923072258,0.5525778678078744,-0.5616467550710448,-0.3509501039525087
0.682,0.4204722911490846,-0.8499912751915516,0.5520097636974794,-0.568104110395024,-0.3509501039525087
0.683,0.41962022632619084,-0.854136969005147,0.5514352086891158,-0.5745550083636791,-0.3509501039525087
0.684,0.4187640200210709,-0.8582742328316868,0.5508542092336814,-0.5809994554343656,-0.3509501039525087
0.685,0.4179036806841351,-0.8624030258380486,0.5502667843351381,-0.5874248985433352,-0.35032212822019765
0.686,0.41703921680658557,-0.8665233072747108,0.5496729404189289,-0.5938439162091959,-0.35032212822019765
0.687,0.4161706369203316,-0.8706350364761606,0.5490726839040715,-0.6002565148573906,-0.35032212822019765
0.6880000000000001,0.41529794959790634,-0.8747381728612893,0.5484660212031646,-0.6066627009069372,-0.35032212822019765
0.6890000000000001,0.4144211634523809,-0.8788326759337985,0.5478529587223941,-0.6130624807704342,-0.35032212822019765
0.6900000000000001,0.41354028713728086,-0.8829185052825949,0.547233517661094,-0.6194410613001413,-0.34958215052387476
0.6910000000000001,0.41265532934649984,-0.8869956205821925,0.5466077043978447,-0.6258132632493186,-0.34958215052387476
0.6920000000000001,0.41176629881421367,-0.8910639815931104,0.5459755253048482,-0.6321790929965468,-0.34958215052387476
0.6930000000000001,0.4108732043147951,-0.8951235481622664,0.5453369867479342,-0.6385385569140278,-0.34958215052387476
0.6940000000000001,0.4099760546627261,-0.8991742802233784,0.5446920950865666,-0.6448916613675914,-0.34958215052387476
0.6950000000000001,0.4090748587125117,-0.9032161377973557,0.5440408736805468,-0.6512214060197645,-0.34873181567703904
0.6960000000000001,0.4081696253585919,-0.9072490809926963,0.5433833288596195,-0.6575448209272855,-0.34873181567703904
0.6970000000000001,0.4072603635352547,-0.9112730700058785,0.5427194669471996,-0.663861912419899,-0.34873181567703904
0.6980000000000001,0.4063470822165469,-0.9152880651217561,0.5420492942603786,-0.6701726868210199,-0.34873181567703904
0.6990000000000001,0.4054297904161867,-0.9192940267139469,0.5413728171099309,-0.6764771504477397,-0.34873181567703904
0.7000000000000001,0.4045084971874737,-0.9232909152452282,0.5406900609812479,-0.6827561286829752,-0.3477727692841609
0.7010000000000001,0.4035832116232001,-0.9272786912679242,0.540001032153308,-0.6890288279399754,-0.3477727692841609
0.7020000000000001,0.402653942855561,-0.9312573154242945,0.5393057368988102,-0.6952952544977187,-0.3477727692841609
0.7030000000000001,0.40172070005606375,-0.9352267484469257,0.5386041814841813,-0.7015554146289041,-0.3477727692841609
0.704,0.4007834924354384,-0.9391869511591149,0.5378963721695814,-0.7078093145999584,-0.3477727692841609
0.705,0.3998423292435453,-0.9431378844752626,0.5371823365311598,-0.7140356384216517,-0.3467066568146635
0.706,0.3988972197692856,-0.9470795094012501,0.5364620807952403,-0.7202557359195234,-0.3467066568146635
0.707,0.39794817334050797,-0.9510117870348317,0.5357356111819204,-0.7264696133198971,-0.3467066568146635
0.708,0.39699519932391775,-0.9549346785660138,0.5350029339050775,-0.7326772768428705,-0.3467066568146635
0.709,0.39603830712498356,-0.9588481452774416,0.5342640551723752,-0.738878732702321,-0.3467066568146635
0.71,0.39507750618784526,-0.9627521485447778,0.5335190046159511,-0.7450505564240546,-0.3455351227217969
0.711,0.39411280599522003,-0.9666466498370871,0.5327677884076291,-0.7512162083220665,-0.3455351227217969
0.712,0.3931442160683095,-0.970531610717213,0.5320104127130609,-0.7573756945681803,-0.3455351227217969
0.713,0.3921717459667052,-0.9744069928421605,0.5312468836917329,-0.7635290213280481,-0.3455351227217969
0.714,0.3911954052882941,-0.9782727579634732,0.5304772074969717,-0.769676194761156,-0.3455351227217969
0.715,0.39021520366916496,-0.982128867927609,0.5297014157822132,-0.7757917147585058,-0.34425980960554936
0.716,0.3892311507835117,-0.9859752846763205,0.5289195146629774,-0.7819011192358584,-0.34425980960554936
0.717,0.3882432563435394,-0.9898119702470259,0.5281315102486687,-0.7880044143087335,-0.34425980960554936
0.718,0.3872515300993669,-0.9936388867731888,0.5273374086425822,-0.7941016060865357,-0.34425980960554936
0.719,0.3862559818389323,-0.997455996484687,0.5265372159419096,-0.8001927006725601,-0.34425980960554936
0.72,0.3852566213878946,-1.0012632617081896,0.5257309657867894,-0.8062501551202619,-0.3428823574187188
0.721,0.38425345860953836,-1.005060644867525,0.5249186642346758,-0.812301552113516,-0.3428823574187188
0.722,0.3832465034046749,-1.0088481084840555,0.524100317336966,-0.8183468977097769,-0.3428823574187188
0.723,0.3822357657115458,-1.012625615177043,0.5232759311390056,-0.8243861979604414,-0.3428823574187188
0.724,0.38122125550572405,-1.0163931276640223,0.5224455116800948,-0.8304194589108553,-0.3428823574187188
0.725,0.38020298280001547,-1.0201506087611667,0.5216090945525885,-0.8364171275062495,-0.3414044027152521
0.726,0.379180957644361,-1.0238980213836537,0.5207666857541555,-0.8424087984330483,-0.3414044027152521
0.727,0.378155190125736,-1.0276353285460342,0.5199182912764666,-0.8483944776889203,-0.3414044027152521
0.728,0.377125690368052,-1.031362493362595,0.5190639171052011,-0.8543741712655364,-0.3414044027152521
0.729,0.3760924685320557,-1.0350794790477242,0.5182035692200525,-0.8603478851485759,-0.3414044027152521
0.73,0.3750555348152298,-1.0387862489162734,0.5173372851312302,-0.8662840888222264,-0.33982757793995466
0.731,0.37401489945169125,-1.0424827663839216,0.516465070774938,-0.8722143562922032,-0.33982757793995466
0.732,0.3729705727120911,-1.046168994967532,0.5155869320814432,-0.8781386934947101,-0.33982757793995466
0.733,0.3719225649035126,-1.0498448982855175,0.5147028749750833,-0.8840571063600144,-0.33982757793995466
0.734,0.37087088636936966,-1.0535104400581972,0.5138129053742708,-0.8899696008124536,-0.33982757793995466
0.735,0.36981554748930495,-1.0571655841081522,0.512917062672844,-0.895842701426814,-0.3381535107586413
0.736,0.36875655867908697,-1.0608102943605877,0.5120153527439034,-0.90170992894056,-0.3381535107586413
0.737,0.367693930390508,-1.064444534843684,0.5111077814546766,-0.9075712892267923,-0.3381535107586413
0.738,0.36662767311128,-1.0680682696889554,0.5101943546665239,-0.9134267881527384,-0.3381535107586413
0.739,0.3655577973649321,-1.0716814631316007,0.5092750782349441,-0.9192764315797585,-0.3381535107586413
0.74,0.3644843137107057,-1.0752840795108611,0.5083499934033274,-0.9250848316167348,-0.3363838234278076
0.741,0.36340723274345144,-1.0788760832703659,0.5074191059800738,-0.9308874232536742,-0.3363838234278076
0.742,0.3623265650935234,-1.082457438958489,0.5064824217677748,-0.9366842122989767,-0.3363838234278076
0.743,0.36124232142667495,-1.0860281112286954,0.5055399465632195,-0.9424752045552338,-0.3363838234278076
0.744,0.3601545124439535,-1.0895880648398908,0.5045916861574004,-0.9482604058192348,-0.3363838234278076
0.745,0.3590631488815944,-1.0931372646567714,0.5036376836093429,-0.954002548057473,-0.3345201322028729
0.746,0.35796824151091566,-1.0966756756501665,0.5026779446611894,-0.9597389481534729,-0.3345201322028729
0.747,0.35686980113821065,-1.1002032628973895,0.50171247504934,-0.965469611849377,-0.3345201322028729
0.748,0.3557678386046427,-1.103719991582577,0.5007412805044584,-0.9711945448815851,-0.3345201322028729
0.749,0.3546623647861369,-1.107225826997038,0.4997643667514777,-0.976913752980761,-0.3345201322028729
0.75,0.3535533905932738,-1.1107207345395915,0.49878177863131423,-0.9825881201634614,-0.33256404678405693
0.751,0.3524409269711808,-1.1142046797169107,0.49779352181833525,-0.988256812978979,-0.33256404678405693
0.752,0.3513249848994246,-1.1176776281438645,0.4967996019812336,-0.9939198371016812,-0.33256404678405693
0.753,0.3502055753919033,-1.1211395455438529,0.4958000247830333,-0.9995771982002607,-0.33256404678405693
0.754,0.3490827094967363,-1.1245903977491494,0.4947947958810956,-1.0052289019377416,-0.33256404678405693
0.755,0.3479563982961572,-1.128030150701235,0.49378396186466383,-1.0108340164317824,-0.33051716979892476
0.756,0.34682665290640247,-1.1314587704511379,0.4927675283388525,-1.016433525811329,-0.33051716979892476
0.757,0.34569348447760323,-1.1348762231597647,0.49174550090317104,-1.0220274356814962,-0.33051716979892476
0.758,0.3445569041936742,-1.138282475098237,0.49071788515152925,-1.0276157516417932,-0.33051716979892476
0.759,0.34341692327220413,-1.141677492648223,0.48968468667224313,-1.03319847928613,-0.33051716979892476
0.76,0.3422735529643444,-1.1450612423022704,0.48864595376950987,-1.0387329027332566,-0.32838109632063955
0.761,0.34112680455469824,-1.1484336906641368,0.48760169197775294,-1.0442617917569361,-0.32838109632063955
0.762,0.33997668936120967,-1.151794804449117,0.48655190682586136,-1.049785151891592,-0.32838109632063955
0.763,0.3388232187350511,-1.1551445504843765,0.48549660383719523,-1.0553029886661132,-0.32838109632063955
0.764,0.3376664040605123,-1.158482895709273,0.48443578852959135,-1.0608153076038598,-0.32838109632063955
0.765,0.33650625675488666,-1.1618098071756873,0.4833695108890267,-1.066277640564675,-0.3261574134209576
0.766,0.33534278826836006,-1.1651252520483464,0.48229777637783416,-1.0717345111925294,-0.3261574134209576
0.767,0.33417601008389647,-1.168429197605148,0.4812205904528844,-1.077185924949756,-0.3261574134209576
0.768,0.33300593371712583,-1.171721611237483,0.48013795856559116,-1.0826318872932255,-0.3261574134209576
0.769,0.33183257071622935,-1.175002460450558,0.4790498861619168,-1.0880724036743514,-0.3261574134209576
0.77,0.3306559326618259,-1.1782717128637166,0.47795642487665096,-1.093461285265817,-0.3238476997569913
0.771,0.32947603116685853,-1.1815293362107564,0.4768575800986753,-1.098844777975691,-0.3238476997569913
0.772,0.3282928778764782,-1.1847752983402509,0.47575335721148243,-1.104222887192855,-0.3238476997569913
0.773,0.3271064844679306,-1.1880095672158635,0.4746437615931816,-1.109595618300802,-0.3238476997569913
0.774,0.32591686265043934,-1.191232110916667,0.473528798616504,-1.114962976677641,-0.3238476997569913
0.775,0.3247240241650919,-1.194442897637455,0.47240852153229923,-1.1202770842047787,-0.3214535251907684
0.776,0.3235279807847221,-1.19764189568906,0.47128293565467483,-1.1255858776243892,-0.3214535251907684
0.777,0.3223287443137957,-1.2008290734986615,0.47015204629242424,-1.1308893622505802,-0.3214535251907684
0.778,0.32112632658829227,-1.2040043996101022,0.4690158587490321,-1.1361875433921451,-0.3214535251907684
0.779,0.3199207394755892,-1.2071678426841952,0.46787437832267953,-1.1414804263525684,-0.3214535251907684
0.78,0.31871199487434493,-1.210319371499034,0.4667276598477445,-1.146718474935028,-0.31897645044060885
0.781,0.3175001047143803,-1.213458954950302,0.4655757085622756,-1.1519512854689054,-0.31897645044060885
0.782,0.31628508095656227,-1.2165865620515777,0.46441852969908337,-1.1571788631922486,-0.31897645044060885
0.783,0.3150669355926845,-1.219702161934642,0.4632561284857455,-1.1624012133378685,-0.31897645044060885
0.784,0.3138456806453503,-1.2228057238497814,0.46208851014461216,-1.1676183411333427,-0.31897645044060885
0.785,0.31262132816785254,-1.2258972171660933,0.4609157310612847,-1.1727790833274763,-0.3164180267633444
0.786,0.3113938902440563,-1.2289766113717864,0.4597377963965053,-1.1779346647794158,-0.3164180267633444
0.787,0.31016337898827795,-1.2320438760744834,0.4585547113058554,-1.1830850906499033,-0.3164180267633444
0.788,0.30892980654516716,-1.2350989810015194,0.4573664809397609,-1.1882303660945204,-0.3164180267633444
0.789,0.3076931850895858,-1.2381418960002424,0.45617311044349723,-1.1933704962636928,-0.3164180267633444
0.79,0.3064535268264882,-1.2411725910383105,0.4549746577218165,-1.1984527216807572,-0.31377979566640335
0.791,0.3052108439908013,-1.2441910362039863,0.4537711278569441,-1.2035298648724044,-0.31377979566640335
0.792,0.30396514884730264,-1.2471972017064354,0.45256252592602325,-1.20860193092086,-0.31377979566640335
0.793,0.3027164536905007,-1.2501910578760171,0.45134885700112,-1.2136689249032673,-0.31377979566640335
0.794,0.3014647708445123,-1.2531725751645806,0.4501301261492283,-1.2187308518916922,-0.31377979566640335
0.795,0.300210112662942,-1.256141724145753,0.44890639276241556,-1.2237333868127762,-0.3110632886487909
0.796,0.29895249152875936,-1.2590984755152337,0.4476776618432166,-1.2287309191989393,-0.3110632886487909
0.797,0.2976919198541774,-1.2620428000910788,0.4464439383891639,-1.2337234540527162,-0.3110632886487909
0.798,0.29642841008052967,-1.2649746688139947,0.4452052273927923,-1.2387109963716394,-0.3110632886487909
0.799,0.29516197467814725,-1.2678940527476203,0.44396153384164405,-1.2436935511482436,-0.3110632886487909
0.8,0.2938926261462366,-1.2708009230788149,0.44271291858350753,-1.248615258136495,-0.30827002696998623
0.801,0.292620377012755,-1.2736952511179418,0.44145938654008976,-1.2535320434177584,-0.30827002696998623
0.802,0.29134523983428806,-1.2765770082991517,0.440200942628176,-1.2584439119137403,-0.30827002696998623
0.803,0.2900672271959246,-1.2794461661806649,0.43893759175963476,-1.2633508685412262,-0.30827002696998623
0.804,0.2887863517111338,-1.2823026964450506,0.4376693388414227,-1.2682529182120847,-0.30827002696998623
0.805,0.2875026260216392,-1.2851465708995098,0.4363962461456999,-1.2730926957227886,-0.3054015214457945
0.806,0.2862160627972954,-1.287977761476148,0.4351183185122439,-1.2779276334559817,-0.3054015214457945
0.807,0.28492667473596195,-1.2907962402322584,0.4338355607759925,-1.2827577362514415,-0.3054015214457945
0.808,0.2836344745633782,-1.2936019793505933,0.4325479777670484,-1.287583008944106,-0.3054015214457945
0.809,0.2823394750330386,-1.2963949511396402,0.43125557431068434,-1.2924034563640778,-0.3054015214457945
0.81,0.28104168892606524,-1.2991751280338955,0.4299584140723312,-1.2971602383531173,-0.3024592722701835
0.811,0.2797411290510835,-1.3019424825941348,0.428656501808771,-1.3019122635601679,-0.3024592722701835
0.812,0.2784378082440939,-1.3046969875076868,0.427349842272029,-1.3066595367420113,-0.3024592722701835
0.8130000000000001,0.277131739368347,-1.3074386155886992,0.4260384402093783,-1.311402062650673,-0.3024592722701835
0.8140000000000001,0.275822935314215,-1.3101673397784106,0.4247223003633449,-1.3161398460334262,-0.3024592722701835
0.8150000000000001,0.27451140899906584,-1.3128831331454136,0.42340148776178027,-1.3208126015646358,-0.2994447688621544
0.8160000000000001,0.2731971733671346,-1.315585968885925,0.42207600707744,-1.3254806843403142,-0.2994447688621544
0.8170000000000001,0.2718802413893962,-1.3182758203240477,0.42074586297840677,-1.330144099033217,-0.2994447688621544
0.8180000000000001,0.27056062606343795,-1.3209526609120326,0.41941106012809537,-1.3348028503114269,-0.2994447688621544
0.8190000000000001,0.26923834041333,-1.3236164642305448,0.418071603185257,-1.3394569428383585,-0.2994447688621544
0.8200000000000001,0.26791339748949833,-1.3262672039889203,0.4167275585095667,-1.3440446756902538,-0.29635948973668585
0.8210000000000001,0.2665858103685942,-1.3289048540254287,0.4153789306887574,-1.3486278208092972,-0.29635948973668585
0.8220000000000001,0.265255592153367,-1.3315293883075279,0.4140257243059742,-1.3532063827832217,-0.29635948973668585
0.8230000000000001,0.26392275597253306,-1.334140780932125,0.412667943939779,-1.3577803661951722,-0.29635948973668585
0.8240000000000001,0.2625873149806478,-1.3367390061258286,0.4113055941641553,-1.3623497756237106,-0.29635948973668585
0.8250000000000001,0.26124928235797445,-1.339324038245205,0.40993874264025926,-1.366851523896063,-0.29320490239881
0.8260000000000001,0.25990867131035467,-1.3418958517770312,0.4085673938698391,-1.3713487704201432,-0.29320490239881
0.8270000000000001,0.2585654950690786,-1.3444544213385452,0.4071915523501414,-1.3758415196976994,-0.29320490239881
0.8280000000000001,0.25721976689075315,-1.3469997216776992,0.4058112225739154,-1.3803297762259779,-0.29320490239881
0.8290000000000001,0.25587150005717246,-1.3495317276734058,0.4044264090294177,-1.384813544497728,-0.29320490239881
0.8300000000000001,0.25452070787518555,-1.3520504143357885,0.40303718064919924,-1.389228380218428,-0.2899824632598824
0.8310000000000001,0.25316740367656626,-1.3545557568064261,0.40164354184809586,-1.393638801103407,-0.2899824632598824
0.8320000000000001,0.2518116008178803,-1.357047730358601,0.40024549703652834,-1.3980448115675013,-0.2899824632598824
0.833,0.2504533126803551,-1.3595263103975386,0.39884305062050723,-1.4024464160211314,-0.2899824632598824
0.834,0.24909255266974545,-1.3619914724606563,0.3974362070016369,-1.406843618870308,-0.2899824632598824
0.835,0.24772933421620388,-1.3644431922177986,0.39602503635403397,-1.41117064760294,-0.28669361757511325
0.836,0.24636367077414578,-1.3668814454714824,0.3946095430047271,-1.4154933493068393,-0.28669361757511325
0.837,0.2449955758221184,-1.369306208157131,0.3931897312764181,-1.4198117283090348,-0.28669361757511325
0.838,0.24362506286266633,-1.3717174563433165,0.39176560548748585,-1.424125788932228,-0.28669361757511325
0.839,0.24225214542219906,-1.374115166231993,0.390337169951991,-1.4284355354947982,-0.28669361757511325
0.84,0.2408768370508578,-1.3764993141587314,0.3889044960560437,-1.4326738959473324,-0.28333979940144643
0.841,0.23949915132238056,-1.3788698765929543,0.3874675880380043,-1.436908018039414,-0.28333979940144643
0.842,0.2381191018339697,-1.3812268301381674,0.3860264501319949,-1.4411379060094036,-0.28333979940144643
0.843,0.2367367022061561,-1.3835701515321912,0.38458108656790346,-1.445363564091423,-0.28333979940144643
0.844,0.2353519660826664,-1.3858998176473887,0.3831315015713881,-1.4495849965153607,-0.28333979940144643
0.845,0.2339649071302867,-1.388215805490897,0.38167776771123774,-1.4537338601503427,-0.2799224315748637
0.846,0.23257553903872927,-1.3905180922048501,0.38021988913631605,-1.4578785749216896,-0.2799224315748637
0.847,0.23118387552049588,-1.3928066550666083,0.37875786999133776,-1.4620191449782651,-0.2799224315748637
0.848,0.229789930310744,-1.3950814714889794,0.377291714416873,-1.466155574464784,-0.2799224315748637
0.849,0.2283937171671499,-1.397342519020444,0.3758214265493512,-1.4702878675218165,-0.2799224315748637
0.85,0.22699524986977343,-1.3995897753453763,0.3743470801111828,-1.4743464381684193,-0.2764429257062235
0.851,0.22559454222092265,-1.401823218284263,0.3728686791609384,-1.4784009502443753,-0.2764429257062235
0.852,0.22419160804501614,-1.4040428257939244,0.3713862277531301,-1.4824514078082554,-0.2764429257062235
0.853,0.22278646118844825,-1.4062485759677297,0.36989972993821557,-1.4864978149145716,-0.2764429257062235
0.854,0.22137911551945078,-1.4084404470358163,0.3684091897626018,-1.4905401756137815,-0.2764429257062235
0.855,0.21996958492795765,-1.4106184173653005,0.36691468207351974,-1.4945076890820626,-0.27290268219474395
0.856,0.21855788332546644,-1.4127824654604955,0.36541621083848286,-1.4984712350368754,-0.27290268219474395
0.857,0.21714402464490237,-1.4149325699631194,0.36391378002103714,-1.5024308174457335,-0.27290268219474395
0.858,0.21572802284047965,-1.4170687096525094,0.36240739358076496,-1.5063864402721827,-0.27290268219474395
0.859,0.21430989188756422,-1.4191908634458288,0.36089705547328915,-1.5103381074758053,-0.27290268219474395
0.86,0.21288964578253644,-1.4212990103982763,0.35938284164211565,-1.5142138311734945,-0.2693030902582467
0.861,0.21146729854265164,-1.4233931297032933,0.3578647559629682,-1.518085679147486,-0.2693030902582467
0.862,0.21004286420590323,-1.4254732006927668,0.35634280230769466,-1.5219536552735033,-0.2693030902582467
0.863,0.20861635683088264,-1.4275392028372367,0.35481698454427124,-1.5258177634233947,-0.2693030902582467
0.864,0.20718779049664215,-1.429591115746095,0.3532873065368061,-1.5296780074651362,-0.2693030902582467
0.865,0.20575717930255435,-1.4316289191677904,0.3517538452967889,-1.533461240017257,-0.2656455279792998
0.866,0.20432453736817457,-1.4336525929900255,0.3502166046074521,-1.5372406893368256,-0.2656455279792998
0.867,0.20288987883310014,-1.4356621172399566,0.348675588248245,-1.5410163592070747,-0.2656455279792998
0.868,0.20145321785683137,-1.437657472084391,0.34713079999483754,-1.5447882534074535,-0.2656455279792998
0.869,0.2000145686186325,-1.4396386378299817,0.34558224361912393,-1.548556375713632,-0.2656455279792998
0.87,0.1985739453173903,-1.4416055949234228,0.3440299971725387,-1.5522464465852466,-0.26193136236640446
0.871,0.1971313621714756,-1.4435583239516414,0.3424740643451527,-1.5559328273859894,-0.26193136236640446
0.872,0.19568683341860119,-1.445496805641991,0.34091444882334676,-1.5596155218059315,-0.26193136236640446
0.873,0.1942403733156831,-1.4474210208624394,0.3393511542898153,-1.5632945335314536,-0.26193136236640446
0.874,0.19279199613869824,-1.4493309506217595,0.33778418442357006,-1.5669698662452503,-0.26193136236640446
0.875,0.19134171618254495,-1.4512265760697154,0.33621361828820245,-1.5705661353675928,-0.25816194942938975
0.876,0.1898895477609007,-1.4531078784972493,0.33463945947998164,-1.574158808220813,-0.25816194942938975
0.877,0.18843550520608135,-1.454974839336666,0.33306171159158043,-1.5777478884011802,-0.25816194942938975
0.878,0.18697960286890034,-1.4568274401618155,0.33148037821207904,-1.5813333795013669,-0.25816194942938975
0.879,0.1855218551185255,-1.4586656626882757,0.3298954629269686,-1.5849152851104533,-0.25816194942938975
0.88,0.18406227634233907,-1.4604894887735322,0.32830704578445785,-1.5884171425107065,-0.2543386342681827
0.881,0.18260088094579388,-1.4622989004171583,0.3267151302864043,-1.5919154980535595,-0.2543386342681827
0.882,0.1811376833522729,-1.4640938797609908,0.32511971993116345,-1.5954103552408696,-0.2543386342681827
0.883,0.1796726980029453,-1.4658744090893088,0.32352081821359246,-1.5989017175709923,-0.2543386342681827
0.884,0.1782059393566254,-1.4676404708290065,0.32191842862505365,-1.6023895885387849,-0.2543386342681827
0.885,0.1767374218896287,-1.4693920475497675,0.3203126321710799,-1.605796453973729,-0.2504627511741447
0.886,0.1752671600956295,-1.4711291219642368,0.3187034322585367,-1.6091999125432381,-0.2504627511741447
0.887,0.17379516848551863,-1.4728516769281912,0.31709083229088253,-1.6125999676541778,-0.2504627511741447
0.888,0.17232146158725853,-1.4745596954407088,0.3154748356681725,-1.6159966227100064,-0.2504627511741447
0.889,0.17084605394574173,-1.4762531606443359,0.31385544578706176,-1.6193898811107794,-0.2504627511741447
0.89,0.16936896012264566,-1.477932055825255,0.3122327445833572,-1.622701203704532,-0.24653562374317492
0.891,0.16789019469629038,-1.4795963644134484,0.3106067353683815,-1.626009214975691,-0.24653562374317492
0.892,0.16640977226149326,-1.4812460699828627,0.30897742145014595,-1.629313918235579,-0.24653562374317492
0.893,0.16492770742942647,-1.482881156251569,0.30734480613335374,-1.6326153167922068,-0.24653562374317492
0.894,0.16344401482747137,-1.4845016070819264,0.3057088927194035,-1.6359134139502782,-0.24653562374317492
0.895,0.16195870909907473,-1.4861074064807398,0.3040697640475672,-1.6391286718363238,-0.242558564999796
0.896,0.16047180490360485,-1.4876985385994168,0.3024274233331027,-1.6423407144644835,-0.242558564999796
0.897,0.15898331691620546,-1.4892749877341263,0.30078187378805266,-1.6455495450500148,-0.242558564999796
0.898,0.15749325982765247,-1.490836738325951,0.2991331186212477,-1.6487551668049607,-0.242558564999796
0.899,0.15600164834420738,-1.4923837749610442,0.29748116103830957,-1.6519575829381516,-0.242558564999796
0.9,0.15450849718747375,-1.4939160823707778,0.29582608475540373,-1.6550762829058427,-0.23853287753145946
0.901,0.1530138210942503,-1.495433645431897,0.2941678928912302,-1.658191864173566,-0.23853287753145946
0.902,0.15151763481638703,-1.4969364491666666,0.2925065885613702,-1.6613043298600216,-0.23853287753145946
0.903,0.15001995312063823,-1.4984244787430205,0.2908421748782894,-1.6644136830807907,-0.23853287753145946
0.904,0.14852079078851746,-1.4998977194747078,0.28917465495134104,-1.6675199269483392,-0.23853287753145946
0.905,0.14702016261615208,-1.501356156821437,0.287504113347247,-1.670541604094037,-0.23445985363230729
0.906,0.14551808341413588,-1.5027997763890206,0.2858305530876844,-1.6735602595625891,-0.23445985363230729
0.907,0.14401456800738466,-1.5042285639295159,0.28415397719130875,-1.6765758963756727,-0.23445985363230729
0.908,0.14250963123498803,-1.505642505341367,0.2824743886737568,-1.6795885175519432,-0.23445985363230729
0.909,0.14100328795006475,-1.5070415866695424,0.28079179054764974,-1.6825981261070373,-0.23445985363230729
0.91,0.13949555301961455,-1.5084257941056751,0.2791062682041597,-1.6855223434900435,-0.23034077545566173
0.911,0.13798644132437288,-1.509795113988196,0.277417824567504,-1.6884436366556668,-0.23034077545566173
0.912,0.13647596775866253,-1.5111495328024709,0.2757264625589759,-1.6913620085281242,-0.23034077545566173
0.913,0.13496414723024816,-1.5124890371809325,0.2740321850969472,-1.6942774620287093,-0.23034077545566173
0.914,0.13345099466018787,-1.513813613903214,0.2723349950968714,-1.6971900000757938,-0.23034077545566173
0.915,0.1319365249826864,-1.5151232498962772,0.27063497874849224,-1.7000163483792083,-0.22617691517451508
0.916,0.13042075314494853,-1.5164179322345441,0.2689321388781579,-1.7028398703343195,-0.22617691517451508
0.917,0.12890369410702987,-1.5176976481400226,0.26722647830939045,-1.7056605687674755,-0.22617691517451508
0.918,0.12738536284169114,-1.518962384982433,0.26551799986288827,-1.7084784465021983,-0.22617691517451508
0.919,0.12586577433424845,-1.5202121302793339,0.2638067063565291,-1.7112935063591863,-0.22617691517451508
0.92,0.12434494358242741,-1.521446871696243,0.26209268475297326,-1.7140216035558136,-0.22196953514932033
0.921,0.12282288559621306,-1.5226665970467619,0.26037593778031803,-1.7167469726552442,-0.22196953514932033
0.922,0.1212996153977037,-1.523871294292693,0.25865646816393245,-1.7194696163855754,-0.22196953514932033
0.923,0.119775148020961,-1.5250609515441613,0.2569342786264603,-1.7221895374721763,-0.22196953514932033
0.924,0.1182494985118623,-1.52623555705973,0.2552093718878226,-1.7249067386376906,-0.22196953514932033
0.925,0.11672268192795276,-1.5273950992465164,0.2534818356581615,-1.7275362296611008,-0.21771988810238743
0.926,0.11519471333829523,-1.5285395666603079,0.251751672566968,-1.7301630911934873,-0.21771988810238743
0.927,0.11366560782332324,-1.5296689480056724,0.25001888524110366,-1.7327873258643416,-0.21771988810238743
0.928,0.1121353804746905,-1.530783232136073,0.24828347630480313,-1.735408936300525,-0.21771988810238743
0.929,0.11060404639512357,-1.5318824080539741,0.24654544837967685,-1.7380279251262722,-0.21771988810238743
0.93,0.10907162069827116,-1.532966464910954,0.24480488989812973,-1.7405584815471102,-0.21342921729821593
0.931,0.10753811850855667,-1.5340353920078087,0.2430618033907182,-1.7430865074115274,-0.21342921729821593
0.932,0.1060035549610274,-1.5350891787946594,0.24131619138546812,-1.74561200525008,-0.21342921729821593
0.933,0.10446794520120581,-1.536127814871056,0.23956805640787732,-1.7481349775907944,-0.21342921729821593
0.934,0.1029313043849407,-1.5371512899860795,0.23781740098091814,-1.7506554269591679,-0.21342921729821593
0.935,0.10139364767825616,-1.5381595940384445,0.23606431423425134,-1.7530867466667908,-0.20909875672910697
0.936,0.09985499025720353,-1.539152717076596,0.23430879859919662,-1.755515635054706,-0.20909875672910697
0.937,0.09831534730770992,-1.5401306492988112,0.23255085650464238,-1.7579420945542334,-0.20909875672910697
0.9380000000000001,0.09677473402543013,-1.5410933810532936,0.23079049037704813,-1.7603661275942613,-0.20909875672910697
0.9390000000000001,0.09523316561559482,-1.5420409028382698,0.2290277026404469,-1.7627877366012492,-0.20909875672910697
0.9400000000000001,0.09369065729286229,-1.542973205302082,0.22726258309695613,-1.7651195434907563,-0.20472973130541905
0.9410000000000001,0.09214722428116671,-1.543890279243281,0.22549513407838276,-1.767449018573374,-0.20472973130541905
0.9420000000000001,0.09060288181356863,-1.544792115610718,0.22372535791420184,-1.769776164180909,-0.20472973130541905
0.9430000000000001,0.08905764513210511,-1.5456787055036314,0.221953256931559,-1.7721009826428367,-0.20472973130541905
0.9440000000000001,0.08751152948763793,-1.5465500401717376,0.2201788334552727,-1.7744234762863023,-0.20472973130541905
0.9450000000000001,0.08596455013970479,-1.5474061110153146,0.21840217793532168,-1.7766555199510128,-0.2003233570498395
0.9460000000000001,0.08441672235636682,-1.548246909585289,0.21662329260374963,-1.7788853315720585,-0.2003233570498395
0.9470000000000001,0.08286806141405983,-1.5490724275833185,0.21484217969036815,-1.7811129133814834,-0.2003233570498395
0.9480000000000001,0.08131858259744167,-1.5498826568618735,0.21305884142275905,-1.7833382676090987,-0.2003233570498395
0.9490000000000001,0.07976830119924311,-1.550677589424318,0.21127328002627657,-1.7855613964824864,-0.2003233570498395
0.9500000000000001,0.07821723252011549,-1.551457217424989,0.20948558657436467,-1.7876934519119054,-0.19588084129507294
0.9510000000000001,0.07666539186848025,-1.5522215331692728,0.2076957631990788,-1.789823375285895,-0.19588084129507294
0.9520000000000001,0.07511279456037856,-1.5529705291136808,0.20590381203034228,-1.7919511687365106,-0.19588084129507294
0.9530000000000001,0.0735594559193186,-1.5537041978659265,0.2041097351959486,-1.7940768343936755,-0.19588084129507294
0.9540000000000001,0.07200539127612608,-1.554422532184995,0.20231353482156342,-1.7962003743851833,-0.19588084129507294
0.9550000000000001,0.07045061596879121,-1.5551255249812168,0.20051530257989494,-1.7982322416684853,-0.1914033828843545
0.9560000000000001,0.06889514534231901,-1.555813169316336,0.19871504050281044,-1.800262077084504,-0.1914033828843545
0.9570000000000001,0.06733899474857616,-1.5564854584035819,0.19691275062014532,-1.8022898826651066,-0.1914033828843545
0.9580000000000001,0.0657821795461412,-1.5571423856077313,0.1951084349597052,-1.8043156604401285,-0.1914033828843545
0.9590000000000001,0.06422471510015147,-1.5577839444451789,0.19330209554726782,-1.8063394124373755,-0.1914033828843545
0.96,0.06266661678215227,-1.5584101285839975,0.1914938246307954,-1.8082709164724224,-0.18689217237421774
0.961,0.06110789996994474,-1.559020931844003,0.18968362414179196,-1.8102004890034344,-0.18689217237421774
0.962,0.05954858004743499,-1.559616348196813,0.18787149600983005,-1.8121281319619154,-0.18689217237421774
0.963,0.057988672404480905,-1.560196371765909,0.18605744216255263,-1.814053847277438,-0.18689217237421774
0.964,0.05642819243674094,-1.5607609968266924,0.18424146452567497,-1.8159776368776448,-0.18689217237421774
0.965,0.05486715554552282,-1.561310217806542,0.18242365589858942,-1.8178086270855467,-0.18234839223897342
0.966,0.053305577137630025,-1.5618440292848683,0.18060401811228619,-1.8196377863032407,-0.18234839223897342
0.967,0.05174347262521143,-1.5623624259931672,0.17878255299592447,-1.8214651163617168,-0.18234839223897342
0.968,0.05018085742560749,-1.562865402815073,0.17695926237683432,-1.8232906190901346,-0.18234839223897342
0.969,0.048617746961199804,-1.5633529547864073,0.1751341480805185,-1.825114296315824,-0.18234839223897342
0.97,0.047054156659257176,-1.5638250770952289,0.17330730343415746,-1.826844646361035,-0.17777321707634408
0.971,0.04549010195178507,-1.5642817650818812,0.17147873016810125,-1.8285732660562009,-0.17777321707634408
0.972,0.043925598275371576,-1.5647230142390385,0.16964843001096958,-1.8303001571316715,-0.17777321707634408
0.973,0.04236066107103681,-1.5651488202117494,0.1678164046896535,-1.8320253213160667,-0.17777321707634408
0.974,0.04079530578407896,-1.5655591787974807,0.1659826559293172,-1.8337487603362774,-0.17777321707634408
0.975,0.039229547863922534,-1.5659540859461594,0.164147277561465,-1.8353783678522162,-0.17316781381375396
0.976,0.03766340276396652,-1.566333537760211,0.16231027121570435,-1.8370063457606391,-0.17316781381375396
0.977,0.03609688594143033,-1.5666975304945994,0.1604716385200132,-1.8386326956911536,-0.17316781381375396
0.978,0.03453001285720303,-1.567046060556863,0.15863138110074146,-1.8402574192717376,-0.17316781381375396
0.979,0.032962798975688934,-1.5673791245071511,0.1567895005826127,-1.841880518128741,-0.17316781381375396
0.98,0.03139525976465679,-1.5676967190582567,0.1549460912781638,-1.8434093044489075,-0.16853334191476654
0.981,0.029827410695085328,-1.5679988410756502,0.15310115471618105,-1.844936561982754,-0.16853334191476654
0.982,0.02825926724101234,-1.5682854875775087,0.15125469242392198,-1.8464622922590666,-0.16853334191476654
0.983,0.02669084487938041,-1.5685566557347475,0.14940670592711688,-1.8479864968051027,-0.16853334191476654
0.984,0.02512215908988483,-1.5688123428710463,0.14755719674997028,-1.849509177146593,-0.16853334191476654
0.985,0.02355322535482148,-1.5690525464628757,0.14570625966292913,-1.8509370870411501,-0.16387095358518244
0.986,0.021984059158932475,-1.569277264139524,0.1438538960939033,-1.8523635690258127,-0.16387095358518244
0.987,0.020414675989255122,-1.569486493683118,0.14200010746937483,-1.8537886245284905,-0.16387095358518244
0.988,0.018845091334967267,-1.5696802330286468,0.14014489521439916,-1.8552122549756656,-0.16387095358518244
0.989,0.01727532068723623,-1.5698584802639812,0.13828826075260675,-1.8566344617923936,-0.16387095358518244
0.99,0.015705379539064118,-1.5700212336298927,0.1364302992893966,-1.8579614632101678,-0.15918179397833498
0.991,0.014135283385136695,-1.5701684915200715,0.13457101215177006,-1.8592871376265243,-0.15918179397833498
0.992,0.012565047721668906,-1.5703002524811416,0.1327104006654016,-1.8606114863684644,-0.15918179397833498
0.993,0.010994688046252598,-1.570416515212676,0.13084846615463994,-1.8619345107616627,-0.15918179397833498
0.994,0.00942421985770423,-1.5705172785672075,0.12898520994250948,-1.8632562121304677,-0.15918179397833498
0.995,0.007853658655910355,-1.5706025415502431,0.12712072764656315,-1.8644822959463199,-0.1544670013991309
0.996,0.006283019941676418,-1.5706723033202716,0.12525502049288478,-1.8657071536783563,-0.1544670013991309
0.997,0.004712319216571993,-1.5707265631887726,0.12338808970633212,-1.8669307865526605,-0.1544670013991309
0.998,0.0031415719827795636,-1.5707653206202226,0.12151993651053804,-1.8681531957940904,-0.1544670013991309
0.999,0.0015707937429397451,-1.570788575232102,0.11965056212791175,-1.869374382626279,-0.1544670013991309
1.0,6.123233995736766e-17,-1.5707963267948966,0.11778006256551797,-1.8704995623937808,-0.14972770750640868
1.0010000000000001,-0.0015707937429398446,-1.570788575232102,0.11590843894853646,-1.8716236169815152,-0.14972770750640868
1.002,-0.003141571982779441,-1.5707653206202226,0.1140356924010218,-1.8727465475146619,-0.14972770750640868
1.0030000000000001,-0.004712319216572093,-1.5707265631887726,0.11216182404590452,-1.8738683551172755,-0.14972770750640868
1.004,-0.006283019941676296,-1.5706723033202716,0.11028683500499224,-1.8749890409122862,-0.14972770750640868
1.0050000000000001,-0.007853658655910454,-1.5706025415502431,0.1084108216523706,-1.8760133526216378,-0.14496503751319245
1.006,-0.009424219857704107,-1.5705172785672075,0.10653378501235132,-1.87703664001928,-0.14496503751319245
1.0070000000000001,-0.010994688046252697,-1.570416515212676,0.1046557261082218,-1.8780589041295246,-0.14496503751319245
1.008,-0.012565047721668785,-1.5703002524811416,0.10277664596224614,-1.879080145975659,-0.14496503751319245
1.0090000000000001,-0.014135283385136796,-1.5701684915200715,0.1008965455956662,-1.8801003665799472,-0.14496503751319245
1.01,-0.015705379539063997,-1.5700212336298927,0.09901552172724515,-1.881023868421056,-0.14018011038444406
1.0110000000000001,-0.01727532068723633,-1.5698584802639812,0.09713357528048483,-1.881946446760324,-0.14018011038444406
1.012,-0.018845091334967146,-1.5696802330286468,0.09525070717796358,-1.8828681025212526,-0.14018011038444406
1.0130000000000001,-0.02041467598925522,-1.569486493683118,0.09336691834133716,-1.8837888366264202,-0.14018011038444406
1.014,-0.021984059158932354,-1.569277264139524,0.09148220969133967,-1.8847086499974826,-0.14018011038444406
1.0150000000000001,-0.023553225354821357,-1.569052546462876,0.08959667826921155,-1.8855314221281239,-0.13537403903194012
1.016,-0.02512215908988471,-1.5688123428710463,0.08771032489772491,-1.8863533714866345,-0.13537403903194012
1.0170000000000001,-0.02669084487938029,-1.5685566557347475,0.08582315039882912,-1.8871744988957866,-0.13537403903194012
1.018,-0.028259267241012218,-1.5682854875775087,0.0839351555936516,-1.8879948051775297,-0.13537403903194012
1.0190000000000001,-0.02982741069508543,-1.5679988410756502,0.0820463413024986,-1.888814291152991,-0.13537403903194012
1.02,-0.03139525976465667,-1.5676967190582567,0.08015680486702664,-1.889536435471956,-0.13054793050589025
1.0210000000000001,-0.03296279897568904,-1.5673791245071511,0.07826654700938004,-1.8902578576466018,-0.13054793050589025
1.022,-0.034530012857202905,-1.567046060556863,0.07637556845098097,-1.890978558399073,-0.13054793050589025
1.0230000000000001,-0.036096885941430436,-1.5666975304945991,0.07448386991253017,-1.8916985384507918,-0.13054793050589025
1.024,-0.037663402763966396,-1.566333537760211,0.0725914521140077,-1.8924177985224588,-0.13054793050589025
1.025,-0.03922954786392219,-1.5659540859461596,0.07069841267556011,-1.8930394384475957,-0.12570288618297001
1.026,-0.04079530578407884,-1.5655591787974807,0.0688047522188273,-1.8936604567328075,-0.12570288618297001
1.027,-0.04236066107103646,-1.5651488202117494,0.06691047136482757,-1.894280853999734,-0.12570288618297001
1.028,-0.04392559827537145,-1.5647230142390385,0.06501557073395818,-1.8949006308693936,-0.12570288618297001
1.029,-0.045490101951784725,-1.5642817650818814,0.063120050945996,-1.8955197879621837,-0.12570288618297001
1.03,-0.04705415665925705,-1.5638250770952289,0.06122400987778277,-1.8960410682132298,-0.12084000195041968
1.031,-0.048617746961199464,-1.5633529547864073,0.059327448050598745,-1.896561827184025,-0.12084000195041968
1.032,-0.050180857425607364,-1.562865402815073,0.057430365985202896,-1.8970820653958493,-0.12084000195041968
1.033,-0.05174347262521108,-1.5623624259931674,0.05553276420183344,-1.8976017833694618,-0.12084000195041968
1.034,-0.0533055771376299,-1.5618440292848683,0.05363464322020833,-1.8981209816251008,-0.12084000195041968
1.035,-0.05486715554552248,-1.5613102178065421,0.051736101152197136,-1.8985420680111935,-0.11596036838589405
1.036,-0.05642819243674082,-1.5607609968266924,0.049837138418886234,-1.8989627333109003,-0.11596036838589405
1.037,-0.05798867240448056,-1.5601963717659093,0.04793775544094093,-1.8993829779453073,-0.11596036838589405
1.038,-0.059548580047434865,-1.559616348196813,0.04603795263860585,-1.89980280233508,-0.11596036838589405
1.039,-0.06110789996994462,-1.559020931844003,0.04413773043170539,-1.9002222069004626,-0.11596036838589405
1.04,-0.06266661678215214,-1.5584101285839977,0.04223718714559317,-1.9005432861122176,-0.11106507093277561
1.041,-0.06422471510015135,-1.557783944445179,0.04033632310134841,-1.9008640442447609,-0.11106507093277561
1.042,-0.06578217954614131,-1.5571423856077313,0.03843513861972924,-1.9011844816191716,-0.11106507093277561
1.043,-0.06733899474857603,-1.5564854584035819,0.03653363402117303,-1.901504598556208,-0.11106507093277561
1.044,-0.06889514534231911,-1.555813169316336,0.034631809625796726,-1.9018243953763072,-0.11106507093277561
1.045,-0.0704506159687911,-1.5551255249812168,0.03272976395101438,-1.9020456747823438,-0.10615519007064854
1.046,-0.07200539127612618,-1.554422532184995,0.030827497218105404,-1.9022667329089744,-0.10615519007064854
1.047,-0.07355945591931848,-1.5537041978659267,0.028925009648127924,-1.9024875699774784,-0.10615519007064854
1.048,-0.07511279456037843,-1.552970529113681,0.027022301461919012,-1.902708186208914,-0.10615519007064854
1.049,-0.07666539186848013,-1.5522215331692728,0.025119372880094894,-1.902928581824118,-0.10615519007064854
1.05,-0.07821723252011537,-1.5514572174249892,0.023216322590822985,-1.9030502892719074,-0.10123180148068188
1.051,-0.079768301199243,-1.550677589424318,0.021313150715810737,-1.9031718750122493,-0.10123180148068188
1.052,-0.08131858259744176,-1.5498826568618733,0.019409857376643885,-1.9032933391668507,-0.10123180148068188
1.053,-0.08286806141405972,-1.5490724275833185,0.017506442694786586,-1.9034146818572975,-0.10123180148068188
1.054,-0.08441672235636692,-1.548246909585289,0.015602906791581533,-1.9035359032050538,-0.10123180148068188
1.055,-0.08596455013970467,-1.5474061110153148,0.01369934850475557,-1.9035582868259617,-0.09629597620565068
1.056,-0.08751152948763805,-1.5465500401717376,0.011795767856692322,-1.903580648063249,-0.09629597620565068
1.057,-0.08905764513210498,-1.5456787055036316,0.009892164869753023,-1.9036029869392987,-0.09629597620565068
1.058,-0.09060288181356872,-1.5447921156107178,0.007988539566276551,-1.9036253034764725,-0.09629597620565068
1.059,-0.0921472242811666,-1.5438902792432811,0.006084891968579442,-1.903647597697109,-0.09629597620565068
1.06,-0.09369065729286238,-1.5429732053020817,0.004181321042863942,-1.9035709257154994,-0.09134878080437547
1.061,-0.0952331656155947,-1.5420409028382698,0.002277826712458071,-1.9034943304058713,-0.09134878080437547
1.062,-0.09677473402543023,-1.5410933810532936,0.0003744089007665179,-1.903417811691553,-0.09134878080437547
1.063,-0.09831534730770981,-1.5401306492988114,-0.0015289324687294311,-1.903341369495949,-0.09134878080437547
1.064,-0.09985499025720362,-1.539152717076596,-0.003432197472471972,-1.9032650037425405,-0.09134878080437547
1.065,-0.10139364767825605,-1.5381595940384445,-0.005335287036760777,-1.9030895642888048,-0.08639127750033936
1.066,-0.1029313043849406,-1.5371512899860797,-0.0072382013370352995,-1.9029143002745228,-0.08639127750033936
1.067,-0.10446794520120568,-1.5361278148710562,-0.009140940548559554,-1.902739211524255,-0.08639127750033936
1.068,-0.10600355496102727,-1.5350891787946594,-0.01104350484642229,-1.9025642978627375,-0.08639127750033936
1.069,-0.10753811850855655,-1.5340353920078087,-0.012945894405537173,-1.9023895591148816,-0.08639127750033936
1.07,-0.10907162069827125,-1.532966464910954,-0.014848010065579426,-1.9021156600422526,-0.08142452432428988
1.071,-0.11060404639512345,-1.5318824080539744,-0.01674985210044812,-1.9018420348686962,-0.08142452432428988
1.072,-0.1121353804746906,-1.5307832321360728,-0.018651420783768434,-1.9015686833203134,-0.08142452432428988
1.073,-0.11366560782332313,-1.5296689480056727,-0.020552716388891914,-1.9012956051234788,-0.08142452432428988
1.074,-0.11519471333829533,-1.5285395666603077,-0.022453739188896756,-1.9010228000048413,-0.08142452432428988
1.075,-0.11672268192795264,-1.5273950992465164,-0.024354389957606606,-1.9006507687098486,-0.07644957525061431
1.076,-0.1182494985118624,-1.5262355570597297,-0.026254669067052757,-1.900279109446151,-0.07644957525061431
1.077,-0.11977514802096088,-1.5250609515441613,-0.028154576888894473,-1.8999078218417171,-0.07644957525061431
1.078,-0.1212996153977038,-1.523871294292693,-0.03005411379441936,-1.8995369055248876,-0.07644957525061431
1.079,-0.12282288559621295,-1.5226665970467619,-0.03195328015454373,-1.8991663601243751,-0.07644957525061431
1.08,-0.12434494358242751,-1.521446871696243,-0.03385197669791453,-1.8986965433707974,-0.07146748032732791
1.081,-0.12586577433424834,-1.520212130279334,-0.035750203894348506,-1.8982271964339732,-0.07146748032732791
1.082,-0.12738536284169122,-1.518962384982433,-0.037647962213192596,-1.8977583188440859,-0.07146748032732791
1.083,-0.12890369410702976,-1.5176976481400226,-0.03954525212332438,-1.8972899101317884,-0.07146748032732791
1.084,-0.13042075314494841,-1.5164179322345441,-0.041442074093152585,-1.8968219698282032,-0.07146748032732791
1.085,-0.1319365249826863,-1.5151232498962774,-0.04333832882672695,-1.8962547335743647,-0.0664792857994897
1.086,-0.13345099466018776,-1.513813613903214,-0.045234016891283736,-1.8956880645567802,-0.0664792857994897
1.087,-0.13496414723024805,-1.5124890371809325,-0.04712913885349195,-1.8951219622082132,-0.0664792857994897
1.088,-0.1364759677586626,-1.5111495328024709,-0.049023695279453945,-1.8945564259619947,-0.0664792857994897
1.089,-0.13798644132437277,-1.5097951139881962,-0.050917686734705966,-1.8939914552520225,-0.0664792857994897
1.09,-0.13949555301961464,-1.5084257941056751,-0.05281101391918726,-1.8933271844812887,-0.06148603422591313
1.091,-0.14100328795006464,-1.5070415866695426,-0.05470367749716858,-1.8926635779813257,-0.06148603422591313
1.092,-0.1425096312349881,-1.5056425053413667,-0.056595678132256445,-1.8920006350878626,-0.06148603422591313
1.093,-0.14401456800738455,-1.5042285639295159,-0.05848701648739374,-1.891338355137293,-0.06148603422591313
1.094,-0.145518083414136,-1.5027997763890206,-0.06037769322486041,-1.890676737466674,-0.06148603422591313
1.095,-0.14702016261615194,-1.501356156821437,-0.0622676090608814,-1.8899158360209876,-0.05648876458901199
1.096,-0.14852079078851754,-1.4998977194747078,-0.06415676475635815,-1.8891556954767468,-0.05648876458901199
1.097,-0.15001995312063812,-1.4984244787430205,-0.0660451610714312,-1.8883963150730503,-0.05648876458901199
1.098,-0.1515176348163871,-1.4969364491666666,-0.06793279876548096,-1.8876376940497575,-0.05648876458901199
1.099,-0.15301382109425019,-1.495433645431897,-0.06981967859712845,-1.886879831647488,-0.05648876458901199
1.1,-0.15450849718747386,-1.4939160823707778,-0.07170570131919225,-1.886022722063794,-0.051488512397677766
1.101,-0.15600164834420727,-1.4923837749610442,-0.07359086778878193,-1.8851664695896837,-0.051488512397677766
1.102,-0.15749325982765258,-1.490836738325951,-0.07547517886214998,-1.8843110733680475,-0.051488512397677766
1.103,-0.15898331691620535,-1.4892749877341265,-0.07735863539469261,-1.883456532542633,-0.051488512397677766
1.104,-0.16047180490360474,-1.487698538599417,-0.07924123824095065,-1.8826028462580437,-0.051488512397677766
1.105,-0.1619587090990746,-1.48610740648074,-0.0811228882105581,-1.881649969607447,-0.04648630978305676
1.106,-0.16344401482747126,-1.4845016070819266,-0.0830035862563916,-1.8806980458335005,-0.04648630978305676
1.107,-0.16492770742942636,-1.4828811562515691,-0.08488333333037494,-1.8797470739833282,-0.04648630978305676
1.108,-0.16640977226149337,-1.4812460699828625,-0.08676213038347995,-1.878797053105006,-0.04648630978305676
1.109,-0.16789019469629027,-1.4795963644134487,-0.08863997836572751,-1.8778479822475622,-0.04648630978305676
1.11,-0.16936896012264574,-1.477932055825255,-0.09051677816370457,-1.8767997979770576,-0.041483185587144325
1.111,-0.17084605394574162,-1.4762531606443359,-0.0923925308255954,-1.8757526618908236,-0.041483185587144325
1.112,-0.1723214615872586,-1.4745596954407088,-0.09426723739853607,-1.8747065729406756,-0.041483185587144325
1.113,-0.17379516848551851,-1.4728516769281914,-0.09614089892861555,-1.8736615300794777,-0.041483185587144325
1.114,-0.17526716009562962,-1.4711291219642368,-0.09801351646087669,-1.8726175322611411,-0.041483185587144325
1.115,-0.17673742188962857,-1.4693920475497675,-0.09988499097891446,-1.8714745180377619,-0.03648016544409166
1.116,-0.1782059393566255,-1.4676404708290063,-0.10175532362574306,-1.870332646828606,-0.03648016544409166
1.117,-0.1796726980029452,-1.465874409089309,-0.10362451554323372,-1.869191917490659,-0.03648016544409166
1.118,-0.181137683352273,-1.4640938797609906,-0.10549256787211578,-1.8680523288820503,-0.03648016544409166
1.119,-0.18260088094579377,-1.4622989004171583,-0.10735948175197783,-1.8669138798620502,-0.03648016544409166
1.12,-0.18406227634233915,-1.460489488773532,-0.1092251582833971,-1.8656765314192714,-0.03147827185416721
1.121,-0.1855218551185254,-1.458665662688276,-0.11108959870372204,-1.8644404203249354,-0.03147827185416721
1.122,-0.18697960286890022,-1.4568274401618155,-0.11295280424906373,-1.8632055453416938,-0.03147827185416721
1.123,-0.18843550520608124,-1.4549748393366662,-0.11481477615429717,-1.8619719052334354,-0.03147827185416721
1.124,-0.18988954776090058,-1.4531078784972495,-0.11667551565306244,-1.8607394987652852,-0.03147827185416721
1.125,-0.19134171618254484,-1.4512265760697156,-0.11853492398281397,-1.8594083297515258,-0.0264785242502939
1.1260000000000001,-0.19279199613869832,-1.4493309506217593,-0.12039300247472075,-1.85807849190678,-0.0264785242502939
1.127,-0.194240373315683,-1.4474210208624394,-0.12224975245862063,-1.856749983899879,-0.0264785242502939
1.1280000000000001,-0.1956868334186013,-1.445496805641991,-0.12410517526302162,-1.855422804400985,-0.0264785242502939
1.129,-0.19713136217147548,-1.4435583239516416,-0.1259592722151032,-1.85409695208159,-0.0264785242502939
1.1300000000000001,-0.1985739453173904,-1.4416055949234226,-0.12781194470901386,-1.852672493910651,-0.021481939057124172
1.131,-0.2000145686186324,-1.4396386378299817,-0.12966319416921174,-1.8512494601978828,-0.021481939057124172
1.1320000000000001,-0.20145321785683146,-1.4376574720843909,-0.13151302201873055,-1.8498278495188274,-0.021481939057124172
1.133,-0.20288987883310003,-1.4356621172399568,-0.133361429679181,-1.8484076604504511,-0.021481939057124172
1.1340000000000001,-0.20432453736817466,-1.4336525929900252,-0.13520841857075214,-1.8469888915711432,-0.021481939057124172
1.135,-0.20575717930255424,-1.4316289191677907,-0.13705389026402656,-1.845471693274424,-0.016489529742598458
1.1360000000000001,-0.20718779049664224,-1.4295911157460948,-0.13889784627620255,-1.8439560121760015,-0.016489529742598458
1.137,-0.20861635683088253,-1.427539202837237,-0.14074028812296124,-1.8424418467586774,-0.016489529742598458
1.1380000000000001,-0.21004286420590332,-1.4254732006927666,-0.142581217318468,-1.8409291955067706,-0.016489529742598458
1.139,-0.21146729854265153,-1.4233931297032933,-0.14442063537537414,-1.8394180569061158,-0.016489529742598458
1.1400000000000001,-0.21288964578253633,-1.4212990103982766,-0.1462584440603606,-1.8378086849864492,-0.011502306861972594
1.141,-0.2143098918875641,-1.419190863445829,-0.14809464498279928,-1.8362009224387021,-0.011502306861972594
1.1420000000000001,-0.21572802284047954,-1.4170687096525094,-0.14992923975045278,-1.8345947676535028,-0.011502306861972594
1.143,-0.21714402464490226,-1.4149325699631197,-0.15176222996947586,-1.8329902190230887,-0.011502306861972594
1.1440000000000001,-0.21855788332546652,-1.4127824654604955,-0.15359361724441717,-1.831387274941305,-0.011502306861972594
1.145,-0.21996958492795754,-1.4106184173653007,-0.15542330355764541,-1.8296863132282493,-0.006521278094279465
1.1460000000000001,-0.22137911551945086,-1.408440447035816,-0.15725129061012233,-1.8279870524769066,-0.006521278094279465
1.147,-0.22278646118844814,-1.40624857596773,-0.15907758010110865,-1.8262894909863152,-0.006521278094279465
1.1480000000000001,-0.22419160804501623,-1.4040428257939241,-0.16090217372816587,-1.8245936270572145,-0.006521278094279465
1.149,-0.22559454222092254,-1.4018232182842632,-0.16272507318715793,-1.8228994589920429,-0.006521278094279465
1.1500000000000001,-0.22699524986977354,-1.399589775345376,-0.1645461806956564,-1.8211075084984754,-0.001547448271231211
1.151,-0.2283937171671498,-1.3973425190204443,-0.16636549804561182,-1.8193173499554014,-0.001547448271231211
1.1520000000000001,-0.22978993031074407,-1.3950814714889792,-0.16818302702718269,-1.8175289815708706,-0.001547448271231211
1.153,-0.23118387552049577,-1.3928066550666083,-0.1699987694287374,-1.8157424015547243,-0.001547448271231211
1.154,-0.23257553903872896,-1.3905180922048506,-0.171812727036856,-1.8139576081185942,-0.001547448271231211
1.155,-0.2339649071302866,-1.3882158054908973,-0.17362480232375443,-1.8120752868984467,0.0034181806014478566
1.156,-0.2353519660826661,-1.3858998176473893,-0.17543499717175395,-1.8101948479995194,0.0034181806014478566
1.157,-0.236736702206156,-1.3835701515321914,-0.17724331346129343,-1.8083162895394909,0.0034181806014478566
1.158,-0.2381191018339694,-1.381226830138168,-0.17904975307093135,-1.8064396096379225,0.0034181806014478566
1.159,-0.23949915132238045,-1.3788698765929546,-0.1808543178773476,-1.8045648064162556,0.0034181806014478566
1.16,-0.2408768370508575,-1.3764993141587318,-0.18265691062677084,-1.8025927494232346,0.008374609330237343
1.161,-0.24225214542219894,-1.3741151662319933,-0.18445753329125805,-1.8006226644872065,0.008374609330237343
1.162,-0.24362506286266605,-1.371717456343317,-0.18625618784089418,-1.7986545496361146,0.008374609330237343
1.163,-0.24499557582211828,-1.3693062081571312,-0.18805287624379405,-1.7966884028998737,0.008374609330237343
1.164,-0.2463636707741457,-1.3668814454714826,-0.1898476004661044,-1.7947242223103692,0.008374609330237343
1.165,-0.24772933421620377,-1.3644431922177989,-0.1916402635473619,-1.7926630812575073,0.013320841527572375
1.166,-0.24909255266974534,-1.3619914724606565,-0.1934308675487076,-1.7906040013456983,0.013320841527572375
1.167,-0.250453312680355,-1.3595263103975388,-0.19521941452922142,-1.7885469805138012,0.013320841527572375
1.168,-0.2518116008178802,-1.3570477303586013,-0.19700590654592415,-1.786492016702736,0.013320841527572375
1.169,-0.2531674036765663,-1.3545557568064261,-0.19879034565377962,-1.7844391078554818,0.013320841527572375
1.17,-0.25452070787518544,-1.3520504143357888,-0.200572635204855,-1.7822895510753645,0.01825588361309627
1.171,-0.2558715000571726,-1.3495317276734058,-0.20235277734870702,-1.780142143852027,0.01825588361309627
1.172,-0.25721976689075304,-1.3469997216776994,-0.20413077423274292,-1.777996884035913,0.01825588361309627
1.173,-0.2585654950690785,-1.3444544213385454,-0.20590662800222254,-1.7758537694796153,0.01825588361309627
1.174,-0.25990867131035456,-1.3418958517770314,-0.2076803408002604,-1.7737127980378737,0.01825588361309627
1.175,-0.26124928235797434,-1.339324038245205,-0.2094518163106038,-1.7714755103433883,0.023178744822372754
1.176,-0.2625873149806477,-1.3367390061258289,-0.2112210567705404,-1.7692404599365974,0.023178744822372754
1.177,-0.2639227559725332,-1.3341407809321248,-0.2129880644151206,-1.7670076445802134,0.023178744822372754
1.178,-0.2652555921533669,-1.331529388307528,-0.21475284147715978,-1.7647770620391858,0.023178744822372754
1.179,-0.2665858103685943,-1.3289048540254285,-0.21651539018724048,-1.7625487100806991,0.023178744822372754
1.18,-0.2679133974894982,-1.3262672039889205,-0.21827561457986663,-1.760224392626158,0.028088437223018098
1.181,-0.2692383404133301,-1.3236164642305448,-0.2200335169793557,-1.7579023994890715,0.028088437223018098
1.182,-0.27056062606343784,-1.3209526609120328,-0.2217890997077008,-1.755582728345122,0.028088437223018098
1.183,-0.27188024138939626,-1.3182758203240474,-0.22354236508457312,-1.7532653768723165,0.028088437223018098
1.184,-0.2731971733671345,-1.3155859688859253,-0.22529331542732411,-1.7509503427509838,0.028088437223018098
1.185,-0.2745114089990659,-1.3128831331454136,-0.22704185514021757,-1.748539712893469,0.03298397573818748
1.186,-0.2758229353142149,-1.3101673397784108,-0.2287879866338834,-1.7461314936658117,0.03298397573818748
1.187,-0.2771317393683471,-1.3074386155886992,-0.23053171231654077,-1.7437256826573821,0.03298397573818748
1.188,-0.2784378082440938,-1.304696987507687,-0.23227303459400073,-1.741322277459961,0.03298397573818748
1.189,-0.27974112905108356,-1.3019424825941346,-0.23401195586966847,-1.7389212756677372,0.03298397573818748
1.19,-0.2810416889260651,-1.2991751280338957,-0.235748380936497,-1.7364250668285224,0.03786437817735916
1.191,-0.28233947503303847,-1.2963949511396404,-0.23748231229069514,-1.7339313541981467,0.03786437817735916
1.192,-0.2836344745633781,-1.2936019793505937,-0.23921375242597553,-1.7314401352804014,0.03786437817735916
1.193,-0.28492667473596184,-1.2907962402322584,-0.24094270383355712,-1.7289514075815737,0.03786437817735916
1.194,-0.28621606279729533,-1.2879777614761483,-0.24266916900216756,-1.726465168610445,0.03786437817735916
1.195,-0.28750262602163923,-1.2851465708995096,-0.24439305313230392,-1.723884130136348,0.0427286652743373
1.196,-0.2887863517111337,-1.2823026964450508,-0.24611435880500465,-1.7213056727007248,0.0427286652743373
1.197,-0.2900672271959247,-1.2794461661806646,-0.24783308859872719,-1.7187297937225372,0.0427286652743373
1.198,-0.29134523983428795,-1.2765770082991519,-0.2495492450893505,-1.716156490623328,0.0427286652743373
1.199,-0.29262037701275506,-1.2736952511179416,-0.2512628308501777,-1.7135857608272178,0.0427286652743373
1.2,-0.2938926261462365,-1.2708009230788149,-0.2529737515080294,-1.7109206578517426,0.04757586073240325
1.201,-0.2951619746781473,-1.2678940527476203,-0.25468200972800864,-1.7082582199792429,0.04757586073240325
1.202,-0.29642841008052956,-1.264974668813995,-0.25638760817255324,-1.7055984445446155,0.04757586073240325
1.203,-0.29769191985417753,-1.2620428000910786,-0.25809054950143867,-1.702941328885423,0.04757586073240325
1.204,-0.29895249152875925,-1.2590984755152337,-0.2597908363717806,-1.7002868703418894,0.04757586073240325
1.205,-0.3002101126629421,-1.2561417241457529,-0.2614883748554266,-1.6975384836460172,0.052404991276517876
1.206,-0.3014647708445122,-1.2531725751645808,-0.26318316770076344,-1.6947928453368408,0.052404991276517876
1.207,-0.3027164536905008,-1.2501910578760171,-0.2648752176534294,-1.6920499526659736,0.052404991276517876
1.208,-0.3039651488473025,-1.2471972017064357,-0.2665645274563172,-1.6893098028877773,0.052404991276517876
1.209,-0.30521084399080123,-1.2441910362039865,-0.26825109984957657,-1.6865723932593593,0.052404991276517876
1.21,-0.30645352682648813,-1.2411725910383107,-0.26993484136870843,-1.68374151913185,0.05721508671249145
1.211,-0.3076931850895857,-1.2381418960002426,-0.2716157548445869,-1.6809134758784685,0.05721508671249145
1.212,-0.30892980654516705,-1.2350989810015194,-0.27329384310525523,-1.6780882606683403,0.05721508671249145
1.213,-0.310163378988278,-1.232043876074483,-0.27496910897592863,-1.675265870673422,0.05721508671249145
1.214,-0.31139389024405617,-1.2289766113717864,-0.27664155527899714,-1.6724463030684988,0.05721508671249145
1.215,-0.3126213281678526,-1.2258972171660931,-0.27831108903216273,-1.66953375316557,0.062005179993010806
1.216,-0.3138456806453502,-1.2228057238497816,-0.27997771314797526,-1.6666241158125443,0.062005179993010806
1.217,-0.31506693559268456,-1.219702161934642,-0.28164143053607216,-1.6637173880968716,0.062005179993010806
1.218,-0.3162850809565622,-1.216586562051578,-0.28330224410318106,-1.6608135671089146,0.062005179993010806
1.219,-0.3175001047143804,-1.2134589549503019,-0.28496015675312303,-1.6579126499419454,0.062005179993010806
1.22,-0.3187119948743448,-1.2103193714990341,-0.2866150760042692,-1.654919251146195,0.0667743072904298
1.221,-0.3199207394755893,-1.207167842684195,-0.28826700485001844,-1.6519288457492403,0.0667743072904298
1.222,-0.3211263265882922,-1.2040043996101024,-0.2899159462807761,-1.6489414307576824,0.0667743072904298
1.223,-0.32232874431379577,-1.2008290734986613,-0.2915619032839572,-1.6459570031811162,0.0667743072904298
1.224,-0.323527980784722,-1.1976418956890602,-0.2932048788439893,-1.6429755600321265,0.0667743072904298
1.225,-0.32472402416509194,-1.1944428976374548,-0.2948447809982999,-1.6399021543105705,0.07152150807619628
1.226,-0.32591686265043923,-1.1912321109166673,-0.29648161282029467,-1.636831821994736,0.07152150807619628
1.227,-0.32710648446793067,-1.1880095672158633,-0.2981153773803059,-1.6337645600112174,0.07152150807619628
1.228,-0.3282928778764781,-1.184775298340251,-0.2997460777455956,-1.6307003652896823,0.07152150807619628
1.229,-0.3294760311668584,-1.1815293362107568,-0.3013737169803585,-1.6276392347628688,0.07152150807619628
1.23,-0.33065593266182586,-1.178271712863717,-0.30299820365938246,-1.6244866790239696,0.07624582520681075
1.231,-0.33183257071622924,-1.1750024604505585,-0.30461954093522325,-1.6213372758408093,0.07624582520681075
1.232,-0.3330059337171257,-1.171721611237483,-0.3062377319572841,-1.6181910220608322,0.07624582520681075
1.233,-0.3341760100838965,-1.168429197605148,-0.30785277987181875,-1.6150479145346353,0.07624582520681075
1.234,-0.33534278826835995,-1.1651252520483466,-0.3094646878219347,-1.6119079501159643,0.07624582520681075
1.235,-0.3365062567548867,-1.1618098071756873,-0.31107336493800025,-1.6086771160655249,0.08094630501617908
1.236,-0.3376664040605122,-1.158482895709273,-0.3126788144508494,-1.6054495128491357,0.08094630501617908
1.237,-0.33882321873505117,-1.1551445504843765,-0.31428103958808534,-1.602225137235963,0.08094630501617908
1.238,-0.33997668936120956,-1.1517948044491175,-0.3158800435740837,-1.5990039859984035,0.08094630501617908
1.239,-0.3411268045546983,-1.1484336906641366,-0.3174758296299958,-1.5957860559120816,0.08094630501617908
1.24,-0.34227355296434436,-1.1450612423022708,-0.3190683074599037,-1.5924778299078846,0.08562199741424614
1.241,-0.3434169232722042,-1.1416774926482227,-0.3206574803720334,-1.5891729121296918,0.08562199741424614
1.242,-0.3445569041936741,-1.1382824750982372,-0.3222433516713027,-1.5858712992692772,0.08562199741424614
1.243,-0.34569348447760334,-1.1348762231597642,-0.3238259246593244,-1.582572988021723,0.08562199741424614
1.244,-0.34682665290640236,-1.131458770451138,-0.3254052026344098,-1.5792779750854162,0.08562199741424614
1.245,-0.34795639829615727,-1.1280301507012347,-0.3269810958924003,-1.5758932579904956,0.09027195599175955
1.246,-0.34908270949673625,-1.1245903977491494,-0.328553607818013,-1.5725119256126698,0.09027195599175955
1.247,-0.35020557539190317,-1.1211395455438529,-0.3301227417925802,-1.569133974567222,0.09027195599175955
1.248,-0.35132498489942454,-1.1176776281438647,-0.331688501194053,-1.5657594014728196,0.09027195599175955
1.249,-0.35244092697118073,-1.1142046797169112,-0.33325088939700453,-1.5623882029515115,0.09027195599175955
1.25,-0.35355339059327373,-1.1107207345395917,-0.3348098173069905,-1.5589279099859392,0.09489523813103753
1.2510000000000001,-0.354662364786137,-1.107225826997038,-0.33636528838430385,-1.5554710773133325,0.09489523813103753
1.252,-0.3557678386046426,-1.1037199915825775,-0.33791730608577725,-1.5520177014733985,0.09489523813103753
1.2530000000000001,-0.3568698011382107,-1.1002032628973892,-0.33946587386478655,-1.5485677790093042,0.09489523813103753
1.254,-0.35796824151091555,-1.0966756756501668,-0.3410109951712542,-1.545121306467674,0.09489523813103753
1.2550000000000001,-0.35906314888159446,-1.0931372646567712,-0.342552581538313,-1.5415863670587546,0.09949090512259037
1.256,-0.36015451244395347,-1.089588064839891,-0.3440906365009022,-1.5380549625892441,0.09949090512259037
1.2570000000000001,-0.361242321426675,-1.0860281112286951,-0.34562516359042644,-1.5345270895242031,0.09949090512259037
1.258,-0.36232656509352335,-1.082457438958489,-0.34715616633475865,-1.5310027443322272,0.09949090512259037
1.2590000000000001,-0.36340723274345155,-1.0788760832703659,-0.3486836482582441,-1.527481923485443,0.09949090512259037
1.26,-0.36448431371070567,-1.0752840795108616,-0.3502075215393603,-1.5238732811162086,0.10405802228745134
1.2610000000000001,-0.36555779736493216,-1.0716814631316007,-0.3517277897867496,-1.5202682473893434,0.10405802228745134
1.262,-0.3666276731112799,-1.0680682696889556,-0.35324445660544584,-1.5166668186962051,0.10405802228745134
1.2630000000000001,-0.3676939303905081,-1.0644445348436835,-0.3547575255968776,-1.5130689914317599,0.10405802228745134
1.264,-0.36875655867908685,-1.0608102943605882,-0.3562670003588722,-1.5094747619945792,0.10405802228745134
1.2650000000000001,-0.36981554748930484,-1.0571655841081526,-0.3577727937329227,-1.5057933740504834,0.10859565910506269
1.266,-0.37087088636936955,-1.0535104400581974,-0.359274909400417,-1.5021156674943317,0.10859565910506269
1.2670000000000001,-0.37192256490351255,-1.0498448982855177,-0.3607733510390617,-1.4984416386447361,0.10859565910506269
1.268,-0.37297057271209105,-1.0461689949675321,-0.3622681223228857,-1.4947712838239902,0.10859565910506269
1.2690000000000001,-0.3740148994516913,-1.0424827663839211,-0.3637592269222438,-1.491104599358065,0.10859565910506269
1.27,-0.37505553481522974,-1.0387862489162738,-0.36524657835921553,-1.4873514369717755,0.1131028893465654
1.2710000000000001,-0.37609246853205575,-1.035079479047724,-0.3667301803869634,-1.4836020277478725,0.1131028893465654
1.272,-0.3771256903680519,-1.0313624933625951,-0.3682100367548966,-1.4798563679331933,0.1131028893465654
1.2730000000000001,-0.37815519012573606,-1.027635328546034,-0.36968615120867493,-1.4761144537783288,0.1131028893465654
1.274,-0.37918095764436077,-1.0238980213836544,-0.37115852749021255,-1.4723762815376191,0.1131028893465654
1.2750000000000001,-0.3802029828000156,-1.0201506087611667,-0.3726270798196444,-1.468552329431815,0.11757879121332968
1.276,-0.38122125550572394,-1.0163931276640228,-0.3740918120209225,-1.4647322012781165,0.11757879121332968
1.2770000000000001,-0.38223576571154577,-1.0126256151770434,-0.3755527279141751,-1.4609158932525719,0.11757879121332968
1.278,-0.3832465034046748,-1.0088481084840557,-0.37700983131571014,-1.4571034015350528,0.11757879121332968
1.2790000000000001,-0.3842534586095384,-1.0050606448675248,-0.3784631260380194,-1.4532947223092512,0.11757879121332968
1.28,-0.3852566213878947,-1.0012632617081894,-0.37991252701665673,-1.4494009786373305,0.12202244748056798
1.281,-0.3862559818389322,-0.9974559964846873,-0.38135803814536584,-1.4455111287090818,0.12202244748056798
1.282,-0.38725153009936686,-0.9936388867731891,-0.3827996633139966,-1.4416251686307613,0.12202244748056798
1.283,-0.3882432563435392,-0.9898119702470268,-0.3842374064085091,-1.4377430945125191,0.12202244748056798
1.284,-0.3892311507835118,-0.9859752846763202,-0.3856712713109775,-1.4338649024683952,0.12202244748056798
1.285,-0.3902152036691646,-0.9821288679276104,-0.38710117368963054,-1.4299023786530096,0.12643294564586116
1.286,-0.39119540528829405,-0.9782727579634736,-0.388527117506992,-1.4259438173614394,0.12643294564586116
1.287,-0.39217174596670495,-0.9744069928421614,-0.38994910672162314,-1.4219892146311608,0.12643294564586116
1.288,-0.3931442160683093,-0.9705316107172138,-0.39136714528812677,-1.4180385665036124,0.12643294564586116
1.289,-0.3941128059952198,-0.9666466498370878,-0.39278123715715096,-1.4140918690241915,0.12643294564586116
1.29,-0.3950775061878452,-0.9627521485447781,-0.39419129874674447,-1.4100615895935187,0.13080937808243553
1.291,-0.39603830712498345,-0.9588481452774419,-0.3955973340871867,-1.4060353404422765,0.13080937808243553
1.292,-0.3969951993239175,-0.9549346785660147,-0.3969993472047269,-1.4020131175401855,0.13080937808243553
1.293,-0.39794817334050775,-0.9510117870348326,-0.3983973421215879,-1.3979949168609966,0.13080937808243553
1.294,-0.39889721976928555,-0.9470795094012503,-0.39979132285597035,-1.393980734382487,0.13080937808243553
1.295,-0.39984232924354524,-0.9431378844752629,-0.4011812065927745,-1.389883736804164,0.13515084219701748
1.296,-0.4007834924354382,-0.9391869511591158,-0.40256699742899793,-1.3857908362234197,0.13515084219701748
1.297,-0.40172070005606364,-0.935226748446926,-0.4039486994575412,-1.381702028543256,0.13515084219701748
1.298,-0.40265394285556105,-0.931257315424294,-0.405326316767212,-1.3776173096707724,0.13515084219701748
1.299,-0.40358321162320016,-0.927278691267924,-0.40669985344272913,-1.3735366755171614,0.13515084219701748
1.3,-0.40450849718747367,-0.9232909152452285,-0.4080692274527589,-1.3693740100298024,0.13945644059209078
1.301,-0.40542979041618665,-0.9192940267139472,-0.40943444295996684,-1.3652155072079308,0.13945644059209078
1.302,-0.4063470822165471,-0.9152880651217552,-0.4107955041228557,-1.3610611628888811,0.13945644059209078
1.303,-0.40726036353525447,-0.9112730700058793,-0.41215241509576983,-1.3569109729141504,0.13945644059209078
1.304,-0.40816962535859197,-0.9072490809926962,-0.41350518002889924,-1.3527649331293945,0.13945644059209078
1.305,-0.40907485871251165,-0.903216137797356,-0.41485371769147084,-1.3485376625716174,0.14372528123238673
1.306,-0.409976054662726,-0.8991742802233788,-0.41619803231075525,-1.344314619284398,0.14372528123238673
1.307,-0.41087320431479496,-0.8951235481622672,-0.41753812810979574,-1.3400957990404658,0.14372528123238673
1.308,-0.4117662988142137,-0.89106398159311,-0.41887400930741253,-1.3358811976167777,0.14372528123238673
1.309,-0.41265532934649973,-0.8869956205821928,-0.420205680118207,-1.3316708107945132,0.14372528123238673
1.31,-0.4135402871372808,-0.8829185052825952,-0.42153306012863845,-1.3273800104314102,0.14795647761542785
1.311,-0.41442116345238084,-0.8788326759337989,-0.4228561536295071,-1.3230935008686702,0.14795647761542785
1.312,-0.41529794959790634,-0.874738172861289,-0.4241749649073226,-1.318811277815493,0.14795647761542785
1.313,-0.4161706369203317,-0.8706350364761604,-0.425489498244308,-1.314533336985369,0.14795647761542785
1.314,-0.4170392168065855,-0.8665233072747112,-0.4267997579184041,-1.310259674096075,0.14795647761542785
1.315,-0.417903680684135,-0.862403025838049,-0.42810566434984715,-1.30590643144306,0.15214914894594592
1.316,-0.41876402002107094,-0.8582742328316867,-0.42940722189187985,-1.301557542032698,0.15214914894594592
1.317,-0.4196202263261909,-0.8541369690051467,-0.4307044348933916,-1.2972130015117462,0.15214914894594592
1.318,-0.4204722911490845,-0.8499912751915517,-0.4319973076989229,-1.2928728055313157,0.15214914894594592
1.319,-0.42132020608021603,-0.8458371923072261,-0.43328584464866976,-1.2885369497468655,0.15214914894594592
1.32,-0.42216396275100765,-0.8416747613512896,-0.4345699670130606,-1.2841223643908386,0.156302420313997
1.321,-0.4230035528339209,-0.8375040234052586,-0.4358496792066808,-1.2797121936201679,0.156302420313997
1.322,-0.4238389680425416,-0.8333250196326282,-0.43712498563970104,-1.2753064330202677,0.156302420313997
1.323,-0.42467020013165824,-0.8291377912784823,-0.438395890717882,-1.2709050781809674,0.156302420313997
1.324,-0.42549724089734603,-0.8249423796690717,-0.4396623988425785,-1.2665081246965064,0.156302420313997
1.325,-0.4263200821770459,-0.8207388262114188,-0.44092443215069277,-1.262033308114278,0.16041542287659147
1.326,-0.4271387158496476,-0.8165271723928946,-0.4421819951170414,-1.2575629663486318,0.16041542287659147
1.327,-0.4279531338355665,-0.8123074597808254,-0.4434350922119662,-1.2530970949247513,0.16041542287659147
1.328,-0.42876332809682605,-0.8080797300220699,-0.4446837279013385,-1.2486356893722947,0.16041542287659147
1.329,-0.42956929063713606,-0.8038440248426141,-0.44592790664656384,-1.2441787452253905,0.16041542287659147
1.33,-0.4303710135019719,-0.7996003860471568,-0.44716755146716314,-1.239644820599312,0.16448729404265405
1.331,-0.431168488778652,-0.7953488555187022,-0.448402666897061,-1.2351154298978597,0.16448729404265405
1.332,-0.4319617085964176,-0.791089475218139,-0.4496332574656481,-1.2305905685871088,0.16448729404265405
1.333,-0.4327506651265094,-0.786822287183831,-0.45085932769778575,-1.2260702321376686,0.16448729404265405
1.334,-0.4335353505822451,-0.7825473335312004,-0.4520808821138104,-1.2215544160246778,0.16448729404265405
1.335,-0.43431575721909566,-0.7782646564523161,-0.45329784463186584,-1.2169625180554304,0.16851717766113805
1.336,-0.4350918773347628,-0.7739742982154709,-0.45451021984385,-1.2123752119841522,0.16851717766113805
1.337,-0.4358637032692544,-0.7696763011647684,-0.45571801233706893,-1.2077924932189452,0.16851717766113805
1.338,-0.4366312274049602,-0.765370707719703,-0.45692122669424146,-1.2032143571725036,0.16851717766113805
1.339,-0.43739444216672624,-0.7610575603747475,-0.4581198674935036,-1.1986407992621084,0.16851717766113805
1.34,-0.4381533400219318,-0.75673690169892,-0.45931385956748216,-1.1939920739786043,0.1725042242121001
1.341,-0.4389079134805608,-0.752408774335381,-0.46050320756490254,-1.1893479974203838,0.1725042242121001
1.342,-0.4396581550952782,-0.7480732210009979,-0.4616879161298413,-1.1847085649387215,0.1725042242121001
1.343,-0.4404040574615017,-0.7437302844859354,-0.46286798990173084,-1.1800737718895407,0.1725042242121001
1.344,-0.4411456132174767,-0.7393800076532184,-0.46404343351536426,-1.1754436136334092,0.1725042242121001
1.345,-0.4418828150443467,-0.735022433438327,-0.465214172733564,-1.1707392181997647,0.17644759100055982
1.346,-0.44261565566622757,-0.7306576048487581,-0.46638021226072557,-1.1660395271615538,0.17644759100055982
1.347,-0.44334412785027816,-0.7262855649636077,-0.46754155679653997,-1.161344535814381,0.17644759100055982
1.348,-0.4440682244067723,-0.7219063569331433,-0.4686982110359985,-1.1566542394585555,0.17644759100055982
1.349,-0.444787938189169,-0.7175200239783827,-0.46985017966939757,-1.1519686333990857,0.17644759100055982
1.35,-0.4455032620941839,-0.7131266093906597,-0.4709973894053162,-1.1472097359186275,0.18034644235295513
1.351,-0.4462141890618589,-0.7087261565312031,-0.4721398450026519,-1.1424555973356498,0.18034644235295513
1.352,-0.44692071207563194,-0.7043187088307046,-0.47327755121554316,-1.1377062128912552,0.18034644235295513
1.353,-0.44762282416240584,-0.6999043097888961,-0.4744105127933745,-1.132961577831305,0.18034644235295513
1.354,-0.44832051839261794,-0.6954830029741128,-0.4755387344807809,-1.1282216874064146,0.18034644235295513
1.355,-0.44901378788030777,-0.6910548320228679,-0.47666214394750356,-1.123409466722688,0.18419994981601023
1.356,-0.4497026257831856,-0.6866198406394199,-0.4777807460057632,-1.118602058259645,0.18419994981601023
1.357,-0.4503870253026989,-0.682178072595347,-0.4788945454629683,-1.1137994572050651,0.18419994981601023
1.358,-0.4510669796841014,-0.6777295717291013,-0.48000354712171983,-1.1090016587515399,0.18419994981601023
1.359,-0.45174248221651736,-0.6732743819455946,-0.4811077557798163,-1.104208658096468,0.18419994981601023
1.36,-0.4524135262330099,-0.6688125472157487,-0.4822071000834075,-1.099344303591215,0.1880072923578286
1.361,-0.4530801051106448,-0.6643441115760746,-0.483301584896848,-1.0944848134404672,0.1880072923578286
1.362,-0.4537422122705585,-0.6598691191282235,-0.48439121507962785,-1.0896301827798702,0.1880072923578286
1.363,-0.45439984117802007,-0.6553876140385678,-0.48547599548637776,-1.0847804067499338,0.1880072923578286
1.364,-0.4550529853424978,-0.6508996405377523,-0.4865559309668738,-1.0799354804960273,0.1880072923578286
1.365,-0.45570163831772253,-0.6464052429202632,-0.4876309511587579,-1.0750201918841107,0.19176765657103167
1.366,-0.45634579370175143,-0.6419044655439898,-0.4887010609773187,-1.070109818560806,0.19176765657103167
1.367,-0.4569854451370306,-0.63739735282979,-0.4897662653329295,-1.0652043556108246,0.19176765657103167
1.368,-0.45762058631045877,-0.6328839492610456,-0.49082656913105327,-1.060303798123793,0.19176765657103167
1.369,-0.4582512109534489,-0.6283642993832276,-0.49188197727224753,-1.0554081411942486,0.19176765657103167
1.37,-0.4588773128419906,-0.6238384478034542,-0.492932420400563,-1.0504431283154994,0.19548023687775212
1.371,-0.4594988857967107,-0.619306439190056,-0.4939779034810126,-1.045483080449629,0.19548023687775212
1.372,-0.4601159236829352,-0.6147683182721272,-0.4950184314736442,-1.0405279926316242,0.19548023687775212
1.373,-0.4607284204107492,-0.610224129839089,-0.49605400933354565,-1.0355778599014376,0.19548023687775212
1.374,-0.4613363699350575,-0.6056739187402456,-0.4970846420108496,-1.0306326773039811,0.19548023687775212
1.375,-0.46193976625564326,-0.6011177298843471,-0.49811026117076157,-1.025619159911951,0.19914423573630294
1.3760000000000001,-0.462538603417229,-0.5965556082391332,-0.4991308718267989,-1.0206106560373132,0.19914423573630294
1.377,-0.4631328755095333,-0.5919875988309065,-0.5001464789874654,-1.0156071606665498,0.19914423573630294
1.3780000000000001,-0.46372257666733074,-0.5874137467440731,-0.5011570876562566,-1.010608668791157,0.19914423573630294
1.379,-0.46430770107050856,-0.5828340971207104,-0.5021627028316642,-1.00561517540764,0.19914423573630294
1.3800000000000001,-0.46488824294412573,-0.5782486951601062,-0.5031632572146194,-1.0005543829552455,0.20275886384933703
1.381,-0.4654641965584679,-0.5736575861183306,-0.5041587558659147,-0.9954986512953035,0.20275886384933703
1.3820000000000001,-0.4660355562291054,-0.5690608153077747,-0.5051492038412818,-0.9904479753670214,0.20275886384933703
1.383,-0.4666023163169492,-0.5644584280967112,-0.5061346061913965,-0.9854023501146677,0.20275886384933703
1.3840000000000001,-0.46716447122830607,-0.5598504699088419,-0.507114967961884,-0.9803617704875663,0.20275886384933703
1.385,-0.4677220154149337,-0.5552369862228569,-0.5080902229037937,-0.9752549419096125,0.20632334037331354
1.3860000000000001,-0.46827494337409614,-0.5506180225719759,-0.5090603761239539,-0.9701532201602366,0.20632334037331354
1.387,-0.46882324964861777,-0.5459936245435058,-0.5100254327240865,-0.9650566001326102,0.20632334037331354
1.3880000000000001,-0.4693669288269371,-0.5413638377783865,-0.5109853978008115,-0.9599650767250113,0.20632334037331354
1.389,-0.4699059755431599,-0.5367287079707472,-0.5119402764456523,-0.95487864484082,0.20632334037331354
1.3900000000000001,-0.4704403844771127,-0.5320882808674463,-0.5128900034739857,-0.9497270283333973,0.2098368931290913
1.391,-0.47097015035439527,-0.527442602267626,-0.5138345840374282,-0.9445805634424821,0.2098368931290913
1.3920000000000001,-0.4714952679464323,-0.5227917180222572,-0.5147740232824447,-0.9394392450164578,0.2098368931290913
1.393,-0.47201573207052494,-0.5181356740336924,-0.5157083263503536,-0.9343030679088595,0.2098368931290913
1.3940000000000001,-0.47253153758990246,-0.5134745162552047,-0.516637498377332,-0.9291720269783689,0.2098368931290913
1.395,-0.47304267941377265,-0.5088082906905397,-0.517561475257107,-0.9239768797751211,0.2132987588134674
1.3960000000000001,-0.4735491524973722,-0.5041370433934583,-0.5184802621848261,-0.9187869277190767,0.2132987588134674
1.397,-0.47405095184201596,-0.49946082046728973,-0.5193938643504412,-0.9136021656150882,0.2132987588134674
1.3980000000000001,-0.47454807249514736,-0.49477966806446094,-0.5203022869387144,-0.9084225882732038,0.2132987588134674
1.399,-0.47504050955038585,-0.4900936323860603,-0.5212055351292231,-0.9032481905086612,0.2132987588134674
1.4000000000000001,-0.47552825814757677,-0.48540275968136687,-0.522103545907877,-0.898010778653923,0.21670818321148091
1.401,-0.47601131347283826,-0.48070709624740043,-0.522996324512088,-0.8927786042110395,0.21670818321148091
1.4020000000000001,-0.47648967075860943,-0.47600668842846194,-0.5238838761740306,-0.8875516619425988,0.21670818321148091
1.403,-0.4769633252836968,-0.4713015826156817,-0.5247662061206471,-0.8823299466164266,0.21670818321148091
1.4040000000000001,-0.4774322723733215,-0.4665918252465531,-0.5256433195736526,-0.8771134530055805,0.21670818321148091
1.405,-0.477896507399165,-0.4618774628044802,-0.526515154624777,-0.8718350511243889,0.22006442140930532
1.4060000000000001,-0.47835602577941533,-0.4571585418183155,-0.5273817165524222,-0.8665619276450783,0.22006442140930532
1.407,-0.47881082297881117,-0.45243510886190674,-0.5282430106297115,-0.8612940772892471,0.22006442140930532
1.408,-0.4792608945086878,-0.4477072105536303,-0.5290990421244952,-0.8560314947837717,0.22006442140930532
1.409,-0.4797062359270214,-0.4429748935559297,-0.529949816299356,-0.8507741748608019,0.22006442140930532
1.41,-0.4801468428384715,-0.43823820457486734,-0.5307952723652818,-0.84545606592579,0.22336673800754941
1.411,-0.480582710894426,-0.43349719035964834,-0.5316354156403815,-0.8401432750997132,0.22336673800754941
1.412,-0.48101383579304285,-0.42875189770217303,-0.532470251437446,-0.8348357970644625,0.22336673800754941
1.413,-0.48144021327929376,-0.42400237343655894,-0.5332997850639533,-0.829533626507247,0.22336673800754941
1.414,-0.4818618391450048,-0.419248664438697,-0.5341240218220739,-0.8242367581205888,0.22336673800754941
1.415,-0.482278709228899,-0.4144908176257746,-0.5349429020552896,-0.8188802332157724,0.22661440733479402
1.416,-0.4826908194166369,-0.40972887995581897,-0.5357564311201255,-0.8135290648358607,0.22661440733479402
1.417,-0.4830981656408574,-0.40496289842723104,-0.5365646143677498,-0.808183247624329,0.22661440733479402
1.418,-0.4835007438812175,-0.4001929200783272,-0.5373674571439798,-0.8028427762300088,0.22661440733479402
1.419,-0.4838985501644327,-0.3954189919868664,-0.5381649647892869,-0.7975076453070828,0.22661440733479402
1.42,-0.4842915805643155,-0.390641161269592,-0.5389570787926754,-0.792114003388552,0.22980671366119004
1.421,-0.4846798312018147,-0.38585947508176266,-0.5397438045477874,-0.7867257551119397,0.22980671366119004
1.422,-0.4850632982450529,-0.3810739806166934,-0.540525147442871,-0.7813428950836039,0.22980671366119004
1.423,-0.4854419779093655,-0.3762847251052812,-0.5413011128607862,-0.7759654179152965,0.22980671366119004
1.424,-0.48581586645733693,-0.37149175581554456,-0.5420717061790103,-0.7705933182241574,0.22980671366119004
1.425,-0.48618496019883833,-0.36669512005215393,-0.542836870044888,-0.7651638658776944,0.23294295141194507
1.426,-0.4865492554910632,-0.36189486515597186,-0.5435966098878716,-0.7597398429835778,0.23294295141194507
1.427,-0.48690874873856443,-0.35709103850357093,-0.544350931131984,-0.7543212441123552,0.23294295141194507
1.428,-0.48726343639328856,-0.3522836875067848,-0.5450998391958239,-0.748908063840004,0.23294295141194507
1.429,-0.48761331495461174,-0.34747285961222424,-0.5458433394925719,-0.7435002967479251,0.23294295141194507
1.43,-0.4879583809693736,-0.3426586023008225,-0.5465813758405155,-0.7380363479435665,0.23602242538052737
1.431,-0.4882986310319123,-0.3378409630873503,-0.5473139537036035,-0.7325778630880124,0.23602242538052737
1.432,-0.4886340617840967,-0.33301998951996564,-0.5480410785403208,-0.7271248367173139,0.23602242538052737
1.433,-0.48896466991536086,-0.32819572917973,-0.5487627558036938,-0.721677263372986,0.23602242538052737
1.434,-0.489290452162736,-0.3233682296801454,-0.5494789909412958,-0.7162351376020024,0.23602242538052737
1.435,-0.4896114053108829,-0.31853753866668144,-0.5501897289547414,-0.710738013445572,0.23904445094142218
1.436,-0.48992752619212343,-0.3137037038163111,-0.5508949753411547,-0.705246386413298,0.23904445094142218
1.437,-0.49023881168647215,-0.30886677283703134,-0.5515947355921628,-0.6997602510080562,0.23904445094142218
1.438,-0.490545258721667,-0.30402679346739825,-0.552289015193901,-0.6942796017382197,0.23904445094142218
1.439,-0.49084686427319946,-0.2991838134760529,-0.5529778196270186,-0.688804433117653,0.23904445094142218
1.44,-0.49114362536434436,-0.2943378806612552,-0.5536610950886179,-0.6832754615992901,0.2420083542622679
1.441,-0.4914355390661896,-0.2894890428504045,-0.5543388471076703,-0.6777520190524454,0.2420083542622679
1.442,-0.4917226024976648,-0.28463734789957224,-0.5550110812076184,-0.6722340999481476,0.2420083542622679
1.443,-0.4920048128255699,-0.2797828436930276,-0.5556778029063814,-0.6667216987629542,0.2420083542622679
1.444,-0.4922821672646027,-0.27492557814277,-0.5563390177163603,-0.6612148099789459,0.2420083542622679
1.445,-0.49255466307738693,-0.27006559918804807,-0.556994673042079,-0.6556553257186626,0.24491347251521606
1.446,-0.49282229757449897,-0.26520295479489203,-0.5576447744430216,-0.6501014009426396,0.24491347251521606
1.447,-0.4930850681144945,-0.26033769295563763,-0.558289327473113,-0.6445530300913926,0.24491347251521606
1.448,-0.49334297210393396,-0.25546986168845903,-0.558928337680724,-0.6390102076109969,0.24491347251521606
1.449,-0.4935960069974096,-0.25059950903688016,-0.5595618106086772,-0.6334729279530816,0.24491347251521606
1.45,-0.49384417029756883,-0.24572668306931958,-0.5601896948806205,-0.6278842719433817,0.24775915408734528
1.451,-0.4940874595551402,-0.24085143187860097,-0.5608119960852103,-0.6223012045896914,0.24775915408734528
1.452,-0.494325872368957,-0.23597380358148545,-0.5614287198055136,-0.6167237203033548,0.24775915408734528
1.453,-0.4945594063859809,-0.23109384631819363,-0.5620398716190149,-0.6111518135013045,0.24775915408734528
1.454,-0.49478805930132547,-0.22621160825193637,-0.5626454570976209,-0.6055854786060564,0.24775915408734528
1.455,-0.49501182885827877,-0.221327137568431,-0.5632454260955726,-0.5999689979516509,0.2505447587899719
1.456,-0.4952307128483256,-0.21644048247543124,-0.5638397842293505,-0.5943581337778998,0.2505447587899719
1.457,-0.4954447091111694,-0.2115516912022486,-0.5644285371098189,-0.5887528804683225,0.2505447587899719
1.458,-0.4956538155347533,-0.20666081199928207,-0.565011690342231,-0.5831532324120547,0.2505447587899719
1.459,-0.4958580300552814,-0.2017678931375334,-0.5655892495262348,-0.5775591840038432,0.2505447587899719
1.46,-0.4960573506572389,-0.19687298290813648,-0.5661611657578933,-0.5719162316585052,0.2532696580667038
1.461,-0.49625177537341186,-0.19197612962187777,-0.5667274446801588,-0.5662789222655127,0.2532696580667038
1.462,-0.49644130228490685,-0.1870773816087249,-0.5672880919303407,-0.5606472501819131,0.2532696580667038
1.463,-0.4966259295211697,-0.18217678721734176,-0.567843113140111,-0.555021209770397,0.2532696580667038
1.464,-0.4968056552600042,-0.17727439481461654,-0.5683925139355104,-0.5494007953992925,0.2532696580667038
1.465,-0.49698047772758985,-0.1723702527851817,-0.5689362466654103,-0.5437327298998917,0.25593323520007427
1.466,-0.4971503951984994,-0.1674644095309433,-0.5694743169978763,-0.5380703324659903,0.25593323520007427
1.467,-0.49731540599571616,-0.16255691347058818,-0.5700067305953058,-0.5324135974295229,0.25593323520007427
1.468,-0.4974755084906501,-0.1576478130391254,-0.5705334931144339,-0.5267625191280919,0.25593323520007427
1.469,-0.49763070110315416,-0.1527371566873929,-0.5710546102063389,-0.5211170919049624,0.25593323520007427
1.47,-0.49778098230154,-0.14782499288158638,-0.5715700354834415,-0.5154252771027252,0.2585348855166105
1.471,-0.4979263506025928,-0.14291137010277807,-0.5720797746375569,-0.5097391541152902,0.2585348855166105
1.472,-0.49806680457158625,-0.1379963368464439,-0.5725838333548077,-0.5040587172508427,0.2585348855166105
1.473,-0.4982023428222962,-0.13307994162197648,-0.5730822173156309,-0.4983839608232597,0.2585348855166105
1.474,-0.49833296401701493,-0.12816223295221177,-0.5735749321947831,-0.4927148791521042,0.2585348855166105
1.475,-0.498458666866564,-0.12324325937294758,-0.5740619328787242,-0.4870006839411484,0.26107401659018514
1.476,-0.49857945013030697,-0.11832306943247012,-0.5745432250816496,-0.4812922029254036,0.26107401659018514
1.477,-0.49869531261616185,-0.11340171169106632,-0.5750188145120403,-0.4755894303906745,0.26107401659018514
1.478,-0.4988062531806126,-0.10847923472055022,-0.5754887068726687,-0.4698923606284801,0.26107401659018514
1.479,-0.49891227072872074,-0.10355568710378092,-0.5759529078606048,-0.4642009879360479,0.26107401659018514
1.48,-0.4990133642141358,-0.0986311174341884,-0.576411373646584,-0.4584657859792419,0.26355004844349594
1.481,-0.4991095326391059,-0.09370557431528578,-0.5768641099658084,-0.4527363192243928,0.26355004844349594
1.482,-0.4992007750544875,-0.08877910636019516,-0.5773111225477446,-0.44701258193629845,0.26355004844349594
1.483,-0.4992870905597549,-0.08385176219116496,-0.5777524171161301,-0.44129456838549225,0.26355004844349594
1.484,-0.49936847830300873,-0.07892359043909702,-0.5781879993889784,-0.43558227284823686,0.26355004844349594
1.485,-0.499444937480985,-0.0739946397430514,-0.5786178268312788,-0.4298274423004378,0.26596241374754237
1.486,-0.49951646733906235,-0.06906495874978577,-0.579041905197862,-0.4240783665831865,0.26596241374754237
1.487,-0.49958306717127005,-0.06413459611325992,-0.5794602402378036,-0.41833503994165244,0.26596241374754237
1.488,-0.4996447363202946,-0.05920360049416263,-0.5798728376944304,-0.41259745662675995,0.26596241374754237
1.489,-0.49970147417748645,-0.054272020559428515,-0.5802797033053256,-0.40686561089518236,0.26596241374754237
1.49,-0.4997532801828658,-0.04933990498176338,-0.5806807958394495,-0.4010925341239083,0.2683105580189454
1.491,-0.49980015382512827,-0.0444073024391554,-0.5810761210698789,-0.3953252304294055,0.2683105580189454
1.492,-0.49984209464164997,-0.0394742616144003,-0.5814656847639176,-0.3895636940385972,0.2683105580189454
1.493,-0.499879102218492,-0.03454083119461807,-0.5818494926831017,-0.38380791918417967,0.2683105580189454
1.494,-0.4999111761904045,-0.02960705987077805,-0.5822275505832063,-0.3780579001046166,0.2683105580189454
1.495,-0.4999383162408303,-0.024672996337209954,-0.5825998185466145,-0.3722679634082125,0.27059393981497404
1.496,-0.49996052210190806,-0.019738689291128902,-0.582966302363263,-0.3664838166485048,0.27059393981497404
1.497,-0.4999777935544749,-0.01480418743215198,-0.5833270078172985,-0.3607054540355568,0.27059393981497404
1.498,-0.49999013042806856,-0.009869539461823194,-0.5836819406870838,-0.35493286978522176,0.27059393981497404
1.499,-0.4999975326009291,-0.004934794083124413,-0.584031106745203,-0.34916605811913703,0.27059393981497404
1.5,-0.5,-2.8855060405826847e-16,-0.5843744673966454,-0.34336065144249495,0.272812030926147
1.5010000000000001,-0.4999975326009291,0.004934794083125232,-0.584712028446818,-0.3375610501725295,0.272812030926147
1.502,-0.49999013042806856,0.009869539461822618,-0.5850437956953218,-0.33176724850383404,0.272812030926147
1.5030000000000001,-0.4999777935544749,0.014804187432152801,-0.5853697749359587,-0.3259792406368073,0.272812030926147
1.504,-0.49996052210190806,0.019738689291128327,-0.5856899719567363,-0.32019702077764756,0.272812030926147
1.5050000000000001,-0.4999383162408303,0.02467299633721077,-0.5860043494941619,-0.31437753742554453,0.2749643165662696
1.506,-0.4999111761904045,0.029607059870777473,-0.5863129133677187,-0.3085638735567936,0.2749643165662696
1.5070000000000001,-0.499879102218492,0.0345408311946189,-0.5866156693910707,-0.30275602335191143,0.2749643165662696
1.508,-0.49984209464164997,0.03947426161439972,-0.586912623372068,-0.29695398099723413,0.2749643165662696
1.5090000000000001,-0.49980015382512827,0.044407302439154826,-0.5872037811127528,-0.2911577406849115,0.2749643165662696
1.51,-0.4997532801828658,0.04933990498176281,-0.5874891066897858,-0.2853255770330311,0.2770502955597764
1.5110000000000001,-0.49970147417748645,0.05427202055942933,-0.5877686059353306,-0.27949924554480254,0.2770502955597764
1.512,-0.4996447363202946,0.059203600494162054,-0.5880422846757187,-0.2736787403880622,0.2770502955597764
1.5130000000000001,-0.49958306717127005,0.06413459611325936,-0.5883101487314553,-0.26786405573647865,0.2770502955597764
1.514,-0.49951646733906235,0.06906495874978519,-0.5885722039172248,-0.2620551857695466,0.2770502955597764
1.5150000000000001,-0.49944493748098495,0.07399463974305222,-0.588828415658198,-0.2562117409732519,0.27906948052625924
1.516,-0.49936847830300873,0.07892359043909644,-0.5890787897978197,-0.2503741396217535,0.27906948052625924
1.5170000000000001,-0.49928709055975484,0.08385176219116576,-0.5893233321736913,-0.24454237587160654,0.27906948052625924
1.518,-0.4992007750544875,0.08877910636019459,-0.5895620486175764,-0.23871644388520974,0.27906948052625924
1.5190000000000001,-0.4991095326391059,0.0937055743152866,-0.5897949449554072,-0.23289633783079935,0.27906948052625924
1.52,-0.4990133642141358,0.09863111743418781,-0.5900219879689389,-0.2270430135317278,0.28102139806203896
1.5210000000000001,-0.49891227072872074,0.10355568710378173,-0.5902431835114959,-0.22119554255695528,0.28102139806203896
1.522,-0.4988062531806126,0.10847923472054966,-0.590458537430549,-0.21535391905315754,0.28102139806203896
1.5230000000000001,-0.4986953126161618,0.11340171169106712,-0.5906680555677218,-0.2095181371728636,0.28102139806203896
1.524,-0.49857945013030697,0.11832306943246955,-0.5908717437587963,-0.20368819107444996,0.28102139806203896
1.5250000000000001,-0.498458666866564,0.12324325937294842,-0.5910695701499012,-0.19782639110500183,0.28290558891868406
1.526,-0.49833296401701493,0.12816223295221116,-0.5912615406028368,-0.19197045293552314,0.28290558891868406
1.5270000000000001,-0.4982023428222962,0.1330799416219759,-0.591447660973541,-0.18612037070421394,0.28290558891868406
1.528,-0.49806680457158625,0.13799633684644336,-0.591627937112096,-0.18027613855513605,0.28290558891868406
1.5290000000000001,-0.4979263506025928,0.14291137010277888,-0.5918023748627342,-0.17443775063820724,0.28290558891868406
1.53,-0.49778098230154,0.1478249928815858,-0.5919709437434583,-0.1685688807240025,0.28472160817832637
1.5310000000000001,-0.49763070110315416,0.15273715668739232,-0.592133649623138,-0.16270587967971198,0.28472160817832637
1.532,-0.4974755084906501,0.15764781303912484,-0.5922904983647744,-0.15684874163646573,0.28472160817832637
1.5330000000000001,-0.49731540599571616,0.162556913470589,-0.5924414958255056,-0.15099746073126274,0.28472160817832637
1.534,-0.4971503951984994,0.16746440953094274,-0.5925866478566126,-0.14515203110696495,0.28472160817832637
1.5350000000000001,-0.49698047772758985,0.17237025278518253,-0.59272592535518,-0.1392774985673442,0.2864690254256898
1.536,-0.4968056552600042,0.177274394814616,-0.5928593341957402,-0.13340884056026306,0.2864690254256898
1.537,-0.49662592952116974,0.1821767872173412,-0.5929868802469515,-0.127546051211189,0.2864690254256898
1.538,-0.49644130228490685,0.18707738160872434,-0.593108569371603,-0.12168912465146402,0.2864690254256898
1.539,-0.4962517753734119,0.19197612962187716,-0.5932244074266212,-0.11583805501829876,0.2864690254256898
1.54,-0.49605735065723894,0.19687298290813593,-0.5933343666950861,-0.10995926846494657,0.2881474249166949
1.541,-0.49585803005528145,0.20176789313753285,-0.5934384530557842,-0.10408636069814772,0.2881474249166949
1.542,-0.4956538155347533,0.2066608119992815,-0.5935366723816233,-0.09821932583911568,0.2881474249166949
1.543,-0.4954447091111694,0.21155169120224804,-0.5936290305396382,-0.09235815801494267,0.2881474249166949
1.544,-0.4952307128483256,0.21644048247543068,-0.5937155333909968,-0.08650285135859383,0.2881474249166949
1.545,-0.49501182885827877,0.22132713756843045,-0.5937961546113891,-0.08062122039236437,0.28975640574354333
1.546,-0.4947880593013255,0.2262116082519358,-0.5938709000824463,-0.07474547105710114,0.28975640574354333
1.547,-0.49455940638598095,0.23109384631819307,-0.5939397756799174,-0.06887559747117317,0.28975640574354333
1.548,-0.494325872368957,0.23597380358148487,-0.5940027872736763,-0.06301159375883113,0.28975640574354333
1.549,-0.4940874595551403,0.24085143187860042,-0.5940599407277265,-0.05715345405020143,0.28975640574354333
1.55,-0.4938441702975689,0.245726683069319,-0.5941112111166827,-0.051270388956227805,0.29129558199617134
1.551,-0.49359600699740963,0.2505995090368796,-0.5941566043236101,-0.04539320692734815,0.29129558199617134
1.552,-0.493342972103934,0.2554698616884585,-0.5941961262256905,-0.03952190208049737,0.29129558199617134
1.553,-0.4930850681144945,0.260337692955637,-0.594229782694229,-0.033656468538493446,0.29129558199617134
1.554,-0.492822297574499,0.2652029547948915,-0.594257579594659,-0.027796900430031527,0.29129558199617134
1.555,-0.492554663077387,0.2700655991880475,-0.5942794934065302,-0.021913811871202143,0.29276458291996765
1.556,-0.4922821672646027,0.27492557814276947,-0.5942955300129311,-0.01603660640093159,0.29276458291996765
1.557,-0.4920048128255699,0.27978284369302703,-0.5943056952910672,-0.010165278136131304,0.29276458291996765
1.558,-0.49172260249766486,0.2846373478995717,-0.5943099951122669,-0.004299821199595819,0.29276458291996765
1.559,-0.49143553906618964,0.28948904285040394,-0.5943084353419869,0.0015597702800031303,0.29276458291996765
1.56,-0.49114362536434436,0.29433788066125466,-0.5943009938704157,0.007441471571116336,0.29416305306966045
1.561,-0.4908468642731995,0.2991838134760523,-0.5942876765792547,0.013317291160938428,0.29416305306966045
1.562,-0.49054525872166704,0.3040267934673977,-0.5942684893443235,0.0191872349311707,0.29416305306966045
1.563,-0.4902388116864722,0.30886677283703073,-0.5942434380355659,0.02505130875763274,0.29416305306966045
1.564,-0.4899275261921235,0.31370370381631046,-0.5942125285170556,0.030909518510268314,0.29416305306966045
1.565,-0.48961140531088293,0.3185375386666809,-0.5941757400950147,0.03678842204094343,0.2954906524592692
1.566,-0.48929045216273603,0.3233682296801448,-0.5941330786483466,0.04266144666808787,0.2954906524592692
1.567,-0.4889646699153609,0.32819572917972945,-0.594084550050076,0.04852859827060516,0.2954906524592692
1.568,-0.48863406178409674,0.33301998951996503,-0.5940301601673544,0.05438988272151994,0.2954906524592692
1.569,-0.48829863103191234,0.33784096308734973,-0.5939699148614664,0.060245305887983804,0.2954906524592692
1.57,-0.48795838096937366,0.342658602300822,-0.5939037948597502,0.06612000171625657,0.296747056708037
1.571,-0.4876133149546118,0.3474728596122237,-0.5938318060369014,0.07198882284870105,0.296747056708037
1.572,-0.48726343639328856,0.35228368750678424,-0.5937539542617414,0.07785177516001308,0.296747056708037
1.573,-0.4869087487385645,0.3570910385035704,-0.5936702453972224,0.08370886451901381,0.296747056708037
1.574,-0.4865492554910632,0.3618948651559713,-0.5935806853004337,0.08956009678865554,0.296747056708037
1.575,-0.4861849601988384,0.3666951200521533,-0.5934852561245982,0.09542917583551168,0.29793195718224
1.576,-0.485815866457337,0.371491755815544,-0.5933839637387949,0.10129238580332096,0.29793195718224
1.577,-0.4854419779093655,0.37628472510528066,-0.5932768140062337,0.10714973256116245,0.29793195718224
1.578,-0.48506329824505295,0.38107398061669284,-0.5931638127842614,0.11300122197224609,0.29793195718224
1.579,-0.4846798312018147,0.3858594750817621,-0.5930449659243675,0.11884685989391865,0.29793195718224
1.58,-0.48429158056431554,0.3906411612695914,-0.5929202570101109,0.12470891425668085,0.29904506113280577
1.581,-0.48389855016443273,0.3954189919868659,-0.5927896919035458,0.13056510656508027,0.29904506113280577
1.582,-0.48350074388121755,0.4001929200783266,-0.5926532764608646,0.1364154426811713,0.29904506113280577
1.583,-0.4830981656408574,0.4049628984272305,-0.5925110165324035,0.14225992846114627,0.29904506113280577
1.584,-0.4826908194166369,0.40972887995581836,-0.5923629179626481,0.14809856975534125,0.29904506113280577
1.585,-0.48227870922889904,0.41449081762577406,-0.5922089657696259,0.15395219302215846,0.3000860918286279
1.586,-0.48186183914500486,0.41924866443869646,-0.5920491658069602,0.15979996266570887,0.3000860918286279
1.587,-0.4814402132792938,0.4240023734365584,-0.5918835239224206,0.1656418845396157,0.3000860918286279
1.588,-0.4810138357930429,0.42875189770217254,-0.5917120459579289,0.17147796449164865,0.3000860918286279
1.589,-0.48058271089442606,0.43349719035964773,-0.5915347377495652,0.17730820836372957,0.3000860918286279
1.59,-0.48014684283847153,0.43823820457486673,-0.5913515857536361,0.1831519959290764,0.30105478868552854
1.591,-0.47970623592702144,0.4429748935559292,-0.5911625958139293,0.1889899397068579,0.30105478868552854
1.592,-0.47926089450868786,0.4477072105536298,-0.5909677737683884,0.1948220455408616,0.30105478868552854
1.593,-0.4788108229788112,0.45243510886190613,-0.5907671254491194,0.20064831926903132,0.30105478868552854
1.594,-0.4783560257794152,0.4571585418183163,-0.5905606566823959,0.20646876672347286,0.30105478868552854
1.595,-0.47789650739916506,0.4618774628044796,-0.5903483553662913,0.21230131610456465,0.3019509073907637
1.596,-0.47743227237332153,0.4665918252465526,-0.590130227333355,0.21812803293627536,0.3019509073907637
1.597,-0.47696332528369684,0.4713015826156811,-0.5899062784103039,0.22394892305115435,0.3019509073907637
1.598,-0.4764896707586094,0.4760066884284627,-0.5896765144180279,0.22976399227591848,0.3019509073907637
1.599,-0.4760113134728383,0.4807070962473998,-0.5894409411715965,0.23557324643145783,0.3019509073907637
1.6,-0.4755282581475768,0.4854027596813663,-0.589199548014011,0.2413931575854866,0.3027742200230119
1.601,-0.4750405095503859,0.4900936323860598,-0.5889523407651827,0.24720724882836134,0.3027742200230119
1.602,-0.47454807249514724,0.4947796680644618,-0.5886993252392027,0.2530155259799932,0.3027742200230119
1.603,-0.474050951842016,0.4994608204672891,-0.5884405072443482,0.2588179948544735,0.3027742200230119
1.604,-0.47354915249737217,0.5041370433934591,-0.5881758925830881,0.26461466126007926,0.3027742200230119
1.605,-0.4730426794137727,0.508808290690539,-0.5879054720461859,0.27042053690217455,0.30352451516776874
1.606,-0.47253153758990235,0.5134745162552055,-0.5876292514395173,0.27622060666862774,0.30352451516776874
1.607,-0.472015732070525,0.5181356740336918,-0.5873472365631519,0.28201487636531447,0.30352451516776874
1.608,-0.4714952679464322,0.522791718022258,-0.5870594332113596,0.28780335179230454,0.30352451516776874
1.609,-0.4709701503543953,0.5274426022676255,-0.5867658471726157,0.29358603874386763,0.30352451516776874
1.61,-0.47044038447711267,0.5320882808674471,-0.58646647068795,0.29937648466568534,0.3042015980280799
1.611,-0.46990597554315994,0.5367287079707467,-0.5861613095478084,0.30516114014158124,0.3042015980280799
1.612,-0.46936692882693704,0.5413638377783873,-0.5858503695368464,0.31094001096200125,0.3042015980280799
1.613,-0.4688232496486178,0.5459936245435052,-0.5855336564339348,0.3167131029116008,0.3042015980280799
1.614,-0.4682749433740962,0.5506180225719753,-0.5852111760121655,0.3224804217692508,0.3042015980280799
1.615,-0.46772201541493374,0.5552369862228563,-0.5848829219650075,0.3282540471580924,0.3048052905305453
1.616,-0.46716447122830596,0.5598504699088427,-0.584548900066086,0.3340218989215452,0.3048052905305453
1.617,-0.46660231631694926,0.5644584280967107,-0.5842091160832528,0.3397839828332346,0.3048052905305453
1.618,-0.46603555622910553,0.5690608153077743,-0.5838635757785917,0.34554030466101227,0.3048052905305453
1.619,-0.46546419655846794,0.5736575861183301,-0.5835122849084248,0.35129087016696214,0.3048052905305453
1.62,-0.4648882429441256,0.578248695160107,-0.5831552386204994,0.357046287925326,0.30533543142654174
1.621,-0.4643077010705086,0.5828340971207099,-0.5827924426702336,0.36279595026593153,0.30533543142654174
1.622,-0.4637225766673307,0.5874137467440739,-0.5824239028072894,0.36853986294419644,0.30533543142654174
1.623,-0.46313287550953336,0.5919875988309059,-0.5820496247755796,0.3742780317097831,0.30533543142654174
1.624,-0.46253860341722897,0.5965556082391339,-0.581669614313273,0.3800104623066041,0.30533543142654174
1.625,-0.4619397662556433,0.6011177298843466,-0.581283868023901,0.3857462893720692,0.3057918763885822
1.6260000000000001,-0.4613363699350574,0.6056739187402463,-0.5808923916432905,0.39147638061046874,0.3057918763885822
1.627,-0.46072842041074924,0.6102241298390885,-0.5804951909015329,0.3972007417576299,0.3057918763885822
1.6280000000000001,-0.4601159236829351,0.614768318272128,-0.5800922715229893,0.40291937854364396,0.3057918763885822
1.629,-0.4594988857967108,0.6193064391900555,-0.5796836392262964,0.40863229669287193,0.3057918763885822
1.6300000000000001,-0.4588773128419905,0.6238384478034549,-0.5792692920719382,0.4143471543582148,0.30617449810178665
1.631,-0.458251210953449,0.628364299383227,-0.5788492357747723,0.4200562971658923,0.30617449810178665
1.6320000000000001,-0.4576205863104588,0.6328839492610452,-0.5784234760439415,0.4257597308307622,0.30617449810178665
1.633,-0.4569854451370307,0.6373973528297895,-0.5779920185828795,0.43145746106196714,0.30617449810178665
1.6340000000000001,-0.4563457937017514,0.6419044655439906,-0.5775548690893165,0.4371494935629409,0.30617449810178665
1.635,-0.4557016383177226,0.6464052429202628,-0.5771120270815201,0.44284200779638566,0.3064831863503844
1.6360000000000001,-0.4550529853424979,0.6508996405377517,-0.5766634982520045,0.44852882951559697,0.3064831863503844
1.637,-0.4543998411780201,0.6553876140385674,-0.5762092882875913,0.4542099644130891,0.3064831863503844
1.6380000000000001,-0.4537422122705584,0.6598691191282243,-0.5757494028694157,0.4598854181756837,0.3064831863503844
1.639,-0.4530801051106449,0.6643441115760741,-0.5752838476729312,0.4655551964845157,0.3064831863503844
1.6400000000000001,-0.4524135262330098,0.6688125472157493,-0.5748126236746811,0.47122399825001543,0.3067178480992129
1.641,-0.45174248221651747,0.6732743819455941,-0.5743357365434674,0.47688713121374965,0.3067178480992129
1.6420000000000001,-0.4510669796841013,0.6777295717291021,-0.5738531919424229,0.4825446010445202,0.3067178480992129
1.643,-0.450387025302699,0.6821780725953465,-0.5733649955290174,0.48819641340545994,0.3067178480992129
1.6440000000000001,-0.4497026257831855,0.6866198406394207,-0.5728711529550634,0.49384257395403874,0.3067178480992129
1.645,-0.4490137878803078,0.6910548320228674,-0.572371666655532,0.4994862995314879,0.3068784075701598
1.6460000000000001,-0.44832051839261783,0.6954830029741135,-0.5718665422741486,0.5051243813833596,0.3068784075701598
1.647,-0.44762282416240595,0.6999043097888955,-0.5713557854489952,0.5107568251533794,0.3068784075701598
1.6480000000000001,-0.44692071207563183,0.7043187088307052,-0.5708394018125156,0.5163836364796293,0.3068784075701598
1.649,-0.44621418906185895,0.7087261565312025,-0.5703173969915211,0.5220048209945528,0.3068784075701598
1.6500000000000001,-0.445503262094184,0.7131266093906593,-0.5697897748792212,0.5276221122998284,0.3069648063135061
1.651,-0.44478793818916906,0.7175200239783821,-0.5692565410929075,0.5332337863137987,0.3069648063135061
1.6520000000000001,-0.4440682244067722,0.7219063569331441,-0.5687177012442537,0.538839848653755,0.3069648063135061
1.653,-0.4433441278502782,0.7262855649636072,-0.5681732609393223,0.5444403049313714,0.3069648063135061
1.6540000000000001,-0.4426156556662276,0.7306576048487575,-0.5676232257785696,0.5500351607527102,0.3069648063135061
1.655,-0.4418828150443468,0.7350224334383264,-0.5670676011129122,0.5556246656574401,0.3069770032741305
1.6560000000000001,-0.44114561321747653,0.7393800076532191,-0.566506392531855,0.5612085810572652,0.3069770032741305
1.657,-0.44040405746150174,0.7437302844859348,-0.5659396056193133,0.5667869125416906,0.3069770032741305
1.6580000000000001,-0.4396581550952781,0.7480732210009986,-0.5653672459536188,0.5723596656946315,0.3069770032741305
1.659,-0.4389079134805609,0.7524087743353806,-0.5647893191075244,0.5779268460944195,0.3069770032741305
1.6600000000000001,-0.4381533400219317,0.7567369016989207,-0.564205831888779,0.5834872187453758,0.30691497485253577
1.661,-0.4373944421667263,0.7610575603747469,-0.5636167898577553,0.5890420310236811,0.30691497485253577
1.6620000000000001,-0.4366312274049601,0.7653707077197037,-0.5630221985692656,0.5945912884897082,0.30691497485253577
1.663,-0.43586370326925444,0.7696763011647678,-0.5624220635725673,0.6001349966982692,0.30691497485253577
1.6640000000000001,-0.4350918773347627,0.7739742982154717,-0.5618163904113687,0.6056731611986217,0.30691497485253577
1.665,-0.43431575721909577,0.7782646564523157,-0.561205187349032,0.6112030623366361,0.306778714960654
1.666,-0.4335353505822452,0.7825473335311999,-0.5605884599154585,0.6167274335735126,0.306778714960654
1.667,-0.4327506651265095,0.7868222871838306,-0.5599662136350193,0.6222462804391521,0.306778714960654
1.668,-0.4319617085964177,0.7910894752181384,-0.5593384540265613,0.627759608457926,0.306778714960654
1.669,-0.43116848877865205,0.7953488555187016,-0.5587051866034126,0.6332674231486811,0.306778714960654
1.67,-0.43037101350197193,0.7996003860471562,-0.5580664210829857,0.6387655204269809,0.3065682350724239
1.671,-0.42956929063713617,0.8038440248426135,-0.5574221629633777,0.6442581196080024,0.3065682350724239
1.672,-0.42876332809682616,0.8080797300220693,-0.5567724177371878,0.6497452261898429,0.3065682350724239
1.673,-0.42795313383556655,0.8123074597808249,-0.5561171908915227,0.6552268456651015,0.3065682350724239
1.674,-0.4271387158496477,0.8165271723928941,-0.5554564879080018,0.6607029835208849,0.3065682350724239
1.675,-0.42632008217704603,0.8207388262114182,-0.5547903199561791,0.6661679518227454,0.3062835642690716
1.676,-0.42549724089734614,0.8249423796690711,-0.5541186925010229,0.6716274551563041,0.3062835642690716
1.677,-0.4246702001316583,0.8291377912784818,-0.5534416110020364,0.6770814989865291,0.3062835642690716
1.678,-0.42383896804254173,0.8333250196326277,-0.5527590809132634,0.6825300887729241,0.3062835642690716
1.679,-0.423003552833921,0.8375040234052581,-0.5520711076832939,0.6879732299695326,0.3062835642690716
1.68,-0.42216396275100776,0.841674761351289,-0.5513777039315688,0.693403751725145,0.3059247492790993
1.681,-0.42132020608021614,0.8458371923072256,-0.5506788750886098,0.6988288429590018,0.3059247492790993
1.682,-0.42047229114908463,0.8499912751915514,-0.5499746265795081,0.7042485091016248,0.3059247492790993
1.683,-0.41962022632619095,0.8541369690051462,-0.54926496382393,0.7096627555781052,0.3059247492790993
1.684,-0.41876402002107105,0.8582742328316861,-0.5485498922361218,0.7150715878081091,0.3059247492790993
1.685,-0.4179036806841351,0.8624030258380484,-0.5478294258828112,0.7204663533105601,0.3054918545129553
1.686,-0.4170392168065856,0.8665233072747107,-0.5471035701587638,0.7258557240475086,0.3054918545129553
1.687,-0.4161706369203318,0.8706350364761599,-0.5463723304533501,0.7312397054137202,0.3054918545129553
1.688,-0.41529794959790645,0.8747381728612886,-0.5456357121505515,0.7366183027985655,0.3054918545129553
1.689,-0.4144211634523809,0.8788326759337983,-0.5448937206289655,0.7419915215860261,0.3054918545129553
1.69,-0.4135402871372809,0.8829185052825946,-0.5441463713996592,0.7473492293062869,0.30498496209233966
1.691,-0.41265532934649984,0.8869956205821923,-0.5433936698203403,0.7527015793188274,0.30498496209233966
1.692,-0.41176629881421384,0.8910639815931096,-0.542635621243359,0.7580485769813554,0.30498496209233966
1.693,-0.41087320431479507,0.8951235481622667,-0.5418722310157127,0.7633902276462209,0.30498496209233966
1.694,-0.40997605466272613,0.8991742802233784,-0.5411035044790523,0.7687265366604215,0.30498496209233966
1.695,-0.40907485871251176,0.9032161377973555,-0.5403294585854911,0.7740458935612443,0.30440417187416136
1.696,-0.4081696253585921,0.9072490809926956,-0.539550098654386,0.7793599311051663,0.30440417187416136
1.697,-0.4072603635352546,0.9112730700058789,-0.5387654299997744,0.7846686546115443,0.30440417187416136
1.698,-0.4063470822165472,0.9152880651217546,-0.5379754579303799,0.789972069394416,0.30440417187416136
1.699,-0.40542979041618676,0.9192940267139469,-0.5371801877496174,0.7952701807625048,0.30440417187416136
1.7,-0.4045084971874738,0.923290915245228,-0.5363796378470063,0.8005499026111244,0.3037496014691042
1.701,-0.40358321162320027,0.9272786912679234,-0.5355738135022684,0.8058243447378953,0.3037496014691042
1.702,-0.40265394285556116,0.9312573154242937,-0.5347627199898458,0.8110935124225395,0.3037496014691042
1.703,-0.40172070005606375,0.9352267484469254,-0.5339463625789063,0.816357410939499,0.3037496014691042
1.704,-0.4007834924354383,0.9391869511591154,-0.5331247465333483,0.8216160455579415,0.3037496014691042
1.705,-0.39984232924354535,0.9431378844752624,-0.5322978916761109,0.8268548572374796,0.3030213862548021
1.706,-0.39889721976928566,0.9470795094012499,-0.5314658032460056,0.8320884301053382,0.3030213862548021
1.707,-0.39794817334050786,0.951011787034832,-0.5306284864766052,0.8373167694003288,0.3030213862548021
1.708,-0.3969951993239177,0.9549346785660141,-0.5297859465962492,0.8425398803560246,0.3030213862548021
1.709,-0.39603830712498356,0.9588481452774414,-0.5289381888280484,0.8477577682007645,0.3030213862548021
1.71,-0.3950775061878453,0.9627521485447775,-0.5280852344240282,0.8529544040202359,0.30221967938361016
1.711,-0.3941128059952199,0.9666466498370875,-0.5272270885808243,0.8581458432038879,0.30221967938361016
1.712,-0.3931442160683094,0.9705316107172133,-0.526363756489876,0.8633320909483562,0.30221967938361016
1.713,-0.39217174596670507,0.9744069928421608,-0.5254952433374309,0.86851315244508,0.30221967938361016
1.714,-0.39119540528829416,0.9782727579634732,-0.5246215543045506,0.8736890328803071,0.30221967938361016
1.715,-0.39021520366916473,0.9821288679276101,-0.5237427120676674,0.878842236883126,0.3013446517849626
1.716,-0.38923115078351195,0.9859752846763198,-0.5228587217799855,0.8839902876819421,0.3013446517849626
1.717,-0.3882432563435393,0.9898119702470263,-0.5219695885895556,0.8891331904299594,0.3013446517849626
1.718,-0.38725153009936697,0.9936388867731887,-0.5210753176392803,0.8942709502752287,0.3013446517849626
1.719,-0.38625598183893234,0.9974559964846867,-0.5201759140669197,0.8994035723606527,0.3013446517849626
1.72,-0.3852566213878948,1.001263261708189,-0.5192714019682881,0.9045120986315383,0.30039649216231057
1.721,-0.38425345860953825,1.0050606448675252,-0.518361786451912,0.9096155163761529,0.30039649216231057
1.722,-0.3832465034046749,1.0088481084840553,-0.5174470726212089,0.9147138307030229,0.30039649216231057
1.723,-0.3822357657115459,1.012625615177043,-0.5165272655744934,0.9198070467155661,0.30039649216231057
1.724,-0.3812212555057241,1.0163931276640223,-0.5156023704049812,0.9248951695120967,0.30039649216231057
1.725,-0.3802029828000154,1.0201506087611674,-0.514672412622499,0.9299577824822777,0.29937540698465287
1.726,-0.3791809576443609,1.023898021383654,-0.5137373972896595,0.9350153328394885,0.29937540698465287
1.727,-0.378155190125736,1.027635328546034,-0.5127973294640131,0.9400678256463421,0.29937540698465287
1.728,-0.377125690368052,1.0313624933625947,-0.5118522141980527,0.9451152659603888,0.29937540698465287
1.729,-0.3760924685320556,1.0350794790477247,-0.5109020565392186,0.9501576588341214,0.29937540698465287
1.73,-0.37505553481522974,1.0387862489162738,-0.5099468834056339,0.9551731335847398,0.29828162047262347
1.731,-0.37401489945169125,1.0424827663839213,-0.5089866998127732,0.9601835928606075,0.29828162047262347
1.732,-0.37297057271209116,1.0461689949675317,-0.508021510771096,0.9651890416771993,0.29828162047262347
1.733,-0.3719225649035124,1.0498448982855184,-0.507051321286051,0.9701894850449746,0.29828162047262347
1.734,-0.3708708863693698,1.0535104400581965,-0.5060761363580817,0.975184927969382,0.29828162047262347
1.735,-0.36981554748930484,1.0571655841081526,-0.5050959843075487,0.9801520505329964,0.29711537457918485
1.736,-0.368756558679087,1.0608102943605877,-0.5041108701015746,0.9851142059740471,0.29711537457918485
1.737,-0.367693930390508,1.0644445348436837,-0.503120798702315,0.9900713992596567,0.29711537457918485
1.738,-0.3666276731112802,1.0680682696889545,-0.502125775066963,0.9950236353519808,0.29711537457918485
1.739,-0.365557797364932,1.0716814631316012,-0.5011258041477548,0.9999709192082125,0.29711537457918485
1.74,-0.3644843137107058,1.0752840795108611,-0.5001209156608865,1.0048884868683021,0.2958769289648926
1.741,-0.3634072327434515,1.0788760832703659,-0.4991111145239257,1.0098011369607316,0.2958769289648926
1.742,-0.36232656509352346,1.0824574389584887,-0.4980964056495226,1.0147088744030688,0.2958769289648926
1.743,-0.3612423214266748,1.0860281112286956,-0.49707679394541465,1.0196117041079635,0.2958769289648926
1.744,-0.3601545124439534,1.0895880648398912,-0.4960522843144315,1.0245096309831534,0.2958769289648926
1.745,-0.35906314888159446,1.0931372646567712,-0.49502290786186,1.0293764525715254,0.2945665609677594
1.746,-0.35796824151091566,1.0966756756501663,-0.4939886694545217,1.034238407338309,0.2945665609677594
1.747,-0.35686980113821054,1.1002032628973897,-0.4929495739543714,1.039095500150326,0.2945665609677594
1.748,-0.3557678386046426,1.1037199915825775,-0.49190562621850187,1.0439477358695308,0.2945665609677594
1.749,-0.35466236478613694,1.107225826997038,-0.49085683109914885,1.0487951193530165,0.2945665609677594
1.75,-0.35355339059327384,1.1107207345395913,-0.48980322108360386,1.0536100155450179,0.29318456556772243
1.7510000000000001,-0.3524409269711805,1.1142046797169116,-0.48874480098676304,1.0584200968408273,0.29318456556772243
1.752,-0.3513249848994248,1.1176776281438638,-0.4876815756187077,1.063225368055341,0.29318456556772243
1.7530000000000001,-0.3502055753919031,1.121139545543853,-0.48661354978470905,1.0680258339986402,0.29318456556772243
1.754,-0.34908270949673637,1.1245903977491492,-0.48554072828523304,1.072821499475996,0.29318456556772243
1.7550000000000001,-0.34795639829615693,1.1280301507012358,-0.4844631449821496,1.0775833030834343,0.2917312553457242
1.756,-0.3468266529064027,1.1314587704511374,-0.48338080463726235,1.0823403448872653,0.2917312553457242
1.7570000000000001,-0.3456934844776031,1.1348762231597647,-0.48229371200761306,1.0870926296492924,0.2917312553457242
1.758,-0.34455690419367424,1.138282475098237,-0.4812018718454865,1.0918401621265577,0.2917312553457242
1.7590000000000001,-0.3434169232722042,1.1416774926482227,-0.4801052888984152,1.0965829470713455,0.2917312553457242
1.76,-0.3422735529643445,1.1450612423022704,-0.4790039983950822,1.1012905033330225,0.2902069604374189
1.7610000000000001,-0.3411268045546981,1.148433690664137,-0.47789800504304375,1.1059933520384377,0.2902069604374189
1.762,-0.33997668936120956,1.1517948044491175,-0.4767873135451486,1.1106914978951477,0.2902069604374189
1.7630000000000001,-0.33882321873505117,1.1551445504843765,-0.4756719285995426,1.115384945606001,0.2902069604374189
1.764,-0.3376664040605123,1.1584828957092728,-0.47455185489967344,1.1200736998691434,0.2902069604374189
1.7650000000000001,-0.3365062567548865,1.161809807175688,-0.47342712903293455,1.124725866738905,0.2886120284815373
1.766,-0.33534278826835995,1.1651252520483466,-0.47229775565149273,1.129373381441797,0.2886120284815373
1.7670000000000001,-0.3341760100838965,1.168429197605148,-0.47116373940286277,1.1340162486299858,0.2886120284815373
1.768,-0.3330059337171259,1.1717216112374829,-0.4700250849299118,1.1386544729509867,0.2886120284815373
1.7690000000000001,-0.33183257071622907,1.175002460450559,-0.4688817968708641,1.1432880590476664,0.2886120284815373
1.77,-0.33065593266182614,1.1782717128637161,-0.46773391316338425,1.1478837074798764,0.2869468245628909
1.7710000000000001,-0.3294760311668584,1.1815293362107568,-0.4665814384031206,1.1524747602636545,0.2869468245628909
1.772,-0.32829287787647826,1.1847752983402509,-0.46542437718112595,1.1570612219946486,0.2869468245628909
1.7730000000000001,-0.3271064844679303,1.1880095672158641,-0.46426273408386204,1.1616430972639118,0.2869468245628909
1.774,-0.32591686265043956,1.1912321109166664,-0.46309651369320415,1.1662203906579056,0.2869468245628909
1.7750000000000001,-0.3247240241650917,1.1944428976374553,-0.4619257552883139,1.1707584048902495,0.28521173115008974
1.776,-0.32352798078472217,1.1976418956890598,-0.46075046340720555,1.175291881108361,0.28521173115008974
1.7770000000000001,-0.3223287443137957,1.2008290734986613,-0.4595706425833553,1.1798208238502546,0.28521173115008974
1.778,-0.3211263265882923,1.204004399610102,-0.45838629734570585,1.1843452376494061,0.28521173115008974
1.7790000000000001,-0.3199207394755891,1.2071678426841954,-0.4571974322186711,1.1888651270347586,0.28521173115008974
1.78,-0.3187119948743448,1.2103193714990343,-0.4560040878138028,1.1933444048682824,0.2834071480279353
1.7810000000000001,-0.31750010471438034,1.2134589549503019,-0.4548062686103788,1.1978192034239727,0.2834071480279353
1.782,-0.3162850809565623,1.2165865620515774,-0.4536039790831977,1.2022895271811074,0.2834071480279353
1.7830000000000001,-0.3150669355926844,1.2197021619346422,-0.45239722370258323,1.206755380614485,0.2834071480279353
1.784,-0.3138456806453501,1.2228057238497816,-0.4511860069343888,1.2112167681944292,0.2834071480279353
1.7850000000000001,-0.3126213281678526,1.2258972171660933,-0.4499703707131181,1.2156362212707263,0.2815334922245717
1.786,-0.3113938902440563,1.2289766113717862,-0.44875031945822413,1.220051254893947,0.2815334922245717
1.7870000000000001,-0.3101633789882778,1.2320438760744838,-0.4475258575847406,1.2244618734835446,0.2815334922245717
1.788,-0.3089298065451674,1.2350989810015187,-0.44629698950328606,1.2288680814545525,0.2815334922245717
1.7890000000000001,-0.3076931850895857,1.2381418960002428,-0.44506371962006847,1.2332698832175895,0.2815334922245717
1.79,-0.30645352682648824,1.2411725910383105,-0.44382609118277544,1.2376284372930395,0.2795911979333767
1.7910000000000001,-0.305210843990801,1.2441910362039872,-0.44258410854996105,1.241982632814414,0.2795911979333767
1.792,-0.30396514884730286,1.247197201706435,-0.4413377760758208,1.246332474140267,0.2795911979333767
1.793,-0.30271645369050093,1.2501910578760167,-0.44008709811019603,1.2506779656247944,0.2795911979333767
1.794,-0.30146477084451234,1.2531725751645806,-0.4388320789985782,1.255019111617837,0.2795911979333767
1.795,-0.30021011266294206,1.256141724145753,-0.4375727632917434,1.2593157068348122,0.27758071642964705
1.796,-0.2989524915287596,1.259098475515233,-0.43630915528628683,1.2636080054565704,0.27758071642964705
1.797,-0.2976919198541777,1.2620428000910784,-0.4350412592745071,1.2678960117797067,0.27758071642964705
1.798,-0.29642841008052956,1.264974668813995,-0.4337690795444106,1.2721797300965199,0.27758071642964705
1.799,-0.2951619746781473,1.2678940527476203,-0.43249262037971553,1.2764591646950163,0.27758071642964705
1.8,-0.2938926261462367,1.2708009230788149,-0.43121192762386557,1.2806927558499632,0.2755025159820973
1.801,-0.29262037701275523,1.2736952511179414,-0.4299270055104518,1.2849221134137552,0.2755025159820973
1.802,-0.2913452398342879,1.2765770082991519,-0.42863785826883183,1.2891472416199834,0.2755025159820973
1.803,-0.29006722719592504,1.279446166180664,-0.42734449012413384,1.2933681446980054,0.2755025159820973
1.804,-0.28878635171113387,1.2823026964450506,-0.4260469052972609,1.2975848268729493,0.2755025159820973
1.805,-0.2875026260216394,1.2851465708995091,-0.42474515091357967,1.3017543836812606,0.273357081759211
1.806,-0.28621606279729567,1.2879777614761476,-0.4234392311426469,1.3059197709327637,0.273357081759211
1.807,-0.28492667473596217,1.2907962402322577,-0.4221291501498499,1.3100809927970152,0.273357081759211
1.808,-0.28363447456337826,1.2936019793505933,-0.42081491209641053,1.3142380534394025,0.273357081759211
1.809,-0.28233947503303863,1.2963949511396402,-0.4194965211393894,1.3183909570211474,0.273357081759211
1.81,-0.28104168892606546,1.299175128033895,-0.41817402567501066,1.3224954643787357,0.27114491573047217
1.811,-0.2797411290510837,1.3019424825941344,-0.4168474298077817,1.3265958672289664,0.27114491573047217
1.812,-0.278437808244094,1.3046969875076868,-0.41551673763810537,1.330692169676347,0.27114491573047217
1.813,-0.27713173936834706,1.3074386155886992,-0.4141819532622841,1.33478437582128,0.27114491573047217
1.814,-0.27582293531421526,1.31016733977841,-0.412843080772524,1.3388724897600683,0.27114491573047217
1.815,-0.27451140899906606,1.3128831331454132,-0.4115001698245225,1.3429109480015586,0.26886653656251935
1.816,-0.27319717336713445,1.3155859688859255,-0.4101532244567377,1.3469453677848076,0.26886653656251935
1.817,-0.27188024138939626,1.3182758203240474,-0.4088022487035894,1.3509757531482731,0.26886653656251935
1.818,-0.270560626063438,1.3209526609120326,-0.407447246595463,1.3550021081263752,0.26886653656251935
1.819,-0.2692383404133303,1.3236164642305444,-0.4060882221587135,1.3590244367494992,0.26886653656251935
1.82,-0.26791339748949816,1.3262672039889205,-0.4047252262968105,1.362995861902955,0.26652247951025704
1.821,-0.26658581036859463,1.3289048540254278,-0.40335826298117927,1.366963315631257,0.26652247951025704
1.822,-0.2652555921533671,1.3315293883075279,-0.40198733617927346,1.370926801905831,0.26652247951025704
1.823,-0.26392275597253334,1.3341407809321246,-0.40061244985457933,1.3748863246941303,0.26652247951025704
1.824,-0.2625873149806477,1.3367390061258289,-0.3992336079666197,1.3788418879596414,0.26652247951025704
1.825,-0.26124928235797473,1.3393240382452043,-0.397850862654622,1.3827453119977409,0.2641132963029589
1.826,-0.2599086713103547,1.341895851777031,-0.3964642178220102,1.3866448326118024,0.2641132963029589
1.827,-0.25856549506907867,1.344454421338545,-0.39507367736830495,1.3905404537052497,0.2641132963029589
1.828,-0.2572197668907534,1.3469997216776988,-0.39367924518912734,1.3944321791776035,0.2641132963029589
1.829,-0.2558715000571727,1.3495317276734053,-0.39228092517620283,1.398320012924485,0.2641132963029589
1.83,-0.2545207078751856,1.3520504143357885,-0.3908787706921908,1.402154484012069,0.2616395550254255
1.831,-0.2531674036765663,1.3545557568064261,-0.38947278557156223,1.4059851206285654,0.2616395550254255
1.832,-0.2518116008178805,1.3570477303586004,-0.3880629736449538,1.4098119266084455,0.2616395550254255
1.833,-0.25045331268035514,1.3595263103975386,-0.38664933873917146,1.4136349057823456,0.2616395550254255
1.834,-0.2490925526697453,1.3619914724606565,-0.3852318846771944,1.4174540619770717,0.2616395550254255
1.835,-0.24772933421620374,1.364443192217799,-0.3838106660324794,1.4212186447149786,0.2591018399941995
1.836,-0.24636367077414584,1.3668814454714822,-0.38238568656960925,1.4249794628701475,0.2591018399941995
1.837,-0.24499557582211845,1.369306208157131,-0.3809569500494021,1.4287365202071614,0.2591018399941995
1.838,-0.243625062862666,1.3717174563433172,-0.3795244602289153,1.4324898204868382,0.2591018399941995
1.839,-0.2422521454221993,1.3741151662319926,-0.37808822086144905,1.4362393674662353,0.2591018399941995
1.84,-0.24087683705085766,1.3764993141587316,-0.3766482877183177,1.4399331431313476,0.2565007516289317
1.841,-0.23949915132238062,1.3788698765929543,-0.3752046644932969,1.4436232250207948,0.2565007516289317
1.842,-0.23811910183396937,1.381226830138168,-0.37375735487646855,1.4473096168283526,0.2565007516289317
1.843,-0.23673670220615634,1.3835701515321905,-0.37230636255422445,1.4509923222441028,0.2565007516289317
1.844,-0.23535196608266626,1.385899817647389,-0.37085169120927003,1.4546713449544373,0.2565007516289317
1.845,-0.23396490713028675,1.3882158054908968,-0.36939339779753416,1.458293411735861,0.25383690631890443
1.846,-0.23257553903872932,1.39051809220485,-0.36793148594108366,1.4619118564505031,0.25383690631890443
1.847,-0.23118387552049613,1.3928066550666076,-0.3664659592583632,1.4655266827204307,0.25383690631890443
1.848,-0.22978993031074385,1.3950814714889794,-0.36499682136419914,1.4691378941640885,0.25383690631890443
1.849,-0.22839371716714976,1.3973425190204443,-0.36352407586980284,1.4727454943963025,0.25383690631890443
1.85,-0.22699524986977349,1.3995897753453763,-0.36204778090217526,1.4762949676276018,0.2511109362847809
1.851,-0.2255945422209227,1.4018232182842627,-0.3605679400107896,1.4798408913856698,0.2511109362847809
1.852,-0.224191608045016,1.4040428257939244,-0.35908455674156964,1.4833832692199798,0.2511109362847809
1.853,-0.2227864611884481,1.40624857596773,-0.3575976346368932,1.4869221046764554,0.2511109362847809
1.854,-0.22137911551945083,1.408440447035816,-0.3561071772355957,1.4904574012974745,0.2511109362847809
1.855,-0.2199695849279577,1.4106184173653005,-0.35461324382191084,1.4939334136848894,0.2483234894356238
1.856,-0.21855788332546627,1.4127824654604957,-0.3531158378718509,1.497405950059917,0.2483234894356238
1.857,-0.21714402464490262,1.414932569963119,-0.35161496285795235,1.5008750138985696,0.2483234894356238
1.858,-0.21572802284047948,1.4170687096525094,-0.35011062224927897,1.5043406086733835,0.2483234894356238
1.859,-0.21430989188756427,1.4191908634458288,-0.3486028195114255,1.5078027378534227,0.2483234894356238
1.86,-0.2128896457825361,1.4212990103982768,-0.34709161507172553,1.511204439699994,0.24547522922123505
1.861,-0.2114672985426519,1.423393129703293,-0.3455770123318808,1.5146027398447186,0.24547522922123505
1.862,-0.2100428642059031,1.425473200692767,-0.3440590146901915,1.5179976416892986,0.24547522922123505
1.863,-0.2086163568308827,1.4275392028372365,-0.3425376255415595,1.5213891486320341,0.24547522922123505
1.864,-0.2071877904966422,1.4295911157460948,-0.3410128482774917,1.5247772640678268,0.24547522922123505
1.865,-0.2057571793025546,1.43162891916779,-0.33948474445399834,1.5281038234933562,0.2425668344798631
1.866,-0.20432453736817444,1.4336525929900257,-0.3379533173976389,1.53142705635946,0.2425668344798631
1.867,-0.2028898788331,1.4356621172399568,-0.3364185704316462,1.5347469659926978,0.2425668344798631
1.868,-0.20145321785683143,1.437657472084391,-0.3348805068759299,1.5380635557163023,0.2425668344798631
1.869,-0.20001456861863257,1.4396386378299817,-0.3333391300470797,1.5413768288501832,0.2425668344798631
1.87,-0.19857394531739017,1.441605594923423,-0.33179450261507276,1.5446274320069602,0.239598999281351
1.871,-0.19713136217147545,1.4435583239516416,-0.3302466278305122,1.5478747845605803,0.239598999281351
1.872,-0.19568683341860124,1.445496805641991,-0.3286955089407505,1.5511188897616468,0.239598999281351
1.873,-0.19424037331568317,1.4474210208624394,-0.327141149189893,1.5543597508575122,0.239598999281351
1.874,-0.19279199613869807,1.4493309506217598,-0.3255835518188007,1.5575973710922817,0.239598999281351
1.875,-0.1913417161825452,1.4512265760697152,-0.3240227805964242,1.5607712223765042,0.23657243276574108
1.8760000000000001,-0.18988954776090056,1.4531078784972495,-0.32245883869661474,1.5639418998094425,0.23657243276574108
1.877,-0.1884355052060814,1.454974839336666,-0.3208917292900498,1.567109406564948,0.23657243276574108
1.8780000000000001,-0.18697960286889997,1.456827440161816,-0.3193214555442361,1.570273745813698,0.23657243276574108
1.879,-0.18552185511852576,1.4586656626882755,-0.3177480206235129,1.573434920723199,0.23657243276574108
1.8800000000000001,-0.18406227634233893,1.4604894887735325,-0.31617148938053086,1.5765312429820248,0.23348785897744792
1.881,-0.18260088094579394,1.462298900417158,-0.3145918649116123,1.5796244689185919,0.23348785897744792
1.8820000000000001,-0.18113768335227295,1.4640938797609906,-0.31300915030998305,1.5827146016292222,0.23348785897744792
1.883,-0.17967269800294555,1.4658744090893085,-0.3114233486657759,1.5858016442071419,0.23348785897744792
1.8840000000000001,-0.17820593935662524,1.4676404708290065,-0.30983446306603346,1.5888855997424838,0.23348785897744792
1.885,-0.17673742188962854,1.4693920475497677,-0.3082425594315568,1.5919036344766413,0.23034601669499502
1.8860000000000001,-0.1752671600956296,1.4711291219642368,-0.30664764078038076,1.5949186511760645,0.23034601669499502
1.887,-0.17379516848551868,1.4728516769281912,-0.30504971012752197,1.5979306528587882,0.23034601669499502
1.8880000000000001,-0.17232146158725836,1.4745596954407088,-0.30344877048498214,1.6009396425398292,0.23034601669499502
1.889,-0.1708460539457416,1.476253160644336,-0.30184482486175096,1.6039456232311893,0.23034601669499502
1.8900000000000001,-0.1693689601226457,1.477932055825255,-0.3002379402309579,1.6068846307930866,0.22714765925643024
1.891,-0.16789019469629043,1.4795963644134484,-0.2986281195316105,1.6098206993474222,0.22714765925643024
1.8920000000000001,-0.16640977226149312,1.481246069982863,-0.2970153656997773,1.6127538318332033,0.22714765925643024
1.893,-0.16492770742942633,1.4828811562515691,-0.2953996816685908,1.6156840311864986,0.22714765925643024
1.8940000000000001,-0.1634440148274712,1.4845016070819266,-0.29378107036825035,1.6186113003404408,0.22714765925643024
1.895,-0.16195870909907478,1.4861074064807398,-0.2921595998081226,1.621470560127709,0.22389355438044084
1.8960000000000001,-0.1604718049036045,1.4876985385994173,-0.29053527284746744,1.6243269606551902,0.22389355438044084
1.897,-0.15898331691620574,1.489274987734126,-0.2889080923426853,1.627180504782144,0.22389355438044084
1.8980000000000001,-0.15749325982765233,1.4908367383259513,-0.2872780611473203,1.6300311953649707,0.22389355438044084
1.899,-0.15600164834420743,1.4923837749610442,-0.2856451821120631,1.6328790352572145,0.22389355438044084
1.9000000000000001,-0.15450849718747384,1.4939160823707778,-0.28400952426616144,1.6356578459016222,0.22058448398324748
1.901,-0.15301382109425057,1.4954336454318968,-0.28237109038842606,1.6384338777353855,0.22058448398324748
1.9020000000000001,-0.15151763481638686,1.4969364491666666,-0.28072988325488873,1.641207133537315,0.22058448398324748
1.903,-0.1500199531206381,1.4984244787430205,-0.2790859056388053,1.6439776160834427,0.22058448398324748
1.9040000000000001,-0.14852079078851751,1.4998977194747078,-0.2774391603106583,1.6467453281470243,0.22058448398324748
1.905,-0.14702016261615214,1.501356156821437,-0.2757897173029596,1.6494430076987041,0.21722124399133613
1.9060000000000001,-0.14551808341413575,1.5027997763890206,-0.2741375793133888,1.6521379895708321,0.21722124399133613
1.907,-0.14401456800738452,1.504228563929516,-0.2724827490369277,1.654830276461088,0.21722124399133613
1.9080000000000001,-0.14250963123498808,1.5056425053413667,-0.27082522916586327,1.6575198710644536,0.21722124399133613
1.909,-0.1410032879500648,1.5070415866695424,-0.26916502238979007,1.660206776073216,0.21722124399133613
1.9100000000000001,-0.1394955530196144,1.5084257941056753,-0.2675021997276099,1.6628226621801445,0.21380464415008915
1.911,-0.13798644132437274,1.5097951139881962,-0.26583676379520893,1.6654359324009662,0.21380464415008915
1.9120000000000001,-0.13647596775866258,1.5111495328024709,-0.2641687172058574,1.668046589351567,0.21380464415008915
1.913,-0.13496414723024822,1.5124890371809325,-0.2624980625702122,1.6706546356452172,0.21380464415008915
1.9140000000000001,-0.1334509946601875,1.5138136139032141,-0.2608248024963196,1.6732600738925738,0.21380464415008915
1.915,-0.13193652498268668,1.515123249896277,-0.2591490089723444,1.6757935239752488,0.21033550782837684
1.9160000000000001,-0.1304207531449484,1.5164179322345441,-0.25747068453173655,1.678324440607841,0.21033550782837684
1.917,-0.12890369410702993,1.5176976481400224,-0.25578983170541275,1.6808528263238007,0.21033550782837684
1.9180000000000001,-0.1273853628416912,1.518962384982433,-0.2541064530217587,1.6833786836540445,0.21033550782837684
1.919,-0.12586577433424873,1.5202121302793337,-0.25242055100663174,1.685902015126958,0.21033550782837684
1.92,-0.12434494358242767,1.521446871696243,-0.25073219860008356,1.688352406548215,0.20681467181919366
1.921,-0.12282288559621311,1.5226665970467619,-0.2490413982525055,1.6908003475780506,0.20681467181919366
1.922,-0.12129961539770376,1.523871294292693,-0.24734815241183866,1.6932458406668565,0.20681467181919366
1.923,-0.11977514802096106,1.525060951544161,-0.2456524635235761,1.6956888882625736,0.20681467181919366
1.924,-0.11824949851186257,1.5262355570597297,-0.24395433403076539,1.698129492810695,0.20681467181919366
1.925,-0.1167226819279526,1.5273950992465164,-0.24225383780772478,1.7004962230406118,0.203242986136372
1.926,-0.11519471333829572,1.5285395666603074,-0.2405509772211845,1.7028605865402986,0.203242986136372
1.927,-0.11366560782332331,1.5296689480056724,-0.238845754635508,1.7052225856764858,0.203242986136372
1.928,-0.11213538047469078,1.5307832321360726,-0.23713817241269447,1.7075822228135367,0.203242986136372
1.929,-0.11060404639512342,1.5318824080539744,-0.23542823291238102,1.7099395003134505,0.203242986136372
1.93,-0.10907162069827166,1.5329664649109536,-0.23371601092529173,1.7122219870892865,0.19962131380746967
1.931,-0.10753811850855673,1.5340353920078087,-0.2320015087339134,1.7145021913783467,0.19962131380746967
1.932,-0.10600355496102745,1.5350891787946592,-0.23028472861845029,1.7167801154631177,0.19962131380746967
1.933,-0.10446794520120609,1.5361278148710558,-0.22856567285682647,1.719055761623804,0.19962131380746967
1.934,-0.10293130438494098,1.5371512899860795,-0.22684434372468815,1.7213291321383297,0.19962131380746967
1.935,-0.10139364767825623,1.5381595940384443,-0.2251208169110687,1.7235268136194493,0.1959505306628982
1.936,-0.0998549902572036,1.539152717076596,-0.22339509461364962,1.7257222974190878,0.1959505306628982
1.937,-0.0983153473077102,1.540130649298811,-0.2216671790279147,1.7279155857349267,0.1959505306628982
1.938,-0.09677473402543041,1.5410933810532934,-0.21993707234715223,1.7301066807624497,0.1959505306628982
1.939,-0.09523316561559488,1.5420409028382698,-0.21820477676245728,1.7322955846949453,0.1959505306628982
1.94,-0.09369065729286234,1.542973205302082,-0.2164703688428446,1.734407919612677,0.19223152512133088
1.941,-0.09214722428116678,1.543890279243281,-0.2147338507006491,1.736518142195491,0.19223152512133088
1.942,-0.0906028818135689,1.5447921156107178,-0.21299522444609337,1.738626254555722,0.19223152512133088
1.943,-0.08905764513210494,1.5456787055036316,-0.21125449218728978,1.740732258803593,0.19223152512133088
1.944,-0.087511529487638,1.5465500401717376,-0.20951165603024258,1.742836157047216,0.19223152512133088
1.945,-0.08596455013970485,1.5474061110153146,-0.20776679340539297,1.7448626248495989,0.18846519797150504
1.946,-0.0844167223563671,1.5482469095852889,-0.2060199063392088,1.7468870661841793,0.18846519797150504
1.947,-0.08286806141405968,1.5490724275833185,-0.20427099685613137,1.7489094830774252,0.18846519797150504
1.948,-0.08131858259744217,1.549882656861873,-0.2025200669785776,1.7509298775537778,0.18846519797150504
1.949,-0.07976830119924318,1.550677589424318,-0.20076711872694195,1.752948251635654,0.18846519797150504
1.95,-0.07821723252011555,1.551457217424989,-0.19901223037431492,1.7548883526270274,0.18465246215045328
1.951,-0.07666539186848054,1.5522215331692726,-0.1972554038607975,1.7568265135174095,0.18465246215045328
1.952,-0.07511279456037884,1.5529705291136808,-0.19549664112455062,1.7587627362469012,0.18465246215045328
1.953,-0.07355945591931866,1.5537041978659265,-0.19373594410179695,1.7606970227536634,0.18465246215045328
1.954,-0.07200539127612615,1.554422532184995,-0.19197331472682302,1.7626293749739188,0.18465246215045328
1.955,-0.0704506159687915,1.5551255249812166,-0.1902088320963737,1.76448263044931,0.18079424251825238
1.956,-0.06889514534231929,1.555813169316336,-0.18844249806370447,1.7663340326692256,0.18079424251825238
1.957,-0.06733899474857621,1.5564854584035817,-0.18667431448021754,1.7681835834869215,0.18079424251825238
1.958,-0.06578217954614127,1.5571423856077313,-0.18490428319546373,1.7700312847537996,0.18079424251825238
1.959,-0.06422471510015153,1.5577839444451789,-0.18313240605714431,1.7718771383194107,0.18079424251825238
1.96,-0.06266661678215232,1.5584101285839975,-0.18135876296645065,1.7736430906936784,0.17689147562936003
1.961,-0.06110789996994458,1.559020931844003,-0.1795833556893351,1.775407277115572,0.17689147562936003
1.962,-0.05954858004743483,1.559616348196813,-0.17780618598998404,1.7771696993510437,0.17689147562936003
1.963,-0.057988672404480746,1.560196371765909,-0.17602725563081975,1.77893035916428,0.17689147562936003
1.964,-0.056428192436741,1.5607609968266924,-0.17424656637250205,1.780689258317703,0.17689147562936003
1.965,-0.05486715554552245,1.5613102178065421,-0.17246419890125264,1.7823674712493975,0.17294510950061093
1.966,-0.0533055771376303,1.561844029284868,-0.17068015489528449,1.7840440059681604,0.17294510950061093
1.967,-0.05174347262521127,1.5623624259931672,-0.16889443603113227,1.7857188641522044,0.17294510950061093
1.968,-0.050180857425607545,1.562865402815073,-0.1671070439836542,1.7873920474780645,0.17294510950061093
1.969,-0.048617746961199866,1.5633529547864073,-0.1653179804260336,1.7890635576205987,0.17294510950061093
1.97,-0.047054156659257454,1.5638250770952289,-0.16352732680990312,1.790653616130497,0.16895610337594136
1.971,-0.045490101951784906,1.5642817650818812,-0.16173508472532122,1.7922420845818852,0.16895610337594136
1.972,-0.04392559827537164,1.5647230142390385,-0.1599412557607564,1.7938289645648222,0.16895610337594136
1.973,-0.04236066107103687,1.5651488202117494,-0.15814584150308864,1.7954142576677763,0.16895610337594136
1.974,-0.04079530578407902,1.5655591787974807,-0.156348843537611,1.7969979654776274,0.16895610337594136
1.975,-0.039229547863922375,1.5659540859461594,-0.15455034406154908,1.7984994760619084,0.16492542748793684
1.976,-0.03766340276396636,1.566333537760211,-0.15275034457641348,1.7999994851356051,0.16492542748793684
1.977,-0.036096885941430394,1.5666975304945994,-0.15094884658221325,1.8014979942002283,0.16492542748793684
1.978,-0.03453001285720309,1.567046060556863,-0.14914585157745747,1.8029950047557868,0.16492542748793684
1.979,-0.032962798975688774,1.5673791245071511,-0.14734136105915668,1.8044905183007898,0.16492542748793684
1.98,-0.03139525976465663,1.5676967190582567,-0.14553545795011788,1.8059031090388138,0.1608540628162402
1.981,-0.02982741069508539,1.5679988410756502,-0.14372814366293177,1.8073142871860999,0.1608540628162402
1.982,-0.028259267241012402,1.5682854875775087,-0.14191941960877652,1.8087240541552385,0.1608540628162402
1.983,-0.02669084487938003,1.5685566557347477,-0.1401092871974191,1.810132411357408,0.1608540628162402
1.984,-0.02512215908988511,1.5688123428710463,-0.13829774783721674,1.8115393602023755,0.1608540628162402
1.985,-0.02355322535482132,1.569052546462876,-0.1364848851563577,1.812862680859032,0.15674300084294096
1.986,-0.021984059158932538,1.569277264139524,-0.13467070047816268,1.8141846781950317,0.15674300084294096
1.987,-0.02041467598925518,1.569486493683118,-0.13285519512462898,1.8155053535336956,0.15674300084294096
1.988,-0.01884509133496755,1.5696802330286468,-0.13103837041643196,1.8168247081970208,0.15674300084294096
1.989,-0.01727532068723607,1.5698584802639812,-0.12922022767292626,1.8181427435056825,0.15674300084294096
1.99,-0.01570537953906418,1.5700212336298927,-0.127400851207298,1.8193764656282765,0.15259324330498725
1.991,-0.014135283385136758,1.5701684915200715,-0.12558024225326925,1.820608954028748,0.15259324330498725
1.992,-0.012565047721668969,1.5703002524811416,-0.12375840204332843,1.821840209940819,0.15259324330498725
1.993,-0.010994688046252437,1.570416515212676,-0.12193533180873145,1.823070234596978,0.15259324330498725
1.994,-0.009424219857704069,1.5705172785672075,-0.12011103277950297,1.8242990292284809,0.15259324330498725
1.995,-0.007853658655910416,1.5706025415502431,-0.11828558993326484,1.8254428462381267,0.14840580194371378
1.996,-0.00628301994167648,1.5706723033202716,-0.11645900441383407,1.8265855194307627,0.14840580194371378
1.997,-0.004712319216571833,1.5707265631887726,-0.11463127736388386,1.8277270499502063,0.14840580194371378
1.998,-0.0031415719827794027,1.5707653206202226,-0.11280240992494472,1.8288674389391304,0.14840580194371378
1.999,-0.0015707937429398065,1.570788575232102,-0.11097240323740566,1.8300066875390655,0.14840580194371378
2.0,-1.2246467991473532e-16,1.5707963267948966,-0.1091413429225891,1.8310603148165576,0.1441816982515604
2.001,0.0015707937429395614,1.570788575232102,-0.10730923003412234,1.8321128884667723,0.1441816982515604
2.0020000000000002,0.0031415719827796017,1.5707653206202226,-0.105476065624579,1.8331644095433368,0.1441816982515604
2.003,0.0047123192165720315,1.5707265631887726,-0.10364185074548017,1.8342148790988246,0.1441816982515604
2.004,0.006283019941676234,1.5706723033202716,-0.10180658644729541,1.8352642981847571,0.1441816982515604
2.005,0.007853658655910171,1.5706025415502431,-0.09997035897414452,1.8362274731508934,0.139921963216057
2.0060000000000002,0.009424219857704268,1.5705172785672075,-0.09813316928920246,1.8371896849420637,0.139921963216057
2.007,0.010994688046252636,1.570416515212676,-0.09629501835468102,1.8381509345214428,0.139921963216057
2.008,0.012565047721668722,1.5703002524811416,-0.09445590713182977,1.8391112228512425,0.139921963216057
2.009,0.014135283385136513,1.5701684915200715,-0.09261583658093707,1.8400705508927124,0.139921963216057
2.0100000000000002,0.01570537953906438,1.5700212336298927,-0.09077489354785402,1.840943033083043,0.135627637061157
2.011,0.017275320687236268,1.5698584802639812,-0.08893307890506284,1.841814642791183,0.135627637061157
2.012,0.018845091334967305,1.5696802330286468,-0.08709039352417323,1.8426853808896149,0.135627637061157
2.013,0.02041467598925494,1.569486493683118,-0.08524683827592329,1.8435552482499484,0.135627637061157
2.0140000000000002,0.021984059158932735,1.569277264139524,-0.08340241403018037,1.8444242457429216,0.135627637061157
2.015,0.023553225354821516,1.5690525464628757,-0.08155720821330346,1.8452058168768986,0.13129976898599
2.016,0.02512215908988487,1.5688123428710463,-0.07971122160686372,1.8459866064397414,0.13129976898599
2.017,0.026690844879379783,1.5685566557347477,-0.0778644549916507,1.8467666152130215,0.13129976898599
2.0180000000000002,0.0282592672410126,1.5682854875775087,-0.07601690914767317,1.8475458439775283,0.13129976898599
2.019,0.02982741069508559,1.5679988410756502,-0.0741685848541599,1.8483242935132707,0.13129976898599
2.02,0.03139525976465639,1.5676967190582567,-0.07231957009660213,1.84901475755778,0.12693941690112842
2.021,0.03296279897568853,1.5673791245071511,-0.07046986556546389,1.8497045311382447,0.12693941690112842
2.0220000000000002,0.03453001285720329,1.5670460605568628,-0.06861947195051876,1.850393614945129,0.12693941690112842
2.023,0.036096885941430595,1.5666975304945991,-0.06676838994085056,1.8510820096682064,0.12693941690112842
2.024,0.03766340276396611,1.566333537760211,-0.064916620224854,1.8517697159965607,0.12693941690112842
2.025,0.039229547863922125,1.5659540859461596,-0.06306425132563019,1.8523688992238128,0.12254764716243194
2.0260000000000002,0.04079530578407922,1.5655591787974807,-0.06121128384236235,1.8529674832678376,0.12254764716243194
2.027,0.04236066107103662,1.5651488202117494,-0.05935771837363453,1.8535654687278185,0.12254764716243194
2.028,0.043925598275371396,1.5647230142390385,-0.05750355551743219,1.8541628562023393,0.12254764716243194
2.029,0.04549010195178466,1.5642817650818814,-0.055648795871142805,1.8547596462893856,0.12254764716243194
2.0300000000000002,0.04705415665925721,1.5638250770952289,-0.053793528473813655,1.8552673973291474,0.11812553430255301
2.031,0.04861774696119962,1.5633529547864073,-0.051937753833195786,1.8557746406178692,0.11812553430255301
2.032,0.0501808574256073,1.562865402815073,-0.05008147245653248,1.8562813766633024,0.11812553430255301
2.033,0.05174347262521103,1.5623624259931674,-0.04822468485055979,1.8567876059726902,0.11812553430255301
2.0340000000000003,0.05330557713763006,1.5618440292848683,-0.046367391521507026,1.8572933290527687,0.11812553430255301
2.035,0.05486715554552264,1.5613102178065421,-0.04450968200256811,1.8577095189389197,0.11367416076019136
2.036,0.05642819243674076,1.5607609968266924,-0.042651556709932925,1.8581252926351846,0.11367416076019136
2.037,0.0579886724044805,1.5601963717659093,-0.04079301605937517,1.8585406505577533,0.11367416076019136
2.0380000000000003,0.059548580047435025,1.559616348196813,-0.03893406046625277,1.8589555931223993,0.11367416076019136
2.039,0.06110789996994478,1.559020931844003,-0.03707469034550829,1.8593701207444808,0.11367416076019136
2.04,0.06266661678215209,1.5584101285839977,-0.03521499570255241,1.8596946429558798,0.10919461660717585
2.041,0.06422471510015129,1.557783944445179,-0.033354976861907346,1.8600188406450675,0.10919461660717585
2.0420000000000003,0.06578217954614146,1.5571423856077313,-0.03149463414777078,1.860342714136566,0.10919461660717585
2.043,0.06733899474857641,1.5564854584035817,-0.029633967884016208,1.860666263754573,0.10919461660717585
2.044,0.06889514534231905,1.555813169316336,-0.027772978394193244,1.860989489822962,0.10919461660717585
2.045,0.07045061596879125,1.5551255249812166,-0.025911756133874635,1.861222260318608,0.1046879992734454
2.0460000000000003,0.07200539127612635,1.554422532184995,-0.024050301335830877,1.8614547980437581,0.1046879992734454
2.047,0.07355945591931885,1.5537041978659265,-0.022188614232599692,1.8616871032311832,0.1046879992734454
2.048,0.0751127945603786,1.5529705291136808,-0.02032669505648627,1.861919176113421,0.1046879992734454
2.049,0.07666539186848029,1.5522215331692728,-0.018464544039563494,1.8621510169227766,0.1046879992734454
2.05,0.07821723252011487,1.5514572174249892,-0.016602252065392238,1.8622919741712542,0.10015541327002049
2.051,0.07976830119924337,1.550677589424318,-0.014739819274929754,1.8624327904624833,0.10015541327002049
2.052,0.08131858259744192,1.5498826568618733,-0.012877245808992332,1.8625734659374213,0.10015541327002049
2.053,0.08286806141405945,1.5490724275833185,-0.011014531808255448,1.8627140007368843,0.10015541327002049
2.054,0.08441672235636642,1.5482469095852893,-0.0091516774132539,1.862854395001548,0.10015541327002049
2.055,0.08596455013970504,1.5474061110153146,-0.007288773913249153,1.8629035000047474,0.09559796991004788
2.056,0.08751152948763775,1.5465500401717376,-0.005425821357346209,1.8629525559029436,0.09559796991004788
2.057,0.0890576451321047,1.5456787055036318,-0.0035628197946009675,1.8630015627452416,0.09559796991004788
2.058,0.09060288181356822,1.544792115610718,-0.0016997692740202703,1.8630505205806973,0.09559796991004788
2.059,0.09214722428116698,1.5438902792432807,0.00016333015543804736,1.8630994294583176,0.09559796991004788
2.06,0.0936906572928621,1.542973205302082,0.0020263868212074664,1.863056665769419,0.09101678702797743
2.061,0.09523316561559464,1.5420409028382698,0.0038894007660516755,1.8630139448442091,0.09101678702797743
2.062,0.09677473402542973,1.5410933810532939,0.0057523720326916,1.8629712666399245,0.09101678702797743
2.063,0.09831534730770997,1.5401306492988112,0.007615300663805444,1.8629286311138442,0.09101678702797743
2.064,0.09985499025720335,1.5391527170765962,0.009478186702028733,1.86288603822329,0.09101678702797743
2.065,0.10139364767825598,1.5381595940384445,0.01134093811398774,1.8627514119590067,0.08641298869700086
2.066,0.10293130438494032,1.53715128998608,0.013203555034308726,1.8626169203209877,0.08641298869700086
2.067,0.10446794520120584,1.536127814871056,0.015066037597483333,1.8624825631746067,0.08641298869700086
2.068,0.10600355496102722,1.5350891787946594,0.016928385937868703,1.862348340385372,0.08641298869700086
2.069,0.10753811850855649,1.5340353920078087,0.01879060018968763,1.8622142518189266,0.08641298869700086
2.07,0.10907162069827098,1.5329664649109542,0.020652587981353634,1.8619877916660033,0.08178770494477497
2.071,0.11060404639512361,1.5318824080539741,0.022514349539326867,1.8617615579732327,0.08178770494477497
2.072,0.11213538047469054,1.5307832321360728,0.024375885089841023,1.861535550514155,0.08178770494477497
2.073,0.11366560782332306,1.5296689480056727,0.02623719485890356,1.8613097690625364,0.08178770494477497
2.074,0.11519471333829505,1.5285395666603079,0.02809827907229593,1.8610842133923693,0.08178770494477497
2.075,0.11672268192795279,1.5273950992465164,0.029959045042904257,1.8607659706083282,0.07714207146755787
2.076,0.11824949851186234,1.52623555705973,0.03181949308897133,1.860448046067071,0.07714207146755787
2.077,0.11977514802096083,1.5250609515441613,0.03367962352842168,1.860130439450355,0.07714207146755787
2.078,0.12129961539770352,1.523871294292693,0.03553943667886193,1.8598131504402557,0.07714207146755787
2.079,0.12282288559621331,1.5226665970467619,0.0373989328575811,1.8594961787191666,0.07714207146755787
2.08,0.12434494358242744,1.521446871696243,0.039258019084708405,1.8590862271273039,0.07247722934281561
2.081,0.1258657743342485,1.5202121302793339,0.04111669577019544,1.858676685487033,0.07247722934281561
2.082,0.12738536284169094,1.5189623849824332,0.04297496332358384,1.858267553388402,0.07247722934281561
2.083,0.12890369410703012,1.5176976481400224,0.044832822154005705,1.85785883042187,0.07247722934281561
2.084,0.13042075314494855,1.5164179322345441,0.04669027267018401,1.8574505161783044,0.07247722934281561
2.085,0.13193652498268646,1.5151232498962772,0.048547221622340944,1.856948952156934,0.06779432474039676
2.086,0.13345099466018726,1.5138136139032143,0.050403669512040526,1.856447889699585,0.06779432474039676
2.087,0.1349641472302484,1.5124890371809323,0.05225961684034522,1.8559473283046934,0.06779432474039676
2.088,0.13647596775866278,1.5111495328024707,0.05411506410781641,1.8554472674711966,0.06779432474039676
2.089,0.1379864413243725,1.5097951139881964,0.05597001181451495,1.8549477066985334,0.06779432474039676
2.09,0.13949555301961417,1.5084257941056756,0.05782436646367943,1.8543546491644816,0.0630945086323411
2.091,0.141003287950065,1.5070415866695424,0.05967812864836739,1.853762184687964,0.0630945086323411
2.092,0.14250963123498828,1.5056425053413667,0.06153129896104331,1.8531703126759227,0.0630945086323411
2.093,0.14401456800738427,1.5042285639295163,0.06338387799357921,1.8525790325358935,0.0630945086323411
2.094,0.1455180834141355,1.502799776389021,0.06523586633725521,1.8519883436760045,0.0630945086323411
2.095,0.14702016261615233,1.5013561568214369,0.06708717027131757,1.851303934062357,0.05837893650142395
2.096,0.1485207907885173,1.499897719474708,0.06893779048017588,1.850620208858323,0.05837893650142395
2.097,0.15001995312063784,1.4984244787430208,0.07078772764755538,1.849937167379493,0.05837893650142395
2.098,0.15151763481638664,1.496936449166667,0.07263698245649752,1.8492548089421421,0.05837893650142395
2.099,0.15301382109425032,1.495433645431897,0.07448555558936075,1.8485731328632284,0.05837893650142395
2.1,0.1545084971874736,1.493916082370778,0.07633335312445208,1.847797535091335,0.053648768048490544
2.101,0.1560016483442072,1.4923837749610445,0.0781803758373693,1.8470227129172134,0.053648768048490544
2.102,0.15749325982765208,1.4908367383259518,0.08002662450293456,1.8462486655652661,0.053648768048490544
2.103,0.15898331691620549,1.4892749877341263,0.08187209989519523,1.8454753922606706,0.053648768048490544
2.104,0.1604718049036047,1.487698538599417,0.0837168027874246,1.8447028922293798,0.053648768048490544
2.105,0.16195870909907453,1.48610740648074,0.08556063908009973,1.8438362926751246,0.04890516689870793
2.106,0.16344401482747098,1.484501607081927,0.08740360963982015,1.8429705597204236,0.04890516689870793
2.107,0.1649277074294265,1.482881156251569,0.08924571533231883,1.8421056924986774,0.04890516689870793
2.108,0.1664097722614933,1.4812460699828627,0.09108695702246299,1.8412416901441528,0.04890516689870793
2.109,0.1678901946962902,1.4795963644134489,0.09292733557425496,1.8403785517919828,0.04890516689870793
2.11,0.1693689601226455,1.4779320558252553,0.0947667567335013,1.839421159246326,0.0441493003067628
2.111,0.1708460539457418,1.4762531606443356,0.09660522145759451,1.838464724093215,0.0441493003067628
2.112,0.17232146158725856,1.4745596954407088,0.09844273070296977,1.837509245375257,0.0441493003067628
2.113,0.17379516848551846,1.4728516769281914,0.1002792854251058,1.836554722136017,0.0441493003067628
2.114,0.17526716009562934,1.471129121964237,0.10211488657852581,1.8356011534200163,0.0441493003067628
2.115,0.17673742188962874,1.4693920475497673,0.10394943977756962,1.8345531990438189,0.03938233886113114
2.116,0.17820593935662543,1.4676404708290065,0.10578294607019162,1.8335062926219976,0.03938233886113114
2.117,0.17967269800294533,1.4658744090893088,0.10761540650329822,1.8324604331065981,0.03938233886113114
2.118,0.18113768335227273,1.4640938797609908,0.10944682212274894,1.831415619450714,0.03938233886113114
2.119,0.18260088094579413,1.4622989004171578,0.11127719397335742,1.830371850608486,0.03938233886113114
2.12,0.1840622763423391,1.4604894887735322,0.11310642756123905,1.829233587881627,0.03460545618747722
2.121,0.18552185511852554,1.4586656626882757,0.11493452402465655,1.828096463417495,0.03460545618747722
2.122,0.18697960286889975,1.4568274401618162,0.11676148450073438,1.826960476077827,0.03460545618747722
2.123,0.1884355052060816,1.454974839336666,0.11858731012545988,1.8258256247254987,0.03460545618747722
2.124,0.18988954776090072,1.4531078784972493,0.1204120020336844,1.8246919082245228,0.03460545618747722
2.125,0.19134171618254497,1.4512265760697154,0.12223546564657373,1.8234636128893238,0.029819828651278926
2.126,0.19279199613869785,1.44933095062176,0.12405770219242318,1.82223654584946,0.029819828651278926
2.1270000000000002,0.19424037331568336,1.447421020862439,0.12587871289829983,1.8210107058766363,0.029819828651278926
2.128,0.19568683341860144,1.4454968056419908,0.12769849899004362,1.8197860917437851,0.029819828651278926
2.129,0.19713136217147523,1.4435583239516419,0.1295170616922687,1.818562702225067,0.029819828651278926
2.13,0.19857394531738995,1.4416055949234234,0.13133430636449275,1.817244672224037,0.025026635059749433
2.1310000000000002,0.20001456861863273,1.4396386378299815,0.13315023432474576,1.8159279602530078,0.025026635059749433
2.132,0.2014532178568312,1.4376574720843913,0.13496484688973973,1.8146125649939497,0.025026635059749433
2.133,0.20288987883309975,1.435662117239957,0.13677814537486988,1.8132984851301508,0.025026635059749433
2.134,0.2043245373681742,1.433652592990026,0.13859013109421608,1.8119857193462157,0.025026635059749433
2.1350000000000002,0.2057571793025548,1.4316289191677898,0.14040070936897023,1.8105782747541324,0.02022705636314967
2.136,0.207187790496642,1.4295911157460952,0.14220988160657688,1.8091722376066413,0.02022705636314967
2.137,0.20861635683088248,1.427539202837237,0.14401764921307317,1.8077676064962975,0.02022705636314967
2.138,0.21004286420590287,1.4254732006927675,0.14582401359309022,1.8063643800170641,0.02022705636314967
2.1390000000000002,0.21146729854265167,1.4233931297032933,0.14762897614985454,1.80496255676431,0.02022705636314967
2.14,0.21288964578253627,1.4212990103982768,0.1494324421895692,1.8034660397146567,0.015422275355553516
2.141,0.21430989188756405,1.419190863445829,0.15123441320875125,1.801971019182053,0.015422275355553516
2.142,0.21572802284047926,1.4170687096525099,0.15303489070242124,1.800477493669982,0.015422275355553516
2.1430000000000002,0.2171440246449024,1.4149325699631194,0.15483387616410466,1.798985461683423,0.015422275355553516
2.144,0.21855788332546647,1.4127824654604955,0.1566313710858335,1.7974949217288507,0.015422275355553516
2.145,0.21996958492795748,1.410618417365301,0.1584272807821681,1.7959096963346255,0.010613476375183034
2.146,0.2213791155194506,1.4084404470358165,0.16022160683833392,1.7943260561657945,0.010613476375183034
2.1470000000000002,0.2227864611884483,1.4062485759677297,0.16201435083797106,1.7927439996371324,0.010613476375183034
2.148,0.2241916080450162,1.4040428257939244,0.16380551436313606,1.7911635251649989,0.010613476375183034
2.149,0.22559454222092248,1.4018232182842632,0.1655950989943034,1.7895846311673376,0.010613476375183034
2.15,0.22699524986977326,1.3995897753453765,0.16738301007773967,1.7879110834362573,0.005801845004351394
2.1510000000000002,0.22839371716714993,1.397342519020444,0.1691692492869926,1.786239209252908,0.005801845004351394
2.152,0.22978993031074402,1.3950814714889792,0.17095381829393633,1.784569006943742,0.005801845004351394
2.153,0.2311838755204959,1.392806655066608,0.17273671876877322,1.7829004748368853,0.005801845004351394
2.154,0.2325755390387291,1.3905180922048501,0.17451795238003537,1.7812336112621354,0.005801845004351394
2.1550000000000002,0.23396490713028692,1.3882158054908964,0.17629742452904162,1.779472149006256,0.000988567769131407
2.156,0.23535196608266643,1.3858998176473887,0.17807513697725424,1.7777124482126323,0.000988567769131407
2.157,0.23673670220615614,1.383570151532191,0.17985109148437406,1.7759545071198024,0.000988567769131407
2.158,0.23811910183396914,1.3812268301381683,0.18162528980834214,1.7741983239680652,0.000988567769131407
2.1590000000000003,0.23949915132238078,1.378869876592954,0.18339773370534163,1.7724438969994798,0.000988567769131407
2.16,0.24087683705085783,1.3764993141587312,0.18516832865508087,1.7705949497392566,-0.0038251681611921745
2.161,0.24225214542219908,1.374115166231993,0.18693707650650718,1.7687478514262935,-0.0038251681611921745
2.162,0.2436250628626658,1.3717174563433177,0.18870397910671882,1.7669026002116435,-0.0038251681611921745
2.1630000000000003,0.24499557582211862,1.3693062081571308,0.19046903830096704,1.765059194248208,-0.0038251681611921745
2.164,0.24636367077414603,1.366881445471482,0.19223225593265778,1.7632176316907358,-0.0038251681611921745
2.165,0.24772933421620352,1.3644431922177993,0.19399353758321133,1.7612816505535491,-0.00863817527478944
2.166,0.24909255266974512,1.361991472460657,0.19575288518860884,1.7593476053974997,-0.00863817527478944
2.1670000000000003,0.2504533126803553,1.3595263103975381,0.19751030068289543,1.7574154942866065,-0.00863817527478944
2.168,0.25181160081788034,1.357047730358601,0.19926578599818226,1.7554853152868242,-0.00863817527478944
2.169,0.2531674036765661,1.3545557568064266,0.2010193430646483,1.7535570664660416,-0.00863817527478944
2.17,0.2545207078751854,1.3520504143357888,0.20277087758872753,1.7515345240792155,-0.013449266018001685
2.1710000000000003,0.25587150005717285,1.349531727673405,0.20452039159296231,1.7495140042347763,-0.013449266018001685
2.172,0.25721976689075315,1.3469997216776992,0.2062678870978725,1.7474955049101815,-0.013449266018001685
2.173,0.25856549506907844,1.3444544213385456,0.20801336612195742,1.7454790240849112,-0.013449266018001685
2.174,0.2599086713103545,1.3418958517770314,0.2097568306816979,1.7434645597404663,-0.013449266018001685
2.1750000000000003,0.2612492823579745,1.3393240382452047,0.21149818663181671,1.7413559501188054,-0.018257253096025244
2.176,0.26258731498064786,1.3367390061258284,0.2132374360809235,1.739249449106766,-0.018257253096025244
2.177,0.2639227559725331,1.334140780932125,0.21497458113551923,1.7371450545957388,-0.018257253096025244
2.178,0.26525559215336686,1.331529388307528,0.21670962389999845,1.7350427644792226,-0.018257253096025244
2.179,0.2665858103685941,1.328904854025429,0.21844256647665128,1.7329425766528228,-0.018257253096025244
2.18,0.26791339748949833,1.3262672039889203,0.22017331489173197,1.7307484150807004,-0.023060949773476655
2.181,0.26923834041333006,1.3236164642305448,0.22190187133940212,1.7285564476701503,-0.023060949773476655
2.182,0.2705606260634378,1.3209526609120328,0.22362823801162912,1.7263666722270106,-0.023060949773476655
2.183,0.27188024138939604,1.3182758203240479,0.22535241709818843,1.724179086559314,-0.023060949773476655
2.184,0.2731971733671346,1.315585968885925,0.2270744107866657,1.7219936884772853,-0.023060949773476655
2.185,0.2745114089990659,1.3128831331454136,0.22879412529805102,1.7197145113853127,-0.027859170174761125
2.186,0.27582293531421503,1.3101673397784106,0.23051156291152144,1.7174376134704321,-0.027859170174761125
2.187,0.2771317393683469,1.3074386155886997,0.23222672590397492,1.7151629924534664,-0.027859170174761125
2.188,0.27843780824409414,1.3046969875076864,0.23393961655003243,1.7128906460575177,-0.027859170174761125
2.189,0.2797411290510835,1.3019424825941348,0.2356502371220404,1.710620572007965,-0.027859170174761125
2.19,0.28104168892606524,1.2991751280338952,0.23735849405888465,1.7082569368442737,-0.03265072958417124
2.191,0.282339475033038,1.2963949511396413,0.2390643897242004,1.705895665315746,-0.03265072958417124
2.192,0.2836344745633784,1.293601979350593,0.24076792647925915,1.7035367550587468,-0.03265072958417124
2.193,0.284926674735962,1.2907962402322584,0.24246910668297117,1.7011802037120047,-0.03265072958417124
2.194,0.28621606279729545,1.287977761476148,0.24416793269188777,1.6988260089166094,-0.03265072958417124
2.195,0.28750262602163884,1.2851465708995105,0.24586431118590055,1.6963784940127802,-0.03743444474562754
2.196,0.288786351711134,1.2823026964450501,0.2475582446125244,1.6939334266238548,-0.03743444474562754
2.197,0.2900672271959248,1.2794461661806642,0.2492497354168267,1.6914908043023185,-0.03743444474562754
2.198,0.29134523983428773,1.2765770082991523,0.25093878604142983,1.6890506246031036,-0.03743444474562754
2.199,0.2926203770127547,1.2736952511179427,0.2526253989265134,1.686612885083588,-0.03743444474562754
2.2,0.2938926261462368,1.2708009230788144,0.2543094810160287,1.6840820895152646,-0.04220913416198532
2.201,0.2951619746781471,1.2678940527476208,0.2559910348407712,1.6815538247425097,-0.04220913416198532
2.202,0.29642841008052934,1.2649746688139953,0.2576700629290057,1.6790280882345274,-0.04220913416198532
2.203,0.29769191985417714,1.2620428000910797,0.25934656780646875,1.676504877463053,-0.04220913416198532
2.204,0.29895249152875975,1.2590984755152328,0.2610205519963711,1.6739841899023504,-0.04220913416198532
2.205,0.3002101126629419,1.2561417241457535,0.26269192272971564,1.6713707333445713,-0.04697361839383743
2.206,0.3014647708445121,1.253172575164581,0.264360682619959,1.66875989024335,-0.04697361839383743
2.207,0.3027164536905004,1.250191057876018,0.2660268342779442,1.66615165798523,-0.04697361839383743
2.208,0.3039651488473027,1.2471972017064354,0.26769038031190356,1.663546033959368,-0.04697361839383743
2.209,0.3052108439908012,1.2441910362039867,0.2693513233274611,1.6609430155575318,-0.04697361839383743
2.21,0.3064535268264881,1.241172591038311,0.2710095708655959,1.65824753813482,-0.05172672035771228
2.211,0.3076931850895855,1.238141896000243,0.2726651256217854,1.655554756189531,-0.05172672035771228
2.212,0.3089298065451672,1.2350989810015194,0.2743179902888116,1.6528646670261873,-0.05172672035771228
2.213,0.31016337898827795,1.2320438760744832,0.2759681675567636,1.6501772679520068,-0.05172672035771228
2.214,0.3113938902440561,1.2289766113717866,0.2776156601130405,1.6474925562769005,-0.05172672035771228
2.215,0.3126213281678524,1.2258972171660938,0.27926037583144864,1.6447157184081513,-0.056467265623618285
2.216,0.3138456806453503,1.2228057238497814,0.2809023174888259,1.6419416573772707,-0.056467265623618285
2.217,0.31506693559268456,1.219702161934642,0.2825414878592333,1.639170370407421,-0.056467265623618285
2.218,0.31628508095656216,1.216586562051578,0.2841778897139578,1.6364018547245411,-0.056467265623618285
2.219,0.31750010471438017,1.2134589549503023,0.28581152582151514,1.6336361075573442,-0.056467265623618285
2.22,0.318711994874345,1.2103193714990337,0.2874423044113107,1.6307785897955502,-0.06119408271183349
2.221,0.31992073947558924,1.2071678426841952,0.2890702283408622,1.627923929551518,-0.06119408271183349
2.222,0.32112632658829215,1.2040043996101026,0.29069530046482994,1.6250721239677297,-0.06119408271183349
2.223,0.32232874431379555,1.200829073498662,0.29231752363501945,1.6222231701895253,-0.06119408271183349
2.224,0.3235279807847223,1.1976418956890595,0.29393690070038453,1.6193770653650992,-0.06119408271183349
2.225,0.3247240241650919,1.1944428976374548,0.29555334026861646,1.6164395682319566,-0.06590600338887859
2.226,0.3259168626504394,1.1912321109166668,0.29716684527721243,1.613505008595947,-0.06590600338887859
2.227,0.3271064844679301,1.1880095672158648,0.298777418660732,1.6105733835195735,-0.06590600338887859
2.228,0.32829287787647843,1.1847752983402504,0.3003850633508003,1.6076446900682764,-0.06590600338887859
2.229,0.3294760311668586,1.1815293362107564,0.30198978227611073,1.6047189253104306,-0.06590600338887859
2.23,0.33065593266182597,1.1782717128637166,0.3035914844452366,1.6017021691258684,-0.07060186296258372
2.231,0.33183257071622885,1.1750024604505593,0.3051901728749341,1.5986884296974908,-0.07060186296258372
2.232,0.333005933717126,1.1717216112374824,0.30678585057894264,1.5956777040085417,-0.07060186296258372
2.233,0.33417601008389664,1.1684291976051475,0.3083785205679879,1.5926699890452816,-0.07060186296258372
2.234,0.3353427882683597,1.1651252520483473,0.3099681858497849,1.5896652817969845,-0.07060186296258372
2.235,0.3365062567548863,1.1618098071756884,0.31155475585628856,1.5865700065036639,-0.07528050057618602
2.236,0.33766640406051246,1.1584828957092723,0.3131382336827742,1.5834778264856364,-0.07528050057618602
2.237,0.338823218735051,1.155144550484377,0.31471862242142185,1.580388738647627,-0.07528050057618602
2.238,0.3399766893612094,1.151794804449118,0.3162959251613193,1.5773027398974557,-0.07528050057618602
2.239,0.3411268045546979,1.1484336906641377,0.3178701449884654,1.5742198271460346,-0.07528050057618602
2.24,0.34227355296434464,1.14506124230227,0.31944119178059427,1.5710467921288611,-0.07994075950137089
2.241,0.343416923272204,1.1416774926482234,0.321009068710741,1.5678769301467048,-0.07994075950137089
2.242,0.3445569041936741,1.1382824750982374,0.3225737789487675,1.5647102380265308,-0.07994075950137089
2.243,0.34569348447760295,1.1348762231597653,0.32413532566136594,1.5615467125984768,-0.07994075950137089
2.244,0.34682665290640247,1.1314587704511379,0.32569371201206176,1.5583863506958509,-0.07994075950137089
2.245,0.3479563982961571,1.1280301507012354,0.3272488483466583,1.5551363345965512,-0.08458148743019397
2.246,0.3490827094967362,1.1245903977491496,0.32880073791517167,1.5518895685133507,-0.08458148743019397
2.247,0.35020557539190295,1.1211395455438538,0.3303493839643679,1.5486460491962335,-0.08458148743019397
2.248,0.35132498489942465,1.1176776281438645,0.33189478973776637,1.5454057733984334,-0.08458148743019397
2.249,0.3524409269711807,1.1142046797169114,0.3334369584756428,1.542168737876431,-0.08458148743019397
2.25,0.3535533905932737,1.1107207345395917,0.33497580101404606,1.538842538403239,-0.08920153676579004
2.251,0.3546623647861368,1.1072258269970388,0.33651132067917555,1.53551966512952,-0.08920153676579004
2.2520000000000002,0.3557678386046428,1.103719991582577,0.33804352079390465,1.5322001147290747,-0.08920153676579004
2.253,0.35686980113821065,1.1002032628973895,0.33957240467778366,1.5288838838790297,-0.08920153676579004
2.254,0.35796824151091555,1.096675675650167,0.34109797564704347,1.525570969259835,-0.08920153676579004
2.255,0.3590631488815943,1.0931372646567716,0.3426201450500358,1.5221694029923387,-0.09379976491181732
2.2560000000000002,0.3601545124439536,1.0895880648398908,0.3441389162883269,1.51877123829111,-0.09379976491181732
2.257,0.36124232142667495,1.0860281112286954,0.34565429276008147,1.5153764717545826,-0.09379976491181732
2.258,0.3623265650935233,1.0824574389584891,0.34716627786006604,1.5119850999845916,-0.09379976491181732
2.259,0.3634072327434513,1.0788760832703663,0.34867487497965244,1.5085971195863708,-0.09379976491181732
2.2600000000000002,0.36448431371070594,1.0752840795108607,0.350179996001428,1.5051210217755735,-0.098375034560546
2.261,0.3655577973649321,1.0716814631316007,0.3516816444014906,1.501648400062587,-0.098375034560546
2.262,0.36662767311128003,1.0680682696889552,0.35317982365246187,1.4981792509713134,-0.098375034560546
2.263,0.3676939303905079,1.0644445348436844,0.354674537223491,1.4947135710291313,-0.098375034560546
2.2640000000000002,0.36875655867908713,1.0608102943605873,0.3561657885802579,1.4912513567668912,-0.098375034560546
2.265,0.36981554748930495,1.0571655841081522,0.3576534901613884,1.4877015811305339,-0.10292621397952756
2.266,0.37087088636936966,1.0535104400581972,0.3591376455166582,1.4841553552698128,-0.10292621397952756
2.267,0.3719225649035122,1.049844898285519,0.36061825819229315,1.4806126756349525,-0.10292621397952756
2.2680000000000002,0.3729705727120913,1.0461689949675312,0.36209533173097286,1.477073538679727,-0.10292621397952756
2.269,0.3740148994516914,1.0424827663839207,0.3635688696718343,1.4735379408614566,-0.10292621397952756
2.27,0.3750555348152296,1.0387862489162745,0.365038785031209,1.46991535937466,-0.10745217729676415
2.271,0.3760924685320554,1.0350794790477251,0.36650508143167837,1.46629640046935,-0.10745217729676415
2.2720000000000002,0.37712569036805216,1.0313624933625942,0.3679677624922013,1.4626810605229452,-0.10745217729676415
2.273,0.3781551901257361,1.0276353285460338,0.3694268318281178,1.459069335916487,-0.10745217729676415
2.274,0.37918095764436077,1.0238980213836546,0.37088229305115245,1.4554612230346353,-0.10745217729676415
2.275,0.38020298280001524,1.0201506087611678,0.37233405977686834,1.4517667257159144,-0.11195180478431466
2.2760000000000002,0.3812212555057242,1.016393127664022,0.3737821356997629,1.4480759228945121,-0.11195180478431466
2.277,0.3822357657115457,1.0126256151770436,0.3752265245106388,1.4443888108759313,-0.11195180478431466
2.278,0.38324650340467475,1.0088481084840557,0.37666722989660817,1.440705385969369,-0.11195180478431466
2.279,0.38425345860953813,1.0050606448675259,0.3781042555410959,1.4370256444877134,-0.11195180478431466
2.2800000000000002,0.3852566213878946,1.0012632617081896,0.3795375156802763,1.4332601391804205,-0.11642398314025967
2.281,0.38625598183893217,0.9974559964846875,0.3809670140796548,1.429498399378435,-0.11642398314025967
2.282,0.3872515300993668,0.9936388867731893,0.38239275450097104,1.4257404213162512,-0.11642398314025967
2.283,0.3882432563435391,0.9898119702470268,0.38381474070220317,1.4219862012321298,-0.11642398314025967
2.2840000000000003,0.3892311507835118,0.9859752846763205,0.38523297643757126,1.4182357353680926,-0.11642398314025967
2.285,0.39021520366916485,0.9821288679276096,0.38664737658508863,1.4144001475173453,-0.12086760576895772
2.286,0.391195405288294,0.9782727579634738,0.3880579449803431,1.4105683952544488,-0.12086760576895772
2.287,0.3921717459667049,0.9744069928421615,0.3894646854550869,1.4067404747438153,-0.12086760576895772
2.2880000000000003,0.3931442160683095,0.9705316107172128,0.39086760183724056,1.4029163821536923,-0.12086760576895772
2.289,0.39411280599522003,0.9666466498370869,0.39226669795089675,1.3990961136561595,-0.12086760576895772
2.29,0.39507750618784515,0.9627521485447782,0.39366188933697804,1.395191386081313,-0.12528157305951756
2.291,0.39603830712498345,0.9588481452774421,0.3950531799002121,1.3912905632340413,-0.12528157305951756
2.2920000000000003,0.3969951993239178,0.9549346785660136,0.3964405735414217,1.3873936412096168,-0.12528157305951756
2.293,0.39794817334050797,0.9510117870348315,0.3978240741575289,1.383500616107217,-0.12528157305951756
2.294,0.3988972197692855,0.9470795094012504,0.39920368564155884,1.3796114840299194,-0.12528157305951756
2.295,0.39984232924354524,0.943137884475263,0.4005793242182515,1.375638576692641,-0.12966479266242412
2.2960000000000003,0.4007834924354384,0.9391869511591149,0.4019509938605142,1.3716696422626997,-0.12966479266242412
2.297,0.4017207000560639,0.9352267484469251,0.40331869853728136,1.3677046767671885,-0.12966479266242412
2.298,0.402653942855561,0.9312573154242942,0.4046824422135185,1.3637436762371729,-0.12966479266242412
2.299,0.4035832116232001,0.9272786912679242,0.4060422288502262,1.3597866367076872,-0.12966479266242412
2.3000000000000003,0.4045084971874739,0.9232909152452277,0.40739797537670186,1.3557465264756947,-0.1340161797642424
2.301,0.4054297904161869,0.9192940267139463,0.4087496858330558,1.3517104563539342,-0.1340161797642424
2.302,0.40634708221654703,0.9152880651217554,0.41009736425535814,1.3476784223022953,-0.1340161797642424
2.303,0.40726036353525447,0.9112730700058795,0.41144101467564287,1.3436504202847082,-0.1340161797642424
2.3040000000000003,0.4081696253585922,0.9072490809926951,0.412780641121912,1.3396264462691385,-0.1340161797642424
2.305,0.40907485871251187,0.903216137797355,0.41411616124858763,1.3355201266756627,-0.1383346573603353
2.306,0.409976054662726,0.899174280223379,0.41544757916198943,1.3314179134017803,-0.1383346573603353
2.307,0.4108732043147949,0.8951235481622675,0.4167748989643306,1.3273198023411719,-0.1383346573603353
2.308,0.41176629881421345,0.8910639815931114,0.41809812475372227,1.323225789391624,-0.1383346573603353
2.309,0.41265532934649996,0.8869956205821917,0.4194172606241773,1.3191358704550256,-0.1383346573603353
2.31,0.4135402871372808,0.8829185052825953,0.42073222497563134,1.31496435145406,-0.142619156525522
2.311,0.4144211634523808,0.8788326759337991,0.4220430219796034,1.3107970039720955,-0.142619156525522
2.312,0.41529794959790606,0.8747381728612904,0.423349655803441,1.306633823837613,-0.142619156525522
2.313,0.4161706369203317,0.8706350364761606,0.4246521306103243,1.302474806883265,-0.142619156525522
2.314,0.4170392168065855,0.8665233072747114,0.42595045055927017,1.2983199489458712,-0.142619156525522
2.315,0.41790368068413497,0.8624030258380492,0.42724453481593344,1.294084256663273,-0.146868616682617
2.316,0.41876402002107066,0.8582742328316879,0.4285343876160064,1.2898528000729574,-0.146868616682617
2.317,0.41962022632619084,0.8541369690051469,0.4298200131909456,1.2856255749392322,-0.146868616682617
2.318,0.42047229114908447,0.8499912751915519,0.4311014157679762,1.2814025770306408,-0.146868616682617
2.319,0.42132020608021603,0.8458371923072263,0.43237859957009617,1.2771838021199577,-0.146868616682617
2.32,0.42216396275100737,0.8416747613512908,0.4336514845486966,1.2728849786004621,-0.15108198586877766
2.321,0.4230035528339211,0.8375040234052575,0.4349200750026011,1.268590453904486,-0.15108198586877766
2.322,0.42383896804254156,0.8333250196326284,0.4361843752263343,1.2643002237332062,-0.15108198586877766
2.323,0.4246702001316582,0.8291377912784824,0.4374443895101264,1.2600142837920973,-0.15108198586877766
2.324,0.4254972408973458,0.824942379669073,0.4387001221399173,1.2557326297909297,-0.15108198586877766
2.325,0.42632008217704614,0.8207388262114177,0.4399514938726585,1.2513717327411469,-0.15525822099959596
2.326,0.4271387158496476,0.8165271723928949,0.4411985090692469,1.2470151965884138,-0.15525822099959596
2.327,0.42795313383556643,0.8123074597808254,0.44244117208621875,1.2426630169718333,-0.15525822099959596
2.328,0.42876332809682605,0.8080797300220701,0.4436794872757536,1.2383151895348696,-0.15525822099959596
2.329,0.4295692906371363,0.803844024842613,0.44491345898567897,1.2339717099253429,-0.15525822099959596
2.33,0.4303710135019718,0.7996003860471569,0.4461430087981318,1.2295498124528002,-0.1593962881308701
2.331,0.43116848877865194,0.7953488555187023,0.4473681411350095,1.22513233687773,-0.1593962881308701
2.332,0.4319617085964176,0.7910894752181391,0.44858886041378776,1.2207192787782348,-0.1593962881308701
2.333,0.43275066512650956,0.7868222871838301,0.4498051710475246,1.2163106337368392,-0.1593962881308701
2.334,0.43353535058224507,0.7825473335312005,0.4510170774448651,1.2119063973404849,-0.1593962881308701
2.335,0.4343157572190956,0.7782646564523164,0.4522245020325539,1.2074245876887846,-0.1634951627179895
2.336,0.43509187733476257,0.7739742982154723,0.4534274492924006,1.202947259846736,-0.1634951627179895
2.337,0.43586370326925455,0.7696763011647674,0.4546259237017331,1.1984744093325295,-0.1634951627179895
2.338,0.43663122740496013,0.7653707077197032,0.45581992973340196,1.1940060316688372,-0.1634951627179895
2.339,0.4373944421667262,0.7610575603747477,0.4570094718557848,1.1895421223828087,-0.1634951627179895
2.34,0.43815334002193157,0.7567369016989214,0.45819447335944774,1.1850015036629684,-0.1675538298728726
2.341,0.43890791348056096,0.75240877433538,0.45937493878500957,1.180465425561848,-0.1675538298728726
2.342,0.4396581550952782,0.748073221000998,0.4605508726685484,1.1759338835388289,-0.1675538298728726
2.343,0.44040405746150163,0.7437302844859354,0.4617222795416062,1.1714068730578326,-0.1675538298728726
2.344,0.4411456132174764,0.7393800076532198,0.46288916393119356,1.1668843895873173,-0.1675538298728726
2.345,0.4418828150443469,0.735022433438326,0.4640514500106989,1.1622860795053622,-0.17157128461839072
2.346,0.4426156556662275,0.7306576048487583,0.4652091423784324,1.157692367733489,-0.17157128461839072
2.347,0.4433441278502781,0.726285564963608,0.4663622456281058,1.1531032496733877,-0.17157128461839072
2.348,0.44406822440677207,0.7219063569331448,0.46751076434883715,1.1485187207313465,-0.17157128461839072
2.349,0.44478793818916895,0.7175200239783828,0.4686547031251554,1.1439387763182474,-0.17157128461839072
2.35,0.4455032620941839,0.7131266093906599,0.4697939870320545,1.1392839068991247,-0.17554653214021923
2.351,0.44621418906185883,0.7087261565312033,0.4709286207244039,1.1346336923494211,-0.17554653214021923
2.352,0.4469207120756317,0.7043187088307059,0.4720586088524182,1.1299881280142674,-0.17554653214021923
2.353,0.44762282416240584,0.6999043097888963,0.47318395606166164,1.1253472092434487,-0.17554653214021923
2.354,0.4483205183926179,0.6954830029741129,0.474304666993053,1.1207109313914008,-0.17554653214021923
2.355,0.4490137878803077,0.6910548320228681,0.4754206676417523,1.1160006486992884,-0.1794785880360504
2.356,0.4497026257831854,0.6866198406394214,0.47653196271804216,1.1112950762898681,-0.1794785880360504
2.357,0.4503870253026991,0.6821780725953458,0.477638556927495,1.1065942094528571,-0.1794785880360504
2.358,0.4510669796841014,0.6777295717291015,0.4787404549709777,1.1018980434826833,-0.1794785880360504
2.359,0.45174248221651736,0.6732743819455949,0.4798376615446562,1.0972065736784795,-0.1794785880360504
2.36,0.4524135262330097,0.66881254721575,0.48093010358218974,1.0924420375335588,-0.18336647856211186
2.361,0.45308010511064495,0.6643441115760736,0.4820177858481145,1.0876822659247831,-0.18336647856211186
2.362,0.4537422122705585,0.6598691191282238,0.4831007131022021,1.082927254087616,-0.18336647856211186
2.363,0.45439984117802,0.655387614038568,0.48417889009946435,1.078176997262286,-0.18336647856211186
2.364,0.4550529853424978,0.6508996405377524,0.48525232159015813,1.0734314906937816,-0.18336647856211186
2.365,0.4557016383177227,0.6464052429202622,0.4863209354645437,1.0686138743855493,-0.18720924087692667
2.366,0.45634579370175143,0.64190446554399,0.48738473654023734,1.0638010756936251,-0.18720924087692667
2.367,0.4569854451370306,0.6373973528297903,0.48844372963003774,1.058993089800393,-0.18720924087692667
2.368,0.4576205863104587,0.6328839492610459,0.4894979195419308,1.054189911893054,-0.18720924087692667
2.369,0.45825121095344906,0.6283642993832265,0.4905473110790944,1.0493915371636224,-0.18720924087692667
2.37,0.4588773128419906,0.6238384478034543,0.4915918331062552,1.0445220271608135,-0.19100592328225793
2.371,0.45949888579671067,0.6193064391900562,0.4926314904929232,1.0396573866680077,-0.19100592328225793
2.372,0.46011592368293497,0.6147683182721286,0.4936662881037389,1.0347976108156944,-0.19100592328225793
2.373,0.46072842041074935,0.610224129839088,0.49469623079847813,1.0299426947392336,-0.19100592328225793
2.374,0.4613363699350575,0.6056739187402457,0.495721323432057,1.0250926335788493,-0.19100592328225793
2.375,0.46193976625564326,0.6011177298843473,0.496741495861293,1.0201724292360468,-0.19475558546117805
2.376,0.46253860341722886,0.5965556082391347,0.4977567530063906,1.0152571450975871,-0.19475558546117805
2.3770000000000002,0.46313287550953347,0.5919875988309055,0.4987670997826339,1.010346776243266,-0.19475558546117805
2.378,0.46372257666733074,0.5874137467440732,0.4997725411003917,1.0054413177577992,-0.19475558546117805
2.379,0.46430770107050856,0.5828340971207105,0.5007730818651225,1.0005407647308178,-0.19475558546117805
2.38,0.46488824294412556,0.5782486951601078,0.5017686529431143,0.9955710779918228,-0.19845729871320683
2.3810000000000002,0.465464196558468,0.5736575861183294,0.502759259304054,0.9906063609395668,-0.19845729871320683
2.382,0.4660355562291054,0.569060815307775,0.5037449059126583,0.985646608604363,-0.19845729871320683
2.383,0.4666023163169492,0.5644584280967113,0.5047255977286798,0.9806918160214946,-0.19845729871320683
2.384,0.4671644712283059,0.5598504699088435,0.505701339706911,0.9757419782312089,-0.19845729871320683
2.3850000000000002,0.4677220154149338,0.5552369862228557,0.5066720637402402,0.9707240333292485,-0.20211014618646037
2.386,0.46827494337409614,0.5506180225719761,0.5076377748466124,0.96571110637219,-0.20211014618646037
2.387,0.46882324964861777,0.5459936245435059,0.5085984780389545,0.9607031923420887,-0.20211014618646037
2.388,0.4693669288269369,0.541363837778388,0.5095541783251806,0.9557002862260173,-0.20211014618646037
2.3890000000000002,0.4699059755431598,0.5367287079707473,0.5105048807081967,0.9507023830160621,-0.20211014618646037
2.39,0.4704403844771127,0.5320882808674465,0.5114505181243676,0.945637416170911,-0.20571322310675255
2.391,0.47097015035439527,0.5274426022676262,0.5123910956386601,0.940577514292605,-0.20571322310675255
2.392,0.47149526794643215,0.5227917180222587,0.5133266183109764,0.9355226723161774,-0.20571322310675255
2.3930000000000002,0.4720157320705249,0.5181356740336927,0.5142570911961581,0.9304728851817261,-0.20571322310675255
2.394,0.4725315375899024,0.5134745162552048,0.5151825193439925,0.9254281478344093,-0.20571322310675255
2.395,0.47304267941377265,0.5088082906905398,0.516102836750939,0.9203174069465029,-0.20926563700360057
2.396,0.47354915249737206,0.5041370433934598,0.5170180485277385,0.9152117767994844,-0.20926563700360057
2.3970000000000002,0.47405095184201607,0.4994608204672885,0.517928159780021,0.9101112522826129,-0.20926563700360057
2.398,0.4745480724951473,0.49477966806446116,0.5188331756083113,0.9050158282902583,-0.20926563700360057
2.399,0.47504050955038585,0.49009363238606046,0.5197331011080332,0.8999254997218961,-0.20926563700360057
2.4,0.47552825814757677,0.4854027596813671,0.5206278713520966,0.8947702440635127,-0.2127665079330715
2.4010000000000002,0.47601131347283837,0.4807070962473992,0.5215174914957574,0.8896201436607878,-0.2127665079330715
2.402,0.47648967075860943,0.4760066884284621,0.5224019666891159,0.8844751933584656,-0.2127665079330715
2.403,0.4769633252836968,0.4713015826156819,0.5232813020771223,0.8793353880064457,-0.2127665079330715
2.404,0.4774322723733215,0.46659182524655335,0.5241555027995821,0.8742007224597779,-0.2127665079330715
2.4050000000000002,0.4778965073991651,0.46187746280447906,0.5250245050219455,0.8690022223633697,-0.21621496869742363
2.406,0.4783560257794153,0.45715854181831567,0.5258883139427126,0.8638089207670578,-0.21621496869742363
2.407,0.4788108229788111,0.45243510886190696,0.526746934755185,0.8586208124723423,-0.21621496869742363
2.408,0.4792608945086878,0.4477072105536305,0.5276003726474708,0.8534378922859215,-0.21621496869742363
2.4090000000000003,0.4797062359270215,0.44297489355592856,0.5284486328024905,0.8482601550196871,-0.21621496869742363
2.41,0.4801468428384716,0.4382382045748661,0.529291652494054,0.8430196915634377,-0.2196101650614842
2.411,0.480582710894426,0.4334971903596485,0.5301294369626246,0.8377844685706446,-0.2196101650614842
2.412,0.4810138357930428,0.4287518977021732,0.5309619914434255,0.8325544808008443,-0.2196101650614842
2.4130000000000003,0.48144021327929387,0.4240023734365578,0.5317893211664443,0.8273297230188137,-0.2196101650614842
2.414,0.4818618391450049,0.41924866443869585,0.5326114313564388,0.8221101899945652,-0.2196101650614842
2.415,0.482278709228899,0.4144908176257748,0.5334282604111241,0.8168290546852564,-0.22295125596571685
2.416,0.48269081941663683,0.40972887995581914,0.5342398136116354,0.8115532005112568,-0.22295125596571685
2.4170000000000003,0.48309816564085745,0.4049628984272299,0.5350460962338268,0.8062826221914312,-0.22295125596571685
2.418,0.4835007438812175,0.40019292007832735,0.5358471135482767,0.8010173144499254,-0.22295125596571685
2.419,0.4838985501644327,0.39541899198686664,0.5366428708202929,0.7957572720161612,-0.22295125596571685
2.42,0.4842915805643155,0.39064116126959214,0.5374333075867623,0.7904367664694265,-0.22623741373592562
2.4210000000000003,0.48467983120181474,0.3858594750817615,0.5382184291681906,0.7851215814282386,-0.22623741373592562
2.422,0.4850632982450529,0.38107398061669356,0.5389982408797627,0.7798117115720918,-0.22623741373592562
2.423,0.48544197790936544,0.37628472510528144,0.5397727480313484,0.7745071515858012,-0.22623741373592562
2.424,0.4858158664573369,0.3714917558155447,0.540541955927508,0.7692078961594969,-0.22623741373592562
2.4250000000000003,0.48618496019883833,0.3666951200521541,0.5413058052592855,0.7638493317775465,-0.22946782428954213
2.426,0.48654925549106326,0.3618948651559707,0.5420643013852455,0.7584961259599782,-0.22946782428954213
2.427,0.48690874873856443,0.3570910385035711,0.5428174496585938,0.7531482733482273,-0.22946782428954213
2.428,0.4872634363932885,0.35228368750678496,0.5435652554271829,0.7478057685890882,-0.22946782428954213
2.4290000000000003,0.48761331495461174,0.34747285961222446,0.5443077240335177,0.7424686063347082,-0.22946782428954213
2.43,0.4879583809693737,0.3426586023008214,0.5450447973374993,0.7370733039816044,-0.23264168733845397
2.431,0.4882986310319123,0.33784096308735045,0.5457764807344302,0.7316833969308537,-0.23264168733845397
2.432,0.4886340617840967,0.3330199895199658,0.5465027796142173,0.7262988797871538,-0.23264168733845397
2.433,0.48896466991536086,0.3281957291797302,0.5472236993613779,0.7209197471605976,-0.23264168733845397
2.434,0.4892904521627361,0.32336822968014417,0.5479392453550446,0.7155459936666679,-0.23264168733845397
2.435,0.4896114053108829,0.31853753866668166,0.5486493606383858,0.7101152833412349,-0.23575821658831925
2.436,0.48992752619212343,0.3137037038163113,0.5493540506421118,0.7046900037261272,-0.23575821658831925
2.437,0.49023881168647215,0.3088667728370315,0.5500533207915025,0.6992701493906347,-0.23575821658831925
2.438,0.49054525872166704,0.304026793467397,0.5507471765064119,0.6938557149094777,-0.23575821658831925
2.439,0.49084686427319946,0.29918381347605305,0.5514356232012747,0.6884466948628019,-0.23575821658831925
2.44,0.4911436253643443,0.2943378806612554,0.552118605116644,0.6829819153692526,-0.23881663993432473
2.441,0.4914355390661895,0.289489042850406,0.5527961277172992,0.6775226006551969,-0.23881663993432473
2.442,0.49172260249766486,0.284637347899571,0.5534681964625551,0.6720687452558551,-0.23881663993432473
2.443,0.4920048128255699,0.27978284369302775,0.554134816806267,0.6666203437119128,-0.23881663993432473
2.444,0.49228216726460267,0.2749255781427702,0.5547959941968365,0.6611773905695144,-0.23881663993432473
2.445,0.4925546630773869,0.2700655991880497,0.5554516740860224,0.6556798891858782,-0.24181619965333856
2.446,0.4928222975744991,0.26520295479489087,0.5561018619713259,0.6501878853036255,-0.24181619965333856
2.447,0.49308506811449443,0.2603376929556378,0.5567465633447511,0.6447013734252551,-0.24181619965333856
2.448,0.49334297210393396,0.2554698616884592,0.5573857836928099,0.6392203480587632,-0.24181619965333856
2.449,0.4935960069974095,0.2505995090368817,0.5580195284965275,0.6337448037176376,-0.24181619965333856
2.45,0.4938441702975689,0.24572668306931839,0.5586477444323895,0.6282159358620717,-0.24475615259241296
2.451,0.4940874595551402,0.2408514318786012,0.5592704370292638,0.6226925968743614,-0.24475615259241296
2.452,0.494325872368957,0.23597380358148562,0.5598876118104895,0.6171747812256387,-0.24475615259241296
2.453,0.49455940638598084,0.2310938463181952,0.5604992742938821,0.6116624833925648,-0.24475615259241296
2.454,0.4947880593013255,0.22621160825193518,0.5611054299917394,0.6061556978573239,-0.24475615259241296
2.455,0.49501182885827877,0.22132713756843123,0.5617060268184918,0.6005968267523948,-0.24763577035358908
2.456,0.4952307128483256,0.2164404824754314,0.5623010703330104,0.5950435145185706,-0.24763577035358908
2.457,0.4954447091111693,0.21155169120225017,0.5628905660886073,0.5894957555969803,-0.24763577035358908
2.458,0.4956538155347533,0.20666081199928224,0.5634745196330416,0.5839535444343116,-0.24763577035358908
2.459,0.4958580300552814,0.20176789313753363,0.5640529365085244,0.5784168754828055,-0.24763577035358908
2.46,0.4960573506572389,0.1968729829081367,0.5646257658803422,0.5728293718178232,-0.25045433947497164
2.461,0.4962517753734118,0.19197612962187932,0.5651930133359987,0.567247455656506,-0.25045433947497164
2.462,0.49644130228490685,0.18707738160872509,0.5657546844574101,0.5616711214113501,-0.25045433947497164
2.463,0.4966259295211697,0.18217678721734196,0.5663107848209105,0.5561003635004393,-0.25045433947497164
2.464,0.4968056552600042,0.17727439481461674,0.5668613199972579,0.5505351763474394,-0.25045433947497164
2.465,0.4969804777275898,0.17237025278518328,0.5674062404151968,0.5449204179389318,-0.253211161608013
2.466,0.49715039519849946,0.1674644095309421,0.5679455516894857,0.5393112742888325,-0.253211161608013
2.467,0.49731540599571616,0.16255691347058837,0.568479259429268,0.5337077397823834,-0.253211161608013
2.468,0.4974755084906501,0.1576478130391256,0.5690073692380785,0.5281098088104408,-0.253211161608013
2.469,0.49763070110315416,0.15273715668739307,0.569529886713848,0.52251747576947,-0.253211161608013
2.47,0.49778098230154,0.14782499288158518,0.5700467635610679,0.5168768472198809,-0.2559055536909814
2.471,0.4979263506025928,0.14291137010277827,0.5705580054203667,0.5112418592988414,-0.2559055536909814
2.472,0.49806680457158625,0.1379963368464441,0.5710636179267324,0.5056125063657229,-0.2559055536909814
2.473,0.4982023428222962,0.13307994162197667,0.571563606709518,0.4999887827855375,-0.2559055536909814
2.474,0.49833296401701493,0.12816223295221055,0.5720579773924469,0.4943706829289323,-0.2559055536909814
2.475,0.498458666866564,0.12324325937294778,0.5725466829677306,0.4887055752836322,-0.2585368481185612
2.476,0.49857945013030697,0.11832306943247031,0.5730297291004766,0.4830461327459773,-0.2585368481185612
2.477,0.4986953126161618,0.11340171169106789,0.5735071214501274,0.4773923496508601,-0.2585368481185612
2.478,0.4988062531806126,0.10847923472054903,0.5739788656704662,0.471744220338838,-0.2585368481185612
2.479,0.49891227072872074,0.1035556871037811,0.5744449674096224,0.46610173915612796,-0.2585368481185612
2.48,0.4990133642141358,0.09863111743418858,0.5749053809591812,0.46041354955882074,-0.261104392907555
2.481,0.49910953263910585,0.09370557431528738,0.5753601120073323,0.4547310481511108,-0.261104392907555
2.482,0.4992007750544875,0.08877910636019397,0.5758091662365771,0.4490542292448086,-0.261104392907555
2.483,0.4992870905597549,0.08385176219116515,0.5762525493237345,0.4433830871574127,-0.261104392907555
2.484,0.49936847830300873,0.0789235904390972,0.5766902669399466,0.4377176162121042,-0.261104392907555
2.485,0.49944493748098495,0.073994639743053,0.5771222746875053,0.43200774755871935,-0.2636075518586387
2.486,0.49951646733906235,0.06906495874978456,0.5775485782762793,0.42630358877398783,-0.2636075518586387
2.487,0.49958306717127005,0.06413459611326011,0.5779691834104272,0.42060513414804107,-0.2636075518586387
2.488,0.4996447363202946,0.059203600494162824,0.578384095788404,0.41491237797672026,-0.2636075518586387
2.489,0.49970147417748645,0.05427202055943011,0.5787933211029656,0.40922531456157074,-0.2636075518586387
2.49,0.4997532801828658,0.04933990498176218,0.5791968162781183,0.4034951751527263,-0.2660457047141421
2.491,0.49980015382512827,0.044407302439155596,0.5795945870440016,0.39777076588329074,-0.2660457047141421
2.492,0.49984209464164997,0.03947426161440049,0.5799866391250247,0.3920520810231246,-0.2660457047141421
2.493,0.499879102218492,0.03454083119461966,0.5803729782398726,0.38633911484781863,-0.2660457047141421
2.494,0.4999111761904045,0.02960705987077824,0.5807536101015113,0.38063186163868795,-0.2660457047141421
2.495,0.4999383162408303,0.024672996337210148,0.5811284929663421,0.3748828648308132,-0.2684182473118053
2.496,0.49996052210190806,0.019738689291129093,0.5814976325833618,0.36913961701974624,-0.2684182473118053
2.497,0.4999777935544749,0.01480418743215357,0.5818610346958183,0.3634021124564904,-0.2684182473118053
2.498,0.49999013042806856,0.009869539461823387,0.5822187050412161,0.3576703453977978,-0.2684182473118053
2.499,0.4999975326009291,0.004934794083124606,0.5825706493513223,0.3519443101061639,-0.2684182473118053
2.5,0.5,4.809176734304475e-16,0.5829168272252837,0.34617787396136784,-0.2707245917344936
2.501,0.4999975326009291,-0.004934794083123644,0.5832572444295364,0.3404172042527166,-0.2707245917344936
2.5020000000000002,0.49999013042806856,-0.00986953946182382,0.5835919067247501,0.334662295213774,-0.2707245917344936
2.503,0.4999777935544749,-0.014804187432152609,0.583920819865834,0.3289131410838704,-0.2707245917344936
2.504,0.49996052210190806,-0.019738689291128132,0.5842439896019421,0.32316973610809663,-0.2707245917344936
2.505,0.4999383162408303,-0.024672996337209183,0.584561376884985,0.3173872830428722,-0.2729641664558154
2.5060000000000002,0.4999111761904045,-0.029607059870778676,0.5848729874974157,0.31161061243071303,-0.2729641664558154
2.507,0.499879102218492,-0.0345408311946187,0.5851788272159049,0.305839718489166,-0.2729641664558154
2.508,0.49984209464164997,-0.039474261614399535,0.5854789018113464,0.30007459544156057,-0.2729641664558154
2.509,0.49980015382512827,-0.04440730243915463,0.5857732170488634,0.29431523751700267,-0.2729641664558154
2.5100000000000002,0.49975328018286574,-0.04933990498176401,0.5860617352428132,0.2885181939498532,-0.27513641648162535
2.511,0.49970147417748645,-0.054272020559429146,0.5863444621902395,0.2827269474262708,-0.27513641648162535
2.512,0.4996447363202946,-0.05920360049416185,0.5866214036823887,0.27694149214921204,-0.27513641648162535
2.513,0.49958306717127005,-0.06413459611325915,0.5868925655047161,0.2711618223274303,-0.27513641648162535
2.5140000000000002,0.49951646733906235,-0.0690649587497864,0.5871579534368916,0.26538793217547035,-0.27513641648162535
2.515,0.49944493748098495,-0.07399463974305204,0.5874175311650651,0.25957772817354746,-0.27724080348737
2.516,0.49936847830300873,-0.07892359043909625,0.5876713044994407,0.2537733343756265,-0.27724080348737
2.517,0.4992870905597549,-0.08385176219116419,0.5879192792444122,0.24797474497150346,-0.27724080348737
2.5180000000000002,0.4992007750544875,-0.08877910636019579,0.588161461198569,0.24218195415678456,-0.27724080348737
2.519,0.4991095326391059,-0.09370557431528641,0.588397856154702,0.2363949561328804,-0.27724080348737
2.52,0.4990133642141358,-0.09863111743418762,0.5886284291797597,0.23057302505772245,-0.2792768059512528
2.521,0.49891227072872074,-0.10355568710378014,0.5888531860956733,0.22475691591363967,-0.2792768059512528
2.5220000000000002,0.49880625318061256,-0.10847923472055086,0.589072132718552,0.21894662287870098,-0.2792768059512528
2.523,0.4986953126161618,-0.11340171169106693,0.5892852748586888,0.21314214013679722,-0.2792768059512528
2.524,0.49857945013030697,-0.11832306943246935,0.5894926183205664,0.20734346187763536,-0.2792768059512528
2.525,0.49845866686656404,-0.12324325937294682,0.5896941295605965,0.20151124003009413,-0.28124391928317943
2.5260000000000002,0.49833296401701493,-0.12816223295221238,0.589889814411001,0.19568485040440045,-0.28124391928317943
2.527,0.4982023428222962,-0.1330799416219757,0.5900796786981694,0.18986428716833245,-0.28124391928317943
2.528,0.49806680457158625,-0.13799633684644316,0.5902637282426648,0.18404954449550054,-0.28124391928317943
2.529,0.4979263506025929,-0.14291137010277732,0.5904419688592302,0.17824061656534146,-0.28124391928317943
2.5300000000000002,0.49778098230154,-0.1478249928815856,0.5906143684020599,0.17239954282978695,-0.28314165594945845
2.531,0.49763070110315416,-0.15273715668739213,0.5907809327122279,0.166564310167968,-0.28314165594945845
2.532,0.4974755084906501,-0.15764781303912462,0.5909416676249667,0.16073491273881085,-0.28314165594945845
2.533,0.4973154059957162,-0.16255691347058743,0.5910965789696738,0.15491134470708287,-0.28314165594945845
2.5340000000000003,0.49715039519849946,-0.16746440953094255,0.5912456725699172,0.1490936002433866,-0.28314165594945845
2.535,0.49698047772758985,-0.1723702527851823,0.5913889176856485,0.1432451157312787,-0.2849695455932254
2.536,0.4968056552600042,-0.17727439481461577,0.5915263201653522,0.1374024797036829,-0.2849695455932254
2.537,0.49662592952116974,-0.182176787217341,0.5916578858516643,0.1315656863121147,-0.2849695455932254
2.5380000000000003,0.4964413022849068,-0.18707738160872553,0.5917836205813782,0.1257347297139381,-0.2849695455932254
2.539,0.49625177537341186,-0.19197612962187838,0.5919035301854506,0.11990960407235965,-0.2849695455932254
2.54,0.49605735065723894,-0.19687298290813576,0.5920175853372159,0.11405515176527585,-0.28672713515057197
2.541,0.49585803005528145,-0.20176789313753266,0.5921257918911265,0.10820655391049913,-0.28672713515057197
2.5420000000000003,0.49565381553475324,-0.20666081199928268,0.59222815569578,0.1023638046535772,-0.28672713515057197
2.543,0.49544470911116933,-0.2115516912022492,0.5923246825939259,0.09652689814591218,-0.28672713515057197
2.544,0.4952307128483256,-0.2164404824754305,0.5924153784224706,0.09069582854475483,-0.28672713515057197
2.545,0.4950118288582788,-0.22132713756843028,0.5925002152754075,0.08483685293696329,-0.2884139889623391
2.5460000000000003,0.49478805930132547,-0.226211608251937,0.5925791990117123,0.07898373630477955,-0.2884139889623391
2.547,0.49455940638598095,-0.23109384631819285,0.5926523354845016,0.07313647278922798,-0.2884139889623391
2.548,0.4943258723689571,-0.23597380358148332,0.5927196305410388,0.06729505653719198,-0.2884139889623391
2.549,0.49408745955514033,-0.24085143187859884,0.5927810900227403,0.061459481701408004,-0.2884139889623391
2.5500000000000003,0.49384417029756883,-0.2457266830693202,0.5928366874511823,0.05559742844207537,-0.29002968888156133
2.551,0.4935960069974096,-0.2505995090368808,0.5928864286884183,0.049741237236002066,-0.29002968888156133
2.552,0.493342972103934,-0.25546986168845826,0.5929303195906395,0.043890902221134835,-0.29002968888156133
2.553,0.49308506811449443,-0.26033769295563824,0.5929683660081807,0.038046417541282476,-0.29002968888156133
2.5540000000000003,0.492822297574499,-0.2652029547948913,0.5930005737855268,0.03220777734610997,-0.29002968888156133
2.555,0.492554663077387,-0.27006559918804734,0.5930269178784081,0.02634409288123332,-0.2915738343765269
2.556,0.4922821672646027,-0.27492557814276924,0.5930474041505089,0.020486272100821545,-0.2915738343765269
2.557,0.49200481282556996,-0.27978284369302686,0.5930620384596501,0.014634309141190186,-0.2915738343765269
2.5580000000000003,0.49172260249766475,-0.28463734789957285,0.5930708266577946,0.008788198144518459,-0.2915738343765269
2.559,0.49143553906618953,-0.2894890428504051,0.5930737745910535,0.002947933258843403,-0.2915738343765269
2.56,0.4911436253643443,-0.2943378806612558,0.5930708586555264,-0.0029159355270044025,-0.2930460426294481
2.561,0.4908468642731994,-0.2991838134760535,0.5930620847150824,-0.008773940444066361,-0.2930460426294481
2.562,0.49054525872166704,-0.30402679346739747,0.5930474586277261,-0.014626087356211256,-0.2930460426294481
2.563,0.4902388116864722,-0.30886677283703057,0.5930269862456047,-0.02047238212144401,-0.2930460426294481
2.564,0.4899275261921235,-0.3137037038163103,0.5930006734150127,-0.02631283059191153,-0.2930460426294481
2.565,0.48961140531088293,-0.31853753866668066,0.5929684979782788,-0.03217543673393342,-0.29444594863069035
2.566,0.48929045216273614,-0.3233682296801432,0.592930465798009,-0.038032180269813295,-0.29444594863069035
2.567,0.4889646699153608,-0.3281957291797306,0.5928865827309469,-0.04388306706215729,-0.29444594863069035
2.568,0.4886340617840967,-0.33301998951996625,0.5928368546279792,-0.049728102967708944,-0.29444594863069035
2.569,0.48829863103191223,-0.3378409630873509,0.5927812873341418,-0.05556729383735504,-0.29444594863069035
2.57,0.4879583809693739,-0.34265860230081907,0.5927198601434929,-0.06142719064888919,-0.2957732052685751
2.571,0.4876133149546117,-0.34747285961222485,0.5926525789159293,-0.06728122756361181,-0.2957732052685751
2.572,0.4872634363932886,-0.352283687506784,0.5925794495054878,-0.0731294104414197,-0.2957732052685751
2.573,0.4869087487385645,-0.35709103850357016,0.5925004777603514,-0.07897174513634977,-0.2957732052685751
2.574,0.48654925549106337,-0.3618948651559698,0.5924156695228548,-0.08480823749658492,-0.2957732052685751
2.575,0.48618496019883817,-0.3666951200521559,0.5923250055439274,-0.09066397892738243,-0.29702748341470464
2.576,0.4858158664573371,-0.37149175581554245,0.5922284916793107,-0.09651386461674914,-0.29702748341470464
2.577,0.48544197790936566,-0.3762847251052791,0.5921261337788902,-0.10235790042042649,-0.29702748341470464
2.578,0.48506329824505307,-0.3810739806166913,0.592017937686702,-0.10819609218830015,-0.29702748341470464
2.579,0.4846798312018146,-0.38585947508176327,0.5919039092409376,-0.11402844576440593,-0.29702748341470464
2.58,0.48429158056431554,-0.39064116126959125,0.5917840306541788,-0.11987858675873753,-0.2982084720047997
2.581,0.48389855016443273,-0.39541899198686575,0.5916583077765668,-0.1257228776120748,-0.2982084720047997
2.582,0.48350074388121755,-0.4001929200783264,0.5915267464523922,-0.1315613241745587,-0.2982084720047997
2.583,0.48309816564085745,-0.4049628984272303,0.5913893525201017,-0.13739393229048014,-0.2982084720047997
2.584,0.48269081941663705,-0.40972887995581686,0.5912461318123035,-0.14322070779828566,-0.2982084720047997
2.585,0.48227870922889915,-0.4144908176257725,0.5910970680076507,-0.14906380465278846,-0.29931587811505467
2.586,0.481861839145005,-0.4192486644386949,0.5909421669492403,-0.15490105841043675,-0.29931587811505467
2.587,0.48144021327929376,-0.42400237343655955,0.590781434474326,-0.1607324749143274,-0.29931587811505467
2.588,0.4810138357930429,-0.42875189770217237,0.5906148764143242,-0.16655806000171416,-0.29931587811505467
2.589,0.48058271089442595,-0.43349719035964895,0.5904424985948202,-0.17237781950401354,-0.29931587811505467
2.59,0.48014684283847153,-0.43823820457486656,0.590264286164595,-0.1782124302251886,-0.3003494270339533
2.591,0.47970623592702144,-0.442974893555929,0.5900802449582594,-0.18404120633564247,-0.3003494270339533
2.592,0.47926089450868803,-0.4477072105536282,0.5898903808045894,-0.1898641536699859,-0.3003494270339533
2.593,0.4788108229788112,-0.45243510886190597,0.5896946995265324,-0.19568127805699498,-0.3003494270339533
2.594,0.4783560257794154,-0.4571585418183147,0.5894932069412128,-0.20149258531961706,-0.3003494270339533
2.595,0.47789650739916495,-0.46187746280448083,0.5892858896712319,-0.20731726998088854,-0.3013088623295548
2.596,0.4774322723733214,-0.46659182524655374,0.5890727535412743,-0.21313612995749875,-0.3013088623295548
2.597,0.4769633252836967,-0.4713015826156822,0.5888538043702002,-0.21894917107413236,-0.3013088623295548
2.598,0.4764896707586094,-0.47600668842846255,0.5886290479710505,-0.22475639914964932,-0.3013088623295548
2.599,0.4760113134728383,-0.48070709624739966,0.5883984901510534,-0.23055781999709077,-0.3013088623295548
2.6,0.4755282581475768,-0.48540275968136615,0.5881621190099581,-0.23637114109533838,-0.30219394591223575
2.601,0.47504050955038596,-0.4900936323860596,0.5879199403610856,-0.24217864887248775,-0.30219394591223575
2.602,0.4745480724951474,-0.49477966806446017,0.5876719600119438,-0.24798034914185998,-0.30219394591223575
2.603,0.47405095184201584,-0.49946082046729023,0.5874181837642328,-0.25377624771096285,-0.30219394591223575
2.604,0.473549152497372,-0.5041370433934602,0.5871586174138513,-0.2595663503814966,-0.30219394591223575
2.605,0.4730426794137726,-0.5088082906905401,0.5868932505406583,-0.26536687319297253,-0.3030044580928705
2.606,0.4725315375899027,-0.5134745162552027,0.5866220889451766,-0.271161595481637,-0.3030044580928705
2.607,0.47201573207052483,-0.518135674033693,0.5863451384221287,-0.27695052304801276,-0.3030044580928705
2.608,0.47149526794643226,-0.5227917180222579,0.5860624047604418,-0.2827336616868222,-0.3030044580928705
2.609,0.4709701503543954,-0.5274426022676253,0.5857738937432548,-0.2885110171869928,-0.3030044580928705
2.61,0.47044038447711284,-0.5320882808674456,0.5854795964331323,-0.2942973101225342,-0.30374019763641985
2.611,0.46990597554315966,-0.5367287079707491,0.5851795186163672,-0.30007781676514006,-0.30374019763641985
2.612,0.4693669288269372,-0.5413638377783858,0.5848736660734661,-0.3058525429011033,-0.30374019763641985
2.613,0.468823249648618,-0.5459936245435038,0.5845620445791552,-0.3116214943109306,-0.30374019763641985
2.614,0.4682749433740964,-0.5506180225719739,0.5842446599023858,-0.31738467676934806,-0.30374019763641985
2.615,0.46772201541493363,-0.5552369862228574,0.5839215045906571,-0.32315531172879786,-0.3044009818109572
2.616,0.467164471228306,-0.5598504699088426,0.5835925844146038,-0.3289201760532882,-0.3044009818109572
2.617,0.4666023163169493,-0.5644584280967104,0.5832579051390904,-0.33467927551345406,-0.3044009818109572
2.618,0.46603555622910553,-0.5690608153077741,0.5829174725232162,-0.34043261587415974,-0.3044009818109572
2.619,0.46546419655846794,-0.5736575861183298,0.5825712923203218,-0.34618020289450474,-0.3044009818109572
2.62,0.46488824294412584,-0.5782486951601055,0.5822193585647015,-0.3519337556202517,-0.30498664643207213
2.621,0.46430770107050884,-0.5828340971207084,0.5818616770099082,-0.3576815547932729,-0.30498664643207213
2.622,0.46372257666733085,-0.5874137467440724,0.5814982534037411,-0.36342360616712105,-0.30498664643207213
2.623,0.46313287550953325,-0.5919875988309071,0.5811290934882515,-0.36915991548959537,-0.30498664643207213
2.624,0.46253860341722897,-0.5965556082391338,0.5807542029997488,-0.3748904885027472,-0.30498664643207213
2.625,0.46193976625564337,-0.6011177298843464,0.5803735774608165,-0.3806255389322983,-0.30549704590269056
2.626,0.46133636993505744,-0.6056739187402461,0.5799872226065051,-0.3863548543114198,-0.30549704590269056
2.6270000000000002,0.4607284204107493,-0.6102241298390884,0.57959514416613,-0.3920784403751622,-0.30549704590269056
2.628,0.46011592368293525,-0.6147683182721265,0.5791973478632771,-0.39779630285284084,-0.30549704590269056
2.629,0.45949888579671083,-0.6193064391900553,0.5787938394158091,-0.4035084474680418,-0.30549704590269056
2.63,0.45887731284199074,-0.6238384478034534,0.5783846158357235,-0.409223580085539,-0.30593205324826017
2.6310000000000002,0.45825121095344884,-0.6283642993832281,0.5779696828381531,-0.4149329975704187,-0.30593205324826017
2.632,0.45762058631045865,-0.6328839492610462,0.5775490461325152,-0.42063670563781347,-0.30593205324826017
2.633,0.45698544513703054,-0.6373973528297907,0.5771227114225181,-0.42633470999714085,-0.30593205324826017
2.634,0.4563457937017514,-0.6419044655439904,0.576690684406166,-0.4320270163521089,-0.30593205324826017
2.6350000000000002,0.45570163831772265,-0.6464052429202626,0.5762529635856273,-0.4377208205387034,-0.30629156014733283
2.636,0.4550529853424979,-0.6508996405377515,0.5758095546547062,-0.4434089309211114,-0.30629156014733283
2.637,0.4543998411780201,-0.6553876140385672,0.575360463301513,-0.4490913531931369,-0.30629156014733283
2.638,0.4537422122705586,-0.6598691191282229,0.5749056952084701,-0.45476809304289045,-0.30629156014733283
2.6390000000000002,0.4530801051106447,-0.6643441115760753,0.5744452560523173,-0.46043915615279424,-0.30629156014733283
2.64,0.4524135262330096,-0.6688125472157505,0.5739791458257816,-0.4661102265357915,-0.3065754769575023
2.641,0.4517424822165173,-0.6732743819455952,0.5735073701999331,-0.4717756258484057,-0.3065754769575023
2.642,0.4510669796841017,-0.6777295717290994,0.5730299348401714,-0.47743535976170737,-0.3065754769575023
2.6430000000000002,0.450387025302699,-0.6821780725953462,0.5725468454062304,-0.4830894339410957,-0.3065754769575023
2.644,0.44970262578318554,-0.6866198406394205,0.572058107552184,-0.48873785404630465,-0.3065754769575023
2.645,0.4490137878803079,-0.6910548320228672,0.571563722761337,-0.49438479084699277,-0.306783732736721
2.646,0.44832051839261805,-0.6954830029741121,0.5710636966806262,-0.5000260807108802,-0.306783732736721
2.6470000000000002,0.44762282416240556,-0.699904309788898,0.5705580349513413,-0.5056617292849037,-0.306783732736721
2.648,0.44692071207563167,-0.7043187088307064,0.570046743209131,-0.5112917422103532,-0.306783732736721
2.649,0.44621418906185917,-0.7087261565312012,0.5695298270840081,-0.5169161251228773,-0.306783732736721
2.65,0.4455032620941842,-0.7131266093906579,0.5690072895495052,-0.522537534502954,-0.30691627525998194
2.6510000000000002,0.4447879381891689,-0.7175200239783831,0.5684791362270315,-0.5281533224736508,-0.30691627525998194
2.652,0.44406822440677224,-0.721906356933144,0.5679453727323751,-0.5337634946563767,-0.30691627525998194
2.653,0.44334412785027827,-0.7262855649636071,0.5674060046757082,-0.53936805666692,-0.30691627525998194
2.654,0.4426156556662277,-0.7306576048487574,0.5668610376615928,-0.5449670141154527,-0.30691627525998194
2.6550000000000002,0.4418828150443468,-0.7350224334383263,0.5663104761530708,-0.5505615085219643,-0.3069730710313541
2.656,0.4411456132174768,-0.7393800076532177,0.5657543257446368,-0.5561504084340694,-0.3069730710313541
2.657,0.44040405746150196,-0.7437302844859334,0.5651925920251906,-0.5617337194462624,-0.3069730710313541
2.658,0.4396581550952784,-0.7480732210009972,0.5646252805780432,-0.5673114471474432,-0.3069730710313541
2.6590000000000003,0.4389079134805607,-0.7524087743353816,0.5640523969809222,-0.5728835971209228,-0.3069730710313541
2.66,0.4381533400219317,-0.7567369016989206,0.5634739471852926,-0.5784497956296295,-0.30695410529138045
2.661,0.43739444216672635,-0.7610575603747468,0.5628899367573528,-0.5840104279398275,-0.30695410529138045
2.662,0.4366312274049601,-0.7653707077197035,0.562300371257735,-0.5895654996177153,-0.30695410529138045
2.6630000000000003,0.4358637032692545,-0.7696763011647677,0.5617052562415111,-0.5951150162239253,-0.30695410529138045
2.664,0.4350918773347629,-0.7739742982154703,0.5611045972581976,-0.600658983313529,-0.30695410529138045
2.665,0.43431575721909577,-0.7782646564523156,0.560498401746227,-0.6061955119706123,-0.3068593820198397
2.666,0.43353535058224524,-0.7825473335311998,0.559886675242128,-0.6117265040990385,-0.3068593820198397
2.6670000000000003,0.4327506651265093,-0.7868222871838316,0.5592694232768927,-0.6172519652353362,-0.3068593820198397
2.668,0.4319617085964175,-0.7910894752181394,0.5586466513759821,-0.6227719009104977,-0.3068593820198397
2.669,0.4311684887786519,-0.7953488555187027,0.5580183650593321,-0.628286316649984,-0.3068593820198397
2.67,0.43037101350197177,-0.7996003860471572,0.5573845732505202,-0.6337918088120115,-0.30668892393387265
2.6710000000000003,0.42956929063713617,-0.8038440248426133,0.5567452814550383,-0.6392917954818769,-0.30668892393387265
2.672,0.42876332809682616,-0.8080797300220692,0.5561004951728733,-0.6447862821650725,-0.30668892393387265
2.673,0.4279531338355666,-0.8123074597808247,0.5554502198985117,-0.6502752743615848,-0.30668892393387265
2.674,0.42713871584964774,-0.816527172392894,0.5547944611209459,-0.6557587775659007,-0.30668892393387265
2.6750000000000003,0.42632008217704587,-0.8207388262114194,0.5541332292467079,-0.6612318742379639,-0.3064427724814556
2.676,0.4254972408973457,-0.8249423796690734,0.5534665297488945,-0.666699497813355,-0.3064427724814556
2.677,0.4246702001316581,-0.8291377912784827,0.5527943680951294,-0.6721616537651708,-0.3064427724814556
2.678,0.42383896804254195,-0.8333250196326265,0.5521167497475683,-0.6776183475610347,-0.3064427724814556
2.6790000000000003,0.42300355283392105,-0.8375040234052579,0.5514336801629052,-0.6830695846631027,-0.3064427724814556
2.68,0.42216396275100754,-0.84167476135129,0.5507451712280701,-0.6885089348350447,-0.30612098783025143
2.681,0.42132020608021614,-0.8458371923072254,0.5500512283824133,-0.6939428456568147,-0.30612098783025143
2.682,0.42047229114908463,-0.8499912751915513,0.5493518570598455,-0.6993713225677629,-0.30612098783025143
2.6830000000000003,0.4196202263261905,-0.8541369690051485,0.5486470626888437,-0.7047943710018002,-0.30612098783025143
2.684,0.41876402002107055,-0.8582742328316882,0.5479368506924562,-0.7102119963874034,-0.30612098783025143
2.685,0.4179036806841354,-0.8624030258380471,0.5472212344350882,-0.7156162573680527,-0.30572364885183473
2.686,0.4170392168065859,-0.8665233072747095,0.5465002193210005,-0.7210151140877213,-0.30572364885183473
2.6870000000000003,0.41617063692033157,-0.8706350364761609,0.5457738107490497,-0.7264085719506703,-0.30572364885183473
2.688,0.4152979495979062,-0.8747381728612895,0.5450420141126939,-0.7317966363557563,-0.30572364885183473
2.689,0.41442116345238095,-0.8788326759337982,0.5443048347999975,-0.7371793126964372,-0.30572364885183473
2.69,0.41354028713728097,-0.8829185052825944,0.5435622876495517,-0.7425471504457664,-0.30525085310128014
2.691,0.4126553293464999,-0.8869956205821923,0.5428143780291944,-0.7479096203573462,-0.30525085310128014
2.692,0.41176629881421384,-0.8910639815931095,0.5420611113013954,-0.7532667277990145,-0.30525085310128014
2.693,0.41087320431479535,-0.8951235481622654,0.5413024928232623,-0.7586184781332411,-0.30525085310128014
2.694,0.4099760546627264,-0.8991742802233771,0.5405385279465451,-0.7639648767171335,-0.30525085310128014
2.695,0.40907485871251204,-0.9032161377973543,0.5397692329803688,-0.769294966176259,-0.3047027167921324
2.696,0.40816962535859186,-0.9072490809926967,0.5389946132548229,-0.7746197255459254,-0.3047027167921324
2.697,0.40726036353525463,-0.9112730700058789,0.5382146740946667,-0.7799391601562221,-0.3047027167921324
2.698,0.406347082216547,-0.9152880651217558,0.5374294208193349,-0.7852532753319086,-0.3047027167921324
2.699,0.40542979041618676,-0.9192940267139467,0.5366388587429425,-0.7905620763924194,-0.3047027167921324
2.7,0.4045084971874738,-0.923290915245228,0.5358430056411311,-0.7958531018113626,-0.30407937476678
2.701,0.40358321162320027,-0.9272786912679234,0.5350418668049262,-0.8011388362048868,-0.30407937476678
2.702,0.40265394285556116,-0.9312573154242936,0.5342354475200621,-0.8064192848640175,-0.30407937476678
2.703,0.4017207000560641,-0.9352267484469242,0.5334237530669876,-0.8116944530744891,-0.30407937476678
2.704,0.4007834924354381,-0.9391869511591163,0.5326067887208709,-0.8169643461167502,-0.30407937476678
2.705,0.3998423292435451,-0.9431378844752635,0.531784573719491,-0.8222150013798776,-0.30338098046220546
2.706,0.39889721976928544,-0.9470795094012507,0.5309571133135033,-0.8274604059877418,-0.30338098046220546
2.707,0.3979481733405079,-0.9510117870348318,0.5301244127483122,-0.8327005651909982,-0.30338098046220546
2.708,0.3969951993239177,-0.9549346785660139,0.5292864772640772,-0.8379354842350514,-0.30338098046220546
2.709,0.3960383071249836,-0.9588481452774412,0.5284433120957172,-0.8431651683600604,-0.30338098046220546
2.71,0.3950775061878453,-0.9627521485447773,0.5275949379384081,-0.8483741573091235,-0.30260770587115876
2.711,0.39411280599522025,-0.9666466498370863,0.5267413600011388,-0.8535779372692375,-0.30260770587115876
2.712,0.3931442160683092,-0.9705316107172142,0.5258825834876895,-0.8587765134493914,-0.30260770587115876
2.713,0.39217174596670484,-0.9744069928421618,0.525018613596636,-0.8639698910533652,-0.30260770587115876
2.714,0.39119540528829444,-0.9782727579634718,0.5241494555213563,-0.869158075279735,-0.30260770587115876
2.715,0.39021520366916534,-0.9821288679276077,0.5232751314093218,-0.8743241120344302,-0.3017597414987437
2.716,0.38923115078351167,-0.9859752846763208,0.5223956464265694,-0.8794849827523706,-0.3017597414987437
2.717,0.38824325634353934,-0.9898119702470262,0.5215110057339698,-0.8846406925995931,-0.3017597414987437
2.718,0.387251530099367,-0.9936388867731885,0.5206212144872329,-0.8897912467369684,-0.3017597414987437
2.719,0.3862559818389324,-0.9974559964846866,0.5197262778369126,-0.8949366503202063,-0.3017597414987437
2.72,0.3852566213878943,-1.001263261708191,0.5188262193773164,-0.9000584595961747,-0.300837296314432
2.721,0.3842534586095386,-1.0050606448675241,0.5179210442302535,-0.9051751470628672,-0.300837296314432
2.722,0.38324650340467525,-1.0088481084840542,0.5170107575124114,-0.9102867178420929,-0.300837296314432
2.723,0.3822357657115462,-1.0126256151770419,0.5160953643353609,-0.9153931770505395,-0.300837296314432
2.724,0.38122125550572383,-1.0163931276640232,0.515174869805561,-0.9204945297997775,-0.300837296314432
2.725,0.3802029828000154,-1.0201506087611671,0.514249298958337,-0.9255708472239679,-0.29984059769950816
2.726,0.37918095764436094,-1.023898021383654,0.5133186568700063,-0.930642088330734,-0.29984059769950816
2.727,0.37815519012573606,-1.027635328546034,0.5123829486118099,-0.9357082581963935,-0.29984059769950816
2.728,0.37712569036805205,-1.0313624933625944,0.5114421792499177,-0.9407693618921873,-0.29984059769950816
2.729,0.3760924685320559,-1.0350794790477233,0.5104963538454335,-0.9458254044842853,-0.29984059769950816
2.73,0.3750555348152301,-1.0387862489162725,0.5095454988685258,-0.9508549769076011,-0.29876989139000293
2.731,0.3740148994516916,-1.04248276638392,0.5085896193487673,-0.9558795197584936,-0.29876989139000293
2.732,0.3729705727120909,-1.0461689949675326,0.5076287203107008,-0.9608990380665352,-0.29876989139000293
2.733,0.37192256490351244,-1.0498448982855182,0.5066628067738446,-0.9659135368562687,-0.29876989139000293
2.734,0.37087088636936955,-1.0535104400581974,0.5056918837526974,-0.9709230211472125,-0.29876989139000293
2.735,0.36981554748930484,-1.0571655841081526,0.504715979145743,-0.9759046069543666,-0.2976254414150671
2.736,0.368756558679087,-1.0608102943605875,0.5037350979345673,-0.9808812111757136,-0.2976254414150671
2.737,0.3676939303905081,-1.0644445348436835,0.5027492450957745,-0.9858528387928392,-0.2976254414150671
2.738,0.36662767311128025,-1.0680682696889545,0.5017584256009922,-0.9908194947823478,-0.2976254414150671
2.739,0.3655577973649323,-1.0716814631316,0.5007626444168762,-0.9957811841158668,-0.2976254414150671
2.74,0.3644843137107055,-1.0752840795108618,0.49976193086334386,-1.0007135535323677,-0.29640753003083997
2.741,0.3634072327434512,-1.0788760832703668,0.49875628987276444,-1.005640990579452,-0.29640753003083997
2.742,0.3623265650935232,-1.0824574389584896,0.49774572637257497,-1.0105635001894895,-0.29640753003083997
2.743,0.3612423214266749,-1.0860281112286956,0.49673024528528503,-1.0154810872899167,-0.29640753003083997
2.744,0.36015451244395347,-1.089588064839891,0.4957098515284818,-1.0203937568032435,-0.29640753003083997
2.745,0.3590631488815945,-1.0931372646567712,0.49468457583628234,-1.0252756921994368,-0.29511645764983285
2.746,0.3579682415109157,-1.0966756756501663,0.49365442309062213,-1.030152745660234,-0.29511645764983285
2.747,0.3568698011382109,-1.1002032628973888,0.49261939816855455,-1.0350249220675705,-0.29511645764983285
2.748,0.35576783860464234,-1.1037199915825784,0.491579505942256,-1.0398922262984995,-0.29511645764983285
2.749,0.35466236478613666,-1.107225826997039,0.49053475127903085,-1.0447546632251976,-0.29511645764983285
2.75,0.3535533905932742,-1.1107207345395902,0.48948516631961353,-1.049584959417289,-0.2937525427658311
2.751,0.35244092697118123,-1.1142046797169096,0.48843075589430035,-1.0544104253131883,-0.2937525427658311
2.7520000000000002,0.35132498489942454,-1.1176776281438647,0.48737152482855717,-1.0592310657431918,-0.2937525427658311
2.753,0.35020557539190317,-1.1211395455438529,0.4863074779430244,-1.0640468855327652,-0.2937525427658311
2.754,0.3490827094967364,-1.124590397749149,0.48523862005352186,-1.0688578895025491,-0.2937525427658311
2.755,0.3479563982961573,-1.1280301507012347,0.48416498469947133,-1.0736353540505332,-0.29231612187433476
2.7560000000000002,0.3468266529064021,-1.1314587704511392,0.4830865766583374,-1.0784080411339694,-0.29231612187433476
2.757,0.3456934844776035,-1.1348762231597638,0.48200340070280706,-1.0831759555303222,-0.29231612187433476
2.758,0.3445569041936746,-1.1382824750982357,0.4809154616007948,-1.0879391020122786,-0.29231612187433476
2.759,0.3434169232722046,-1.1416774926482218,0.47982276411544705,-1.0926974853477531,-0.29231612187433476
2.7600000000000002,0.3422735529643442,-1.145061242302271,0.4787253431765969,-1.0974209388501766,-0.29080754938856107
2.761,0.3411268045546981,-1.148433690664137,0.47762320350769777,-1.1021396688990976,-0.29080754938856107
2.762,0.3399766893612096,-1.1517948044491173,0.4765163498274798,-1.1068536802179698,-0.29080754938856107
2.763,0.3388232187350512,-1.1551445504843763,0.4754047868499543,-1.1115629775255231,-0.29080754938856107
2.7640000000000002,0.33766640406051235,-1.1584828957092725,0.4742885192844185,-1.1162675655357688,-0.29080754938856107
2.765,0.3365062567548869,-1.1618098071756868,0.47316758344249726,-1.1209358419212538,-0.28922719755103865
2.766,0.33534278826836034,-1.1651252520483457,0.4720419839924669,-1.1255994500303534,-0.28922719755103865
2.767,0.3341760100838969,-1.168429197605147,0.47091172559793554,-1.1302583945313438,-0.28922719755103865
2.7680000000000002,0.3330059337171256,-1.1717216112374838,0.46977681291784773,-1.1349126800878333,-0.28922719755103865
2.769,0.33183257071622907,-1.1750024604505587,0.468637250606489,-1.1395623113587663,-0.28922719755103865
2.77,0.33065593266182586,-1.178271712863717,0.4674930763483148,-1.1441742581742238,-0.28757545634081144
2.771,0.3294760311668585,-1.1815293362107566,0.4663442947552719,-1.1487815930428658,-0.28757545634081144
2.7720000000000002,0.3282928778764783,-1.1847752983402506,0.46519091043469524,-1.1533843205766392,-0.28757545634081144
2.773,0.32710648446793067,-1.1880095672158633,0.46403292798931234,-1.1579824453828789,-0.28757545634081144
2.774,0.3259168626504396,-1.1912321109166661,0.462870352017248,-1.1625759720643123,-0.28757545634081144
2.775,0.3247240241650921,-1.1944428976374544,0.46170322156648824,-1.167130450759773,-0.28585273337625444
2.7760000000000002,0.32352798078472184,-1.1976418956890604,0.4605315411915117,-1.1716803749765383,-0.28585273337625444
2.777,0.32232874431379543,-1.2008290734986622,0.4593553154422426,-1.1762257492690869,-0.28585273337625444
2.778,0.32112632658829204,-1.2040043996101026,0.4581745488640553,-1.1807665781873429,-0.28585273337625444
2.779,0.31992073947558913,-1.2071678426841954,0.4569892459977786,-1.1853028662766807,-0.28585273337625444
2.7800000000000002,0.3187119948743449,-1.2103193714990341,0.455799447245292,-1.1897987524866755,-0.28405945381357356
2.781,0.3175001047143804,-1.2134589549503019,0.4546051571024815,-1.1942901428104604,-0.28405945381357356
2.782,0.3162850809565624,-1.2165865620515774,0.4534063800607376,-1.1987770417439214,-0.28405945381357356
2.783,0.3150669355926848,-1.2197021619346413,0.4522031206069591,-1.203259453778449,-0.28405945381357356
2.7840000000000003,0.31384568064534984,-1.2228057238497823,0.45099538322355814,-1.207737383400942,-0.28405945381357356
2.785,0.31262132816785226,-1.225897217166094,0.4497832096563358,-1.2121735672223601,-0.2821960602409574
2.786,0.311393890244056,-1.228976611371787,0.4485666043414758,-1.216605314859957,-0.2821960602409574
2.787,0.31016337898827856,-1.2320438760744818,0.4473455717107259,-1.2210326307499162,-0.2821960602409574
2.7880000000000003,0.3089298065451671,-1.2350989810015194,0.44612011619140196,-1.2254555193239853,-0.2821960602409574
2.789,0.30769318508958576,-1.2381418960002426,0.4448902422063925,-1.2298739850094804,-0.2821960602409574
2.79,0.3064535268264883,-1.2411725910383105,0.44365599283511664,-1.23424937127584,-0.2802630125684574
2.791,0.3052108439908014,-1.244191036203986,0.4424173724529607,-1.2386203821559334,-0.2802630125684574
2.7920000000000003,0.3039651488473022,-1.2471972017064366,0.44117438543093557,-1.2429870220251467,-0.2802630125684574
2.793,0.302716453690501,-1.2501910578760165,0.43992703613568107,-1.2473492952544907,-0.2802630125684574
2.794,0.30146477084451273,-1.2531725751645797,0.4386753289294705,-1.2517072062106054,-0.2802630125684574
2.795,0.3002101126629425,-1.256141724145752,0.4374193082147078,-1.2560207147626667,-0.2782607879135999
2.7960000000000003,0.29895249152875925,-1.2590984755152337,0.43615897830490163,-1.260329909806176,-0.2782607879135999
2.797,0.29769191985417737,-1.262042800091079,0.434894343509247,-1.2646347956546418,-0.2782607879135999
2.798,0.2964284100805296,-1.264974668813995,0.43362540813262973,-1.268935376617259,-0.2782607879135999
2.799,0.2951619746781473,-1.2678940527476203,0.4323521764756308,-1.2732316569989137,-0.2782607879135999
2.8000000000000003,0.2938926261462367,-1.2708009230788146,0.43107469425267925,-1.2774822229515699,-0.2761898804827585
2.801,0.2926203770127553,-1.2736952511179414,0.42979296571434095,-1.2817285383382735,-0.2761898804827585
2.802,0.29134523983428834,-1.276577008299151,0.42850699510693135,-1.2859706074095905,-0.2761898804827585
2.803,0.29006722719592504,-1.2794461661806638,0.4272167866725195,-1.290208434411836,-0.2761898804827585
2.8040000000000003,0.28878635171113354,-1.2823026964450512,0.4259223446489324,-1.2944420235870795,-0.2761898804827585
2.805,0.2875026260216391,-1.2851465708995098,0.42462371605133997,-1.2986285975924587,-0.2740508014483157
2.806,0.28621606279729533,-1.2879777614761483,0.42332090506631614,-1.3028109850238325,-0.2740508014483157
2.807,0.28492667473596184,-1.2907962402322584,0.42201391587624837,-1.306989190067775,-0.2740508014483157
2.8080000000000003,0.2836344745633783,-1.2936019793505933,0.4207027526593417,-1.3111632169066736,-0.2740508014483157
2.809,0.2823394750330387,-1.29639495113964,0.41938741958962295,-1.3153330697187333,-0.2740508014483157
2.81,0.2810416889260655,-1.2991751280338948,0.4180679649713975,-1.3194546182254479,-0.2718440788216633
2.811,0.2797411290510838,-1.3019424825941341,0.41674439292621385,-1.3235720451836557,-0.2718440788216633
2.8120000000000003,0.27843780824409364,-1.3046969875076875,0.41541670757149896,-1.3276853547149052,-0.2718440788216633
2.813,0.2771317393683468,-1.3074386155887,0.41408491302056233,-1.3317945509366236,-0.2718440788216633
2.814,0.2758229353142149,-1.3101673397784108,0.4127490133826002,-1.3358996379621202,-0.2718440788216633
2.815,0.27451140899906573,-1.3128831331454138,0.41140905823912965,-1.3399551434705992,-0.2695702573220571
2.816,0.2731971733671352,-1.3155859688859237,0.4100650516456561,-1.3440065934735697,-0.2695702573220571
2.817,0.27188024138939626,-1.3182758203240474,0.40871699765362957,-1.3480539920265373,-0.2695702573220571
2.818,0.27056062606343806,-1.3209526609120323,0.40736490031044864,-1.352097343180952,-0.2695702573220571
2.819,0.2692383404133303,-1.3236164642305441,0.4060087636594644,-1.356136650984212,-0.2695702573220571
2.82,0.2679133974894986,-1.3262672039889198,0.4046486385471664,-1.3601251122980547,-0.26722989824134397
2.821,0.26658581036859397,-1.3289048540254291,0.4032845289620158,-1.3641095851505836,-0.26722989824134397
2.822,0.26525559215336675,-1.3315293883075283,0.4019164388884855,-1.36809007353026,-0.26722989824134397
2.823,0.26392275597253373,-1.3341407809321237,0.4005443723070639,-1.3720665814215565,-0.26722989824134397
2.824,0.26258731498064847,-1.336739006125827,0.39916833319425893,-1.3760391128049618,-0.26722989824134397
2.825,0.2612492823579744,-1.339324038245205,0.3977883736489807,-1.3799595452782496,-0.264823579304642
2.826,0.2599086713103548,-1.341895851777031,0.39640449759166163,-1.3838760573190643,-0.264823579304642
2.827,0.2585654950690787,-1.344454421338545,0.3950167089388138,-1.387788652847838,-0.264823579304642
2.828,0.25721976689075343,-1.3469997216776988,0.3936250116030327,-1.3916973357810831,-0.264823579304642
2.829,0.255871500057172,-1.3495317276734067,0.39222940949300134,-1.395602110031395,-0.264823579304642
2.83,0.25452070787518605,-1.3520504143357877,0.39082995594718944,-1.3994535458119024,-0.2623518945269484
2.831,0.25316740367656676,-1.3545557568064255,0.3894266548170328,-1.4033011301566294,-0.2623518945269484
2.832,0.25181160081788095,-1.3570477303585997,0.3880195099501158,-1.4071448669170117,-0.2623518945269484
2.833,0.2504533126803548,-1.359526310397539,0.3866085251901752,-1.4109847599406335,-0.2623518945269484
2.834,0.24909255266974537,-1.3619914724606565,0.385193704377104,-1.4148208130712319,-0.2623518945269484
2.835,0.2477293342162038,-1.3644431922177989,0.3837751020757645,-1.418602301339476,-0.25981545406577045
2.836,0.2463636707741459,-1.3668814454714822,0.38235272206764503,-1.422380008119452,-0.25981545406577045
2.837,0.2449955758221185,-1.369306208157131,0.3809265681304524,-1.426153937192648,-0.25981545406577045
2.838,0.24362506286266644,-1.3717174563433163,0.3794966440381156,-1.4299240923367706,-0.25981545406577045
2.839,0.24225214542219936,-1.3741151662319926,0.3780629535607899,-1.4336904773257493,-0.25981545406577045
2.84,0.2408768370508581,-1.376499314158731,0.37662555247626006,-1.4374010845298186,-0.25721488406975807
2.841,0.23949915132238028,-1.3788698765929548,0.3751844444951334,-1.441107981126684,-0.25721488406975807
2.842,0.23811910183396942,-1.381226830138168,0.37373963332430643,-1.4448111708269524,-0.25721488406975807
2.843,0.236736702206156,-1.3835701515321914,0.3722911226669689,-1.4485106573375206,-0.25721488406975807
2.844,0.23535196608266631,-1.385899817647389,0.37083891622260734,-1.4522064443615783,-0.25721488406975807
2.845,0.2339649071302868,-1.3882158054908966,0.36938307096815964,-1.4558452544476854,-0.2545508265234366
2.846,0.23257553903872938,-1.39051809220485,0.36792359054243595,-1.4594804257237064,-0.2545508265234366
2.847,0.23118387552049618,-1.3928066550666076,0.3664604785806075,-1.4631119618284514,-0.2545508265234366
2.848,0.2297899303107443,-1.3950814714889788,0.36499373871421037,-1.4667398663970916,-0.2545508265234366
2.849,0.22839371716714943,-1.397342519020445,0.3635233745711492,-1.4703641430611634,-0.2545508265234366
2.85,0.22699524986977315,-1.3995897753453768,0.3620494443134493,-1.4739302576998625,-0.2518239390880161
2.851,0.22559454222092237,-1.4018232182842632,0.3605719515072254,-1.477492806223923,-0.2518239390880161
2.852,0.22419160804501687,-1.404042825793923,0.3590908997150259,-1.4810517921994595,-0.2518239390880161
2.853,0.22278646118844816,-1.40624857596773,0.35760629249583686,-1.4846072191890203,-0.2518239390880161
2.854,0.2213791155194509,-1.408440447035816,0.35611813340508525,-1.4881590907515916,-0.2518239390880161
2.855,0.21996958492795776,-1.4106184173653005,0.35462648177552564,-1.4916516295596074,-0.24903489493836764
2.856,0.21855788332546675,-1.412782465460495,0.35313134109969685,-1.495140675828815,-0.24903489493836764
2.857,0.21714402464490187,-1.4149325699631203,0.3516327148666451,-1.4986262330517537,-0.24903489493836764
2.858,0.21572802284047915,-1.41706870965251,0.3501306065619276,-1.5021083047174693,-0.24903489493836764
2.859,0.21430989188756472,-1.419190863445828,0.3486250196676161,-1.5055868943115192,-0.24903489493836764
2.86,0.21288964578253697,-1.4212990103982757,0.347116014672547,-1.5090049950691313,-0.24618438259618525
2.861,0.21146729854265156,-1.4233931297032933,0.345603594994821,-1.512419677725986,-0.24618438259618525
2.862,0.21004286420590315,-1.4254732006927668,0.34408776404912084,-1.5158309457001837,-0.24618438259618525
2.863,0.20861635683088275,-1.4275392028372365,0.34256852524671444,-1.5192388024064072,-0.24618438259618525
2.864,0.20718779049664227,-1.4295911157460948,0.3410458819954585,-1.5226432512559245,-0.24618438259618525
2.865,0.20575717930255386,-1.4316289191677911,0.33951989592533866,-1.525986070119856,-0.24327310575936925
2.866,0.2043245373681749,-1.433652592990025,0.33799057037917374,-1.5293255461649236,-0.24327310575936925
2.867,0.20288987883310045,-1.4356621172399562,0.33645790869643977,-1.532661682733946,-0.24327310575936925
2.868,0.20145321785683187,-1.4376574720843904,0.3349219142132734,-1.5359944831663996,-0.24327310575936925
2.869,0.2000145686186322,-1.4396386378299821,0.33338259026247496,-1.5393239507984207,-0.24327310575936925
2.87,0.19857394531739023,-1.441605594923423,0.3318399995999648,-1.5425906625101757,-0.24030178312767017
2.871,0.1971313621714755,-1.4435583239516416,0.33029414549245456,-1.545854107510219,-0.24030178312767017
2.872,0.1956868334186013,-1.445496805641991,0.32874503120338927,-1.5491142890652623,-0.24030178312767017
2.873,0.19424037331568322,-1.4474210208624392,0.3271926599929505,-1.5523712104387504,-0.24030178312767017
2.874,0.19279199613869855,-1.449330950621759,0.32563703511805964,-1.555624874890865,-0.24030178312767017
2.875,0.19134171618254525,-1.451226576069715,0.32407822044507917,-1.5588146729804677,-0.23727114822468376
2.876,0.189889547760901,-1.4531078784972489,0.3225162191638072,-1.562001281271981,-0.23727114822468376
2.8770000000000002,0.18843550520608107,-1.4549748393366664,0.320951034460852,-1.5651847029552026,-0.23727114822468376
2.878,0.18697960286890003,-1.456827440161816,0.31938266951963523,-1.568364941216741,-0.23727114822468376
2.879,0.18552185511852542,-1.4586656626882757,0.3178111275203952,-1.571541999240018,-0.23727114822468376
2.88,0.184062276342339,-1.4604894887735325,0.3162364734241701,-1.5746540962251012,-0.23418194921616678
2.8810000000000002,0.182600880945794,-1.462298900417158,0.3146587103430569,-1.5777630811131995,-0.23418194921616678
2.882,0.18113768335227304,-1.4640938797609906,0.3130778413860405,-1.5808689570164096,-0.23418194921616678
2.883,0.1796726980029456,-1.4658744090893085,0.3114938696589968,-1.5839717270437166,-0.23418194921616678
2.884,0.1782059393566257,-1.467640470829006,0.3099067982646958,-1.5870713943009962,-0.23418194921616678
2.8850000000000002,0.17673742188962818,-1.469392047549768,0.30831669324281463,-1.5901050218811905,-0.23103494872476676
2.886,0.17526716009562923,-1.471129121964237,0.30672355762698084,-1.5931356158338046,-0.23103494872476676
2.887,0.17379516848551832,-1.4728516769281914,0.30512739444778836,-1.5961631791924662,-0.23103494872476676
2.888,0.17232146158725842,-1.4745596954407088,0.30352820673280057,-1.5991877149877691,-0.23103494872476676
2.8890000000000002,0.17084605394574165,-1.4762531606443359,0.3019259975065533,-1.6022092262472767,-0.23103494872476676
2.89,0.16936896012264577,-1.477932055825255,0.30032083387105946,-1.6051636354938537,-0.2278309236412086
2.891,0.1678901946962905,-1.4795963644134484,0.29871271878072825,-1.608115090331184,-0.2278309236412086
2.892,0.1664097722614936,-1.4812460699828622,0.2971016551870146,-1.611063593713677,-0.2278309236412086
2.8930000000000002,0.16492770742942597,-1.4828811562515696,0.2954876460384218,-1.6140091485927874,-0.2278309236412086
2.894,0.16344401482747084,-1.484501607081927,0.2938706942805048,-1.6169517579170187,-0.2278309236412086
2.895,0.16195870909907525,-1.4861074064807394,0.29225086806104705,-1.6198262194577413,-0.22457066493197522
2.896,0.16047180490360538,-1.4876985385994164,0.29062817025451015,-1.622697806536923,-0.22457066493197522
2.8970000000000002,0.15898331691620537,-1.4892749877341265,0.28900260373248116,-1.6255665220290256,-0.22457066493197522
2.898,0.1574932598276524,-1.4908367383259513,0.28737417136367555,-1.6284323688056361,-0.22457066493197522
2.899,0.15600164834420752,-1.4923837749610442,0.28574287601394005,-1.63129534973547,-0.22457066493197522
2.9,0.1545084971874739,-1.4939160823707778,0.28410878686000546,-1.6340891539346052,-0.22125497744352463
2.9010000000000002,0.15301382109424977,-1.4954336454318975,0.2824719066956759,-1.636880164329541,-0.22125497744352463
2.902,0.15151763481638733,-1.4969364491666663,0.2808322383119618,-1.639668383714082,-0.22125497744352463
2.903,0.15001995312063857,-1.49842447874302,0.27918978449708254,-1.6424538148792385,-0.22125497744352463
2.904,0.148520790788518,-1.4998977194747074,0.27754454803646933,-1.6452364606132297,-0.22125497744352463
2.9050000000000002,0.14702016261615178,-1.5013561568214373,0.27589659911872266,-1.6479489177466784,-0.21788467970309738
2.906,0.1455180834141358,-1.5027997763890206,0.2742459404562997,-1.6506586624229937,-0.21788467970309738
2.907,0.14401456800738457,-1.5042285639295159,0.27259257475894505,-1.6533656973546327,-0.21788467970309738
2.908,0.14250963123498814,-1.5056425053413667,0.2709365047336937,-1.65607002525134,-0.21788467970309738
2.9090000000000003,0.14100328795006487,-1.5070415866695424,0.2692777330848735,-1.6587716488201507,-0.21788467970309738
2.91,0.1394955530196149,-1.508425794105675,0.26761633099562787,-1.661402089245654,-0.2144606037161745
2.911,0.1379864413243732,-1.5097951139881955,0.2659523010963971,-1.6640298992307319,-0.2144606037161745
2.912,0.13647596775866305,-1.5111495328024704,0.26428564601499127,-1.6666550814058245,-0.2144606037161745
2.9130000000000003,0.13496414723024786,-1.5124890371809327,0.2626163683765925,-1.6692776383987422,-0.2144606037161745
2.914,0.13345099466018756,-1.5138136139032141,0.2609444708037579,-1.671897572834667,-0.2144606037161745
2.915,0.13193652498268632,-1.5151232498962774,0.25927002545660083,-1.6744453471570448,-0.21098359476062625
2.916,0.13042075314494844,-1.5164179322345441,0.25759303488289576,-1.6769905737051003,-0.21098359476062625
2.9170000000000003,0.12890369410702998,-1.5176976481400224,0.25591350162786913,-1.6795332550266078,-0.21098359476062625
2.918,0.12738536284169125,-1.518962384982433,0.25423142823420236,-1.6820733936667938,-0.21098359476062625
2.919,0.1258657743342488,-1.5202121302793337,0.25254681724203404,-1.6846109921683394,-0.21098359476062625
2.92,0.12434494358242774,-1.521446871696243,0.2508597417706343,-1.6870754713997227,-0.20745451117758365
2.9210000000000003,0.12282288559621275,-1.522666597046762,0.24917020428448242,-1.6895374861518746,-0.20745451117758365
2.922,0.12129961539770338,-1.5238712942926933,0.24747820724559313,-1.6919970388892744,-0.20745451117758365
2.923,0.11977514802096069,-1.5250609515441615,0.2457837531135192,-1.6944541320739368,-0.20745451117758365
2.924,0.1182494985118622,-1.52623555705973,0.24408684434535377,-1.6969087681654145,-0.20745451117758365
2.9250000000000003,0.11672268192795267,-1.5273950992465164,0.24238755500147333,-1.6992893438804317,-0.2038742241591328
2.926,0.11519471333829534,-1.5285395666603077,0.2406858874624536,-1.701667539019734,-0.2038742241591328
2.927,0.11366560782332337,-1.5296689480056724,0.2389818441064897,-1.704043355963897,-0.2038742241591328
2.928,0.11213538047469084,-1.5307832321360726,0.2372754273093986,-1.7064167970911157,-0.2038742241591328
2.9290000000000003,0.11060404639512304,-1.5318824080539746,0.2355666394446214,-1.7087878647772072,-0.2038742241591328
2.93,0.10907162069827084,-1.5329664649109542,0.2338555554953583,-1.7110839492630865,-0.2002436175328252
2.931,0.10753811850855723,-1.5340353920078083,0.23214217775769383,-1.7133777376644799,-0.2002436175328252
2.932,0.10600355496102795,-1.5350891787946588,0.23042650852541635,-1.7156692322774718,-0.2002436175328252
2.9330000000000003,0.10446794520120571,-1.536127814871056,0.2287085500900205,-1.7179584353958508,-0.2002436175328252
2.934,0.10293130438494061,-1.5371512899860795,0.22698830474070938,-1.7202453493111114,-0.2002436175328252
2.935,0.10139364767825629,-1.5381595940384443,0.22526584836499672,-1.7224563757126623,-0.19656358754310604
2.936,0.09985499025720365,-1.539152717076596,0.22354118317390892,-1.7246651910878117,-0.19656358754310604
2.9370000000000003,0.0983153473077094,-1.5401306492988114,0.22181431137626134,-1.726871797647586,-0.19656358754310604
2.938,0.09677473402543046,-1.5410933810532934,0.22008523517866055,-1.7290761976008007,-0.19656358754310604
2.939,0.09523316561559537,-1.5420409028382693,0.21835395678550648,-1.731278393154062,-0.19656358754310604
2.94,0.09369065729286284,-1.5429732053020815,0.21662055296989297,-1.7334038156135019,-0.19283504262969312
2.9410000000000003,0.09214722428116641,-1.5438902792432811,0.21488502585724248,-1.7355271126504823,-0.19283504262969312
2.942,0.09060288181356853,-1.544792115610718,0.21314737757085206,-1.7376482863904257,-0.19283504262969312
2.943,0.08905764513210501,-1.5456787055036316,0.21140761023189544,-1.739767338956629,-0.19283504262969312
2.944,0.08751152948763806,-1.5465500401717376,0.20966572595942518,-1.7418842724702663,-0.19283504262969312
2.945,0.0859645501397049,-1.5474061110153146,0.20792180239316332,-1.743923566261855,-0.18905890320295501
2.946,0.08441672235636717,-1.5482469095852889,0.20617584157240368,-1.7459608207596524,-0.18905890320295501
2.947,0.08286806141406018,-1.5490724275833183,0.20442784553440072,-1.7479960380029518,-0.18905890320295501
2.948,0.08131858259744222,-1.549882656861873,0.2026778163143717,-1.750029220029008,-0.18905890320295501
2.949,0.07976830119924368,-1.5506775894243179,0.20092575594549866,-1.752060368873038,-0.18905890320295501
2.95,0.07821723252011517,-1.5514572174249892,0.19917174291496617,-1.7540130305324921,-0.18523610141635233
2.951,0.07666539186848015,-1.5522215331692728,0.19741577917543587,-1.7559637395302867,-0.18523610141635233
2.952,0.07511279456037846,-1.552970529113681,0.19565786667761678,-1.7579124978190834,-0.18523610141635233
2.953,0.07355945591931871,-1.5537041978659265,0.1938980073702672,-1.7598593073495914,-0.18523610141635233
2.954,0.07200539127612621,-1.554422532184995,0.19213620320019661,-1.7618041700705689,-0.18523610141635233
2.955,0.07045061596879156,-1.5551255249812166,0.1903725334826774,-1.7636697175192184,-0.18136758093600444
2.956,0.06889514534231936,-1.555813169316336,0.18860700008325698,-1.7655333994204192,-0.18136758093600444
2.957,0.06733899474857671,-1.5564854584035814,0.18683960486561726,-1.767395217639719,-0.18136758093600444
2.958,0.06578217954614088,-1.5571423856077315,0.18507034969157646,-1.7692551740407993,-0.18136758093600444
2.959,0.06422471510015115,-1.557783944445179,0.18329923642109097,-1.7711132704854786,-0.18136758093600444
2.96,0.06266661678215195,-1.5584101285839977,0.18152634517794183,-1.772891243149142,-0.1774542967074338
2.961,0.06110789996994553,-1.5590209318440025,0.1797516777401017,-1.7746674378401415,-0.1774542967074338
2.962,0.05954858004743489,-1.559616348196813,0.17797523588376524,-1.77644185633645,-0.1774542967074338
2.963,0.0579886724044808,-1.560196371765909,0.17619702138335097,-1.7782145004142622,-0.1774542967074338
2.964,0.05642819243674106,-1.5607609968266924,0.17441703601150296,-1.7799853718479965,-0.1774542967074338
2.965,0.05486715554552295,-1.561310217806542,0.17263536068073243,-1.781675330770539,-0.17349721471952362
2.966,0.053305577137629484,-1.5618440292848685,0.17085199708099827,-1.783363599734159,-0.17349721471952362
2.967,0.05174347262521089,-1.5623624259931674,0.16906694690056945,-1.7850501804288152,-0.17349721471952362
2.968,0.05018085742560805,-1.5628654028150728,0.16728021182602668,-1.7867350745427768,-0.17349721471952362
2.969,0.048617746961200366,-1.5633529547864071,0.16549179354226404,-1.7884182837626246,-0.17349721471952362
2.97,0.04705415665925707,-1.5638250770952289,0.16370177373054987,-1.790019811714178,-0.16949731176579522
2.971,0.04549010195178497,-1.5642817650818812,0.1619101539924121,-1.7916197381377796,-0.16949731176579522
2.972,0.0439255982753717,-1.5647230142390385,0.16011693592777715,-1.7932180646349578,-0.16949731176579522
2.973,0.04236066107103693,-1.5651488202117494,0.15832212113497152,-1.7948147928056388,-0.16949731176579522
2.974,0.04079530578407908,-1.5655591787974807,0.15652571121072337,-1.796409924248149,-0.16949731176579522
2.975,0.039229547863922874,-1.5659540859461594,0.15472778858489541,-1.797922625827961,-0.16545557520300408
2.976,0.03766340276396686,-1.5663335377602108,0.15292835477018923,-1.7994338147061932,-0.16545557520300408
2.977,0.0360968859414309,-1.5666975304945991,0.1511274112777937,-1.8009434923955472,-0.16545557520300408
2.978,0.03453001285720271,-1.567046060556863,0.14932495961738648,-1.8024516604072116,-0.16545557520300408
2.979,0.03296279897568884,-1.5673791245071511,0.1475210012971356,-1.8039583202508644,-0.16545557520300408
2.98,0.031395259764656694,-1.5676967190582567,0.14571561947515085,-1.805381821984757,-0.1613730027071755
2.981,0.029827410695085453,-1.5679988410756502,0.14390881557493393,-1.8068039002169158,-0.1613730027071755
2.982,0.028259267241012465,-1.5682854875775087,0.1421005910185631,-1.8082245563708423,-0.1613730027071755
2.983,0.026690844879380532,-1.5685566557347475,0.14029094722669447,-1.809643791868615,-0.1613730027071755
2.984,0.025122159089885174,-1.5688123428710463,0.1384798856185636,-1.81106160813089,-0.1613730027071755
2.985,0.023553225354821825,-1.5690525464628757,0.13666749006000029,-1.8123955585633007,-0.1572506020270793
2.986,0.021984059158932156,-1.569277264139524,0.13485376188495501,-1.813728175045279,-0.1572506020270793
2.987,0.0204146759892548,-1.569486493683118,0.13303870242604424,-1.8150594589107754,-0.1572506020270793
2.988,0.018845091334967166,-1.5696802330286468,0.13122231301455184,-1.8163894114924062,-0.1572506020270793
2.989,0.017275320687236133,-1.5698584802639812,0.1294045949804304,-1.8177180341214554,-0.1572506020270793
2.99,0.01570537953906424,-1.5700212336298927,0.12758563287652835,-1.8189621039020392,-0.15308939073526345
2.991,0.014135283385136818,-1.5701684915200715,0.1257654279469155,-1.8202049296128424,-0.15308939073526345
2.992,0.01256504772166903,-1.5703002524811416,0.12394398143441757,-1.8214465124979349,-0.15308939073526345
2.993,0.010994688046252941,-1.570416515212676,0.12212129458061742,-1.8226868538001422,-0.15308939073526345
2.994,0.009424219857703685,-1.5705172785672077,0.12029736862585637,-1.8239259547610474,-0.15308939073526345
2.995,0.007853658655910032,-1.5706025415502431,0.11847228878913055,-1.8250798367258194,-0.1488903959766514
2.996,0.006283019941676096,-1.5706723033202716,0.11664605622432192,-1.8262325648086266,-0.1488903959766514
2.997,0.004712319216572782,-1.5707265631887726,0.11481867208415857,-1.827384140163351,-0.1488903959766514
2.998,0.003141571982779464,-1.5707653206202226,0.11299013752021585,-1.8285345639427206,-0.1488903959766514
2.999,0.0015707937429398676,-1.570788575232102,0.11116045368291753,-1.8296838372983109,-0.1488903959766514
3.0,1.8369701987210297e-16,-1.5707963267948966,0.10932970643637223,-1.8307472465453087,-0.14465465421481044
3.001,-0.0015707937429395003,-1.570788575232102,0.10749789684398917,-1.8318095923830597,-0.14465465421481044
3.0020000000000002,-0.0031415719827799847,-1.5707653206202226,0.1056650259681142,-1.832870875874973,-0.14465465421481044
3.003,-0.004712319216572415,-1.5707265631887726,0.1038310948700308,-1.8339310980833943,-0.14465465421481044
3.004,-0.0062830199416757295,-1.5706723033202716,0.10199610460996118,-1.834990260069607,-0.14465465421481044
3.005,-0.007853658655909665,-1.5706025415502431,0.10016014167593212,-1.8359629340290562,-0.1403832109759325
3.0060000000000002,-0.009424219857704206,-1.5705172785672075,0.09832320704061757,-1.8369346353145457,-0.1403832109759325
3.007,-0.010994688046252575,-1.570416515212676,0.09648530167571882,-1.8379053648987498,-0.1403832109759325
3.008,-0.012565047721668662,-1.5703002524811416,0.09464642655196545,-1.8388751237533696,-0.1403832109759325
3.009,-0.01413528338513645,-1.5701684915200715,0.09280658263911631,-1.8398439128491348,-0.1403832109759325
3.0100000000000002,-0.01570537953906476,-1.5700212336298927,0.09096585702776822,-1.8407256113480974,-0.1360771205905895
3.011,-0.017275320687235765,-1.5698584802639812,0.08912425059961965,-1.8416064281485611,-0.1360771205905895
3.012,-0.018845091334966802,-1.569680233028647,0.08728176423548742,-1.8424863641322244,-0.1360771205905895
3.013,-0.020414675989254432,-1.5694864936831183,0.08543839881530751,-1.843365420179904,-0.1360771205905895
3.0140000000000002,-0.021984059158932676,-1.569277264139524,0.08359415521813598,-1.8442435971715359,-0.1360771205905895
3.015,-0.023553225354821457,-1.569052546462876,0.08174912111564295,-1.8450341024930306,-0.13173744593331693
3.016,-0.025122159089884806,-1.5688123428710463,0.07990329729833374,-1.8458238173092039,-0.13173744593331693
3.017,-0.026690844879380168,-1.5685566557347477,0.07805668455592318,-1.846612742410561,-0.13173744593331693
3.0180000000000002,-0.028259267241012097,-1.5682854875775087,0.07620928367733637,-1.8474008785868168,-0.13173744593331693
3.019,-0.029827410695085085,-1.5679988410756502,0.07436109545070947,-1.8481882266268963,-0.13173744593331693
3.02,-0.031395259764656326,-1.5676967190582567,0.072512208107146,-1.8488873435634723,-0.12736525816013972
3.021,-0.03296279897568847,-1.5673791245071511,0.07066262234576288,-1.8495857613831117,-0.12736525816013972
3.0220000000000002,-0.03453001285720323,-1.5670460605568628,0.06881233886497795,-1.8502834807849313,-0.12736525816013972
3.023,-0.03609688594143053,-1.5666975304945991,0.0669613583625106,-1.8509805024673491,-0.12736525816013972
3.024,-0.03766340276396649,-1.566333537760211,0.06510968153538252,-1.8516768271280846,-0.12736525816013972
3.025,-0.039229547863922506,-1.5659540859461594,0.06325739715235268,-1.8522843830298372,-0.12296163644403249
3.0260000000000002,-0.040795305784078716,-1.5655591787974807,0.06140450582097699,-1.852891331375688,-0.12296163644403249
3.027,-0.042360661071036566,-1.5651488202117494,0.0595510081482038,-1.853497672773193,-0.12296163644403249
3.028,-0.04392559827537133,-1.5647230142390385,0.0576969047403745,-1.8541034078293006,-0.12296163644403249
3.029,-0.04549010195178461,-1.5642817650818814,0.05584219620322414,-1.854708537150352,-0.12296163644403249
3.0300000000000002,-0.04705415665925759,-1.5638250770952287,0.05398697182125677,-1.8552243819673702,-0.11852766770842647
3.031,-0.048617746961200005,-1.5633529547864073,0.0521312321103172,-1.8557397109395712,-0.11852766770842647
3.032,-0.05018085742560768,-1.5628654028150728,0.0502749775857344,-1.8562545245828002,-0.11852766770842647
3.033,-0.05174347262521052,-1.5623624259931677,0.04841820876232201,-1.8567688234123858,-0.11852766770842647
3.0340000000000003,-0.053305577137630004,-1.5618440292848683,0.046560926154378866,-1.857282607943142,-0.11852766770842647
3.035,-0.05486715554552258,-1.5613102178065421,0.04470321954011649,-1.8577066142623753,-0.11406444635882294
3.036,-0.056428192436740694,-1.5607609968266924,0.0428450893435412,-1.8581301965752894,-0.11406444635882294
3.037,-0.05798867240448044,-1.5601963717659093,0.04098653598823531,-1.8585533553058906,-0.11406444635882294
3.0380000000000003,-0.05954858004743541,-1.559616348196813,0.03912755989735755,-1.8589760908777613,-0.11406444635882294
3.039,-0.06110789996994516,-1.5590209318440027,0.03726816149364349,-1.85939840371406,-0.11406444635882294
3.04,-0.06266661678215159,-1.558410128583998,0.03540843102685289,-1.8597304667905974,-0.10957307401257153
3.041,-0.06422471510015079,-1.5577839444451793,0.03354836882904883,-1.8600621978040581,-0.10957307401257153
3.0420000000000003,-0.0657821795461414,-1.5571423856077313,0.031687975231962325,-1.8603935970865055,-0.10957307401257153
3.043,-0.06733899474857635,-1.5564854584035817,0.029827250566992654,-1.8607246649696705,-0.10957307401257153
3.044,-0.06889514534231898,-1.555813169316336,0.0279661951652077,-1.8610554017849523,-0.10957307401257153
3.045,-0.0704506159687912,-1.5551255249812168,0.026104899725639997,-1.8612954395677048,-0.10505465922687712
3.0460000000000003,-0.07200539127612672,-1.5544225321849947,0.024243364488327323,-1.8615352373126746,-0.10505465922687712
3.047,-0.07355945591931835,-1.5537041978659267,0.022381589693067423,-1.8617747952598995,-0.10505465922687712
3.048,-0.0751127945603781,-1.5529705291136813,0.020519575579418248,-1.8620141136491772,-0.10505465922687712
3.049,-0.07666539186847979,-1.5522215331692728,0.01865732238669818,-1.8622531927200656,-0.10505465922687712
3.0500000000000003,-0.07821723252011568,-1.551457217424989,0.016794921240826332,-1.8624011458718477,-0.10051031722510474
3.051,-0.07976830119924332,-1.550677589424318,0.014932372289755854,-1.862548951070478,-0.10051031722510474
3.052,-0.08131858259744186,-1.5498826568618733,0.013069675681291944,-1.8626966084639096,-0.10051031722510474
3.053,-0.08286806141405982,-1.5490724275833185,0.011206831563091997,-1.8628441181999478,-0.10051031722510474
3.0540000000000003,-0.08441672235636681,-1.548246909585289,0.009343840082665747,-1.86299148042625,-0.10051031722510474
3.055,-0.08596455013970454,-1.5474061110153148,0.007480792770327494,-1.863047312338253,-0.09594116962146002
3.056,-0.0875115294876377,-1.5465500401717376,0.005617689681909149,-1.863103088418344,-0.09594116962146002
3.057,-0.08905764513210465,-1.5456787055036318,0.0037545308731867944,-1.8631588087223547,-0.09594116962146002
3.0580000000000003,-0.09060288181356904,-1.5447921156107176,0.0018913163998807328,-1.8632144733060616,-0.09594116962146002
3.059,-0.09214722428116691,-1.5438902792432807,2.804631765554802e-05,-1.8632700822251846,-0.09594116962146002
3.06,-0.09369065729286248,-1.5429732053020817,-0.0018351874613702936,-1.8632337790258415,-0.09134834414410517
3.061,-0.09523316561559501,-1.5420409028382696,-0.0036983849734999914,-1.8631975121296978,-0.09134834414410517
3.0620000000000003,-0.0967747340254301,-1.5410933810532936,-0.0055615462550004414,-1.8631612815004501,-0.09134834414410517
3.063,-0.09831534730770991,-1.5401306492988112,-0.0074246713421022735,-1.863125087101832,-0.09134834414410517
3.064,-0.09985499025720329,-1.5391527170765962,-0.009287760270999885,-1.8630889288976122,-0.09134834414410517
3.065,-0.10139364767825593,-1.5381595940384445,-0.011150720770455735,-1.86296049945585,-0.08673297435676176
3.0660000000000003,-0.10293130438494112,-1.5371512899860795,-0.013013552968899264,-1.8628321984435294,-0.08673297435676176
3.067,-0.10446794520120621,-1.5361278148710558,-0.014876256994631486,-1.8627040257322212,-0.08673297435676176
3.068,-0.10600355496102759,-1.5350891787946592,-0.01673883297582511,-1.8625759811936242,-0.08673297435676176
3.069,-0.10753811850855687,-1.5340353920078085,-0.018601281040524675,-1.8624480646995658,-0.08673297435676176
3.0700000000000003,-0.10907162069827135,-1.5329664649109538,-0.02046350858114712,-1.8622275406224444,-0.08209619937890975
3.071,-0.11060404639512354,-1.5318824080539741,-0.02232551581821652,-1.8620072370694003,-0.08209619937890975
3.072,-0.11213538047469047,-1.530783232136073,-0.024187302972036428,-1.8617871538199091,-0.08209619937890975
3.073,-0.11366560782332301,-1.5296689480056727,-0.026048870262690094,-1.8615672906536673,-0.08209619937890975
3.074,-0.115194713338295,-1.528539566660308,-0.027910217910040686,-1.8613476473505919,-0.08209619937890975
3.075,-0.11672268192795317,-1.527395099246516,-0.029771252993016018,-1.8610350829753333,-0.07743916360460219
3.076,-0.11824949851186185,-1.5262355570597301,-0.03163197582418047,-1.86072283116445,-0.07743916360460219
3.077,-0.11977514802096033,-1.5250609515441618,-0.033492386715785846,-1.8604108916053774,-0.07743916360460219
3.078,-0.12129961539770304,-1.5238712942926935,-0.03535248597977171,-1.860099263985864,-0.07743916360460219
3.079,-0.12282288559621325,-1.5226665970467619,-0.03721227392776568,-1.8597879479939703,-0.07743916360460219
3.08,-0.12434494358242738,-1.521446871696243,-0.039071657348140054,-1.8593834203743764,-0.07276301642000525
3.081,-0.12586577433424845,-1.520212130279334,-0.04093063664542246,-1.8589792972824022,-0.07276301642000525
3.082,-0.12738536284169089,-1.5189623849824332,-0.04278921222373598,-1.8585755783135198,-0.07276301642000525
3.083,-0.12890369410702965,-1.5176976481400228,-0.044647384486799585,-1.8581722630636064,-0.07276301642000525
3.084,-0.13042075314494808,-1.5164179322345444,-0.046505153837928526,-1.8577693511289428,-0.07276301642000525
3.085,-0.13193652498268596,-1.5151232498962777,-0.04836242679794473,-1.8572729600162081,-0.06806891191971533
3.086,-0.1334509946601872,-1.5138136139032143,-0.05021920386323932,-1.8567770652945863,-0.06806891191971533
3.087,-0.13496414723024835,-1.5124890371809325,-0.052075485529707005,-1.856281666467686,-0.06806891191971533
3.088,-0.13647596775866272,-1.5111495328024707,-0.05393127229274662,-1.8557867630396125,-0.06806891191971533
3.089,-0.13798644132437288,-1.509795113988196,-0.05578656464726159,-1.8552923545149673,-0.06806891191971533
3.09,-0.13949555301961453,-1.5084257941056753,-0.05764126886959448,-1.8547042223328907,-0.06335800862191829
3.091,-0.14100328795006453,-1.5070415866695428,-0.05949538554787748,-1.854116678282996,-0.06335800862191829
3.092,-0.14250963123498778,-1.5056425053413671,-0.06134891526965463,-1.8535297217771514,-0.06335800862191829
3.093,-0.1440145680073842,-1.5042285639295163,-0.06320185862188245,-1.8529433522278125,-0.06335800862191829
3.094,-0.14551808341413544,-1.502799776389021,-0.06505421619093046,-1.852357569048023,-0.06335800862191829
3.095,-0.14702016261615228,-1.5013561568214369,-0.06690589403179309,-1.8516778408626242,-0.058631469182467796
3.096,-0.14852079078851765,-1.4998977194747076,-0.0687568928241985,-1.850998792405411,-0.058631469182467796
3.097,-0.1500199531206382,-1.4984244787430205,-0.07060721324719516,-1.850320422996655,-0.058631469182467796
3.098,-0.151517634816387,-1.4969364491666666,-0.07245685597915247,-1.8496427319573077,-0.058631469182467796
3.099,-0.15301382109425027,-1.495433645431897,-0.07430582169776147,-1.8489657186089996,-0.058631469182467796
3.1,-0.15450849718747353,-1.493916082370778,-0.07615401625985402,-1.8481945620925497,-0.053890460107957644
3.101,-0.15600164834420716,-1.4923837749610445,-0.07800144043658663,-1.8474241767326163,-0.053890460107957644
3.102,-0.15749325982765203,-1.4908367383259518,-0.07984809499834468,-1.8466545617580428,-0.053890460107957644
3.103,-0.15898331691620585,-1.489274987734126,-0.08169398071474313,-1.845885716398444,-0.053890460107957644
3.104,-0.16047180490360505,-1.4876985385994168,-0.08353909835462733,-1.8451176398842046,-0.053890460107957644
3.105,-0.1619587090990749,-1.4861074064807396,-0.08538335359990101,-1.8442552452736776,-0.049136151467855604
3.106,-0.1634440148274705,-1.4845016070819275,-0.08722674731295878,-1.843393713057761,-0.049136151467855604
3.107,-0.16492770742942645,-1.4828811562515691,-0.08906928035533283,-1.8425330423740602,-0.049136151467855604
3.108,-0.16640977226149326,-1.4812460699828627,-0.09091095358769388,-1.8416732323610432,-0.049136151467855604
3.109,-0.16789019469629016,-1.4795963644134489,-0.09275176786985193,-1.8408142821580393,-0.049136151467855604
3.11,-0.16936896012264543,-1.4779320558252553,-0.09459162873205992,-1.8398608622079964,-0.04436971660575183
3.111,-0.17084605394574215,-1.4762531606443354,-0.09643053712773783,-1.8389083956779033,-0.04436971660575183
3.112,-0.17232146158725808,-1.4745596954407092,-0.09826849400935217,-1.8379568816143403,-0.04436971660575183
3.113,-0.173795168485518,-1.472851676928192,-0.10010550032841702,-1.8370063190648411,-0.04436971660575183
3.114,-0.17526716009562887,-1.4711291219642377,-0.1019415570354949,-1.8360567070778913,-0.04436971660575183
3.115,-0.17673742188962868,-1.4693920475497675,-0.10377656953250271,-1.8350124970078099,-0.03959233184983044
3.116,-0.17820593935662538,-1.4676404708290065,-0.1056105388636505,-1.8339693311477987,-0.03959233184983044
3.117,-0.17967269800294527,-1.4658744090893088,-0.10744346607210414,-1.8329272084536474,-0.03959233184983044
3.118,-0.18113768335227268,-1.4640938797609908,-0.10927535219998634,-1.8318861278821903,-0.03959233184983044
3.119,-0.18260088094579366,-1.4622989004171583,-0.11110619828837764,-1.8308460883913047,-0.03959233184983044
3.12,-0.18406227634233863,-1.4604894887735327,-0.11293590963420501,-1.8297113458273653,-0.03480517622259037
3.121,-0.18552185511852506,-1.4586656626882764,-0.114764487372211,-1.8285777380059898,-0.03480517622259037
3.122,-0.1869796028688997,-1.4568274401618162,-0.11659193263600343,-1.8274452637924357,-0.03480517622259037
3.123,-0.18843550520608154,-1.454974839336666,-0.11841824655805652,-1.826313922053095,-0.03480517622259037
3.124,-0.18988954776090067,-1.4531078784972493,-0.12024343026971201,-1.8251837116554939,-0.03480517622259037
3.125,-0.19134171618254492,-1.4512265760697154,-0.12206738898627885,-1.823958716566837,-0.030009431149932264
3.126,-0.1927919961386982,-1.4493309506217595,-0.12389012393275212,-1.8227349464732687,-0.030009431149932264
3.1270000000000002,-0.1942403733156829,-1.4474210208624396,-0.12571163633290192,-1.8215124001497942,-0.030009431149932264
3.128,-0.19568683341860096,-1.4454968056419912,-0.12753192740927455,-1.820291076372643,-0.030009431149932264
3.129,-0.19713136217147517,-1.443558323951642,-0.1293509983831938,-1.819070973919269,-0.030009431149932264
3.13,-0.1985739453173899,-1.4416055949234234,-0.13116875441174256,-1.8177560285487424,-0.025206280169638523
3.1310000000000002,-0.20001456861863268,-1.4396386378299815,-0.13298519680986615,-1.8164423981235864,-0.025206280169638523
3.132,-0.20145321785683154,-1.4376574720843909,-0.134800326891195,-1.8151300813288556,-0.025206280169638523
3.133,-0.2028898788331001,-1.4356621172399566,-0.1366141459680459,-1.8138190768509195,-0.025206280169638523
3.134,-0.20432453736817455,-1.4336525929900255,-0.13842665535142337,-1.8125093833774613,-0.025206280169638523
3.1350000000000002,-0.20575717930255433,-1.4316289191677904,-0.14023776016359024,-1.811104812166871,-0.020396908639360667
3.136,-0.20718779049664193,-1.4295911157460952,-0.14204746180911773,-1.8097016455274912,-0.020396908639360667
3.137,-0.20861635683088242,-1.427539202837237,-0.14385576169117248,-1.808299882054751,-0.020396908639360667
3.138,-0.21004286420590282,-1.4254732006927675,-0.14566266121151797,-1.8068995203454834,-0.020396908639360667
3.1390000000000002,-0.21146729854265203,-1.4233931297032927,-0.1474681617705159,-1.8055005589979252,-0.020396908639360667
3.14,-0.21288964578253664,-1.421299010398276,-0.1492721684790237,-1.8040067085078102,-0.015582503444146786
3.141,-0.21430989188756439,-1.4191908634458286,-0.15107468283089187,-1.8025143518681854,-0.015582503444146786
3.142,-0.21572802284047882,-1.4170687096525105,-0.15287570631847708,-1.8010234875852003,-0.015582503444146786
3.1430000000000002,-0.21714402464490234,-1.4149325699631194,-0.15467524043264358,-1.799534114166498,-0.015582503444146786
3.144,-0.2185578833254664,-1.4127824654604955,-0.1564732866627648,-1.7980462301212143,-0.015582503444146786
3.145,-0.21996958492795743,-1.410618417365301,-0.15826975013170996,-1.7964634689451653,-0.010764252703611227
3.146,-0.22137911551945055,-1.4084404470358165,-0.16006463242224026,-1.7948822905302924,-0.010764252703611227
3.1470000000000002,-0.22278646118844864,-1.406248575967729,-0.1618579351155341,-1.7933026932938343,-0.010764252703611227
3.148,-0.22419160804501653,-1.4040428257939235,-0.1636496597911887,-1.7917246756546126,-0.010764252703611227
3.149,-0.22559454222092204,-1.401823218284264,-0.16543980802722172,-1.79014823603303,-0.010764252703611227
3.15,-0.22699524986977282,-1.3995897753453774,-0.1672282849819283,-1.788476954706573,-0.005943345478806414
3.1510000000000002,-0.22839371716714987,-1.397342519020444,-0.16901509232658973,-1.7868073446614425,-0.005943345478806414
3.152,-0.229789930310744,-1.3950814714889794,-0.1708002317308161,-1.7851394042263573,-0.005943345478806414
3.153,-0.23118387552049585,-1.3928066550666083,-0.17258370486254782,-1.7834731317317072,-0.005943345478806414
3.154,-0.23257553903872905,-1.3905180922048503,-0.17436551338805736,-1.7818085255095517,-0.005943345478806414
3.1550000000000002,-0.23396490713028648,-1.3882158054908973,-0.17614556252447097,-1.7800491364136195,-0.0011209714788619068
3.156,-0.23535196608266598,-1.3858998176473896,-0.17792385403117775,-1.778291506706783,-0.0011209714788619068
3.157,-0.2367367022061557,-1.3835701515321919,-0.1797003896658074,-1.7765356346296535,-0.0011209714788619068
3.158,-0.2381191018339691,-1.3812268301381685,-0.181475171184232,-1.774781518424601,-0.0011209714788619068
3.1590000000000003,-0.23949915132238075,-1.3788698765929541,-0.18324820034056777,-1.7730291563357536,-0.0011209714788619068
3.16,-0.24087683705085777,-1.3764993141587314,-0.18501938243416255,-1.7711820935947673,0.003701679232526664
3.161,-0.24225214542219903,-1.374115166231993,-0.18678871931207908,-1.769336877916522,0.003701679232526664
3.162,-0.24362506286266614,-1.371717456343317,-0.18855621281953303,-1.7674935074539548,0.003701679232526664
3.1630000000000003,-0.24499557582211817,-1.3693062081571314,-0.19032186479989488,-1.7656519803618504,0.003701679232526664
3.164,-0.2463636707741456,-1.3668814454714828,-0.1920856770946917,-1.763812294796838,0.003701679232526664
3.165,-0.24772933421620347,-1.3644431922177993,-0.19384755510886315,-1.7618780141714274,0.008523416530688083
3.166,-0.24909255266974506,-1.361991472460657,-0.19560750077668979,-1.7599456678266423,0.008523416530688083
3.1670000000000003,-0.25045331268035526,-1.3595263103975381,-0.197365516030518,-1.758015253828202,0.008523416530688083
3.168,-0.2518116008178806,-1.3570477303586004,-0.19912160280076174,-1.75608677024376,0.008523416530688083
3.169,-0.2531674036765664,-1.354555756806426,-0.20087576301590465,-1.7541602151429023,0.008523416530688083
3.17,-0.2545207078751857,-1.352050414335788,-0.20262790220982194,-1.752139193917288,0.01334305052357214
3.1710000000000003,-0.25587150005717246,-1.3495317276734058,-0.20437802240353484,-1.7501201937128992,0.01334305052357214
3.172,-0.2572197668907531,-1.3469997216776994,-0.20612612561604354,-1.7481032125087148,0.01334305052357214
3.173,-0.2585654950690784,-1.3444544213385456,-0.20787221386432927,-1.7460882482857347,0.01334305052357214
3.174,-0.25990867131035444,-1.3418958517770314,-0.20961628916335626,-1.7440752990269774,0.01334305052357214
3.1750000000000003,-0.26124928235797484,-1.3393240382452043,-0.2113582571992473,-1.7419680358910445,0.01815939184529476
3.176,-0.2625873149806482,-1.336739006125828,-0.21309812007926557,-1.7398628800182476,0.01815939184529476
3.177,-0.26392275597253345,-1.3341407809321244,-0.2148358799085669,-1.7377598293013234,0.01815939184529476
3.178,-0.2652555921533664,-1.331529388307529,-0.21657153879020202,-1.7356588816351162,0.01815939184529476
3.1790000000000003,-0.26658581036859436,-1.3289048540254282,-0.2183050988251186,-1.7335600349165752,0.01815939184529476
3.18,-0.2679133974894983,-1.3262672039889203,-0.22003646587496126,-1.7313670498426679,0.022971251949537086
3.181,-0.26923834041333,-1.3236164642305448,-0.2217656421327151,-1.7291762577538345,0.022971251949537086
3.182,-0.2705606260634377,-1.3209526609120328,-0.2234926297891722,-1.72698765645709,0.022971251949537086
3.1830000000000003,-0.2718802413893967,-1.3182758203240466,-0.22521743103293385,-1.7248012437616422,0.022971251949537086
3.184,-0.27319717336713495,-1.3155859688859244,-0.22694004805041273,-1.72261701747889,0.022971251949537086
3.185,-0.27451140899906545,-1.3128831331454145,-0.2286603869020061,-1.7203388515933564,0.02777744340273719
3.186,-0.2758229353142146,-1.3101673397784115,-0.2303784498658798,-1.7180629638737084,0.02777744340273719
3.1870000000000003,-0.2771317393683472,-1.307438615588699,-0.23209423921792158,-1.71578935204178,0.02777744340273719
3.188,-0.2784378082440941,-1.3046969875076866,-0.23380775723174327,-1.7135180138216835,0.02777744340273719
3.189,-0.2797411290510835,-1.3019424825941348,-0.23551900617868307,-1.7112489469398071,0.02777744340273719
3.19,-0.28104168892606524,-1.2991751280338955,-0.2372278923410724,-1.7088861623893272,0.03257678017700916
3.1910000000000003,-0.2823394750330391,-1.296394951139639,-0.2389344180816958,-1.7065257406233978,0.03257678017700916
3.192,-0.283634474563378,-1.293601979350594,-0.24063858576097502,-1.7041676792792342,0.03257678017700916
3.193,-0.28492667473596156,-1.2907962402322593,-0.24234039773697144,-1.7018119759964148,0.03257678017700916
3.194,-0.28621606279729506,-1.287977761476149,-0.24403985636538833,-1.6994586284168782,0.03257678017700916
3.1950000000000003,-0.2875026260216395,-1.285146570899509,-0.24573686817361795,-1.6970118082296073,0.03736807794270844
3.196,-0.288786351711134,-1.2823026964450503,-0.24743143560848047,-1.6945674348625235,0.03736807794270844
3.197,-0.29006722719592476,-1.2794461661806644,-0.24912356111434927,-1.6921255058688067,0.03736807794270844
3.198,-0.291345239834288,-1.2765770082991517,-0.25081324713315334,-1.6896860188040836,0.03736807794270844
3.1990000000000003,-0.29262037701275495,-1.2736952511179418,-0.25250049610437975,-1.6872489712264254,0.03736807794270844
3.2,-0.2938926261462364,-1.2708009230788153,-0.2541852148235477,-1.6847187191679875,0.042150154360569694
3.201,-0.29516197467814703,-1.267894052747621,-0.25586740582090933,-1.6821909973616083,0.042150154360569694
3.202,-0.2964284100805293,-1.2649746688139956,-0.2575470716241864,-1.6796658032770353,0.042150154360569694
3.203,-0.2976919198541771,-1.2620428000910797,-0.25922421475857294,-1.6771431343865468,0.042150154360569694
3.204,-0.2989524915287597,-1.2590984755152328,-0.2608988377467379,-1.6746229881649488,0.042150154360569694
3.205,-0.3002101126629422,-1.2561417241457526,-0.2625708476753272,-1.6720099285893169,0.046921829373350266
3.206,-0.30146477084451245,-1.2531725751645804,-0.26424024715740047,-1.6693994820732605,0.046921829373350266
3.207,-0.3027164536905007,-1.2501910578760171,-0.26590703880340416,-1.6667916460037202,0.046921829373350266
3.208,-0.30396514884730264,-1.2471972017064354,-0.26757122522117444,-1.6641864177702494,0.046921829373350266
3.209,-0.3052108439908011,-1.2441910362039867,-0.26923280901593943,-1.6615837947650123,0.046921829373350266
3.21,-0.306453526826488,-1.2411725910383111,-0.27089169758839976,-1.658888572460309,0.05168192549691317
3.211,-0.30769318508958543,-1.2381418960002433,-0.2725478936337777,-1.6561960453779105,0.05168192549691317
3.212,-0.3089298065451675,-1.2350989810015185,-0.2742013998446003,-1.6535062108225944,0.05168192549691317
3.213,-0.3101633789882782,-1.2320438760744825,-0.2758522189107021,-1.6508190661018336,0.05168192549691317
3.214,-0.3113938902440557,-1.2289766113717877,-0.2775003535192279,-1.6481346085257935,0.05168192549691317
3.215,-0.312621328167852,-1.2258972171660947,-0.279145711407783,-1.6453578885550546,0.05642926811066151
3.216,-0.31384568064535023,-1.2228057238497816,-0.2807882953530873,-1.6425839453042863,0.05642926811066151
3.217,-0.3150669355926845,-1.219702161934642,-0.2824281081290841,-1.639812775996769,0.05642926811066151
3.218,-0.3162850809565621,-1.2165865620515781,-0.28406515250694264,-1.6370443778585588,0.05642926811066151
3.219,-0.3175001047143801,-1.2134589549503025,-0.28569943125506114,-1.634278748118487,0.05642926811066151
3.22,-0.31871199487434526,-1.210319371499033,-0.28733085247071655,-1.6314212156554233,0.061162685747267964
3.221,-0.31992073947558886,-1.2071678426841963,-0.28895941901144134,-1.6285665407248224,0.061162685747267964
3.222,-0.32112632658829177,-1.2040043996101033,-0.29058513373191047,-1.6257147204691522,0.061162685747267964
3.223,-0.32232874431379516,-1.2008290734986629,-0.2922079994839442,-1.6228657520337377,0.061162685747267964
3.224,-0.3235279807847222,-1.1976418956890595,-0.29382801911651096,-1.6200196325667586,0.061162685747267964
3.225,-0.32472402416509183,-1.194442897637455,-0.2954451011092375,-1.6170819927265594,0.06588101038162933
3.226,-0.32591686265043934,-1.191232110916667,-0.2970592483997637,-1.6141472905262002,0.06588101038162933
3.227,-0.3271064844679304,-1.1880095672158641,-0.2986704639227918,-1.6112155230280414,0.06588101038162933
3.228,-0.32829287787647804,-1.1847752983402515,-0.3002787506100892,-1.6082866872973807,0.06588101038162933
3.229,-0.3294760311668582,-1.1815293362107575,-0.30188411139049165,-1.6053607804024508,0.06588101038162933
3.23,-0.3306559326618256,-1.1782717128637177,-0.3034864551485593,-1.6023437580676694,0.07058307771895206
3.231,-0.33183257071622885,-1.1750024604505596,-0.30508578490131455,-1.5993297527552226,0.07058307771895206
3.232,-0.33300593371712595,-1.1717216112374824,-0.30668210366276266,-1.5963187614480883,0.07058307771895206
3.233,-0.33417601008389664,-1.1684291976051477,-0.30827541444389495,-1.593310781132261,0.07058307771895206
3.234,-0.33534278826836006,-1.1651252520483464,-0.3098657202526917,-1.5903058087967499,0.07058307771895206
3.235,-0.3365062567548866,-1.1618098071756875,-0.31145293040113003,-1.5872101484383145,0.07526772748192892
3.236,-0.33766640406051207,-1.1584828957092734,-0.31303704798487025,-1.5841175837402377,0.07526772748192892
3.237,-0.33882321873505095,-1.1551445504843771,-0.31461807609647713,-1.581028111606859,0.07526772748192892
3.238,-0.33997668936120934,-1.1517948044491182,-0.3161960178254227,-1.5779417289456135,0.07526772748192892
3.239,-0.3411268045546979,-1.1484336906641377,-0.31777087625808975,-1.5748584326670292,0.07526772748192892
3.24,-0.3422735529643446,-1.14506124230227,-0.31934256115625015,-1.571684898160424,0.0799338036969181
3.241,-0.3434169232722043,-1.1416774926482227,-0.32091107569343846,-1.5685145371883251,0.0799338036969181
3.242,-0.34455690419367435,-1.1382824750982365,-0.32247642304001567,-1.5653473465771985,0.0799338036969181
3.243,-0.34569348447760323,-1.1348762231597647,-0.32403860636317233,-1.562183323156683,0.0799338036969181
3.244,-0.34682665290640247,-1.1314587704511379,-0.32559762882693194,-1.559022463759588,0.0799338036969181
3.245,-0.34795639829615704,-1.1280301507012356,-0.3271534006651282,-1.5557718381962473,0.0845801549790555
3.246,-0.34908270949673614,-1.1245903977491498,-0.3287059251283867,-1.55252446325847,0.0845801549790555
3.247,-0.35020557539190295,-1.1211395455438538,-0.3302552054640823,-1.5492803356956304,0.0845801549790555
3.248,-0.35132498489942493,-1.1176776281438636,-0.33180124491634266,-1.5460394522603536,0.0845801549790555
3.249,-0.35244092697118096,-1.1142046797169105,-0.33334404672605117,-1.542801809708512,0.0845801549790555
3.25,-0.35355339059327395,-1.1107207345395909,-0.3348835216212536,-1.539474895202479,0.08920563481623081
3.251,-0.35466236478613644,-1.1072258269970396,-0.3364196729288646,-1.5361513076109519,0.08920563481623081
3.2520000000000002,-0.3557678386046427,-1.103719991582577,-0.3379525039724716,-1.5328310436070163,0.08920563481623081
3.253,-0.35686980113821065,-1.1002032628973897,-0.3394820180723387,-1.5295140998670846,0.08920563481623081
3.254,-0.3579682415109155,-1.096675675650167,-0.3410082185454096,-1.526200473070893,0.08920563481623081
3.255,-0.35906314888159424,-1.0931372646567719,-0.34253101663597035,-1.5227980905607847,0.093809101851867
3.2560000000000002,-0.3601545124439538,-1.08958806483989,-0.34405041574640355,-1.5193991104331865,0.093809101851867
3.257,-0.3612423214266746,-1.0860281112286965,-0.34556641927568926,-1.516003529285716,0.093809101851867
3.258,-0.36232656509352296,-1.0824574389584904,-0.34707903061940865,-1.5126113437193929,0.093809101851867
3.259,-0.363407232743451,-1.0788760832703677,-0.3485882531697473,-1.509222550338636,0.093809101851867
3.2600000000000002,-0.3644843137107059,-1.0752840795108607,-0.35009399870913227,-1.505745539384969,0.09838942016641541
3.261,-0.3655577973649321,-1.071681463131601,-0.3515962707145745,-1.5022720054422558,0.09838942016641541
3.262,-0.36662767311128,-1.0680682696889554,-0.353095072659608,-1.4988019450334853,0.09838942016641541
3.263,-0.36769393039050785,-1.0644445348436844,-0.3545904080142931,-1.4953353546851236,0.09838942016641541
3.2640000000000002,-0.3687565586790868,-1.0608102943605884,-0.3560822802452202,-1.4918722309271102,0.09838942016641541
3.265,-0.3698155474893046,-1.0571655841081533,-0.35757060169472527,-1.4883214495050328,0.10294545955751824
3.266,-0.3708708863693693,-1.0535104400581983,-0.35905537591358966,-1.4847742188643773,0.10294545955751824
3.267,-0.37192256490351217,-1.049844898285519,-0.360536606449044,-1.4812305354543627,0.10294545955751824
3.2680000000000002,-0.3729705727120913,-1.0461689949675315,-0.36201429684477177,-1.4776903957277578,0.10294545955751824
3.269,-0.37401489945169136,-1.042482766383921,-0.3634884506409126,-1.4741537961408797,0.10294545955751824
3.27,-0.3750555348152298,-1.0387862489162736,-0.364958980761341,-1.4705301204283638,0.10747609581874748
3.271,-0.3760924685320557,-1.0350794790477242,-0.36642589082973254,-1.4669100683915606,0.10747609581874748
3.2720000000000002,-0.3771256903680518,-1.0313624933625953,-0.36788918446613933,-1.463293636406794,0.10747609581874748
3.273,-0.37815519012573584,-1.027635328546035,-0.36934886528699334,-1.4596808208540124,0.10747609581874748
3.274,-0.3791809576443607,-1.0238980213836548,-0.3708049369051101,-1.4560716181167834,0.10747609581874748
3.275,-0.3802029828000152,-1.020150608761168,-0.37225731284738844,-1.4523759422783291,0.1119802110168745
3.2760000000000002,-0.38122125550572417,-1.0163931276640221,-0.37370599680950417,-1.4486839621157133,0.1119802110168745
3.277,-0.382235765711546,-1.0126256151770427,-0.3751509924834374,-1.4449956739332601,0.1119802110168745
3.278,-0.38324650340467503,-1.008848108484055,-0.3765923035574764,-1.4413110740389894,0.1119802110168745
3.279,-0.38425345860953836,-1.0050606448675252,-0.378029933716221,-1.437630158744613,0.1119802110168745
3.2800000000000002,-0.38525662138789457,-1.0012632617081896,-0.37946379711093153,-1.4338633947105168,0.11645669376757989
3.281,-0.3862559818389321,-0.9974559964846875,-0.380893897508372,-1.4301003974404547,0.11645669376757989
3.282,-0.3872515300993668,-0.9936388867731893,-0.38232023867153964,-1.4263411631676626,0.11645669376757989
3.283,-0.38824325634353907,-0.989811970247027,-0.3837428243596688,-1.4225856881291432,0.11645669376757989
3.2840000000000003,-0.389231150783512,-0.9859752846763196,-0.38516165832823446,-1.4188339685656626,0.11645669376757989
3.285,-0.3902152036691651,-0.9821288679276087,-0.38657665537404134,-1.4149970458069059,0.12090443950955485
3.286,-0.3911954052882942,-0.9782727579634729,-0.3879878193340123,-1.4111639599709078,0.12090443950955485
3.287,-0.39217174596670457,-0.9744069928421627,-0.38939515404123304,-1.4073347072207458,0.12090443950955485
3.2880000000000003,-0.3931442160683095,-0.970531610717213,-0.3907986633249564,-1.403509283723334,0.12090443950955485
3.289,-0.39411280599522003,-0.9666466498370871,-0.3921983510106058,-1.3996876856494196,0.12090443950955485
3.29,-0.3950775061878451,-0.9627521485447784,-0.393594132561554,-1.3957815509482319,0.12532235077691375
3.291,-0.3960383071249834,-0.9588481452774423,-0.3949860118839358,-1.3918793223817454,0.12532235077691375
3.2920000000000003,-0.396995199323918,-0.9549346785660127,-0.3963739928799796,-1.3879809960438254,0.12532235077691375
3.293,-0.3979481733405077,-0.9510117870348329,-0.39775807944801184,-1.3840865680322434,0.12532235077691375
3.294,-0.3988972197692852,-0.9470795094012516,-0.3991382754824605,-1.3801960344486728,0.12532235077691375
3.295,-0.3998423292435449,-0.9431378844752643,-0.40051449713412535,-1.3762216516648271,0.12970933746985375
3.2960000000000003,-0.40078349243543837,-0.9391869511591151,-0.40188674837738914,-1.3722512432637652,0.12970933746985375
3.297,-0.40172070005606386,-0.9352267484469251,-0.40325503318266026,-1.3682848052711043,0.12970933746985375
3.298,-0.402653942855561,-0.9312573154242945,-0.4046193555163767,-1.364322333716436,0.12970933746985375
3.299,-0.4035832116232001,-0.9272786912679243,-0.40597971934101,-1.3603638246333225,0.12970933746985375
3.3000000000000003,-0.4045084971874736,-0.9232909152452289,-0.40733604151547625,-1.356322174466219,0.1340643171235009
3.301,-0.40542979041618654,-0.9192940267139476,-0.4086883260814255,-1.3522845659492828,0.1340643171235009
3.302,-0.40634708221654675,-0.9152880651217566,-0.4100365770764664,-1.3482509950408634,0.1340643171235009
3.303,-0.4072603635352544,-0.9112730700058798,-0.41138079853416976,-1.3442214577033524,0.1340643171235009
3.3040000000000003,-0.40816962535859214,-0.9072490809926953,-0.41272099448407296,-1.340195949903179,0.1340643171235009
3.305,-0.4090748587125118,-0.9032161377973551,-0.41405708251372275,-1.3360880296497784,0.13838621517486946
3.306,-0.40997605466272624,-0.8991742802233779,-0.41538906673103937,-1.3319842173166312,0.13838621517486946
3.307,-0.4108732043147951,-0.8951235481622664,-0.4167169512398352,-1.327884508795817,0.13838621517486946
3.3080000000000003,-0.41176629881421367,-0.8910639815931104,-0.41804074013981873,-1.323788899983524,0.13838621517486946
3.309,-0.4126553293464997,-0.8869956205821932,-0.4193604375265988,-1.319697386780043,0.13838621517486946
3.31,-0.41354028713728075,-0.8829185052825953,-0.4206759617366875,-1.3155242100887055,0.1426739652278704
3.311,-0.4144211634523807,-0.8788326759337991,-0.4219873169432615,-1.3113552065740592,0.1426739652278704
3.3120000000000003,-0.41529794959790656,-0.8747381728612881,-0.4232945073153245,-1.3071903720629279,0.1426739652278704
3.313,-0.4161706369203319,-0.8706350364761595,-0.4245975370177108,-1.3030297023863076,0.1426739652278704
3.314,-0.4170392168065857,-0.8665233072747103,-0.42589641021109015,-1.2988731933793638,0.1426739652278704
3.315,-0.4179036806841352,-0.8624030258380481,-0.4271910460010898,-1.2946357899996583,0.14692650931630463
3.3160000000000003,-0.4187640200210709,-0.8582742328316868,-0.42848144862511317,-1.2904026240233326,0.14692650931630463
3.317,-0.4196202263261908,-0.854136969005147,-0.42976762231632615,-1.286173691212983,0.14692650931630463
3.318,-0.42047229114908447,-0.8499912751915522,-0.4310495713036616,-1.281948987335444,0.14692650931630463
3.319,-0.421320206080216,-0.8458371923072265,-0.4323272998118234,-1.2777285081617824,0.14692650931630463
3.3200000000000003,-0.4221639627510078,-0.8416747613512887,-0.4336007277355137,-1.273427923690325,0.15114279816477924
3.321,-0.4230035528339213,-0.8375040234052565,-0.4348698593753171,-1.269131639803339,0.15114279816477924
3.322,-0.4238389680425418,-0.8333250196326274,-0.43613469902751734,-1.26483965220024,0.15114279816477924
3.323,-0.4246702001316579,-0.8291377912784839,-0.4373952509841021,-1.2605519565847443,0.15114279816477924
3.3240000000000003,-0.425497240897346,-0.824942379669072,-0.43865151953276693,-1.256268548664864,0.15114279816477924
3.325,-0.42632008217704614,-0.8207388262114179,-0.4399034253770542,-1.2519058442872495,0.15532179144747538
3.326,-0.4271387158496475,-0.816527172392895,-0.4411509728796682,-1.2475475026140128,0.15532179144747538
3.327,-0.42795313383556643,-0.8123074597808256,-0.44239416639895063,-1.2431935192824493,0.15532179144747538
3.3280000000000003,-0.42876332809682643,-0.8080797300220678,-0.44363301028888485,-1.2388438899342173,0.15532179144747538
3.329,-0.42956929063713645,-0.803844024842612,-0.4448675088991002,-1.2344986102153337,0.15532179144747538
3.33,-0.4303710135019716,-0.7996003860471583,-0.4460975837615444,-1.2300748624442241,0.15946245804470982
3.331,-0.4311684887786517,-0.7953488555187037,-0.4473232392999653,-1.2256555384208858,0.15946245804470982
3.332,-0.4319617085964173,-0.7910894752181405,-0.4485444799336869,-1.2212406337215707,0.15946245804470982
3.333,-0.43275066512650956,-0.7868222871838302,-0.44976131007761383,-1.2168301439269549,0.15946245804470982
3.334,-0.433535350582245,-0.7825473335312008,-0.45097373414223596,-1.2124240646221338,0.15946245804470982
3.335,-0.4343157572190956,-0.7782646564523165,-0.45218167450726754,-1.2079403650315672,0.16356377629722593
3.336,-0.43509187733476273,-0.7739742982154713,-0.45338513565640814,-1.203461149140591,0.16356377629722593
3.337,-0.43586370326925433,-0.7696763011647687,-0.45458412206887366,-1.198986412465506,0.16356377629722593
3.338,-0.4366312274049599,-0.7653707077197045,-0.45577863821940073,-1.194516150527096,0.16356377629722593
3.339,-0.4373944421667262,-0.7610575603747478,-0.45696868857825135,-1.1900503588506244,0.16356377629722593
3.34,-0.4381533400219315,-0.7567369016989216,-0.45815419639205796,-1.1855078138066109,0.1676247342581505
3.341,-0.43890791348056096,-0.7524087743353801,-0.4593351662033656,-1.1809698113076412,0.1676247342581505
3.342,-0.43965815509527817,-0.7480732210009983,-0.4605116025501768,-1.1764363468111705,0.1676247342581505
3.343,-0.4404040574615018,-0.7437302844859344,-0.46168350996595603,-1.1719074157791962,0.1676247342581505
3.344,-0.4411456132174766,-0.7393800076532188,-0.4628508929796343,-1.167383013678254,0.1676247342581505
3.345,-0.4418828150443466,-0.7350224334383273,-0.4640136757237,-1.1627827440657246,0.1716443299425533
3.346,-0.44261565566622746,-0.7306576048487584,-0.4651718627984228,-1.1581870747228078,0.1716443299425533
3.347,-0.4433441278502781,-0.7262855649636081,-0.46632545879947207,-1.1535960010492339,0.1716443299425533
3.348,-0.44406822440677207,-0.7219063569331449,-0.4674744683179214,-1.1490095184493336,0.1716443299425533
3.349,-0.4447879381891691,-0.7175200239783818,-0.4686188959402534,-1.1444276223320333,0.1716443299425533
3.35,-0.44550326209418406,-0.7131266093906589,-0.4697586667035316,-1.1397707632782104,0.17562157157455102
3.351,-0.446214189061859,-0.7087261565312022,-0.47089378526461506,-1.1351185610834411,0.17562157157455102
3.352,-0.4469207120756315,-0.7043187088307075,-0.47202425627570593,-1.1304710110908667,0.17562157157455102
3.353,-0.4476228241624058,-0.6999043097888964,-0.47315008438435424,-1.1258281086482849,0.17562157157455102
3.354,-0.4483205183926179,-0.695483002974113,-0.4742712742334624,-1.1211898491081456,0.17562157157455102
3.355,-0.4490137878803077,-0.6910548320228683,-0.4753877517831648,-1.1164775497023995,0.1795554778318925
3.356,-0.4497026257831854,-0.6866198406394216,-0.4764995217457608,-1.1117699625960593,0.1795554778318925
3.357,-0.45038702530269925,-0.6821780725953448,-0.47760658882883766,-1.1070670830768254,0.1795554778318925
3.358,-0.4510669796841016,-0.6777295717291005,-0.4787089577352748,-1.1023689064371107,0.1795554778318925
3.359,-0.45174248221651714,-0.6732743819455962,-0.4798066331632488,-1.0976754279740357,0.1795554778318925
3.36,-0.45241352623300946,-0.6688125472157516,-0.4808995420142331,-1.0929088509843023,0.1834450780879639
3.361,-0.45308010511064495,-0.6643441115760738,-0.48198768905480466,-1.0881470405715588,0.1834450780879639
3.362,-0.45374221227055844,-0.659869119128224,-0.4830710790467739,-1.083389991969228,0.1834450780879639
3.363,-0.45439984117802,-0.6553876140385682,-0.4841497167471894,-1.0786377004154994,0.1834450780879639
3.364,-0.4550529853424977,-0.6508996405377526,-0.4852236069083427,-1.0738901611533247,0.1834450780879639
3.365,-0.45570163831772287,-0.6464052429202611,-0.48629267739108184,-1.0690704827391482,0.18728941265115875
3.366,-0.4563457937017512,-0.6419044655439915,-0.4873569330150852,-1.0642556240033858,0.18728941265115875
3.367,-0.4569854451370304,-0.6373973528297917,-0.4884163785952116,-1.0594455801263591,0.18728941265115875
3.368,-0.45762058631045854,-0.6328839492610472,-0.4894710189415048,-1.0546403462932097,0.18728941265115875
3.369,-0.45825121095344906,-0.6283642993832266,-0.4905208588591987,-1.0498399176938933,0.18728941265115875
3.37,-0.45887731284199057,-0.6238384478034545,-0.49156582718631486,-1.0449683271161685,0.1910875330015479
3.371,-0.45949888579671067,-0.6193064391900563,-0.49260592879444387,-1.0401016081290213,0.1910875330015479
3.372,-0.46011592368293514,-0.6147683182721275,-0.4936411685503047,-1.0352397558608613,0.1910875330015479
3.373,-0.46072842041074913,-0.6102241298390894,-0.4946715513157497,-1.0303827654449695,0.1910875330015479
3.374,-0.4613363699350573,-0.6056739187402472,-0.4956970819477692,-1.0255306320194937,0.1910875330015479
3.375,-0.4619397662556432,-0.6011177298843475,-0.49671769027911616,-1.0206083313469783,0.1948385020247958
3.376,-0.4625386034172288,-0.5965556082391348,-0.4977333812320913,-1.0156909529751355,0.1948385020247958
3.3770000000000002,-0.4631328755095334,-0.5919875988309056,-0.498744159724073,-1.0107784919816645,0.1948385020247958
3.378,-0.46372257666733074,-0.5874137467440734,-0.49975003066752216,-1.0058709434491868,0.1948385020247958
3.379,-0.46430770107050867,-0.5828340971207095,-0.5007509989699874,-1.0009683024652418,0.1948385020247958
3.38,-0.4648882429441257,-0.5782486951601066,-0.5017469954762653,-0.9959965062779113,0.19854139424326409
3.3810000000000002,-0.4654641965584678,-0.573657586118331,-0.5027380251581521,-0.9910296818867681,0.19854139424326409
3.382,-0.4660355562291054,-0.5690608153077752,-0.5037240929824721,-0.986067824320016,0.19854139424326409
3.383,-0.46660231631694915,-0.5644584280967115,-0.504705203911083,-0.9811109286108307,0.19854139424326409
3.384,-0.46716447122830584,-0.5598504699088436,-0.5056813629008803,-0.9761589897973546,0.19854139424326409
3.3850000000000002,-0.4677220154149338,-0.5552369862228559,-0.5066525018257669,-0.9711389248866724,0.20219529604424258
3.386,-0.46827494337409625,-0.550618022571975,-0.5076186257058078,-0.9661238800409009,0.20219529604424258
3.387,-0.4688232496486179,-0.5459936245435048,-0.5085797395560478,-0.9611138502399751,0.20219529604424258
3.388,-0.4693669288269371,-0.5413638377783868,-0.5095358483865167,-0.9561088304688503,0.20219529604424258
3.3890000000000002,-0.4699059755431598,-0.5367287079707476,-0.5104869572022341,-0.9511088157174966,0.20219529604424258
3.39,-0.47044038447711267,-0.5320882808674466,-0.5114329989230179,-0.946041720783674,0.2057993059052579
3.391,-0.47097015035439527,-0.5274426022676263,-0.5123739786159627,-0.9409796929447851,0.2057993059052579
3.392,-0.47149526794643215,-0.5227917180222589,-0.5133099013430964,-0.9359227271337351,0.2057993059052579
3.3930000000000002,-0.472015732070525,-0.5181356740336914,-0.5142407721613849,-0.9308708182884963,0.2057993059052579
3.394,-0.4725315375899025,-0.5134745162552037,-0.515166596122737,-0.9258239613521027,0.2057993059052579
3.395,-0.4730426794137725,-0.5088082906905412,-0.5160873072094354,-0.9207110866984226,0.20935253461639738
3.396,-0.4735491524973719,-0.5041370433934613,-0.5170029105343548,-0.9156033249193962,0.20935253461639738
3.3970000000000002,-0.474050951842016,-0.4994608204672888,-0.5179134112052569,-0.9105006709021489,0.20935253461639738
3.398,-0.4745480724951473,-0.49477966806446133,-0.5188188143247958,-0.9054031195389188,0.20935253461639738
3.399,-0.47504050955038585,-0.49009363238606074,-0.5197191249905229,-0.900310665727052,0.20935253461639738
3.4,-0.4755282581475767,-0.48540275968136726,-0.5206142782634742,-0.895153272951333,0.2128541054995977
3.4010000000000002,-0.4760113134728385,-0.4807070962473981,-0.5215042793010426,-0.8900010375683897,0.2128541054995977
3.402,-0.47648967075860926,-0.4760066884284636,-0.5223891332554634,-0.8848539544208294,0.2128541054995977
3.403,-0.4769633252836966,-0.4713015826156834,-0.5232688452738199,-0.8797120183564165,0.2128541054995977
3.404,-0.4774322723733213,-0.4665918252465548,-0.524143420498048,-0.8745752242280682,0.2128541054995977
3.4050000000000002,-0.4778965073991651,-0.4618774628044793,-0.5250127950839593,-0.8693745859113433,0.21630315462484237
3.406,-0.4783560257794153,-0.45715854181831583,-0.5258769742321922,-0.8641791482329351,0.21630315462484237
3.407,-0.4788108229788111,-0.45243510886190713,-0.5267359631381844,-0.8589889059922052,0.21630315462484237
3.408,-0.4792608945086879,-0.44770721055362933,-0.5275897669921781,-0.8538038539937162,0.21630315462484237
3.4090000000000003,-0.4797062359270214,-0.44297489355593006,-0.5284383909792253,-0.8486239870472256,0.21630315462484237
3.41,-0.4801468428384715,-0.4382382045748677,-0.529281772365665,-0.8433813864397142,0.21969883102321502
3.411,-0.48058271089442584,-0.43349719035965,-0.5301199163940978,-0.8381440284328101,0.21969883102321502
3.412,-0.4810138357930428,-0.4287518977021734,-0.5309528283018817,-0.832911907783913,0.21969883102321502
3.4130000000000003,-0.48144021327929387,-0.424002373436558,-0.5317805133211374,-0.8276850192556647,0.21969883102321502
3.414,-0.4818618391450049,-0.419248664438696,-0.5326029766787533,-0.8224633576159448,0.21969883102321502
3.415,-0.4822787092288991,-0.4144908176257736,-0.5334201567670738,-0.8171800883203937,0.22304029689675983
3.416,-0.48269081941663694,-0.409728879955818,-0.5342320588693679,-0.8119021022941381,0.22304029689675983
3.4170000000000003,-0.48309816564085734,-0.4049628984272314,-0.5350386882636218,-0.8066293942539087,0.22304029689675983
3.418,-0.4835007438812175,-0.4001929200783275,-0.5358400502225434,-0.8013619589217196,0.22304029689675983
3.419,-0.4838985501644327,-0.39541899198686686,-0.5366361500135683,-0.7960997910248626,0.22304029689675983
3.42,-0.4842915805643155,-0.39064116126959236,-0.5374269271702456,-0.7907771566773361,0.22632672782508678
3.4210000000000003,-0.48467983120181474,-0.38585947508176166,-0.5382123870152098,-0.785459844964157,0.22632672782508678
3.422,-0.485063298245053,-0.3810739806166924,-0.5389925348657725,-0.7801478505626911,0.22632672782508678
3.423,-0.48544197790936555,-0.3762847251052802,-0.5397673760339281,-0.7748411681556266,0.22632672782508678
3.424,-0.485815866457337,-0.37149175581554356,-0.5405369158263591,-0.7695397924309693,0.22632672782508678
3.4250000000000003,-0.4861849601988383,-0.3666951200521543,-0.5413010949327383,-0.7641791063791645,0.22955731296868612
3.426,-0.48654925549106326,-0.3618948651559709,-0.5420599187137517,-0.7588237810134116,0.22955731296868612
3.427,-0.4869087487385644,-0.3570910385035713,-0.5428133925247247,-0.7534738109730245,0.22955731296868612
3.428,-0.4872634363932885,-0.3522836875067851,-0.5435615217156274,-0.7481291909026777,0.22955731296868612
3.4290000000000003,-0.4876133149546118,-0.3474728596122233,-0.5443043116310798,-0.7427899154524014,0.22955731296868612
3.43,-0.4879583809693738,-0.34265860230082024,-0.5450417041315114,-0.7373925004315712,0.23273125526888647
3.431,-0.4882986310319122,-0.337840963087352,-0.5457737046143372,-0.7320004828257619,0.23273125526888647
3.432,-0.4886340617840966,-0.33301998951996736,-0.5465003184715748,-0.7266138572375584,0.23273125526888647
3.4330000000000003,-0.4889646699153609,-0.32819572917972906,-0.5472215510898497,-0.7212326182749431,0.23273125526888647
3.434,-0.48929045216273603,-0.32336822968014434,-0.547937407850401,-0.7158567605512904,0.23273125526888647
3.435,-0.4896114053108829,-0.31853753866668183,-0.5486478317987589,-0.7104239483578507,0.23584777164441886
3.436,-0.4899275261921234,-0.31370370381631146,-0.5493528283677355,-0.7049965689766045,0.23584777164441886
3.4370000000000003,-0.4902388116864723,-0.30886677283702896,-0.5500524029847103,-0.6995746169747394,0.23584777164441886
3.438,-0.490545258721667,-0.30402679346739864,-0.5507465610716351,-0.6941580869248763,0.23584777164441886
3.439,-0.49084686427319935,-0.2991838134760546,-0.5514353080450402,-0.6887469734050631,0.23584777164441886
3.44,-0.49114362536434425,-0.294337880661257,-0.5521185881496081,-0.6832801045679674,0.23890609318453362
3.4410000000000003,-0.49143553906618964,-0.2894890428504035,-0.5527964068522079,-0.6778187025997088,0.23890609318453362
3.442,-0.49172260249766486,-0.28463734789957124,-0.5534687696142413,-0.6723627620334184,0.23890609318453362
3.443,-0.4920048128255699,-0.27978284369302797,-0.554135681891649,-0.6669122774076943,0.23890609318453362
3.444,-0.49228216726460267,-0.27492557814277035,-0.5547971491349155,-0.661467243266596,0.23890609318453362
3.4450000000000003,-0.49255466307738693,-0.27006559918804846,-0.5554531168016321,-0.6559676667165569,0.24190546533862142
3.446,-0.49282229757449897,-0.2652029547948924,-0.5561035903913751,-0.6504735897430679,0.24190546533862142
3.447,-0.4930850681144944,-0.26033769295563935,-0.5567485753982216,-0.6449850068465524,0.24190546533862142
3.448,-0.49334297210393396,-0.25546986168845937,-0.5573880773107546,-0.6395019125329334,0.24190546533862142
3.4490000000000003,-0.49359600699740963,-0.25059950903687916,-0.5580221016120682,-0.6340243013136281,0.24190546533862142
3.45,-0.4938441702975689,-0.24572668306931858,-0.5586505949861185,-0.6284933740502686,0.24484514810229152
3.451,-0.4940874595551403,-0.24085143187859998,-0.5592735629638327,-0.6229679777141726,0.24484514810229152
3.452,-0.49432587236895703,-0.23597380358148443,-0.5598910110706071,-0.6174481067744125,0.24484514810229152
3.4530000000000003,-0.4945594063859809,-0.23109384631819402,-0.5605029448263127,-0.6119337557055923,0.24484514810229152
3.454,-0.49478805930132547,-0.22621160825193676,-0.5611093697453006,-0.6064249189878409,0.24484514810229152
3.455,-0.49501182885827877,-0.2213271375684314,-0.5617102337510455,-0.6008640057448558,0.24772441619986646
3.456,-0.49523071284832554,-0.21644048247543163,-0.5623055424044605,-0.5953086534151136,0.24772441619986646
3.457,-0.4954447091111693,-0.21155169120225034,-0.5628953012608983,-0.5897588564377012,0.24772441619986646
3.458,-0.49565381553475335,-0.20666081199928107,-0.5634795158701555,-0.5842146092572662,0.24772441619986646
3.459,-0.49585803005528145,-0.2017678931375324,-0.5640581917764795,-0.5786759063240116,0.24772441619986646
3.46,-0.49605735065723894,-0.19687298290813549,-0.5646312781557119,-0.5730863792324227,0.250542559263244
3.461,-0.49625177537341175,-0.1919761296218809,-0.5651987805973798,-0.5675024416679254,0.250542559263244
3.462,-0.49644130228490685,-0.18707738160872528,-0.5657607046854208,-0.5619240880409926,0.250542559263244
3.463,-0.4966259295211697,-0.18217678721734215,-0.5663170559981885,-0.5563513127676867,0.250542559263244
3.464,-0.4968056552600042,-0.17727439481461693,-0.5668678401084581,-0.5507841102696541,0.250542559263244
3.465,-0.4969804777275898,-0.17237025278518345,-0.5674130074569774,-0.5451673485192429,0.2532988820070779
3.466,-0.4971503951984995,-0.1674644095309409,-0.5679525636605081,-0.5395562035305821,0.2532988820070779
3.467,-0.4973154059957162,-0.16255691347058718,-0.5684865143301949,-0.53395066968691,0.2532988820070779
3.468,-0.49747550849065003,-0.15764781303912717,-0.569014865071572,-0.5283507413770815,0.2532988820070779
3.469,-0.4976307011031541,-0.15273715668739465,-0.5695376214845675,-0.5227564129955629,0.2532988820070779
3.47,-0.49778098230154,-0.14782499288158538,-0.5700547352870621,-0.5171138024945623,0.25599270440024835
3.471,-0.4979263506025928,-0.14291137010277846,-0.5705662121216661,-0.5114768346040628,0.25599270440024835
3.472,-0.4980668045715862,-0.1379963368464443,-0.5710720576253476,-0.5058455036814538,0.25599270440024835
3.473,-0.4982023428222962,-0.13307994162197687,-0.5715722774294374,-0.5002198040897673,0.25599270440024835
3.474,-0.49833296401701493,-0.12816223295221213,-0.5720668771596351,-0.49459973019767256,0.25599270440024835
3.475,-0.4984586668665639,-0.12324325937294937,-0.5725558098228659,-0.4889326632308037,0.25862336183355933
3.476,-0.4985794501303069,-0.11832306943247191,-0.5730390810861968,-0.4832712633309017,0.25862336183355933
3.477,-0.4986953126161618,-0.1134017116910681,-0.5735166966110278,-0.47761552483089964,0.25862336183355933
3.478,-0.4988062531806126,-0.10847923472054923,-0.5739886620530972,-0.47196544206939756,0.25862336183355933
3.479,-0.49891227072872074,-0.1035556871037813,-0.5744549830624879,-0.46632100939065696,0.25862336183355933
3.48,-0.4990133642141358,-0.09863111743418877,-0.5749156139467635,-0.4606308842755934,0.26119020528364467
3.481,-0.4991095326391059,-0.09370557431528617,-0.5753705603960492,-0.4549464492856449,0.26119020528364467
3.482,-0.4992007750544875,-0.08877910636019555,-0.5758198280947798,-0.4492676987306864,0.26119020528364467
3.483,-0.49928709055975484,-0.08385176219116673,-0.5762634227217062,-0.4435946269262828,0.26119020528364467
3.484,-0.49936847830300873,-0.0789235904390974,-0.5767013499498999,-0.4379272281936836,0.26119020528364467
3.485,-0.49944493748098495,-0.07399463974305318,-0.5771335653988359,-0.4322154489360296,0.26369260147301893
3.486,-0.49951646733906235,-0.06906495874978477,-0.5775600747802935,-0.4265093814576332,0.26369260147301893
3.487,-0.49958306717127005,-0.06413459611325892,-0.5779808838003402,-0.42080902004671517,0.26369260147301893
3.488,-0.4996447363202946,-0.059203600494161616,-0.5783959981593374,-0.41511435899720805,0.26369260147301893
3.489,-0.49970147417748645,-0.054272020559428896,-0.5788054235519462,-0.4094253926087505,0.26369260147301893
3.49,-0.4997532801828658,-0.049339904981763764,-0.5792091169205018,-0.4036933685556166,0.2661299330262568
3.491,-0.49980015382512827,-0.04440730243915579,-0.5796070839970283,-0.39796707652653585,0.2661299330262568
3.492,-0.49984209464164997,-0.03947426161440068,-0.5799993305078178,-0.3922465107894842,0.2661299330262568
3.493,-0.499879102218492,-0.034540831194619856,-0.580385862173436,-0.3865316656181696,0.2661299330262568
3.494,-0.49991117619040454,-0.029607059870777042,-0.580766684708728,-0.3808225352920263,0.2661299330262568
3.495,-0.4999383162408303,-0.024672996337208944,-0.5811417563895124,-0.3750716807842895,0.2685015986222407
3.496,-0.49996052210190806,-0.019738689291127893,-0.5815110829666434,-0.3693265771310604,0.2685015986222407
3.497,-0.4999777935544749,-0.014804187432155159,-0.5818746701852249,-0.3635872185814845,0.2685015986222407
3.498,-0.49999013042806856,-0.009869539461823581,-0.5822325237846153,-0.35785359939045824,0.2685015986222407
3.499,-0.4999975326009291,-0.004934794083124798,-0.5825846494984339,-0.35212571381862295,0.2685015986222407
3.5,-0.5,-6.732847428026265e-16,-0.5829310069462759,-0.3463574478419552,0.27080701314245453
3.501,-0.4999975326009291,0.004934794083123451,-0.5832716018964071,-0.3405949501312642,0.27080701314245453
3.5020000000000002,-0.49999013042806856,0.009869539461825023,-0.5836064401113255,-0.3348382149182838,0.27080701314245453
3.503,-0.4999777935544749,0.01480418743215381,-0.583935527347766,-0.3290872364405164,0.27080701314245453
3.504,-0.49996052210190806,0.019738689291126543,-0.5842588693567072,-0.3233420089412268,0.27080701314245453
3.505,-0.4999383162408303,0.024672996337207598,-0.5845764271114832,-0.31755775477597986,0.2730456078152842
3.5060000000000002,-0.4999111761904045,0.029607059870778486,-0.5848882063963481,-0.3117792848648982,0.2730456078152842
3.507,-0.499879102218492,0.03454083119461851,-0.5851942129897718,-0.3060065934237276,0.2730456078152842
3.508,-0.49984209464164997,0.039474261614399334,-0.5854944526644458,-0.3002396746739982,0.2730456078152842
3.509,-0.49980015382512827,0.044407302439154445,-0.5857889311872888,-0.2944785228430185,0.2730456078152842
3.5100000000000002,-0.49975328018286574,0.049339904981765215,-0.5860776108950019,-0.28867970771304985,0.27521683035628125
3.511,-0.49970147417748645,0.05427202055942756,-0.5863604975864001,-0.28288669139821115,0.27521683035628125
3.512,-0.49964473632029466,0.05920360049416028,-0.5866375970544998,-0.27709946809968733,0.27521683035628125
3.513,-0.4995830671712701,0.06413459611325757,-0.5869089150865243,-0.27131803202446203,0.27521683035628125
3.5140000000000002,-0.49951646733906235,0.0690649587497862,-0.5871744574639096,-0.26554237738531195,0.27521683035628125
3.515,-0.499444937480985,0.07399463974305184,-0.5874341878960154,-0.25973043210583946,0.2773201451043584
3.516,-0.49936847830300873,0.07892359043909605,-0.5876881121947871,-0.25392429877164646,0.2773201451043584
3.517,-0.4992870905597549,0.08385176219116539,-0.5879362361663579,-0.24812397157078764,0.2773201451043584
3.5180000000000002,-0.4992007750544875,0.0887791063601942,-0.5881785656110551,-0.2423294446971297,0.2773201451043584
3.519,-0.4991095326391059,0.09370557431528483,-0.5884151063234054,-0.2365407123503454,0.2773201451043584
3.52,-0.4990133642141358,0.09863111743418744,-0.5886458233943803,-0.2307170709749171,0.27935503315389915
3.521,-0.49891227072872074,0.10355568710377996,-0.5888707226476212,-0.22489925324086418,0.27935503315389915
3.5220000000000002,-0.49880625318061256,0.10847923472055067,-0.5890898099009457,-0.21908725332454534,0.27935503315389915
3.523,-0.4986953126161618,0.11340171169106673,-0.5893030909663539,-0.21328106540814282,0.27935503315389915
3.524,-0.49857945013030697,0.11832306943247056,-0.5895105716500336,-0.2074806836796567,0.27935503315389915
3.525,-0.498458666866564,0.12324325937294801,-0.5897122184331799,-0.20164678314632262,0.2813209924827207
3.5260000000000002,-0.49833296401701493,0.1281622329522108,-0.5899080371496934,-0.19581871651352187,0.2813209924827207
3.527,-0.4982023428222962,0.1330799416219755,-0.5900980336276408,-0.18999647794735394,0.2813209924827207
3.528,-0.49806680457158625,0.13799633684644297,-0.5902822136892606,-0.18418006161975217,0.2813209924827207
3.529,-0.4979263506025929,0.14291137010277713,-0.590460583150969,-0.178369461708478,0.2813209924827207
3.5300000000000002,-0.49778098230153994,0.14782499288158682,-0.5906331098924543,-0.17252674148525196,0.2832175380758777
3.531,-0.49763070110315416,0.15273715668739332,-0.5907997997564366,-0.16668986398224916,0.2832175380758777
3.532,-0.49747550849065003,0.15764781303912584,-0.5909606585797933,-0.16085882335674936,0.2832175380758777
3.533,-0.4973154059957163,0.16255691347058585,-0.5911156921935652,-0.15503361377187505,0.2832175380758777
3.5340000000000003,-0.49715039519849946,0.16746440953094235,-0.5912649064229618,-0.14921422939658563,0.2832175380758777
3.535,-0.49698047772758985,0.17237025278518212,-0.5914082705540881,-0.14336413112628354,0.28504420204527425
3.536,-0.4968056552600042,0.1772743948146156,-0.5915457904370424,-0.13751988295425177,0.28504420204527425
3.537,-0.49662592952116974,0.18217678721734082,-0.5916774719160728,-0.13168147903039204,0.28504420204527425
3.5380000000000003,-0.4964413022849068,0.18707738160872672,-0.5918033208295832,-0.12584891351045616,0.28504420204527425
3.539,-0.4962517753734118,0.19197612962187957,-0.5919233430101393,-0.12002218055604022,0.28504420204527425
3.54,-0.496057350657239,0.19687298290813418,-0.5920375091578398,-0.11416614770058313,0.2868005337450529
3.541,-0.4958580300552815,0.2017678931375311,-0.5921458251287178,-0.10831597087798149,0.2868005337450529
3.5420000000000003,-0.4956538155347533,0.20666081199928246,-0.59224829677295,-0.10247164423220245,0.2868005337450529
3.543,-0.49544470911116933,0.21155169120224904,-0.5923449299348631,-0.0966331619130692,0.2868005337450529
3.544,-0.4952307128483256,0.2164404824754303,-0.5924357304529394,-0.09080051807625507,0.2868005337450529
3.545,-0.4950118288582788,0.2213271375684301,-0.5925206704484999,-0.08493999556052428,0.28848609988272667
3.5460000000000003,-0.4947880593013254,0.2262116082519382,-0.5925997557820671,-0.07908533356730922,0.28848609988272667
3.547,-0.49455940638598095,0.23109384631819269,-0.5926729923083033,-0.07323652623608738,0.28848609988272667
3.548,-0.4943258723689571,0.2359738035814831,-0.5927403858760155,-0.06739356771219676,0.28848609988272667
3.549,-0.49408745955514033,0.24085143187859867,-0.5928019423281623,-0.06155645214683003,0.28848609988272667
3.5500000000000003,-0.49384417029756883,0.24572668306932,-0.5928576352141645,-0.055692886002162566,0.29010048462603194
3.551,-0.4935960069974096,0.25059950903688055,-0.5929074703975881,-0.04983518342363977,0.29010048462603194
3.552,-0.493342972103934,0.25546986168845803,-0.5929514537361358,-0.04398333854769549,0.29010048462603194
3.553,-0.49308506811449443,0.260337692955638,-0.5929895910816524,-0.038137345516627154,0.29010048462603194
3.5540000000000003,-0.492822297574499,0.2652029547948911,-0.593021888280131,-0.03229719847858989,0.29010048462603194
3.555,-0.492554663077387,0.2700655991880471,-0.593048320315617,-0.026432035486001718,0.29164328970547915
3.556,-0.4922821672646028,0.2749255781427691,-0.5930688930532735,-0.02057273765640613,0.29164328970547915
3.557,-0.49200481282556996,0.27978284369302664,-0.5930836123523981,-0.014719299124640144,0.29164328970547915
3.5580000000000003,-0.4917226024976648,0.2846373478995726,-0.5930924840664296,-0.00887171403140592,0.29164328970547915
3.559,-0.4914355390661896,0.2894890428504049,-0.5930955140429528,-0.0030299765232649324,0.29164328970547915
3.56,-0.4911436253643443,0.29433788066125566,-0.5930926787068093,0.002835336143509795,0.2931141345125732
3.561,-0.4908468642731994,0.2991838134760533,-0.5930839839233116,0.00869478349761775,0.2931141345125732
3.5620000000000003,-0.49054525872166704,0.3040267934673973,-0.5930694355519073,0.014548371404371596,0.2931141345125732
3.563,-0.4902388116864722,0.30886677283703035,-0.593049039446184,0.020396105723218688,0.2931141345125732
3.564,-0.4899275261921235,0.31370370381631013,-0.5930228014538763,0.026237992307746934,0.2931141345125732
3.565,-0.489611405310883,0.3185375386666805,-0.592990699446437,0.03210200743931252,0.29451265619366673
3.5660000000000003,-0.489290452162736,0.3233682296801458,-0.5929527392878813,0.03796015855574654,0.29451265619366673
3.567,-0.48896466991536086,0.32819572917973044,-0.5929089268363602,0.043812451521064125,0.29451265619366673
3.568,-0.4886340617840967,0.3330199895199661,-0.5928592679441668,0.0496588921934164,0.29451265619366673
3.569,-0.48829863103191223,0.33784096308735073,-0.5928037684577416,0.05549948642509631,0.29451265619366673
3.5700000000000003,-0.48795838096937366,0.3426586023008216,-0.5927424077006082,0.061360757133460286,0.2958385097394535
3.571,-0.48761331495461174,0.3474728596122247,-0.592675191534037,0.0672161665711159,0.2958385097394535
3.572,-0.4872634363932886,0.35228368750678385,-0.5926021258134377,0.07306572059933385,0.2958385097394535
3.573,-0.4869087487385645,0.35709103850357,-0.5925232163883642,0.07890942507352358,0.2958385097394535
3.5740000000000003,-0.48654925549106315,0.3618948651559723,-0.592438469102521,0.08474728584323912,0.2958385097394535
3.575,-0.4861849601988382,0.3666951200521557,-0.5923478647366022,0.0906043659187967,0.29709136807004044
3.576,-0.4858158664573371,0.3714917558155422,-0.5922514091476879,0.0964555889142787,0.29709136807004044
3.577,-0.48544197790936566,0.37628472510527894,-0.5921491081870012,0.10230096068676524,0.29709136807004044
3.5780000000000003,-0.4850632982450529,0.38107398061669384,-0.5920409676999137,0.10814048708747928,0.29709136807004044
3.579,-0.4846798312018146,0.3858594750817631,-0.5919269935259519,0.11397417396179262,0.29709136807004044
3.58,-0.4842915805643156,0.3906411612695911,-0.5918071679077218,0.11982561823014307,0.2982709221156122
3.581,-0.4838985501644328,0.3954189919868656,-0.5916814966966676,0.12567121105422516,0.2982709221156122
3.5820000000000003,-0.4835007438812174,0.4001929200783289,-0.5915499857383821,0.13151095828548318,0.2982709221156122
3.583,-0.48309816564085745,0.40496289842723016,-0.5914126408726126,0.13734486576950994,0.2982709221156122
3.584,-0.48269081941663705,0.4097288799558167,-0.5912694679332665,0.14317293934605269,0.2982709221156122
3.585,-0.4822787092288992,0.41449081762577233,-0.5911204506292419,0.14901730402455965,0.2993768808926505
3.586,-0.481861839145005,0.41924866443869474,-0.5909655948049035,0.1548558243383881,0.2993768808926505
3.587,-0.48144021327929376,0.4240023734365594,-0.5908049062987716,0.16068850613190272,0.2993768808926505
3.588,-0.4810138357930429,0.4287518977021722,-0.590638390943528,0.16651535524362382,0.2993768808926505
3.589,-0.48058271089442595,0.4334971903596487,-0.5904660545660217,0.1723363775062332,0.2993768808926505
3.59,-0.4801468428384716,0.4382382045748664,-0.5902878823454615,0.1781722205602408,0.30040897157569024
3.591,-0.4797062359270215,0.44297489355592884,-0.5901038801176903,0.18400222777119435,0.30040897157569024
3.592,-0.47926089450868803,0.44770721055362805,-0.5899140537127154,0.18982640497493697,0.30040897157569024
3.593,-0.4788108229788112,0.4524351088619058,-0.589718408954714,0.19564475800147585,0.30040897157569024
3.594,-0.4783560257794154,0.45715854181831456,-0.589516951662039,0.2014572926749882,0.30040897157569024
3.595,-0.477896507399165,0.46187746280448055,-0.5893096684878654,0.20728317417360512,0.3013669395645957
3.596,-0.4774322723733214,0.46659182524655357,-0.5890965652580746,0.21310322979072344,0.3013669395645957
3.597,-0.4769633252836968,0.47130158261568206,-0.5888776477927224,0.21891746535222462,0.3013669395645957
3.598,-0.47648967075860943,0.4760066884284624,-0.5886529219060442,0.22472588667816432,0.3013669395645957
3.599,-0.47601131347283837,0.4807070962473995,-0.5884223934064614,0.23052849958277807,0.3013669395645957
3.6,-0.4755282581475769,0.485402759681366,-0.5881860504244073,0.2363429820541422,0.30225054854734545
3.601,-0.47504050955038596,0.4900936323860594,-0.5879438987743643,0.24215165004303496,0.30225054854734545
3.602,-0.4745480724951474,0.49477966806446,-0.5876959442650003,0.24795450936393884,0.30225054854734545
3.603,-0.4740509518420159,0.49946082046729007,-0.5874421926991747,0.25375156582552183,0.30225054854734545
3.604,-0.47354915249737206,0.5041370433934601,-0.5871826498739441,0.2595428252306432,0.30225054854734545
3.605,-0.4730426794137726,0.50880829069054,-0.5869173053999275,0.2653444740165788,0.303059580558312
3.606,-0.4725315375899027,0.5134745162552025,-0.5866461650787738,0.27114032115372844,0.303059580558312
3.607,-0.4720157320705249,0.5181356740336928,-0.5863692347063301,0.27693037244374097,0.303059580558312
3.608,-0.47149526794643226,0.5227917180222577,-0.5860865200726476,0.28271463368246347,0.303059580558312
3.609,-0.4709701503543954,0.5274426022676251,-0.5857980269619877,0.28849311065994726,0.303059580558312
3.61,-0.47044038447711284,0.5320882808674454,-0.5855037464677177,0.2942804942699273,0.30379383603199916
3.611,-0.46990597554315966,0.5367287079707489,-0.5852036843772215,0.30006209049629734,0.30379383603199916
3.612,-0.4693669288269372,0.5413638377783856,-0.5848978464720951,0.30583790512644105,0.30379383603199916
3.613,-0.46882324964861805,0.5459936245435035,-0.5845862385281532,0.31160794394195457,0.30379383603199916
3.614,-0.4682749433740964,0.5506180225719737,-0.5842688663154345,0.31737221271865257,0.30379383603199916
3.615,-0.46772201541493363,0.5552369862228572,-0.5839457224122515,0.3231439031829792,0.30445313385226314
3.616,-0.467164471228306,0.5598504699088424,-0.5836168125902946,0.3289098219568415,0.30445313385226314
3.617,-0.4666023163169493,0.5644584280967103,-0.5832821426154827,0.3346699748119299,0.30445313385226314
3.618,-0.4660355562291056,0.569060815307774,-0.5829417182479686,0.3404243675141632,0.30445313385226314
3.619,-0.465464196558468,0.5736575861183297,-0.5825955452421449,0.3461730058236943,0.30445313385226314
3.62,-0.46488824294412584,0.5782486951601054,-0.5822436176630991,0.35192757904580985,0.30503731139696133
3.621,-0.46430770107050884,0.5828340971207082,-0.5818859412654044,0.3576763976947033,0.30503731139696133
3.622,-0.46372257666733085,0.5874137467440722,-0.5815225217978794,0.3634194675249478,0.30503731139696133
3.623,-0.46313287550953325,0.5919875988309069,-0.581153365003594,0.3691567942853621,0.30503731139696133
3.624,-0.46253860341722897,0.5965556082391336,-0.580778476619875,0.37488838371901595,0.30503731139696133
3.625,-0.46193976625564337,0.6011177298843463,-0.5803978522000481,0.3806244198268582,0.3055462245780624
3.626,-0.46133636993505744,0.605673918740246,-0.5800114974801496,0.3863547198985926,0.3055462245780624
3.6270000000000002,-0.4607284204107493,0.6102241298390881,-0.5796194181904794,0.39207928967025524,0.3055462245780624
3.628,-0.4601159236829353,0.6147683182721263,-0.5792216200556072,0.3977981348721462,0.3055462245780624
3.629,-0.45949888579671083,0.6193064391900551,-0.5788181087943783,0.4035112612288353,0.3055462245780624
3.63,-0.45887731284199074,0.6238384478034533,-0.5784088814494532,0.40922734492514967,0.3059797478771606
3.6310000000000002,-0.45825121095344884,0.6283642993832279,-0.5779939437369155,0.41493771253776773,0.3059797478771606
3.632,-0.4576205863104587,0.632883949261046,-0.5775733013671327,0.4206423697827732,0.3059797478771606
3.633,-0.45698544513703054,0.6373973528297905,-0.5771469600447622,0.4263413223705336,0.3059797478771606
3.634,-0.4563457937017514,0.6419044655439903,-0.5767149254687565,0.43203457600570633,0.3059797478771606
3.6350000000000002,-0.45570163831772265,0.6464052429202625,-0.5762771961718393,0.43772929691722934,0.3063377743764345
3.636,-0.45505298534249794,0.6508996405377514,-0.5758337778487315,0.4434183231078408,0.3063377743764345
3.637,-0.4543998411780202,0.6553876140385669,-0.5753846761884592,0.44910166027226167,0.3063377743764345
3.638,-0.4537422122705586,0.6598691191282228,-0.5749298968743597,0.4547793140995181,0.3063377743764345
3.6390000000000002,-0.4530801051106447,0.6643441115760751,-0.5744694455840867,0.4604512902729473,0.3063377743764345
3.64,-0.4524135262330096,0.6688125472157503,-0.5740033223407883,0.46612324329837423,0.30662021578499515
3.641,-0.4517424822165173,0.673274381945595,-0.5735315328164176,0.47178952437077576,0.30662021578499515
3.642,-0.45106697968410175,0.6777295717290993,-0.5730540826772554,0.4774501391621049,0.30662021578499515
3.6430000000000002,-0.45038702530269903,0.6821780725953461,-0.5725709775839168,0.48310509333864265,0.30662021578499515
3.644,-0.44970262578318554,0.6866198406394204,-0.5720822231913558,0.4887543925610039,0.30662021578499515
3.645,-0.4490137878803079,0.6910548320228671,-0.5715878210131382,0.494402178217656,0.30682700246065486
3.646,-0.44832051839261805,0.6954830029741119,-0.5710877766970496,0.5000443160886514,0.30682700246065486
3.6470000000000002,-0.4476228241624056,0.6999043097888977,-0.5705820958852278,0.5056808118217758,0.30682700246065486
3.648,-0.4469207120756317,0.7043187088307062,-0.5700707842141686,0.5113116710591672,0.30682700246065486
3.649,-0.4462141890618592,0.708726156531201,-0.5695538473147312,0.5169368994373211,0.30682700246065486
3.65,-0.4455032620941842,0.7131266093906576,-0.5690312881905248,0.5225591242064257,0.30695808342709496
3.6510000000000002,-0.44478793818916895,0.717520023978383,-0.568503112463774,0.5281757267507612,0.30695808342709496
3.652,-0.44406822440677224,0.7219063569331438,-0.5679693257510815,0.5337867126925523,0.30695808342709496
3.653,-0.44334412785027827,0.7262855649636069,-0.5674299336634331,0.5393920876484016,0.30695808342709496
3.654,-0.4426156556662277,0.7306576048487572,-0.5668849418062037,0.5449918572292951,0.30695808342709496
3.6550000000000002,-0.44188281504434684,0.7350224334383261,-0.566334354672304,0.5505871338997943,0.3070134263864231
3.656,-0.4411456132174768,0.7393800076532175,-0.5657781778570103,0.556176815293623,0.3070134263864231
3.657,-0.440404057461502,0.7437302844859333,-0.5652164169500042,0.5617609070060577,0.3070134263864231
3.658,-0.4396581550952784,0.748073221000997,-0.5646490775353774,0.5673394146267802,0.3070134263864231
3.6590000000000003,-0.43890791348056074,0.7524087743353813,-0.5640761651916375,0.5729123437398819,0.3070134263864231
3.66,-0.43815334002193174,0.7567369016989204,-0.5634976858998868,0.5784792917506845,0.30699301772712306
3.661,-0.4373944421667264,0.7610575603747466,-0.5629136452270733,0.5840406728134763,0.30699301772712306
3.662,-0.43663122740496013,0.7653707077197034,-0.5623240487345781,0.5895964924952053,0.30699301772712306
3.6630000000000003,-0.4358637032692545,0.7696763011647675,-0.5617289019782208,0.5951467563572526,0.30699301772712306
3.664,-0.43509187733476296,0.7739742982154701,-0.5611282105082653,0.6006914699554378,0.30699301772712306
3.665,-0.4343157572190958,0.7782646564523154,-0.5605219817925293,0.6062287157360303,0.3068968625274023
3.666,-0.43353535058224524,0.7825473335311997,-0.5599102213682585,0.6117604242708423,0.3068968625274023
3.6670000000000003,-0.43275066512650934,0.7868222871838314,-0.5592929347671614,0.6172866010971195,0.3068968625274023
3.668,-0.4319617085964175,0.7910894752181393,-0.5586701275154148,0.6228072517465705,0.3068968625274023
3.669,-0.4311684887786519,0.7953488555187025,-0.5580418051336694,0.6283223817453719,0.3068968625274023
3.67,-0.4303710135019718,0.7996003860471571,-0.5574079765746147,0.6338285590547051,0.3067249845539307
3.6710000000000003,-0.4295692906371362,0.8038440248426132,-0.556768647344428,0.639329230186729,0.3067249845539307
3.672,-0.4287633280968262,0.808079730022069,-0.5561238229437804,0.6448244006476209,0.3067249845539307
3.673,-0.4279531338355666,0.8123074597808245,-0.5554735088678423,0.6503140759380519,0.3067249845539307
3.674,-0.42713871584964774,0.8165271723928937,-0.5548177106062891,0.6557982615531924,0.3067249845539307
3.6750000000000003,-0.42632008217704587,0.8207388262114191,-0.5541564385944724,0.6612720118167583,0.3064774262559546
3.676,-0.42549724089734575,0.8249423796690732,-0.5534896983061424,0.6667402883300606,0.3064774262559546
3.677,-0.4246702001316581,0.8291377912784826,-0.5528174952095755,0.6722030965668496,0.3064774262559546
3.678,-0.423838968042542,0.8333250196326263,-0.5521398347675801,0.6776604419954019,0.3064774262559546
3.6790000000000003,-0.42300355283392105,0.8375040234052578,-0.5514567224375015,0.6831123300785256,0.3064774262559546
3.68,-0.4221639627510076,0.8416747613512899,-0.550768170134778,0.6885523027235434,0.3061542487548172
3.681,-0.4213202060802162,0.8458371923072253,-0.5500741832993821,0.6939868353959162,0.3061542487548172
3.682,-0.4204722911490847,0.849991275191551,-0.5493747673658465,0.6994159335356166,0.3061542487548172
3.6830000000000003,-0.41962022632619056,0.8541369690051482,-0.5486699277632693,0.7048396025771774,0.3061542487548172
3.684,-0.4187640200210706,0.858274232831688,-0.5479596699153196,0.7102578479496965,0.3061542487548172
3.685,-0.4179036806841354,0.8624030258380468,-0.5472440072145813,0.7156627007383243,0.30575553182887355
3.686,-0.41703921680658596,0.8665233072747093,-0.5465229450659072,0.7210621486741634,0.30575553182887355
3.6870000000000003,-0.4161706369203316,0.8706350364761607,-0.5457964888687451,0.7264561971620667,0.30575553182887355
3.688,-0.4152979495979063,0.8747381728612893,-0.5450646440171436,0.731844851601482,0.30575553182887355
3.689,-0.414421163452381,0.878832675933798,-0.5443274158997572,0.737228117386458,0.30575553182887355
3.69,-0.41354028713728097,0.8829185052825943,-0.5435848193830103,0.7425965167469474,0.30528137389379334
3.6910000000000003,-0.4126553293464994,0.8869956205821944,-0.5428368598353022,0.7479595477080763,0.30528137389379334
3.692,-0.4117662988142139,0.8910639815931093,-0.542083542619664,0.753317215638244,0.30528137389379334
3.693,-0.41087320431479535,0.8951235481622654,-0.5413248730937634,0.7586695259004816,0.30528137389379334
3.694,-0.40997605466272646,0.8991742802233769,-0.5405608566099109,0.764016483852457,0.30528137389379334
3.6950000000000003,-0.4090748587125116,0.9032161377973563,-0.5397915095047028,0.76934710520817,0.3047318919782685
3.696,-0.40816962535859186,0.9072490809926965,-0.5390168371087602,0.7746723959425271,0.3047318919782685
3.697,-0.40726036353525463,0.9112730700058786,-0.5382368447473741,0.7799923613861499,0.3047318919782685
3.698,-0.406347082216547,0.9152880651217555,-0.5374515377405098,0.7853070068643291,0.3047318919782685
3.6990000000000003,-0.4054297904161868,0.9192940267139466,-0.5366609214028127,0.7906163376970301,0.3047318919782685
3.7,-0.40450849718747384,0.9232909152452279,-0.5358650135370195,0.7959078657932358,0.30410722169513715
3.701,-0.4035832116232003,0.9272786912679233,-0.5350638194346582,0.8011941023613454,0.30410722169513715
3.702,-0.4026539428555612,0.9312573154242934,-0.5342573443819653,0.8064750526928868,0.30410722169513715
3.7030000000000003,-0.4017207000560636,0.9352267484469263,-0.5334455936598912,0.8117507220740966,0.30410722169513715
3.704,-0.40078349243543815,0.9391869511591161,-0.5326285725441052,0.8170211157859253,0.30410722169513715
3.705,-0.3998423292435452,0.9431378844752633,-0.5318063002990909,0.8222722450142977,0.3034075172079215
3.706,-0.39889721976928544,0.9470795094012506,-0.5309787821759775,0.8275181231134419,0.3034075172079215
3.7070000000000003,-0.3979481733405079,0.9510117870348318,-0.530146023420643,0.8327587553344868,0.3034075172079215
3.708,-0.39699519932391775,0.9549346785660138,-0.5293080292737197,0.8379941469233108,0.3034075172079215
3.709,-0.39603830712498367,0.9588481452774412,-0.5284648049705991,0.8432243031205459,0.3034075172079215
3.71,-0.3950775061878454,0.9627521485447773,-0.5276163712327578,0.8484337378412808,0.3026329511927769
3.7110000000000003,-0.3941128059952197,0.9666466498370881,-0.5267627332696305,0.8536379631272951,0.3026329511927769
3.712,-0.39314421606830924,0.9705316107172142,-0.5259038962854425,0.8588369841880233,0.3026329511927769
3.713,-0.39217174596670484,0.9744069928421617,-0.5250398654792149,0.8640308062276909,0.3026329511927769
3.714,-0.3911954052882945,0.9782727579634718,-0.5241706460447696,0.8692194344453188,0.3026329511927769
3.715,-0.3902152036691654,0.9821288679276075,-0.5232962601554628,0.8743858893067914,0.301783714795895
3.716,-0.3892311507835117,0.9859752846763206,-0.5224167129777494,0.8795471777134025,0.301783714795895
3.717,-0.38824325634353934,0.9898119702470259,-0.5215320096729178,0.884703304831607,0.301783714795895
3.718,-0.387251530099367,0.9936388867731883,-0.5206421553970951,0.8898542758226933,0.301783714795895
3.719,-0.3862559818389324,0.9974559964846864,-0.5197471553012524,0.8950000958427885,0.301783714795895
3.72,-0.3852566213878943,1.0012632617081907,-0.5188470330051537,0.9001222960986724,0.3008600175863368
3.721,-0.38425345860953863,1.0050606448675241,-0.5179417936309993,0.9052393741543006,0.3008600175863368
3.722,-0.3832465034046753,1.008848108484054,-0.5170314422958675,0.9103513351318729,0.3008600175863368
3.723,-0.38223576571154627,1.0126256151770416,-0.516115984111719,0.9154581841484678,0.3008600175863368
3.724,-0.3812212555057239,1.016393127664023,-0.515195424185403,0.9205599263160461,0.3008600175863368
3.725,-0.38020298280001547,1.020150608761167,-0.5142697875772632,0.9256366081398163,0.29986208750431126
3.726,-0.379180957644361,1.0238980213836537,-0.5133390793639814,0.9307082132817627,0.29986208750431126
3.727,-0.3781551901257361,1.0276353285460338,-0.5124033046171628,0.9357747468185671,0.29986208750431126
3.728,-0.3771256903680521,1.0313624933625944,-0.511462468403341,0.9408362138218348,0.29986208750431126
3.729,-0.37609246853205597,1.0350794790477233,-0.5105165757839829,0.9458926193580992,0.29986208750431126
3.73,-0.3750555348152301,1.0387862489162725,-0.5095656532538281,0.9509225301548403,0.2987901708049576
3.731,-0.37401489945169164,1.0424827663839198,-0.5086097058427873,0.9559474110407846,0.2987901708049576
3.732,-0.37297057271209094,1.0461689949675324,-0.5076487385757414,0.960967267045843,0.2987901708049576
3.733,-0.37192256490351244,1.0498448982855182,-0.5066827564725466,0.9659821031948963,0.2987901708049576
3.734,-0.3708708863693696,1.0535104400581972,-0.5057117645480388,0.9709919245078006,0.2987901708049576
3.735,-0.3698155474893049,1.0571655841081524,-0.5047357907248156,0.9759738232232442,0.29764453199757335
3.736,-0.3687565586790871,1.0608102943605875,-0.5037548399847755,0.9809507400399724,0.29764453199757335
3.737,-0.36769393039050813,1.0644445348436835,-0.5027689173048356,0.9859226799398839,0.29764453199757335
3.738,-0.3666276731112803,1.0680682696889543,-0.5017780276569357,0.9908896478998955,0.29764453199757335
3.739,-0.3655577973649324,1.0716814631315998,-0.5007821760080438,0.9958516488919471,0.29764453199757335
3.74,-0.36448431371070555,1.0752840795108618,-0.4997813917017251,1.000784306318662,0.2964254537803508
3.741,-0.36340723274345127,1.0788760832703665,-0.49877567967063713,1.0057120310879504,0.2964254537803508
3.742,-0.36232656509352323,1.0824574389584893,-0.49776504484250467,1.0106348281324695,0.2964254537803508
3.743,-0.3612423214266749,1.0860281112286954,-0.4967494921401247,1.015552702379944,0.2964254537803508
3.744,-0.3601545124439535,1.0895880648398908,-0.4957290264813715,1.020465658753171,0.2964254537803508
3.745,-0.3590631488815945,1.093137264656771,-0.4947036786235377,1.0253478578338306,0.295133236970634
3.746,-0.3579682415109158,1.096675675650166,-0.4936734534488223,1.0302251747154094,0.295133236970634
3.747,-0.35686980113821093,1.1002032628973886,-0.4926383558345422,1.0350976142801067,0.295133236970634
3.748,-0.3557678386046424,1.1037199915825782,-0.49159839065313693,1.0399651814052393,0.295133236970634
3.749,-0.3546623647861367,1.1072258269970388,-0.49055356277217366,1.0448278809632467,0.295133236970634
3.75,-0.35355339059327423,1.11072073453959,-0.4895039043550828,1.0496584170908976,0.29376820043070184
3.751,-0.35244092697118123,1.1142046797169094,-0.48844942023240034,1.0544841226824206,0.29376820043070184
3.7520000000000002,-0.3513249848994246,1.1176776281438645,-0.487390115229832,1.0593050025683524,0.29376820043070184
3.753,-0.3502055753919032,1.1211395455438529,-0.4863259941682576,1.0641210615743981,0.29376820043070184
3.754,-0.3490827094967365,1.1245903977491487,-0.4852570618637362,1.0689323045214378,0.29376820043070184
3.755,-0.3479563982961574,1.1280301507012347,-0.48418335187789946,1.0737099858366983,0.29233068098909665
3.7560000000000002,-0.34682665290640213,1.131458770451139,-0.4831048689884288,1.0784828894706435,0.29233068098909665
3.757,-0.3456934844776035,1.1348762231597636,-0.48202161796822784,1.0832510202009549,0.29233068098909665
3.758,-0.34455690419367463,1.1382824750982357,-0.4809336035854273,1.0880143828005358,0.29233068098909665
3.759,-0.3434169232722046,1.1416774926482216,-0.4798408306033898,1.0927729820375172,0.29233068098909665
3.7600000000000002,-0.34227355296434425,1.145061242302271,-0.47874333397366714,1.09749662972263,0.2908210333575172
3.761,-0.3411268045546982,1.1484336906641368,-0.4776411184199071,1.1022155537600578,0.2908210333575172
3.762,-0.33997668936120967,1.1517948044491173,-0.47653418866103364,1.1069297588734481,0.2908210333575172
3.763,-0.3388232187350513,1.155144550484376,-0.4754225494112519,1.1116392497817251,0.2908210333575172
3.7640000000000002,-0.3376664040605124,1.1584828957092725,-0.4743062053800528,1.1163440311990938,0.2908210333575172
3.765,-0.33650625675488693,1.1618098071756866,-0.47318519290028405,1.1210124797687608,0.2892396300433096
3.766,-0.33534278826836034,1.1651252520483455,-0.4720595166403942,1.1256762598898582,0.2892396300433096
3.767,-0.3341760100838969,1.1684291976051469,-0.47092918126416333,1.1303353762308346,0.2892396300433096
3.7680000000000002,-0.3330059337171256,1.1717216112374835,-0.4697941914307079,1.13498983345547,0.2892396300433096
3.769,-0.3318325707162291,1.1750024604505585,-0.468654551794485,1.1396396362228807,0.2892396300433096
3.77,-0.3306559326618259,1.1782717128637168,-0.4675103000606732,1.1442517338118092,0.28758686125756905
3.771,-0.32947603116685853,1.1815293362107564,-0.46636144084137005,1.1488592193031488,0.28758686125756905
3.7720000000000002,-0.3282928778764783,1.1847752983402504,-0.46520797874406106,1.153462097308997,0.28758686125756905
3.773,-0.3271064844679307,1.188009567215863,-0.46404991837162424,1.1580603724368395,0.28758686125756905
3.774,-0.3259168626504397,1.1912321109166661,-0.4628872643223347,1.162654049289554,0.28758686125756905
3.775,-0.32472402416509216,1.1944428976374541,-0.46172005566439805,1.1672086579366416,0.28586313481885506
3.7760000000000002,-0.3235279807847219,1.1976418956890604,-0.460548296952423,1.171758711975082,0.28586313481885506
3.777,-0.3223287443137955,1.200829073498662,-0.4593719927364635,1.176304215959484,0.28586313481885506
3.778,-0.3211263265882921,1.2040043996101026,-0.4581911475620236,1.1808451744399018,0.28586313481885506
3.779,-0.3199207394755892,1.2071678426841954,-0.45700576597006176,1.185381591961839,0.28586313481885506
3.7800000000000002,-0.3187119948743449,1.210319371499034,-0.45581588838217085,1.189877587890929,0.2840688760525923
3.781,-0.31750010471438045,1.2134589549503016,-0.45462151929434674,1.1943690878240898,0.2840688760525923
3.782,-0.31628508095656244,1.2165865620515772,-0.45342266319808944,1.1988560962573176,0.2840688760525923
3.783,-0.31506693559268484,1.219702161934641,-0.4522193245804073,1.2033386176821121,0.2840688760525923
3.7840000000000003,-0.3138456806453499,1.2228057238497823,-0.45101150792382183,1.207816656585482,0.2840688760525923
3.785,-0.3126213281678523,1.2258972171660938,-0.4497992549933392,1.212252930482619,0.2822045276861226
3.786,-0.31139389024405606,1.2289766113717868,-0.44858257022523335,1.2166847681058588,0.2822045276861226
3.787,-0.3101633789882786,1.2320438760744816,-0.44736145805134186,1.2211121738914754,0.2822045276861226
3.7880000000000003,-0.3089298065451671,1.2350989810015194,-0.44613592289907056,1.2255351522713065,0.2822045276861226
3.789,-0.30769318508958576,1.2381418960002424,-0.4449059691913978,1.2299537076727576,0.2822045276861226
3.79,-0.30645352682648835,1.2411725910383102,-0.44367164002643794,1.2343291649598744,0.2802705497394847
3.791,-0.30521084399080145,1.244191036203986,-0.44243293977964826,1.2387002467897044,0.2802705497394847
3.7920000000000003,-0.30396514884730225,1.2471972017064366,-0.44118987282211053,1.2430669575377042,0.2802705497394847
3.793,-0.30271645369050104,1.2501910578760163,-0.4399424435205356,1.2474293015749562,0.2802705497394847
3.794,-0.3014647708445128,1.2531725751645795,-0.4386906562372674,1.251787283268171,0.2802705497394847
3.795,-0.3002101126629425,1.256141724145752,-0.4374345553928942,1.2561008443731412,0.27826741941192407
3.7960000000000003,-0.2989524915287593,1.2590984755152337,-0.4361741453009772,1.2604100919170065,0.27826741941192407
3.797,-0.2976919198541774,1.2620428000910788,-0.4349094302707639,1.2647150302133279,0.27826741941192407
3.798,-0.29642841008052967,1.2649746688139947,-0.43364041460719255,1.269015663571353,0.27826741941192407
3.799,-0.29516197467814737,1.2678940527476201,-0.4323671026108965,1.2733119962960202,0.27826741941192407
3.8000000000000003,-0.29389262614623674,1.2708009230788144,-0.4310895400139775,1.2775625969190074,0.2761956309641578
3.801,-0.29262037701275534,1.2736952511179411,-0.4298077310670361,1.2818089469413716,0.2761956309641578
3.802,-0.2913452398342884,1.2765770082991508,-0.42852168001642243,1.2860510506137133,0.2761956309641578
3.803,-0.2900672271959251,1.2794461661806635,-0.4272313911042401,1.2902889121823826,0.2761956309641578
3.8040000000000003,-0.2887863517111336,1.2823026964450512,-0.4259368685683506,1.2945225358894834,0.2761956309641578
3.805,-0.2875026260216391,1.2851465708995098,-0.4246381594410851,1.2987091272655225,0.2740556955964309
3.806,-0.2862160627972954,1.287977761476148,-0.42333526790903486,1.3028915320501855,0.2740556955964309
3.807,-0.2849266747359619,1.2907962402322584,-0.4220281981546048,1.307069754430064,0.2740556955964309
3.8080000000000003,-0.28363447456337837,1.293601979350593,-0.42071695435601725,1.3112437985875625,0.2740556955964309
3.809,-0.2823394750330387,1.29639495113964,-0.41940154068731633,1.3154136687009035,0.2740556955964309
3.81,-0.28104168892606557,1.2991751280338948,-0.4180820054694577,1.3195352178586506,0.27184814132239893
3.811,-0.27974112905108384,1.3019424825941341,-0.41675835282399043,1.32365264546724,0.27184814132239893
3.8120000000000003,-0.2784378082440937,1.3046969875076873,-0.4154305868683422,1.3277659556482206,0.27184814132239893
3.813,-0.2771317393683468,1.3074386155886997,-0.4140987117158232,1.3318751525190204,0.27184814132239893
3.814,-0.275822935314215,1.3101673397784106,-0.41276273147563025,1.3359802401929495,0.27184814132239893
3.815,-0.2745114089990658,1.3128831331454138,-0.41142269574542073,1.3400357302095338,0.2695735128388682
3.8160000000000003,-0.27319717336713456,1.315585968885925,-0.4100786085806846,1.3440871647361017,0.2695735128388682
3.817,-0.2718802413893963,1.3182758203240472,-0.4087304740328565,1.348134547828143,0.2695735128388682
3.818,-0.2705606260634381,1.3209526609120321,-0.4073782961493194,1.3521778835370923,0.2695735128388682
3.819,-0.26923834041333033,1.3236164642305441,-0.4060220789734091,1.3562171759103325,0.2695735128388682
3.8200000000000003,-0.2679133974894979,1.3262672039889212,-0.40466187336724685,1.3602056061622503,0.267232371391399
3.821,-0.26658581036859397,1.3289048540254291,-0.4032976833192629,1.364190047983916,0.267232371391399
3.822,-0.2652555921533668,1.3315293883075283,-0.40192951281389916,1.36817050536376,0.267232371391399
3.823,-0.2639227559725338,1.3341407809321237,-0.40055736583161294,1.3721469822862242,0.267232371391399
3.8240000000000003,-0.2625873149806478,1.3367390061258286,-0.3991812463488812,1.376119482731766,0.267232371391399
3.825,-0.26124928235797445,1.339324038245205,-0.39780120647973943,1.380039869141751,0.26482529463584514
3.826,-0.25990867131035483,1.3418958517770307,-0.39641725014457413,1.3839563351653261,0.26482529463584514
3.827,-0.2585654950690788,1.3444544213385448,-0.39502938125985126,1.3878688847228777,0.26482529463584514
3.8280000000000003,-0.2572197668907527,1.3469997216777,-0.3936376037381204,1.3917775217308717,0.26482529463584514
3.829,-0.2558715000571721,1.3495317276734065,-0.39224192148801856,1.3956822501018578,0.26482529463584514
3.83,-0.2545207078751861,1.3520504143357874,-0.39084238786263686,1.3995336253816728,0.2623528764958438
3.831,-0.25316740367656676,1.3545557568064253,-0.38943900671335063,1.403381149286208,0.2623528764958438
3.8320000000000003,-0.25181160081788023,1.357047730358601,-0.3880317818876838,1.4072248256668387,0.2623528764958438
3.833,-0.25045331268035487,1.359526310397539,-0.3866207172293127,1.4110646583710889,0.2623528764958438
3.834,-0.24909255266974542,1.3619914724606563,-0.38520581657807007,1.4149006512426345,0.2623528764958438
3.835,-0.24772933421620386,1.3644431922177989,-0.38378713451293833,1.4186820651317176,0.25981572701628175
3.8360000000000003,-0.24636367077414595,1.366881445471482,-0.38236467481533143,1.4224596976069115,0.25981572701628175
3.837,-0.24499557582211856,1.3693062081571308,-0.3809384412628818,1.4262335524496301,0.25981572701628175
3.838,-0.2436250628626665,1.3717174563433163,-0.3795084376294443,1.4300036334375061,0.25981572701628175
3.839,-0.24225214542219942,1.3741151662319924,-0.3780746676850999,1.4337699443443943,0.25981572701628175
3.84,-0.24087683705085816,1.3764993141587307,-0.3766371872212556,1.4374804638443055,0.2572144722127844
3.841,-0.23949915132238034,1.3788698765929548,-0.3751959999484309,1.4411872728247168,0.2572144722127844
3.842,-0.23811910183396948,1.3812268301381678,-0.37375110957343477,1.4448903749961477,0.2572144722127844
3.843,-0.23673670220615606,1.3835701515321912,-0.37230251979936935,1.4485897740654072,0.2572144722127844
3.844,-0.23535196608266637,1.3858998176473887,-0.37085023432563374,1.4522854737355975,0.2572144722127844
3.845,-0.23396490713028686,1.3882158054908966,-0.3693943101422935,1.4559241833402075,0.2545497539172835
3.846,-0.23257553903872943,1.3905180922048497,-0.3679347508880583,1.459559254235213,0.2545497539172835
3.847,-0.23118387552049624,1.3928066550666076,-0.366471560197999,1.4631906900593235,0.2545497539172835
3.848,-0.22978993031074435,1.3950814714889785,-0.36500474170355135,1.4668184944476097,0.2545497539172835
3.849,-0.22839371716714946,1.3973425190204447,-0.3635342990325198,1.4704426710315077,0.2545497539172835
3.85,-0.2269952498697732,1.3995897753453765,-0.36206029035956694,1.4740086729528692,0.2518222296196539
3.851,-0.22559454222092243,1.4018232182842632,-0.3605827192506946,1.4775711088723094,0.2518222296196539
3.852,-0.22419160804501692,1.404042825793923,-0.3591015892683388,1.4811299823558302,0.2518222296196539
3.853,-0.22278646118844822,1.4062485759677297,-0.3576169039713729,1.4846852969658675,0.2518222296196539
3.854,-0.22137911551945091,1.4084404470358158,-0.35612866691511164,1.4882370562612948,0.2518222296196539
3.855,-0.21996958492795782,1.4106184173653005,-0.3546369374444605,1.4917294706511437,0.24903257230550935
3.856,-0.2185578833254668,1.412782465460495,-0.3531417190518339,1.4952183926266027,0.24903257230550935
3.857,-0.21714402464490193,1.4149325699631201,-0.3516430152261538,1.4987038256800862,0.24903257230550935
3.858,-0.2157280228404792,1.4170687096525099,-0.3501408294528533,1.5021857733005164,0.24903257230550935
3.859,-0.21430989188756477,1.419190863445828,-0.34863516521388,1.5056642389733261,0.24903257230550935
3.86,-0.21288964578253702,1.4212990103982757,-0.34712608300973985,1.5090822041401561,0.2461814702901708
3.861,-0.21146729854265162,1.4233931297032933,-0.34561358625839805,1.5124967513418195,0.2461814702901708
3.862,-0.2100428642059032,1.4254732006927668,-0.34409767837440175,1.5159078839962812,0.2461814702901708
3.863,-0.2086163568308828,1.4275392028372362,-0.34257836276888365,1.5193156055180883,0.2461814702901708
3.864,-0.20718779049664232,1.4295911157460945,-0.3410556428495653,1.5227199193183736,0.2461814702901708
3.865,-0.2057571793025539,1.431628919167791,-0.33952958025762525,1.5260625919400321,0.24326962704884797
3.866,-0.20432453736817496,1.4336525929900248,-0.3380001783357362,1.529401921889069,0.24326962704884797
3.867,-0.2028898788331005,1.4356621172399562,-0.33646744042322807,1.532737912508157,0.24326962704884797
3.868,-0.20145321785683193,1.4376574720843904,-0.33493136985609145,1.536070567136626,0.24326962704884797
3.869,-0.20001456861863226,1.439638637829982,-0.333391969966981,1.5393998891104663,0.24326962704884797
3.87,-0.19857394531739028,1.4416055949234228,-0.3318493035225388,1.5426664444422171,0.24029776104306838
3.871,-0.19713136217147556,1.4435583239516416,-0.3303033737893201,1.5459297332186364,0.24029776104306838
3.872,-0.19568683341860135,1.4454968056419908,-0.32875418403061385,1.549189758706279,0.24029776104306838
3.873,-0.19424037331568328,1.4474210208624392,-0.32720173750644543,1.5524465241684342,0.24029776104306838
3.874,-0.1927919961386986,1.449330950621759,-0.3256460374735803,1.5557000328651271,0.24029776104306838
3.875,-0.1913417161825453,1.451226576069715,-0.3240871478086372,1.558889664943131,0.2372666055434463
3.876,-0.18988954776090106,1.4531078784972489,-0.3225250717012481,1.5620761073890568,0.2372666055434463
3.8770000000000002,-0.18843550520608113,1.4549748393366664,-0.3209598123378556,1.5652593633925367,0.2372666055434463
3.878,-0.18697960286890009,1.4568274401618158,-0.3193913729017156,1.5684394361400131,0.2372666055434463
3.879,-0.18552185511852548,1.4586656626882757,-0.31781975657290085,1.571616328814742,0.2372666055434463
3.88,-0.18406227634233904,1.4604894887735322,-0.31624502832224594,1.5747282506549025,0.23417690844876068
3.8810000000000002,-0.18260088094579405,1.462298900417158,-0.3146671912616727,1.5778370605732228,0.23417690844876068
3.882,-0.1811376833522731,1.4640938797609904,-0.31308624849999106,1.5809427616816247,0.23417690844876068
3.883,-0.17967269800294566,1.4658744090893083,-0.31150220314290217,1.5840453570889184,0.23417690844876068
3.884,-0.17820593935662576,1.4676404708290058,-0.30991505829300137,1.5871448499008047,0.23417690844876068
3.8850000000000002,-0.17673742188962824,1.469392047549768,-0.3083248799993084,1.5901782936929327,0.23102943210143523
3.886,-0.1752671600956293,1.471129121964237,-0.3067316712952671,1.5932087040412686,0.23102943210143523
3.887,-0.17379516848551838,1.4728516769281914,-0.3051354352112879,1.596236083979256,0.23102943210143523
3.888,-0.17232146158725847,1.4745596954407088,-0.3035361747747506,1.5992604365373055,0.23102943210143523
3.8890000000000002,-0.1708460539457417,1.4762531606443359,-0.3019338930100078,1.602281764742797,0.23102943210143523
3.89,-0.16936896012264582,1.4779320558252549,-0.30032865702796774,1.6052359820400433,0.2278249530994613
3.891,-0.16789019469629055,1.4795963644134482,-0.2987204697828477,1.6081872451199923,0.2278249530994613
3.892,-0.16640977226149364,1.4812460699828622,-0.29710933422591085,1.6111355569368615,0.2278249530994613
3.8930000000000002,-0.16492770742942603,1.4828811562515694,-0.29549525330546894,1.6140809204419138,0.2278249530994613
3.894,-0.1634440148274709,1.484501607081927,-0.2938782299668855,1.6170233385834611,0.2278249530994613
3.895,-0.1619587090990753,1.4861074064807391,-0.29225833236639853,1.6198976004869738,0.2245642621048038
3.896,-0.16047180490360544,1.4876985385994161,-0.29063556337826996,1.622768988128583,0.2245642621048038
3.8970000000000002,-0.15898331691620543,1.4892749877341263,-0.2890099258738874,1.6256375043825504,0.2245642621048038
3.898,-0.15749325982765244,1.4908367383259513,-0.28738142272176714,1.628503152120264,0.2245642621048038
3.899,-0.15600164834420757,1.492383774961044,-0.2857500567875569,1.6313659342102398,0.2245642621048038
3.9,-0.15450849718747395,1.4939160823707778,-0.2841158972560079,1.634159531548996,0.22124816364832728
3.9010000000000002,-0.15301382109424982,1.4954336454318975,-0.28247894692071746,1.6369503352904136,0.22124816364832728
3.902,-0.1515176348163874,1.4969364491666661,-0.28083920857248934,1.6397383482280896,0.22124816364832728
3.903,-0.15001995312063862,1.49842447874302,-0.27919668499933653,1.642523573152828,0.22124816364832728
3.904,-0.14852079078851807,1.4998977194747074,-0.2775513789864839,1.6453060128526418,0.22124816364832728
3.9050000000000002,-0.14702016261615183,1.5013561568214373,-0.2759033607301255,1.6480182563584151,0.2178774759313028
3.906,-0.14551808341413586,1.5027997763890206,-0.2742526329425048,1.6507277876206827,0.2178774759313028
3.907,-0.14401456800738463,1.5042285639295159,-0.2725991983331531,1.653434609351688,0.2178774759313028
3.908,-0.1425096312349882,1.5056425053413667,-0.27094305960889215,1.6561387242609624,0.2178774759313028
3.9090000000000003,-0.14100328795006495,1.5070415866695424,-0.2692842194738368,1.6588401350553275,0.2178774759313028
3.91,-0.13949555301961494,1.5084257941056747,-0.267622749118304,1.661470355532743,0.21445303062354787
3.911,-0.13798644132437327,1.5097951139881955,-0.2659586511725143,1.6640979457896812,0.21445303062354787
3.912,-0.1364759677586631,1.5111495328024704,-0.26429192826405795,1.6667229084563624,0.21445303062354787
3.9130000000000003,-0.1349641472302479,1.5124890371809327,-0.2626225830178976,1.669345246160377,0.21445303062354787
3.914,-0.13345099466018762,1.5138136139032141,-0.26095061805637093,1.6719649615266876,0.21445303062354787
3.915,-0.13193652498268638,1.5151232498962772,-0.2592761055463526,1.6745125100183258,0.210975672658246
3.916,-0.1304207531449485,1.5164179322345441,-0.25759904803539113,1.6770575109614725,0.210975672658246
3.9170000000000003,-0.12890369410703006,1.5176976481400224,-0.25591944806848743,1.6795999669036759,0.210975672658246
3.918,-0.1273853628416913,1.518962384982433,-0.2542373081880975,1.682139880389937,0.210975672658246
3.919,-0.12586577433424886,1.5202121302793337,-0.25255263093413477,1.684677253962712,0.210975672658246
3.92,-0.1243449435824278,1.521446871696243,-0.25086548943222553,1.6871415019092186,0.20744626002347324
3.9210000000000003,-0.12282288559621281,1.522666597046762,-0.24917588614661776,1.689603285607779,0.20744626002347324
3.922,-0.12129961539770345,1.5238712942926933,-0.24748382353909512,1.6920626075226406,0.20744626002347324
3.923,-0.11977514802096074,1.5250609515441615,-0.24578930406897953,1.6945194701155875,0.20744626002347324
3.924,-0.11824949851186227,1.52623555705973,-0.2440923301931336,1.6969738758459414,0.20744626002347324
3.9250000000000003,-0.11672268192795272,1.5273950992465164,-0.24239297597789247,1.699354215241106,0.20386566355053426
3.926,-0.11519471333829541,1.5285395666603077,-0.2406912438035956,1.7017321742968756,0.20386566355053426
3.927,-0.11366560782332343,1.5296689480056722,-0.23898713604820201,1.7041077553935895,0.20386566355053426
3.928,-0.11213538047469089,1.5307832321360726,-0.23728065508729282,1.7064809609092066,0.20386566355053426
3.9290000000000003,-0.1106040463951231,1.5318824080539744,-0.2355718032940735,1.7088517932193081,0.20386566355053426
3.93,-0.10907162069827091,1.5329664649109542,-0.23386065565731345,1.7111476367600709,0.200234766699099
3.931,-0.10753811850855728,1.5340353920078083,-0.23214721447285616,1.7134411844572928,0.200234766699099
3.932,-0.10600355496102801,1.5350891787946588,-0.23043148203424935,1.7157324386068173,0.200234766699099
3.9330000000000003,-0.10446794520120577,1.536127814871056,-0.22871346063274717,1.7180214015021924,0.200234766699099
3.934,-0.10293130438494068,1.5371512899860795,-0.2269931525573125,1.7203080754346722,0.200234766699099
3.935,-0.10139364767825634,1.5381595940384443,-0.22527063370064648,1.7225188566660223,0.19655446533924392
3.936,-0.09985499025720371,1.5391527170765957,-0.22354590627353035,1.7247274271161412,0.19655446533924392
3.9370000000000003,-0.09831534730770945,1.5401306492988114,-0.22181897248453455,1.72693378899581,0.19655446533924392
3.938,-0.09677473402543052,1.5410933810532934,-0.22008983454002096,1.729137944513599,0.19655446533924392
3.939,-0.09523316561559543,1.5420409028382693,-0.21835849464414508,1.7313398958758703,0.19655446533924392
3.94,-0.0936906572928629,1.5429732053020815,-0.21662502957481447,1.733465069330603,0.19282566753042774
3.9410000000000003,-0.09214722428116646,1.5438902792432811,-0.2148894414572026,1.735588117611881,0.19282566753042774
3.942,-0.09060288181356858,1.544792115610718,-0.21315173241435773,1.7377090428448776,0.19282566753042774
3.943,-0.08905764513210507,1.5456787055036314,-0.21141190456720507,1.7398278471526412,0.19282566753042774
3.944,-0.08751152948763812,1.5465500401717376,-0.20966996003454896,1.7419445326560972,0.19282566753042774
3.9450000000000003,-0.08596455013970497,1.5474061110153146,-0.20792597646055958,1.74398357398939,0.1890492932974532
3.946,-0.08441672235636723,1.5482469095852889,-0.20617995588427823,1.7460205762813497,0.1890492932974532
3.947,-0.08286806141406024,1.5490724275833183,-0.20443190034270722,1.7480555415710173,0.1890492932974532
3.948,-0.08131858259744229,1.549882656861873,-0.20268181187081183,1.7500884718953953,0.1890492932974532
3.9490000000000003,-0.07976830119924286,1.550677589424318,-0.20092969250152237,1.752119369289449,0.1890492932974532
3.95,-0.07821723252011524,1.5514572174249892,-0.19917562072611414,1.7540717754082291,0.18522627440347633
3.951,-0.07666539186848022,1.5522215331692728,-0.19741959849699325,1.7560222291208905,0.18522627440347633
3.952,-0.07511279456037852,1.552970529113681,-0.1956616277646134,1.757970732379839,0.18522627440347633
3.9530000000000003,-0.07355945591931878,1.5537041978659265,-0.19390171047747787,1.7599172871355286,0.18522627440347633
3.954,-0.07200539127612626,1.554422532184995,-0.1921398485821414,1.7618618953364626,0.18522627440347633
3.955,-0.07045061596879161,1.5551255249812166,-0.19037612139761786,1.7637271845235287,0.18135755412012575
3.956,-0.06889514534231941,1.555813169316336,-0.18861053078919646,1.7655906084214077,0.18135755412012575
3.9570000000000003,-0.0673389947485759,1.5564854584035819,-0.18684307862030106,1.7674521688953888,0.18135755412012575
3.958,-0.06578217954614095,1.5571423856077315,-0.18507376675249215,1.769311867808896,0.18135755412012575
3.959,-0.06422471510015121,1.557783944445179,-0.18330259704546867,1.7711697070234895,0.18135755412012575
3.96,-0.062666616782152,1.5584101285839977,-0.1815296496264123,1.7729474190563617,0.1774440869947858
3.9610000000000003,-0.0611078999699447,1.559020931844003,-0.1797549262730351,1.774723353377201,0.1774440869947858
3.962,-0.05954858004743495,1.559616348196813,-0.17797842876127137,1.7764975117637196,0.1774440869947858
3.963,-0.057988672404480864,1.560196371765909,-0.1762001588652795,1.7782698959918517,0.1774440869947858
3.964,-0.05642819243674112,1.5607609968266924,-0.17442011835744375,1.7800405078357555,0.1774440869947858
3.9650000000000003,-0.05486715554552213,1.5613102178065423,-0.17263838815334354,1.7817302041002214,0.1734868386150793
3.966,-0.053305577137629546,1.5618440292848685,-0.1708549699426751,1.7834182106684229,0.1734868386150793
3.967,-0.05174347262521095,1.5623624259931674,-0.16906986541344504,1.785104529230056,0.1734868386150793
3.968,-0.050180857425608114,1.5628654028150728,-0.16728307625197192,1.7867891614731275,0.1734868386150793
3.969,-0.04861774696120043,1.5633529547864071,-0.16549460414288797,1.788472109083956,0.1734868386150793
3.97,-0.047054156659257135,1.5638250770952289,-0.1637045307702057,1.7900733726822848,0.16948678537064354
3.971,-0.04549010195178503,1.5642817650818812,-0.16191285773518868,1.7916730350170154,0.16948678537064354
3.972,-0.043925598275371756,1.5647230142390385,-0.16011958663749926,1.7932710976894113,0.16948678537064354
3.973,-0.04236066107103699,1.5651488202117494,-0.15832471907520013,1.7948675622991348,0.16948678537064354
3.974,-0.040795305784079146,1.5655591787974807,-0.15652825664475586,1.7964624304442485,0.16948678537064354
3.975,-0.03922954786392294,1.5659540859461591,-0.15473028177845782,1.797974866298049,0.16544491421223906
3.976,-0.03766340276396692,1.5663335377602108,-0.15293079598874182,1.7994857897159957,0.16544491421223906
3.977,-0.036096885941430956,1.5666975304945991,-0.1511298007865313,1.8009952022105244,0.16544491421223906
3.978,-0.03453001285720277,1.567046060556863,-0.14932729768123873,1.8025031052925586,0.16544491421223906
3.979,-0.0329627989756889,1.5673791245071511,-0.1475232881807672,1.8040095004715109,0.16544491421223906
3.98,-0.031395259764656756,1.5676967190582567,-0.14571785544534802,1.8054327354192043,0.16136222240824466
3.981,-0.029827410695085512,1.5679988410756502,-0.14391100089821607,1.80685454713195,0.16136222240824466
3.982,-0.028259267241012524,1.5682854875775087,-0.1421027259611831,1.808274937032983,0.16136222240824466
3.983,-0.026690844879380594,1.5685566557347475,-0.14029303205463897,1.8096939065441149,0.16136222240824466
3.984,-0.025122159089885236,1.5688123428710463,-0.13848192059755324,1.8111114570857356,0.16136222240824466
3.985,-0.023553225354821884,1.5690525464628757,-0.13666947545757863,1.812445139974622,0.15723971729860475
3.986,-0.02198405915893222,1.569277264139524,-0.134855697968398,1.8137774891806195,0.15723971729860475
3.987,-0.020414675989254862,1.569486493683118,-0.13304058946236058,1.815108506037411,0.15723971729860475
3.988,-0.01884509133496723,1.5696802330286468,-0.13122415127048323,1.8164381918773458,0.15723971729860475
3.989,-0.017275320687236192,1.5698584802639812,-0.12940638472245178,1.8177665480314404,0.15723971729860475
3.99,-0.015705379539064302,1.5700212336298927,-0.12758737437264744,1.8190103498043353,0.15307841604631062
3.991,-0.01413528338513688,1.5701684915200715,-0.12576712146487198,1.8202529077754572,0.15307841604631062
3.992,-0.01256504772166909,1.5703002524811416,-0.12394562724168337,1.821494223188608,0.15307841604631062
3.993,-0.010994688046253004,1.570416515212676,-0.12212289294439703,1.8227342972863456,0.15307841604631062
3.994,-0.009424219857703746,1.5705172785672077,-0.12029891981308705,1.8239731313099854,0.15307841604631062
3.995,-0.007853658655910095,1.5706025415502431,-0.11847379306800064,1.825126745086404,0.14887934538643124
3.996,-0.006283019941676158,1.5706723033202716,-0.1166475138627516,1.8262792052490462,0.14887934538643124
3.997,-0.004712319216572843,1.5707265631887726,-0.11482008334980008,1.8274305129515258,0.14887934538643124
3.998,-0.003141571982779525,1.5707653206202226,-0.11299150268045378,1.828580669346303,0.14887934538643124
3.999,-0.0015707937429399288,1.570788575232102,-0.1111617730048691,1.8297296755846852,0.14887934538643124
4.0,-2.4492935982947064e-16,1.5707963267948966,-0.10933098018813255,1.8307928167365566,0.1446435413728011
4.001,0.0015707937429403271,1.570788575232102,-0.10749912529338528,1.8318548947472761,0.1446435413728011
4.002,0.0031415719827790354,1.5707653206202226,-0.1056662093827053,1.8329159106799848,0.1446435413728011
4.003,0.004712319216572353,1.5707265631887726,-0.10383223351710853,1.8339758655967608,0.1446435413728011
4.0040000000000004,0.006283019941676556,1.5706723033202716,-0.10199719875654992,1.8350347605586201,0.1446435413728011
4.005,0.007853658655909604,1.5706025415502431,-0.10016119158976941,1.8360071667805096,0.14037204912240595
4.006,0.009424219857704145,1.5705172785672075,-0.09832421298917324,1.8369786005961772,0.14037204912240595
4.007,0.010994688046251625,1.570416515212676,-0.0964862639261952,1.837949062978029,0.14037204912240595
4.008,0.012565047721668601,1.5703002524811416,-0.09464734537129771,1.8389185548974991,0.14037204912240595
4.009,0.014135283385137278,1.5701684915200715,-0.09280745829397266,1.8398870773250497,0.14037204912240595
4.01,0.015705379539063813,1.5700212336298927,-0.09096668978527378,1.8407685086988752,0.1360659225575258
4.011,0.017275320687235703,1.5698584802639812,-0.08912504072663245,1.8416490586413268,0.1360659225575258
4.0120000000000005,0.018845091334967628,1.5696802330286468,-0.08728251199859861,1.842528728033836,0.1360659225575258
4.013,0.020414675989254373,1.5694864936831183,-0.08543910448084166,1.8434075177569527,0.1360659225575258
4.014,0.021984059158932614,1.569277264139524,-0.08359481905215131,1.8442854286903463,0.1360659225575258
4.015,0.023553225354820507,1.569052546462876,-0.08174974338440674,1.8450756677445699,0.13172622414570254
4.016,0.025122159089884747,1.5688123428710463,-0.079903878267847,1.8458651165597393,0.13172622414570254
4.017,0.026690844879380105,1.5685566557347477,-0.07805722449192092,1.8466537759260937,0.13172622414570254
4.018,0.028259267241012034,1.5682854875775087,-0.07620978284528783,1.8474416466330816,0.13172622414570254
4.019,0.029827410695085023,1.5679988410756502,-0.07436155411581846,1.8482287294693627,0.13172622414570254
4.0200000000000005,0.03139525976465715,1.5676967190582567,-0.07251262653458582,1.8489275812326458,0.12735402463761944
4.021,0.03296279897568841,1.5673791245071511,-0.07066300080044165,1.8496257341441655,0.12735402463761944
4.022,0.03453001285720317,1.567046060556863,-0.06881267761153888,1.8503231889027738,0.12735402463761944
4.023,0.03609688594142958,1.5666975304945996,-0.06696165766533226,1.8510199462066235,0.12735402463761944
4.024,0.03766340276396644,1.566333537760211,-0.06510994165857908,1.8517160067531693,0.12735402463761944
4.025,0.03922954786392245,1.5659540859461594,-0.06325761835977661,1.852323298802474,0.12295040280290011
4.026,0.04079530578407865,1.5655591787974807,-0.06140468837621688,1.8529299835597295,0.12295040280290011
4.027,0.042360661071036504,1.5651488202117494,-0.05955115231458465,1.8535360616322278,0.12295040280290011
4.0280000000000005,0.04392559827537216,1.5647230142390385,-0.057697010780958,1.8541415336266536,0.12295040280290011
4.029,0.045490101951784545,1.5642817650818814,-0.055842264380808915,1.854746400149085,0.12295040280290011
4.03,0.04705415665925753,1.5638250770952289,-0.0539870023981567,1.8552619826522154,0.11851644516397605
4.031,0.04861774696119906,1.5633529547864073,-0.05213122534858386,1.8557770495728427,0.11851644516397605
4.032,0.05018085742560762,1.562865402815073,-0.05027493374715731,1.8562916014265494,0.11851644516397605
4.033,0.05174347262521135,1.5623624259931672,-0.04841812810842891,1.8568056387284024,0.11851644516397605
4.034,0.05330557713762906,1.5618440292848685,-0.04656080894643595,1.8573191619929534,0.11851644516397605
4.035,0.054867155545522524,1.5613102178065421,-0.04470306603869043,1.8577429077455203,0.11405324572799357
4.0360000000000005,0.05642819243674151,1.5607609968266924,-0.042844899808938096,1.8581662297523347,0.11405324572799357
4.037,0.05798867240448038,1.5601963717659093,-0.04098631068050095,1.8585891284371423,0.11405324572799357
4.038,0.059548580047435344,1.559616348196813,-0.03912729907627769,1.859011604223265,0.11405324572799357
4.039,0.061107899969944215,1.5590209318440031,-0.037267865418744085,1.8594336575336015,0.11405324572799357
4.04,0.06266661678215152,1.558410128583998,-0.03540809995675368,1.859765461990406,0.10956190571691014
4.041,0.06422471510015161,1.5577839444451789,-0.03354800302211093,1.8600969346427538,0.10956190571691014
4.042,0.06578217954614046,1.5571423856077318,-0.03168757494628848,1.8604280758224492,0.10956190571691014
4.043,0.0673389947485763,1.5564854584035817,-0.029826816060427516,1.860758885860965,0.10956190571691014
4.0440000000000005,0.0688951453423198,1.5558131693163357,-0.027965726695338075,1.8610893650894422,0.10956190571691014
4.045,0.07045061596879112,1.5551255249812168,-0.026104397548947805,1.8613291463902686,0.10504353329579078
4.046,0.07200539127612667,1.5544225321849947,-0.024242828861038013,1.8615686879097941,0.10504353329579078
4.047,0.0735594559193183,1.5537041978659267,-0.022381020871150212,1.8618079898878002,0.10504353329579078
4.048,0.07511279456037803,1.5529705291136813,-0.020518973818586386,1.8620470525638282,0.10504353329579078
4.049,0.0766653918684806,1.5522215331692726,-0.018656687942409204,1.86228587617718,0.10504353329579078
4.05,0.07821723252011475,1.5514572174249894,-0.016794254367242214,1.8624335751669907,0.10049924329939074
4.051,0.07976830119924325,1.550677589424318,-0.014931673240784402,1.8625811264578116,0.10049924329939074
4.0520000000000005,0.08131858259744268,1.549882656861873,-0.01306894471058706,1.8627285301973415,0.10049924329939074
4.053,0.08286806141405975,1.5490724275833185,-0.011206068924053928,1.862875786533132,0.10049924329939074
4.054,0.08441672235636674,1.548246909585289,-0.009343046028441342,1.8630228956125867,0.10049924329939074
4.055,0.08596455013970448,1.5474061110153148,-0.0074799675525852255,1.8630784758561163,0.09593015695711007
4.056,0.08751152948763764,1.5465500401717378,-0.0056168335520658235,1.8631340005194024,0.09593015695711007
4.057,0.08905764513210546,1.5456787055036312,-0.003753644082407798,1.8631894696580251,0.09593015695711007
4.058,0.0906028818135681,1.5447921156107183,-0.0018903991990802888,1.8632448833275093,0.09593015695711007
4.059,0.09214722428116685,1.543890279243281,-2.7098957496964884e-05,1.863300241583324,0.09593015695711007
4.0600000000000005,0.09369065729286243,1.5429732053020817,0.0018361647318771027,1.8632636893740675,0.0913374016163461
4.061,0.09523316561559496,1.5420409028382698,0.003699391905594123,1.8632271737170203,0.0913374016163461
4.062,0.09677473402543005,1.5410933810532936,0.005562582600169753,1.8631906945756302,0.0913374016163461
4.063,0.09831534730770898,1.5401306492988118,0.007425736852083135,1.8631542519133815,0.0913374016163461
4.064,0.09985499025720324,1.5391527170765962,0.00928885469777693,1.863117845693795,0.0913374016163461
4.065,0.10139364767825673,1.5381595940384438,0.011151843867834318,1.8629891700573882,0.08672211046435428
4.066,0.10293130438494019,1.53715128998608,0.013014704490930937,1.8628606230966178,0.08672211046435428
4.067,0.10446794520120616,1.5361278148710558,0.014877436695613745,1.8627322046828083,0.08672211046435428
4.0680000000000005,0.10600355496102752,1.5350891787946592,0.016740040610301158,1.8626039146874125,0.08672211046435428
4.069,0.1075381185085568,1.5340353920078087,0.01860251636328317,1.8624757529820122,0.08672211046435428
4.07,0.1090716206982713,1.532966464910954,0.020464771348957175,1.8622549856740034,0.08208542224865881
4.071,0.11060404639512261,1.5318824080539748,0.022326805788090476,1.8620344391333026,0.08208542224865881
4.072,0.11213538047469042,1.530783232136073,0.02418861990122962,1.8618141131391424,0.08208542224865881
4.073,0.11366560782332381,1.5296689480056722,0.026050213908700597,1.8615940074709765,0.08208542224865881
4.074,0.11519471333829492,1.528539566660308,0.027911588030609075,1.8613741219084787,0.08208542224865881
4.075,0.11672268192795311,1.5273950992465162,0.029772649348015566,1.8610613174064923,0.07742848099609932
4.0760000000000005,0.11824949851186266,1.5262355570597295,0.031633398173724576,1.8607488257090077,0.07742848099609932
4.077,0.11977514802096027,1.5250609515441618,0.033493834820227796,1.8604366465032207,0.07742848099609932
4.078,0.12129961539770383,1.523871294292693,0.035353959599704436,1.8601247794766396,0.07742848099609932
4.079,0.12282288559621234,1.5226665970467625,0.037213772824021524,1.8598132243170848,0.07742848099609932
4.08,0.12434494358242733,1.5214468716962433,0.0390731812838289,1.859408459807379,0.07275243573055913
4.081,0.12586577433424925,1.5202121302793332,0.04093218538389109,1.8590041000621829,0.07275243573055913
4.082,0.12738536284169083,1.5189623849824334,0.04279078552856782,1.858600144676732,0.07275243573055913
4.083,0.12890369410702956,1.5176976481400228,0.044648982121814486,1.8581965932466664,0.07275243573055913
4.0840000000000005,0.1304207531449489,1.5164179322345437,0.046506775567182516,1.857793445368031,0.07275243573055913
4.085,0.1319365249826859,1.5151232498962777,0.04836407238790897,1.8572968207264524,0.06805844018948079
4.086,0.133450994660188,1.5138136139032137,0.05022087308061848,1.8568006927095155,0.06805844018948079
4.087,0.13496414723024744,1.5124890371809332,0.05207717814143908,1.8563050608205955,0.06805844018948079
4.088,0.13647596775866264,1.5111495328024707,0.05393298806600264,1.8558099245635646,0.06805844018948079
4.089,0.13798644132437365,1.5097951139881953,0.055788303349445435,1.8553152834427906,0.06805844018948079
4.09,0.13949555301961447,1.5084257941056753,0.057643030270655565,1.8547269212101318,0.0633476525392035
4.091,0.14100328795006448,1.5070415866695428,0.05949716941799527,1.8541391473397058,0.0633476525392035
4.0920000000000005,0.14250963123498858,1.5056425053413665,0.06135072137923842,1.8535519612431501,0.0633476525392035
4.093,0.14401456800738416,1.5042285639295163,0.06320368674157112,1.8529653623326912,0.0633476525392035
4.094,0.14551808341413625,1.5027997763890204,0.06505606609159226,1.8523793500211425,0.0633476525392035
4.095,0.14702016261615136,1.5013561568214377,0.06690776548696516,1.8516993953729055,0.05862123508920679
4.096,0.1485207907885176,1.4998977194747076,0.06875878560764448,1.8510201206793166,0.05862123508920679
4.097,0.15001995312063815,1.4984244787430205,0.0706091271329049,1.8503415252604214,0.05862123508920679
4.098,0.15151763481638694,1.4969364491666666,0.07245879074134184,1.849663608436945,0.05862123508920679
4.099,0.1530138210942502,1.495433645431897,0.07430777711087214,1.8489863695302924,0.05862123508920679
4.1,0.15450849718747262,1.493916082370779,0.076155992101113,1.848214990240869,0.05388035400534698
4.101,0.1560016483442071,1.4923837749610445,0.07800343648344374,1.8474443823307352,0.05388035400534698
4.102,0.15749325982765283,1.4908367383259509,0.07985011102847225,1.8466745450285114,0.05388035400534698
4.103,0.15898331691620496,1.489274987734127,0.08169601650603585,1.8459054775635897,0.05388035400534698
4.104,0.16047180490360496,1.4876985385994168,0.08354115368520199,1.845137179166133,0.05388035400534698
4.105,0.16195870909907484,1.4861074064807396,0.08538542825076939,1.8442745655674095,0.04912617902212767
4.106,0.16344401482747045,1.4845016070819275,0.08722884106535167,1.8434128145822848,0.04912617902212767
4.107,0.1649277074294264,1.4828811562515691,0.08907139299069981,1.842551925348145,0.04912617902212767
4.108,0.16640977226149234,1.4812460699828638,0.09091308488770306,1.8416918970032394,0.04912617902212767
4.109,0.1678901946962901,1.4795963644134489,0.09275391761638974,1.8408327286866788,0.04912617902212767
4.11,0.1693689601226462,1.4779320558252547,0.09459379671001081,1.8398790936210738,0.04435988315408572
4.111,0.17084605394574126,1.4762531606443365,0.09643272312220134,1.8389264121905344,0.04435988315408572
4.112,0.17232146158725803,1.4745596954407092,0.09827069780564276,1.8379746834414257,0.04435988315408572
4.113,0.17379516848551876,1.472851676928191,0.10010772171206384,1.837023906421066,0.04435988315408572
4.114,0.17526716009562882,1.4711291219642377,0.10194379579224157,1.8360740801777267,0.04435988315408572
4.115,0.17673742188962863,1.4693920475497675,0.10377882545118725,1.8350296589456767,0.03958264240638637
4.116,0.1782059393566245,1.4676404708290074,0.1056128117333221,1.8339862821348587,0.03958264240638637
4.117,0.17967269800294522,1.4658744090893088,0.10744575568202296,1.8329439487008516,0.03958264240638637
4.118,0.18113768335227345,1.46409387976099,0.10927765833962323,1.8319026576002786,0.03958264240638637
4.119,0.1826008809457936,1.4622989004171585,0.11110852074741404,1.830862407790806,0.03958264240638637
4.12,0.18406227634233857,1.4604894887735327,0.11293824820550674,1.8297274580927085,0.034795635484667076
4.121,0.18552185511852584,1.4586656626882752,0.11476684184885105,1.828593643344309,0.034795635484667076
4.122,0.18697960286889964,1.4568274401618164,0.11659430281126171,1.8274609624106581,0.034795635484667076
4.123,0.1884355052060815,1.454974839336666,0.11842063222541965,1.826329414157941,0.034795635484667076
4.124,0.1898895477608998,1.4531078784972504,0.12024583122287313,1.8251989974534764,0.034795635484667076
4.125,0.19134171618254486,1.4512265760697154,0.12206980502219925,1.8239737993261071,0.030000043504215174
4.126,0.19279199613869816,1.4493309506217595,0.12389255484859611,1.8227498263968653,0.030000043504215174
4.127,0.19424037331568283,1.4474210208624396,0.12571408192603667,1.8215270774405528,0.030000043504215174
4.128,0.1956868334186009,1.4454968056419915,0.12753438747726986,1.8203055512331965,0.030000043504215174
4.1290000000000004,0.19713136217147592,1.443558323951641,0.12935347272382192,1.8190852465520475,0.030000043504215174
4.13,0.19857394531738984,1.4416055949234234,0.1311712428261214,1.8177701022994663,0.025197049698548635
4.131,0.20001456861863262,1.4396386378299817,0.13298769909931252,1.8164562731911378,0.025197049698548635
4.132,0.20145321785683068,1.437657472084392,0.13480284285722444,1.8151437579119176,0.025197049698548635
4.133,0.20288987883310006,1.4356621172399566,0.1366166754123724,1.8138325551479766,0.025197049698548635
4.134,0.2043245373681745,1.4336525929900257,0.13842919807595921,1.8125226635867995,0.025197049698548635
4.135,0.20575717930255347,1.4316289191677916,0.140240315973665,1.8111178977057625,0.020387839127486138
4.136,0.20718779049664188,1.4295911157460954,0.14205003051025558,1.8097145365906064,0.020387839127486138
4.1370000000000005,0.20861635683088317,1.4275392028372358,0.14385834308909215,1.8083125788365655,0.020387839127486138
4.138,0.21004286420590276,1.4254732006927675,0.14566525511213244,1.8069120230402786,0.020387839127486138
4.139,0.21146729854265198,1.423393129703293,0.14747076797993222,1.805512867799788,0.020387839127486138
4.14,0.21288964578253577,1.4212990103982774,0.1492747868068319,1.8040188268996833,0.015573598384753931
4.141,0.21430989188756433,1.4191908634458288,0.1510773130868724,1.8025262800404787,0.015573598384753931
4.142,0.21572802284047957,1.4170687096525094,0.15287834831260053,1.8010352257281332,0.015573598384753931
4.143,0.21714402464490148,1.4149325699631208,0.15467789397507062,1.7995456624701003,0.015573598384753931
4.144,0.21855788332546636,1.4127824654604957,0.15647595156384594,1.7980575887753252,0.015573598384753931
4.1450000000000005,0.21996958492795818,1.4106184173652998,0.1582724262053386,1.7964746414926542,0.010755515305216859
4.146,0.2213791155194505,1.4084404470358165,0.16006731948249586,1.7948932771572659,0.010755515305216859
4.147,0.22278646118844858,1.4062485759677292,0.16186063297668207,1.793313494186213,0.010755515305216859
4.148,0.22419160804501567,1.404042825793925,0.1636523682676802,1.7917352909981312,0.010755515305216859
4.149,0.22559454222092198,1.401823218284264,0.16544252693369343,1.7901586660132374,0.010755515305216859
4.15,0.22699524986977357,1.399589775345376,0.1672310141366141,1.7884872029206602,0.0059347786718018936
4.151,0.22839371716714904,1.3973425190204454,0.16901783154790526,1.7868174112911757,0.0059347786718018936
4.152,0.22978993031074393,1.3950814714889794,0.17080298083735856,1.7851492894533205,0.0059347786718018936
4.1530000000000005,0.23118387552049657,1.392806655066607,0.17258646367309588,1.7834828357373032,0.0059347786718018936
4.154,0.232575539038729,1.3905180922048503,0.17436828172157087,1.781818048475002,0.0059347786718018936
4.155,0.23396490713028642,1.3882158054908973,0.17614834020355585,1.780058481984971,0.001112577922199709
4.156,0.23535196608266593,1.3858998176473896,0.1779266408786173,1.77830067506143,0.001112577922199709
4.157,0.23673670220615564,1.3835701515321919,0.1797031855045621,1.7765446259448125,0.001112577922199709
4.158,0.2381191018339698,1.3812268301381672,0.1814779758374394,1.7747903328773118,0.001112577922199709
4.159,0.2394991513223799,1.3788698765929555,0.18325101363154228,1.7730377941028785,0.001112577922199709
4.16,0.24087683705085772,1.3764993141587314,0.18502220418990817,1.7711905583658833,-0.0037098971446132695
4.1610000000000005,0.24225214542219975,1.374115166231992,0.1867915493597728,1.7693451698646252,-0.0037098971446132695
4.162,0.24362506286266608,1.371717456343317,0.18855905098652467,1.7675016267518684,-0.0037098971446132695
4.163,0.24499557582211812,1.3693062081571317,0.1903247109137069,1.7656599271822242,-0.0037098971446132695
4.164,0.24636367077414553,1.3668814454714828,0.19208853098301903,1.7638200693121497,-0.0037098971446132695
4.165,0.24772933421620344,1.3644431922177995,0.19385041660312863,1.761885620109599,-0.008531456661936249
4.166,0.24909255266974575,1.3619914724606559,0.1956103697084849,1.7599531053562507,-0.008531456661936249
4.167,0.2504533126803544,1.35952631039754,0.19736839223160255,1.7580225231176558,-0.008531456661936249
4.168,0.2518116008178806,1.3570477303586004,0.19912448610306385,1.7560938714612995,-0.008531456661936249
4.1690000000000005,0.25316740367656637,1.3545557568064261,0.20087865325152046,1.7541671484565995,-0.008531456661936249
4.17,0.25452070787518566,1.3520504143357883,0.20263079921460883,1.7521459630883647,-0.013350910988912945
4.171,0.2558715000571724,1.3495317276734058,0.20438092601351432,1.750126798905498,-0.013350910988912945
4.172,0.2572197668907523,1.346999721677701,0.20612903566740112,1.7481096538868144,-0.013350910988912945
4.173,0.25856549506907833,1.3444544213385456,0.20787513019341428,1.7460945260131493,-0.013350910988912945
4.174,0.25990867131035517,1.3418958517770303,0.20961921160668162,1.7440814132673579,-0.013350910988912945
4.175,0.261249282357974,1.3393240382452059,0.21136118559711564,1.7419739904340092,-0.018167071004060828
4.176,0.26258731498064813,1.336739006125828,0.21310105427213913,1.739868675023494,-0.018167071004060828
4.1770000000000005,0.2639227559725334,1.3341407809321246,0.2148388197370675,1.7377654649283893,-0.018167071004060828
4.178,0.26525559215336636,1.331529388307529,0.21657448409511088,1.7356643580433797,-0.018167071004060828
4.179,0.26658581036859436,1.3289048540254285,0.21830804944737614,1.7335653522652552,-0.018167071004060828
4.18,0.2679133974894975,1.3262672039889218,0.22003942165932117,1.7313722119450168,-0.022978748398657295
4.181,0.26923834041332995,1.3236164642305448,0.22176860292408626,1.7291812647650986,-0.022978748398657295
4.182,0.27056062606343845,1.3209526609120315,0.22349559543261863,1.7269925085323603,-0.022978748398657295
4.183,0.2718802413893959,1.318275820324048,0.2252204013736745,1.7248059410558547,-0.022978748398657295
4.184,0.2731971733671349,1.3155859688859244,0.22694302293382132,1.7226215601468258,-0.022978748398657295
4.1850000000000005,0.2745114089990661,1.3128831331454132,0.2286633661772886,1.7203432434672803,-0.027784755969934183
4.186,0.27582293531421453,1.3101673397784115,0.23038143338239303,1.7180672051044144,-0.027784755969934183
4.187,0.2771317393683471,1.307438615588699,0.23209722682517295,1.7157934427799113,-0.027784755969934183
4.188,0.2784378082440933,1.3046969875076881,0.23381074877939068,1.7135219542177327,-0.027784755969934183
4.189,0.27974112905108345,1.301942482594135,0.2355220015165348,1.7112527371441162,-0.027784755969934183
4.19,0.2810416889260659,1.2991751280338941,0.2372308913227835,1.708889806248692,-0.032583907914004395
4.191,0.2823394750330383,1.2963949511396409,0.23893742056106765,1.706529238284163,-0.032583907914004395
4.192,0.2836344745633779,1.2936019793505942,0.24064159159195525,1.7041710308875988,-0.032583907914004395
4.1930000000000005,0.2849266747359622,1.2907962402322575,0.24234340677365368,1.701815181698431,-0.032583907914004395
4.194,0.286216062797295,1.287977761476149,0.24404286846201212,1.6994616883584526,-0.032583907914004395
4.195,0.28750262602163945,1.285146570899509,0.24573988318827986,1.6970147262677255,-0.03737502011842843
4.196,0.2887863517111332,1.2823026964450521,0.24743445339941894,1.6945702111390892,-0.03737502011842843
4.197,0.2900672271959247,1.2794461661806646,0.24912658153994452,1.6921281405255815,-0.03737502011842843
4.198,0.29134523983428795,1.2765770082991519,0.2508162700519272,1.6896885119826872,-0.03737502011842843
4.199,0.2926203770127549,1.273695251117942,0.25250352137499554,1.687251323068336,-0.03737502011842843
4.2,0.29389262614623635,1.2708009230788155,0.2541882423085317,1.6847209335361801,-0.0421569104543745
4.2010000000000005,0.2951619746781477,1.2678940527476195,0.25587043538292525,1.6821930743935565,-0.0421569104543745
4.202,0.2964284100805293,1.2649746688139956,0.2575501031260353,1.6796677431100755,-0.0421569104543745
4.203,0.29769191985417776,1.2620428000910782,0.2592272480631932,1.677144937157878,-0.0421569104543745
4.204,0.2989524915287589,1.2590984755152346,0.26090187271720483,1.6746246540116325,-0.0421569104543745
4.205,0.3002101126629421,1.2561417241457529,0.2625738841785811,1.6720114613762551,-0.0469283990682893
4.206,0.3014647708445124,1.2531725751645806,0.2642432850605146,1.669400881933513,-0.0469283990682893
4.207,0.30271645369050065,1.2501910578760174,0.2659100779735848,1.6667929130702137,-0.0469283990682893
4.208,0.3039651488473026,1.2471972017064357,0.2675742655257606,1.6641875521757776,-0.0469283990682893
4.2090000000000005,0.3052108439908018,1.2441910362039852,0.2692358503224028,1.6615847966422361,-0.0469283990682893
4.21,0.30645352682648797,1.2411725910383111,0.27089473976807493,1.6588894456721337,-0.05168830867300722
4.211,0.3076931850895861,1.2381418960002417,0.27255093655812795,1.6561967900530015,-0.05168830867300722
4.212,0.3089298065451668,1.2350989810015203,0.27420444338521743,1.6535068270894884,-0.05168830867300722
4.213,0.3101633789882782,1.2320438760744827,0.27585526293930634,1.6508195540889388,-0.05168830867300722
4.214,0.3113938902440564,1.2289766113717862,0.27750339790766776,1.6481349683613897,-0.05168830867300722
4.215,0.31262132816785193,1.225897217166095,0.27914875603176403,1.645358124096264,-0.056435464838220095
4.216,0.31384568064535023,1.2228057238497816,0.2807913400884394,1.6425840566754033,-0.056435464838220095
4.2170000000000005,0.3150669355926851,1.2197021619346404,0.2824311528517614,1.6398127633219635,-0.056435464838220095
4.218,0.31628508095656205,1.2165865620515783,0.2840681970930233,1.637044241261877,-0.056435464838220095
4.219,0.3175001047143807,1.2134589549503008,0.28570247558074713,1.6342784877238508,-0.056435464838220095
4.22,0.31871199487434454,1.210319371499035,0.28733389641605767,1.631420835310522,-0.0611686962802499
4.221,0.3199207394755888,1.2071678426841963,0.2889624624566073,1.6285660405496065,-0.0611686962802499
4.222,0.3211263265882924,1.2040043996101017,0.2905881765571907,1.625714100583452,-0.0611686962802499
4.223,0.3223287443137951,1.200829073498663,0.292211041569748,1.6228650125572635,-0.0611686962802499
4.224,0.3235279807847222,1.1976418956890595,0.2938310603433671,1.6200187736191012,-0.0611686962802499
4.225,0.3247240241650911,1.194442897637457,0.29544814136150954,1.617081018142461,-0.06588683515104521
4.226,0.3259168626504393,1.191232110916667,0.2970622875619308,1.6141462004212976,-0.06588683515104521
4.227,0.327106484467931,1.1880095672158624,0.2986735018794487,1.6112143175178555,-0.06588683515104521
4.228,0.328292877876478,1.1847752983402515,0.300281787245946,1.6082853664973167,-0.06588683515104521
4.229,0.32947603116685814,1.1815293362107577,0.3018871465903738,1.6053593444277985,-0.06588683515104521
4.23,0.3306559326618262,1.178271712863716,0.30348948880111065,1.6023422107368444,-0.07058871732632
4.231,0.3318325707162288,1.1750024604505598,0.3050888168952902,1.599328094179581,-0.07058871732632
4.232,0.33300593371712595,1.1717216112374826,0.3066851338870291,1.596316991738875,-0.07058871732632
4.233,0.3341760100838959,1.1684291976051497,0.3082784427874297,1.5933089004006098,-0.07058871732632
4.234,0.33534278826836,1.1651252520483464,0.3098687466045834,1.5903038171536827,-0.07058871732632
4.235,0.33650625675488655,1.1618098071756877,0.31145595465426607,1.5872080496826733,-0.07527318269279223
4.236,0.33766640406051207,1.1584828957092737,0.3130400700322452,1.5841153779791348,-0.07527318269279223
4.237,0.3388232187350509,1.1551445504843771,0.3146210958311925,1.5810257989472998,-0.07527318269279223
4.238,0.33997668936120995,1.1517948044491164,0.31619903514068703,1.5779393094944967,-0.07527318269279223
4.239,0.34112680455469785,1.148433690664138,0.3177738910472182,1.5748559065311463,-0.07527318269279223
4.24,0.34227355296434453,1.1450612423022701,0.3193455733163341,1.571682269115927,-0.07993907543441017
4.241,0.3434169232722036,1.1416774926482245,0.32091408512167224,1.5685118053381228,-0.07993907543441017
4.242,0.3445569041936743,1.1382824750982368,0.32247942963369636,1.5653445120240965,-0.07993907543441017
4.243,0.3456934844776032,1.1348762231597647,0.3240416100196997,1.5621803860033843,-0.07993907543441017
4.244,0.34682665290640174,1.13145877045114,0.3256006294438084,1.5590194241086928,-0.07993907543441017
4.245,0.347956398296157,1.1280301507012356,0.32715639814360664,1.5557686997982332,-0.08458524431754
4.246,0.34908270949673675,1.1245903977491478,0.3287089193698187,1.5525212262120842,-0.08458524431754
4.247,0.3502055753919029,1.121139545543854,0.33025819636991827,1.5492770000995213,-0.08458524431754
4.248,0.3513249848994249,1.1176776281438638,0.33180423238813134,1.546036018213071,-0.08458524431754
4.249,0.3524409269711803,1.1142046797169125,0.33334703066543986,1.5427982773085072,-0.08458524431754
4.25,0.3535533905932739,1.110720734539591,0.3348865019336116,1.5394712681716984,-0.08921054297500675
4.251,0.354662364786137,1.1072258269970379,0.3364226495196556,1.5361475860440266,-0.08921054297500675
4.252,0.355767838604642,1.1037199915825793,0.3379554767472541,1.5328272275984824,-0.08921054297500675
4.253,0.3568698011382106,1.1002032628973897,0.3394849869367655,1.5295101895113838,-0.08921054297500675
4.2540000000000004,0.35796824151091605,1.0966756756501652,0.34101118340522785,1.5261964684623723,-0.08921054297500675
4.255,0.3590631488815942,1.093137264656772,0.342533977400618,1.522793995390131,-0.0938138301889474
4.256,0.3601545124439538,1.08958806483989,0.34405337232540895,1.519394924790962,-0.0938138301889474
4.257,0.36124232142667456,1.0860281112286965,0.34556937157867135,1.515999253262392,-0.0938138301889474
4.258,0.3623265650935229,1.0824574389584907,0.3470819785560767,1.5126069774053508,-0.0938138301889474
4.259,0.36340723274345155,1.0788760832703657,0.34859119664990085,1.5092180938241664,-0.0938138301889474
4.26,0.3644843137107052,1.075284079510863,0.35009693764622773,1.5057409963268946,-0.0983939701723823
4.261,0.36555779736493205,1.0716814631316012,0.35159920502215486,1.5022673759271201,-0.0983939701723823
4.2620000000000005,0.3666276731112805,1.0680682696889534,0.3530980022513026,1.4987972291477454,-0.0983939701723823
4.263,0.3676939303905078,1.0644445348436846,0.3545933328038178,1.49533055251515,-0.0983939701723823
4.264,0.36875655867908674,1.0608102943605884,0.35608520014637696,1.491867342559187,-0.0983939701723823
4.265,0.3698155474893046,1.0571655841081538,0.3575735166249366,1.4883164785596388,-0.10294983284945466
4.266,0.37087088636936927,1.0535104400581985,0.3590582857903607,1.48476916542409,-0.10294983284945466
4.267,0.3719225649035127,1.0498448982855173,0.36053951118996236,1.4812253996016769,-0.10294983284945466
4.268,0.3729705727120906,1.0461689949675337,0.36201719636750745,1.477685177545086,-0.10294983284945466
4.269,0.3740148994516913,1.0424827663839211,0.363491344863218,1.474148495710552,-0.10294983284945466
4.2700000000000005,0.37505553481523035,1.0387862489162716,0.3649618696045501,1.4705247413321563,-0.10748029413425939
4.271,0.37609246853205563,1.0350794790477245,0.36642877421525827,1.466904610708139,-0.10748029413425939
4.272,0.37712569036805177,1.0313624933625956,0.367892062315473,1.4632881002147455,-0.10748029413425939
4.273,0.3781551901257352,1.0276353285460371,0.36935173752170486,1.4596752062318457,-0.10748029413425939
4.274,0.37918095764436066,1.0238980213836548,0.3708078034468478,1.4560659251429287,-0.10748029413425939
4.275,0.38020298280001574,1.0201506087611658,0.3722601736213414,1.452370174493622,-0.1119842362081929
4.276,0.38122125550572356,1.0163931276640243,0.3737088517409364,1.4486781195949645,-0.1119842362081929
4.277,0.38223576571154594,1.012625615177043,0.3751538414976876,1.4449897567512058,-0.1119842362081929
4.2780000000000005,0.383246503404675,1.008848108484055,0.3765951465799579,1.4413050822702906,-0.1119842362081929
4.279,0.3842534586095383,1.0050606448675252,0.37803277067242175,1.4376240924638566,-0.1119842362081929
4.28,0.38525662138789457,1.0012632617081898,0.3794666279298372,1.4338572574154775,-0.11646054779575438
4.281,0.3862559818389315,0.99745599648469,0.38089672211903935,1.430094189202147,-0.11646054779575438
4.282,0.38725153009936675,0.9936388867731896,0.3823230570030964,1.4263348840570298,-0.11646054779575438
4.283,0.3882432563435396,0.989811970247025,0.3837456363413134,1.4225793382170577,-0.11646054779575438
4.284,0.3892311507835114,0.9859752846763218,0.38516446388923636,1.4188275479229255,-0.11646054779575438
4.285,0.39021520366916507,0.9821288679276087,0.3865794544471226,1.4149905578862279,-0.12090812443873764
4.2860000000000005,0.3911954052882942,0.9782727579634729,0.38799061185196215,1.411157404839567,-0.12090812443873764
4.287,0.39217174596670457,0.9744069928421629,0.38939793993690813,1.4073280849459526,-0.12090812443873764
4.288,0.39314421606830946,0.9705316107172132,0.39080144253128035,1.403502594372232,-0.12090812443873764
4.289,0.3941128059952194,0.9666466498370894,0.39220112346056946,1.3996809292890848,-0.12090812443873764
4.29,0.3950775061878451,0.9627521485447785,0.39359689819155386,1.3957747309844208,-0.1253258687687406
4.291,0.3960383071249839,0.9588481452774402,0.3949887706304319,1.3918724388780617,-0.1253258687687406
4.292,0.3969951993239174,0.954934678566015,0.39637674467949574,1.3879740490638088,-0.1253258687687406
4.293,0.39794817334050764,0.951011787034833,0.3977608242371351,1.3840795576393703,-0.1253258687687406
4.2940000000000005,0.3988972197692857,0.9470795094012497,0.39914101319784145,1.3801889607063562,-0.1253258687687406
4.295,0.39984232924354485,0.9431378844752645,0.40051722771577153,1.3762145179300915,-0.12971269077792072
4.296,0.40078349243543837,0.9391869511591152,0.40188947176536816,1.372244049596603,-0.12971269077792072
4.297,0.4017207000560633,0.9352267484469275,0.4032577493170996,1.368277551731448,-0.12971269077792072
4.298,0.40265394285556094,0.9312573154242946,0.4046220643374638,1.364315020364158,-0.12971269077792072
4.299,0.40358321162320054,0.9272786912679222,0.405982420788992,1.3603564515282356,-0.12971269077792072
4.3,0.40450849718747356,0.9232909152452291,0.4073387355339069,1.3563147449149486,-0.1340675080879388
4.301,0.40542979041618654,0.9192940267139478,0.4086910126139152,1.3522770800082748,-0.1340675080879388
4.3020000000000005,0.4063470822165472,0.9152880651217545,0.41003925606668173,1.3482434527665077,-0.1340675080879388
4.303,0.40726036353525435,0.9112730700058799,0.4113834699258337,1.3442138591519823,-0.1340675080879388
4.304,0.4081696253585921,0.9072490809926955,0.41272365822096474,1.3401882951310715,-0.1340675080879388
4.305,0.4090748587125113,0.9032161377973575,0.41405973854287637,1.3360803219116,-0.13838924621702103
4.306,0.4099760546627262,0.8991742802233781,0.4153917149995417,1.331976456665348,-0.13838924621702103
4.307,0.41087320431479507,0.8951235481622666,0.41671959169482603,1.3278766952843422,-0.13838924621702103
4.308,0.4117662988142136,0.8910639815931105,0.41804337272849074,1.3237810336647173,-0.13838924621702103
4.309,0.4126553293464996,0.8869956205821933,0.41936306219619746,1.3196894677067121,-0.13838924621702103
4.3100000000000005,0.4135402871372812,0.8829185052825932,0.42067857843765954,1.315516241462104,-0.1426768388450682
4.311,0.4144211634523807,0.8788326759337992,0.42198992562610327,1.3113471884437404,-0.1426768388450682
4.312,0.4152979495979065,0.8747381728612883,0.4232971079305817,1.3071823044783952,-0.1426768388450682
4.313,0.41617063692033135,0.8706350364761619,0.4246001295159787,1.3030215853970155,-0.1426768388450682
4.314,0.4170392168065857,0.8665233072747105,0.4258989945430134,1.298865027034717,-0.1426768388450682
4.315,0.41790368068413514,0.8624030258380483,0.4271936221204595,1.2946275774461473,-0.14692922807675712
4.316,0.4187640200210703,0.8582742328316895,0.42848401648576667,1.2903943653071661,-0.14692922807675712
4.317,0.4196202263261908,0.8541369690051472,0.429770181872147,1.2861653863803237,-0.14692922807675712
4.3180000000000005,0.4204722911490849,0.84999127519155,0.4310521225085794,1.2819406364324082,-0.14692922807675712
4.319,0.4213202060802159,0.8458371923072266,0.43232984261981383,1.2777201112344407,-0.14692922807675712
4.32,0.42216396275100776,0.8416747613512888,0.433603262103643,1.273419483829155,-0.1511453647025577
4.321,0.4230035528339208,0.837504023405259,0.43487238526069427,1.2691231570512747,-0.1511453647025577
4.322,0.42383896804254173,0.8333250196326275,0.43613721638729447,1.2648311266001722,-0.1511453647025577
4.323,0.42467020013165835,0.8291377912784815,0.437397759775474,1.260543388179521,-0.1511453647025577
4.324,0.4254972408973455,0.8249423796690746,0.4386540197129713,1.2562599374972903,-0.1511453647025577
4.325,0.4263200821770461,0.8207388262114181,0.43990591690636194,1.2518971933906407,-0.15532420845761205
4.3260000000000005,0.42713871584964797,0.8165271723928927,0.44115345571839004,1.2475388120280977,-0.15532420845761205
4.327,0.4279531338355664,0.8123074597808257,0.44239664050743693,1.2431847890469174,-0.15532420845761205
4.328,0.42876332809682643,0.808079730022068,0.44363547562752564,1.2388351200887182,-0.15532420845761205
4.329,0.42956929063713595,0.8038440248426145,0.44486996542832513,1.2344898007994773,-0.15532420845761205
4.33,0.43037101350197154,0.7996003860471584,0.44610003144475824,1.2300660164331099,-0.15946472827840283
4.331,0.4311684887786521,0.7953488555187015,0.44732567810060936,1.2256466558511088,-0.15946472827840283
4.332,0.4319617085964173,0.7910894752181407,0.44854690981523904,1.2212317146296896,-0.15946472827840283
4.333,0.4327506651265095,0.7868222871838302,0.4497637310035885,1.216821188349492,-0.15946472827840283
4.3340000000000005,0.43353535058224546,0.7825473335311984,0.4509761460761841,1.2124150725955745,-0.15946472827840283
4.335,0.43431575721909554,0.7782646564523167,0.4521840774156559,1.2079313394718358,-0.1635659025571544
4.336,0.43509187733476273,0.7739742982154714,0.45338752950573713,1.203452090081221,-0.1635659025571544
4.337,0.4358637032692543,0.7696763011647689,0.45458650682567714,1.1989773199399967,-0.1635659025571544
4.338,0.43663122740495985,0.7653707077197047,0.45578101385024605,1.1945070245689136,-0.1635659025571544
4.339,0.43739444216672657,0.7610575603747456,0.4569710550497392,1.1900411994932016,-0.1635659025571544
4.34,0.4381533400219315,0.7567369016989218,0.45815655367364505,1.1854986239058305,-0.16762671939389936
4.341,0.4389079134805609,0.7524087743353803,0.4593375142645391,1.1809605908940466,-0.16762671939389936
4.3420000000000005,0.4396581550952786,0.7480732210009959,0.46051394136045437,1.1764270959152745,-0.16762671939389936
4.343,0.4404040574615018,0.7437302844859345,0.46168583949488584,1.1718981344314812,-0.16762671939389936
4.344,0.4411456132174766,0.7393800076532189,0.462853213196795,1.1673737019091717,-0.16762671939389936
4.345,0.4418828150443466,0.7350224334383275,0.46401598660146537,1.1627734046703395,-0.17164617684615002
4.346,0.44261565566622746,0.7306576048487586,0.4651741643091941,1.1581777077287463,-0.17164617684615002
4.347,0.44334412785027844,0.7262855649636057,0.4663277509156782,1.1535866064840945,-0.17164617684615002
4.348,0.444068224406772,0.7219063569331451,0.46747675101201885,1.1490000963406874,-0.17164617684615002
4.349,0.4447879381891691,0.7175200239783819,0.4686211691847263,1.1444181727074239,-0.17164617684615002
4.3500000000000005,0.445503262094184,0.7131266093906591,0.4697609304735975,1.139761288871194,-0.175623283176114
4.351,0.446214189061859,0.7087261565312024,0.47089603953551634,1.1351090619188007,-0.175623283176114
4.352,0.4469207120756319,0.7043187088307051,0.4720265010227097,1.1304614871933596,-0.175623283176114
4.353,0.4476228241624054,0.6999043097888991,0.47315231958275233,1.125818560042644,-0.175623283176114
4.354,0.44832051839261783,0.6954830029741133,0.4742734998585714,1.1211802758190792,-0.175623283176114
4.355,0.44901378788030805,0.6910548320228659,0.47538996781297277,1.1164679544013523,-0.17955705709539074
4.356,0.4497026257831853,0.6866198406394217,0.4765017281582778,1.111760345305043,-0.17955705709539074
4.357,0.4503870253026992,0.682178072595345,0.47760878560209563,1.1070574438178302,-0.17955705709539074
4.358,0.45106697968410114,0.6777295717291032,0.47871114484732774,1.1023592452321045,-0.17955705709539074
4.359,0.45174248221651714,0.6732743819455964,0.47980881059217273,1.0976657448449645,-0.17955705709539074
4.36,0.4524135262330098,0.6688125472157491,0.4809017097407127,1.0928991485399777,-0.1834465280070905
4.361,0.45308010511064456,0.6643441115760765,0.481989847059544,1.088137318831296,-0.1834465280070905
4.362,0.45374221227055844,0.6598691191282241,0.48307322731049634,1.083380250952323,-0.1834465280070905
4.363,0.45439984117802035,0.6553876140385658,0.4841518552506376,1.0786279401412289,-0.1834465280070905
4.364,0.4550529853424977,0.6508996405377527,0.48522573563227855,1.073880381640946,-0.1834465280070905
4.365,0.4557016383177228,0.6464052429202612,0.48629479631881295,1.0690606865343986,-0.18729073624531686
4.366,0.4563457937017512,0.6419044655439917,0.4873590421299359,1.0642458111229578,-0.18729073624531686
4.367,0.4569854451370304,0.6373973528297919,0.48841847788052284,1.0594357505869285,-0.18729073624531686
4.368,0.4576205863104589,0.6328839492610449,0.4894731083806343,1.0546305001114353,-0.18729073624531686
4.369,0.4582512109534487,0.6283642993832294,0.4905229384355207,1.0498300548864175,-0.18729073624531686
4.37,0.45887731284199057,0.6238384478034547,0.491567896885686,1.044958450165292,-0.1910887333119491
4.371,0.459498885796711,0.619306439190054,0.49260798860273486,1.0400917170488877,-0.1910887333119491
4.372,0.4601159236829351,0.6147683182721277,0.4936432184534005,1.0352298506656,-0.1910887333119491
4.373,0.46072842041074913,0.6102241298390896,0.4946735912995492,1.0303728461486954,-0.1910887333119491
4.374,0.4613363699350573,0.6056739187402473,0.4956991119981855,1.0255206986363077,-0.1910887333119491
4.375,0.4619397662556432,0.6011177298843476,0.496719710384481,1.020598386295458,-0.19483958211067262
4.376,0.46253860341722913,0.5965556082391325,0.49773539138074796,1.015680996266949,-0.19483958211067262
4.377,0.4631328755095331,0.5919875988309083,0.49874615990437643,1.0107685236284687,-0.19483958211067262
4.378,0.4637225766673307,0.5874137467440737,0.49975202086783904,1.0058609634626268,-0.19483958211067262
4.3790000000000004,0.46430770107050867,0.5828340971207097,0.500752979178696,1.0009583108569506,-0.19483958211067262
4.38,0.4648882429441257,0.5782486951601068,0.5017489656840985,0.9959865054025299,-0.19854235717819377
4.381,0.46546419655846777,0.5736575861183311,0.5027399853558521,0.9910196717535634,-0.19854235717819377
4.382,0.46603555622910503,0.569060815307778,0.5037260431607903,0.986057804938246,-0.19854235717819377
4.383,0.46660231631694915,0.5644584280967117,0.50470714406078,0.9811008999897439,-0.19854235717819377
4.384,0.4671644712283062,0.5598504699088411,0.5056832930127262,0.9761489519461903,-0.19854235717819377
4.385,0.46772201541493347,0.5552369862228587,0.5066544218928222,0.9711288800959924,-0.20219614491258495
4.386,0.46827494337409625,0.5506180225719752,0.5076205357211399,0.9661138283176447,-0.20219614491258495
4.3870000000000005,0.4688232496486179,0.545993624543505,0.5085816395127309,0.9611037915910754,-0.20219614491258495
4.388,0.46936692882693704,0.541363837778387,0.5095377382776322,0.9560987649012326,-0.20219614491258495
4.389,0.4699059755431598,0.5367287079707477,0.5104888370208702,0.9510987432380796,-0.20219614491258495
4.39,0.4704403844771124,0.5320882808674494,0.5114348686644891,0.9460316436188675,-0.20580004379870473
4.391,0.4709701503543952,0.5274426022676265,0.5123758382755883,0.9409696110992746,-0.20580004379870473
4.392,0.47149526794643243,0.5227917180222564,0.5133117509162005,0.9359126406122013,-0.20580004379870473
4.393,0.4720157320705247,0.5181356740336942,0.5142426116432961,0.930860727095615,-0.20580004379870473
4.394,0.4725315375899025,0.5134745162552039,0.5151684255087886,0.9258138654925453,-0.20580004379870473
4.3950000000000005,0.4730426794137727,0.5088082906905389,0.516089126497123,0.92070098833444,-0.20935316463063372
4.396,0.4735491524973719,0.5041370433934614,0.5170047197211766,0.9155932240534929,-0.20935316463063372
4.397,0.474050951842016,0.49946082046728896,0.5179152102887133,0.9104905675368267,-0.20935316463063372
4.398,0.47454807249514697,0.4947796680644641,0.51882060330239,0.9053930136766771,-0.20935316463063372
4.399,0.4750405095503858,0.4900936323860609,0.5197209038597603,0.9003005573703877,-0.20935316463063372
4.4,0.475528258147577,0.48540275968136476,0.5206160470239587,0.8951431641983959,-0.21285463073107358
4.401,0.4760113134728382,0.48070709624740093,0.5215060379523783,0.889990928419576,-0.21285463073107358
4.402,0.47648967075860926,0.47600668842846383,0.5223908817972548,0.884843844876535,-0.21285463073107358
4.4030000000000005,0.4769633252836969,0.47130158261568095,0.5232705837056718,0.879701908417037,-0.21285463073107358
4.404,0.4774322723733213,0.46659182524655507,0.5241451488195658,0.8745651138939985,-0.21285463073107358
4.405,0.4778965073991651,0.46187746280447944,0.5250145132967825,0.8693644772167514,-0.216303578167657
4.406,0.478356025779415,0.4571585418183187,0.5258786823379586,0.8641690411761814,-0.216303578167657
4.407,0.4788108229788111,0.4524351088619073,0.5267376611385303,0.8589788005716521,-0.216303578167657
4.408,0.47926089450868814,0.44770721055362683,0.527591454888738,0.8537937502077273,-0.216303578167657
4.409,0.47970623592702133,0.44297489355593034,0.5284400687736323,0.8486138848941664,-0.216303578167657
4.41,0.4801468428384714,0.4382382045748679,0.5292834400615222,0.8433712878899501,-0.21969915596611123
4.4110000000000005,0.48058271089442606,0.43349719035964757,0.5301215739950049,0.8381339334827379,-0.21969915596611123
4.412,0.4810138357930428,0.4287518977021736,0.5309544758114348,0.832901816429933,-0.21969915596611123
4.413,0.48144021327929387,0.42400237343655817,0.531782150742929,0.8276749314941808,-0.21969915596611123
4.414,0.48186183914500463,0.4192486644386989,0.5326046040163723,0.8224532734433644,-0.21969915596611123
4.415,0.48227870922889904,0.41449081762577383,0.5334217740260159,0.8171700096435165,-0.22304052632022375
4.416,0.48269081941663694,0.4097288799558182,0.5342336660551233,0.8118920291074685,-0.22304052632022375
4.417,0.48309816564085734,0.40496289842723165,0.5350402853816753,0.8066193265519566,-0.22304052632022375
4.418,0.48350074388121744,0.4001929200783277,0.5358416372783743,0.8013518966990001,-0.22304052632022375
4.4190000000000005,0.4838985501644329,0.39541899198686437,0.5366377270126502,0.7960897342758966,-0.22304052632022375
4.42,0.4842915805643154,0.39064116126959253,0.5374284941198959,0.7907671072456495,-0.2263268647985608
4.421,0.48467983120181474,0.3858594750817619,0.5382139439227384,0.7854498028424326,-0.2263268647985608
4.422,0.4850632982450528,0.3810739806166953,0.538994081738482,0.780137815743619,-0.2263268647985608
4.423,0.48544197790936555,0.37628472510528044,0.5397689128791139,0.7748311406319042,-0.2263268647985608
4.424,0.485815866457337,0.3714917558155438,0.5405384426513092,0.769529772195301,-0.2263268647985608
4.425,0.48618496019883806,0.36669512005215715,0.5413026117465214,0.764169095212148,-0.22955736054788553
4.426,0.48654925549106326,0.3618948651559711,0.5420614255254274,0.7588137789059782,-0.22955736054788553
4.4270000000000005,0.4869087487385646,0.35709103850356877,0.5428148893433434,0.7534638179161145,-0.22955736054788553
4.428,0.4872634363932885,0.35228368750678535,0.5435630085502307,0.7481192068872407,-0.22955736054788553
4.429,0.4876133149546118,0.34747285961222346,0.5443057884907,0.7427799404693957,-0.22955736054788553
4.43,0.4879583809693736,0.34265860230082307,0.545043171026899,0.7373825361990618,-0.23273121649322454
4.431,0.4882986310319122,0.3378409630873522,0.5457751615562321,0.7319905293329982,-0.23273121649322454
4.432,0.48863406178409674,0.33301998951996487,0.5465017654707058,0.7266039144738008,-0.23273121649322454
4.433,0.48896466991536075,0.32819572917973194,0.5472229881569353,0.7212226862294625,-0.23273121649322454
4.434,0.48929045216273603,0.32336822968014456,0.5479388349961486,0.7158468392133686,-0.23273121649322454
4.4350000000000005,0.48961140531088304,0.3185375386666793,0.548649249035532,0.7104140393834645,-0.23584764953453788
4.436,0.4899275261921234,0.31370370381631163,0.5493542357078854,0.7049866723533903,-0.23584764953453788
4.437,0.4902388116864723,0.3088667728370291,0.5500538004405758,0.6995647326903461,-0.23584764953453788
4.438,0.49054525872166693,0.3040267934673988,0.5507479486555428,0.694148214966965,-0.23584764953453788
4.439,0.49084686427319935,0.29918381347605477,0.551436685769304,0.6887371137613073,-0.23584764953453788
4.44,0.4911436253643444,0.29433788066125444,0.5521199560281368,0.6832702588327473,-0.23890589073993512
4.441,0.4914355390661895,0.2894890428504064,0.5527977648988959,0.6778088707591158,-0.23890589073993512
4.442,0.49172260249766486,0.2846373478995714,0.5534701178429694,0.672352944073558,-0.23890589073993512
4.4430000000000005,0.49200481282557,0.2797828436930254,0.5541370203162841,0.6669024733146857,-0.23890589073993512
4.444,0.49228216726460267,0.2749255781427706,0.5547984777693107,0.6614574530265723,-0.23890589073993512
4.445,0.49255466307738693,0.2700655991880486,0.5554544356611735,0.6559578918628377,-0.2419051855354046
4.446,0.49282229757449897,0.26520295479489264,0.5561048994914337,0.6504638302602668,-0.2419051855354046
4.447,0.4930850681144944,0.2603376929556395,0.556749874754153,0.6449752627192984,-0.2419051855354046
4.448,0.4933429721039341,0.2554698616884568,0.5573893669378989,0.639492183745871,-0.2419051855354046
4.449,0.4935960069974095,0.2505995090368821,0.5580233815257503,0.6340145878514171,-0.2419051855354046
4.45,0.4938441702975689,0.24572668306931877,0.558651865203136,0.6284836773857458,-0.24484479389099223
4.4510000000000005,0.4940874595551404,0.24085143187859745,0.5592748235009666,0.6229582978305402,-0.24484479389099223
4.452,0.494325872368957,0.23597380358148462,0.5598922619446215,0.6174384436548899,-0.24484479389099223
4.453,0.4945594063859809,0.2310938463181942,0.5605041860539549,0.6119241093334151,-0.24484479389099223
4.454,0.4947880593013253,0.22621160825193973,0.5611106013433012,0.6064152893462619,-0.24484479389099223
4.455,0.4950118288582787,0.2213271375684316,0.561711455737548,0.6008543942468477,-0.24772399050339394
4.456,0.49523071284832565,0.21644048247542907,0.5623067547975905,0.595299060042533,-0.24772399050339394
4.457,0.4954447091111693,0.21155169120225056,0.5628965040787629,0.5897492811724225,-0.24772399050339394
4.458,0.4956538155347533,0.20666081199928124,0.5634807091308441,0.5842050520811822,-0.24772399050339394
4.4590000000000005,0.49585803005528145,0.20176789313753263,0.5640593754980632,0.5786663672190332,-0.24772399050339394
4.46,0.49605735065723894,0.1968729829081357,0.5646324523576155,0.5730768595523158,-0.2505420649749177
4.461,0.49625177537341186,0.19197612962187832,0.5651999452990087,0.5674929413932651,-0.2505420649749177
4.462,0.49644130228490674,0.18707738160872825,0.5657618599061611,0.5619146071523735,-0.2505420649749177
4.463,0.4966259295211697,0.18217678721734235,0.5663182017574069,0.5563418512457228,-0.2505420649749177
4.464,0.49680565526000425,0.17727439481461435,0.5668689764255018,0.5507746680949787,-0.2505420649749177
4.465,0.4969804777275898,0.17237025278518364,0.5674141343524889,0.5451579269871084,-0.25329832198876256
4.466,0.49715039519849946,0.1674644095309411,0.5679536811551092,0.539546802620346,-0.25329832198876256
4.4670000000000005,0.4973154059957162,0.16255691347058737,0.5684876224444873,0.5339412893779505,-0.25329832198876256
4.468,0.49747550849065003,0.15764781303912737,0.5690159638261361,0.5283413816487973,-0.25329832198876256
4.469,0.49763070110315416,0.15273715668739207,0.5695387108999634,0.5227470738273733,-0.25329832198876256
4.47,0.49778098230153994,0.14782499288158835,0.5700558153850874,0.5171044851239343,-0.2559920814805825
4.471,0.4979263506025928,0.14291137010277866,0.5705672829240966,0.5114675390091987,-0.2559920814805825
4.472,0.4980668045715863,0.13799633684644172,0.5710731191539372,0.5058362298405779,-0.2559920814805825
4.473,0.4982023428222962,0.13307994162197706,0.5715733297059183,0.5002105519811256,-0.2559920814805825
4.474,0.49833296401701493,0.12816223295221232,0.5720679202057178,0.49459049979953285,-0.2559920814805825
4.4750000000000005,0.49845866686656404,0.12324325937294678,0.5725568436614414,0.4889234557236076,-0.2586226788062834
4.476,0.4985794501303069,0.11832306943247207,0.5730401057401332,0.48326207869175836,-0.2586226788062834
4.477,0.49869531261616185,0.1134017116910655,0.5735177121031702,0.47760636303694093,-0.2586226788062834
4.478,0.49880625318061256,0.10847923472055221,0.573989668406268,0.4719563030977783,-0.2586226788062834
4.479,0.49891227072872074,0.10355568710378149,0.5744559802994865,0.4663118932185549,-0.2586226788062834
4.48,0.49901336421413583,0.09863111743418618,0.5749166020915137,0.4606217920272161,-0.26118946490601197
4.481,0.4991095326391059,0.09370557431528637,0.5753715394724508,0.45493738093706865,-0.26118946490601197
4.482,0.4992007750544875,0.08877910636019574,0.5758207981267088,0.4492586542580113,-0.26118946490601197
4.483,0.49928709055975484,0.08385176219116693,0.5762643837330145,0.44358560630563304,-0.26118946490601197
4.484,0.49936847830300873,0.0789235904390976,0.5767023019644156,0.43791823140120717,-0.26118946490601197
4.485,0.499444937480985,0.0739946397430506,0.5771345084414562,0.4322064770405198,-0.26369180646430823
4.486,0.49951646733906235,0.06906495874978774,0.5775610088758903,0.4265004344341931,-0.26369180646430823
4.487,0.49958306717127005,0.0641345961132591,0.5779818089737608,0.42080009787047273,-0.26369180646430823
4.488,0.4996447363202946,0.05920360049416181,0.5783969144354042,0.4151054616433161,-0.26369180646430823
4.489,0.49970147417748645,0.0542720205594291,0.5788063309554566,0.4094165200523866,-0.26369180646430823
4.49,0.4997532801828658,0.04933990498176396,0.5792100154772677,0.40368452181100684,-0.2661290860663685
4.491,0.4998001538251282,0.04440730243915877,0.5796079737328356,0.39795825556786846,-0.2661290860663685
4.492,0.49984209464164997,0.03947426161440088,0.5800002114484265,0.3922377155909732,-0.2661290860663685
4.493,0.499879102218492,0.034540831194617254,0.5803867343445805,0.3865228961540549,-0.2661290860663685
4.494,0.4999111761904045,0.029607059870780023,0.5807675481361171,0.38081379153657346,-0.2661290860663685
4.495,0.4999383162408303,0.024672996337209135,0.5811426110998151,0.3750629636980292,-0.26850070235038287
4.496,0.49996052210190806,0.019738689291128084,0.5815119289865025,0.3693178866873235,-0.26850070235038287
4.497,0.4999777935544749,0.01480418743215535,0.5818755075412562,0.36357855475362855,-0.26850070235038287
4.498,0.49999013042806856,0.009869539461823772,0.582233352503408,0.3578449621518673,-0.26850070235038287
4.499,0.4999975326009291,0.004934794083127781,0.5825854696065508,0.3521171031427078,-0.26850070235038287
4.5,0.5,8.656518121748054e-16,0.5829318184711872,0.3463488646364468,-0.2708060701559136
4.501,0.4999975326009291,-0.00493479408312605,0.583272404865556,0.3405863943686921,-0.2708060701559136
4.502,0.49999013042806856,-0.00986953946182204,0.5836072345521272,0.33482968657120515,-0.2708060701559136
4.503,0.4999777935544749,-0.014804187432153618,0.5839363132876086,0.32907873548151567,-0.2708060701559136
4.5040000000000004,0.49996052210190806,-0.019738689291129145,0.5842596468229515,0.32333353534291587,-0.2708060701559136
4.505,0.4999383162408303,-0.024672996337207407,0.5845771961323457,0.3175493093942074,-0.2730446206682794
4.506,0.4999111761904045,-0.029607059870778288,0.5848889670000171,0.31177086767144757,-0.2730446206682794
4.507,0.499879102218492,-0.034540831194615526,0.5851949652044075,0.30599820439041053,-0.2730446206682794
4.508,0.49984209464164997,-0.039474261614399146,0.5854951965181802,0.30023131377265455,-0.2730446206682794
4.509,0.49980015382512827,-0.04440730243915704,0.5857896667082256,0.29447019004551633,-0.2730446206682794
4.51,0.4997532801828658,-0.04933990498176223,0.5860783381120499,0.28867140382429274,-0.27521580155890324
4.511,0.49970147417748645,-0.05427202055942736,0.5863612165284392,0.2828784163892904,-0.27521580155890324
4.5120000000000005,0.4996447363202946,-0.059203600494162865,0.586638307750381,0.27709122194172303,-0.27521580155890324
4.513,0.4995830671712701,-0.06413459611325738,0.5869096175650695,0.27130981468860327,-0.27521580155890324
4.514,0.49951646733906235,-0.069064958749786,0.5871751517539123,0.2655341888427366,-0.27521580155890324
4.515,0.499444937480985,-0.07399463974304886,0.5874348740270238,0.25972227311146207,-0.27731907712159026
4.516,0.49936847830300873,-0.07892359043909587,0.5876887901963197,0.2539161692959188,-0.27731907712159026
4.517,0.4992870905597549,-0.08385176219116519,0.5879369060679039,0.2481158715841911,-0.27731907712159026
4.518,0.4992007750544875,-0.08877910636019401,0.5881792274420741,0.2423213741701751,-0.27731907712159026
4.519,0.4991095326391059,-0.09370557431528463,0.5884157601133276,0.23653267125357313,-0.27731907712159026
4.5200000000000005,0.4990133642141358,-0.09863111743419004,0.5886464691733418,0.2307090600142253,-0.2793539284047127
4.521,0.49891227072872074,-0.10355568710377977,0.588871360445728,0.22489127238611684,-0.2793539284047127
4.522,0.4988062531806126,-0.10847923472055049,0.5890904397482736,0.21907930254563646,-0.2793539284047127
4.523,0.4986953126161619,-0.11340171169106378,0.5893037128929486,0.21327314467499656,-0.2793539284047127
4.524,0.49857945013030697,-0.11832306943247035,0.5895111856859108,0.20747279296222731,-0.2793539284047127
4.525,0.498458666866564,-0.12324325937294782,0.5897128246090132,0.20163892310248016,-0.28131985333924614
4.526,0.49833296401701493,-0.1281622329522106,0.5899086354961258,0.19581088711259276,-0.28131985333924614
4.527,0.49820234282229625,-0.1330799416219753,0.5900986241752845,0.18998867915869525,-0.28131985333924614
4.5280000000000005,0.4980668045715862,-0.13799633684644555,0.5902827964686972,0.18417229341275163,-0.28131985333924614
4.529,0.4979263506025929,-0.14291137010277694,0.5904611581927497,0.17836172405255396,-0.28131985333924614
4.53,0.49778098230154,-0.14782499288158663,0.590633677227741,0.17251903499124818,-0.28321636686266155
4.531,0.4976307011031542,-0.15273715668739035,0.59080035941636,0.1666821886190037,-0.28321636686266155
4.532,0.4974755084906501,-0.15764781303912564,0.5909612105954531,0.16085117909313146,-0.28321636686266155
4.533,0.49731540599571616,-0.16255691347058843,0.59111623659603,0.1550260005767851,-0.28321636686266155
4.534,0.4971503951984996,-0.16746440953093938,0.5912654432432689,0.14920664723895508,-0.28321636686266155
4.535,0.49698047772758985,-0.17237025278518192,0.5914087998238399,0.14335658057094414,-0.2850430010385992
4.5360000000000005,0.49680565526000414,-0.17727439481461818,0.5915463121878095,0.1375123639696012,-0.2850430010385992
4.537,0.49662592952116974,-0.18217678721734062,0.5916779861793944,0.13167399158485962,-0.2850430010385992
4.538,0.4964413022849068,-0.18707738160872653,0.5918038276369669,0.12584145757250279,-0.2850430010385992
4.539,0.4962517753734119,-0.1919761296218766,0.5919238423930611,0.12001475609415829,-0.2850430010385992
4.54,0.496057350657239,-0.19687298290813396,0.5920380011482956,0.11415875523461749,-0.2867993051723318
4.541,0.4958580300552814,-0.20176789313753365,0.5921463097586716,0.10830861037593624,-0.2867993051723318
4.542,0.4956538155347534,-0.20666081199927955,0.5922487740743336,0.10246431566211367,-0.2867993051723318
4.543,0.49544470911116933,-0.21155169120224881,0.5923453999395766,0.09662586524300491,-0.2867993051723318
4.5440000000000005,0.4952307128483255,-0.21644048247543285,0.5924361931928509,0.09079325327431527,-0.2867993051723318
4.545,0.4950118288582788,-0.22132713756842987,0.5925211259559535,0.0849327631026016,-0.28848484592196766
4.546,0.4947880593013254,-0.22621160825193803,0.5926002040893745,0.07907813342105965,-0.28848484592196766
4.547,0.49455940638598095,-0.2310938463181925,0.5926734334477437,0.07322935836919924,-0.28848484592196766
4.548,0.4943258723689571,-0.2359738035814829,0.5927408198798361,0.06738643209239069,-0.28848484592196766
4.549,0.4940874595551402,-0.24085143187860125,0.5928023692285779,0.061549348741858946,-0.28848484592196766
4.55,0.493844170297569,-0.24572668306931708,0.5928580550438228,0.05568581524500968,-0.29009920740537054
4.551,0.4935960069974096,-0.2505995090368804,0.5929078831891045,0.04982814528165726,-0.29009920740537054
4.5520000000000005,0.4933429721039339,-0.25546986168846064,0.5929518595220927,0.04397633298826819,-0.29009920740537054
4.553,0.49308506811449443,-0.26033769295563786,0.5929899898946,0.03813037250717251,-0.29009920740537054
4.554,0.4928222975744991,-0.2652029547948909,0.5930222801525865,0.03229025798655792,-0.29009920740537054
4.555,0.492554663077387,-0.27006559918804696,0.593048705280489,0.026425127902515753,-0.2916419913027805
4.556,0.4922821672646028,-0.2749255781427689,0.5930692711434375,0.020565862948557626,-0.2916419913027805
4.557,0.4920048128255698,-0.2797828436930292,0.5930839836006971,0.014712457259553459,-0.2916419913027805
4.558,0.491722602497665,-0.28463734789956974,0.5930928485056733,0.008864904976238295,-0.2916419913027805
4.559,0.4914355390661896,-0.2894890428504047,0.5930958717059186,0.0030232002452064474,-0.2916419913027805
4.5600000000000005,0.4911436253643443,-0.29433788066125544,0.5930930296266245,-0.0028420792941405027,-0.2931128169550872
4.561,0.49084686427319946,-0.29918381347605305,0.5930843281330705,-0.008701493553948104,-0.2931128169550872
4.562,0.49054525872166704,-0.30402679346739714,0.593069773084671,-0.0145550483994959,-0.2931128169550872
4.563,0.49023881168647243,-0.30886677283702746,0.5930493703349808,-0.020402749690198146,-0.2931128169550872
4.564,0.4899275261921235,-0.3137037038163099,0.5930231257317012,-0.02624460327960969,-0.2931128169550872
4.565,0.4896114053108828,-0.31853753866668305,0.5929910171465957,-0.03210858510548526,-0.2945113214577588
4.566,0.48929045216273614,-0.3233682296801429,0.5929530504436462,-0.037966702949534956,-0.2945113214577588
4.567,0.48896466991536086,-0.3281957291797303,0.5929092314809705,-0.0438189626757406,-0.2945113214577588
4.5680000000000005,0.4886340617840967,-0.33301998951996586,0.5928595661108284,-0.049665370142220035,-0.2945113214577588
4.569,0.4882986310319123,-0.3378409630873505,0.5928040601796272,-0.05550593120123299,-0.2945113214577588
4.57,0.4879583809693737,-0.34265860230082146,0.5927426930111621,-0.06136716846503942,-0.29583715975038344
4.571,0.4876133149546119,-0.34747285961222174,0.5926754704666706,-0.06722254449158205,-0.29583715975038344
4.572,0.4872634363932886,-0.3522836875067837,0.5926023984015285,-0.07307206514209813,-0.29583715975038344
4.573,0.4869087487385643,-0.35709103850357254,0.5925234826652566,-0.0789157362719637,-0.29583715975038344
4.574,0.48654925549106337,-0.3618948651559694,0.5924387291015258,-0.08475356373069941,-0.29583715975038344
4.575,0.4861849601988382,-0.36669512005215554,0.5923481184912648,-0.09061061026100495,-0.29709000470181207
4.5760000000000005,0.4858158664573369,-0.3714917558155448,0.59225165669152,-0.09646179974478018,-0.29709000470181207
4.577,0.48544197790936566,-0.3762847251052788,0.592149349553481,-0.10230713803907164,-0.29709000470181207
4.578,0.4850632982450529,-0.3810739806166936,0.5920412029224859,-0.10814663099506881,-0.29709000470181207
4.579,0.48467983120181485,-0.3858594750817602,0.5919272226380278,-0.11398028445810998,-0.29709000470181207
4.58,0.4842915805643156,-0.3906411612695909,0.5918073909429103,-0.11983169511746924,-0.2982695471908686
4.581,0.48389855016443256,-0.39541899198686803,0.5916817136885442,-0.12567725436616914,-0.2982695471908686
4.582,0.4835007438812176,-0.400192920078326,0.5915501967204886,-0.13151696805562035,-0.2982695471908686
4.583,0.48309816564085745,-0.4049628984272299,0.5914128458784572,-0.1373508420313821,-0.2982695471908686
4.5840000000000005,0.48269081941663683,-0.40972887995581925,0.591269666996324,-0.1431788821331681,-0.2982695471908686
4.585,0.4822787092288992,-0.41449081762577217,0.5911206437831493,-0.14902321317468753,-0.2993754961826308
4.586,0.4818618391450048,-0.41924866443869724,0.5909657820832641,-0.15486169988516546,-0.2993754961826308
4.587,0.481440213279294,-0.4240023734365565,0.5908050877351552,-0.1606943481089329,-0.2993754961826308
4.588,0.48101383579304297,-0.4287518977021719,0.5906385665714707,-0.1665211636844766,-0.2993754961826308
4.589,0.4805827108944257,-0.43349719035965123,0.5904662244190263,-0.17234215244444473,-0.2993754961826308
4.59,0.4801468428384716,-0.43823820457486623,0.5902880464571583,-0.178177961868005,-0.3004075788002359
4.591,0.4797062359270215,-0.4429748935559287,0.5901040385216761,-0.1840079354821417,-0.3004075788002359
4.5920000000000005,0.4792608945086878,-0.44770721055363055,0.5899142064425534,-0.18983207912266428,-0.3004075788002359
4.593,0.4788108229788113,-0.45243510886190563,0.5897185560439339,-0.19565039861954633,-0.3004075788002359
4.594,0.47835602577941516,-0.45715854181831705,0.5895170931441369,-0.2014628997969315,-0.3004075788002359
4.595,0.4778965073991653,-0.4618774628044778,0.589309804396432,-0.2072887477049787,-0.30136554039220714
4.596,0.4774322723733215,-0.4665918252465534,0.5890966956266669,-0.21310876976511786,-0.30136554039220714
4.597,0.4769633252836968,-0.4713015826156819,0.5888777726548637,-0.2189229718031969,-0.30136554039220714
4.598,0.47648967075860943,-0.47600668842846217,0.5886530412952246,-0.22473135963923785,-0.30136554039220714
4.599,0.47601131347283837,-0.4807070962473993,0.5884225073561371,-0.23053393908744274,-0.30136554039220714
4.6000000000000005,0.4755282581475766,-0.4854027596813684,0.5881861589680969,-0.23634838804026126,-0.3022491445952987
4.601,0.47504050955038596,-0.49009363238605924,0.5879440019455527,-0.24215702254412697,-0.3022491445952987
4.602,0.4745480724951472,-0.49477966806446244,0.5876960420971392,-0.2479598484134888,-0.3022491445952987
4.603,0.4740509518420162,-0.4994608204672873,0.5874422852256822,-0.2537568714569813,-0.3022491445952987
4.604,0.47354915249737206,-0.5041370433934598,0.5871827371282048,-0.2595480974774303,-0.3022491445952987
4.605,0.4730426794137726,-0.5088082906905398,0.5869173874153569,-0.2653497128478088,-0.3030581733927972
4.606,0.4725315375899027,-0.5134745162552024,0.5866462418887541,-0.27114552660281693,-0.3030581733927972
4.607,0.4720157320705249,-0.5181356740336927,0.58636930634421,-0.27693554454407004,-0.3030581733927972
4.6080000000000005,0.471495267946432,-0.5227917180222601,0.5860865865717426,-0.2827197724673819,-0.3030581733927972
4.609,0.4709701503543954,-0.527442602267625,0.5857980883555799,-0.28849821616277044,-0.3030581733927972
4.61,0.47044038447711256,-0.5320882808674479,0.5855038027890899,-0.29428556648997445,-0.3037924271683379
4.611,0.46990597554316,-0.5367287079707461,0.585203735659623,-0.3000671294668512,-0.3037924271683379
4.612,0.46936692882693726,-0.5413638377783855,0.5848978927487423,-0.3058429108807511,-0.3037924271683379
4.613,0.46882324964861777,-0.545993624543506,0.584586279832229,-0.31161291651323714,-0.3037924271683379
4.614,0.4682749433740964,-0.5506180225719736,0.5842689026800889,-0.31737715214009066,-0.3037924271683379
4.615,0.46772201541493363,-0.5552369862228571,0.5839457538706059,-0.32314880948305336,-0.3044517247551405
4.616,0.46716447122830634,-0.5598504699088396,0.5836168391754372,-0.3289146951686731,-0.3044517247551405
4.617,0.4666023163169494,-0.5644584280967101,0.5832821643604685,-0.33467481496860724,-0.3044517247551405
4.618,0.46603555622910525,-0.5690608153077764,0.5829417351858198,-0.34042917464874145,-0.3044517247551405
4.619,0.465464196558468,-0.5736575861183295,0.5825955574058507,-0.3461777799691955,-0.3044517247551405
4.62,0.4648882429441259,-0.5782486951601051,0.5822436250855918,-0.35193232025884075,-0.3050359034807224
4.621,0.46430770107050856,-0.5828340971207107,0.5818859439795836,-0.35768110600819636,-0.3050359034807224
4.622,0.4637225766673309,-0.587413746744072,0.5815225198366117,-0.3634241429718026,-0.3050359034807224
4.623,0.4631328755095333,-0.5919875988309067,0.5811533583997133,-0.3691614368984452,-0.3050359034807224
4.624,0.46253860341722935,-0.5965556082391309,0.5807784654061822,-0.37489299353116123,-0.3050359034807224
4.625,0.4619397662556434,-0.6011177298843461,0.5803978364092603,-0.3806289969217707,-0.3055448192070329
4.626,0.4613363699350575,-0.6056739187402458,0.5800114771449514,-0.3863592643089896,-0.3055448192070329
4.627,0.46072842041074935,-0.610224129839088,0.5796193933435225,-0.39208380142882127,-0.3055448192070329
4.628,0.4601159236829353,-0.6147683182721262,0.579221590729511,-0.3978026140115331,-0.3055448192070329
4.6290000000000004,0.4594988857967105,-0.6193064391900576,0.5788180750217293,-0.40351570778166224,-0.3055448192070329
4.63,0.4588773128419908,-0.6238384478034531,0.5784088432627281,-0.40923175900120085,-0.30597834636601434
4.631,0.4582512109534489,-0.6283642993832277,0.5779939011685586,-0.41494209416951994,-0.30597834636601434
4.632,0.4576205863104591,-0.6328839492610433,0.577573254449556,-0.4206467190026707,-0.30597834636601434
4.633,0.4569854451370306,-0.6373973528297903,0.577146908810345,-0.42634563921098834,-0.30597834636601434
4.634,0.45634579370175143,-0.64190446554399,0.5767148699498459,-0.4320388604990976,-0.30597834636601434
4.635,0.45570163831772303,-0.6464052429202597,0.5762771364006475,-0.4377335491984104,-0.3063363779905943
4.636,0.45505298534249794,-0.6508996405377512,0.5758337138574384,-0.44342254320902386,-0.3063363779905943
4.6370000000000005,0.45439984117801985,-0.6553876140385694,0.5753846080092128,-0.4491058482256267,-0.3063363779905943
4.638,0.45374221227055866,-0.6598691191282225,0.5749298245392755,-0.45478346993721297,-0.3063363779905943
4.639,0.4530801051106448,-0.664344111576075,0.5744693691252485,-0.4604554140270876,-0.3063363779905943
4.64,0.45241352623301007,-0.6688125472157476,0.5740032417901206,-0.466127335127882,-0.3066188257410748
4.641,0.45174248221651736,-0.6732743819455949,0.573531448205813,-0.4717935843075756,-0.3066188257410748
4.642,0.45106697968410137,-0.6777295717291016,0.5730539940385749,-0.47745416723808953,-0.3066188257410748
4.643,0.4503870253026994,-0.6821780725953434,0.5725708849489892,-0.48310908958567295,-0.3066188257410748
4.644,0.4497026257831856,-0.6866198406394202,0.5720821265919783,-0.48875835701090875,-0.3066188257410748
4.6450000000000005,0.44901378788030755,-0.6910548320228694,0.5715877204809259,-0.4944061110524364,-0.30682561992692975
4.646,0.4483205183926181,-0.6954830029741118,0.5710876722635859,-0.5000482173399226,-0.30682561992692975
4.647,0.4476228241624056,-0.6999043097888975,0.5705819875820648,-0.5056846815211212,-0.30682561992692975
4.648,0.4469207120756321,-0.7043187088307035,0.5700706720728267,-0.5113155092381387,-0.30682561992692975
4.649,0.4462141890618592,-0.7087261565312009,0.5695537313666993,-0.5169407061274391,-0.30682561992692975
4.65,0.44550326209418384,-0.71312660939066,0.5690311684670875,-0.5225628996117917,-0.3069567095239971
4.651,0.44478793818916934,-0.7175200239783803,0.5685029889961848,-0.5281794709026598,-0.3069567095239971
4.652,0.4440682244067723,-0.7219063569331435,0.5679691985705626,-0.5337904256222371,-0.3069567095239971
4.6530000000000005,0.4433441278502779,-0.7262855649636093,0.5674298028011755,-0.5393957693870948,-0.3069567095239971
4.654,0.44261565566622774,-0.7306576048487571,0.5668848072933673,-0.5449955078081876,-0.3069567095239971
4.655,0.44188281504434684,-0.735022433438326,0.5663342165398232,-0.5505907535441211,-0.30701206218708244
4.656,0.44114561321747686,-0.7393800076532173,0.5657780361357889,-0.5561804040343187,-0.30701206218708244
4.657,0.4404040574615021,-0.743730284485933,0.5652162716709149,-0.561764464874026,-0.30701206218708244
4.658,0.439658155095278,-0.7480732210009993,0.564648928729262,-0.5673429416528936,-0.30701206218708244
4.659,0.4389079134805612,-0.7524087743353788,0.564076012889307,-0.5729158399549823,-0.30701206218708244
4.66,0.43815334002193174,-0.7567369016989202,0.5634975301319068,-0.578482757400186,-0.30699166425793184
4.6610000000000005,0.43739444216672596,-0.7610575603747489,0.562913486023979,-0.5840441079279444,-0.30699166425793184
4.662,0.43663122740496013,-0.7653707077197032,0.5623238861268738,-0.589599897105175,-0.30699166425793184
4.663,0.43586370326925455,-0.7696763011647674,0.5617287359963805,-0.5951501304932285,-0.30699166425793184
4.664,0.435091877334763,-0.7739742982154699,0.5611280411827326,-0.6006948136478939,-0.30699166425793184
4.665,0.4343157572190958,-0.7782646564523152,0.560521809153483,-0.606232029249618,-0.3068955207686
4.666,0.43353535058224485,-0.7825473335312018,0.5599100454458473,-0.6117637076357404,-0.3068955207686
4.667,0.4327506651265098,-0.7868222871838289,0.5592927555915038,-0.6172898543434766,-0.3068955207686
4.668,0.4319617085964176,-0.7910894752181391,0.5586699451165993,-0.6228104749045051,-0.3068955207686
4.6690000000000005,0.43116848877865194,-0.7953488555187023,0.5580416195417544,-0.6283255748449726,-0.3068955207686
4.67,0.4303710135019718,-0.7996003860471571,0.5574077878193754,-0.633831722378932,-0.3067236554402204
4.671,0.4295692906371363,-0.803844024842613,0.55676845545561,-0.6393323637653575,-0.3067236554402204
4.672,0.4287633280968267,-0.8080797300220665,0.5561236279510996,-0.6448275045103966,-0.3067236554402204
4.673,0.42795313383556666,-0.8123074597808244,0.5554733108009849,-0.6503171501146906,-0.3067236554402204
4.674,0.42713871584964735,-0.8165271723928961,0.5548175094949116,-0.6558013060733803,-0.3067236554402204
4.675,0.42632008217704637,-0.8207388262114167,0.5541562344679307,-0.6612750269808497,-0.30647611067714137
4.676,0.4254972408973458,-0.824942379669073,0.5534894911937633,-0.6667432741674117,-0.30647611067714137
4.6770000000000005,0.4246702001316582,-0.8291377912784824,0.5528172851406565,-0.6722060531067872,-0.30647611067714137
4.678,0.42383896804254206,-0.8333250196326262,0.5521396217713893,-0.6776633692672231,-0.30647611067714137
4.679,0.4230035528339211,-0.8375040234052575,0.5514565065432778,-0.6831152281114987,-0.30647611067714137
4.68,0.4221639627510081,-0.8416747613512873,0.5507679513714433,-0.6885551718345168,-0.30615294755647604
4.681,0.42132020608021625,-0.8458371923072253,0.5500739616958294,-0.6939896756138118,-0.30615294755647604
4.682,0.42047229114908424,-0.8499912751915532,0.5493745429509401,-0.6994187448893274,-0.30615294755647604
4.683,0.41962022632619106,-0.8541369690051458,0.5486697005658445,-0.7048423850955676,-0.30615294755647604
4.684,0.41876402002107066,-0.858274232831688,0.547959439964183,-0.7102606016616015,-0.30615294755647604
4.6850000000000005,0.41790368068413497,-0.8624030258380492,0.5472437745382067,-0.7156654259762005,-0.30575424581303023
4.686,0.41703921680658596,-0.866523307274709,0.5465227096927402,-0.721064845466485,-0.30575424581303023
4.687,0.4161706369203317,-0.8706350364761606,0.545796250827203,-0.7264588655372791,-0.30575424581303023
4.688,0.41529794959790683,-0.8747381728612869,0.5450644033356149,-0.7318474915880024,-0.30575424581303023
4.689,0.414421163452381,-0.8788326759337979,0.5443271726066022,-0.7372307290126751,-0.30575424581303023
4.69,0.4135402871372805,-0.8829185052825964,0.5435845735062422,-0.7425991003600548,-0.30528010381961984
4.691,0.41265532934649996,-0.886995620582192,0.5428366114029062,-0.7479621033360871,-0.30528010381961984
4.692,0.41176629881421395,-0.8910639815931092,0.542083291659597,-0.7533197433091434,-0.30528010381961984
4.6930000000000005,0.4108732043147949,-0.8951235481622675,0.5413246196339547,-0.7586720256422267,-0.30528010381961984
4.694,0.4099760546627265,-0.8991742802233766,0.5405606006782617,-0.7640189556929768,-0.30528010381961984
4.695,0.4090748587125116,-0.9032161377973562,0.5397912511287531,-0.7693495495085402,-0.30473063856281407
4.696,0.4081696253585924,-0.9072490809926941,0.5390165763160228,-0.7746748127302879,-0.30473063856281407
4.697,0.4072603635352547,-0.9112730700058785,0.538236581565334,-0.779994750688814,-0.30473063856281407
4.698,0.40634708221654703,-0.9152880651217554,0.5374512721966247,-0.7853093687093814,-0.30473063856281407
4.699,0.4054297904161868,-0.9192940267139463,0.5366606535245128,-0.7906186721119283,-0.30473063856281407
4.7,0.4045084971874739,-0.9232909152452277,0.5358647433513607,-0.7959101731520977,-0.30410598561406754
4.7010000000000005,0.4035832116231998,-0.9272786912679254,0.5350635469686694,-0.801196382691227,-0.30410598561406754
4.702,0.4026539428555613,-0.9312573154242932,0.5342570696626486,-0.806477306020817,-0.30410598561406754
4.703,0.40172070005606364,-0.9352267484469261,0.5334453167142216,-0.8117529484270776,-0.30410598561406754
4.704,0.4007834924354387,-0.9391869511591139,0.5326282933990306,-0.8170233151909319,-0.30410598561406754
4.705,0.3998423292435452,-0.943137884475263,0.531806018981173,-0.8222744178576663,-0.3034062990962702
4.706,0.3988972197692855,-0.9470795094012504,0.5309784987117512,-0.8275202694217341,-0.3034062990962702
4.707,0.39794817334050797,-0.9510117870348317,0.5301457378366169,-0.8327608751342377,-0.3034062990962702
4.708,0.39699519932391775,-0.9549346785660136,0.5293077415963758,-0.8379962402410288,-0.3034062990962702
4.7090000000000005,0.39603830712498317,-0.9588481452774431,0.5284645152263932,-0.8432263699827132,-0.3034062990962702
4.71,0.39507750618784543,-0.9627521485447772,0.5276160794477475,-0.8484357786456448,-0.30263175164571465
4.711,0.39411280599521975,-0.9666466498370881,0.5267624394698476,-0.8536399778999134,-0.30263175164571465
4.712,0.3931442160683098,-0.9705316107172117,0.5259036004968927,-0.8588389729549278,-0.30263175164571465
4.713,0.3921717459667049,-0.9744069928421615,0.5250395677278777,-0.8640327690148872,-0.30263175164571465
4.714,0.391195405288294,-0.9782727579634738,0.524170346356599,-0.8692213712787866,-0.30263175164571465
4.715,0.3902152036691654,-0.9821288679276075,0.5232959585560041,-0.8743878005948981,-0.3017825343695134
4.716,0.3892311507835118,-0.9859752846763205,0.5224164094925224,-0.8795490634816935,-0.3017825343695134
4.7170000000000005,0.38824325634353885,-0.989811970247028,0.5215317043274168,-0.884705165105602,-0.3017825343695134
4.718,0.3872515300993671,-0.9936388867731881,0.5206418482167889,-0.8898561106278867,-0.3017825343695134
4.719,0.3862559818389319,-0.9974559964846885,0.5197468463115843,-0.8950019052046491,-0.3017825343695134
4.72,0.3852566213878949,-1.0012632617081885,0.5188467222311489,-0.9001240804354133,-0.3008588567984406
4.721,0.3842534586095387,-1.005060644867524,0.5179414810976579,-0.9052411334909467,-0.3008588567984406
4.722,0.38324650340467475,-1.008848108484056,0.5170311280281645,-0.9103530694934245,-0.3008588567984406
4.723,0.38223576571154627,-1.0126256151770414,0.5161156681346046,-0.9154598935598999,-0.3008588567984406
4.724,0.38122125550572394,-1.016393127664023,0.5151951065238023,-0.9205616108023088,-0.3008588567984406
4.7250000000000005,0.3802029828000149,-1.020150608761169,0.5142694682556741,-0.9256382681282112,-0.2998609468352328
4.726,0.379180957644361,-1.0238980213836535,0.5133387584068773,-0.9307098487967876,-0.2998609468352328
4.727,0.37815519012573556,-1.0276353285460358,0.5124029820489926,-0.9357763578846955,-0.2998609468352328
4.728,0.37712569036805216,-1.0313624933625942,0.5114621442485291,-0.9408378004635154,-0.2998609468352328
4.729,0.376092468532056,-1.0350794790477231,0.5105162500669294,-0.9458941815997566,-0.2998609468352328
4.73,0.3750555348152296,-1.0387862489162745,0.5095653259984972,-0.950924068432124,-0.29878905069835493
4.731,0.3740148994516917,-1.0424827663839198,0.5086093770731196,-0.955948925377659,-0.29878905069835493
4.732,0.37297057271209094,-1.0461689949675324,0.5076484083156534,-0.9609687574662484,-0.29878905069835493
4.7330000000000005,0.3719225649035119,-1.04984489828552,0.5066824247459306,-0.9659835697227492,-0.29878905069835493
4.734,0.37087088636936966,-1.0535104400581972,0.5057114313787636,-0.9709933671669936,-0.29878905069835493
4.735,0.36981554748930495,-1.0571655841081522,0.5047354561363065,-0.9759752424570519,-0.29764343286126493
4.736,0.36875655867908713,-1.0608102943605873,0.5037545040004348,-0.9809521358718202,-0.29764343286126493
4.737,0.3676939303905082,-1.0644445348436835,0.5027685799480416,-0.9859240523931736,-0.29764343286126493
4.738,0.3666276731112797,-1.068068269688956,0.5017776889510436,-0.9908909969980058,-0.29764343286126493
4.739,0.36555779736493244,-1.0716814631315998,0.5007818359763854,-0.9958529746582331,-0.29764343286126493
4.74,0.36448431371070555,-1.0752840795108616,0.49978105036718207,-1.0007856092033178,-0.29642437598714816
4.741,0.36340723274345194,-1.0788760832703643,0.4987753370560682,-1.0057133111138574,-0.29642437598714816
4.742,0.3623265650935233,-1.0824574389584891,0.4977647009707457,-1.0106360853224865,-0.29642437598714816
4.743,0.36124232142667495,-1.0860281112286954,0.4967491470339888,-1.015553936756907,-0.29642437598714816
4.744,0.3601545124439542,-1.0895880648398888,0.4957286801636489,-1.0204668703398931,-0.29642437598714816
4.745,0.3590631488815946,-1.0931372646567707,0.4947033311165622,-1.0253490470867366,-0.2951321808591719
4.746,0.3579682415109152,-1.0966756756501679,0.49367310477490534,-1.0302263416568334,-0.2951321808591719
4.747,0.356869801138211,-1.1002032628973883,0.49263800601597296,-1.03509875893236,-0.2951321808591719
4.748,0.35576783860464245,-1.1037199915825782,0.49159803971218236,-1.039966303790611,-0.2951321808591719
4.749,0.3546623647861374,-1.1072258269970365,0.4905532107310783,-1.044828981104004,-0.2951321808591719
4.75,0.3535533905932743,-1.1107207345395897,0.4895035512356293,-1.0496594954490255,-0.29376716630628386
4.751,0.3524409269711807,-1.1142046797169114,0.4884490660563496,-1.054485179279702,-0.29376716630628386
4.752,0.35132498489942526,-1.1176776281438625,0.48738976001892304,-1.0593060374265482,-0.29376716630628386
4.753,0.3502055753919033,-1.1211395455438526,0.4863256379442078,-1.0641220747152473,-0.29376716630628386
4.7540000000000004,0.34908270949673587,-1.1245903977491507,0.48525670464824117,-1.0689332959666578,-0.29376716630628386
4.755,0.3479563982961574,-1.1280301507012345,0.484182993692188,-1.073710956053182,-0.2923296691245406
4.756,0.34682665290640213,-1.1314587704511387,0.48310450985370834,-1.0784838384796196,-0.2923296691245406
4.757,0.34569348447760356,-1.1348762231597636,0.48202125790568473,-1.083251948023631,-0.2923296691245406
4.758,0.3445569041936747,-1.1382824750982354,0.4809332426162266,-1.0880152894580981,-0.2923296691245406
4.759,0.343416923272204,-1.1416774926482236,0.4798404687486755,-1.092773867551131,-0.2923296691245406
4.76,0.3422735529643449,-1.145061242302269,0.478742971254112,-1.09749749456346,-0.2908200439940025
4.761,0.34112680455469824,-1.1484336906641368,0.47764075485616325,-1.1022163979487765,-0.2908200439940025
4.7620000000000005,0.33997668936120906,-1.151794804449119,0.47653382427373253,-1.1069305824307076,-0.2908200439940025
4.763,0.3388232187350513,-1.155144550484376,0.47542218422100435,-1.111640052728157,-0.2908200439940025
4.764,0.33766640406051246,-1.1584828957092723,0.474305839407449,-1.116344813555309,-0.2908200439940025
4.765,0.336506256754887,-1.1618098071756864,0.47318482616543944,-1.1210132420095784,-0.2892386633912373
4.766,0.3353427882683604,-1.1651252520483455,0.472059149163404,-1.1256770020353937,-0.2892386633912373
4.767,0.3341760100838963,-1.1684291976051486,0.4709288130651028,-1.130336098301183,-0.2892386633912373
4.768,0.33300593371712633,-1.1717216112374815,0.4697938225296321,-1.1349905354707066,-0.2892386633912373
4.769,0.3318325707162292,-1.1750024604505585,0.468654182211429,-1.1396403182030606,-0.2892386633912373
4.7700000000000005,0.3306559326618253,-1.1782717128637186,0.46750992981519424,-1.1442523962348057,-0.2875859174974048
4.771,0.32947603116685853,-1.1815293362107564,0.4663610699530057,-1.1488598621885189,-0.2875859174974048
4.772,0.3282928778764784,-1.1847752983402504,0.4652076072323294,-1.1534627206762784,-0.2875859174974048
4.773,0.32710648446793145,-1.188009567215861,0.46404954625602385,-1.1580609763055503,-0.2875859174974048
4.774,0.3259168626504397,-1.191232110916666,0.46288689162234464,-1.1626546336791928,-0.2875859174974048
4.775,0.32472402416509155,-1.1944428976374557,0.46171968239901706,-1.1672092233275533,-0.2858622141019851
4.776,0.3235279807847226,-1.1976418956890587,0.4605479231406308,-1.1717592583862655,-0.2858622141019851
4.777,0.32232874431379555,-1.200829073498662,0.4593716183972209,-1.176304743409919,-0.2858622141019851
4.7780000000000005,0.3211263265882921,-1.2040043996101026,0.45819077271427233,-1.1808456829485487,-0.2858622141019851
4.779,0.31992073947558924,-1.2071678426841952,0.4570053906327247,-1.18538208154764,-0.2858622141019851
4.78,0.31871199487434493,-1.210319371499034,0.4558155125736886,-1.1898780590361357,-0.2840679785021778
4.781,0.31750010471438117,-1.2134589549502999,0.45462114303314144,-1.194369540547143,-0.2840679785021778
4.782,0.3162850809565625,-1.216586562051577,0.4534222865025648,-1.1988565305766394,-0.2840679785021778
4.783,0.31506693559268417,-1.2197021619346429,0.4522189474689487,-1.2033390336161063,-0.2840679785021778
4.784,0.3138456806453506,-1.2228057238497805,0.4510111304147962,-1.2078170541525337,-0.2840679785021778
4.785,0.3126213281678524,-1.2258972171660938,0.44979887710462985,-1.2122533101663402,-0.2822036533979556
4.7860000000000005,0.3113938902440561,-1.2289766113717866,0.4485821919747057,-1.216685129924133,-0.2822036533979556
4.787,0.3101633789882786,-1.2320438760744814,0.44736107945684356,-1.221112517862168,-0.2822036533979556
4.788,0.30892980654516716,-1.2350989810015194,0.4461355439784313,-1.225535478412265,-0.2822036533979556
4.789,0.30769318508958654,-1.2381418960002406,0.4449055899624295,-1.2299540160018119,-0.2822036533979556
4.79,0.3064535268264884,-1.24117259103831,0.44367126050646805,-1.2343294559614666,-0.28026969878283164
4.791,0.3052108439908008,-1.2441910362039876,0.4424325599859869,-1.2387005204811619,-0.28026969878283164
4.792,0.303965148847303,-1.2471972017064346,0.44118949277205055,-1.2430672139363372,-0.28026969878283164
4.793,0.3027164536905011,-1.2501910578760163,0.4399420632313525,-1.2474295406980576,-0.28026969878283164
4.7940000000000005,0.3014647708445121,-1.253172575164581,0.4386902757262195,-1.251787505133016,-0.28026969878283164
4.795,0.30021011266294256,-1.2561417241457518,0.437434174676755,-1.2561010494644906,-0.27826659183037455
4.796,0.29895249152875936,-1.2590984755152335,0.43617376439650335,-1.2604102802516337,-0.27826659183037455
4.797,0.2976919198541782,-1.262042800091077,0.43490904919469536,-1.2647152018079895,-0.27826659183037455
4.798,0.2964284100805297,-1.2649746688139947,0.43364003337625256,-1.2690158184427889,-0.27826659183037455
4.799,0.2951619746781467,-1.2678940527476217,0.4323667212417916,-1.2733121344609535,-0.27826659183037455
4.8,0.2938926261462368,-1.2708009230788144,0.43108915852292956,-1.277562718862022,-0.2761948267764679
4.801,0.29262037701275534,-1.273695251117941,0.4298073494702509,-1.2818090526786894,-0.2761948267764679
4.8020000000000005,0.29134523983428773,-1.2765770082991523,0.42852129833008934,-1.28605114016154,-0.2761948267764679
4.803,0.29006722719592515,-1.2794461661806635,0.42723100934453245,-1.2902889855569077,-0.2761948267764679
4.804,0.28878635171113365,-1.282302696445051,0.4259364867514256,-1.2945225931068802,-0.2761948267764679
4.805,0.2875026260216399,-1.285146570899508,0.4246377775826159,-1.2987091688097205,-0.2740549147973597
4.806,0.28621606279729545,-1.287977761476148,0.42333488602467906,-1.302891557936858,-0.2740549147973597
4.807,0.28492667473596195,-1.2907962402322584,0.4220278162600042,-1.3070697646748684,-0.2740549147973597
4.808,0.2836344745633784,-1.293601979350593,0.42071657246679806,-1.3112437932061407,-0.2740549147973597
4.809,0.28233947503303874,-1.2963949511396398,0.4194011588190892,-1.3154136477088818,-0.2740549147973597
4.8100000000000005,0.2810416889260649,-1.2991751280338961,0.41808162363735035,-1.3195351817388439,-0.27184738388355284
4.811,0.2797411290510839,-1.301942482594134,0.41675797104311557,-1.323652594234776,-0.27184738388355284
4.812,0.27843780824409375,-1.3046969875076873,0.41543020515379736,-1.3277658893182125,-0.27184738388355284
4.813,0.2771317393683476,-1.3074386155886981,0.4140983300826908,-1.3318750711065652,-0.27184738388355284
4.814,0.27582293531421503,-1.3101673397784106,0.4127623499389777,-1.3359801437131298,-0.27184738388355284
4.815,0.27451140899906584,-1.3128831331454136,0.4114223143198341,-1.340035619143607,-0.26957277870950885
4.816,0.27319717336713534,-1.3155859688859235,0.41007822728073545,-1.3440870390986535,-0.26957277870950885
4.817,0.27188024138939637,-1.3182758203240472,0.4087300928731017,-1.348134407633745,-0.26957277870950885
4.8180000000000005,0.2705606260634374,-1.3209526609120337,0.4073779151443014,-1.3521777288003014,-0.26957277870950885
4.819,0.2692383404133304,-1.323616464230544,0.4060216981376557,-1.3562170066456913,-0.26957277870950885
4.82,0.26791339748949794,-1.326267203988921,0.40466149271480667,-1.3602054228490312,-0.26723166049928443
4.821,0.2665858103685948,-1.3289048540254274,0.4032973028641705,-1.3641898506361678,-0.26723166049928443
4.822,0.26525559215336686,-1.331529388307528,0.401929132570175,-1.3681702939955174,-0.26723166049928443
4.823,0.2639227559725331,-1.334140780932125,0.4005569858132635,-1.3721467569115076,-0.26723166049928443
4.824,0.2625873149806486,-1.336739006125827,0.39918086656989893,-1.3761192433645817,-0.26723166049928443
4.825,0.2612492823579745,-1.339324038245205,0.39780082695363994,-1.3800396162589779,-0.26482460688803583
4.8260000000000005,0.2599086713103541,-1.341895851777032,0.39641687088485944,-1.3839560687804795,-0.26482460688803583
4.827,0.25856549506907883,-1.3444544213385448,0.39502900228001,-1.3878686048494597,-0.26482460688803583
4.828,0.25721976689075277,-1.3469997216776999,0.3936372250516276,-1.391777228382371,-0.26482460688803583
4.829,0.25587150005717285,-1.349531727673405,0.39224154310833587,-1.3956819432917493,-0.26482460688803583
4.83,0.25452070787518616,-1.3520504143357874,0.3908420098027518,-1.3995333055840478,-0.26235221177951085
4.831,0.2531674036765661,-1.3545557568064266,0.38943862898623777,-1.403380816514054,-0.26235221177951085
4.832,0.25181160081788106,-1.3570477303585995,0.38803140450630463,-1.4072244799331302,-0.26235221177951085
4.833,0.2504533126803549,-1.359526310397539,0.38662034020661584,-1.4110642996887872,-0.26235221177951085
4.8340000000000005,0.2490925526697447,-1.3619914724606579,0.38520543992699113,-1.4149002796246886,-0.26235221177951085
4.835,0.2477293342162039,-1.3644431922177986,0.3837867582459421,-1.4186816810490541,-0.25981508519950747
4.836,0.246363670774146,-1.366881445471482,0.3823642989448701,-1.4224593010719953,-0.25981508519950747
4.837,0.24499557582211862,-1.3693062081571308,0.3809380658013952,-1.4262331434749134,-0.25981508519950747
4.838,0.24362506286266655,-1.3717174563433163,0.3795080625893598,-1.4300032120354287,-0.25981508519950747
4.839,0.2422521454221987,-1.374115166231994,0.37807429307883245,-1.4337695105273833,-0.25981508519950747
4.84,0.24087683705085822,-1.3764993141587305,0.3766368130607527,-1.437480018079763,-0.2572138531453526
4.841,0.2394991513223804,-1.3788698765929546,0.3751956262456281,-1.4411868151245901,-0.2572138531453526
4.8420000000000005,0.23811910183396873,-1.381226830138169,0.3737507363402557,-1.4448899053723725,-0.2572138531453526
4.843,0.2367367022061561,-1.3835701515321912,0.3723021470477258,-1.448589292529907,-0.2572138531453526
4.844,0.23535196608266643,-1.3858998176473887,0.3708498620674255,-1.4522849803002842,-0.2572138531453526
4.845,0.23396490713028692,-1.3882158054908966,0.36939393838895684,-1.4559236784686131,-0.25454915743146084
4.846,0.2325755390387295,-1.3905180922048497,0.36793437965101805,-1.4595587379387738,-0.25454915743146084
4.847,0.2311838755204955,-1.3928066550666087,0.3664711894886686,-1.4631901623494643,-0.25454915743146084
4.848,0.2297899303107444,-1.3950814714889785,0.3650043715333328,-1.466817955335744,-0.25454915743146084
4.849,0.2283937171671495,-1.3973425190204447,0.36353392941280377,-1.4704421205290377,-0.25454915743146084
4.8500000000000005,0.22699524986977326,-1.3995897753453765,0.3620599213012846,-1.474008111519128,-0.2518216555309627
4.851,0.22559454222092248,-1.4018232182842632,0.3605823507647664,-1.4775705365182281,-0.2518216555309627
4.852,0.22419160804501617,-1.4040428257939244,0.3591012213656741,-1.481129399092329,-0.2518216555309627
4.853,0.22278646118844908,-1.4062485759677283,0.35761653666287024,-1.4846847028038561,-0.2518216555309627
4.854,0.22137911551945097,-1.4084404470358158,0.3561283002116586,-1.4882364512116715,-0.2518216555309627
4.855,0.21996958492795707,-1.4106184173653014,0.35463657135648985,-1.4917288551687296,-0.249032020413492
4.856,0.21855788332546686,-1.4127824654604948,0.353141353589768,-1.4952177667218307,-0.249032020413492
4.857,0.21714402464490198,-1.4149325699631201,0.3516426504004046,-1.4987031893633787,-0.249032020413492
4.8580000000000005,0.21572802284047926,-1.4170687096525099,0.3501404652738223,-1.5021851265822852,-0.249032020413492
4.859,0.21430989188756483,-1.419190863445828,0.3486348016919583,-1.5056635818639728,-0.249032020413492
4.86,0.21288964578253627,-1.4212990103982768,0.34712572015486864,-1.5090815370896915,-0.2461809403791353
4.861,0.21146729854265248,-1.423393129703292,0.3456132240805085,-1.5124960743601845,-0.2461809403791353
4.862,0.21004286420590326,-1.4254732006927666,0.3440973168834151,-1.515907197093407,-0.2461809403791353
4.863,0.20861635683088206,-1.4275392028372376,0.3425780019747112,-1.5193149087038964,-0.2461809403791353
4.864,0.20718779049664238,-1.4295911157460945,0.34105528276210845,-1.5227192126027753,-0.2461809403791353
4.865,0.20575717930255397,-1.431628919167791,0.3395292208863405,-1.5260618757679447,-0.24326911888861363
4.866,0.20432453736817502,-1.4336525929900248,0.3379998196900706,-1.529401196269949,-0.24326911888861363
4.867,0.20288987883310056,-1.435662117239956,0.33646708251261914,-1.5327371774514513,-0.24326911888861363
4.868,0.20145321785683118,-1.4376574720843913,0.3349310126899674,-1.5360698226517722,-0.24326911888861363
4.869,0.20001456861863312,-1.4396386378299808,0.3333916135547605,-1.5393991352068928,-0.24326911888861363
4.87,0.19857394531739034,-1.4416055949234228,0.331848947873201,-1.54266568155948,-0.2402972743896993
4.871,0.1971313621714748,-1.4435583239516425,0.3303030189118353,-1.5459289613657143,-0.2402972743896993
4.872,0.1956868334186014,-1.4454968056419908,0.32875382993394314,-1.5491889778921426,-0.2402972743896993
4.873,0.19424037331568333,-1.4474210208624392,0.3272013841995411,-1.5524457344020444,-0.2402972743896993
4.874,0.19279199613869866,-1.449330950621759,0.32564568496538565,-1.5556992341554363,-0.2402972743896993
4.875,0.19134171618254536,-1.451226576069715,0.32408679610766156,-1.5588888577240803,-0.23726614013996417
4.876,0.1898895477609003,-1.4531078784972498,0.3225247208159924,-1.5620752916691554,-0.23726614013996417
4.877,0.188435505206082,-1.4549748393366653,0.32095946227681216,-1.5652585391802856,-0.23726614013996417
4.878,0.18697960286890014,-1.4568274401618158,0.31939102367336825,-1.5684386034439046,-0.23726614013996417
4.8790000000000004,0.18552185511852554,-1.4586656626882757,0.31781940818572496,-1.57161548764326,-0.23726614013996417
4.88,0.1840622763423391,-1.4604894887735322,0.3162446807842888,-1.5747274014361339,-0.2341764640258534
4.881,0.1826008809457941,-1.4622989004171578,0.3146668445809736,-1.577836203315215,-0.2341764640258534
4.882,0.18113768335227395,-1.4640938797609893,0.3130859026845812,-1.5809418963924167,-0.2341764640258534
4.883,0.17967269800294572,-1.4658744090893083,0.31150185820080467,-1.5840444837765413,-0.2341764640258534
4.884,0.17820593935662501,-1.467640470829007,0.3099147142322314,-1.5871439685732818,-0.2341764640258534
4.885,0.17673742188962913,-1.469392047549767,0.3083245368274591,-1.5901774047722714,-0.2310290083781501
4.886,0.17526716009562934,-1.471129121964237,0.306731329019924,-1.5932078075350622,-0.2310290083781501
4.8870000000000005,0.17379516848551843,-1.4728516769281914,0.3051350938400289,-1.5962351798950902,-0.2310290083781501
4.888,0.17232146158725856,-1.4745596954407088,0.30353583431514614,-1.5992595248827581,-0.2310290083781501
4.889,0.17084605394574176,-1.4762531606443356,0.3019335534696207,-1.6022808455254385,-0.2310290083781501
4.89,0.1693689601226467,-1.4779320558252538,0.3003283184139451,-1.605235055675591,-0.22782454978389255
4.891,0.16789019469629063,-1.4795963644134482,0.2987201321023295,-1.6081863116155932,-0.22782454978389255
4.892,0.16640977226149287,-1.481246069982863,0.29710899748602987,-1.6111346162996554,-0.22782454978389255
4.893,0.16492770742942692,-1.4828811562515685,0.29549491751335083,-1.6140799726790336,-0.22782454978389255
4.894,0.16344401482747098,-1.484501607081927,0.2938778951296488,-1.6170223837020323,-0.22782454978389255
4.8950000000000005,0.16195870909907453,-1.48610740648074,0.29225799849075257,-1.6198966388962255,-0.22456387889476082
4.896,0.1604718049036055,-1.4876985385994161,0.2906352304709173,-1.6227680198352246,-0.22456387889476082
4.897,0.15898331691620549,-1.4892749877341263,0.28900959394152403,-1.6256365293932846,-0.22456387889476082
4.898,0.15749325982765333,-1.4908367383259502,0.28738109177108223,-1.6285021704417866,-0.22456387889476082
4.899,0.15600164834420763,-1.492383774961044,0.285749726825233,-1.63136494584924,-0.22456387889476082
4.9,0.15450849718747314,-1.4939160823707784,0.28411556828832496,-1.6341585369080305,-0.22124780023198118
4.901,0.15301382109425074,-1.4954336454318966,0.2824786189539492,-1.6369493343757622,-0.22124780023198118
4.902,0.15151763481638747,-1.4969364491666661,0.2808388816129032,-1.639737341046026,-0.22124780023198118
4.9030000000000005,0.15001995312063784,-1.498424478743021,0.27919635905319357,-1.6425225597096196,-0.22124780023198118
4.904,0.14852079078851813,-1.4998977194747072,0.277551054060039,-1.6453049931545496,-0.22124780023198118
4.905,0.1470201626161519,-1.5013561568214373,0.27590303682923784,-1.6480172308011518,-0.21787713198784053
4.906,0.14551808341413677,-1.5027997763890197,0.27425231007302775,-1.6507267562101076,-0.21787713198784053
4.907,0.14401456800738469,-1.5042285639295159,0.2725988765009341,-1.6534335720936542,-0.21787713198784053
4.908,0.1425096312349874,-1.5056425053413676,0.2709427388197728,-1.6561376811613173,-0.21787713198784053
4.909,0.141003287950065,-1.5070415866695424,0.2692838997336529,-1.6588390861199127,-0.21787713198784053
4.91,0.139495553019615,-1.5084257941056747,0.26762243043250267,-1.6614693011502688,-0.2144527058238044
4.9110000000000005,0.1379864413243725,-1.5097951139881964,0.2659583335465371,-1.6640968859655947,-0.2144527058238044
4.912,0.1364759677586632,-1.5111495328024704,0.264291611703341,-1.6667218431961053,-0.2144527058238044
4.913,0.13496414723024797,-1.5124890371809327,0.2626222675278716,-1.6693441754693852,-0.2144527058238044
4.914,0.13345099466018853,-1.5138136139032132,0.2609503036424612,-1.671963885410392,-0.2144527058238044
4.915,0.13193652498268643,-1.5151232498962772,0.2592757922136029,-1.6745114288582879,-0.21097536666531508
4.916,0.13042075314494855,-1.5164179322345441,0.2575987357888402,-1.677056424762736,-0.21097536666531508
4.917,0.12890369410703012,-1.5176976481400224,0.2559191369131689,-1.6795988756712796,-0.21097536666531508
4.918,0.12738536284169136,-1.5189623849824327,0.25423699812904,-1.6821387841289146,-0.21097536666531508
4.9190000000000005,0.12586577433424806,-1.520212130279334,0.2525523219763619,-1.684676152678092,-0.21097536666531508
4.92,0.12434494358242786,-1.5214468716962428,0.2508651815803866,-1.6871403959752802,-0.2074459724933133
4.921,0.12282288559621286,-1.522666597046762,0.24917557940535745,-1.6896021750291712,-0.2074459724933133
4.922,0.12129961539770437,-1.5238712942926924,0.24748351791305345,-1.6920614923040083,-0.2074459724933133
4.923,0.1197751480209608,-1.5250609515441615,0.24578899956279188,-1.6945183502615706,-0.2074459724933133
4.924,0.11824949851186232,-1.52623555705973,0.2440920268114307,-1.6969727513611752,-0.2074459724933133
4.925,0.11672268192795365,-1.5273950992465155,0.24239267372493822,-1.699353086492465,-0.20386539413255617
4.926,0.11519471333829547,-1.5285395666603077,0.2406909426836496,-1.7017310412886237,-0.20386539413255617
4.9270000000000005,0.11366560782332262,-1.529668948005673,0.23898683606551963,-1.7041066181299862,-0.20386539413255617
4.928,0.11213538047469096,-1.5307832321360726,0.23728035624612512,-1.7064798193945074,-0.20386539413255617
4.929,0.11060404639512315,-1.5318824080539744,0.23557150559866735,-1.708850647457764,-0.20386539413255617
4.93,0.10907162069827184,-1.5329664649109536,0.2338603591115563,-1.7111464871110413,-0.20023451503674788
4.931,0.10753811850855734,-1.534035392007808,0.23214691908063165,-1.7134400309246653,-0.20023451503674788
4.932,0.1060035549610272,-1.5350891787946594,0.23043118779943716,-1.7157312811944756,-0.20023451503674788
4.933,0.1044679452012067,-1.5361278148710555,0.22871316755922314,-1.7180202402140161,-0.20023451503674788
4.934,0.10293130438494073,-1.5371512899860795,0.2269928606489486,-1.720306910274537,-0.20023451503674788
4.9350000000000005,0.10139364767825554,-1.5381595940384447,0.22527034296096293,-1.7225176879856736,-0.19655423107055847
4.936,0.09985499025720378,-1.5391527170765957,0.22354561670604384,-1.7247262549190991,-0.19655423107055847
4.937,0.09831534730770951,-1.5401306492988114,0.22181868409275823,-1.7269326132855911,-0.19655423107055847
4.938,0.09677473402543059,-1.5410933810532932,0.22008954732746452,-1.7291367652937166,-0.19655423107055847
4.939,0.0952331656155955,-1.5420409028382693,0.21835820861431468,-1.7313387131498341,-0.19655423107055847
4.94,0.09369065729286209,-1.542973205302082,0.21662474473087223,-1.7334638834424558,-0.19282545028857953
4.941,0.0921472242811674,-1.5438902792432807,0.21488915780230744,-1.735586928564785,-0.19282545028857953
4.942,0.09060288181356864,-1.544792115610718,0.21315144995166546,-1.7377078506419916,-0.19282545028857953
4.9430000000000005,0.08905764513210425,-1.545678705503632,0.21141162329986835,-1.7398266517971213,-0.19282545028857953
4.944,0.08751152948763818,-1.5465500401717376,0.20966967996571725,-1.7419433341510957,-0.19282545028857953
4.945,0.08596455013970503,-1.5474061110153146,0.20792569759304608,-1.7439823726711705,-0.1890490927112901
4.946,0.08441672235636728,-1.5482469095852889,0.20617967822089336,-1.746019372152725,-0.1890490927112901
4.947,0.0828680614140603,-1.5490724275833183,0.20443162388625857,-1.748054334634798,-0.1890490927112901
4.948,0.08131858259744147,-1.5498826568618735,0.20268153662410418,-1.750087262154389,-0.1890490927112901
4.949,0.07976830119924379,-1.5506775894243179,0.2009294184673577,-1.7521181567464605,-0.1890490927112901
4.95,0.0782172325201153,-1.5514572174249892,0.19917534790696603,-1.7540705603916749,-0.18522609009804342
4.9510000000000005,0.0766653918684794,-1.552221533169273,0.1974193268953328,-1.756021011633244,-0.18522609009804342
4.952,0.07511279456037859,-1.5529705291136808,0.1956613573829092,-1.7579695124235717,-0.18522609009804342
4.953,0.07355945591931884,-1.5537041978659265,0.19390144131819612,-1.759916064713109,-0.18522609009804342
4.954,0.0720053912761272,-1.5544225321849945,0.19213958064774575,-1.7618606704503568,-0.18522609009804342
4.955,0.07045061596879168,-1.5551255249812164,0.1903758546902515,-1.7637259574942497,-0.18135738571716603
4.956,0.0688951453423186,-1.5558131693163362,0.18861026531100042,-1.7655893792510988,-0.18135738571716603
4.957,0.06733899474857684,-1.5564854584035814,0.18684281437341424,-1.767450937586191,-0.18135738571716603
4.958,0.065782179546141,-1.5571423856077313,0.1850735037390513,-1.7693106343629483,-0.18135738571716603
4.9590000000000005,0.06422471510015128,-1.557783944445179,0.18330233526760836,-1.7711684714429288,-0.18135738571716603
4.96,0.06266661678215207,-1.5584101285839977,0.18152938908595462,-1.7729461816537504,-0.17744393411323328
4.961,0.061107899969944764,-1.559020931844003,0.17975466697180026,-1.7747221141543612,-0.17744393411323328
4.962,0.05954858004743589,-1.5596163481968126,0.1779781707010778,-1.7764962707224714,-0.17744393411323328
4.963,0.057988672404480926,-1.560196371765909,0.17619990204794378,-1.7782686531340135,-0.17744393411323328
4.964,0.0564281924367403,-1.5607609968266927,0.17441986278478064,-1.780039263163144,-0.17744393411323328
4.965,0.05486715554552307,-1.561310217806542,0.17263813382686322,-1.7817289579174116,-0.17348670087153448
4.966,0.05330557713762961,-1.5618440292848683,0.17085471686388629,-1.783416962976925,-0.17348670087153448
4.9670000000000005,0.05174347262521101,-1.5623624259931674,0.16906961358385492,-1.7851032800313786,-0.17348670087153448
4.968,0.05018085742560817,-1.5628654028150728,0.16728282567308614,-1.7867879107687779,-0.17348670087153448
4.969,0.04861774696119961,-1.5633529547864073,0.1654943548162107,-1.7884708568754397,-0.17348670087153448
4.97,0.04705415665925808,-1.5638250770952287,0.16370428269694454,-1.790072119266161,-0.16948666237984192
4.971,0.04549010195178509,-1.5642817650818812,0.16191261091655004,-1.7916717803944917,-0.16948666237984192
4.972,0.04392559827537094,-1.5647230142390387,0.16011934107468834,-1.7932698418616941,-0.16948666237984192
4.973,0.04236066107103705,-1.5651488202117494,0.1583244747694209,-1.7948663052674292,-0.16948666237984192
4.974,0.0407953057840792,-1.5655591787974807,0.15652801359721116,-1.7964611722097585,-0.16948666237984192
4.9750000000000005,0.03922954786392211,-1.5659540859461596,0.15473003999006185,-1.7979736071492987,-0.16544480558749844
4.976,0.037663402763966985,-1.5663335377602108,0.15293055546040796,-1.7994845296538993,-0.16544480558749844
4.977,0.03609688594143014,-1.5666975304945994,0.15112956151917195,-1.8009939412359954,-0.16544480558749844
4.978,0.03453001285720372,-1.5670460605568628,0.14932705967576543,-1.8025018434065094,-0.16544480558749844
4.979,0.032962798975688955,-1.5673791245071511,0.14752305143809058,-1.804008237674853,-0.16544480558749844
4.98,0.03139525976465593,-1.567696719058257,0.14571761996609817,-1.8054314719924158,-0.1613621277618905
4.981,0.029827410695085575,-1.5679988410756502,0.1439107666830225,-1.8068532830756612,-0.1613621277618905
4.982,0.028259267241012586,-1.5682854875775087,0.14210249301067468,-1.8082736723478234,-0.1613621277618905
4.9830000000000005,0.02669084487937977,-1.5685566557347477,0.14029280036944397,-1.8096926412307135,-0.1613621277618905
4.984,0.025122159089885295,-1.5688123428710463,0.13848169017829925,-1.8111101911447205,-0.1613621277618905
4.985,0.02355322535482106,-1.569052546462876,0.13666924630462082,-1.8124438736784239,-0.15723963624240303
4.986,0.021984059158933165,-1.569277264139524,0.13485547008209123,-1.8137762225295935,-0.15723963624240303
4.987,0.02041467598925492,-1.569486493683118,0.1330403628430593,-1.8151072390319118,-0.15723963624240303
4.988,0.01884509133496729,-1.5696802330286468,0.1312239259185416,-1.816436924517728,-0.15723963624240303
4.989,0.017275320687236254,-1.5698584802639812,0.12940616063822355,-1.8177652803180584,-0.15723963624240303
4.99,0.015705379539064365,-1.5700212336298927,0.12758715155622197,-1.8190090820015776,-0.15307834819186866
4.9910000000000005,0.014135283385136053,-1.5701684915200715,0.12576689991633855,-1.8202516398834134,-0.15307834819186866
4.992,0.01256504772166915,-1.5703002524811416,0.12394540696113118,-1.8214929552073673,-0.15307834819186866
4.993,0.010994688046252176,-1.570416515212676,0.12212267393191518,-1.8227330292159973,-0.15307834819186866
4.994,0.009424219857704697,-1.5705172785672075,0.12029870206876457,-1.8239718631506188,-0.15307834819186866
4.995,0.007853658655910156,-1.5706025415502431,0.1184735765916702,-1.82512547709438,-0.14887929034559616
4.996,0.006283019941676219,-1.5706723033202716,0.116647298654246,-1.8262779374241978,-0.14887929034559616
4.997,0.004712319216572904,-1.5707265631887726,0.11481986940895232,-1.8274292452936856,-0.14887929034559616
4.998,0.003141571982779586,-1.5707653206202226,0.11299129000709701,-1.8285794018553039,-0.14887929034559616
4.999,0.0015707937429408783,-1.570788575232102,0.11116156159883665,-1.8297284082603604,-0.14887929034559616
5.0,3.061616997868383e-16,-1.5707963267948966,0.10933077004900939,-1.8307915498272607,-0.14464349875803353
5.001,-0.001570793742940266,-1.570788575232102,0.10749891642075679,-1.8318536282525941,-0.14464349875803353
5.002,-0.0031415719827789738,-1.5707653206202226,0.10566600177615729,-1.8329146445995022,-0.14464349875803353
5.003,-0.004712319216572292,-1.5707265631887726,0.10383202717622722,-1.8339745999300634,-0.14464349875803353
5.0040000000000004,-0.0062830199416764945,-1.5706723033202716,0.10199699368092192,-1.835033495305294,-0.14464349875803353
5.005,-0.007853658655909543,-1.5706025415502431,0.100160987778741,-1.8360059021809316,-0.1403720185471477
5.006,-0.009424219857704084,-1.5705172785672075,0.0983240104420913,-1.8369773366496935,-0.1403720185471477
5.007,-0.010994688046251564,-1.570416515212676,0.0964860626424073,-1.8379477996839868,-0.1403720185471477
5.008,-0.01256504772166854,-1.5703002524811416,0.09464714535015206,-1.8389172922552457,-0.1403720185471477
5.009,-0.014135283385137216,-1.5701684915200715,0.09280725953481812,-1.8398858153339335,-0.1403720185471477
5.01,-0.01570537953906375,-1.5700212336298927,0.0909664922872268,-1.8407672475913306,-0.1360659036365515
5.011,-0.017275320687235644,-1.5698584802639812,0.08912484448881032,-1.8416477984164703,-0.1360659036365515
5.0120000000000005,-0.018845091334967565,-1.5696802330286468,0.08728231702011953,-1.8425274686907849,-0.1360659036365515
5.013,-0.02041467598925431,-1.5694864936831183,0.0854389107608247,-1.843406259294825,-0.1360659036365515
5.014,-0.021984059158932555,-1.569277264139524,0.08359462658971645,-1.8442841711082611,-0.1360659036365515
5.015,-0.023553225354820448,-1.569052546462876,0.08174955217844938,-1.845074411267062,-0.13172621649545824
5.016,-0.025122159089884685,-1.5688123428710463,0.07990368831726367,-1.8458638611857041,-0.13172621649545824
5.017,-0.026690844879380043,-1.5685566557347477,0.07805703579560924,-1.8466525216544276,-0.13172621649545824
5.018,-0.028259267241011975,-1.5682854875775087,0.07620959540214656,-1.8474403934626824,-0.13172621649545824
5.019,-0.029827410695084964,-1.5679988410756502,0.07436136792474743,-1.848227477399129,-0.13172621649545824
5.0200000000000005,-0.03139525976465709,-1.5676967190582567,0.07251244159426817,-1.8489263304792607,-0.12735402787654737
5.021,-0.032962798975688344,-1.5673791245071511,0.07066281710956186,-1.8496244847063124,-0.12735402787654737
5.022,-0.034530012857203106,-1.567046060556863,0.06881249516878273,-1.850321940779137,-0.12735402787654737
5.023,-0.03609688594142953,-1.5666975304945996,0.06696147646938684,-1.8510186993958888,-0.12735402787654737
5.024,-0.037663402763966375,-1.566333537760211,0.06510976170813282,-1.851714761254024,-0.12735402787654737
5.025,-0.03922954786392239,-1.5659540859461594,0.06325743965330902,-1.8523220548238049,-0.12295041655175104
5.026,-0.04079530578407859,-1.5655591787974807,0.061404510912209,-1.8529287411000162,-0.12295041655175104
5.027,-0.04236066107103644,-1.5651488202117494,0.05955097609151905,-1.8535348206899511,-0.12295041655175104
5.0280000000000005,-0.043925598275372096,-1.5647230142390385,0.057696835797318755,-1.8541402942002962,-0.12295041655175104
5.029,-0.04549010195178448,-1.5642817650818814,0.05584209063508162,-1.854745162237131,-0.12295041655175104
5.03,-0.047054156659257475,-1.5638250770952289,0.053986829888625805,-1.855260746455816,-0.1185164690461076
5.031,-0.048617746961199,-1.5633529547864073,0.05213105407353552,-1.8557758150902823,-0.1185164690461076
5.032,-0.050180857425607565,-1.562865402815073,0.050274763704879405,-1.8562903686561143,-0.1185164690461076
5.033,-0.051743472625211284,-1.5623624259931672,0.04841795929721102,-1.8568044076683803,-0.1185164690461076
5.034,-0.053305577137629,-1.5618440292848685,0.04656064136456939,-1.857317932641634,-0.1185164690461076
5.035,-0.05486715554552246,-1.5613102178065421,0.044702899684273004,-1.8577416802963855,-0.11405327936965613
5.0360000000000005,-0.05642819243674146,-1.5607609968266924,0.042844734680069524,-1.8581650042034823,-0.11405327936965613
5.037,-0.057988672404480315,-1.5601963717659093,0.04098614677528285,-1.858587904786672,-0.11405327936965613
5.038,-0.05954858004743529,-1.559616348196813,0.03912713639281357,-1.8590103824692785,-0.11405327936965613
5.039,-0.06110789996994416,-1.5590209318440031,0.03726770395513937,-1.8594324376742024,-0.11405327936965613
5.04,-0.06266661678215146,-1.558410128583998,0.03540793971092789,-1.8597642442114786,-0.10956194874752033
5.041,-0.06422471510015156,-1.5577839444451789,0.033547843991985675,-1.8600957189422176,-0.10956194874752033
5.042,-0.06578217954614039,-1.5571423856077318,0.03168741712978745,-1.8604268621982258,-0.10956194874752033
5.043,-0.06733899474857623,-1.5564854584035817,0.029826659455476467,-1.860757674310978,-0.10956194874752033
5.0440000000000005,-0.06889514534231975,-1.555813169316336,0.02796557129986485,-1.8610881556116174,-0.10956194874752033
5.045,-0.07045061596879107,-1.5551255249812168,0.02610424336070188,-1.8613279391629696,-0.10504358534819165
5.046,-0.0720053912761266,-1.5544225321849947,0.02424267587777111,-1.8615674829307705,-0.10504358534819165
5.047,-0.07355945591931823,-1.5537041978659267,0.022380869090616307,-1.8618067871548034,-0.10504358534819165
5.048,-0.07511279456037798,-1.5529705291136813,0.020518823238541695,-1.8620458520746124,-0.10504358534819165
5.049,-0.07666539186848055,-1.5522215331692726,0.018656538560612192,-1.8622846779295017,-0.10504358534819165
5.05,-0.07821723252011469,-1.5514572174249894,0.016794106181280417,-1.8624323793317743,-0.10049930401010009
5.051,-0.07976830119924319,-1.550677589424318,0.014931526248247774,-1.8625799330326445,-0.10049930401010009
5.0520000000000005,-0.08131858259744262,-1.549882656861873,0.01306879890906796,-1.8627273391798138,-0.10049930401010009
5.053,-0.0828680614140597,-1.5490724275833185,0.011205924311147123,-1.862874597920836,-0.10049930401010009
5.054,-0.08441672235636669,-1.5482469095852893,0.009342902601744005,-1.8630217094031172,-0.10049930401010009
5.055,-0.08596455013970443,-1.5474061110153148,0.007479825309530961,-1.8630772922130452,-0.09593022596655615
5.056,-0.08751152948763757,-1.5465500401717378,0.005616692490090797,-1.8631328194401633,-0.09593022596655615
5.057,-0.0890576451321054,-1.5456787055036312,0.003753504198950743,-1.8631882911400544,-0.09593022596655615
5.058,-0.09060288181356804,-1.5447921156107183,0.0018902604915824975,-1.8632437073682455,-0.09593022596655615
5.059,-0.0921472242811668,-1.543890279243281,2.6961423402289183e-05,-1.8632990681802084,-0.09593022596655615
5.0600000000000005,-0.09369065729286236,-1.5429732053020817,-0.001836301095281121,-1.86326251868341,-0.09133747856909129
5.061,-0.09523316561559489,-1.5420409028382698,-0.0036995271010172295,-1.8632260057361083,-0.09133747856909129
5.062,-0.09677473402542998,-1.5410933810532939,-0.005562716630318983,-1.863189529301754,-0.09133747856909129
5.063,-0.09831534730770891,-1.5401306492988118,-0.007425869719662817,-1.863153089343834,-0.09133747856909129
5.064,-0.09985499025720317,-1.5391527170765962,-0.009288986405488689,-1.8631166858258719,-0.09133747856909129
5.065,-0.10139364767825668,-1.538159594038444,-0.01115197441852892,-1.862988013040232,-0.08672219500930764
5.066,-0.10293130438494014,-1.53715128998608,-0.013014833887456298,-1.862859468927378,-0.08672219500930764
5.067,-0.1044679452012061,-1.5361278148710558,-0.014877564940814934,-1.8627310533586368,-0.08672219500930764
5.0680000000000005,-0.10600355496102747,-1.5350891787946592,-0.016740167707020397,-1.8626027662054643,-0.08672219500930764
5.069,-0.10753811850855674,-1.5340353920078087,-0.018602642314359843,-1.862474607339445,-0.08672219500930764
5.07,-0.10907162069827123,-1.532966464910954,-0.020464896157372733,-1.862253843012891,-0.08208551403927548
5.071,-0.11060404639512256,-1.5318824080539748,-0.022326929456823397,-1.8620332994506636,-0.08208551403927548
5.072,-0.11213538047469036,-1.530783232136073,-0.024188742433255396,-1.8618129764319984,-0.08208551403927548
5.073,-0.11366560782332376,-1.5296689480056722,-0.02605033530699175,-1.8615928737363518,-0.08208551403927548
5.074,-0.11519471333829487,-1.528539566660308,-0.02791170829813515,-1.861372991143401,-0.08208551403927548
5.075,-0.11672268192795306,-1.5273950992465162,-0.02977276848788122,-1.861060189746069,-0.07742857969057039
5.0760000000000005,-0.11824949851186259,-1.5262355570597297,-0.031633516189031353,-1.8607477011501343,-0.07742857969057039
5.077,-0.11977514802096022,-1.5250609515441618,-0.03349395171407415,-1.8604355250427955,-0.07742857969057039
5.078,-0.12129961539770377,-1.523871294292693,-0.035354075375185715,-1.8601236611115641,-0.07742857969057039
5.079,-0.12282288559621227,-1.5226665970467625,-0.03721388748422998,-1.859812109044264,-0.07742857969057039
5.08,-0.12434494358242726,-1.5214468716962433,-0.03907329483198504,-1.8594073477550597,-0.07275254099198832
5.081,-0.12586577433424917,-1.5202121302793332,-0.040932297823212185,-1.8590029912271444,-0.07275254099198832
5.082,-0.12738536284169077,-1.5189623849824334,-0.04279089686226794,-1.858599039055757,-0.07275254099198832
5.083,-0.1289036941070295,-1.5176976481400228,-0.04464909235310448,-1.858195490836541,-0.07275254099198832
5.0840000000000005,-0.1304207531449488,-1.5164179322345437,-0.04650688469927002,-1.8577923461655443,-0.07275254099198832
5.085,-0.13193652498268585,-1.5151232498962777,-0.048364180424123125,-1.8572957248531,-0.06805855168605164
5.086,-0.13345099466018795,-1.5138136139032137,-0.05022098002428509,-1.8567996001619678,-0.06805855168605164
5.087,-0.13496414723024738,-1.5124890371809334,-0.05207728399588062,-1.8563039715955267,-0.06805855168605164
5.088,-0.13647596775866258,-1.5111495328024709,-0.053933092834538274,-1.8558088386576523,-0.06805855168605164
5.089,-0.1379864413243736,-1.5097951139881953,-0.05578840703539099,-1.8553142008527157,-0.06805855168605164
5.09,-0.13949555301961442,-1.5084257941056753,-0.05764313287744174,-1.8547258420507498,-0.06334776994433476
5.091,-0.1410032879500644,-1.5070415866695428,-0.05949727094904932,-1.8541380716075857,-0.06334776994433476
5.0920000000000005,-0.14250963123498853,-1.5056425053413665,-0.06135082183798419,-1.8535508889348649,-0.06334776994433476
5.093,-0.14401456800738496,-1.5042285639295156,-0.063203786131429,-1.8529642934448167,-0.06334776994433476
5.094,-0.14551808341413533,-1.5027997763890213,-0.06505616441597926,-1.8523782845502585,-0.06334776994433476
5.095,-0.14702016261615214,-1.501356156821437,-0.0669078627494066,-1.8516983334273422,-0.05862135808169931
5.096,-0.14852079078851668,-1.4998977194747085,-0.06875888181166215,-1.851019062255549,-0.05862135808169931
5.097,-0.1500199531206381,-1.4984244787430205,-0.07060922228201708,-1.8503404703549273,-0.05862135808169931
5.098,-0.15151763481638603,-1.4969364491666675,-0.07245888483906328,-1.8496625570462064,-0.05862135808169931
5.099,-0.15301382109425016,-1.495433645431897,-0.07430787016071408,-1.848985321650794,-0.05862135808169931
5.1000000000000005,-0.15450849718747425,-1.4939160823707773,-0.07615608410668862,-1.8482139459745337,-0.05388048226951532
5.101,-0.15600164834420704,-1.4923837749610447,-0.07800352744836256,-1.8474433416739495,-0.05388048226951532
5.102,-0.15749325982765275,-1.4908367383259509,-0.07985020095634023,-1.846673507977666,-0.05388048226951532
5.103,-0.1589833169162049,-1.489274987734127,-0.0816961054004553,-1.8459044441150785,-0.05388048226951532
5.104,-0.1604718049036049,-1.4876985385994168,-0.08354124154977165,-1.8451361493163536,-0.05388048226951532
5.105,-0.16195870909907564,-1.4861074064807387,-0.08538551508918364,-1.8442735394119958,-0.04912631224792352
5.106,-0.16344401482747123,-1.4845016070819266,-0.08722892688130118,-1.8434117921175424,-0.04912631224792352
5.107,-0.16492770742942717,-1.4828811562515682,-0.08907147778787157,-1.8425509065703833,-0.04912631224792352
5.1080000000000005,-0.16640977226149312,-1.481246069982863,-0.09091316866978034,-1.8416908819087714,-0.04912631224792352
5.109,-0.1678901946962892,-1.4795963644134498,-0.09275400038705217,-1.8408317172718212,-0.04912631224792352
5.11,-0.16936896012264532,-1.4779320558252556,-0.09459387847302747,-1.8398780859752937,-0.04436002103721663
5.111,-0.17084605394574034,-1.4762531606443374,-0.09643280388133753,-1.8389254083100628,-0.04436002103721663
5.112,-0.17232146158725797,-1.4745596954407094,-0.09827077756466003,-1.837973683322497,-0.04436002103721663
5.113,-0.1737951684855187,-1.4728516769281912,-0.10010780047471995,-1.837022910059919,-0.04436002103721663
5.114,-0.17526716009562876,-1.471129121964238,-0.10194387356229055,-1.8360730875706033,-0.04436002103721663
5.115,-0.17673742188962857,-1.4693920475497675,-0.10377890223246655,-1.8350286701760012,-0.03958278464842531
5.1160000000000005,-0.1782059393566261,-1.4676404708290056,-0.10561288752966534,-1.8339852971987938,-0.03958278464842531
5.117,-0.17967269800294516,-1.465874409089309,-0.1074458304972599,-1.8329429675945634,-0.03958278464842531
5.118,-0.1811376833522734,-1.46409387976099,-0.10927773217757984,-1.8319016803199373,-0.03958278464842531
5.119,-0.18260088094579352,-1.4622989004171585,-0.11110859361191243,-1.8308614343325857,-0.03958278464842531
5.12,-0.18406227634233935,-1.4604894887735318,-0.11293832010044655,-1.829726488534116,-0.03479578179313765
5.121,-0.18552185511852662,-1.4586656626882744,-0.11476691277812799,-1.8285926776814447,-0.03479578179313765
5.122,-0.18697960286890042,-1.4568274401618153,-0.11659437277876762,-1.827460000639626,-0.03479578179313765
5.123,-0.1884355052060806,-1.454974839336667,-0.11842070123504247,-1.8263284562748492,-0.03479578179313765
5.124,-0.18988954776090056,-1.4531078784972495,-0.12024589927849691,-1.825198043454437,-0.03479578179313765
5.125,-0.19134171618254397,-1.4512265760697167,-0.12206987212777974,-1.8239728492828362,-0.03000019359267804
5.126,-0.1927919961386981,-1.4493309506217598,-0.12389262100808515,-1.8227488803054068,-0.03000019359267804
5.127,-0.19424037331568197,-1.447421020862441,-0.1257141471433821,-1.821526135296955,-0.03000019359267804
5.128,-0.19568683341860085,-1.4454968056419915,-0.12753445175641562,-1.8203046130335117,-0.03000019359267804
5.1290000000000004,-0.19713136217147587,-1.443558323951641,-0.12935353606870795,-1.8190843122923317,-0.03000019359267804
5.13,-0.19857394531738978,-1.4416055949234234,-0.1311713052407537,-1.8177691720457732,-0.0251972032866912
5.131,-0.20001456861863257,-1.4396386378299817,-0.13298776058769318,-1.8164553469394613,-0.0251972032866912
5.132,-0.20145321785683062,-1.4376574720843922,-0.13480290342335144,-1.8151428356582557,-0.0251972032866912
5.133,-0.2028898788331,-1.4356621172399568,-0.13661673506023977,-1.8138316368883314,-0.0251972032866912
5.134,-0.20432453736817527,-1.4336525929900246,-0.13842925680955695,-1.8125217493171768,-0.0251972032866912
5.135,-0.20575717930255422,-1.4316289191677907,-0.14024037379704363,-1.8111169874866833,-0.020387995941178697
5.136,-0.20718779049664263,-1.4295911157460943,-0.14205008742746164,-1.8097136304180201,-0.020387995941178697
5.1370000000000005,-0.2086163568308823,-1.427539202837237,-0.14385839910416806,-1.8083116767064258,-0.020387995941178697
5.138,-0.2100428642059035,-1.4254732006927664,-0.1456653102291166,-1.806911124948543,-0.020387995941178697
5.139,-0.21146729854265112,-1.4233931297032942,-0.14747082220285904,-1.8055119737424181,-0.020387995941178697
5.14,-0.21288964578253491,-1.4212990103982788,-0.14927484013979084,-1.804017936931798,-0.015573758156109951
5.141,-0.21430989188756347,-1.41919086344583,-0.15107736553394882,-1.8025253941579884,-0.015573758156109951
5.142,-0.2157280228404795,-1.4170687096525094,-0.15287839987787577,-1.8010343439269527,-0.015573758156109951
5.143,-0.21714402464490143,-1.414932569963121,-0.1546779446626219,-1.7995447847461479,-0.015573758156109951
5.144,-0.2185578833254663,-1.4127824654604957,-0.15647600137774645,-1.798056715124524,-0.015573758156109951
5.1450000000000005,-0.21996958492795812,-1.4106184173652998,-0.1582724751497113,-1.7964737719648525,-0.010755677772656125
5.146,-0.22137911551945044,-1.4084404470358167,-0.16006736756145964,-1.7948924117483407,-0.010755677772656125
5.147,-0.22278646118844853,-1.4062485759677292,-0.16186068019435168,-1.7933126328920455,-0.010755677772656125
5.148,-0.22419160804501562,-1.4040428257939253,-0.1636524146281663,-1.7917344338146066,-0.010755677772656125
5.149,-0.22559454222092273,-1.4018232182842627,-0.16544257244110253,-1.7901578129362452,-0.010755677772656125
5.15,-0.2269952498697743,-1.399589775345375,-0.16723105879509745,-1.7884863539949105,-0.005934943580082466
5.151,-0.22839371716714976,-1.3973425190204443,-0.16901787536160998,-1.7868165665125173,-0.005934943580082466
5.152,-0.22978993031074307,-1.3950814714889808,-0.17080302381042758,-1.7851484488176064,-0.005934943580082466
5.1530000000000005,-0.23118387552049574,-1.3928066550666083,-0.17258650580966797,-1.7834819992403903,-0.005934943580082466
5.154,-0.23257553903872816,-1.3905180922048517,-0.17436832302578073,-1.7818172161127515,-0.005934943580082466
5.155,-0.23396490713028636,-1.3882158054908975,-0.17614838067957783,-1.7800576537970878,-0.0011127450224550917
5.156,-0.2353519660826651,-1.385899817647391,-0.17792668053062158,-1.7782998510437398,-0.0011127450224550917
5.157,-0.23673670220615559,-1.383570151532192,-0.17970322433671473,-1.776543806093145,-0.0011127450224550917
5.158,-0.23811910183396975,-1.3812268301381672,-0.18147801385390225,-1.774789517187501,-0.0011127450224550917
5.159,-0.23949915132237987,-1.3788698765929555,-0.183251050836473,-1.7730369825707626,-0.0011127450224550917
5.16,-0.24087683705085766,-1.3764993141587316,-0.1850222405874993,-1.771189751026295,0.0037097280948399647
5.1610000000000005,-0.2422521454221997,-1.374115166231992,-0.18679158495421266,-1.769344366713372,0.0037097280948399647
5.162,-0.24362506286266603,-1.371717456343317,-0.18855908578199743,-1.7675008277847617,0.0037097280948399647
5.163,-0.24499557582211884,-1.3693062081571301,-0.1903247449143925,-1.76565913239508,0.0037097280948399647
5.164,-0.24636367077414548,-1.3668814454714828,-0.19208856419309328,-1.7638192787007883,0.0037097280948399647
5.165,-0.24772933421620416,-1.3644431922177982,-0.1938504490267974,-1.761884833704114,0.008531285898675245
5.166,-0.24909255266974495,-1.3619914724606572,-0.19561040134994984,-1.7599523231524363,0.008531285898675245
5.167,-0.25045331268035514,-1.3595263103975384,-0.19736842309506114,-1.7580217451113105,0.008531285898675245
5.168,-0.2518116008178798,-1.357047730358602,-0.19912451619270938,-1.7560930976482256,0.008531285898675245
5.1690000000000005,-0.2531674036765663,-1.3545557568064261,-0.20087868257154198,-1.7541663788326038,0.008531285898675245
5.17,-0.2545207078751848,-1.3520504143357899,-0.20263082776922092,-1.7521451976789362,0.013350738741758503
5.171,-0.25587150005717235,-1.349531727673406,-0.20438095380692733,-1.750126037706422,0.013350738741758503
5.172,-0.25721976689075227,-1.346999721677701,-0.20612906270382123,-1.7481088968938805,0.013350738741758503
5.173,-0.2585654950690783,-1.3444544213385456,-0.20787515647704338,-1.7460937732221515,0.013350738741758503
5.174,-0.2599086713103551,-1.3418958517770303,-0.20961923714171748,-1.7440806646740943,0.013350738741758503
5.175,-0.26124928235797396,-1.3393240382452059,-0.21136121038777697,-1.7419732460594972,0.018166897496153578
5.176,-0.2625873149806481,-1.336739006125828,-0.2131010783226405,-1.7398679348635147,0.018166897496153578
5.1770000000000005,-0.26392275597253406,-1.334140780932123,-0.21483884305161924,-1.7377647289787281,0.018166897496153578
5.178,-0.2652555921533671,-1.3315293883075277,-0.21657450667791905,-1.7356636262998264,0.018166897496153578
5.179,-0.266585810368595,-1.3289048540254271,-0.21830807130264265,-1.7335646247236034,0.018166897496153578
5.18,-0.26791339748949816,-1.3262672039889205,-0.2200394427912646,-1.731371488621946,0.022978573846693842
5.181,-0.26923834041332917,-1.3236164642305466,-0.221768623336921,-1.7291805456563902,0.022978573846693842
5.182,-0.2705606260634376,-1.3209526609120332,-0.2234956151305548,-1.7269917936338,0.022978573846693842
5.183,-0.27188024138939515,-1.3182758203240497,-0.22522042036091802,-1.7248052303632322,0.022978573846693842
5.184,-0.2731971733671341,-1.3155859688859262,-0.22694304121457395,-1.722620853655935,0.022978573846693842
5.1850000000000005,-0.27451140899906606,-1.3128831331454132,-0.22866338375576456,-1.7203425411905957,0.027784580584172353
5.186,-0.27582293531421453,-1.3101673397784115,-0.2303814502628023,-1.7180665070377217,0.027784580584172353
5.187,-0.27713173936834706,-1.3074386155886992,-0.2320972430117213,-1.7157927489190006,0.027784580584172353
5.188,-0.27843780824409325,-1.3046969875076884,-0.2338107642762797,-1.7135212645583981,0.027784580584172353
5.189,-0.2797411290510834,-1.3019424825941353,-0.23552201632796185,-1.7112520516821563,0.027784580584172353
5.19,-0.28104168892606585,-1.2991751280338941,-0.23723090545295436,-1.7088891249925087,0.03258373189827067
5.191,-0.28233947503303825,-1.2963949511396409,-0.2389374340141839,-1.7065285612295507,0.03258373189827067
5.192,-0.28363447456337865,-1.2936019793505926,-0.24064160437221427,-1.7041703580303558,0.03258373189827067
5.1930000000000005,-0.2849266747359629,-1.2907962402322561,-0.24234341888524863,-1.70181451303436,0.03258373189827067
5.194,-0.28621606279729567,-1.2879777614761476,-0.24404287990913198,-1.6994610238833603,0.03258373189827067
5.195,-0.2875026260216387,-1.2851465708995107,-0.24573989397511806,-1.6970140659860742,0.03737484367014149
5.196,-0.28878635171113387,-1.2823026964450506,-0.24743446353016474,-1.6945695550466853,0.03737484367014149
5.197,-0.2900672271959239,-1.2794461661806664,-0.24912659101878298,-1.6921274886182358,0.03737484367014149
5.198,-0.29134523983428795,-1.2765770082991519,-0.2508162788830392,-1.6896878642562148,0.03737484367014149
5.199,-0.2926203770127541,-1.2736952511179438,-0.2525035295625578,-1.6872506795185558,0.03737484367014149
5.2,-0.2938926261462363,-1.2708009230788155,-0.2541882498567215,-1.684720294163746,0.04215673376456505
5.2010000000000005,-0.29516197467814764,-1.2678940527476195,-0.2558704422959158,-1.682192439194291,0.04215673376456505
5.202,-0.2964284100805292,-1.2649746688139956,-0.2575501094079956,-1.6796671120798055,0.04215673376456505
5.203,-0.2976919198541777,-1.2620428000910784,-0.25922725371828803,-1.6771443102924344,0.04215673376456505
5.204,-0.29895249152875886,-1.2590984755152346,-0.2609018777495949,-1.6746240313068506,0.04215673376456505
5.205,-0.30021011266294206,-1.256141724145753,-0.262573888592424,-1.672010842829111,0.04692822232163488
5.206,-0.30146477084451306,-1.253172575164579,-0.26424328885996384,-1.6694002675398492,0.04692822232163488
5.207,-0.3027164536905006,-1.2501910578760174,-0.26591008116278975,-1.6667923028258766,0.04692822232163488
5.208,-0.30396514884730325,-1.247197201706434,-0.26757426810886636,-1.664186946076618,0.04692822232163488
5.2090000000000005,-0.305210843990801,-1.2441910362039872,-0.26923585230355046,-1.6615841946841088,0.04692822232163488
5.21,-0.30645352682648863,-1.2411725910383096,-0.27089474115139894,-1.6588888478484674,0.051688132047863405
5.211,-0.3076931850895854,-1.2381418960002435,-0.2725509373477586,-1.6561961963596616,0.051688132047863405
5.212,-0.308929806545166,-1.235098981001522,-0.27420444358528095,-1.6535062375223448,0.051688132047863405
5.213,-0.31016337898827745,-1.2320438760744845,-0.27585526255392484,-1.6508189686438652,0.051688132047863405
5.214,-0.31139389024405634,-1.2289766113717862,-0.2775033969409591,-1.6481343870342642,0.051688132047863405
5.215,-0.3126213281678519,-1.225897217166095,-0.2791487544878362,-1.6453575468770967,0.05643528850666524
5.216,-0.3138456806453502,-1.2228057238497816,-0.2807913379713963,-1.6425834835600863,0.05643528850666524
5.2170000000000005,-0.31506693559268506,-1.2197021619346404,-0.2824311501657027,-1.639812194306393,0.05643528850666524
5.218,-0.316285080956562,-1.2165865620515783,-0.2840681938420446,-1.6370436763419534,0.05643528850666524
5.219,-0.3175001047143807,-1.213458954950301,-0.2857024717689401,-1.6342779268954781,0.05643528850666524
5.22,-0.3187119948743445,-1.210319371499035,-0.28733389204750054,-1.6314202785604202,0.06116852040812415
5.221,-0.31992073947558947,-1.2071678426841947,-0.28896245753537425,-1.6285654878736973,0.06116852040812415
5.222,-0.32112632658829304,-1.2040043996101002,-0.2905881710873519,-1.625713551977661,0.06116852040812415
5.223,-0.32232874431379577,-1.2008290734986613,-0.2922110355553694,-1.622864468017521,0.06116852040812415
5.224,-0.3235279807847215,-1.1976418956890615,-0.29383105378851077,-1.620018233141341,0.06116852040812415
5.2250000000000005,-0.3247240241650918,-1.1944428976374553,-0.295448134270221,-1.6170804817102398,0.06588665989800371
5.226,-0.32591686265043857,-1.191232110916669,-0.29706227993825157,-1.6141456680305695,0.06588665989800371
5.227,-0.32710648446793034,-1.1880095672158641,-0.29867349372741614,-1.6112137891645788,0.06588665989800371
5.228,-0.32829287787647726,-1.1847752983402535,-0.3002817785695936,-1.608284842177454,0.06588665989800371
5.229,-0.3294760311668581,-1.1815293362107577,-0.3018871373937309,-1.6053588241373165,0.06588665989800371
5.23,-0.33065593266182614,-1.1782717128637161,-0.3034894790881872,-1.6023416944562614,0.07058854284588964
5.231,-0.33183257071622874,-1.1750024604505598,-0.3050888066700921,-1.5993275819048873,0.07058854284588964
5.232,-0.3330059337171259,-1.1717216112374829,-0.30668512315355817,-1.5963164834660646,0.07058854284588964
5.2330000000000005,-0.3341760100838972,-1.1684291976051462,-0.3082784315496839,-1.5933083961256806,0.07058854284588964
5.234,-0.33534278826835995,-1.1651252520483466,-0.30986873486655653,-1.5903033168726373,0.07058854284588964
5.235,-0.3365062567548872,-1.1618098071756857,-0.31145594241992963,-1.5872075533731163,0.0752730091324241
5.236,-0.337666404060512,-1.1584828957092737,-0.3130400573055667,-1.5841148856370946,0.0752730091324241
5.237,-0.3388232187350515,-1.1551445504843754,-0.31462108261613553,-1.581025310568809,0.0752730091324241
5.238,-0.33997668936120923,-1.1517948044491184,-0.3161990214412111,-1.5779388250755917,0.0752730091324241
5.239,-0.34112680455469846,-1.1484336906641361,-0.317773876867279,-1.5748554260678675,0.0752730091324241
5.24,-0.3422735529643438,-1.1450612423022721,-0.3193455586598621,-1.5716817925830886,0.07993890293554898
5.2410000000000005,-0.3434169232722042,-1.1416774926482227,-0.32091406999259386,-1.5685113327317945,0.07993890293554898
5.242,-0.3445569041936736,-1.1382824750982388,-0.3224794140359342,-1.5653440433403518,0.07993890293554898
5.243,-0.3456934844776031,-1.1348762231597647,-0.3240415939571725,-1.5621799212383005,0.07993890293554898
5.244,-0.3468266529064017,-1.1314587704511403,-0.32560061292043085,-1.5590189632583513,0.07993890293554898
5.245,-0.347956398296157,-1.1280301507012356,-0.3271563811632656,-1.5557682428347792,0.08458507301568244
5.246,-0.3490827094967367,-1.124590397749148,-0.32870890193639724,-1.5525207731316308,0.08458507301568244
5.247,-0.35020557539190283,-1.121139545543854,-0.33025817848729544,-1.5492765508981856,0.08458507301568244
5.248,-0.3513249848994248,-1.1176776281438638,-0.3318042140601824,-1.5460355728869737,0.08458507301568244
5.249,-0.35244092697118024,-1.1142046797169125,-0.33334701189603616,-1.542797835853773,0.08458507301568244
5.25,-0.35355339059327384,-1.1107207345395913,-0.3348864827265941,-1.5394708305579237,0.08921037299977916
5.251,-0.3546623647861376,-1.107225826997036,-0.33642262987886146,-1.5361471522673702,0.08921037299977916
5.252,-0.3557678386046426,-1.1037199915825775,-0.33795545667651655,-1.5328267976551073,0.08921037299977916
5.253,-0.35686980113821115,-1.100203262897388,-0.339484966439914,-1.5295097633974566,0.08921037299977916
5.2540000000000004,-0.3579682415109154,-1.0966756756501674,-0.34101116248608804,-1.5261960461740636,0.08921037299977916
5.255,-0.3590631488815935,-1.093137264656774,-0.34253395606298265,-1.522793576894606,0.09381366166417587
5.256,-0.36015451244395313,-1.0895880648398921,-0.3440533505730671,-1.5193945100844277,0.09381366166417587
5.257,-0.3612423214266739,-1.0860281112286987,-0.3455693494154081,-1.5159988423410597,0.09381366166417587
5.258,-0.36232656509352285,-1.0824574389584907,-0.34708195598567354,-1.5126065702654352,0.09381366166417587
5.259,-0.3634072327434515,-1.0788760832703659,-0.3485911736761354,-1.5092176904618864,0.09381366166417587
5.26,-0.36448431371070517,-1.0752840795108631,-0.3500969142728425,-1.5057405967071011,0.09839380321616745
5.261,-0.365557797364932,-1.0716814631316012,-0.3515991812528886,-1.5022669800460706,0.09839380321616745
5.2620000000000005,-0.3666276731112805,-1.0680682696889536,-0.3530979780898903,-1.4987968370017013,0.09839380321616745
5.263,-0.36769393039050774,-1.0644445348436848,-0.35459330825399066,-1.4953301641003762,0.09839380321616745
5.264,-0.3687565586790873,-1.0608102943605866,-0.3560851752118626,-1.4918669578719526,0.09839380321616745
5.265,-0.36981554748930456,-1.0571655841081538,-0.35757349130942523,-1.4883160975625955,0.10294966757425575
5.266,-0.3708708863693698,-1.0535104400581965,-0.3590582600975388,-1.4847687881135478,0.10294966757425575
5.267,-0.37192256490351205,-1.0498448982855195,-0.36053948512351275,-1.4812250259739492,0.10294966757425575
5.268,-0.37297057271209116,-1.0461689949675317,-0.3620171699311092,-1.4776848075964901,0.10294966757425575
5.269,-0.3740148994516907,-1.0424827663839231,-0.36349131806054663,-1.4741481294374086,0.10294966757425575
5.2700000000000005,-0.37505553481522974,-1.0387862489162738,-0.3649618424392417,-1.4705243786950317,0.1074801306469742
5.271,-0.376092468532055,-1.0350794790477267,-0.36642874669094505,-1.4669042517033972,0.1074801306469742
5.272,-0.37712569036805177,-1.0313624933625958,-0.36789203443578383,-1.4632877448387542,0.1074801306469742
5.273,-0.3781551901257352,-1.0276353285460371,-0.3693517092902648,-1.459674854480976,0.1074801306469742
5.274,-0.37918095764436066,-1.023898021383655,-0.37080777486727834,-1.4560655770135553,0.1074801306469742
5.275,-0.3802029828000157,-1.020150608761166,-0.3722601446972227,-1.4523698299443368,0.1119840746102421
5.276,-0.3812212555057235,-1.0163931276640246,-0.37370882247584486,-1.4486777786221876,0.1119840746102421
5.277,-0.3822357657115459,-1.012625615177043,-0.3751538118951962,-1.4449894193513606,0.1119840746102421
5.2780000000000005,-0.38324650340467553,-1.0088481084840533,-0.376595116643636,-1.4413047484398045,0.1119840746102421
5.279,-0.3842534586095383,-1.0050606448675252,-0.3780327404058351,-1.4376237621991599,0.1119840746102421
5.28,-0.38525662138789507,-1.0012632617081878,-0.3794665973365084,-1.4338569306732973,0.11646038818317173
5.281,-0.38625598183893206,-0.9974559964846879,-0.38089669120248737,-1.4300938659789606,0.11646038818317173
5.282,-0.38725153009936725,-0.9936388867731876,-0.3823230257668367,-1.4263345643493182,0.11646038818317173
5.283,-0.388243256343539,-0.9898119702470274,-0.383745604788858,-1.4225790220213055,0.11646038818317173
5.284,-0.38923115078351084,-0.9859752846763241,-0.3851644320240936,-1.4188272352356208,0.11646038818317173
5.285,-0.39021520366916446,-0.9821288679276111,-0.38657942227275593,-1.41499024866234,0.12090796690226122
5.2860000000000005,-0.39119540528829416,-0.978272757963473,-0.38799057937183157,-1.4111570990756324,0.12090796690226122
5.287,-0.3921717459667045,-0.974406992842163,-0.3893979071544701,-1.4073277826385115,0.12090796690226122
5.288,-0.3931442160683094,-0.9705316107172133,-0.3908014094499879,-1.4035022955178278,0.12090796690226122
5.289,-0.39411280599521936,-0.9666466498370896,-0.39220109008387216,-1.3996806338842647,0.12090796690226122
5.29,-0.39507750618784504,-0.9627521485447785,-0.39359686452285464,-1.3957744389825024,0.12532571339390008
5.291,-0.39603830712498383,-0.9588481452774403,-0.3949887366731303,-1.391872150275642,0.12532571339390008
5.292,-0.3969951993239174,-0.9549346785660151,-0.39637671043698774,-1.3879737638574883,0.12532571339390008
5.293,-0.39794817334050814,-0.951011787034831,-0.3977607897128135,-1.3840792758257527,0.12532571339390008
5.2940000000000005,-0.3988972197692862,-0.9470795094012476,-0.39914097839509555,-1.380188682282049,0.12532571339390008
5.295,-0.39984232924354535,-0.9431378844752624,-0.4005171926379424,-1.3762142428468642,0.1297125376451364
5.296,-0.40078349243543887,-0.9391869511591132,-0.4018894364157935,-1.3722437778511147,0.1297125376451364
5.297,-0.4017207000560638,-0.9352267484469254,-0.40325771369911384,-1.368277283320361,0.1297125376451364
5.298,-0.4026539428555604,-0.931257315424297,-0.404622028454398,-1.364314755284138,0.1297125376451364
5.299,-0.4035832116232,-0.9272786912679246,-0.4059823846441739,-1.360356189775951,0.1297125376451364
5.3,-0.404508497187473,-0.9232909152452315,-0.40733869913061466,-1.3563144864407228,0.13406735727261768
5.301,-0.4054297904161865,-0.9192940267139479,-0.4086909759554235,-1.3522768248088297,0.13406735727261768
5.3020000000000005,-0.4063470822165472,-0.9152880651217546,-0.41003921915626207,-1.3482432008385685,0.13406735727261768
5.303,-0.4072603635352543,-0.9112730700058801,-0.4113834327667543,-1.3442136104922775,0.13406735727261768
5.304,-0.4081696253585921,-0.9072490809926956,-0.41272362081649067,-1.3401880497363328,0.13406735727261768
5.305,-0.40907485871251126,-0.9032161377973578,-0.41405970089622146,-1.3360800797308034,0.1383890977896513
5.306,-0.40997605466272613,-0.8991742802233783,-0.4153916771139167,-1.3319762176952796,0.1383890977896513
5.307,-0.41087320431479557,-0.8951235481622645,-0.41671955357343854,-1.3278764595217913,0.1383890977896513
5.308,-0.4117662988142136,-0.8910639815931107,-0.418043334374545,-1.3237808011064764,0.1383890977896513
5.309,-0.4126553293465001,-0.8869956205821913,-0.41936302361289457,-1.3196892383495769,0.1383890977896513
5.3100000000000005,-0.4135402871372807,-0.8829185052825956,-0.4206785396281484,-1.3155160152538008,0.14267669287132212
5.311,-0.41442116345238117,-0.8788326759337971,-0.4219898865935295,-1.3113469653811205,0.14267669287132212
5.312,-0.415297949597906,-0.874738172861291,-0.4232970686780878,-1.3071820845583129,0.14267669287132212
5.313,-0.41617063692033085,-0.8706350364761644,-0.4246000900467041,-1.3030213686163281,0.14267669287132212
5.314,-0.4170392168065851,-0.8665233072747132,-0.42589895486009444,-1.2988648133902854,0.14267669287132212
5.315,-0.41790368068413514,-0.8624030258380484,-0.427193582226979,-1.2946273668845434,0.1469290846175897
5.316,-0.4187640200210703,-0.8582742328316897,-0.4284839763848043,-1.290394157825307,0.1469290846175897
5.317,-0.4196202263261907,-0.8541369690051475,-0.4297701415667794,-1.28616518197513,0.1469290846175897
5.3180000000000005,-0.42047229114908485,-0.8499912751915502,-0.4310520820018802,-1.2819404351008032,0.1469290846175897
5.319,-0.4213202060802159,-0.8458371923072269,-0.4323298019148536,-1.2777199129733507,0.1469290846175897
5.32,-0.42216396275100776,-0.841674761351289,-0.4336032212034377,-1.2734192885840911,0.15114522381431017
5.321,-0.42300355283392077,-0.8375040234052591,-0.43487234416825693,-1.2691229648192208,0.15114522381431017
5.322,-0.42383896804254173,-0.8333250196326277,-0.43613717510563504,-1.2648309373781155,0.15114522381431017
5.323,-0.4246702001316588,-0.8291377912784793,-0.4373977183075995,-1.2605432019644511,0.15114522381431017
5.324,-0.4254972408973459,-0.8249423796690724,-0.4386539780618857,-1.2562597542862004,0.15114522381431017
5.325,-0.42632008217704653,-0.8207388262114158,-0.4399058750750138,-1.251897013128072,0.15532407019211375
5.3260000000000005,-0.42713871584964747,-0.8165271723928952,-0.4411534137097249,-1.2475386347111017,0.15532407019211375
5.327,-0.4279531338355659,-0.8123074597808284,-0.4423965983243974,-1.2431846146725483,0.15532407019211375
5.328,-0.42876332809682594,-0.8080797300220705,-0.44363543327305144,-1.2388349486540335,0.15532407019211375
5.329,-0.4295692906371355,-0.803844024842617,-0.444869922905353,-1.2344896323015373,0.15532407019211375
5.33,-0.4303710135019715,-0.7996003860471587,-0.4460999887561686,-1.2300658508155742,0.15946459268307658
5.331,-0.4311684887786521,-0.7953488555187016,-0.44732563524927965,-1.225646493111097,0.15946459268307658
5.332,-0.43196170859641725,-0.7910894752181409,-0.448546866804044,-1.2212315547643244,0.15946459268307658
5.333,-0.4327506651265095,-0.7868222871838304,-0.4497636878353999,-1.2168210313558985,0.15946459268307658
5.3340000000000005,-0.4335353505822454,-0.7825473335311987,-0.4509761027538708,-1.212414918470881,0.15946459268307658
5.335,-0.43431575721909554,-0.7782646564523169,-0.4521840339420297,-1.2079311881589077,0.1635657696751197
5.336,-0.4350918773347631,-0.7739742982154691,-0.45338748588360694,-1.2034519415772464,0.1635657696751197
5.337,-0.4358637032692543,-0.769676301164769,-0.4545864630578491,-1.1989771742421669,0.1635657696751197
5.338,-0.4366312274049603,-0.7653707077197024,-0.45578096993952355,-1.1945068816744224,0.1635657696751197
5.339,-0.43739444216672696,-0.7610575603747433,-0.4569710109989228,-1.1900410593992456,0.1635657696751197
5.34,-0.4381533400219319,-0.7567369016989195,-0.45815650948547737,-1.1854984865545648,0.1676265892640796
5.341,-0.43890791348056046,-0.752408774335383,-0.4593374699417601,-1.1809604562827287,0.1676265892640796
5.3420000000000005,-0.4396581550952781,-0.7480732210009986,-0.4605138969058013,-1.1764269640411644,0.1676265892640796
5.343,-0.44040405746150135,-0.7437302844859371,-0.46168579491109313,-1.1718980052918417,0.1676265892640796
5.344,-0.44114561321747653,-0.7393800076532191,-0.4628531684865944,-1.1673735755012684,0.1676265892640796
5.345,-0.4418828150443462,-0.7350224334383301,-0.46401594176753014,-1.1627732809356996,0.17164604950337797
5.346,-0.44261565566622746,-0.7306576048487587,-0.46517411935419484,-1.1581775866646964,0.17164604950337797
5.347,-0.44334412785027844,-0.726285564963606,-0.4663277058422828,-1.153586488087964,0.17164604950337797
5.348,-0.444068224406772,-0.7219063569331452,-0.4674767058228926,-1.1489999806098086,0.17164604950337797
5.349,-0.44478793818916906,-0.7175200239783821,-0.4686211238825317,-1.1444180596391311,0.17164604950337797
5.3500000000000005,-0.4455032620941844,-0.7131266093906566,-0.46976088506093816,-1.1397611784064672,0.17562315865123693
5.351,-0.44621418906185895,-0.7087261565312025,-0.4708959940149932,-1.1351089540550359,0.17562315865123693
5.352,-0.4469207120756323,-0.7043187088307027,-0.4720264553969212,-1.130461381927956,0.17562315865123693
5.353,-0.44762282416240573,-0.6999043097888967,-0.4731522738542942,-1.1258184573730035,0.17562315865123693
5.354,-0.4483205183926182,-0.6954830029741109,-0.4742734540300368,-1.1211801757426056,0.17562315865123693
5.355,-0.44901378788030766,-0.6910548320228687,-0.47538992188689533,-1.1164678568585555,0.17955693541537934
5.356,-0.44970262578318493,-0.6866198406394244,-0.47650168213718874,-1.1117602502933894,0.17955693541537934
5.357,-0.4503870253026988,-0.6821780725953477,-0.4776087394885235,-1.1070573513347886,0.17955693541537934
5.3580000000000005,-0.45106697968410153,-0.6777295717291009,-0.4787110986437986,-1.1023591552751462,0.17955693541537934
5.359,-0.4517424822165171,-0.6732743819455965,-0.47980876430121017,-1.0976656574115635,0.17955693541537934
5.36,-0.4524135262330098,-0.6688125472157493,-0.4809016633647804,-1.0928990635702491,0.18344640919514502
5.361,-0.4530801051106445,-0.6643441115760766,-0.4819898006011032,-1.088137236322776,0.18344640919514502
5.362,-0.4537422122705584,-0.6598691191282243,-0.48307318077200573,-1.0833801709025503,0.18344640919514502
5.363,-0.4543998411780203,-0.655387614038566,-0.4841518086345535,-1.0786278625477448,0.18344640919514502
5.364,-0.45505298534249766,-0.650899640537753,-0.4852256889410548,-1.073880306501294,0.18344640919514502
5.365,-0.4557016383177228,-0.6464052429202615,-0.48629474955484314,-1.0690606137883734,0.1872906203209737
5.3660000000000005,-0.4563457937017519,-0.6419044655439867,-0.48735899529561133,-1.0642457407681656,0.1872906203209737
5.367,-0.4569854451370307,-0.6373973528297895,-0.4884184309782323,-1.0594356826209779,0.1872906203209737
5.368,-0.4576205863104592,-0.6328839492610425,-0.4894730614127642,-1.0546304345319375,0.1872906203209737
5.369,-0.458251210953449,-0.6283642993832269,-0.4905228914044552,-1.0498299916909861,0.1872906203209737
5.37,-0.4588773128419902,-0.6238384478034574,-0.4915678497937487,-1.0449583892934713,0.19108862029118864
5.371,-0.4594988857967106,-0.6193064391900567,-0.492607941452247,-1.040091658498354,0.19108862029118864
5.372,-0.46011592368293475,-0.6147683182721305,-0.49364317124668106,-1.0352297944340318,0.19108862029118864
5.373,-0.4607284204107491,-0.6102241298390898,-0.49467354403891484,-1.030372792233774,0.19108862029118864
5.3740000000000006,-0.4613363699350576,-0.605673918740245,-0.49569906468595054,-1.0255206470357163,0.19108862029118864
5.375,-0.46193976625564315,-0.6011177298843479,-0.4967196630228991,-1.02059833694856,0.19483947200602533
5.376,-0.46253860341722913,-0.5965556082391327,-0.4977353439720706,-1.015680949171491,0.19483947200602533
5.377,-0.463132875509533,-0.5919875988309085,-0.49874611245085276,-1.010768478782199,0.19483947200602533
5.378,-0.4637225766673307,-0.5874137467440738,-0.49975197337171606,-1.0058609208632965,0.19483947200602533
5.3790000000000004,-0.46430770107050895,-0.5828340971207072,-0.5007529316422183,-1.0009582705023128,0.19483947200602533
5.38,-0.4648882429441257,-0.578248695160107,-0.5017489181094502,-0.9959864672318335,0.19854224999884706
5.381,-0.4654641965584681,-0.5736575861183286,-0.5027399377452149,-0.9910196357646247,0.19854224999884706
5.382,-0.46603555622910536,-0.5690608153077756,-0.5037259955163438,-0.9860577711288832,0.19854224999884706
5.383,-0.46660231631694943,-0.5644584280967093,-0.5047070963847016,-0.9811008683577773,0.19854224999884706
5.384,-0.46716447122830584,-0.5598504699088439,-0.505683245307191,-0.9761489224894426,0.19854224999884706
5.385,-0.46772201541493313,-0.5552369862228614,-0.5066543741599446,-0.9711288527536633,0.20219604066449007
5.386,-0.4682749433740959,-0.550618022571978,-0.5076204879630323,-0.9661138030876198,0.20219604066449007
5.3870000000000005,-0.4688232496486178,-0.5459936245435051,-0.5085815917315035,-0.9611037684712425,0.20219604066449007
5.388,-0.4693669288269367,-0.5413638377783899,-0.509537690475393,-0.9560987438894815,0.20219604066449007
5.389,-0.46990597554315977,-0.5367287079707479,-0.5104887891997253,-0.9510987243323021,0.20219604066449007
5.39,-0.47044038447711234,-0.5320882808674497,-0.5114348208264836,-0.9460316267582762,0.20579994248468161
5.391,-0.4709701503543952,-0.5274426022676267,-0.5123757904227655,-0.9409695962818243,0.20579994248468161
5.392,-0.4714952679464324,-0.5227917180222567,-0.5133117030506014,-0.9359126278358488,0.20579994248468161
5.393,-0.47201573207052466,-0.5181356740336944,-0.5142425637669596,-0.9308607163583194,0.20579994248468161
5.394,-0.4725315375899025,-0.5134745162552041,-0.5151683776237519,-0.9258138567922674,0.20579994248468161
5.3950000000000005,-0.473042679413773,-0.5088082906905365,-0.5160890786053624,-0.9207009816104655,0.2093530662504771
5.396,-0.47354915249737217,-0.504137043393459,-0.5170046718246663,-0.9155932193038455,0.2093530662504771
5.397,-0.4740509518420163,-0.4994608204672864,-0.5179151623894258,-0.9104905647595322,0.2093530662504771
5.398,-0.47454807249514724,-0.49477966806446166,-0.5188205554022955,-0.905393012869763,0.2093530662504771
5.399,-0.4750405095503855,-0.4900936323860637,-0.5197208559608274,-0.9003005585318837,0.2093530662504771
5.4,-0.4755282581475767,-0.48540275968136765,-0.5206159991280951,-0.8951431672677187,0.2128545352816562
5.401,-0.4760113134728379,-0.48070709624740376,-0.5215059900614899,-0.8899909333948178,0.2128545352816562
5.402,-0.47648967075860926,-0.476006688428464,-0.5223908339132457,-0.8848438517557898,0.2128545352816562
5.4030000000000005,-0.47696332528369684,-0.4713015826156811,-0.5232705358304441,-0.879701917198401,0.2128545352816562
5.404,-0.47743227237332125,-0.46659182524655524,-0.5241451009550198,-0.8745651245755695,0.2128545352816562
5.405,-0.47789650739916506,-0.4618774628044796,-0.5250144654447579,-0.8693644897381332,0.21630348564303636
5.406,-0.478356025779415,-0.4571585418183189,-0.5258786345002935,-0.8641690555355344,0.21630348564303636
5.407,-0.47881082297881106,-0.45243510886190746,-0.5267376133170606,-0.858978816767138,0.21630348564303636
5.408,-0.47926089450868814,-0.447707210553627,-0.5275914070852981,-0.8537937682375102,0.21630348564303636
5.409,-0.47970623592702133,-0.4429748935559305,-0.5284400209900545,-0.848613904756412,0.21630348564303636
5.41,-0.48014684283847164,-0.43823820457486534,-0.529283392299579,-0.843371309524503,0.21969906635762967
5.4110000000000005,-0.48058271089442633,-0.433497190359645,-0.5301215262564668,-0.8381339568878259,0.21969906635762967
5.412,-0.481013835793043,-0.42875189770217115,-0.5309544280980706,-0.8329018416037854,0.21969906635762967
5.413,-0.4814402132792936,-0.424002373436561,-0.5317821030565056,-0.827674958435029,0.21969906635762967
5.414,-0.48186183914500486,-0.4192486644386964,-0.5326045563586551,-0.8224533021494415,0.21969906635762967
5.415,-0.4822787092288988,-0.41449081762577666,-0.5334217263987101,-0.8171700400549597,0.22304043961661202
5.416,-0.4826908194166369,-0.40972887995581836,-0.5342336184599327,-0.8118920612225725,0.22304043961661202
5.417,-0.48309816564085706,-0.40496289842723454,-0.5350402378203016,-0.8066193603690177,0.22304043961661202
5.418,-0.48350074388121744,-0.40019292007832785,-0.5358415897525179,-0.8013519322163165,0.22304043961661202
5.4190000000000005,-0.48389855016443284,-0.39541899198686453,-0.5366376795240098,-0.796089771491768,0.22304043961661202
5.42,-0.4842915805643154,-0.39064116126959275,-0.5374284466701104,-0.7907671461005553,0.22632678098604123
5.421,-0.4846798312018147,-0.38585947508176205,-0.5382138965134451,-0.7854498433347339,0.22632678098604123
5.422,-0.48506329824505273,-0.3810739806166955,-0.5389940343713168,-0.7801378578716783,0.22632678098604123
5.423,-0.4854419779093655,-0.3762847251052806,-0.5397688655557108,-0.7748311843940858,0.22632678098604123
5.424,-0.48581586645733715,-0.3714917558155412,-0.5405383953733007,-0.769529817589971,0.22632678098604123
5.425,-0.4861849601988383,-0.36669512005215465,-0.5413025645154809,-0.7641691421801756,0.22955727961026978
5.426,-0.4865492554910634,-0.3618948651559686,-0.5420613783429267,-0.7588138274457901,0.22955727961026978
5.4270000000000005,-0.4869087487385644,-0.3570910385035717,-0.5428148422109528,-0.7534638680261388,0.22955727961026978
5.428,-0.4872634363932883,-0.35228368750678823,-0.5435629614695187,-0.7481192585659073,0.22955727961026978
5.429,-0.4876133149546116,-0.34747285961222635,-0.5443057414632337,-0.742779993715136,0.22955727961026978
5.43,-0.4879583809693734,-0.342658602300826,-0.5450431240541869,-0.7373825909531806,0.2327311384120137
5.431,-0.4882986310319121,-0.3378409630873524,-0.5457751146397809,-0.7319905855939871,0.2327311384120137
5.432,-0.48863406178409674,-0.33301998951996503,-0.546501718612021,-0.7266039722401528,0.2327311384120137
5.433,-0.48896466991536075,-0.3281957291797321,-0.5472229413575207,-0.7212227454996724,0.2327311384120137
5.434,-0.48929045216273603,-0.3233682296801448,-0.5479387882575066,-0.7158468999859324,0.2327311384120137
5.4350000000000005,-0.48961140531088304,-0.31853753866667944,-0.5486492023591069,-0.710414101600166,0.2358475742890231
5.436,-0.4899275261921234,-0.31370370381631185,-0.5493541890951197,-0.7049867360127854,0.2358475742890231
5.437,-0.4902388116864723,-0.30886677283702935,-0.5500537538929107,-0.6995647977909921,0.2358475742890231
5.438,-0.49054525872166693,-0.304026793467399,-0.550747902174418,-0.6941482815074207,0.2358475742890231
5.439,-0.4908468642731995,-0.2991838134760523,-0.5514366393561582,-0.6887371817401328,0.2358475742890231
5.44,-0.4911436253643445,-0.2943378806612519,-0.5521199096843504,-0.6832703281922468,0.23890581830729152
5.441,-0.49143553906618964,-0.28948904285040383,-0.5527977186258484,-0.6778089414979087,0.23890581830729152
5.442,-0.4917226024976647,-0.28463734789957434,-0.5534700716420387,-0.672353016190265,0.23890581830729152
5.4430000000000005,-0.49200481282556985,-0.27978284369302836,-0.5541369741888466,-0.6669025468079289,0.23890581830729152
5.444,-0.4922821672646025,-0.2749255781427735,-0.5547984317167415,-0.6614575278949751,0.23890581830729152
5.445,-0.49255466307738693,-0.27006559918804884,-0.5554543896847908,-0.6559579680492644,0.24190511589078698
5.446,-0.4928222975744988,-0.2652029547948956,-0.5561048535925541,-0.6504639077633995,0.24190511589078698
5.447,-0.4930850681144943,-0.26033769295563974,-0.556749828934092,-0.6449753415378203,0.24190511589078698
5.448,-0.4933429721039341,-0.25546986168845703,-0.5573893211979705,-0.6394922638784668,0.24190511589078698
5.449,-0.49359600699740946,-0.2505995090368823,-0.5580233358672673,-0.6340146692967726,0.24190511589078698
5.45,-0.4938441702975689,-0.24572668306931897,-0.5586518196273546,-0.6284837600873232,0.24484472700763285
5.4510000000000005,-0.4940874595551404,-0.24085143187859762,-0.5592747780091416,-0.6229583817870832,0.24484472700763285
5.452,-0.494325872368957,-0.23597380358148484,-0.5598922165380067,-0.6174385288651434,0.24484472700763285
5.453,-0.494559406385981,-0.23109384631819163,-0.5605041407338028,-0.6119241957961256,0.24484472700763285
5.454,-0.49478805930132547,-0.22621160825193715,-0.561110556110863,-0.6064153770601768,0.24484472700763285
5.455,-0.4950118288582789,-0.221327137568429,-0.5617114105940191,-0.6008544831560627,0.2477239263526926
5.456,-0.49523071284832554,-0.216440482475432,-0.562306709744165,-0.5952991501458528,0.2477239263526926
5.457,-0.4954447091111694,-0.21155169120224798,-0.5628964591166337,-0.5897493724686531,0.2477239263526926
5.458,-0.4956538155347532,-0.2066608119992842,-0.5634806642612028,-0.5842051445691306,0.2477239263526926
5.4590000000000005,-0.49585803005528145,-0.2017678931375328,-0.5640593307221003,-0.5786664608975076,0.2477239263526926
5.46,-0.4960573506572388,-0.19687298290813868,-0.5646324076764664,-0.5730769543660794,0.2505420035265337
5.461,-0.49625177537341186,-0.19197612962187852,-0.5651999007138075,-0.5674930373411826,0.2505420035265337
5.462,-0.4964413022849067,-0.18707738160872844,-0.5657618154180408,-0.5619147042333108,0.2505420035265337
5.463,-0.4966259295211697,-0.18217678721734254,-0.5663181573674994,-0.5563419494585469,0.2505420035265337
5.464,-0.49680565526000425,-0.17727439481461454,-0.5668689321349379,-0.5507747674385577,0.2505420035265337
5.465,-0.4969804777275898,-0.17237025278518384,-0.5674140901623449,-0.545158027406905,0.2532982632107085
5.466,-0.49715039519849946,-0.1674644095309413,-0.5679536370664602,-0.5395469041152839,0.2532982632107085
5.4670000000000005,-0.4973154059957163,-0.1625569134705848,-0.5684875784584071,-0.5339413919469544,0.2532982632107085
5.468,-0.4974755084906501,-0.15764781303912476,-0.5690159199436979,-0.5283414852907933,0.2532982632107085
5.469,-0.49763070110315427,-0.1527371566873895,-0.5695386671222392,-0.5227471785412883,0.2532982632107085
5.47,-0.49778098230154,-0.14782499288158574,-0.5700557717130952,-0.5171045908559608,0.2559920253393092
5.471,-0.49792635060259277,-0.14291137010278163,-0.5705672393588535,-0.5114676457583187,0.2559920253393092
5.472,-0.4980668045715862,-0.1379963368464447,-0.5710730756964593,-0.5058363376057742,0.2559920253393092
5.473,-0.4982023428222961,-0.13307994162198003,-0.5715732863572206,-0.5002106607613822,0.2559920253393092
5.474,-0.4983329640170149,-0.12816223295221252,-0.5720678769668144,-0.49459060959383466,0.2559920253393092
5.4750000000000005,-0.49845866686656404,-0.12324325937294697,-0.5725568005332933,-0.4889235664789055,0.258622625266767
5.476,-0.4985794501303069,-0.11832306943247228,-0.5730400627237003,-0.48326219040709123,0.258622625266767
5.477,-0.49869531261616185,-0.11340171169106569,-0.5735176691994117,-0.4776064757113488,0.258622625266767
5.478,-0.49880625318061256,-0.1084792347205524,-0.573989625616142,-0.4719564167303021,0.258622625266767
5.479,-0.49891227072872074,-0.10355568710378169,-0.5744559376239502,-0.46631200780823645,0.258622625266767
5.48,-0.49901336421413583,-0.09863111743418637,-0.574916559531472,-0.46062190752179133,0.26118941393184375
5.481,-0.4991095326391059,-0.09370557431528656,-0.5753714970288076,-0.45493749733563266,0.26118941393184375
5.482,-0.49920077505448757,-0.08877910636019315,-0.5758207558003673,-0.44925877155966015,0.26118941393184375
5.4830000000000005,-0.49928709055975495,-0.08385176219116154,-0.5762643415248767,-0.4435857245094636,0.26118941393184375
5.484,-0.4993684783030088,-0.078923590439095,-0.576702259875383,-0.4379183505063173,0.26118941393184375
5.485,-0.49944493748098495,-0.07399463974305358,-0.5771344664723785,-0.43220659699545544,0.2636917580177753
5.486,-0.49951646733906235,-0.06906495874978515,-0.5775609670276166,-0.4265005552381045,0.2636917580177753
5.487,-0.49958306717127005,-0.0641345961132621,-0.5779817672471391,-0.4208002195225109,0.2636917580177753
5.488,-0.4996447363202946,-0.059203600494162005,-0.5783968728312817,-0.4151055841426329,0.2636917580177753
5.489,-0.4997014741774864,-0.05427202055943208,-0.5788062894746798,-0.4094166433981347,0.2636917580177753
5.49,-0.49975328018286574,-0.04933990498176416,-0.5792099741206324,-0.4036846459525658,0.2661290401085393
5.4910000000000005,-0.49980015382512827,-0.04440730243915338,-0.5796079325011368,-0.3979583805044425,0.2661290401085393
5.492,-0.49984209464164997,-0.03947426161440107,-0.5800001703424587,-0.39223784132176726,0.2661290401085393
5.493,-0.499879102218492,-0.03454083119461745,-0.5803866933651369,-0.3865230226782747,0.2661290401085393
5.494,-0.4999111761904045,-0.029607059870780213,-0.5807675072839904,-0.38081391885342564,0.2661290401085393
5.495,-0.4999383162408303,-0.024672996337209326,-0.5811425703757481,-0.3750630917577485,0.2685006588411851
5.496,-0.49996052210190806,-0.01973868929112549,-0.5815118883912372,-0.36931801548916704,0.2685006588411851
5.497,-0.4999777935544749,-0.014804187432152753,-0.5818754670755341,-0.3635786842968542,0.2685006588411851
5.498,-0.49999013042806856,-0.009869539461821175,-0.5822333121679698,-0.35784509243573365,0.2685006588411851
5.4990000000000006,-0.4999975326009291,-0.004934794083125183,-0.5825854294021363,-0.3521172341664742,0.2685006588411851
5.5,-0.5,-3.848313679953889e-15,-0.5829317783984875,-0.34634899635122346,0.27080602905421375
5.501,-0.4999975326009291,0.004934794083123067,-0.5832723649252614,-0.340586526773788,0.27080602905421375
5.502,-0.49999013042806856,0.009869539461819059,-0.5836071947449273,-0.3348298196659299,0.27080602905421375
5.503,-0.4999777935544749,0.014804187432150635,-0.5839362736141924,-0.3290788692651797,0.27080602905421375
5.5040000000000004,-0.49996052210190806,0.01973868929112895,-0.5842596072840073,-0.32333366981483025,0.27080602905421375
5.505,-0.4999383162408303,0.024672996337207213,-0.5845771567285136,-0.3175494445063761,0.2730445819319652
5.506,-0.4999111761904045,0.029607059870778097,-0.5848889277319369,-0.31177100342323044,0.2730445819319652
5.507,-0.499879102218492,0.03454083119461533,-0.5851949260727181,-0.3059983407811679,0.2730445819319652
5.508,-0.49984209464164997,0.03947426161439896,-0.5854951575235198,-0.3002314508017474,0.2730445819319652
5.509,-0.49980015382512827,0.044407302439156845,-0.5857896278512321,-0.29447032771230636,0.2730445819319652
5.51,-0.4997532801828658,0.04933990498176203,-0.5860782993933138,-0.288671542081695,0.27521576514495316
5.511,-0.49970147417748645,0.054272020559429965,-0.5863611779485505,-0.28287855523671424,0.27521576514495316
5.5120000000000005,-0.4996447363202946,0.05920360049416546,-0.586638269309929,-0.2770913613785785,0.27521576514495316
5.513,-0.49958306717127005,0.06413459611325997,-0.5869095792646433,-0.27130995471430086,0.27521576514495316
5.514,-0.4995164673390624,0.06906495874978304,-0.5871751135940999,-0.2655343294566875,0.27521576514495316
5.515,-0.499444937480985,0.07399463974305145,-0.5874348360083674,-0.25972241426750775,0.2773190429861515
5.516,-0.4993684783030088,0.07892359043909289,-0.5876887523193609,-0.2539163109935172,0.2773190429861515
5.517,-0.4992870905597549,0.083851762191165,-0.5879368683331837,-0.24811601382280066,0.2773190429861515
5.518,-0.49920077505448757,0.08877910636019104,-0.588179189850133,-0.24232151694925483,0.2773190429861515
5.519,-0.4991095326391059,0.09370557431528445,-0.5884157226647055,-0.23653281457258254,0.2773190429861515
5.5200000000000005,-0.4990133642141358,0.09863111743418984,-0.5886464318685335,-0.23070920382794655,0.2793538965031712
5.521,-0.49891227072872074,0.10355568710377958,-0.5888713232852275,-0.22489141669405519,0.2793538965031712
5.522,-0.4988062531806126,0.1084792347205503,-0.5890904027325748,-0.2190794473472977,0.2793538965031712
5.523,-0.4986953126161619,0.11340171169106357,-0.5893036760225447,-0.21327328996988698,0.2793538965031712
5.524,-0.49857945013030697,0.11832306943247016,-0.5895111489612946,-0.20747293874985367,0.2793538965031712
5.525,-0.4984586668665639,0.12324325937295041,-0.5897127880306332,-0.20163906933857778,0.28131982362630265
5.526,-0.49833296401701493,0.1281622329522104,-0.5899085990644299,-0.19581103379671316,0.28131982362630265
5.527,-0.49820234282229614,0.1330799416219779,-0.5900985878907203,-0.1899888262903904,0.28131982362630265
5.5280000000000005,-0.49806680457158625,0.13799633684644258,-0.5902827603317119,-0.18417244099157395,0.28131982362630265
5.529,-0.4979263506025928,0.14291137010277952,-0.59046112220379,-0.17836187207805632,0.28131982362630265
5.53,-0.49778098230154005,0.14782499288158366,-0.5906336413872101,-0.17251918342013042,0.28321633929239187
5.531,-0.4976307011031543,0.15273715668738738,-0.590800323724661,-0.16668233745086244,0.28321633929239187
5.532,-0.49747550849065014,0.15764781303912268,-0.5909611750529885,-0.16085132832756374,0.28321633929239187
5.533,-0.49731540599571616,0.16255691347058826,-0.5911162012032019,-0.15502615021338834,0.28321633929239187
5.534,-0.4971503951984996,0.1674644095309392,-0.5912654080004792,-0.1492067972773271,0.28321633929239187
5.535,-0.49698047772758985,0.17237025278518173,-0.591408764731448,-0.14335673096875914,0.2850429755645314
5.5360000000000005,-0.49680565526000414,0.17727439481461799,-0.5915462772461745,-0.13751251472649975,0.2850429755645314
5.537,-0.49662592952116974,0.18217678721734043,-0.5916779513888749,-0.1316741427004826,0.2850429755645314
5.538,-0.4964413022849068,0.18707738160872633,-0.5918037929979214,-0.1258416090464915,0.2850429755645314
5.539,-0.4962517753734119,0.1919761296218764,-0.5919238079058475,-0.12001490792615438,0.2850429755645314
5.54,-0.4960573506572389,0.19687298290813654,-0.5920379668132308,-0.11415890738327814,0.2867992817475046
5.541,-0.4958580300552813,0.20176789313753624,-0.5921462755760718,-0.10830876284094476,0.2867992817475046
5.542,-0.4956538155347533,0.2066608119992821,-0.592248740044515,-0.10246446844315373,0.2867992817475046
5.543,-0.4954447091111695,0.2115516912022459,-0.5923453660628547,-0.09662601833976048,0.2867992817475046
5.5440000000000005,-0.49523071284832565,0.21644048247542988,-0.5924361594695412,-0.09079340668647062,0.2867992817475046
5.545,-0.49501182885827893,0.22132713756842692,-0.592521092386331,-0.08493291678980427,0.2884848244989938
5.546,-0.4947880593013255,0.22621160825193506,-0.5926001706737141,-0.0790782873830346,0.2884848244989938
5.547,-0.4945594063859811,0.23109384631818952,-0.5926734001863198,-0.07322951260567169,0.2884848244989938
5.548,-0.4943258723689571,0.23597380358148273,-0.5927407867729229,-0.06738658660308615,0.2884848244989938
5.549,-0.4940874595551402,0.24085143187860109,-0.5928023362764494,-0.06154950352650319,0.2884848244989938
5.55,-0.493844170297569,0.24572668306931686,-0.5928580222467137,-0.05568597026424655,0.29009918793650685
5.551,-0.4935960069974096,0.2505995090368802,-0.5929078505472489,-0.04982830053525217,0.29009918793650685
5.5520000000000005,-0.4933429721039339,0.2554698616884604,-0.5929518270357249,-0.04397648847598678,0.29009918793650685
5.553,-0.49308506811449443,0.26033769295563763,-0.5929899575639537,-0.03813052822878066,0.29009918793650685
5.554,-0.4928222975744989,0.2652029547948935,-0.5930222479778955,-0.03229041394182174,0.29009918793650685
5.555,-0.49255466307738704,0.27006559918804673,-0.5930486732619485,-0.026425284053080374,0.2916419737399774
5.556,-0.4922821672646026,0.2749255781427714,-0.5930692392812428,-0.020566019294227744,0.2916419737399774
5.557,-0.49200481282556996,0.2797828436930263,-0.5930839518950429,-0.014712613800133969,0.2916419737399774
5.558,-0.4917226024976648,0.2846373478995723,-0.5930928169567544,-0.008865061711534287,0.2916419737399774
5.559,-0.49143553906618975,0.2894890428504018,-0.5930958403139295,-0.003023357175023205,0.2916419737399774
5.5600000000000005,-0.49114362536434436,0.29433788066125527,-0.5930929983917224,0.002841922207152893,0.2931128012500538
5.561,-0.4908468642731996,0.29918381347605016,-0.5930842970554124,0.008701336309946815,0.2931128012500538
5.562,-0.4905452587216671,0.3040267934673969,-0.5930697421644138,0.014554890998637944,0.2931128012500538
5.563,-0.49023881168647243,0.3088667728370273,-0.5930493395722811,0.020402592132640382,0.2931128012500538
5.564,-0.4899275261921235,0.31370370381630974,-0.5930230951267156,0.02624444556550882,0.2931128012500538
5.565,-0.4896114053108828,0.3185375386666829,-0.5929909866994444,0.03210842727118367,0.29451130756201777
5.566,-0.48929045216273614,0.3233682296801427,-0.5929530201544493,0.03796654499515284,0.29451130756201777
5.567,-0.48896466991536086,0.32819572917973006,-0.5929092013498479,0.043818804601398045,0.29451130756201777
5.5680000000000005,-0.4886340617840965,0.3330199895199684,-0.5928595361378999,0.049665211948037004,0.29451130756201777
5.569,-0.4882986310319123,0.33784096308735034,-0.5928040303650125,0.05550577288732932,0.29451130756201777
5.57,-0.4879583809693735,0.34265860230082396,-0.5927426633549457,0.06136701006674852,0.2958371476153264
5.571,-0.48761331495461174,0.3474728596122243,-0.5926754409689368,0.0672223860089883,0.2958371476153264
5.572,-0.48726343639328845,0.3522836875067862,-0.5926023690623615,0.07307190657528584,0.2958371476153264
5.573,-0.48690874873856455,0.3570910385035696,-0.5925234534847406,0.07891557762101709,0.2958371476153264
5.574,-0.4865492554910636,0.3618948651559665,-0.5924387000797449,0.0847534049957026,0.2958371476153264
5.575,-0.48618496019883845,0.3666951200521526,-0.5923480896282686,0.09061045147628186,0.2970899942787478
5.5760000000000005,-0.48581586645733693,0.3714917558155446,-0.5922516279873582,0.09646164091038054,0.2970899942787478
5.577,-0.48544197790936566,0.37628472510527855,-0.5921493210082032,0.10230697915504511,0.2970899942787478
5.578,-0.4850632982450529,0.38107398061669345,-0.5920411745361417,0.10814647206146502,0.2970899942787478
5.579,-0.48467983120181485,0.38585947508176,-0.5919271944106667,0.11398012547497852,0.2970899942787478
5.58,-0.4842915805643156,0.3906411612695907,-0.5918073628745485,0.11983153611812525,0.2982695384310858
5.581,-0.48389855016443256,0.39541899198686786,-0.5916816857791979,0.12567709535062885,0.2982695384310858
5.582,-0.4835007438812176,0.40019292007832585,-0.591550168970174,0.13151680902389992,0.2982695384310858
5.583,-0.4830981656408573,0.40496289842723243,-0.5914128182871905,0.13735068298349773,0.2982695384310858
5.5840000000000005,-0.4826908194166366,0.4097288799558217,-0.5912696395641214,0.14317872306913595,0.2982695384310858
5.585,-0.482278709228899,0.41449081762577467,-0.5911206165099946,0.14902305412681555,0.2993754890374364
5.586,-0.4818618391450051,0.4192486644386944,-0.5909657549691412,0.15486154085343745,0.2993754890374364
5.587,-0.48144021327929376,0.424002373436559,-0.5908050607800478,0.16069418909333275,0.2993754890374364
5.588,-0.4810138357930432,0.42875189770216904,-0.5906385397753628,0.16652100468498815,0.2993754890374364
5.589,-0.480582710894426,0.43349719035964834,-0.5904661977819018,0.1723419934610519,0.2993754890374364
5.59,-0.48014684283847187,0.43823820457486334,-0.5902880199789697,0.1781778029320109,0.3004075732210033
5.591,-0.4797062359270215,0.4429748935559284,-0.5901040122023762,0.18400777659349896,0.3004075732210033
5.5920000000000005,-0.4792608945086878,0.4477072105536304,-0.5899141802820949,0.18983192028132553,0.3004075732210033
5.593,-0.4788108229788113,0.45243510886190547,-0.5897185300422694,0.19565023982546428,0.3004075732210033
5.594,-0.47835602577941516,0.4571585418183169,-0.5895170673012193,0.20146274105005887,0.3004075732210033
5.595,-0.4778965073991653,0.4618774628044776,-0.5893097787121837,0.20728858903561748,0.3013655363304337
5.596,-0.4774322723733215,0.46659182524655324,-0.5890966701010105,0.21310861117319052,0.3013655363304337
5.597,-0.4769633252836965,0.4713015826156844,-0.5888777472877219,0.218922813288626,0.3013655363304337
5.598,-0.47648967075860943,0.476006688428462,-0.58865301608652,0.22473120120194606,0.3013655363304337
5.599,-0.4760113134728381,0.48070709624740177,-0.5884224823057926,0.23053378072735278,0.3013655363304337
5.6000000000000005,-0.4755282581475769,0.48540275968136565,-0.588186134076006,0.23634822978667813,0.30224914200263536
5.601,-0.47504050955038574,0.4900936323860617,-0.587943977211609,0.24215686439694417,0.30224914200263536
5.602,-0.47454807249514747,0.49477966806445967,-0.5876960175212363,0.24795969037259993,0.30224914200263536
5.603,-0.4740509518420165,0.4994608204672844,-0.5874422608077141,0.25375671352228,0.30224914200263536
5.604,-0.4735491524973724,0.504137043393457,-0.5871827128680653,0.25954793964881046,0.30224914200263536
5.605,-0.47304267941377265,0.5088082906905397,-0.5869173633129118,0.2653495551535837,0.30305817222110415
5.606,-0.47253153758990274,0.5134745162552021,-0.586646217943869,0.2711453690428522,0.30305817222110415
5.607,-0.4720157320705249,0.5181356740336924,-0.5863692825567507,0.2769353871182314,0.30305817222110415
5.6080000000000005,-0.47149526794643204,0.5227917180222599,-0.5860865629415751,0.28271961517553523,0.30305817222110415
5.609,-0.47097015035439543,0.5274426022676247,-0.5857980648825704,0.28849805900478176,0.30305817222110415
5.61,-0.47044038447711256,0.5320882808674477,-0.5855037794730772,0.2942854094931713,0.3037924273697154
5.611,-0.46990597554316,0.5367287079707459,-0.5852037125004461,0.3000669726310724,0.3037924273697154
5.612,-0.4693669288269369,0.5413638377783879,-0.5848978697462403,0.3058427542058356,0.3037924273697154
5.613,-0.46882324964861743,0.5459936245435084,-0.5845862569862412,0.3116127599990241,0.3037924273697154
5.614,-0.46827494337409614,0.550618022571976,-0.5842688799904548,0.31737699578641937,0.3037924273697154
5.615,-0.46772201541493336,0.5552369862228596,-0.5839457313371386,0.32314865331627246,0.30445172628197503
5.6160000000000005,-0.46716447122830607,0.559850469908842,-0.58361681679795,0.3289145391885957,0.30445172628197503
5.617,-0.4666023163169497,0.5644584280967073,-0.5832821421387749,0.33467465917504663,0.30445172628197503
5.618,-0.4660355562291056,0.5690608153077735,-0.5829417131197334,0.34042901904151107,0.30445172628197503
5.619,-0.4654641965584683,0.5736575861183267,-0.5825955354951853,0.3461776245481091,0.30445172628197503
5.62,-0.4648882429441259,0.578248695160105,-0.582243603330136,0.3519321650492753,0.30503590628571753
5.621,-0.46430770107050856,0.5828340971207104,-0.5818859223791261,0.3576809510099404,0.30503590628571753
5.622,-0.4637225766673309,0.5874137467440719,-0.5815224983909414,0.36342398818464483,0.30503590628571753
5.623,-0.4631328755095333,0.5919875988309066,-0.5811533371086192,0.36916128232217454,0.30503590628571753
5.6240000000000006,-0.4625386034172287,0.5965556082391359,-0.5807784442694536,0.3748928391655667,0.30503590628571753
5.625,-0.4619397662556434,0.6011177298843459,-0.5803978154266624,0.38062884279126624,0.30554482324325405
5.626,-0.46133636993505717,0.6056739187402481,-0.5800114563162491,0.38635911041334003,0.30554482324325405
5.627,-0.46072842041074935,0.6102241298390878,-0.5796193726684813,0.39208364776779175,0.30554482324325405
5.628,-0.46011592368293497,0.6147683182721286,-0.5792215702078964,0.39780246058488905,0.30554482324325405
5.6290000000000004,-0.4594988857967109,0.6193064391900548,-0.5788180546533073,0.40351555458916927,0.30554482324325405
5.63,-0.45887731284199046,0.6238384478034554,-0.578408823047241,0.4092316060663185,0.30597835158691944
5.631,-0.4582512109534493,0.628364299383225,-0.577993881105749,0.41494194149199054,0.30597835158691944
5.632,-0.4576205863104595,0.6328839492610406,-0.5775732345391668,0.4206465665822369,0.30597835158691944
5.633,-0.456985445137031,0.6373973528297876,-0.5771468890521194,0.42634548704739306,0.30597835158691944
5.634,-0.45634579370175143,0.6419044655439898,-0.5767148503435273,0.43203870859208404,0.30597835158691944
5.635,-0.4557016383177231,0.6464052429202596,-0.5762771169459568,0.4377333975704932,0.3063363843500611
5.636,-0.455052985342498,0.6508996405377511,-0.5758336945540969,0.4434223918599239,0.3063363843500611
5.6370000000000005,-0.45439984117801985,0.6553876140385692,-0.5753845888569419,0.44910569715506515,0.3063363843500611
5.638,-0.45374221227055866,0.6598691191282223,-0.5749298055377969,0.4547833191449113,0.3063363843500611
5.639,-0.4530801051106448,0.6643441115760748,-0.5744693502742841,0.4604552635127676,0.3063363843500611
5.64,-0.45241352623301007,0.6688125472157475,-0.574003223089371,0.46612718491312366,0.3066188331934421
5.641,-0.45174248221651736,0.6732743819455946,-0.5735314296549789,0.4717934343920794,0.3066188331934421
5.642,-0.45106697968410103,0.677729571729104,-0.5730539756373574,0.47745401762155615,0.3066188331934421
5.643,-0.4503870253026991,0.6821780725953458,-0.5725708666970896,0.48310894026780343,0.3066188331934421
5.644,-0.4497026257831852,0.6866198406394225,-0.5720821084890981,0.48875820799140446,0.3066188331934421
5.6450000000000005,-0.44901378788030794,0.6910548320228667,-0.5715877025267462,0.49440596235195344,0.30682562842701905
5.646,-0.4483205183926185,0.695483002974109,-0.5710876544577881,0.5000480689581419,0.30682562842701905
5.647,-0.44762282416240606,0.6999043097888948,-0.5705819699243304,0.5056845334577241,0.30682562842701905
5.648,-0.44692071207563255,0.7043187088307009,-0.5700706545628376,0.5113153614928068,0.30682562842701905
5.649,-0.4462141890618593,0.7087261565312006,-0.5695537140041377,0.5169405586998543,0.30682562842701905
5.65,-0.4455032620941839,0.7131266093906599,-0.569031151251616,0.5225627525216975,0.3069567190271492
5.651,-0.4447879381891694,0.7175200239783802,-0.5685029719274662,0.5281793241497188,0.3069567190271492
5.652,-0.4440682244067723,0.7219063569331434,-0.5679691816482602,0.5337902792061121,0.3069567190271492
5.6530000000000005,-0.44334412785027794,0.7262855649636091,-0.5674297860249528,0.539395623307449,0.3069567190271492
5.654,-0.44261565566622774,0.7306576048487569,-0.5668847906628881,0.5449953620646845,0.3069567190271492
5.655,-0.44188281504434646,0.7350224334383282,-0.5663342000547325,0.5505906081556033,0.3070120726491764
5.656,-0.44114561321747686,0.7393800076532172,-0.5657780197957321,0.5561802590004312,0.3070120726491764
5.657,-0.4404040574615017,0.7437302844859354,-0.5652162554755377,0.5617643201944144,0.3070120726491764
5.658,-0.4396581550952776,0.7480732210010016,-0.5646489126782105,0.5673427973272035,0.3070120726491764
5.659,-0.4389079134805608,0.7524087743353811,-0.5640759969822277,0.5729156959828599,0.3070120726491764
5.66,-0.43815334002193224,0.7567369016989176,-0.5634975143684281,0.5784826137995852,0.3069916756354082
5.6610000000000005,-0.43739444216672646,0.7610575603747464,-0.5629134704037296,0.5840439646984938,0.3069916756354082
5.662,-0.43663122740496063,0.7653707077197006,-0.5623238706494831,0.5895997542465035,0.3069916756354082
5.663,-0.4358637032692546,0.7696763011647673,-0.5617287206614782,0.5951499880049651,0.3069916756354082
5.664,-0.43509187733476345,0.7739742982154674,-0.5611280259899485,0.6006946715296683,0.3069916756354082
5.665,-0.4343157572190959,0.778264656452315,-0.56052179410243,0.6062318875185085,0.30689553301849926
5.666,-0.43353535058224485,0.7825473335312016,-0.5599100305361386,0.61176356629136,0.30689553301849926
5.667,-0.43275066512650984,0.7868222871838286,-0.5592927408227532,0.6172897133854386,0.30689553301849926
5.668,-0.4319617085964176,0.791089475218139,-0.5586699304884207,0.6228103343324232,0.30689553301849926
5.6690000000000005,-0.43116848877865155,0.7953488555187046,-0.5580416050537623,0.6283254346584607,0.30689553301849926
5.67,-0.4303710135019719,0.7996003860471569,-0.5574077734711681,0.633831582594206,0.30672366852018973
5.671,-0.42956929063713584,0.8038440248426153,-0.556768441246786,0.6393322243820156,0.30672366852018973
5.672,-0.42876332809682627,0.8080797300220687,-0.556123613881258,0.6448273655280374,0.30672366852018973
5.673,-0.4279531338355662,0.8123074597808266,-0.555473296869725,0.6503170115329132,0.30672366852018973
5.674,-0.42713871584964785,0.8165271723928934,-0.5548174957018333,0.6558011678917841,0.30672366852018973
5.675,-0.42632008217704687,0.820738826211414,-0.5541562208126185,0.6612748892148016,0.30647612454546175
5.676,-0.42549724089734625,0.8249423796690706,-0.553489477675802,0.666743136816496,0.30647612454546175
5.6770000000000005,-0.42467020013165824,0.8291377912784823,-0.5528172717596315,0.6722059161705888,0.30647612454546175
5.678,-0.42383896804254206,0.833325019632626,-0.5521396085268861,0.6776632327453275,0.30647612454546175
5.679,-0.4230035528339211,0.8375040234052574,-0.5514564934348827,0.6831150920034914,0.30647612454546175
5.68,-0.4221639627510081,0.8416747613512873,-0.5507679383987277,0.6885550361549296,0.30615296217208793
5.681,-0.42132020608021625,0.8458371923072251,-0.5500739488583655,0.6939895403622165,0.30615296217208793
5.682,-0.42047229114908424,0.8499912751915529,-0.5493745302483002,0.699418610065296,0.30615296217208793
5.683,-0.4196202263261911,0.8541369690051457,-0.5486696879976015,0.7048422506986725,0.30615296217208793
5.684,-0.41876402002107066,0.8582742328316879,-0.5479594275299101,0.7102604676914155,0.30615296217208793
5.6850000000000005,-0.4179036806841345,0.8624030258380513,-0.5472437622374636,0.715665292446435,0.30575426113554194
5.686,-0.4170392168065855,0.8665233072747112,-0.546522697525087,0.7210647123766993,0.30575426113554194
5.687,-0.4161706369203312,0.8706350364761627,-0.5457962387922,0.7264587328870334,0.30575426113554194
5.688,-0.41529794959790634,0.874738172861289,-0.5450643914328231,0.7318473593768573,0.30575426113554194
5.689,-0.41442116345238156,0.8788326759337954,-0.544327160835583,0.7372305972401912,0.30575426113554194
5.69,-0.4135402871372811,0.882918505282594,-0.5435845618665438,0.7425989690391376,0.30528011980932457
5.691,-0.4126553293465005,0.8869956205821895,-0.5428365998940775,0.7479619724662849,0.30528011980932457
5.692,-0.411766298814214,0.891063981593109,-0.5420832802811875,0.7533196128900052,0.30528011980932457
5.6930000000000005,-0.4108732043147949,0.8951235481622672,-0.5413246083855142,0.7586718956733016,0.30528011980932457
5.694,-0.4099760546627265,0.8991742802233765,-0.5405605895593404,0.7640188261738148,0.30528011980932457
5.695,-0.40907485871251165,0.903216137797356,-0.5397912401388891,0.7693494204512553,0.30473065518071984
5.696,-0.40816962535859247,0.9072490809926939,-0.5390165654547547,0.7746746841344184,0.30473065518071984
5.697,-0.40726036353525474,0.9112730700058783,-0.5382365708322009,0.7799946225538984,0.30473065518071984
5.698,-0.40634708221654653,0.9152880651217574,-0.537451261591166,0.7853092410349589,0.30473065518071984
5.699,-0.4054297904161869,0.9192940267139462,-0.5366606430462684,0.7906185448975384,0.30473065518071984
5.7,-0.4045084971874734,0.9232909152452298,-0.5358647329998593,0.7959100464090788,0.30410600282189737
5.7010000000000005,-0.4035832116231994,0.9272786912679274,-0.5350635367434402,0.8011962564191076,0.30410600282189737
5.702,-0.4026539428555608,0.9312573154242952,-0.5342570595632211,0.8064771802191265,0.30410600282189737
5.703,-0.4017207000560642,0.9352267484469237,-0.5334453067401258,0.8117528230953454,0.30410600282189737
5.704,-0.40078349243543926,0.9391869511591114,-0.5326282835497971,0.817023190328688,0.30410600282189737
5.705,-0.3998423292435458,0.9431378844752606,-0.5318060092563216,0.8222742934754887,0.30340631685647435
5.706,-0.39889721976928555,0.9470795094012504,-0.5309784891108025,0.8275201455191428,0.30340631685647435
5.707,-0.3979481733405086,0.9510117870348292,-0.5301457283590917,0.8327607517107531,0.30340631685647435
5.708,-0.3969951993239178,0.9549346785660136,-0.5293077322417955,0.8379961172961718,0.30340631685647435
5.7090000000000005,-0.39603830712498317,0.9588481452774431,-0.5284645059942795,0.8432262475160052,0.30340631685647435
5.71,-0.39507750618784543,0.962752148544777,-0.5276160703376126,0.8484356566669191,0.3026317699214997
5.711,-0.3941128059952198,0.9666466498370879,-0.526762430481204,0.8536398564086822,0.3026317699214997
5.712,-0.39314421606830985,0.9705316107172116,-0.5259035916292533,0.8588388519507035,0.3026317699214997
5.713,-0.39217174596670495,0.9744069928421614,-0.525039558980756,0.8640326484971829,0.3026317699214997
5.714,-0.3911954052882935,0.9782727579634758,-0.5241703377295089,0.8692212512471157,0.3026317699214997
5.715,-0.3902152036691649,0.9821288679276095,-0.5232959500484505,0.8743876810583653,0.3017825531248362
5.716,-0.3892311507835112,0.9859752846763226,-0.5224164011040108,0.8795489444398037,0.3017825531248362
5.7170000000000005,-0.38824325634353946,0.9898119702470258,-0.5215316960574529,0.8847050465578606,0.3017825531248362
5.718,-0.3872515300993677,0.9936388867731859,-0.520641840064879,0.8898559925737995,0.3017825531248362
5.719,-0.3862559818389325,0.9974559964846863,-0.5197468382772353,0.8950017876437225,0.3017825531248362
5.72,-0.3852566213878955,1.0012632617081862,-0.5188467143138593,0.9001239633760392,0.30085887599801875
5.721,-0.3842534586095387,1.0050606448675237,-0.5179414732969266,0.9052410169326235,0.30085887599801875
5.722,-0.3832465034046748,1.0088481084840557,-0.517031120343491,0.9103529534356513,0.30085887599801875
5.723,-0.3822357657115463,1.0126256151770414,-0.5161156605654887,0.9154597780021759,0.30085887599801875
5.724,-0.38122125550572394,1.0163931276640228,-0.5151950990697446,0.9205614957441342,0.30085887599801875
5.7250000000000005,-0.38020298280001497,1.0201506087611687,-0.5142694609161673,0.9256381535772814,0.2998609664445696
5.726,-0.37918095764436105,1.0238980213836535,-0.5133387511814147,0.9307097347525956,0.2998609664445696
5.727,-0.3781551901257356,1.0276353285460356,-0.512402974937068,0.9357762443467343,0.2998609664445696
5.728,-0.3771256903680522,1.031362493362594,-0.5114621372496367,0.940837687431279,0.2998609664445696
5.729,-0.37609246853205547,1.0350794790477251,-0.510516243180564,0.9458940690727392,0.2998609664445696
5.73,-0.375055534815229,1.0387862489162765,-0.5095653192241466,0.9509239564173411,0.2987890706837311
5.731,-0.37401489945169114,1.0424827663839218,-0.508609370410272,0.9559488138745984,0.2987890706837311
5.732,-0.3729705727120916,1.04616899496753,-0.5076484017637976,0.9609686464743984,0.2987890706837311
5.7330000000000005,-0.37192256490351255,1.049844898285518,-0.506682418304556,0.9659834592415986,0.2987890706837311
5.734,-0.37087088636937027,1.053510440058195,-0.5057114250473599,0.9709932571960316,0.2987890706837311
5.735,-0.369815547489305,1.0571655841081522,-0.5047354499143573,0.9759751330026305,0.29764345318974594
5.736,-0.36875655867908774,1.060810294360585,-0.5037544978874239,0.9809520269334228,0.29764345318974594
5.737,-0.3676939303905082,1.0644445348436833,-0.5027685739434536,0.9859239439702843,0.29764345318974594
5.738,-0.36662767311127975,1.068068269688956,-0.5017776830543635,0.9908908890901089,0.29764345318974594
5.739,-0.3655577973649325,1.0716814631315998,-0.5007818301870988,0.9958528672648137,0.29764345318974594
5.74,-0.36448431371070567,1.0752840795108616,-0.4997810446847687,1.000785502330081,0.2964243966266006
5.7410000000000005,-0.36340723274345077,1.0788760832703683,-0.4987753314800084,1.0057132047602828,0.2964243966266006
5.742,-0.36232656509352335,1.0824574389584891,-0.4977646955005204,1.0106359794880546,0.2964243966266006
5.743,-0.3612423214266744,1.0860281112286971,-0.4967491416690793,1.0155538314410986,0.2964243966266006
5.744,-0.3601545124439536,1.0895880648398908,-0.4957286749035371,1.0204667655421895,0.2964243966266006
5.745,-0.359063148881594,1.0931372646567727,-0.4947033259607249,1.0253489428122124,0.29513220177826116
5.746,-0.3579682415109159,1.0966756756501659,-0.49367309972282,1.0302262379049654,0.29513220177826116
5.747,-0.35686980113821165,1.1002032628973863,-0.49263800106711736,1.0350986557026256,0.29513220177826116
5.748,-0.3557678386046431,1.103719991582576,-0.49159803486603487,1.0399662010824882,0.29513220177826116
5.7490000000000006,-0.3546623647861368,1.1072258269970385,-0.4905532059871179,1.0448288789169708,0.29513220177826116
5.75,-0.35355339059327434,1.1107207345395897,-0.48950354659333034,1.0496593937875434,0.2937671874744727
5.751,-0.3524409269711807,1.1142046797169112,-0.4884490615151871,1.0544850781432453,0.2937671874744727
5.752,-0.3513249848994253,1.1176776281438623,-0.4873897555783725,1.0593059368145916,0.2937671874744727
5.753,-0.35020557539190333,1.1211395455438524,-0.48632563360374526,1.0641219746272665,0.2937671874744727
5.7540000000000004,-0.3490827094967359,1.1245903977491505,-0.48525670040734314,1.0689331964021287,0.2937671874744727
5.755,-0.34795639829615743,1.1280301507012342,-0.4841829895503272,1.0737108570159686,0.2923296905121031
5.756,-0.3468266529064022,1.1314587704511387,-0.48310450581035796,1.0784837399691947,0.2923296905121031
5.757000000000001,-0.34569348447760234,1.134876223159767,-0.4820212539603185,1.0832518500394674,0.2923296905121031
5.758,-0.3445569041936741,1.1382824750982372,-0.4809332387683188,1.0880151919996701,0.2923296905121031
5.759,-0.3434169232722034,1.1416774926482252,-0.4798404649977009,1.0927737706179126,0.2923296905121031
5.76,-0.3422735529643443,1.1450612423022708,-0.47874296759954216,1.097497398158735,0.2908200655720206
5.761,-0.3411268045546989,1.1484336906641346,-0.47764075129747013,1.1022163020720168,0.2908200655720206
5.7620000000000005,-0.3399766893612097,1.1517948044491169,-0.47653382081038875,1.1069304870813852,0.2908200655720206
5.763,-0.338823218735052,1.155144550484374,-0.475422180852483,1.1116399579057443,0.2908200655720206
5.764,-0.3376664040605125,1.158482895709272,-0.47430583613322375,1.116344719259279,0.2908200655720206
5.765,-0.33650625675488766,1.1618098071756844,-0.4731848229849811,1.1210131482426515,0.2892386851315938
5.766,-0.33534278826836045,1.1651252520483453,-0.47205914607618404,1.1256769087970409,0.2892386851315938
5.767,-0.33417601008389636,1.1684291976051484,-0.4709288100705932,1.1303360055908758,0.2892386851315938
5.768,-0.3330059337171264,1.1717216112374815,-0.46979381962730526,1.1349904432879168,0.2892386851315938
5.769,-0.33183257071622924,1.1750024604505585,-0.468654179400758,1.1396402265472607,0.2892386851315938
5.7700000000000005,-0.33065593266182536,1.1782717128637183,-0.4675099270956498,1.1442523051081694,0.2875859393728025
5.771,-0.3294760311668586,1.1815293362107562,-0.4663610673240593,1.1488597715905173,0.2875859393728025
5.772,-0.32829287787647776,1.1847752983402522,-0.4652076046934529,1.1534626306063829,0.2875859393728025
5.773,-0.32710648446793084,1.1880095672158628,-0.46404954380668967,1.1580608867632325,0.2875859393728025
5.774,-0.32591686265043907,1.1912321109166677,-0.46288688926202576,1.1626545446639254,0.2875859393728025
5.775,-0.3247240241650923,1.194442897637454,-0.4617196801271848,1.1672091348409799,0.28586223608592554
5.776,-0.323527980784722,1.1976418956890602,-0.46054792095675695,1.1717591704278574,0.28586223608592554
5.777,-0.32232874431379627,1.2008290734986602,-0.45937161630077783,1.1763046559791481,0.28586223608592554
5.7780000000000005,-0.32112632658829215,1.2040043996101024,-0.45819077070473296,1.1808455960448876,0.28586223608592554
5.779,-0.31992073947558997,1.2071678426841932,-0.4570053887095624,1.1853819951705613,0.28586223608592554
5.78,-0.318711994874345,1.2103193714990337,-0.45581551073637566,1.1898779731867704,0.2840680005689766
5.781,-0.3175001047143812,1.2134589549502999,-0.4546211412811507,1.194369455224963,0.2840680005689766
5.782,-0.3162850809565625,1.216586562051577,-0.4534222848353696,1.1988564457811177,0.2840680005689766
5.783,-0.3150669355926842,1.2197021619346426,-0.4522189458860229,1.2033389493467161,0.2840680005689766
5.784,-0.3138456806453507,1.2228057238497803,-0.4510111289156142,1.207816970408749,0.2840680005689766
5.785,-0.31262132816785243,1.2258972171660938,-0.4497988756886654,1.2122532269487947,0.28220367552272696
5.7860000000000005,-0.31139389024405545,1.2289766113717882,-0.44858219064143307,1.2166850472323003,0.28220367552272696
5.787,-0.310163378988278,1.2320438760744832,-0.44736107820573756,1.2211124356955225,0.28220367552272696
5.788,-0.30892980654516655,1.235098981001521,-0.4461355428089673,1.2255353967702816,0.28220367552272696
5.789,-0.3076931850895859,1.2381418960002422,-0.4449055888740833,1.2299539348839659,0.28220367552272696
5.79,-0.3064535268264892,1.2411725910383082,-0.4436712594987154,1.2343293753679117,0.280269720941491
5.791,-0.30521084399080156,1.2441910362039856,-0.44243255905830403,1.2387004404113735,0.280269720941491
5.792,-0.30396514884730375,1.2471972017064328,-0.4411894919239142,1.2430671343897919,0.280269720941491
5.793,-0.30271645369050115,1.2501910578760163,-0.43994206246224,1.2474294616742319,0.280269720941491
5.7940000000000005,-0.3014647708445122,1.253172575164581,-0.4386902750356086,1.2517874266313875,0.280269720941491
5.795,-0.3002101126629426,1.2561417241457515,-0.4374341740641238,1.2561009714847489,0.27826661399964114
5.796,-0.2989524915287594,1.2590984755152335,-0.43617376386133055,1.2604102027932569,0.27826661399964114
5.797,-0.29769191985417826,1.262042800091077,-0.4349090487364601,1.2647151248704565,0.27826661399964114
5.798,-0.2964284100805297,1.2649746688139945,-0.4336400329944345,1.2690157420255788,0.27826661399964114
5.799,-0.29516197467814675,1.2678940527476215,-0.4323667209358709,1.273312058563546,0.27826661399964114
5.8,-0.29389262614623685,1.2708009230788142,-0.43108915829238725,1.2775626434836593,0.2761948489338486
5.801,-0.2926203770127547,1.2736952511179425,-0.4298073493145684,1.2818089778188526,0.2761948489338486
5.8020000000000005,-0.29134523983428706,1.2765770082991539,-0.4285212982487487,1.2860510658197106,0.2761948489338486
5.803,-0.2900672271959245,1.279446166180665,-0.42723100933701613,1.290288911732568,0.2761948489338486
5.804,-0.2887863517111344,1.2823026964450492,-0.42593648681721663,1.2945225197995125,0.2761948489338486
5.805,-0.28750262602163923,1.2851465708995096,-0.4246377777211985,1.298709096018136,0.2740549369211539
5.806,-0.2862160627972962,1.2879777614761463,-0.42333488623553794,1.302891485660541,0.2740549369211539
5.807,-0.284926674735962,1.2907962402322581,-0.42202781654262467,1.3070696929133034,0.2740549369211539
5.808,-0.2836344745633792,1.2936019793505913,-0.4207165728206659,1.3112437219588131,0.2740549369211539
5.809,-0.2823394750330388,1.2963949511396398,-0.4194011592436906,1.3154135769752773,0.2740549369211539
5.8100000000000005,-0.28104168892606496,1.2991751280338961,-0.41808162413217326,1.3195351115173588,0.2718474059528369
5.811,-0.27974112905108395,1.301942482594134,-0.4167579716076484,1.3236525245248982,0.2718474059528369
5.812,-0.2784378082440938,1.304696987507687,-0.41543020578752893,1.32776582011943,0.2718474059528369
5.813,-0.2771317393683477,1.307438615588698,-0.41409833078511055,1.3318750024183674,0.2718474059528369
5.814,-0.2758229353142151,1.3101673397784104,-0.41276235070957557,1.3359800755350058,0.2718474059528369
5.815,-0.2745114089990652,1.3128831331454152,-0.411422315158102,1.3400355514735536,0.2695728007041436
5.816,-0.27319717336713467,1.315585968885925,-0.41007822818616585,1.344086971936163,0.2695728007041436
5.817,-0.2718802413893957,1.3182758203240486,-0.40873009384518755,1.3481343409783098,0.2695728007041436
5.8180000000000005,-0.2705606260634382,1.320952660912032,-0.40737791618253616,1.3521776626514144,0.2695728007041436
5.819,-0.2692383404133297,1.3236164642305455,-0.4060216992415333,1.3562169410028457,0.2695728007041436
5.82,-0.2679133974894988,1.3262672039889194,-0.40466149388382344,1.3602053577098407,0.26723168239989115
5.821,-0.2665858103685956,1.3289048540254258,-0.40329730409782333,1.3641897860001286,0.26723168239989115
5.822,-0.26525559215336764,1.3315293883075265,-0.4019291338679612,1.3681702298621263,0.26723168239989115
5.823,-0.2639227559725331,1.3341407809321248,-0.4005569871746809,1.372146693280262,0.26723168239989115
5.824,-0.26258731498064863,1.3367390061258269,-0.3991808679944459,1.3761191802349795,0.26723168239989115
5.825,-0.26124928235797457,1.3393240382452047,-0.39780082844081766,1.3800395536282648,0.26482462867601025
5.8260000000000005,-0.25990867131035417,1.341895851777032,-0.3964168724341695,1.3839560066481567,0.26482462867601025
5.827,-0.2585654950690789,1.3444544213385448,-0.39502900389095447,1.3878685432150286,0.26482462867601025
5.828,-0.2572197668907528,1.3469997216776999,-0.39363722672370915,1.3917771672453338,0.26482462867601025
5.829,-0.2558715000571729,1.349531727673405,-0.39224154484105755,1.3956818826516086,0.26482462867601025
5.83,-0.25452070787518544,1.3520504143357888,-0.3908420115956199,1.399533245437697,0.26235223343699826
5.831,-0.2531674036765654,1.354555756806428,-0.3894386308387589,1.4033807568609993,0.26235223343699826
5.832,-0.25181160081788034,1.3570477303586008,-0.388031406417986,1.4072244207728783,0.26235223343699826
5.833,-0.25045331268035576,1.3595263103975375,-0.38662034217696517,1.4110642410208454,0.26235223343699826
5.8340000000000005,-0.24909255266974553,1.361991472460656,-0.3852054419555166,1.4149002214485644,0.26235223343699826
5.835,-0.24772933421620474,1.364443192217797,-0.3837867603321553,1.4186816233613038,0.2598151067093935
5.836,-0.24636367077414606,1.366881445471482,-0.3823643010882832,1.4224592438721304,0.2598151067093935
5.837,-0.24499557582211942,1.3693062081571292,-0.38093806800152075,1.4262330867624462,0.2598151067093935
5.838,-0.2436250628626666,1.3717174563433163,-0.37950806484571087,1.4300031558098716,0.2598151067093935
5.839,-0.24225214542219875,1.3741151662319937,-0.37807429539092263,1.4337694547882496,0.2598151067093935
5.84,-0.24087683705085827,1.3764993141587305,-0.37663681542809935,1.4374799628232868,0.257213874491273
5.841,-0.23949915132238045,1.3788698765929546,-0.3751956286677491,1.441186760350289,0.257213874491273
5.8420000000000005,-0.23811910183396878,1.381226830138169,-0.3737507388166693,1.4448898510797643,0.257213874491273
5.843,-0.23673670220615617,1.383570151532191,-0.3723021495779508,1.44858923871851,0.257213874491273
5.844,-0.23535196608266568,1.38589981764739,-0.3708498646509812,1.452284926969617,0.257213874491273
5.845,-0.23396490713028698,1.3882158054908964,-0.3693939410253666,1.4559236256146029,0.25454917859777226
5.846,-0.23257553903872874,1.3905180922048508,-0.36793438233980563,1.4595586855609437,0.25454917859777226
5.847,-0.23118387552049635,1.3928066550666074,-0.3664711922293583,1.4631901104473382,0.25454917859777226
5.848,-0.22978993031074368,1.3950814714889799,-0.36500437432544947,1.4668179039088463,0.25454917859777226
5.849,-0.22839371716715037,1.3973425190204434,-0.36353393225587255,1.470442069576893,0.25454917859777226
5.8500000000000005,-0.22699524986977332,1.3995897753453765,-0.3620599241948352,1.474008061037371,0.25182167650274356
5.851,-0.22559454222092332,1.4018232182842618,-0.3605823537083288,1.4775704865063883,0.25182167650274356
5.852,-0.22419160804501623,1.4040428257939241,-0.3591012243587789,1.481129349549937,0.25182167650274356
5.853,-0.22278646118844914,1.4062485759677283,-0.3576165397050485,1.484684653730442,0.25182167650274356
5.854,-0.22137911551945103,1.4084404470358156,-0.3561283033024417,1.4882364026067663,0.25182167650274356
5.855,-0.21996958492795712,1.4106184173653014,-0.354636574495414,1.4917288070276902,0.24903204117652972
5.856,-0.2185578833254669,1.4127824654604948,-0.3531413567763698,1.495217719044193,0.24903204117652972
5.857,-0.21714402464490204,1.41493256996312,-0.35164265363422115,1.4987031421486794,0.24903204117652972
5.8580000000000005,-0.2157280228404785,1.417068709652511,-0.35014046855439107,1.5021850798300613,0.24903204117652972
5.859,-0.21430989188756408,1.419190863445829,-0.34863480501881733,1.5056635355737618,0.24903204117652972
5.86,-0.21288964578253552,1.4212990103982777,-0.34712572352756077,1.5090814912565864,0.24618096091991837
5.861,-0.21146729854265173,1.4233931297032933,-0.34561322749857704,1.5124960289837281,0.24618096091991837
5.862,-0.21004286420590412,1.4254732006927655,-0.3440973203464039,1.5159071521731429,0.24618096091991837
5.863,-0.20861635683088292,1.427539202837236,-0.34257800548216455,1.5193148642393681,0.24618096091991837
5.864,-0.20718779049664324,1.4295911157460934,-0.341055286313571,1.522719168593527,0.24618096091991837
5.865,-0.20575717930255483,1.4316289191677898,-0.3395292244813622,1.5260618322088197,0.2432691391943112
5.8660000000000005,-0.20432453736817424,1.433652592990026,-0.3379998233282017,1.5294011531604972,0.2432691391943112
5.867,-0.2028898788331006,1.435662117239956,-0.3364670861934105,1.5327371347912229,0.2432691391943112
5.868,-0.20145321785683123,1.4376574720843913,-0.3349310164129702,1.5360697804403178,0.2432691391943112
5.869,-0.20001456861863318,1.4396386378299808,-0.33339161731952643,1.5393990934437638,0.2432691391943112
5.87,-0.1985739453173904,1.4416055949234226,-0.33184895167928713,1.5426656402392833,0.24029729444816972
5.871,-0.19713136217147487,1.4435583239516425,-0.33030302275879914,1.5459289204880073,0.24029729444816972
5.872,-0.19568683341860146,1.4454968056419908,-0.32875383382134266,1.5491889374564827,0.24029729444816972
5.873,-0.19424037331568259,1.44742102086244,-0.32720138812693467,1.5524456944079896,0.24029729444816972
5.8740000000000006,-0.19279199613869707,1.449330950621761,-0.32564568893233214,1.5556991946025451,0.24029729444816972
5.875,-0.1913417161825446,1.4512265760697158,-0.3240868001137254,1.5588888186067371,0.23726615993972627
5.876,-0.1898895477609012,1.4531078784972487,-0.3225247248607385,1.5620752529869248,0.23726615993972627
5.877,-0.18843550520608124,1.4549748393366662,-0.32095946635980577,1.5652585009327324,0.23726615993972627
5.878,-0.18697960286890103,1.4568274401618146,-0.31939102779417516,1.5684385656305941,0.23726615993972627
5.8790000000000004,-0.1855218551185256,1.4586656626882757,-0.3178194123439114,1.571615450263758,0.23726615993972627
5.88,-0.18406227634234,1.460489488773531,-0.3162446849794268,1.5747273644846158,0.23417648355607473
5.881,-0.18260088094579416,1.4622989004171578,-0.31466684881263557,1.5778361667912526,0.23417648355607473
5.882000000000001,-0.18113768335227237,1.4640938797609913,-0.31308590695234,1.580941860295583,0.23417648355607473
5.883,-0.17967269800294577,1.465874409089308,-0.3115018625042336,1.5840444481064089,0.23417648355607473
5.884,-0.17820593935662507,1.4676404708290067,-0.3099147185709042,1.587143933329424,0.23417648355607473
5.885,-0.17673742188962918,1.4693920475497668,-0.30832454120095554,1.5901773699486677,0.23102902762865288
5.886,-0.1752671600956294,1.471129121964237,-0.30673133342782427,1.5932077731312921,0.23102902762865288
5.8870000000000005,-0.17379516848551765,1.4728516769281923,-0.30513509828191354,1.596235145910734,0.23102902762865288
5.888,-0.1723214615872586,1.4745596954407088,-0.30353583879059615,1.5992594913173963,0.23102902762865288
5.889,-0.17084605394574098,1.4762531606443368,-0.30193355797821747,1.602280812378652,0.23102902762865288
5.89,-0.16936896012264593,1.4779320558252549,-0.3003283229552763,1.6052350229411758,0.2278245687451239
5.891,-0.16789019469628982,1.479596364413449,-0.29872013667598313,1.6081862792931372,0.2278245687451239
5.892,-0.16640977226149375,1.4812460699828622,-0.29710900209159435,1.6111345843887466,0.2278245687451239
5.893,-0.1649277074294278,1.4828811562515676,-0.2954949221504151,1.6140799411792603,0.2278245687451239
5.894,-0.16344401482747187,1.484501607081926,-0.29387789979780216,1.6170223526129837,0.2278245687451239
5.8950000000000005,-0.1619587090990746,1.48610740648074,-0.2922580031895906,1.6198966082115263,0.22456389755778206
5.896,-0.16047180490360555,1.4876985385994161,-0.29063523520003615,1.6227679895544704,0.22456389755778206
5.897,-0.15898331691620554,1.489274987734126,-0.28900959870052007,1.6256364995160717,0.22456389755778206
5.898,-0.1574932598276534,1.4908367383259502,-0.28738109655955235,1.6285021409677112,0.22456389755778206
5.899,-0.15600164834420768,1.492383774961044,-0.28574973164277445,1.6313649167778992,0.22456389755778206
5.9,-0.1545084971874732,1.4939160823707784,-0.28411557313454155,1.6341585082328907,0.2212478185884663
5.901,-0.1530138210942508,1.4954336454318964,-0.28247862382844513,1.636949306096427,0.2212478185884663
5.902,-0.15151763481638666,1.4969364491666668,-0.28083888651528305,1.6397373131621,0.2212478185884663
5.9030000000000005,-0.15001995312063704,1.4984244787430216,-0.27919636398306236,1.6425225322207073,0.2212478185884663
5.904,-0.14852079078851732,1.499897719474708,-0.2775510590170021,1.645304966060256,0.2212478185884663
5.905,-0.14702016261615278,1.5013561568214364,-0.2759030418129073,1.6480172040947967,0.2178771500300528
5.906,-0.14551808341413597,1.5027997763890206,-0.274252315083016,1.6507267298913029,0.2178771500300528
5.907,-0.1440145680073856,1.504228563929515,-0.272598881536854,1.6534335461620127,0.2178771500300528
5.908,-0.1425096312349883,1.5056425053413667,-0.27094274388123757,1.6561376556164518,0.2178771500300528
5.909,-0.1410032879500659,1.5070415866695415,-0.26928390482027614,1.6588390609614363,0.2178771500300528
5.91,-0.13949555301961505,1.5084257941056747,-0.2676224355439048,1.6614692763713668,0.2144527235445937
5.9110000000000005,-0.13798644132437254,1.5097951139881964,-0.2659583386823389,1.6640968615658873,0.2144527235445937
5.912,-0.13647596775866325,1.5111495328024702,-0.2642916168631637,1.6667218191752133,0.2144527235445937
5.913,-0.13496414723024802,1.5124890371809325,-0.26262227271133676,1.66934415182693,0.2144527235445937
5.914,-0.1334509946601886,1.5138136139032132,-0.26095030884919074,1.6719638621459951,0.2144527235445937
5.915,-0.1319365249826865,1.5151232498962772,-0.2592757974432257,1.674511405965011,0.21097538405809313
5.916,-0.13042075314494775,1.5164179322345446,-0.2575987410409855,1.677056402240208,0.21097538405809313
5.917,-0.12890369410703018,1.5176976481400222,-0.25591914218746636,1.6795988535191295,0.21097538405809313
5.918,-0.12738536284169055,1.5189623849824336,-0.25423700342511957,1.6821387623467723,0.21097538405809313
5.9190000000000005,-0.12586577433424898,1.5202121302793334,-0.25255232729385396,1.6846761312655874,0.21097538405809313
5.92,-0.12434494358242705,1.5214468716962435,-0.2508651869189286,1.6871403749253628,0.20744598955205068
5.921,-0.1228228855962138,1.5226665970467612,-0.24917558476458715,1.6896021543414785,0.20744598955205068
5.922,-0.12129961539770528,1.5238712942926917,-0.24748352329260898,1.6920614719781781,0.20744598955205068
5.923,-0.11977514802096173,1.5250609515441607,-0.24578900496231174,1.6945183302972409,0.20744598955205068
5.924,-0.11824949851186238,1.5262355570597297,-0.24409203223055376,1.6969727317579846,0.20744598955205068
5.925,-0.11672268192795371,1.5273950992465155,-0.2423926791633105,1.6993530672432617,0.20386541085175938
5.926,-0.11519471333829552,1.5285395666603074,-0.24069094814091746,1.7017310223930537,0.20386541085175938
5.9270000000000005,-0.11366560782332268,1.5296689480056729,-0.23898684154132976,1.7041065995876958,0.20386541085175938
5.928,-0.11213538047469102,1.5307832321360724,-0.23728036174012462,1.7064798012051434,0.20386541085175938
5.929,-0.11060404639512322,1.5318824080539744,-0.23557151111050365,1.7088506296209736,0.20386541085175938
5.93,-0.10907162069827189,1.5329664649109536,-0.23386036464088406,1.7111464696195817,0.2002345314114575
5.931,-0.10753811850855653,1.5340353920078087,-0.23214692462710587,1.7134400137781913,0.2002345314114575
5.932,-0.1060035549610264,1.53508917879466,-0.23043119336271323,1.7157312643926423,0.2002345314114575
5.933,-0.10446794520120589,1.536127814871056,-0.22871317313895675,1.7180202237564788,0.2002345314114575
5.934,-0.10293130438493993,1.5371512899860802,-0.2269928662447958,1.7203068941609514,0.2002345314114575
5.9350000000000005,-0.10139364767825647,1.538159594038444,-0.2252703485725871,1.722517672208717,0.19655424709632646
5.936,-0.0998549902572047,1.5391527170765953,-0.22354562233310865,1.7247262394784348,0.19655424709632646
5.937,-0.09831534730771045,1.5401306492988107,-0.22181868973492777,1.726932598180883,0.19655424709632646
5.938,-0.09677473402543152,1.5410933810532927,-0.22008955298440314,1.7291367505246287,0.19655424709632646
5.939,-0.09523316561559556,1.5420409028382691,-0.2183582142856871,1.7313386987160306,0.19655424709632646
5.94,-0.09369065729286215,1.542973205302082,-0.21662475041635057,1.7334638693365438,0.19282546596146533
5.941,-0.09214722428116746,1.5438902792432807,-0.21488916350156415,1.7355869147864367,0.19282546596146533
5.942,-0.09060288181356871,1.544792115610718,-0.21315145566437327,1.7377078371908796,0.19282546596146533
5.9430000000000005,-0.08905764513210432,1.545678705503632,-0.21141162902570035,1.739826638672918,0.19282546596146533
5.944,-0.08751152948763824,1.5465500401717376,-0.20966968570434688,1.7419433213534743,0.19282546596146533
5.945,-0.08596455013970421,1.5474061110153148,-0.2079257033441542,1.7439823601926776,0.1890491080278375
5.946,-0.08441672235636735,1.5482469095852889,-0.20617968398416114,1.7460193599930416,0.1890491080278375
5.947,-0.08286806141405949,1.5490724275833185,-0.20443162966136755,1.7480543227936054,0.1890491080278375
5.948,-0.0813185825974424,1.549882656861873,-0.2026815424107362,1.7500872506313685,0.1890491080278375
5.949,-0.07976830119924298,1.550677589424318,-0.2009294242651949,1.752118145541294,0.1890491080278375
5.95,-0.07821723252011624,1.5514572174249885,-0.19917535371569803,1.754070549496858,0.18522610505526568
5.9510000000000005,-0.07666539186848033,1.5522215331692728,-0.19741933271464956,1.7560210010484665,0.18522610505526568
5.952,-0.07511279456037952,1.5529705291136806,-0.19566136321250105,1.7579695021485233,0.18522610505526568
5.953,-0.0735594559193189,1.5537041978659265,-0.19390144715775356,1.7599160547474801,0.18522610505526568
5.954,-0.07200539127612726,1.5544225321849945,-0.19213958649695972,1.761860660793838,0.18522610505526568
5.955,-0.07045061596879174,1.5551255249812164,-0.19037586054882044,1.7637259481392953,0.18135740031254946
5.956,-0.06889514534231865,1.5558131693163362,-0.18861027117862303,1.765589370197407,0.18135740031254946
5.957,-0.0673389947485769,1.5564854584035814,-0.18684282024978957,1.7674509288334606,0.18135740031254946
5.958,-0.06578217954614107,1.5571423856077313,-0.1850735096238787,1.7693106259108782,0.18135740031254946
5.9590000000000005,-0.06422471510015046,1.5577839444451793,-0.18330234116058747,1.7711684632912184,0.18135740031254946
5.96,-0.06266661678215213,1.5584101285839977,-0.18152939498679266,1.7729461737948213,0.1774439483447045
5.961,-0.061107899969943945,1.5590209318440034,-0.17975467288020475,1.7747221065879206,0.1774439483447045
5.962,-0.059548580047435073,1.559616348196813,-0.17797817661675652,1.7764962634482269,0.1774439483447045
5.963,-0.05798867240448011,1.5601963717659093,-0.17619990797060486,1.7782686461516728,0.1774439483447045
5.964,-0.05642819243674124,1.5607609968266924,-0.17441986871413245,1.7800392564724152,0.1774439483447045
5.965,-0.054867155545524016,1.5613102178065417,-0.17263813976262177,1.781728951510692,0.1734867147374548
5.966,-0.05330557713763055,1.561844029284868,-0.17085472280576783,1.7834169568539304,0.1734867147374548
5.9670000000000005,-0.05174347262521107,1.5623624259931674,-0.169069619531576,1.7851032741918256,0.1734867147374548
5.968,-0.05018085742560823,1.5628654028150728,-0.16728283162636362,1.786787905212383,0.1734867147374548
5.969,-0.048617746961199665,1.5633529547864073,-0.1654943607747617,1.7884708516019197,0.1734867147374548
5.97,-0.04705415665925814,1.5638250770952284,-0.1637042886604938,1.7900721142678977,0.1694866758789998
5.971,-0.045490101951785156,1.5642817650818812,-0.16191261688482259,1.7916717756712097,0.1694866758789998
5.972,-0.043925598275371,1.5647230142390387,-0.16011934704740946,1.7932698374131184,0.1694866758789998
5.973,-0.042360661071037115,1.5651488202117494,-0.15832448074631617,1.7948663010932853,0.1694866758789998
5.974,-0.04079530578407838,1.565559178797481,-0.15652801957800638,1.796461168309772,0.1694866758789998
5.9750000000000005,-0.039229547863921285,1.5659540859461598,-0.15473004597449053,1.797973603515844,0.16544481871908656
5.976,-0.03766340276396616,1.566333537760211,-0.15293056144820383,1.7994845262867099,0.16544481871908656
5.977,-0.03609688594142931,1.5666975304945996,-0.15112956751006903,1.8009939381348048,0.16544481871908656
5.978,-0.03453001285720289,1.567046060556863,-0.149327065669498,1.8025018405710518,0.16544481871908656
5.979,-0.032962798975689905,1.567379124507151,-0.14752305743439312,1.8040082351048625,0.16544481871908656
5.98,-0.031395259764656874,1.5676967190582567,-0.14571762596471285,1.8054314696802676,0.16136214052549075
5.981,-0.02982741069508652,1.56799884107565,-0.14391077268369176,1.806853281021097,0.16136214052549075
5.982,-0.028259267241012645,1.5682854875775087,-0.14210249901314118,1.8082736705505857,0.16136214052549075
5.9830000000000005,-0.02669084487937983,1.5685566557347477,-0.14029280637345062,1.809692639690545,0.16136214052549075
5.984,-0.025122159089885358,1.5688123428710463,-0.13848169618358927,1.8111101898613644,0.16136214052549075
5.985,-0.02355322535482112,1.569052546462876,-0.136669252310945,1.8124438726442629,0.15723964863798975
5.986,-0.021984059158933228,1.569277264139524,-0.13485547608920062,1.8137762217443785,0.15723964863798975
5.987,-0.020414675989254984,1.569486493683118,-0.13304036885070522,1.815107238495394,0.15723964863798975
5.988,-0.018845091334966466,1.569680233028647,-0.13122393192647555,1.8164369242296583,0.15723964863798975
5.989,-0.017275320687236317,1.5698584802639812,-0.12940616664619736,1.8177652802781885,0.15723964863798975
5.99,-0.015705379539063535,1.5700212336298927,-0.12758715756399505,1.819009082202306,0.1530783602197789
5.9910000000000005,-0.014135283385137002,1.5701684915200715,-0.12576690592367054,1.8202516403244993,0.1530783602197789
5.992,-0.012565047721668325,1.5703002524811418,-0.12394541296778197,1.8214929558885704,0.1530783602197789
5.993,-0.010994688046253125,1.570416515212676,-0.12212267993764489,1.8227330301370774,0.1530783602197789
5.994,-0.009424219857705645,1.5705172785672075,-0.12029870807333355,1.8239718643113358,0.1530783602197789
5.995,-0.007853658655911104,1.5706025415502431,-0.1184735825948464,1.825125478487155,0.1488793020065171
5.996,-0.00628301994167628,1.5706723033202716,-0.1166473046557976,1.826277939048798,0.1488793020065171
5.997,-0.004712319216572966,1.5707265631887726,-0.11481987540864773,1.8274292471498794,0.1488793020065171
5.998,-0.0031415719827796473,1.5707653206202226,-0.11299129600470487,1.8285794039428598,0.1488793020065171
5.9990000000000006,-0.0015707937429391631,1.570788575232102,-0.11116156759412582,1.8297284105790472,0.1488793020065171
6.0,-3.6739403974420594e-16,1.5707963267948966,-0.1093307760417563,1.8307915523695284,0.14464351005300574
6.001,0.0015707937429402046,1.570788575232102,-0.10749892241073808,1.831853631018219,0.14464351005300574
6.002,0.0031415719827789126,1.5707653206202226,-0.10566600776314981,1.832914647588261,0.14464351005300574
6.003,0.004712319216572231,1.5707265631887726,-0.10383203316000808,1.8339746031417328,0.14464351005300574
6.0040000000000004,0.006283019941677322,1.5706723033202716,-0.10199699966126843,1.835033498739651,0.14464351005300574
6.005,0.00785365865591037,1.5706025415502431,-0.10016099375543797,1.836005905830462,0.14037202947753524
6.006,0.00942421985770491,1.5705172785672075,-0.09832401641492379,1.8369773405141823,0.14037202947753524
6.007000000000001,0.010994688046252392,1.570416515212676,-0.09648606861116057,1.8379478037632189,0.14037202947753524
6.008,0.01256504772166759,1.5703002524811418,-0.09464715131461157,1.8389172965490064,0.14037202947753524
6.009,0.014135283385136267,1.5701684915200715,-0.09280726549476956,1.839885819842008,0.14037202947753524
6.01,0.015705379539062803,1.5700212336298927,-0.0909664982424633,1.8407672523062466,0.13606591420403008
6.011,0.01727532068723558,1.5698584802639812,-0.08912485043912528,1.841647803338021,0.13606591420403008
6.0120000000000005,0.018845091334967506,1.5696802330286468,-0.08728232296530652,1.8425274738187636,0.13606591420403008
6.013,0.020414675989254248,1.5694864936831183,-0.0854389167006775,1.8434062646290255,0.13606591420403008
6.014,0.021984059158932492,1.569277264139524,-0.08359463252402903,1.844284176648477,0.13606591420403008
6.015000000000001,0.023553225354822162,1.5690525464628757,-0.08174955810702317,1.845074417005869,0.13172622670202203
6.016,0.025122159089884622,1.5688123428710463,-0.07990369423990026,1.8458638671229035,0.13172622670202203
6.017,0.02669084487938087,1.5685566557347475,-0.07805704171211045,1.8466525277898211,0.13172622670202203
6.018,0.028259267241011913,1.568285487577509,-0.07620960131231437,1.8474403997960718,0.13172622670202203
6.019,0.02982741069508579,1.56799884107565,-0.07436137382838405,1.848227483930316,0.13172622670202203
6.0200000000000005,0.031395259764657915,1.5676967190582565,-0.07251244749118317,1.848926337200875,0.12735403772446605
6.021,0.03296279897568917,1.567379124507151,-0.07066282299956501,1.8496244916181634,0.12735403772446605
6.022,0.03453001285720216,1.5670460605568632,-0.06881250105168397,1.8503219478810347,0.12735403772446605
6.023,0.036096885941428576,1.5666975304945996,-0.06696148234499633,1.851018706687643,0.12735403772446605
6.024,0.037663402763965424,1.5663335377602112,-0.06510976757626089,1.8517147687354445,0.12735403772446605
6.025,0.039229547863922326,1.5659540859461594,-0.06325744551377331,1.8523220624875807,0.12295042604358089
6.026,0.04079530578407765,1.5655591787974812,-0.06140451676482735,1.8529287489459647,0.12295042604358089
6.027,0.04236066107103638,1.5651488202117494,-0.05955098193610946,1.8535348287178903,0.12295042604358089
6.0280000000000005,0.043925598275372034,1.5647230142390385,-0.05769684163369941,1.854140302410044,0.12295042604358089
6.029,0.04549010195178442,1.5642817650818814,-0.05584209646307091,1.8547451706285056,0.12295042604358089
6.03,0.04705415665925741,1.5638250770952289,-0.05398683570804934,1.8552607550215705,0.11851647818467362
6.031,0.048617746961198936,1.5633529547864073,-0.052131059884219094,1.8557758238302424,0.11851647818467362
6.032,0.0501808574256075,1.562865402815073,-0.05027476950664899,1.8562903775701056,0.11851647818467362
6.033,0.0517434726252121,1.562362425993167,-0.04841796508989276,1.856804416756229,0.11851647818467362
6.034,0.05330557713762982,1.5618440292848683,-0.046560647147989596,1.8573179419031662,0.11851647818467362
6.035,0.05486715554552328,1.561310217806542,-0.04470290545826517,1.8577416897244239,0.11405328815803843
6.0360000000000005,0.056428192436740514,1.5607609968266927,-0.04284474044446731,1.8581650137978603,0.11405328815803843
6.037,0.05798867240447937,1.5601963717659095,-0.040986152529920085,1.858587914547223,0.11405328815803843
6.038,0.059548580047434345,1.5596163481968133,-0.039127142137524246,1.8590103923958365,0.11405328815803843
6.039,0.061107899969943216,1.5590209318440034,-0.03726770968975764,1.8594324477666015,0.11405328815803843
6.04,0.06266661678215141,1.558410128583998,-0.035407945435295025,1.8597642544626156,0.10956195718903704
6.041,0.06422471510015149,1.5577839444451789,-0.03354784970594309,1.8600957293519338,0.10956195718903704
6.042,0.06578217954614034,1.5571423856077318,-0.03168742283317673,1.8604268727663626,0.10956195718903704
6.043,0.06733899474857617,1.5564854584035819,-0.02982666514813935,1.860757685037377,0.10956195718903704
6.0440000000000005,0.06889514534231969,1.555813169316336,-0.02796557698164323,1.8610881664961203,0.10956195718903704
6.045,0.07045061596879101,1.5551255249812168,-0.02610424903144468,1.8613279501985522,0.10504359344639745
6.046,0.07200539127612654,1.5544225321849947,-0.024242681537327396,1.8615674941172817,0.10504359344639745
6.047,0.07355945591931817,1.553704197865927,-0.022380874738835304,1.8618067984920923,0.10504359344639745
6.048,0.0751127945603788,1.5529705291136808,-0.020518828875272777,1.862045863562528,0.10504359344639745
6.049,0.07666539186848137,1.5522215331692721,-0.018656544185704883,1.8622846895678935,0.10504359344639745
6.05,0.0782172325201155,1.551457217424989,-0.01679411179459118,1.862432391113701,0.10049931176876942
6.051,0.07976830119924225,1.5506775894243185,-0.01493153184963322,1.8625799449579628,0.10049931176876942
6.0520000000000005,0.08131858259744168,1.5498826568618735,-0.013068804498384838,1.8627273512483802,0.10049931176876942
6.053,0.08286806141405877,1.549072427583319,-0.011205929888252331,1.862874610132507,0.10049931176876942
6.054,0.08441672235636663,1.5482469095852893,-0.00934290816649458,1.86302172175775,0.10049931176876942
6.055,0.08596455013970349,1.5474061110153152,-0.007479830861790795,1.8630773047037856,0.09593023338966568
6.056,0.08751152948763752,1.5465500401717378,-0.005616698029723919,1.8631328320668752,0.09593023338966568
6.057,0.08905764513210533,1.5456787055036314,-0.0037535097258213175,1.8631883039026016,0.09593023338966568
6.058,0.09060288181356799,1.5447921156107183,-0.0018902660055548253,1.8632437202664922,0.09593023338966568
6.059,0.09214722428116673,1.543890279243281,-2.6966924340806166e-05,1.863299081214019,0.09593023338966568
6.0600000000000005,0.09369065729286317,1.5429732053020813,0.0018362956075052156,1.8632625318460216,0.0913374856608266
6.061,0.09523316561559483,1.5420409028382698,0.003699521626532608,1.8632260190273922,0.0913374856608266
6.062,0.0967747340254308,1.5410933810532932,0.005562711169254189,1.8631895427215812,0.0913374856608266
6.063,0.09831534730770973,1.5401306492988114,0.0074258642721462655,1.8631531028920763,0.0913374856608266
6.064,0.09985499025720398,1.5391527170765955,0.009288980971648667,1.8631166995024007,0.0913374856608266
6.065,0.10139364767825575,1.5381595940384447,0.011151968998487045,1.8629880268383787,0.08672220177402738
6.066,0.1029313043849392,1.5371512899860806,0.013014828481334065,1.8628594828470209,0.08672220177402738
6.067,0.10446794520120517,1.5361278148710564,0.01487755954873372,1.8627310673996544,0.08672220177402738
6.0680000000000005,0.10600355496102741,1.5350891787946592,0.016740162329101457,1.8626027803677354,0.08672220177402738
6.069,0.10753811850855581,1.5340353920078094,0.018602636950724307,1.8624746216228483,0.08672220177402738
6.07,0.10907162069827117,1.532966464910954,0.020464890808135162,1.862253857410856,0.08208552048152544
6.071,0.1106040463951225,1.531882408053975,0.02232692412209824,1.8620333139630756,0.08208552048152544
6.072,0.1121353804746903,1.530783232136073,0.024188737113156982,1.861812991058743,0.08208552048152544
6.073,0.1136656078233237,1.5296689480056722,0.026050330001634297,1.861592888477315,0.08208552048152544
6.074,0.11519471333829481,1.528539566660308,0.027911703007632765,1.861373005998468,0.08208552048152544
6.075,0.11672268192795299,1.5273950992465162,0.029772763212341537,1.8610602047087708,0.07742858581505487
6.0760000000000005,0.1182494985118634,1.526235557059729,0.0316335109285619,1.8607477162203632,0.07742858581505487
6.077,0.11977514802096101,1.5250609515441613,0.03349394646878234,1.860435540220444,0.07742858581505487
6.078,0.12129961539770458,1.5238712942926924,0.03535407014517887,1.8601236763965245,0.07742858581505487
6.079,0.12282288559621307,1.5226665970467619,0.0372138822696153,1.8598121244364292,0.07742858581505487
6.08,0.12434494358242634,1.521446871696244,0.03907328963286336,1.859407363248064,0.0727525468035665
6.081,0.12586577433424825,1.520212130279334,0.04093229263968425,1.8590030068208874,0.0727525468035665
6.082,0.12738536284168986,1.518962384982434,0.04279089169443439,1.8585990547501379,0.0727525468035665
6.083,0.12890369410702945,1.5176976481400228,0.04464908720106585,1.858195506631459,0.0727525468035665
6.0840000000000005,0.13042075314494875,1.516417932234544,0.04650687956312675,1.857792362060899,0.0727525468035665
6.085,0.1319365249826858,1.5151232498962777,0.04836417530396938,1.8572957408426327,0.06805855718973174
6.086,0.1334509946601879,1.5138136139032137,0.05022097492021496,1.8567996162455846,0.06805855718973174
6.087,0.13496414723024733,1.5124890371809334,0.05207727890798809,1.8563039877731338,0.06805855718973174
6.088,0.13647596775866253,1.5111495328024709,0.05393308776291725,1.8558088549291554,0.06805855718973174
6.089,0.13798644132437354,1.5097951139881955,0.055788401980135266,1.8553142172180208,0.06805855718973174
6.09,0.13949555301961436,1.5084257941056753,0.05764312783863897,1.8547258585037079,0.06334777514525455
6.091,0.1410032879500652,1.5070415866695421,0.059497265926787085,1.8541380881481093,0.06334777514525455
6.0920000000000005,0.1425096312349893,1.5056425053413658,0.06135081683234995,1.8535509055628663,0.06334777514525455
6.093,0.14401456800738488,1.5042285639295156,0.06320378114251016,1.8529643101602085,0.06334777514525455
6.094,0.14551808341413527,1.5027997763890213,0.06505615944386312,1.8523783013529533,0.06334777514525455
6.095,0.14702016261615208,1.501356156821437,0.06690785779417442,1.851698350311303,0.05862136298512306
6.096,0.14852079078851663,1.4998977194747087,0.06875887687339512,1.851019079220694,0.05862136298512306
6.097,0.15001995312063804,1.4984244787430205,0.0706092173607963,1.8503404874011757,0.05862136298512306
6.098,0.15151763481638597,1.4969364491666675,0.07245887993496977,1.8496625741734771,0.05862136298512306
6.099,0.1530138210942501,1.495433645431897,0.07430786527382878,1.848985338859006,0.05862136298512306
6.1000000000000005,0.1545084971874742,1.4939160823707776,0.07615607923708655,1.8482139632577634,0.05388048688082228
6.101,0.156001648344207,1.4923837749610447,0.07800352259611867,1.8474433590321222,0.05388048688082228
6.102,0.1574932598276527,1.4908367383259509,0.07985019612152938,1.8466735254107065,0.05388048688082228
6.103,0.15898331691620485,1.489274987734127,0.0816961005831523,1.8459044616229123,0.05388048688082228
6.104,0.16047180490360485,1.4876985385994168,0.0835412367500512,1.845136166898906,0.05388048688082228
6.105,0.16195870909907556,1.486107406480739,0.08538551030711466,1.844273557063459,0.04912631657259861
6.106,0.16344401482747117,1.4845016070819268,0.08722892211695252,1.8434118098378476,0.04912631657259861
6.107,0.1649277074294271,1.4828811562515682,0.08907147304131198,1.8425509243594618,0.04912631657259861
6.1080000000000005,0.16640977226149306,1.481246069982863,0.09091316394107854,1.8416908997665542,0.04912631657259861
6.109,0.16789019469628916,1.4795963644134498,0.09275399567627678,1.8408317351982397,0.04912631657259861
6.11,0.16936896012264527,1.4779320558252556,0.09459387378024144,1.8398781039646583,0.04436002508084173
6.111,0.1708460539457403,1.4762531606443374,0.09643279920660375,1.8389254263623105,0.04436002508084173
6.112,0.17232146158725792,1.4745596954407094,0.09827077290804132,1.837973701437565,0.04436002508084173
6.113,0.17379516848551865,1.4728516769281912,0.10010779583627906,1.8370229282377444,0.04436002508084173
6.114,0.1752671600956287,1.471129121964238,0.10194386894209018,1.8360731058111235,0.04436002508084173
6.115,0.17673742188962852,1.4693920475497677,0.10377889763056382,1.8350286884736458,0.03958278841666994
6.1160000000000005,0.17820593935662604,1.4676404708290058,0.10561288294611733,1.8339853155535055,0.03958278841666994
6.117,0.1796726980029451,1.465874409089309,0.10744582593212361,1.8329429860062854,0.03958278841666994
6.118,0.18113768335227334,1.4640938797609901,0.10927772763091222,1.8319016987886125,0.03958278841666994
6.119,0.18260088094579346,1.4622989004171587,0.11110858908377037,1.8308614528581573,0.03958278841666994
6.12,0.1840622763423393,1.4604894887735318,0.11293831559088151,1.8297265071111342,0.0347957852917502
6.121,0.18552185511852656,1.4586656626882744,0.11476690828719137,1.828592696309858,0.0347957852917502
6.122,0.18697960286890034,1.4568274401618155,0.11659436830651075,1.827460019319383,0.0347957852917502
6.123,0.18843550520608054,1.454974839336667,0.11842069678151665,1.8263284750058988,0.0347957852917502
6.1240000000000006,0.1898895477609005,1.4531078784972495,0.12024589484375338,1.8251980622367279,0.0347957852917502
6.125,0.19134171618254392,1.4512265760697167,0.12206986771186441,1.8239728681110408,0.030000196827477746
6.126,0.19279199613869805,1.4493309506217598,0.1238926166110439,1.8227488991794794,0.030000196827477746
6.127,0.19424037331568192,1.447421020862441,0.12571414276526074,1.8215261542168495,0.030000196827477746
6.128,0.1956868334186008,1.4454968056419917,0.12753444739725991,1.8203046319991822,0.030000196827477746
6.1290000000000004,0.1971313621714758,1.4435583239516412,0.12935353172856365,1.8190843313037326,0.030000196827477746
6.13,0.19857394531738973,1.4416055949234237,0.13117130091966134,1.8177691910977,0.02519720626355948
6.131,0.2000145686186325,1.4396386378299817,0.1329877562856932,1.8164553660318736,0.02519720626355948
6.132000000000001,0.20145321785683218,1.43765747208439,0.13480289914048432,1.815142854791113,0.02519720626355948
6.133,0.20288987883309995,1.4356621172399568,0.1366167307965459,1.813831656061593,0.02519720626355948
6.134,0.2043245373681752,1.4336525929900246,0.1384292525650767,1.8125217685308026,0.02519720626355948
6.135,0.20575717930255416,1.4316289191677907,0.1402403695718123,1.8111170067355928,0.02038799866605133
6.136,0.20718779049664257,1.4295911157460943,0.14205008322151447,1.8097136497021782,0.02038799866605133
6.1370000000000005,0.20861635683088225,1.4275392028372371,0.14385839491754027,1.808311696025797,0.02038799866605133
6.138,0.21004286420590346,1.4254732006927666,0.14566530606184336,1.8069111443030923,0.02038799866605133
6.139,0.21146729854265106,1.4233931297032942,0.14747081805497547,1.8055119931321102,0.02038799866605133
6.140000000000001,0.21288964578253647,1.4212990103982763,0.14927483601132716,1.8040179563516776,0.015573760634971845
6.141,0.21430989188756341,1.41919086344583,0.1510773614249352,1.8025254136080253,0.015573760634971845
6.142,0.21572802284047946,1.4170687096525094,0.1528783957883423,1.8010343634071166,0.015573760634971845
6.143,0.21714402464490137,1.414932569963121,0.1546779405925987,1.799544804256409,0.015573760634971845
6.144,0.21855788332546625,1.4127824654604957,0.15647599732726356,1.7980567346648522,0.015573760634971845
6.1450000000000005,0.21996958492795807,1.4106184173652998,0.15827247111879397,1.7964737915304179,0.010755680011523328
6.146,0.2213791155194504,1.4084404470358167,0.1600673635501331,1.794892431339118,0.010755680011523328
6.147,0.22278646118844847,1.4062485759677295,0.1618606762026411,1.7933126525080092,0.010755680011523328
6.148,0.22419160804501556,1.4040428257939253,0.16365241065609684,1.7917344534557316,0.010755680011523328
6.149,0.22559454222092268,1.401823218284263,0.16544256848869934,1.7901578326025063,0.010755680011523328
6.15,0.22699524986977423,1.399589775345375,0.16723105486238093,1.788486373681604,0.005934945585010398
6.151,0.2283937171671497,1.3973425190204443,0.16901787144860056,1.7868165862196226,0.005934945585010398
6.152,0.22978993031074302,1.395081471488981,0.17080301991714567,1.7851484685451031,0.005934945585010398
6.1530000000000005,0.23118387552049569,1.3928066550666083,0.17258650193613392,1.7834820189882583,0.005934945585010398
6.154,0.2325755390387281,1.390518092204852,0.1743683191720149,1.7818172358809703,0.005934945585010398
6.155,0.2339649071302863,1.3882158054908975,0.17614837684559598,1.7800576735810798,0.0011127467995210027
6.156,0.23535196608266504,1.3858998176473911,0.17792667671643947,1.7782998708434892,0.0011127467995210027
6.157,0.23673670220615553,1.383570151532192,0.1797032205423481,1.7765438259086361,0.0011127467995210027
6.158,0.2381191018339697,1.3812268301381674,0.1814780100793668,1.7747895370187179,0.0011127467995210027
6.159,0.2394991513223798,1.3788698765929557,0.1832510470817845,1.7730370024176896,0.0011127467995210027
6.16,0.2408768370508576,1.3764993141587316,0.18502223685266897,1.771189770884481,-0.0037097265395411583
6.1610000000000005,0.24225214542219964,1.3741151662319921,0.18679158123925177,1.7693443865828058,-0.0037097265395411583
6.162,0.24362506286266597,1.3717174563433172,0.1885590820869172,1.7675008476654321,-0.0037097265395411583
6.163,0.24499557582211878,1.3693062081571303,0.19032474123920418,1.7656591522869758,-0.0037097265395411583
6.164,0.24636367077414542,1.366881445471483,0.19208856053780807,1.763819298603898,-0.0037097265395411583
6.165,0.2477293342162041,1.3644431922177984,0.19385044539142218,1.7618848536141134,-0.008531284559037816
6.166,0.2490925526697449,1.3619914724606574,0.19561039773449151,1.7599523430693185,-0.008531284559037816
6.167,0.2504533126803551,1.3595263103975386,0.19736841949952658,1.7580217650350685,-0.008531284559037816
6.168,0.25181160081787973,1.357047730358602,0.19912451261710543,1.7560931175788526,-0.008531284559037816
6.1690000000000005,0.25316740367656626,1.3545557568064261,0.20087867901587553,1.7541663987700928,-0.008531284559037816
6.17,0.25452070787518477,1.3520504143357899,0.20263082423349463,1.7521452176190893,-0.013350737611672395
6.171,0.2558715000571723,1.349531727673406,0.20438095029114386,1.7501260576492368,-0.013350737611672395
6.172,0.2572197668907522,1.3469997216777012,0.20612905920798322,1.7481089168393542,-0.013350737611672395
6.173,0.2585654950690782,1.3444544213385459,0.2078751530011535,1.7460937931702813,-0.013350737611672395
6.174,0.25990867131035505,1.3418958517770305,0.20961923368577837,1.7440806846248775,-0.013350737611672395
6.175,0.2612492823579739,1.3393240382452059,0.21136120695178723,1.7419732660088625,-0.018166896569510427
6.176,0.262587314980648,1.336739006125828,0.2131010749065987,1.7398679548114635,-0.018166896569510427
6.1770000000000005,0.263922755972534,1.334140780932123,0.21483883965552394,1.737764748925262,-0.018166896569510427
6.178,0.265255592153367,1.3315293883075279,0.2165745033017689,1.7356636462449464,-0.018166896569510427
6.179,0.26658581036859497,1.3289048540254271,0.2183080679464362,1.7335646446673112,-0.018166896569510427
6.18,0.26791339748949816,1.3262672039889207,0.2200394394549965,1.731371508560296,-0.02297857311739321
6.181,0.2692383404133291,1.3236164642305466,0.22176862002058587,1.729180565589388,-0.02297857311739321
6.182,0.27056062606343756,1.3209526609120332,0.22349561183414732,1.7269918135614506,-0.02297857311739321
6.183,0.2718802413893951,1.3182758203240499,0.22522041708443286,1.7248052502855413,-0.02297857311739321
6.184,0.27319717336713406,1.3155859688859262,0.22694303795800577,1.7226208735729078,-0.02297857311739321
6.1850000000000005,0.274511408999066,1.3128831331454134,0.22866338051910418,1.7203425610984124,-0.027784580046127855
6.186,0.2758229353142145,1.3101673397784115,0.23038144704604058,1.7180665269363915,-0.027784580046127855
6.187,0.27713173936834706,1.3074386155886992,0.23209723981484912,1.7157927688085326,-0.027784580046127855
6.188,0.2784378082440932,1.3046969875076884,0.23381076109928792,1.7135212844388015,-0.027784580046127855
6.189,0.27974112905108334,1.3019424825941353,0.23552201317084137,1.71125207155344,-0.027784580046127855
6.19,0.2810416889260658,1.2991751280338943,0.23723090231569235,1.7088891448509784,-0.03258373154541487
6.191,0.2823394750330382,1.296394951139641,0.23893743089676758,1.706528581075219,-0.03258373154541487
6.192,0.2836344745633786,1.2936019793505926,0.24064160127463083,1.7041703778632356,-0.03258373154541487
6.1930000000000005,0.2849266747359629,1.2907962402322564,0.24234341580748528,1.701814532854464,-0.03258373154541487
6.194,0.2862160627972956,1.2879777614761476,0.24404287685117598,1.6994610436907014,-0.03258373154541487
6.195,0.2875026260216386,1.2851465708995107,0.24573989093695306,1.6970140857770821,-0.03737484349643194
6.196,0.2887863517111338,1.2823026964450506,0.24743446051177442,1.6945695748213765,-0.03737484349643194
6.197,0.29006722719592387,1.2794461661806664,0.24912658802015106,1.6921275083766265,-0.03737484349643194
6.198,0.2913452398342879,1.2765770082991519,0.2508162759041494,1.6896878839983211,-0.03737484349643194
6.199,0.2926203770127541,1.273695251117944,0.2525035266033938,1.687250699244394,-0.03737484349643194
6.2,0.29389262614623624,1.2708009230788155,0.25418824691726366,1.6847203138698699,-0.04215673376398871
6.2010000000000005,0.2951619746781476,1.2678940527476195,0.2558704393761444,1.6821924588807202,-0.04215673376398871
6.202,0.29642841008052917,1.2649746688139958,0.25755010650789095,1.6796671317465597,-0.04215673376398871
6.203,0.29769191985417764,1.2620428000910784,0.2592272508378305,1.6771443299395334,-0.04215673376398871
6.204,0.2989524915287588,1.2590984755152348,0.2609018748887648,1.6746240509343142,-0.04215673376398871
6.205,0.30021011266294206,1.256141724145753,0.26257388575119844,1.6720108624336156,-0.04692822248821385
6.206,0.301464770844513,1.253172575164579,0.26424328603831987,1.6694002871214177,-0.04692822248821385
6.207,0.30271645369050054,1.2501910578760176,0.2659100783607044,1.666792322384532,-0.04692822248821385
6.208,0.3039651488473032,1.247197201706434,0.2675742653263168,1.664186965612383,-0.04692822248821385
6.2090000000000005,0.30521084399080095,1.2441910362039872,0.26923584954051377,1.6615842141970065,-0.04692822248821385
6.21,0.3064535268264886,1.2411725910383096,0.27089473840784906,1.6588888673352964,-0.051688132375659473
6.211,0.3076931850895853,1.2381418960002437,0.2725509346236695,1.656196215820448,-0.051688132375659473
6.212,0.30892980654516594,1.2350989810015223,0.2742044408806266,1.6535062569571144,-0.051688132375659473
6.213,0.3101633789882774,1.2320438760744845,0.27585525986867926,1.650818988052644,-0.051688132375659473
6.214,0.3113938902440563,1.2289766113717864,0.27750339427509635,1.6481344064170782,-0.051688132375659473
6.215,0.3126213281678518,1.2258972171660951,0.2791487518413272,1.6453575662308655,-0.05643528898978398
6.216,0.3138456806453501,1.2228057238497818,0.280791335344212,1.642583502884839,-0.05643528898978398
6.2170000000000005,0.31506693559268506,1.2197021619346406,0.2824311475578142,1.6398122136021585,-0.05643528898978398
6.218,0.31628508095656194,1.2165865620515783,0.2840681912534229,1.6370436956087606,-0.05643528898978398
6.219,0.31750010471438067,1.2134589549503012,0.2857024691995563,1.634277946133356,-0.05643528898978398
6.22,0.31871199487434443,1.2103193714990352,0.2873338894973227,1.6314202977664083,-0.06116852104071993
6.221,0.3199207394755894,1.2071678426841947,0.2889624550043705,1.6285655070478275,-0.06116852104071993
6.222,0.321126326588293,1.2040043996101002,0.29058816857549047,1.6257135711199653,-0.06116852104071993
6.223,0.3223287443137957,1.2008290734986615,0.2922110330626185,1.6228644871280309,-0.06116852104071993
6.224,0.32352798078472145,1.1976418956890618,0.29383105131483855,1.6200182522200886,-0.06116852104071993
6.2250000000000005,0.3247240241650917,1.1944428976374555,0.29544813181559293,1.6170805007543827,-0.06588666067428359
6.226,0.3259168626504385,1.191232110916669,0.2970622775026331,1.6141456870401427,-0.06588666067428359
6.227,0.3271064844679303,1.1880095672158641,0.2986734913107727,1.611213808139617,-0.06588666067428359
6.228,0.3282928778764772,1.1847752983402535,0.30028177617189067,1.6082848611179916,-0.06588666067428359
6.229,0.32947603116685803,1.1815293362107577,0.3018871350149341,1.605358843043388,-0.06588666067428359
6.23,0.33065593266182614,1.1782717128637163,0.3034894767282592,1.6023417133251423,-0.07058854376011739
6.231,0.3318325707162287,1.17500246045056,0.3050888043289958,1.5993276007366148,-0.07058854376011739
6.232,0.33300593371712583,1.171721611237483,0.3066851208312565,1.5963165022606758,-0.07058854376011739
6.2330000000000005,0.33417601008389713,1.1684291976051462,0.3082784292461397,1.5933084148832128,-0.07058854376011739
6.234,0.3353427882683599,1.1651252520483468,0.3098687325817328,1.5903033355931273,-0.07058854376011739
6.235,0.33650625675488716,1.161809807175686,0.31145594015378675,1.5872075720539558,-0.07527301017892371
6.236,0.33766640406051196,1.1584828957092739,0.3130400550580651,1.5841149042783234,-0.07527301017892371
6.237,0.33882321873505145,1.1551445504843756,0.3146210803872356,1.5810253291704666,-0.07527301017892371
6.238,0.3399766893612092,1.1517948044491184,0.3161990192308733,1.5779388436377175,-0.07527301017892371
6.239,0.3411268045546984,1.1484336906641361,0.3177738746754638,1.5748554445905014,-0.07527301017892371
6.24,0.3422735529643438,1.1450612423022724,0.31934555648652757,1.5716818110637367,-0.07993890410870871
6.2410000000000005,0.34341692327220413,1.141677492648223,0.32091406783769805,1.568511351170499,-0.07993890410870871
6.242,0.3445569041936736,1.1382824750982388,0.3224794118994352,1.5653440617371541,-0.07993890410870871
6.243,0.34569348447760306,1.1348762231597649,0.3240415918390284,1.5621799395932428,-0.07993890410870871
6.244,0.3468266529064017,1.1314587704511403,0.3256006108205999,1.5590189815714752,-0.07993890410870871
6.245,0.34795639829615693,1.1280301507012358,0.3271563790817036,1.5557682611037047,-0.08458507430995771
6.246,0.34908270949673664,1.1245903977491483,0.32870889987306,1.5525207913564019,-0.08458507430995771
6.247,0.3502055753919028,1.1211395455438542,0.33025817644213884,1.5492765690788464,-0.08458507430995771
6.248,0.35132498489942476,1.117677628143864,0.3318042120331624,1.5460355910235684,-0.08458507430995771
6.2490000000000006,0.35244092697118146,1.114204679716909,0.33334700988710875,1.5427978539463456,-0.08458507430995771
6.25,0.3535533905932738,1.1107207345395915,0.334886480735713,1.5394708486042052,-0.08921037440969615
6.251,0.35466236478613755,1.1072258269970363,0.3364226279059804,1.5361471702674072,-0.08921037440969615
6.252,0.35576783860464256,1.1037199915825777,0.33795545472158933,1.532826815608946,-0.08921037440969615
6.253,0.3568698011382111,1.1002032628973881,0.33948496450289445,1.529509781305143,-0.08921037440969615
6.2540000000000004,0.35796824151091533,1.0966756756501677,0.3410111605669301,1.526196064035644,-0.08921037440969615
6.255,0.3590631488815935,1.0931372646567743,0.342533954161638,1.5227935947079216,-0.09381366318433407
6.256,0.3601545124439531,1.0895880648398923,0.34405334868948756,1.519394527849527,-0.09381366318433407
6.257000000000001,0.3612423214266751,1.0860281112286947,0.34556934754954555,1.515998860057991,-0.09381366318433407
6.258,0.36232656509352285,1.0824574389584907,0.3470819541374798,1.5126065879342463,-0.09381366318433407
6.259,0.36340723274345144,1.0788760832703659,0.3485911718455624,1.5092177080826255,-0.09381366318433407
6.26,0.3644843137107051,1.0752840795108631,0.3500969124598401,1.5057406142777179,-0.09839380484124322
6.261,0.36555779736493194,1.0716814631316014,0.3515991794574067,1.5022669975666152,-0.09839380484124322
6.2620000000000005,0.36662767311128047,1.0680682696889536,0.35309797631187895,1.4987968544722237,-0.09839380484124322
6.263,0.36769393039050774,1.064444534843685,0.3545933064933999,1.4953301815209266,-0.09839380484124322
6.264,0.36875655867908724,1.0608102943605866,0.35608517346864244,1.4918669752425808,-0.09839380484124322
6.265000000000001,0.3698155474893057,1.0571655841081498,0.3575734895835238,1.4883161148813582,-0.10294966929900284
6.266,0.37087088636936977,1.0535104400581967,0.3590582583889043,1.4847688053804968,-0.10294966929900284
6.267,0.37192256490351205,1.0498448982855197,0.36053948343209347,1.4812250431891363,-0.10294966929900284
6.268,0.3729705727120911,1.0461689949675317,0.3620171682568534,1.477684824759967,-0.10294966929900284
6.269,0.37401489945169064,1.0424827663839233,0.36349131640340265,1.474148146549227,-0.10294966929900284
6.2700000000000005,0.3750555348152297,1.038786248916274,0.364961840799156,1.4705243957533531,-0.10748013246623181
6.271,0.37609246853205497,1.035079479047727,0.36642874506786427,1.4669042687082752,-0.10748013246623181
6.272,0.3771256903680517,1.0313624933625958,0.3678920328296545,1.4632877617902422,-0.10748013246623181
6.273,0.3781551901257351,1.0276353285460373,0.3693517077010336,1.4596748713791274,-0.10748013246623181
6.274,0.3791809576443606,1.0238980213836553,0.370807773294892,1.4560655938584237,-0.10748013246623181
6.275,0.38020298280001563,1.0201506087611663,0.3722601431416262,1.4523698467341868,-0.11198407651892997
6.276,0.3812212555057235,1.0163931276640246,0.37370882093698327,1.448677795357074,-0.11198407651892997
6.277,0.3822357657115459,1.012625615177043,0.3751538103730146,1.4449894360313382,-0.11198407651892997
6.2780000000000005,0.3832465034046755,1.0088481084840533,0.37659511513807953,1.4413047650649282,-0.11198407651892997
6.279,0.38425345860953825,1.0050606448675254,0.378032738916849,1.4376237787694848,-0.11198407651892997
6.28,0.38525662138789507,1.0012632617081878,0.3794665958640362,1.4338569471871894,-0.11646039017629697
6.281,0.386255981838932,0.997455996484688,0.38089668974647267,1.4300938824364762,-0.11646039017629697
6.282,0.3872515300993672,0.9936388867731876,0.3823230243272232,1.4263345807505137,-0.11646039017629697
6.283,0.38824325634353896,0.9898119702470275,0.38374560336558944,1.4225790383662371,-0.11646039017629697
6.284,0.3892311507835108,0.9859752846763242,0.3851644306171138,1.418827251524345,-0.11646039017629697
6.285,0.39021520366916446,0.9821288679276113,0.38657942088200714,1.4149902648933224,-0.12090796897491879
6.2860000000000005,0.3911954052882941,0.9782727579634732,0.38799057799725606,1.4111571152489306,-0.12090796897491879
6.287,0.39217174596670445,0.9744069928421633,0.38939790579601025,1.4073277987541832,-0.12090796897491879
6.288,0.3931442160683094,0.9705316107172135,0.3908014081075862,1.4035023115759306,-0.12090796897491879
6.289,0.39411280599521936,0.9666466498370897,0.39220108875747106,1.3996806498848564,-0.12090796897491879
6.29,0.395077506187845,0.9627521485447788,0.39359686321239523,1.395774454924146,-0.12532571554127545
6.291,0.39603830712498383,0.9588481452774406,0.3949887353785536,1.3918721661583964,-0.12532571554127545
6.292,0.39699519932391736,0.9549346785660153,0.39637670915823503,1.3879737796814124,-0.12532571554127545
6.293,0.3979481733405081,0.9510117870348311,0.39776078844982593,1.3840792915909055,-0.12532571554127545
6.2940000000000005,0.39889721976928616,0.9470795094012479,0.39914097714781444,1.380188697988489,-0.12532571554127545
6.295,0.39984232924354535,0.9431378844752626,0.4005171914063077,1.3762142584932504,-0.12971253986250608
6.296,0.4007834924354388,0.9391869511591133,0.40188943519974524,1.3722437934375071,-0.12971253986250608
6.297,0.40172070005606375,0.9352267484469257,0.40325771249859205,1.3682772988468195,-0.12971253986250608
6.298,0.40265394285556033,0.9312573154242972,0.40462202726934277,1.3643147707507226,-0.12971253986250608
6.299,0.4035832116232,0.9272786912679248,0.4059823834745255,1.3603562051827218,-0.12971253986250608
6.3,0.40450849718747295,0.9232909152452315,0.4073386979763119,1.356314501786432,-0.13406735955535212
6.301,0.40542979041618643,0.9192940267139481,0.40869097481640543,1.3522768400935385,-0.13406735955535212
6.3020000000000005,0.40634708221654714,0.9152880651217549,0.4100392180324678,1.3482432160623379,-0.13406735955535212
6.303,0.4072603635352543,0.9112730700058802,0.41138343165812297,1.3442136256551684,-0.13406735955535212
6.304,0.408169625358592,0.9072490809926959,0.4127236197229614,1.3401880648384061,-0.13406735955535212
6.305,0.4090748587125112,0.903216137797358,0.41405969981773233,1.3360800947709035,-0.13838910013321484
6.306,0.40997605466272613,0.8991742802233784,0.4153916760504058,1.3319762326734683,-0.13838910013321484
6.307,0.4108732043147955,0.8951235481622645,0.4167195525248439,1.3278764744381306,-0.13838910013321484
6.308,0.41176629881421356,0.8910639815931108,0.4180433333408049,1.3237808159610283,-0.13838910013321484
6.309,0.41265532934650007,0.8869956205821914,0.4193630225939473,1.319689253142403,-0.13838910013321484
6.3100000000000005,0.41354028713728064,0.8829185052825959,0.4206785386239311,1.315516029983835,-0.14267669527127547
6.311,0.4144211634523811,0.8788326759337973,0.42198988560397954,1.3113469800484256,-0.14267669527127547
6.312,0.41529794959790595,0.874738172861291,0.4232970677031425,1.3071820991629517,-0.14267669527127547
6.313,0.4161706369203308,0.8706350364761646,0.42460008908630087,1.3030213831583632,-0.14267669527127547
6.314,0.4170392168065851,0.8665233072747133,0.42589895391417065,1.2988648278697794,-0.14267669527127547
6.315,0.4179036806841351,0.8624030258380486,0.4271935812954712,1.2946273813005178,-0.14692908706959038
6.316,0.41876402002107027,0.8582742328316898,0.428483975467649,1.2903941721778254,-0.14692908706959038
6.317,0.41962022632619067,0.8541369690051476,0.4297701406639132,1.2861651962642557,-0.14692908706959038
6.3180000000000005,0.4204722911490848,0.8499912751915504,0.43105208111323984,1.2819404493265998,-0.14692908706959038
6.319,0.42132020608021586,0.845837192307227,0.4323298010403757,1.2777199271358815,-0.14692908706959038
6.32,0.4221639627510077,0.8416747613512892,0.4336032203430582,1.2734193026824634,-0.1511452263141137
6.321,0.4230035528339207,0.8375040234052593,0.4348723433219117,1.2691229788534986,-0.1511452263141137
6.322,0.4238389680425417,0.8333250196326278,0.4361371742732601,1.2648309513483629,-0.1511452263141137
6.323,0.42467020013165874,0.8291377912784794,0.4373977174891308,1.2605432158707321,-0.1511452263141137
6.324,0.42549724089734586,0.8249423796690725,0.4386539772572594,1.2562597681285792,-0.1511452263141137
6.325,0.4263200821770465,0.820738826211416,0.43990587428416517,1.2518970269057392,-0.1553240727355748
6.3260000000000005,0.42713871584964747,0.8165271723928953,0.4411534129325893,1.247538648424122,-0.1553240727355748
6.327,0.4279531338355659,0.8123074597808285,0.44239659756091027,1.2431846283209864,-0.1553240727355748
6.328,0.4287633280968259,0.8080797300220706,0.44363543252314824,1.238834962237954,-0.1553240727355748
6.329,0.42956929063713545,0.8038440248426172,0.44486992216896926,1.2344896458210046,-0.1553240727355748
6.33,0.4303710135019715,0.7996003860471588,0.44609998803323914,1.2300658642698605,-0.15946459526614928
6.331,0.43116848877865205,0.7953488555187018,0.4473256345397394,1.2256465065002677,-0.15946459526614928
6.332,0.43196170859641725,0.791089475218141,0.44854686610782785,1.2212315680884445,-0.15946459526614928
6.333,0.43275066512650945,0.7868222871838306,0.44976368715244286,1.216821044615033,-0.15946459526614928
6.3340000000000005,0.4335353505822454,0.7825473335311988,0.45097610208410793,1.212414931665095,-0.15946459526614928
6.335,0.4343157572190955,0.778264656452317,0.45218403328539547,1.2079312012875527,-0.16356577229385827
6.336,0.4350918773347631,0.7739742982154694,0.45338748524003586,1.203451954640388,-0.16356577229385827
6.337,0.4358637032692542,0.7696763011647693,0.45458646242727574,1.1989771872398705,-0.16356577229385827
6.338,0.43663122740496024,0.7653707077197026,0.4557809693218825,1.1945068946067534,-0.16356577229385827
6.339,0.43739444216672696,0.7610575603747435,0.4569710103941488,1.1900410722662695,-0.16356577229385827
6.34,0.43815334002193185,0.7567369016989197,0.4581565088935045,1.1854984993557105,-0.1676265919146388
6.341,0.43890791348056046,0.7524087743353831,0.45933746936252257,1.180960469018062,-0.1676265919146388
6.3420000000000005,0.4396581550952781,0.7480732210009987,0.46051389633923334,1.1764269767107511,-0.1676265919146388
6.343,0.4404040574615013,0.7437302844859374,0.4616857943571291,1.1718980178957477,-0.1676265919146388
6.344,0.44114561321747653,0.7393800076532193,0.4628531679451686,1.167373588039559,-0.1676265919146388
6.345,0.4418828150443461,0.7350224334383303,0.4640159412385765,1.1627732934078792,-0.17164605218201362
6.346,0.4426156556662274,0.730657604848759,0.4651741188376473,1.158177599070831,-0.17164605218201362
6.347,0.4433441278502784,0.7262855649636061,0.46632770533807544,1.1535865004281198,-0.17164605218201362
6.348,0.44406822440677196,0.7219063569331454,0.4674767053309595,1.1489999928840515,-0.17164605218201362
6.349,0.44478793818916906,0.7175200239783822,0.468621123402807,1.1444180718475272,-0.17164605218201362
6.3500000000000005,0.44550326209418434,0.7131266093906569,0.4697608845933556,1.1397611905485936,-0.1756231613543064
6.351,0.44621418906185895,0.7087261565312027,0.4708959935594865,1.1351089661309588,-0.1756231613543064
6.352,0.4469207120756322,0.7043187088307029,0.47202645495342427,1.1304613939377417,-0.1756231613543064
6.353,0.44762282416240573,0.699904309788897,0.47315227342274097,1.125818469316718,-0.1756231613543064
6.354,0.44832051839261816,0.6954830029741111,0.4742734536103613,1.1211801876203151,-0.1756231613543064
6.355,0.4490137878803076,0.6910548320228688,0.4753899214790312,1.1164678686699079,-0.17955693813934123
6.356,0.4497026257831849,0.6866198406394245,0.47650168174106966,1.1117602620384512,-0.17955693813934123
6.357,0.45038702530269875,0.6821780725953478,0.4776087391040833,1.107057363013626,-0.17955693813934123
6.3580000000000005,0.4510669796841015,0.677729571729101,0.47871109827097114,1.1023591668878256,-0.17955693813934123
6.359,0.4517424822165171,0.6732743819455967,0.4798087639399293,1.097665668958151,-0.17955693813934123
6.36,0.45241352623300973,0.6688125472157495,0.4809016630149797,1.0928990750504617,-0.18344641193655953
6.361,0.4530801051106445,0.6643441115760769,0.4819898002627164,1.08813724773668,-0.18344641193655953
6.362,0.4537422122705584,0.6598691191282244,0.4830731804449666,1.083380182250212,-0.18344641193655953
6.363,0.4543998411780203,0.6553876140385662,0.48415180831879584,1.0786278738292305,-0.18344641193655953
6.364,0.45505298534249766,0.6508996405377531,0.4852256886365125,1.07388031771667,-0.18344641193655953
6.365,0.45570163831772276,0.6464052429202616,0.48629474926144994,1.0690606249374233,-0.18729062307650202
6.3660000000000005,0.4563457937017519,0.641904465543987,0.4873589950133009,1.0642457518509558,-0.18729062307650202
6.367,0.45698544513703065,0.6373973528297897,0.48841843070693847,1.0594356936375748,-0.18729062307650202
6.368,0.45762058631045915,0.6328839492610427,0.4894730611524209,1.0546304454824071,-0.18729062307650202
6.369,0.45825121095344895,0.6283642993832271,0.4905228911549963,1.0498300025753946,-0.18729062307650202
6.37,0.4588773128419902,0.6238384478034575,0.49156784955510796,1.0449584001116674,-0.19108862305759336
6.371,0.4594988857967106,0.6193064391900569,0.49260794122435836,1.0400916692504039,-0.19108862305759336
6.372,0.4601159236829347,0.6147683182721306,0.49364317102947836,1.0352298051200015,-0.19108862305759336
6.373,0.4607284204107491,0.61022412983909,0.4946735438323321,1.0303728028537296,-0.19108862305759336
6.3740000000000006,0.46133636993505756,0.6056739187402452,0.4956990644899218,1.025520657589724,-0.19108862305759336
6.375,0.46193976625564315,0.601117729884348,0.4967196628373583,1.0205983474365308,-0.19483947478017008
6.376,0.4625386034172291,0.5965556082391328,0.4977353437969518,1.0156809595934908,-0.19483947478017008
6.377,0.463132875509533,0.5919875988309087,0.49874611228609006,1.010768489138294,-0.19483947478017008
6.378,0.46372257666733063,0.587413746744074,0.49975197321724363,1.0058609311535522,-0.19483947478017008
6.3790000000000004,0.46430770107050895,0.5828340971207074,0.5007529314979704,1.0009582807267954,-0.19483947478017008
6.38,0.4648882429441256,0.5782486951601071,0.5017489179753609,0.9959864773905147,-0.19854225277769602
6.381,0.46546419655846805,0.5736575861183288,0.5027399376212185,0.9910196458575703,-0.19854225277769602
6.382000000000001,0.466035556229106,0.5690608153077705,0.5037259954023746,0.9860577811561588,-0.19854225277769602
6.383,0.46660231631694943,0.5644584280967095,0.5047070962806941,0.9811008783194487,-0.19854225277769602
6.384,0.4671644712283058,0.5598504699088442,0.5056832452130797,0.9761489323855753,-0.19854225277769602
6.385,0.4677220154149331,0.5552369862228617,0.506654374075664,0.9711288625842875,-0.2021960434451074
6.386,0.46827494337409586,0.5506180225719781,0.5076204878885169,0.9661138128528011,-0.2021960434451074
6.3870000000000005,0.4688232496486178,0.5459936245435053,0.5085815916666879,0.9611037781710461,-0.2021960434451074
6.388,0.4693669288269367,0.54136383777839,0.5095376904202119,0.9560987535239729,-0.2021960434451074
6.389,0.46990597554315977,0.536728707970748,0.5104887891541134,0.9510987339015468,-0.2021960434451074
6.390000000000001,0.47044038447711295,0.5320882808674445,0.5114348207903758,0.9460316362623605,-0.20579994526423165
6.391,0.47097015035439516,0.527442602267627,0.5123757903960966,0.9409696057208136,-0.20579994526423165
6.392,0.4714952679464324,0.5227917180222568,0.5133117030333064,0.9359126372098081,-0.20579994526423165
6.393,0.47201573207052466,0.5181356740336946,0.5142425637589737,0.9308607256673137,-0.20579994526423165
6.394,0.47253153758990246,0.5134745162552043,0.5151683776250101,0.9258138660363617,-0.20579994526423165
6.3950000000000005,0.473042679413773,0.5088082906905366,0.5160890786157999,0.9207009907898009,-0.2093530690262218
6.396,0.4735491524973721,0.5041370433934592,0.5170046718442184,0.9155932284184867,-0.2093530690262218
6.397,0.47405095184201623,0.4994608204672867,0.5179151624180279,0.9104905738095438,-0.2093530690262218
6.398000000000001,0.47454807249514724,0.49477966806446183,0.5188205554398831,0.9053930218552098,-0.2093530690262218
6.399,0.4750405095503855,0.49009363238606385,0.519720856007336,0.9003005674528302,-0.2093530690262218
6.4,0.47552825814757665,0.4854027596813678,0.5206159991834604,0.8951431761243582,-0.21285453805095733
6.401,0.47601131347283787,0.480707096247404,0.5215059901256476,0.8899909421872148,-0.21285453805095733
6.402,0.4764896707586092,0.4760066884284642,0.5223908339861316,0.8848438604840084,-0.21285453805095733
6.4030000000000005,0.47696332528369684,0.4713015826156813,0.5232705359119941,0.8797019258625053,-0.21285453805095733
6.404,0.47743227237332125,0.4665918252465554,0.5241451010451698,0.8745651331756237,-0.21285453805095733
6.405,0.47789650739916506,0.4618774628044798,0.5250144655434441,0.869364498274381,-0.21630348840335256
6.406,0.47835602577941494,0.45715854181831905,0.5258786346074521,0.8641690640080396,-0.21630348840335256
6.407,0.47881082297881106,0.45243510886190763,0.526737613432628,0.8589788251759645,-0.21630348840335256
6.408,0.47926089450868814,0.4477072105536272,0.5275914072092107,0.8537937765827215,-0.21630348840335256
6.409,0.47970623592702133,0.44297489355593067,0.5284400211222487,0.8486139130380718,-0.21630348840335256
6.41,0.48014684283847164,0.4382382045748655,0.5292833924399917,0.8433713177429034,-0.2196990691065161
6.4110000000000005,0.4805827108944263,0.43349719035964523,0.5301215264050347,0.8381339650430302,-0.2196990691065161
6.412,0.481013835793043,0.4287518977021713,0.5309544282547306,0.8329018496958568,-0.2196990691065161
6.413,0.4814402132792936,0.4240023734365612,0.5317821032211947,0.8276749664640306,-0.2196990691065161
6.414,0.48186183914500486,0.41924866443869657,0.5326045565313101,0.8224533101154362,-0.2196990691065161
6.415,0.4822787092288988,0.4144908176257769,0.5334217265792685,0.8171700479582864,-0.22304044235172038
6.416,0.4826908194166369,0.4097288799558185,0.5342336186483317,0.8118920690632937,-0.22304044235172038
6.417,0.48309816564085706,0.4049628984272347,0.5350402380164789,0.806619368147196,-0.22304044235172038
6.418,0.48350074388121744,0.400192920078328,0.535841589956411,0.8013519399320145,-0.22304044235172038
6.4190000000000005,0.48389855016443284,0.3954189919868647,0.536637679735556,0.7960897791450481,-0.22304044235172038
6.42,0.4842915805643154,0.390641161269593,0.5374284468892477,0.7907671536918007,-0.22632678370511763
6.421,0.4846798312018147,0.38585947508176227,0.5382138967401118,0.7854498508640065,-0.22632678370511763
6.422,0.48506329824505273,0.3810739806166957,0.5389940346054508,0.7801378653390402,-0.22632678370511763
6.423,0.4854419779093655,0.3762847251052808,0.5397688657972504,0.7748311917995988,-0.22632678370511763
6.424,0.48581586645733715,0.3714917558155414,0.5405383956221841,0.7695298249336968,-0.22632678370511763
6.425,0.4861849601988383,0.3666951200521549,0.5413025647716466,0.76416914946254,-0.2295572823111542
6.426,0.4865492554910634,0.36189486515596875,0.5420613786063134,0.7588138346668544,-0.2295572823111542
6.4270000000000005,0.4869087487385644,0.3570910385035719,0.5428148424814994,0.7534638751859645,-0.2295572823111542
6.428,0.4872634363932883,0.35228368750678846,0.5435629617471639,0.7481192656645554,-0.2295572823111542
6.429,0.4876133149546116,0.34747285961222657,0.5443057417479166,0.7427800007526678,-0.2295572823111542
6.43,0.4879583809693734,0.3426586023008262,0.5450431243458467,0.7373825979300623,-0.23273114109263887
6.431,0.4882986310319121,0.3378409630873526,0.545775114938357,0.7319905925102795,-0.23273114109263887
6.432,0.48863406178409674,0.3330199895199652,0.5465017189174529,0.7266039790959165,-0.23273114109263887
6.433,0.4889646699153607,0.3281957291797323,0.5472229416697478,0.7212227522949678,-0.23273114109263887
6.434,0.48929045216273603,0.32336822968014495,0.5479387885764686,0.7158469067208201,-0.23273114109263887
6.4350000000000005,0.48961140531088304,0.31853753866667966,0.5486492026847437,0.710414108275151,-0.23584757694741326
6.436,0.4899275261921234,0.313703703816312,0.5493541894273717,0.7049867426279275,-0.23584757694741326
6.437,0.49023881168647226,0.30886677283702957,0.550053754231718,0.6995648043463513,-0.23584757694741326
6.438,0.49054525872166693,0.3040267934673992,0.550747902519721,0.6941482880030566,-0.23584757694741326
6.439,0.49084686427319946,0.29918381347605244,0.5514366397078971,0.6887371881761053,-0.23584757694741326
6.44,0.4911436253643445,0.29433788066125205,0.5521199100424662,0.6832703345690979,-0.23890582094156118
6.441,0.4914355390661896,0.28948904285040405,0.5527977189902819,0.6778089478156976,-0.23890582094156118
6.442,0.4917226024976647,0.28463734789957457,0.5534700720127309,0.6723530224490506,-0.23890582094156118
6.4430000000000005,0.49200481282556985,0.2797828436930286,0.5541369745657386,0.6669025530077703,-0.23890582094156118
6.444,0.4922821672646025,0.2749255781427737,0.5547984320997745,0.6614575340359313,-0.23890582094156118
6.445,0.4925546630773869,0.27006559918804907,0.5554543900739064,0.6559579741319126,-0.24190511849913998
6.446,0.4928222975744988,0.26520295479489575,0.5561048539876942,0.6504639137877979,-0.24190511849913998
6.447,0.4930850681144943,0.2603376929556399,0.5567498293351982,0.6449753475040273,-0.24190511849913998
6.448,0.4933429721039341,0.2554698616884572,0.5573893216049848,0.6394922697865405,-0.24190511849913998
6.449,0.49359600699740946,0.2505995090368825,0.5580233362801316,0.6340146751467711,-0.24190511849913998
6.45,0.4938441702975689,0.2457266830693192,0.5586518200460114,0.6284837658798571,-0.24484472958836093
6.4510000000000005,0.4940874595551404,0.2408514318785978,0.5592747784335337,0.62295838752221,-0.24484472958836093
6.452,0.494325872368957,0.235973803581485,0.5598922169680766,0.6174385345429205,-0.24484472958836093
6.453,0.494559406385981,0.2310938463181918,0.5605041411694932,0.6119242014166104,-0.24484472958836093
6.454,0.4947880593013254,0.2262116082519373,0.5611105565521166,0.6064153826234265,-0.24484472958836093
6.455,0.4950118288582788,0.22132713756842923,0.5617114110407794,0.6008544886627196,-0.24772392890417477
6.456,0.49523071284832554,0.2164404824754322,0.5623067101963753,0.5952991555959735,-0.24772392890417477
6.457,0.4954447091111694,0.21155169120224818,0.5628964595742376,0.589749377862294,-0.24772392890417477
6.458,0.4956538155347532,0.20666081199928438,0.5634806647241439,0.5842051499063482,-0.24772392890417477
6.4590000000000005,0.49585803005528145,0.20176789313753296,0.5640593311903223,0.5786664661783584,-0.24772392890417477
6.46,0.4960573506572388,0.19687298290813884,0.5646324081499134,0.5730769595912354,-0.2505420060472327
6.461,0.49625177537341186,0.19197612962187868,0.5651999011924241,0.5674930425106995,-0.2505420060472327
6.462,0.4964413022849067,0.1870773816087286,0.5657618159017713,0.5619147093472442,-0.2505420060472327
6.463,0.4966259295211697,0.18217678721734273,0.5663181578562883,0.5563419545169523,-0.2505420060472327
6.464,0.49680565526000425,0.17727439481461474,0.5668689326287297,0.5507747724414908,-0.2505420060472327
6.465,0.4969804777275898,0.17237025278518403,0.5674140906610848,0.5451580323550659,-0.25329826569917185
6.466,0.49715039519849946,0.1674644095309415,0.5679536375700935,0.5395469090087274,-0.25329826569917185
6.4670000000000005,0.4973154059957163,0.16255691347058498,0.5684875789668793,0.5339413967857352,-0.25329826569917185
6.468,0.4974755084906501,0.15764781303912495,0.5690159204569543,0.528341490074966,-0.25329826569917185
6.469,0.49763070110315427,0.15273715668738969,0.5695386676402252,0.5227471832709076,-0.25329826569917185
6.47,0.49778098230154,0.14782499288158593,0.570055772235757,0.5171045955317534,-0.2559920277941669
6.471,0.4979263506025927,0.14291137010278182,0.5705672398861373,0.5114676503803383,-0.2559920277941669
6.472,0.4980668045715862,0.13799633684644488,0.5710730762283114,0.5058363421740746,-0.2559920277941669
6.473,0.4982023428222961,0.13307994162198022,0.5715732868935874,0.5002106652760172,-0.2559920277941669
6.474,0.4983329640170149,0.1281622329522127,0.5720678775076423,0.4945906140548579,-0.2559920277941669
6.4750000000000005,0.498458666866564,0.12324325937294715,0.5725568010785294,0.48892357088706845,-0.2586226276867299
6.476,0.4985794501303069,0.11832306943247248,0.5730400632732918,0.4832621947624468,-0.2586226276867299
6.477,0.49869531261616185,0.11340171169106589,0.5735176697533058,0.4776064800139498,-0.2586226276867299
6.478,0.49880625318061256,0.10847923472055258,0.573989626174286,0.47195642098020124,-0.2586226276867299
6.479,0.49891227072872074,0.10355568710378188,0.5744559381862915,0.46631201200548644,-0.2586226276867299
6.48,0.49901336421413583,0.09863111743418657,0.5749165600979587,0.46062191166716693,-0.26118941631570125
6.481,0.49910953263910585,0.09370557431528675,0.5753714975993879,0.4549375014291857,-0.26118941631570125
6.482,0.49920077505448757,0.08877910636019334,0.5758207563749893,0.4492587756014425,-0.26118941631570125
6.4830000000000005,0.49928709055975495,0.08385176219116174,0.5762643421034889,0.44358572849952704,-0.26118941631570125
6.484,0.4993684783030088,0.07892359043909519,0.5767022604579336,0.4379183544447135,-0.26118941631570125
6.485,0.49944493748098495,0.07399463974305376,0.5771344670588165,0.4322066008829809,-0.26369176036439523
6.486,0.49951646733906235,0.06906495874978534,0.5775609676178913,0.42650055907481005,-0.26369176036439523
6.487,0.49958306717127005,0.06413459611326228,0.5779817678411998,0.42080022330844735,-0.26369176036439523
6.488,0.4996447363202946,0.05920360049416219,0.5783968734290776,0.415105587877851,-0.26369176036439523
6.489,0.4997014741774864,0.05427202055943227,0.5788062900761604,0.40941664708268527,-0.26369176036439523
6.49,0.49975328018286574,0.04933990498176434,0.5792099747257476,0.4036846495872653,-0.2661290424168655
6.4910000000000005,0.49980015382512827,0.04440730243915358,0.5796079331098369,0.3979583840893407,-0.2661290424168655
6.492,0.49984209464164997,0.03947426161440126,0.5800001709546938,0.39223784485691404,-0.2661290424168655
6.493,0.499879102218492,0.03454083119461764,0.5803866939808575,0.3865230261637198,-0.2661290424168655
6.494,0.4999111761904045,0.029607059870780408,0.5807675079031467,0.3808139222892188,-0.2661290424168655
6.495,0.4999383162408303,0.024672996337209523,0.5811425709982914,0.37506309514472486,-0.2685006611102356
6.496,0.49996052210190806,0.01973868929112568,0.5815118890171187,0.3693180188273754,-0.2685006611102356
6.497,0.4999777935544749,0.014804187432152944,0.581875467704705,0.3635786875863433,-0.2685006611102356
6.498,0.49999013042806856,0.009869539461821366,0.5822333128003816,0.35784509567655226,-0.2685006611102356
6.4990000000000006,0.4999975326009291,0.004934794083125375,0.5825854300377402,0.352117237358671,-0.2685006611102356
6.5,0.5,-1.539908847487742e-15,0.5829317790372359,0.3463489994956507,-0.2708060312830822
6.501,0.4999975326009291,-0.004934794083122874,0.5832723655671064,0.34058652987049337,-0.2708060312830822
6.502,0.49999013042806856,-0.009869539461818866,0.5836071953898213,0.33482982271496126,-0.2708060312830822
6.503,0.4999777935544749,-0.014804187432150444,0.5839362742620879,0.32907887226658467,-0.2708060312830822
6.5040000000000004,0.49996052210190806,-0.01973868929112876,0.5842596079348567,0.32333367276865643,-0.2708060312830822
6.505,0.4999383162408303,-0.024672996337207022,0.5845771573822701,0.31754944741349156,-0.27304458411981175
6.506,0.4999111761904045,-0.029607059870777906,0.5848889283885538,0.3117710062836818,-0.27304458411981175
6.507000000000001,0.499879102218492,-0.03454083119462072,0.5851949267321488,0.3059983435950019,-0.27304458411981175
6.508,0.49984209464165,-0.039474261614398765,0.5854951581857178,0.30023145356901065,-0.27304458411981175
6.509,0.49980015382512827,-0.04440730243915666,0.5857896285161509,0.2944703304330454,-0.27304458411981175
6.51,0.4997532801828658,-0.04933990498176185,0.5860783000609077,0.2886715447567921,-0.2752157672910124
6.511,0.49970147417748645,-0.05427202055942977,0.5863611786187739,0.282878557866215,-0.2752157672910124
6.5120000000000005,0.4996447363202946,-0.05920360049416528,0.5866382699827364,0.27709136396252854,-0.2752157672910124
6.513,0.49958306717127005,-0.06413459611325978,0.5869095799399892,0.27130995725274576,-0.2752157672910124
6.514,0.4995164673390624,-0.06906495874978284,0.5871751142719388,0.26553433194967274,-0.2752157672910124
6.515000000000001,0.499444937480985,-0.07399463974305126,0.5874348366886547,0.25972241671592855,-0.27731904508972477
6.516,0.4993684783030088,-0.0789235904390927,0.5876887530020521,0.2539163133974181,-0.27731904508972477
6.517,0.4992870905597549,-0.0838517621911648,0.5879368690182344,0.2481160161822262,-0.27731904508972477
6.518,0.49920077505448757,-0.08877910636019085,0.5881791905374987,0.24232151926424947,-0.27731904508972477
6.519,0.4991095326391059,-0.09370557431528426,0.5884157233543419,0.23653281684319072,-0.27731904508972477
6.5200000000000005,0.4990133642141358,-0.09863111743418965,0.588646432560397,0.230709206055075,-0.2793538985636263
6.521,0.49891227072872074,-0.10355568710377938,0.5888713239792747,0.2248914188777474,-0.2793538985636263
6.522,0.4988062531806126,-0.1084792347205501,0.5890904034287623,0.21907944948759714,-0.2793538985636263
6.523000000000001,0.49869531261616173,-0.11340171169106895,0.5893036767208292,0.213273292066837,-0.2793538985636263
6.524,0.49857945013030697,-0.11832306943247,0.5895111496616326,0.20747294080349765,-0.2793538985636263
6.525,0.4984586668665639,-0.12324325937295022,0.5897127887329825,0.20163907134983272,-0.2813198256430718
6.526,0.498332964017015,-0.12816223295221021,0.5899085997687481,0.19581103576562145,-0.2813198256430718
6.527,0.49820234282229614,-0.1330799416219777,0.5900985885969651,0.1899888282169944,-0.2813198256430718
6.5280000000000005,0.49806680457158625,-0.13799633684644239,0.590282761039841,0.18417244287591597,-0.2813198256430718
6.529,0.4979263506025928,-0.14291137010277932,0.5904611229137612,0.17836187392017863,-0.2813198256430718
6.53,0.49778098230154005,-0.14782499288158346,0.5906336420989822,0.17251918522095905,-0.28321634126497086
6.531,0.4976307011031543,-0.1527371566873872,0.5908003244381926,0.16668233921043868,-0.28321634126497086
6.532,0.49747550849065014,-0.15764781303912248,0.5909611757682386,0.16085133004592883,-0.28321634126497086
6.533,0.49731540599571616,-0.16255691347058807,0.5911162019201291,0.1550261518905835,-0.28321634126497086
6.534,0.4971503951984996,-0.16746440953093902,0.5912654087190425,0.1492067989133935,-0.28321634126497086
6.535,0.49698047772758985,-0.17237025278518156,0.5914087654516071,0.14335673256463055,-0.28504297749247787
6.5360000000000005,0.49680565526000414,-0.1772743948146178,0.5915462779678894,0.13751251628221636,-0.28504297749247787
6.537,0.49662592952116974,-0.18217678721734024,0.5916779521121055,0.1316741442160846,-0.28504297749247787
6.538,0.4964413022849068,-0.18707738160872614,0.5918037937226275,0.12584161052201895,-0.28504297749247787
6.539,0.496251775373412,-0.1919761296218762,0.5919238086319891,0.12001490936164737,-0.28504297749247787
6.54,0.4960573506572389,-0.19687298290813637,0.5920379675407688,0.114158908779677,-0.2867992836304356
6.541,0.4958580300552813,-0.20176789313753601,0.5921462763049671,0.10830876419828862,-0.2867992836304356
6.542,0.4956538155347533,-0.2066608119992819,0.5922487407747286,0.10246446976148163,-0.2867992836304356
6.543,0.4954447091111695,-0.21155169120224568,0.5923453667943477,0.09662601961911144,-0.2867992836304356
6.5440000000000005,0.49523071284832565,-0.2164404824754297,0.5924361602022745,0.09079340792688362,-0.2867992836304356
6.545,0.49501182885827893,-0.22132713756842673,0.5925210931202668,0.08493291799222505,-0.28848482633658423
6.546,0.4947880593013256,-0.22621160825193487,0.5926001714088143,0.07907828854750114,-0.28848482633658423
6.547,0.4945594063859811,-0.23109384631818936,0.5926734009225465,0.07322951373222195,-0.28848482633658423
6.548,0.4943258723689571,-0.2359738035814825,0.5927407875102383,0.06738658769175804,-0.28848482633658423
6.549,0.4940874595551402,-0.24085143187860086,0.5928023370148157,0.061549504577334595,-0.28848482633658423
6.55,0.493844170297569,-0.2457266830693167,0.5928580229860938,0.05568597127818749,-0.2900991897284887
6.551,0.49359600699740963,-0.25059950903688,0.5929078512876061,0.04982830151233952,-0.2900991897284887
6.5520000000000005,0.4933429721039339,-0.25546986168846025,0.5929518277770224,0.04397648941625741,-0.2900991897284887
6.553,0.4930850681144945,-0.2603376929556374,0.5929899583061546,0.03813052913227138,-0.2900991897284887
6.554,0.4928222975744989,-0.26520295479489325,0.5930222487209632,0.03229041480856933,-0.2900991897284887
6.555,0.49255466307738704,-0.27006559918804657,0.5930486740058473,0.026425284884038024,-0.2916419754861371
6.556,0.4922821672646026,-0.27492557814277124,0.5930692400259368,0.020566020089431244,-0.2916419754861371
6.557,0.49200481282556996,-0.2797828436930261,0.5930839526404964,0.014712614559619072,-0.2916419754861371
6.558,0.4917226024976648,-0.28463734789957207,0.5930928177029318,0.008865062435336711,-0.2916419754861371
6.559,0.49143553906618975,-0.28948904285040156,0.5930958410607949,0.0030233578631786327,-0.2916419754861371
6.5600000000000005,0.49114362536434436,-0.2943378806612551,0.5930929991392413,-0.0028419215536891716,-0.2931128029502313
6.561,0.4908468642731996,-0.29918381347605,0.5930842978035502,-0.008701335691140108,-0.2931128029502313
6.562,0.4905452587216671,-0.30402679346739675,0.5930697429131357,-0.014554890414453594,-0.2931128029502313
6.563,0.49023881168647243,-0.3088667728370271,0.5930493403215527,-0.020402591583043764,-0.2931128029502313
6.564,0.48992752619212354,-0.3137037038163096,0.5930230958765021,-0.026244445050465345,-0.2931128029502313
6.565,0.4896114053108828,-0.3185375386666827,0.5929909874497125,-0.03210842678973696,-0.29451130921610386
6.566,0.4892904521627362,-0.3233682296801425,0.5929530209051652,-0.0379665445472693,-0.29451130921610386
6.567,0.48896466991536086,-0.32819572917972983,0.5929092021009782,-0.043818804187044105,-0.29451130921610386
6.5680000000000005,0.4886340617840965,-0.3330199895199682,0.5928595368894111,-0.04966521156717914,-0.29451130921610386
6.569,0.4882986310319123,-0.3378409630873502,0.5928040311168711,-0.05550577253993404,-0.29451130921610386
6.57,0.48795838096937355,-0.34265860230082373,0.5927426641071192,-0.06136700975185934,-0.295837149223262
6.571,0.48761331495461174,-0.3474728596122241,0.5926754417213926,-0.06722238572657271,-0.295837149223262
6.572,0.48726343639328845,-0.352283687506786,0.5926023698150673,-0.07307190632531138,-0.295837149223262
6.573,0.48690874873856455,-0.35709103850356944,0.5925234542376638,-0.07891557740345131,-0.295837149223262
6.574,0.4865492554910636,-0.3618948651559663,0.5924387008328533,-0.0847534048105131,-0.295837149223262
6.575,0.48618496019883845,-0.36669512005215243,0.5923480903815308,-0.09061045132251302,-0.29708999584052154
6.5760000000000005,0.48581586645733693,-0.37149175581554444,0.5922516287407428,-0.09646164078800094,-0.29708999584052154
6.577,0.4854419779093657,-0.3762847251052784,0.5921493217616788,-0.10230697906402338,-0.29708999584052154
6.578,0.48506329824505295,-0.3810739806166933,0.592041175289677,-0.10814647200176979,-0.29708999584052154
6.579,0.4846798312018149,-0.38585947508175983,0.5919271951642304,-0.11398012544657844,-0.29708999584052154
6.58,0.4842915805643156,-0.39064116126959053,0.5918073636281104,-0.11983153612006653,-0.2982695399467333
6.581,0.48389855016443256,-0.39541899198686764,0.5916816865327275,-0.12567709538288113,-0.2982695399467333
6.582,0.4835007438812176,-0.4001929200783257,0.591550169723641,-0.13151680908643293,-0.2982695399467333
6.583,0.4830981656408573,-0.40496289842723227,0.5914128190405648,-0.13735068307628115,-0.2982695399467333
6.5840000000000005,0.48269081941663666,-0.4097288799558215,0.5912696403173726,-0.14317872319213953,-0.2982695399467333
6.585,0.482278709228899,-0.4144908176257745,0.5911206172630935,-0.14902305427908816,-0.29937549050703777
6.586,0.4818618391450051,-0.4192486644386942,0.5909657557220586,-0.1548615410349498,-0.29937549050703777
6.587,0.4814402132792938,-0.4240023734365588,0.5908050615327545,-0.16069418930405563,-0.29937549050703777
6.588,0.48101383579304324,-0.42875189770216887,0.5906385405278296,-0.16652100492489233,-0.29937549050703777
6.589,0.480582710894426,-0.4334971903596482,0.5904661985340995,-0.1723419937301082,-0.29937549050703777
6.59,0.48014684283847187,-0.4382382045748632,0.5902880207308703,-0.17817780322927174,-0.3004075746446818
6.591,0.47970623592702155,-0.44297489355592823,0.5901040129539513,-0.1840077769189361,-0.3004075746446818
6.5920000000000005,0.47926089450868786,-0.4477072105536301,0.5899141810333164,-0.1898319206349108,-0.3004075746446818
6.593,0.4788108229788113,-0.4524351088619053,0.5897185307931092,-0.19565024020716953,-0.3004075746446818
6.594,0.47835602577941516,-0.4571585418183167,0.5895170680516494,-0.201462741459856,-0.3004075746446818
6.595,0.4778965073991653,-0.46187746280447745,0.5893097794621768,-0.20728858947256323,-0.3013655377083546
6.596,0.4774322723733215,-0.46659182524655296,0.5890966708505395,-0.21310861163725775,-0.3013655377083546
6.597,0.47696332528369656,-0.4713015826156842,0.5888777480367597,-0.2189228137797876,-0.3013655377083546
6.598,0.4764896707586095,-0.4760066884284618,0.5886530168350396,-0.22473120172017488,-0.3013655377083546
6.599,0.47601131347283815,-0.48070709624740154,0.588422483053767,-0.2305337812726218,-0.3013655377083546
6.6000000000000005,0.47552825814757693,-0.4854027596813654,0.588186134823409,-0.23634823035804925,-0.3022491433350032
6.601,0.47504050955038574,-0.4900936323860615,0.5879439779584146,-0.24215686499439126,-0.3022491433350032
6.602,0.47454807249514747,-0.4947796680644595,0.5876960182674185,-0.24795969099609694,-0.3022491433350032
6.603,0.4740509518420165,-0.49946082046728424,0.5874422615532466,-0.2537567141718009,-0.3022491433350032
6.604,0.4735491524973724,-0.5041370433934569,0.5871827136129223,-0.25954794032432915,-0.3022491433350032
6.605,0.47304267941377265,-0.5088082906905395,0.5869173640570681,-0.2653495558541681,-0.3030581735081624
6.606,0.47253153758990274,-0.5134745162552019,0.5866462186872996,-0.27114536976847714,-0.3030581735081624
6.607,0.47201573207052494,-0.5181356740336922,0.5863692832994307,-0.2769353878688719,-0.3030581735081624
6.6080000000000005,0.47149526794643204,-0.5227917180222597,0.5860865636834796,-0.2827196159511663,-0.3030581735081624
6.609,0.47097015035439543,-0.5274426022676246,0.5857980656236742,-0.28849805980537835,-0.3030581735081624
6.61,0.4704403844771126,-0.5320882808674475,0.5855037802133564,-0.29428541031780786,-0.30379242861174394
6.611,0.46990597554316005,-0.5367287079707457,0.5852037132398766,-0.30006697347972494,-0.30379242861174394
6.612,0.469366928826937,-0.5413638377783877,0.5848978704847981,-0.3058427550784801,-0.30379242861174394
6.613,0.4688232496486175,-0.5459936245435083,0.5845862577239025,-0.3116127608956365,-0.30379242861174394
6.614,0.46827494337409614,-0.5506180225719758,0.5842688807271955,-0.3173769967069757,-0.30379242861174394
6.615,0.46772201541493336,-0.5552369862228593,0.5839457320729357,-0.3231486542598545,-0.3044517274792894
6.6160000000000005,0.4671644712283061,-0.5598504699088419,0.5836168175327805,-0.32891454015518046,-0.3044517274792894
6.617,0.4666023163169497,-0.5644584280967071,0.5832821428726159,-0.33467466016461106,-0.3044517274792894
6.618,0.46603555622910564,-0.5690608153077734,0.5829417138525619,-0.34042902005403225,-0.3044517274792894
6.619,0.4654641965584684,-0.5736575861183265,0.5825955362269783,-0.346177625583564,-0.3044517274792894
6.62,0.4648882429441259,-0.5782486951601048,0.5822436040608716,-0.3519321661067538,-0.30503590743866715
6.621,0.4643077010705086,-0.5828340971207103,0.5818859231087822,-0.3576809520894204,-0.30503590743866715
6.622,0.46372257666733097,-0.5874137467440717,0.581522499119496,-0.3634239892861043,-0.30503590743866715
6.623,0.4631328755095333,-0.5919875988309063,0.5811533378360505,-0.36916128344559157,-0.30503590743866715
6.6240000000000006,0.4625386034172287,-0.5965556082391357,0.5807784449957396,-0.3748928403109193,-0.30503590743866715
6.625,0.4619397662556434,-0.6011177298843458,0.580397816151782,-0.3806288439576528,-0.3055448243522203
6.626,0.46133636993505717,-0.605673918740248,0.5800114570401812,-0.38635911160073955,-0.3055448243522203
6.627,0.46072842041074935,-0.6102241298390877,0.5796193733912051,-0.3920836489761832,-0.3055448243522203
6.628,0.460115923682935,-0.6147683182721284,0.5792215709293909,-0.39780246181425144,-0.3055448243522203
6.6290000000000004,0.4594988857967109,-0.6193064391900547,0.5788180553735514,-0.4035155558394816,-0.3055448243522203
6.63,0.45887731284199046,-0.6238384478034553,0.5784088237662147,-0.4092316073366884,-0.3059783526523139
6.631,0.4582512109534493,-0.6283642993832248,0.5779938818234324,-0.414941942782398,-0.3059783526523139
6.632000000000001,0.45762058631045877,-0.6328839492610455,0.5775732352555397,-0.42064656789266186,-0.3059783526523139
6.633,0.456985445137031,-0.6373973528297875,0.5771468897671619,-0.4263454883778155,-0.3059783526523139
6.634,0.4563457937017515,-0.6419044655439897,0.5767148510572194,-0.43203870994248394,-0.3059783526523139
6.635,0.4557016383177231,-0.6464052429202594,0.5762771176582794,-0.43773339893998797,-0.30633638537232527
6.636,0.455052985342498,-0.6508996405377508,0.5758336952650309,-0.4434223932484945,-0.30633638537232527
6.6370000000000005,0.45439984117801985,-0.6553876140385689,0.5753845895664682,-0.4491056985626925,-0.30633638537232527
6.638,0.4537422122705587,-0.6598691191282222,0.5749298062458966,-0.45478332057157633,-0.30633638537232527
6.639,0.45308010511064484,-0.6643441115760745,0.5744693509809382,-0.46045526495845124,-0.30633638537232527
6.640000000000001,0.45241352623300934,-0.6688125472157523,0.5740032237945613,-0.4661271863769538,-0.306618834173048
6.641,0.4517424822165174,-0.6732743819455944,0.5735314303586873,-0.47179343587403777,-0.306618834173048
6.642,0.4510669796841011,-0.6777295717291038,0.5730539763395657,-0.4774540191216247,-0.306618834173048
6.643,0.4503870253026991,-0.6821780725953456,0.5725708673977797,-0.48310894178596403,-0.306618834173048
6.644,0.44970262578318526,-0.6866198406394224,0.5720821091882521,-0.48875820952763904,-0.306618834173048
6.6450000000000005,0.449013787880308,-0.6910548320228665,0.5715877032243467,-0.49440596390540054,-0.30682562936445645
6.646,0.44832051839261855,-0.6954830029741089,0.5710876551538179,-0.5000480705287843,-0.30682562936445645
6.647,0.44762282416240606,-0.6999043097888946,0.5705819706187724,-0.5056845350455447,-0.30682562936445645
6.648000000000001,0.4469207120756318,-0.7043187088307057,0.5700706552556746,-0.5113153630977882,-0.30682562936445645
6.649,0.4462141890618593,-0.7087261565312005,0.5695537146953525,-0.5169405603219795,-0.30682562936445645
6.65,0.4455032620941839,-0.7131266093906596,0.5690311519411925,-0.5225627541601164,-0.3069567199229413
6.651,0.4447879381891694,-0.71752002397838,0.5685029726153881,-0.5281793258044152,-0.3069567199229413
6.652,0.44406822440677235,-0.7219063569331432,0.567969182334511,-0.5337902808770696,-0.3069567199229413
6.6530000000000005,0.44334412785027794,-0.7262855649636089,0.5674297867095164,-0.5393956249946513,-0.3069567199229413
6.654,0.4426156556662278,-0.7306576048487567,0.5668847913457483,-0.5449953637681155,-0.3069567199229413
6.655,0.4418828150443465,-0.7350224334383281,0.5663342007358739,-0.5505906098744248,-0.3070120735038674
6.656000000000001,0.4411456132174761,-0.739380007653222,0.5657780204751393,-0.5561802607346277,-0.3070120735038674
6.657,0.4404040574615017,-0.7437302844859351,0.5652162561531953,-0.5617643219439704,-0.3070120735038674
6.658,0.4396581550952776,-0.7480732210010015,0.5646489133541032,-0.5673427990921038,-0.3070120735038674
6.659,0.4389079134805608,-0.752408774335381,0.5640759976563401,-0.572915697763089,-0.3070120735038674
6.66,0.43815334002193224,-0.7567369016989174,0.5634975150407457,-0.5784826155943172,-0.3069916764495642
6.6610000000000005,0.43739444216672646,-0.7610575603747461,0.5629134710742381,-0.5840439665077142,-0.3069916764495642
6.662,0.43663122740496063,-0.7653707077197004,0.5623238713181679,-0.5895997560701978,-0.3069916764495642
6.663,0.4358637032692546,-0.769676301164767,0.5617287213283247,-0.5951499898431188,-0.3069916764495642
6.664,0.4350918773347635,-0.7739742982154671,0.5611280266549424,-0.600694673382267,-0.3069916764495642
6.665,0.4343157572190959,-0.7782646564523149,0.5605217947655577,-0.6062318893847389,-0.3068955337927075
6.666,0.4335353505822449,-0.7825473335312015,0.5599100311973866,-0.6117635681712084,-0.3068955337927075
6.667,0.43275066512650984,-0.7868222871838285,0.5592927414821077,-0.6172897152788913,-0.3068955337927075
6.668,0.43196170859641764,-0.7910894752181388,0.5586699311458683,-0.6228103362394666,-0.3068955337927075
6.6690000000000005,0.43116848877865155,-0.7953488555187044,0.5580416057092892,-0.6283254365790812,-0.3068955337927075
6.67,0.4303710135019719,-0.7996003860471568,0.5574077741247616,-0.6338315845276034,-0.3067236692550573
6.671,0.4295692906371359,-0.8038440248426151,0.5567684418984334,-0.6393322263281769,-0.3067236692550573
6.672,0.4287633280968263,-0.8080797300220686,0.5561236145309465,-0.6448273674869498,-0.3067236692550573
6.673,0.42795313383556627,-0.8123074597808264,0.5554732975174419,-0.650317013504564,-0.3067236692550573
6.674,0.42713871584964785,-0.8165271723928932,0.5548174963475657,-0.6558011698761606,-0.3067236692550573
6.675,0.4263200821770469,-0.8207388262114139,0.5541562214563546,-0.6612748912111167,-0.3064761252416136
6.676,0.4254972408973463,-0.8249423796690705,0.5534894783175298,-0.6667431388247379,-0.3064761252416136
6.6770000000000005,0.42467020013165824,-0.8291377912784821,0.5528172723993391,-0.6722059181907455,-0.3064761252416136
6.678,0.4238389680425421,-0.8333250196326257,0.5521396091645617,-0.677663234777387,-0.3064761252416136
6.679,0.42300355283392116,-0.8375040234052572,0.5514564940705143,-0.6831150940474419,-0.3064761252416136
6.68,0.42216396275100815,-0.8416747613512872,0.5507679390323044,-0.6885550382099977,-0.30615296283016596
6.681,0.4213202060802163,-0.8458371923072249,0.550073949489876,-0.6939895424283911,-0.30615296283016596
6.682,0.4204722911490843,-0.8499912751915528,0.5493745308777335,-0.699418612142566,-0.30615296283016596
6.683,0.4196202263261911,-0.8541369690051455,0.5486696886249465,-0.7048422527870267,-0.30615296283016596
6.684,0.4187640200210707,-0.8582742328316877,0.5479594281551556,-0.710260469790843,-0.30615296283016596
6.6850000000000005,0.4179036806841345,-0.8624030258380511,0.5472437628605995,-0.7156652945561762,-0.3057542617562046
6.686,0.41703921680658557,-0.8665233072747112,0.5465226981461028,-0.7210647144967441,-0.3057542617562046
6.687,0.41617063692033124,-0.8706350364761625,0.5457962394110853,-0.7264587350173715,-0.3057542617562046
6.688,0.4152979495979064,-0.874738172861289,0.5450643920495679,-0.7318473615174782,-0.3057542617562046
6.689,0.41442116345238156,-0.8788326759337952,0.5443271614501768,-0.7372305993910848,-0.3057542617562046
6.69,0.4135402871372811,-0.8829185052825937,0.5435845624789772,-0.7425989711995586,-0.3052801203932441
6.691,0.4126553293465005,-0.8869956205821893,0.542836600504341,-0.7479619746362239,-0.3052801203932441
6.692,0.411766298814214,-0.8910639815931087,0.5420832808892716,-0.7533196150694526,-0.3052801203932441
6.6930000000000005,0.41087320431479496,-0.8951235481622671,0.5413246089914093,-0.758671897862248,-0.3052801203932441
6.694,0.4099760546627266,-0.8991742802233763,0.540560590163037,-0.7640188283722507,-0.3052801203932441
6.695,0.40907485871251165,-0.9032161377973559,0.5397912407403785,-0.7693494226584501,-0.3047306557285823
6.696,0.4081696253585925,-0.9072490809926937,0.5390165660540281,-0.7746746863503633,-0.3047306557285823
6.697,0.40726036353525474,-0.9112730700058781,0.5382365714292495,-0.7799946247785846,-0.3047306557285823
6.698,0.4063470822165466,-0.9152880651217573,0.5374512621859812,-0.7853092432683777,-0.3047306557285823
6.699,0.40542979041618693,-0.919294026713946,0.5366606436388415,-0.7906185471396809,-0.3047306557285823
6.7,0.40450849718747345,-0.9232909152452295,0.5358647335901823,-0.7959100486592293,-0.30410600333440063
6.7010000000000005,0.4035832116231994,-0.9272786912679273,0.535063537331505,-0.8011962586772581,-0.30410600333440063
6.702,0.4026539428555608,-0.9312573154242951,0.5342570601490197,-0.8064771824852688,-0.30410600333440063
6.703,0.4017207000560642,-0.9352267484469237,0.5334453073236503,-0.8117528253694716,-0.30410600333440063
6.704,0.4007834924354393,-0.9391869511591112,0.5326282841310395,-0.8170231926107901,-0.30410600333440063
6.705,0.3998423292435458,-0.9431378844752605,0.5318060098352746,-0.8222742957648659,-0.30340631733432843
6.706,0.39889721976928555,-0.9470795094012503,0.5309784896874588,-0.8275201478157875,-0.30340631733432843
6.707,0.3979481733405086,-0.951011787034829,0.5301457289334441,-0.8327607540146583,-0.30340631733432843
6.708,0.39699519932391786,-0.9549346785660134,0.5293077328138368,-0.8379961196073302,-0.30340631733432843
6.7090000000000005,0.3960383071249832,-0.958848145277443,0.5284645065640023,-0.8432262498344094,-0.30340631733432843
6.71,0.3950775061878455,-0.9627521485447769,0.5276160709050105,-0.8484356589918834,-0.30263177036542394
6.711,0.39411280599521986,-0.9666466498370878,0.5267624310462703,-0.8536398587402001,-0.30263177036542394
6.712,0.39314421606830985,-0.9705316107172114,0.5259035921919816,-0.8588388542887684,-0.30263177036542394
6.713,0.39217174596670495,-0.9744069928421611,0.5250395595411398,-0.864032650841788,-0.30263177036542394
6.714,0.3911954052882935,-0.9782727579634757,0.5241703382875416,-0.8692212535982548,-0.30263177036542394
6.715,0.39021520366916496,-0.9821288679276092,0.5232959506041261,-0.8743876834153677,-0.30178255353555955
6.716,0.3892311507835113,-0.9859752846763223,0.5224164016573235,-0.8795489468026635,-0.30178255353555955
6.7170000000000005,0.38824325634353946,-0.9898119702470256,0.5215316966083969,-0.884705048926572,-0.30178255353555955
6.718,0.38725153009936775,-0.9936388867731857,0.5206418406134485,-0.8898559949483567,-0.30178255353555955
6.719,0.3862559818389325,-0.9974559964846861,0.5197468388234244,-0.8950017900241195,-0.30178255353555955
6.72,0.38525662138789557,-1.001263261708186,0.5188467148576628,-0.9001239657616209,-0.3008588763762777
6.721,0.38425345860953874,-1.0050606448675234,0.5179414738383393,-0.9052410193233849,-0.3008588763762777
6.722,0.38324650340467487,-1.0088481084840557,0.5170311208825077,-0.910352955831587,-0.3008588763762777
6.723,0.3822357657115464,-1.0126256151770412,0.5161156611021044,-0.915459780403281,-0.3008588763762777
6.724,0.381221255505724,-1.0163931276640228,0.5151950996039539,-0.9205614981504033,-0.3008588763762777
6.7250000000000005,0.380202982800015,-1.0201506087611687,0.5142694614479658,-0.9256381559880751,-0.2998609667911074
6.726,0.3791809576443611,-1.0238980213836533,0.5133387517107979,-0.9307097371679092,-0.2998609667911074
6.727,0.3781551901257356,-1.0276353285460356,0.5124029754640314,-0.9357762467665635,-0.2998609667911074
6.728,0.3771256903680522,-1.031362493362594,0.5114621377741757,-0.940837689855619,-0.2998609667911074
6.729,0.3760924685320555,-1.035079479047725,0.5105162437026741,-0.9458940715015856,-0.2998609667911074
6.73,0.375055534815229,-1.0387862489162762,0.509565319743824,-0.95092395885007,-0.2987890709992974
6.731,0.3740148994516912,-1.0424827663839216,0.5086093709275128,-0.9559488163112059,-0.2987890709992974
6.732,0.37297057271209166,-1.04616899496753,0.5076484022785979,-0.9609686489148807,-0.2987890709992974
6.7330000000000005,0.37192256490351255,-1.0498448982855177,0.5066824188169119,-0.9659834616859517,-0.2987890709992974
6.734,0.3708708863693703,-1.0535104400581947,0.5057114255572677,-0.9709932596442518,-0.2987890709992974
6.735,0.369815547489305,-1.057165584108152,0.5047354504218136,-0.9759751354541094,-0.2976434534750954
6.736,0.3687565586790878,-1.060810294360585,0.5037544983924254,-0.9809520293881572,-0.2976434534750954
6.737,0.36769393039050824,-1.064444534843683,0.5027685744459971,-0.985923946428271,-0.2976434534750954
6.738,0.3666276731112798,-1.068068269688956,0.5017776835544457,-0.9908908915513446,-0.2976434534750954
6.739,0.3655577973649325,-1.0716814631315996,0.5007818306847165,-0.9958528697292951,-0.2976434534750954
6.74,0.36448431371070567,-1.0752840795108614,0.4997810451799193,-1.0007855047972156,-0.2964243968824915
6.7410000000000005,0.36340723274345077,-1.0788760832703683,0.4987753319726892,-1.0057132072300683,-0.2964243968824915
6.742,0.36232656509352335,-1.082457438958489,0.4977646959907287,-1.010635981960488,-0.2964243968824915
6.743,0.3612423214266744,-1.0860281112286971,0.49674914215681254,-1.0155538339161774,-0.2964243968824915
6.744,0.36015451244395363,-1.0895880648398906,0.4957286753887926,-1.020466768019911,-0.2964243968824915
6.745,0.3590631488815941,-1.0931372646567725,0.4947033264435006,-1.0253489452920004,-0.29513220200545554
6.746,0.3579682415109159,-1.0966756756501657,0.4936731002031138,-1.0302262403868174,-0.29513220200545554
6.747,0.35686980113821165,-1.1002032628973861,0.49263800154492726,-1.0350986581865398,-0.29513220200545554
6.748,0.3557678386046431,-1.1037199915825757,0.4915980353413588,-1.0399662035684623,-0.29513220200545554
6.7490000000000006,0.35466236478613683,-1.1072258269970383,0.4905532064599538,-1.0448288814050029,-0.29513220200545554
6.75,0.3535533905932744,-1.1107207345395897,0.48950354706367677,-1.0496593962770726,-0.2937671876737349
6.751,0.35244092697118073,-1.114204679716911,0.4884490619830425,-1.0544850806342703,-0.2937671876737349
6.752,0.3513249848994253,-1.1176776281438623,0.4873897560437354,-1.0593059393071107,-0.2937671876737349
6.753,0.35020557539190333,-1.1211395455438524,0.4863256340666141,-1.0641219771212782,-0.2937671876737349
6.7540000000000004,0.349082709496736,-1.1245903977491503,0.4852567008677165,-1.0689331988976316,-0.2937671876737349
6.755,0.3479563982961575,-1.1280301507012342,0.4841829900082041,-1.0737108595124178,-0.2923296906841988
6.756,0.34682665290640224,-1.1314587704511387,0.4831045062657375,-1.0784837424665894,-0.2923296906841988
6.757000000000001,0.3456934844776024,-1.134876223159767,0.48202125441319965,-1.0832518525378068,-0.2923296906841988
6.758,0.34455690419367413,-1.138282475098237,0.4809332392187007,-1.088015194498953,-0.2923296906841988
6.759,0.3434169232722034,-1.1416774926482252,0.47984046544558256,-1.092773773118138,-0.2923296906841988
6.76,0.34227355296434436,-1.1450612423022706,0.47874296804492317,-1.097497400659374,-0.2908200657177162
6.761,0.34112680455469896,-1.1484336906641346,0.4776407517403501,-1.102216304573069,-0.2908200657177162
6.7620000000000005,0.3399766893612098,-1.1517948044491169,0.47653382125076726,-1.1069304895828502,-0.2908200657177162
6.763,0.33882321873505206,-1.155144550484374,0.4754221812903596,-1.1116399604076217,-0.2908200657177162
6.764,0.33766640406051257,-1.158482895709272,0.47430583656859804,-1.1163447217615683,-0.2908200657177162
6.765000000000001,0.33650625675488643,-1.161809807175688,0.4731848234178532,-1.12101315074484,-0.2892386852516591
6.766,0.3353427882683605,-1.165125252048345,0.47205914650655406,-1.1256769112991283,-0.2892386852516591
6.767,0.3341760100838964,-1.1684291976051482,0.4709288104984612,-1.1303360080928624,-0.2892386852516591
6.768,0.33300593371712645,-1.1717216112374813,0.4697938200526714,-1.1349904457898028,-0.2892386852516591
6.769,0.3318325707162293,-1.1750024604505582,0.46865417982362234,-1.1396402290490462,-0.2892386852516591
6.7700000000000005,0.33065593266182536,-1.1782717128637181,0.467509927516013,-1.144252307609357,-0.28758593946799554
6.771,0.32947603116685864,-1.1815293362107562,0.4663610677419219,-1.1488597740911075,-0.28758593946799554
6.772,0.3282928778764778,-1.184775298340252,0.4652076051088155,-1.1534626331063764,-0.28758593946799554
6.773000000000001,0.3271064844679295,-1.1880095672158664,0.46404954421955286,-1.15806088926263,-0.28758593946799554
6.774,0.3259168626504391,-1.1912321109166675,0.4628868896723901,-1.1626545471627274,-0.28758593946799554
6.775,0.32472402416509233,-1.194442897637454,0.4617196805350514,-1.167209137338705,-0.2858622361570135
6.776,0.32352798078472206,-1.1976418956890602,0.4605479213621269,-1.1717591729245065,-0.2858622361570135
6.777,0.3223287443137963,-1.20082907349866,0.4593716167036522,-1.1763046584747223,-0.2858622361570135
6.7780000000000005,0.3211263265882922,-1.2040043996101024,0.4581907711051128,-1.180845598539388,-0.2858622361570135
6.779,0.31992073947559,-1.207167842684193,0.4570053891074488,-1.1853819976639888,-0.2858622361570135
6.78,0.31871199487434504,-1.2103193714990337,0.45581551113177016,-1.1898779756786593,-0.284068000616721
6.781000000000001,0.3175001047143799,-1.213458954950303,0.4546211416740548,-1.194369457715315,-0.284068000616721
6.782,0.31628508095656255,-1.2165865620515768,0.45342228522578487,-1.1988564482699342,-0.284068000616721
6.783,0.3150669355926843,-1.2197021619346426,0.4522189462739509,-1.2033389518339987,-0.284068000616721
6.784,0.31384568064535073,-1.2228057238497803,0.45101112930105636,-1.2078169728944992,-0.284068000616721
6.785,0.3126213281678525,-1.2258972171660936,0.4497988760716238,-1.2122532294325623,-0.28220367554788606
6.7860000000000005,0.3113938902440555,-1.2289766113717882,0.4485821910219097,-1.2166850497140875,-0.28220367554788606
6.787,0.31016337898827806,-1.232043876074483,0.44736107858373436,-1.221112438175331,-0.28220367554788606
6.788,0.30892980654516655,-1.2350989810015207,0.4461355431844862,-1.2255353992481135,-0.28220367554788606
6.789,0.30769318508958593,-1.2381418960002422,0.4449055892471264,-1.2299539373598232,-0.28220367554788606
6.79,0.3064535268264892,-1.241172591038308,0.4436712598692851,-1.2343293778413598,-0.28026972094481994
6.791,0.3052108439908016,-1.2441910362039856,0.44243255942640264,-1.2387004428824149,-0.28026972094481994
6.792,0.3039651488473038,-1.2471972017064326,0.4411894922895442,-1.243067136858429,-0.28026972094481994
6.793,0.3027164536905012,-1.2501910578760163,0.4399420628254037,-1.2474294641404668,-0.28026972094481994
6.7940000000000005,0.30146477084451223,-1.2531725751645808,0.4386902753963085,-1.2517874290952227,-0.28026972094481994
6.795,0.3002101126629427,-1.2561417241457515,0.43743417442236276,-1.2561009739457654,-0.27826661398189034
6.796,0.29895249152875947,-1.2590984755152332,0.4361737642171113,-1.2604102052514574,-0.27826661398189034
6.797,0.29769191985417826,-1.2620428000910768,0.43490904908978545,-1.2647151273258437,-0.27826661398189034
6.798,0.2964284100805298,-1.2649746688139942,0.4336400333453073,-1.2690157444781556,-0.27826661398189034
6.799,0.2951619746781468,-1.2678940527476215,0.432366721284294,-1.2733120610133153,-0.27826661398189034
6.8,0.2938926261462369,-1.270800923078814,0.4310891586383638,-1.2775626459302172,-0.2761948488957638
6.801,0.29262037701275473,-1.2736952511179425,0.4298073496581016,-1.2818089802622021,-0.2761948488957638
6.8020000000000005,0.29134523983428706,-1.2765770082991537,0.4285212985898417,-1.2860510682598552,-0.2761948488957638
6.803,0.29006722719592454,-1.2794461661806649,0.42723100967567224,-1.2902889141695106,-0.2761948488957638
6.804,0.2887863517111344,-1.2823026964450492,0.42593648715343896,-1.2945225222332564,-0.2761948488957638
6.805,0.2875026260216393,-1.2851465708995093,0.42463777805499064,-1.2987090984482925,-0.27405493686347526
6.806,0.2862160627972963,-1.287977761476146,0.42333488656690355,-1.3028914880871136,-0.27405493686347526
6.807,0.28492667473596206,-1.2907962402322581,0.42202781687156726,-1.3070696953362961,-0.27405493686347526
6.808,0.2836344745633792,-1.293601979350591,0.420716573147189,-1.3112437243782293,-0.27405493686347526
6.809,0.28233947503303886,-1.2963949511396395,0.4194011595677979,-1.3154135793911206,-0.27405493686347526
6.8100000000000005,0.28104168892606496,-1.2991751280338961,0.41808162445386865,-1.3195351139292555,-0.2718474058762985
6.811,0.279741129051084,-1.3019424825941337,0.4167579719269358,-1.3236525269328523,-0.2718474058762985
6.812,0.27843780824409387,-1.304696987507687,0.4154302061044124,-1.3277658225234454,-0.2718474058762985
6.813,0.2771317393683477,-1.307438615588698,0.41409833109959393,-1.331875004818448,-0.2718474058762985
6.814,0.27582293531421515,-1.3101673397784102,0.41276235102166275,-1.3359800779311555,-0.2718474058762985
6.815,0.27451140899906523,-1.3128831331454152,0.41142231546779734,-1.3400355538654138,-0.269572800609473
6.816,0.2731971733671347,-1.315585968885925,0.4100782284934736,-1.3440869743237378,-0.269572800609473
6.817,0.27188024138939576,-1.3182758203240486,0.40873009415011197,-1.3481343433616035,-0.269572800609473
6.8180000000000005,0.2705606260634382,-1.320952660912032,0.40737791648508154,-1.3521776650304314,-0.269572800609473
6.819,0.2692383404133298,-1.3236164642305452,0.406021699541704,-1.3562169433775904,-0.269572800609473
6.82,0.26791339748949883,-1.3262672039889194,0.404661494181624,-1.3602053600799688,-0.267231682287809
6.821,0.26658581036859563,-1.3289048540254258,0.40329730439325834,-1.364189788365645,-0.267231682287809
6.822,0.2652555921533677,-1.3315293883075265,0.4019291341610353,-1.3681702322230356,-0.267231682287809
6.823,0.2639227559725332,-1.3341407809321248,0.40055698746539875,-1.3721466956365687,-0.267231682287809
6.824,0.2625873149806487,-1.3367390061258269,0.3991808682828121,-1.3761191825866883,-0.267231682287809
6.825,0.2612492823579746,-1.3393240382452047,0.39780082872683703,-1.3800395559750462,-0.2648246285472298
6.8260000000000005,0.2599086713103542,-1.341895851777032,0.39641687271784704,-1.3839560089900158,-0.2648246285472298
6.827,0.25856549506907894,-1.3444544213385445,0.3950290041722951,-1.3878685455519704,-0.2648246285472298
6.828,0.2572197668907529,-1.3469997216776997,0.3936372270027177,-1.391777169577363,-0.2648246285472298
6.829,0.25587150005717296,-1.349531727673405,0.39224154511773895,-1.3956818849787302,-0.2648246285472298
6.83,0.2545207078751855,-1.3520504143357888,0.39084201186997936,-1.399533247759596,-0.26235223329222446
6.831,0.25316740367656543,-1.354555756806428,0.3894386311108017,-1.403380759177681,-0.26235223329222446
6.832,0.2518116008178804,-1.3570477303586006,0.38803140668771735,-1.4072244230843478,-0.26235223329222446
6.833,0.2504533126803558,-1.3595263103975375,0.38662034244439025,-1.411064243327108,-0.26235223329222446
6.8340000000000005,0.2490925526697456,-1.361991472460656,0.3852054422206406,-1.4149002237496253,-0.26235223329222446
6.835,0.2477293342162048,-1.364443192217797,0.3837867605949838,-1.4186816256568622,-0.25981510654932316
6.836,0.24636367077414612,-1.3668814454714817,0.3823643013488216,-1.4224592461621919,-0.25981510654932316
6.837,0.24499557582211948,-1.3693062081571292,0.3809380682597746,-1.426233089047016,-0.25981510654932316
6.838,0.24362506286266666,-1.371717456343316,0.37950806510168567,-1.4300031580889556,-0.25981510654932316
6.839,0.2422521454221988,-1.3741151662319937,0.3780742956446238,-1.433769457061853,-0.25981510654932316
6.84,0.24087683705085833,-1.3764993141587303,0.37663681567953267,-1.4374799650911232,-0.2572138743165941
6.841,0.2394991513223805,-1.3788698765929546,0.3751956289169203,-1.441186762612364,-0.2572138743165941
6.8420000000000005,0.23811910183396884,-1.3812268301381687,0.37375073906358425,-1.4448898533360834,-0.2572138743165941
6.843,0.23673670220615622,-1.383570151532191,0.37230214982261517,-1.4485892409690793,-0.2572138743165941
6.844,0.23535196608266573,-1.3858998176473898,0.3708498648934007,-1.452284929214442,-0.2572138743165941
6.845,0.23396490713028703,-1.3882158054908964,0.3693939412655473,-1.455923627853411,-0.2545491784091637
6.846,0.2325755390387288,-1.3905180922048508,0.36793438257775357,-1.4595586877937408,-0.2545491784091637
6.847,0.2311838755204964,-1.3928066550666074,0.3664711924650794,-1.4631901126741302,-0.2545491784091637
6.848,0.22978993031074374,-1.3950814714889797,0.3650043745589498,-1.4668179061296394,-0.2545491784091637
6.849,0.22839371716715043,-1.3973425190204432,0.3635339324871581,-1.470442071791693,-0.2545491784091637
6.8500000000000005,0.22699524986977337,-1.3995897753453765,0.36205992442391216,-1.474008063245919,-0.2518216763008745
6.851,0.22559454222092337,-1.4018232182842616,0.3605823539352035,-1.4775704887086905,-0.2518216763008745
6.852,0.22419160804501628,-1.4040428257939241,0.3591012245834575,-1.4811293517459994,-0.2518216763008745
6.853,0.2227864611884492,-1.4062485759677283,0.3576165399275372,-1.4846846559202709,-0.2518216763008745
6.854,0.22137911551945108,-1.4084404470358156,0.3561283035227469,-1.488236404790368,-0.2518216763008745
6.855,0.21996958492795718,-1.4106184173653014,0.35463657471354204,-1.4917288092048189,-0.24903204096205941
6.856,0.21855788332546697,-1.4127824654604948,0.3531413569923272,-1.4952177212148552,-0.24903204096205941
6.857,0.2171440246449021,-1.41493256996312,0.3516426538480143,-1.4987031443128815,-0.24903204096205941
6.8580000000000005,0.21572802284047857,-1.417068709652511,0.3501404687660265,-1.5021850819878098,-0.24903204096205941
6.859,0.21430989188756414,-1.4191908634458288,0.3486348052283014,-1.5056635377250631,-0.24903204096205941
6.86,0.21288964578253558,-1.4212990103982777,0.3471257237349002,-1.509081493401208,-0.24618096069349604
6.861,0.21146729854265178,-1.4233931297032931,0.3456132277037785,-1.5124960311216766,-0.24618096069349604
6.862,0.21004286420590418,-1.4254732006927655,0.34409732054947406,-1.515907154304425,-0.24618096069349604
6.863,0.20861635683088298,-1.427539202837236,0.3425780056831101,-1.5193148663639904,-0.24618096069349604
6.864,0.2071877904966433,-1.4295911157460932,0.3410552865123986,-1.5227191707114962,-0.24618096069349604
6.865,0.20575717930255488,-1.4316289191677898,0.33952922467807867,-1.5260618343199162,-0.24326913895657548
6.8660000000000005,0.2043245373681743,-1.4336525929900257,0.33799982352281394,-1.5294011552647278,-0.24326913895657548
6.867,0.20288987883310067,-1.435662117239956,0.3364670863859253,-1.5327371368885945,-0.24326913895657548
6.868,0.2014532178568313,-1.4376574720843913,0.33493101660339447,-1.5360697825308374,-0.24326913895657548
6.869,0.20001456861863323,-1.4396386378299808,0.33339161750786706,-1.5393990955274381,-0.24326913895657548
6.87,0.19857394531739045,-1.4416055949234226,0.33184895186555113,-1.5426656423159057,-0.24029729419974855
6.871,0.19713136217147492,-1.4435583239516425,0.3303030229429936,-1.5459289225575847,-0.24029729419974855
6.872,0.19568683341860152,-1.4454968056419906,0.3287538340034746,-1.5491889395190221,-0.24029729419974855
6.873,0.19424037331568264,-1.44742102086244,0.32720138830701107,-1.552445696463498,-0.24029729419974855
6.8740000000000006,0.19279199613869713,-1.4493309506217609,0.32564568911036,-1.5556991966510296,-0.24029729419974855
6.875,0.19134171618254467,-1.4512265760697158,0.324086800289712,-1.5588888206480034,-0.23726615968123654
6.876,0.18988954776090125,-1.4531078784972487,0.322524725034691,-1.5620752550209802,-0.23726615968123654
6.877,0.1884355052060813,-1.4549748393366662,0.3209594665317314,-1.565258502959584,-0.23726615968123654
6.878,0.18697960286890108,-1.4568274401618144,0.31939102796408114,-1.5684385676502492,-0.23726615968123654
6.8790000000000004,0.18552185511852565,-1.4586656626882757,0.3178194125118049,-1.5716154522762238,-0.23726615968123654
6.88,0.18406227634234004,-1.460489488773531,0.3162446851453152,-1.57472736648971,-0.23417648328812185
6.881,0.18260088094579421,-1.4622989004171576,0.3146668489765262,-1.5778361687889826,-0.23417648328812185
6.882000000000001,0.18113768335227243,-1.4640938797609913,0.3130859071142402,-1.5809418622859561,-0.23417648328812185
6.883,0.17967269800294583,-1.465874409089308,0.3115018626641508,-1.5840444500894326,-0.23417648328812185
6.884,0.17820593935662513,-1.4676404708290067,0.3099147187288457,-1.5871439353051056,-0.23417648328812185
6.885,0.17673742188962924,-1.4693920475497668,0.3083245413569288,-1.590177371916837,-0.23102902735183128
6.886,0.17526716009562945,-1.471129121964237,0.30673133358183685,-1.5932077750919569,-0.23102902735183128
6.8870000000000005,0.17379516848551774,-1.472851676928192,0.30513509843397296,-1.5962351478639016,-0.23102902735183128
6.888,0.17232146158725867,-1.4745596954407085,0.3035358389407099,-1.5992594932630744,-0.23102902735183128
6.889,0.17084605394574104,-1.4762531606443365,0.30193355812639305,-1.6022808143168479,-0.23102902735183128
6.890000000000001,0.16936896012264602,-1.4779320558252547,0.3003283231015213,-1.6052350248717313,-0.2278245684600161
6.891,0.1678901946962899,-1.479596364413449,0.29872013682030524,-1.6081862812160599,-0.2278245684600161
6.892,0.1664097722614938,-1.481246069982862,0.2971090022340012,-1.611134586304044,-0.2278245684600161
6.893,0.16492770742942786,-1.4828811562515676,0.2954949222909143,-1.6140799430869404,-0.2278245684600161
6.894,0.16344401482747192,-1.484501607081926,0.29387789993640123,-1.6170223545130538,-0.2278245684600161
6.8950000000000005,0.16195870909907464,-1.48610740648074,0.29225800332629737,-1.61989661010384,-0.22456389726495907
6.896,0.1604718049036056,-1.487698538599416,0.29063523533485836,-1.6227679914390352,-0.22456389726495907
6.897,0.1589833169162056,-1.489274987734126,0.28900959883346544,-1.6256365013928953,-0.22456389726495907
6.898000000000001,0.15749325982765178,-1.490836738325952,0.28738109669062867,-1.6285021428368016,-0.22456389726495907
6.899,0.15600164834420774,-1.4923837749610438,0.2857497317719894,-1.631364918639264,-0.22456389726495907
6.9,0.15450849718747328,-1.4939160823707784,0.284115573261903,-1.6341585100863945,-0.2212478182884866
6.901,0.15301382109425085,-1.4954336454318964,0.28247862395396095,-1.6369493079420778,-0.2212478182884866
6.902,0.15151763481638672,-1.4969364491666668,0.28083888663896106,-1.6397373149999055,-0.2212478182884866
6.9030000000000005,0.1500199531206371,-1.4984244787430216,0.2791963641049104,-1.6425225340506753,-0.2212478182884866
6.904,0.14852079078851738,-1.4998977194747078,0.277551059137028,-1.6453049678823943,-0.2212478182884866
6.905,0.14702016261615286,-1.5013561568214362,0.27590304193111903,-1.6480172059089813,-0.2178771497234628
6.906000000000001,0.14551808341413602,-1.5027997763890206,0.2742523151994215,-1.6507267316975416,-0.2178771497234628
6.907,0.14401456800738566,-1.5042285639295148,0.2725988816514612,-1.6534335479603133,-0.2178771497234628
6.908,0.14250963123498836,-1.5056425053413667,0.2709427439940544,-1.6561376574068223,-0.2178771497234628
6.909,0.14100328795006598,-1.5070415866695415,0.2692839049313105,-1.6588390627438847,-0.2178771497234628
6.91,0.1394955530196151,-1.5084257941056747,0.26762243565316474,-1.6614692781457794,-0.21445272323192777
6.9110000000000005,0.1379864413243726,-1.5097951139881964,0.26595833878983244,-1.6640968633322721,-0.21445272323192777
6.912,0.1364759677586633,-1.5111495328024702,0.26429161696889886,-1.6667218209335783,-0.21445272323192777
6.913,0.13496414723024808,-1.5124890371809325,0.2626222728153216,-1.6693441535772833,-0.21445272323192777
6.914,0.13345099466018864,-1.5138136139032132,0.26095030895143323,-1.6719638638883445,-0.21445272323192777
6.915,0.13193652498268657,-1.5151232498962772,0.259275797543734,-1.6745114076992536,-0.21097538373987312
6.916,0.1304207531449478,-1.5164179322345446,0.2575987411397676,-1.6770564039663518,-0.21097538373987312
6.917,0.12890369410703023,-1.5176976481400222,0.25591914228453044,-1.679598855237183,-0.21097538373987312
6.918,0.1273853628416906,-1.5189623849824336,0.2542370035204737,-1.6821387640567433,-0.21097538373987312
6.9190000000000005,0.12586577433424903,-1.5202121302793334,0.2525523273875062,-1.684676132967484,-0.21097538373987312
6.92,0.12434494358242712,-1.5214468716962435,0.2508651870108871,-1.6871403766190922,-0.20744598922878604
6.921,0.12282288559621385,-1.5226665970467612,0.24917558485486008,-1.6896021560270489,-0.20744598922878604
6.922,0.12129961539770535,-1.5238712942926917,0.24748352338120447,-1.6920614736555974,-0.20744598922878604
6.923,0.11977514802096179,-1.5250609515441607,0.24578900504923795,-1.6945183319665176,-0.20744598922878604
6.924,0.11824949851186245,-1.5262355570597297,0.24409203231581883,-1.6969727334191267,-0.20744598922878604
6.925,0.11672268192795376,-1.5273950992465155,0.24239267924692265,-1.6993530688961864,-0.20386541052394677
6.926,0.11519471333829559,-1.5285395666603074,0.2406909482228849,-1.7017310240377692,-0.20386541052394677
6.9270000000000005,0.11366560782332275,-1.5296689480056729,0.23898684162166067,-1.7041066012242103,-0.20386541052394677
6.928,0.11213538047469107,-1.5307832321360724,0.2372803618188272,-1.7064798028334651,-0.20386541052394677
6.929,0.11060404639512328,-1.5318824080539744,0.2355715111875861,-1.7088506312411107,-0.20386541052394677
6.93,0.10907162069827195,-1.5329664649109536,0.23386036471635463,-1.7111464712314612,-0.20023453107958117
6.931,0.10753811850855659,-1.5340353920078087,0.2321469247009728,-1.7134400153818214,-0.20023453107958117
6.932,0.10600355496102645,-1.53508917879466,0.23043119343498478,-1.7157312659880313,-0.20023453107958117
6.933,0.10446794520120595,-1.536127814871056,0.22871317320964113,-1.718020225343635,-0.20023453107958117
6.934,0.10293130438493998,-1.5371512899860802,0.22699286631390125,-1.720306895739883,-0.20023453107958117
6.9350000000000005,0.10139364767825652,-1.538159594038444,0.22527034864012188,-1.7225176737793604,-0.19655424676085773
6.936,0.09985499025720476,-1.539152717076595,0.22354562239908107,-1.7247262410407982,-0.19655424676085773
6.937,0.09831534730771051,-1.5401306492988107,0.2218186897993461,-1.7269325997349745,-0.19655424676085773
6.938,0.09677473402543157,-1.5410933810532927,0.22008955304727565,-1.7291367520704566,-0.19655424676085773
6.939,0.09523316561559561,-1.5420409028382691,0.21835821434702204,-1.7313387002536034,-0.19655424676085773
6.94,0.0936906572928622,-1.542973205302082,0.21662475047615623,-1.733463870865807,-0.19282546562286326
6.941,0.09214722428116752,-1.5438902792432805,0.21488916355984883,-1.7355869163073985,-0.19282546562286326
6.942,0.09060288181356876,-1.5447921156107178,0.21315145572114527,-1.7377078387035483,-0.19282546562286326
6.9430000000000005,0.08905764513210437,-1.545678705503632,0.21141162908096797,-1.739826640177302,-0.19282546562286326
6.944,0.08751152948763831,-1.5465500401717376,0.2096696857581184,-1.741943322849582,-0.19282546562286326
6.945,0.08596455013970428,-1.5474061110153148,0.20792570339643793,-1.7439823616804633,-0.1890491076865481
6.946,0.08441672235636741,-1.5482469095852887,0.20617968403496542,-1.7460193614725137,-0.1890491076865481
6.947,0.08286806141405954,-1.5490724275833185,0.20443162971070064,-1.7480543242647721,-0.1890491076865481
6.948,0.08131858259744247,-1.549882656861873,0.2026815424586064,-1.7500872520942383,-0.1890491076865481
6.949,0.07976830119924304,-1.550677589424318,0.2009294243116105,-1.752118146995875,-0.1890491076865481
6.95,0.0782172325201163,-1.5514572174249885,0.1991753537606674,-1.7540705509431136,-0.18522610471172246
6.9510000000000005,0.0766653918684804,-1.5522215331692726,0.197419332758181,-1.756021002486405,-0.18522610471172246
6.952,0.07511279456037959,-1.5529705291136806,0.19566136325460284,-1.7579695035781528,-0.18522610471172246
6.953,0.07355945591931896,-1.5537041978659265,0.19390144719843402,-1.7599160561688092,-0.18522610471172246
6.954,0.07200539127612733,-1.5544225321849945,0.19213958653622715,-1.7618606622068749,-0.18522610471172246
6.955,0.07045061596879179,-1.5551255249812164,0.19037586058668313,-1.7637259495440114,-0.18135739996717315
6.956,0.06889514534231872,-1.5558131693163362,0.1886102712150893,-1.765589371593811,-0.18135739996717315
6.957,0.06733899474857696,-1.5564854584035814,0.18684282028486773,-1.7674509302215606,-0.18135739996717315
6.958,0.06578217954614113,-1.5571423856077313,0.18507350965757705,-1.7693106272906824,-0.18135739996717315
6.9590000000000005,0.06422471510015051,-1.5577839444451793,0.1833023411929143,-1.7711684646627353,-0.18135739996717315
6.96,0.0626666167821522,-1.5584101285839975,0.18152939501775628,-1.7729461751580307,-0.1774439479979029
6.961,0.06110789996994401,-1.5590209318440034,0.17975467290981345,-1.7747221079428306,-0.1774439479979029
6.962,0.059548580047435136,-1.559616348196813,0.1779781766450186,-1.776496264794846,-0.1774439479979029
6.963,0.05798867240448016,-1.5601963717659093,0.1761999079975286,-1.7782686474900091,-0.1774439479979029
6.964,0.056428192436741305,-1.5607609968266924,0.17441986873972612,-1.780039257802477,-0.1774439479979029
6.965,0.05486715554552407,-1.5613102178065417,0.17263813978689366,-1.7817289528324671,-0.1734867143896235
6.966,0.05330557713763061,-1.5618440292848679,0.17085472282872624,-1.783416958167427,-0.1734867143896235
6.9670000000000005,0.05174347262521113,-1.5623624259931672,0.1690696195532292,-1.7851032754970522,-0.1734867143896235
6.968,0.050180857425608294,-1.5628654028150728,0.16728283164671984,-1.7867879065093475,-0.1734867143896235
6.969,0.04861774696119973,-1.5633529547864073,0.1654943607938292,-1.7884708528906306,-0.1734867143896235
6.97,0.0470541566592582,-1.5638250770952284,0.16370428867828085,-1.7900721155483503,-0.16948667553052138
6.971,0.04549010195178521,-1.5642817650818812,0.16191261690133743,-1.7916717769434125,-0.16948667553052138
6.972,0.043925598275371056,-1.5647230142390385,0.16011934706266034,-1.7932698386770796,-0.16948667553052138
6.973,0.04236066107103718,-1.5651488202117492,0.15832448076031133,-1.794866302349013,-0.16948667553052138
6.974,0.04079530578407844,-1.565559178797481,0.15652801959075405,-1.7964611695572745,-0.16948667553052138
6.9750000000000005,0.03922954786392135,-1.5659540859461598,0.15473004598599893,-1.7979736047551238,-0.16544481837033098
6.976,0.03766340276396622,-1.566333537760211,0.15293056145848116,-1.7994845275177753,-0.16544481837033098
6.977,0.036096885941429374,-1.5666975304945996,0.1511295675191235,-1.8009939393576642,-0.16544481837033098
6.978,0.03453001285720295,-1.567046060556863,0.14932706567733778,-1.802501841785713,-0.16544481837033098
6.979,0.03296279897568997,-1.5673791245071507,0.14752305744102645,-1.804008236311334,-0.16544481837033098
6.98,0.03139525976465694,-1.5676967190582567,0.1457176259701479,-1.8054314708785588,-0.16136214017681588
6.981,0.029827410695086584,-1.5679988410756498,0.14391077268793667,-1.8068532822112167,-0.16136214017681588
6.982,0.028259267241012707,-1.5682854875775087,0.14210249901620414,-1.8082736717325418,-0.16136214017681588
6.9830000000000005,0.02669084487937989,-1.5685566557347477,0.1402928063753398,-1.8096926408643457,-0.16136214017681588
6.984,0.02512215908988542,-1.5688123428710463,0.1384816961843128,-1.8111101910270175,-0.16136214017681588
6.985,0.02355322535482118,-1.569052546462876,0.13666925231051102,-1.8124438738017854,-0.15723964828974077
6.986,0.021984059158933287,-1.569277264139524,0.13485547608761725,-1.8137762228937784,-0.15723964828974077
6.987,0.020414675989255046,-1.569486493683118,0.13304036884798057,-1.8151072396366794,-0.15723964828974077
6.988,0.018845091334966525,-1.569680233028647,0.13122393192261772,-1.8164369253628376,-0.15723964828974077
6.989,0.017275320687236376,-1.5698584802639812,0.12940616664121446,-1.8177652814032697,-0.15723964828974077
6.99,0.015705379539063598,-1.5700212336298927,0.12758715755789515,-1.8190090833193122,-0.15307835987228863
6.9910000000000005,0.014135283385137063,-1.5701684915200715,0.12576690591646172,-1.8202516414334386,-0.15307835987228863
6.992,0.012565047721668386,-1.5703002524811418,0.12394541295947227,-1.821492956989451,-0.15307835987228863
6.993,0.010994688046253186,-1.570416515212676,0.12212267992824237,-1.8227330312299073,-0.15307835987228863
6.994,0.009424219857705706,-1.5705172785672075,0.12029870806284625,-1.8239718653961232,-0.15307835987228863
6.995,0.007853658655911165,-1.5706025415502431,0.11847358258328232,-1.8251254795639291,-0.14887930166010616
6.996,0.006283019941676342,-1.5706723033202716,0.11664730464316475,-1.8262779401175673,-0.14887930166010616
6.997,0.004712319216573027,-1.5707265631887726,0.1148198753949541,-1.8274292482106518,-0.14887930166010616
6.998,0.003141571982779709,-1.5707653206202226,0.11299129598995845,-1.8285794049956432,-0.14887930166010616
6.9990000000000006,0.0015707937429392243,-1.570788575232102,0.1111615675783346,-1.8297284116238497,-0.14887930166010616
7.0,4.286263797015736e-16,-1.5707963267948966,0.10933077602492822,-1.8307915534063854,-0.1446435097079824
7.001,-0.0015707937429401434,-1.570788575232102,0.10749892239288107,-1.8318536320471388,-0.1446435097079824
7.002,-0.0031415719827788515,-1.5707653206202226,0.10566600774427182,-1.8329146486092514,-0.1446435097079824
7.003,-0.0047123192165721695,-1.5707265631887726,0.10383203314011702,-1.8339746041548017,-0.1446435097079824
7.0040000000000004,-0.00628301994167726,-1.5706723033202716,0.10199699964037222,-1.8350334997448066,-0.1446435097079824
7.005,-0.007853658655910308,-1.5706025415502431,0.10016099373354448,-1.8360059068277457,-0.14037202913419605
7.006,-0.00942421985770485,-1.5705172785672075,0.09832401639204087,-1.836977341503602,-0.14037202913419605
7.007000000000001,-0.010994688046252329,-1.570416515212676,0.0964860685872961,-1.8379478047447821,-0.14037202913419605
7.008,-0.012565047721667529,-1.5703002524811418,0.09464715128977337,-1.8389172975227213,-0.14037202913419605
7.009,-0.014135283385136206,-1.5701684915200715,0.09280726546896549,-1.8398858208078825,-0.14037202913419605
7.01,-0.01570537953906274,-1.5700212336298927,0.09096649821570116,-1.8407672532643278,-0.1360659138626595
7.011,-0.01727532068723552,-1.5698584802639812,0.08912485041141284,-1.8416478042883166,-0.1360659138626595
7.0120000000000005,-0.018845091334967444,-1.5696802330286468,0.08728232293665156,-1.8425274747612814,-0.1360659138626595
7.013,-0.02041467598925419,-1.5694864936831183,0.08543891667108779,-1.8434062655637733,-0.1360659138626595
7.014,-0.02198405915893243,-1.569277264139524,0.08359463249351232,-1.8442841775754628,-0.1360659138626595
7.015000000000001,-0.0235532253548221,-1.5690525464628757,0.08174955807558718,-1.8450744179251453,-0.13172622636289272
7.016,-0.025122159089884563,-1.5688123428710463,0.0799036942075527,-1.8458638680344779,-0.13172622636289272
7.017,-0.02669084487938081,-1.5685566557347475,0.07805704167885899,-1.8466525286937012,-0.13172622636289272
7.018,-0.02825926724101185,-1.568285487577509,0.07620960127816673,-1.8474404006922653,-0.13172622636289272
7.019,-0.029827410695085727,-1.56799884107565,0.0743613737933479,-1.848227484818831,-0.13172622636289272
7.0200000000000005,-0.03139525976465785,-1.5676967190582565,0.07251244745526612,-1.8489263380817689,-0.12735403738783915
7.021,-0.032962798975689114,-1.567379124507151,0.07066282296277468,-1.8496244924914438,-0.12735403738783915
7.022,-0.0345300128572021,-1.5670460605568632,0.06881250101402797,-1.850321948746709,-0.12735403738783915
7.023000000000001,-0.03609688594143029,-1.5666975304945994,0.06696148230648226,-1.8510187075457192,-0.12735403738783915
7.024,-0.03766340276396537,-1.5663335377602112,0.06510976753689633,-1.8517147695859302,-0.12735403738783915
7.025,-0.039229547863922264,-1.5659540859461594,0.0632574454735658,-1.8523220633305384,-0.12295042570970593
7.026,-0.040795305784077585,-1.5655591787974812,0.06140451672378439,-1.852928749781402,-0.12295042570970593
7.027,-0.042360661071036323,-1.5651488202117494,0.059550981894238575,-1.8535348295458147,-0.12295042570970593
7.0280000000000005,-0.04392559827537197,-1.5647230142390385,0.05769684159100811,-1.854140303230463,-0.12295042570970593
7.029,-0.04549010195178436,-1.5642817650818814,0.05584209641956668,-1.8547451714414267,-0.12295042570970593
7.03,-0.04705415665925735,-1.5638250770952289,0.05398683566373962,-1.855260755827061,-0.1185164778537887
7.031000000000001,-0.04861774696120064,-1.563352954786407,0.052131059839111316,-1.8557758246283098,-0.1185164778537887
7.032,-0.05018085742560744,-1.562865402815073,0.05027476946075056,-1.8562903783607572,-0.1185164778537887
7.033,-0.05174347262521205,-1.562362425993167,0.04841796504321109,-1.8568044175394722,-0.1185164778537887
7.034,-0.05330557713762976,-1.5618440292848683,0.04656064710053208,-1.8573179426790085,-0.1185164778537887
7.035,-0.05486715554552322,-1.561310217806542,0.04470290541003914,-1.857741690492937,-0.11405328783037062
7.0360000000000005,-0.05642819243674045,-1.5607609968266927,0.04284474039548009,-1.8581650145590514,-0.11405328783037062
7.037,-0.057988672404479316,-1.5601963717659095,0.04098615248017899,-1.8585879153010998,-0.11405328783037062
7.038,-0.05954858004743428,-1.5596163481968133,0.03912714208703658,-1.859010393142406,-0.11405328783037062
7.039000000000001,-0.061107899969944916,-1.559020931844003,0.03726770963853071,-1.859432448505871,-0.11405328783037062
7.04,-0.06266661678215134,-1.558410128583998,0.03540794538333605,-1.8597642551946612,-0.10956195686480216
7.041,-0.06422471510015143,-1.557783944445179,0.033547849653259285,-1.8600957300767624,-0.10956195686480216
7.042,-0.06578217954614028,-1.5571423856077318,0.0316874227797753,-1.8604268734839817,-0.10956195686480216
7.043,-0.06733899474857612,-1.5564854584035819,0.029826665094027507,-1.8607576857477939,-0.10956195686480216
7.0440000000000005,-0.06889514534231962,-1.555813169316336,0.027965576926828165,-1.8610881671993422,-0.10956195686480216
7.045,-0.07045061596879094,-1.5551255249812168,0.026104248975933508,-1.861327950894659,-0.1050435931258006
7.046,-0.07200539127612648,-1.5544225321849947,0.024242681481127227,-1.8615674948062804,-0.1050435931258006
7.047,-0.07355945591931812,-1.553704197865927,0.022380874681953235,-1.8618067991739902,-0.1050435931258006
7.048,-0.07511279456037873,-1.5529705291136808,0.020518828817715905,-1.862045864237332,-0.1050435931258006
7.049,-0.0766653918684813,-1.5522215331692721,0.018656544127480294,-1.8622846902356107,-0.1050435931258006
7.05,-0.07821723252011545,-1.5514572174249892,0.01679411173570588,-1.8624323917744152,-0.10049931145200505
7.051,-0.07976830119924219,-1.5506775894243185,0.014931531790094198,-1.862579945611681,-0.10049931145200505
7.0520000000000005,-0.08131858259744162,-1.5498826568618735,0.013068804438199088,-1.8627273518951093,-0.10049931145200505
7.053,-0.0828680614140587,-1.549072427583319,0.011205929827426834,-1.8628746107722542,-0.10049931145200505
7.054,-0.08441672235636656,-1.5482469095852893,0.009342908105036312,-1.863021722390522,-0.10049931145200505
7.055,-0.08596455013970343,-1.5474061110153154,0.007479830799706642,-1.8630773053296699,-0.09593023307691749
7.056,-0.08751152948763746,-1.5465500401717378,0.005616697967020763,-1.8631328326858785,-0.09593023307691749
7.057,-0.08905764513210528,-1.5456787055036314,0.003753509662506032,-1.863188304514731,-0.09593023307691749
7.058,-0.09060288181356792,-1.5447921156107183,0.0018902659416342774,-1.8632437208717547,-0.09593023307691749
7.059,-0.09214722428116667,-1.543890279243281,2.6966859821856088e-05,-1.8632990818124213,-0.09593023307691749
7.0600000000000005,-0.0936906572928631,-1.5429732053020813,-0.001836295672615798,-1.8632625324376542,-0.0913374853522679
7.061,-0.09523316561559478,-1.5420409028382698,-0.00369952169222806,-1.8632260196122619,-0.0913374853522679
7.062,-0.09677473402543073,-1.5410933810532932,-0.005562711235527755,-1.863189543299695,-0.0913374853522679
7.063,-0.09831534730770966,-1.5401306492988114,-0.007425864338991195,-1.8631531034634408,-0.0913374853522679
7.064,-0.09985499025720392,-1.5391527170765957,-0.009288981039058218,-1.8631167000670228,-0.0913374853522679
7.065,-0.10139364767825569,-1.5381595940384447,-0.01115196906645457,-1.8629880273963522,-0.08672220146982153
7.066,-0.10293130438493914,-1.5371512899860806,-0.013014828549852923,-1.8628594833983523,-0.08672220146982153
7.067,-0.1044679452012051,-1.5361278148710564,-0.014877559617797274,-1.8627310679443503,-0.08672220146982153
7.0680000000000005,-0.10600355496102735,-1.5350891787946594,-0.016740162398703077,-1.8626027809058023,-0.08672220146982153
7.069,-0.10753811850855576,-1.5340353920078094,-0.01860263702085737,-1.862474622154293,-0.08672220146982153
7.07,-0.10907162069827112,-1.532966464910954,-0.020464890878793145,-1.8622538579357752,-0.0820855201818258
7.071,-0.11060404639512245,-1.531882408053975,-0.02232692419327462,-1.862033314481476,-0.0820855201818258
7.072,-0.11213538047469024,-1.530783232136073,-0.024188737184845252,-1.861812991570631,-0.0820855201818258
7.073,-0.11366560782332363,-1.5296689480056722,-0.026050330073827947,-1.861592888982697,-0.0820855201818258
7.074,-0.11519471333829476,-1.528539566660308,-0.027911703080325298,-1.8613730064973508,-0.0820855201818258
7.075,-0.11672268192795293,-1.5273950992465162,-0.02977276328552655,-1.8610602052012535,-0.07742858552000488
7.0760000000000005,-0.11824949851186334,-1.526235557059729,-0.031633511002233,-1.8607477167064523,-0.07742858552000488
7.077,-0.11977514802096095,-1.5250609515441613,-0.033493946542933146,-1.860435540700146,-0.07742858552000488
7.078,-0.12129961539770452,-1.5238712942926924,-0.03535407021980299,-1.860123676869846,-0.07742858552000488
7.079,-0.12282288559621302,-1.5226665970467619,-0.037213882344706364,-1.859812124903376,-0.07742858552000488
7.08,-0.12434494358242629,-1.5214468716962442,-0.0390732897084151,-1.8594073637087387,-0.07275254651330026
7.081,-0.1258657743342482,-1.520212130279334,-0.0409322927156904,-1.8590030072752959,-0.07275254651330026
7.082,-0.1273853628416898,-1.5189623849824343,-0.042790891770888684,-1.8585990551982865,-0.07275254651330026
7.083,-0.1289036941070294,-1.5176976481400228,-0.04464908727796204,-1.8581955070733542,-0.07275254651330026
7.0840000000000005,-0.1304207531449487,-1.516417932234544,-0.04650687964045858,-1.857792362496547,-0.07275254651330026
7.085,-0.13193652498268574,-1.515123249896278,-0.04836417538173072,-1.8572957412721378,-0.06805855690437362
7.086,-0.13345099466018784,-1.513813613903214,-0.05022097499839967,-1.856799616668953,-0.06805855690437362
7.087,-0.13496414723024727,-1.5124890371809334,-0.05207727898659004,-1.8563039881903716,-0.06805855690437362
7.088,-0.13647596775866247,-1.5111495328024709,-0.053933087841930315,-1.8558088553402687,-0.06805855690437362
7.089,-0.1379864413243735,-1.5097951139881955,-0.05578840205955333,-1.855314217623016,-0.06805855690437362
7.09,-0.1394955530196143,-1.5084257941056756,-0.05764312791845602,-1.8547258589026914,-0.06334777486491985
7.091,-0.14100328795006514,-1.5070415866695421,-0.05949726600699711,-1.854138088541087,-0.06334777486491985
7.0920000000000005,-0.14250963123498925,-1.5056425053413658,-0.06135081691294696,-1.8535509059498443,-0.06334777486491985
7.093,-0.14401456800738482,-1.5042285639295156,-0.06320378122348815,-1.8529643105411928,-0.06334777486491985
7.094,-0.14551808341413522,-1.5027997763890213,-0.0650561595252161,-1.85237830172795,-0.06334777486491985
7.095,-0.14702016261615203,-1.501356156821437,-0.06690785787589651,-1.8516983506804205,-0.05862136270991798
7.096,-0.14852079078851657,-1.4998977194747087,-0.06875887695548044,-1.8510190795839385,-0.05862136270991798
7.097,-0.15001995312063798,-1.4984244787430208,-0.07060921744323899,-1.850340487758553,-0.05862136270991798
7.098,-0.15151763481638592,-1.4969364491666677,-0.07245888001776399,-1.8496625745249928,-0.05862136270991798
7.099,-0.15301382109425005,-1.4954336454318973,-0.07430786535696865,-1.8489853392046662,-0.05862136270991798
7.1000000000000005,-0.15450849718747414,-1.4939160823707776,-0.07615607932056633,-1.8482139635976784,-0.05388048661084438
7.101,-0.15600164834420693,-1.4923837749610447,-0.07800352267993262,-1.8474433593662976,-0.05388048661084438
7.102,-0.15749325982765264,-1.4908367383259509,-0.07985019620567177,-1.8466735257391482,-0.05388048661084438
7.103,-0.1589833169162048,-1.489274987734127,-0.0816961006676174,-1.845904461945626,-0.05388048661084438
7.104,-0.1604718049036048,-1.4876985385994168,-0.08354123683483329,-1.8451361672158972,-0.05388048661084438
7.105,-0.1619587090990755,-1.486107406480739,-0.08538551039220812,-1.8442735573748401,-0.04912631630793693
7.106,-0.16344401482747112,-1.4845016070819268,-0.08722892220235175,-1.843411810143624,-0.04912631630793693
7.107,-0.16492770742942706,-1.4828811562515685,-0.08907147312701139,-1.8425509246596392,-0.04912631630793693
7.1080000000000005,-0.166409772261493,-1.481246069982863,-0.09091316402707253,-1.8416909000611383,-0.04912631630793693
7.109,-0.16789019469628907,-1.47959636441345,-0.09275399576255977,-1.8408317354872359,-0.04912631630793693
7.11,-0.16936896012264518,-1.4779320558252556,-0.09459387386680795,-1.8398781042481802,-0.044360024821576735
7.111,-0.17084605394574023,-1.4762531606443374,-0.09643279929344832,-1.8389254266403636,-0.044360024821576735
7.112,-0.17232146158725786,-1.4745596954407096,-0.09827077299515848,-1.8379737017101547,-0.044360024821576735
7.113,-0.1737951684855186,-1.4728516769281914,-0.10010779592366335,-1.837022928504876,-0.044360024821576735
7.114,-0.17526716009562865,-1.471129121964238,-0.10194386902973615,-1.8360731060728026,-0.044360024821576735
7.115,-0.17673742188962843,-1.4693920475497677,-0.10377889771846614,-1.8350286887299874,-0.0395827881628741
7.1160000000000005,-0.178205939356626,-1.4676404708290058,-0.10561288303427066,-1.833985315804515,-0.0395827881628741
7.117,-0.17967269800294505,-1.4658744090893092,-0.10744582602052263,-1.832942986251968,-0.0395827881628741
7.118,-0.1811376833522733,-1.4640938797609901,-0.1092777277195516,-1.8319016990289734,-0.0395827881628741
7.119,-0.1826008809457934,-1.4622989004171587,-0.11110858917264481,-1.830861453093202,-0.0395827881628741
7.12,-0.18406227634233924,-1.460489488773532,-0.11293831567998579,-1.8297265073409785,-0.03479578504348789
7.121,-0.1855218551185265,-1.4586656626882746,-0.11476690837652029,-1.8285926965345074,-0.03479578504348789
7.122,-0.18697960286890028,-1.4568274401618155,-0.11659436839605913,-1.8274600195388426,-0.03479578504348789
7.123,-0.1884355052060805,-1.4549748393366673,-0.1184206968712793,-1.8263284752201736,-0.03479578504348789
7.1240000000000006,-0.18988954776090045,-1.4531078784972495,-0.12024589493372513,-1.8251980624458233,-0.03479578504348789
7.125,-0.19134171618254386,-1.4512265760697167,-0.12206986780204021,-1.8239728683150735,-0.030000196584805502
7.126,-0.192791996138698,-1.44933095062176,-0.12389261670141867,-1.8227488993784546,-0.030000196584805502
7.127,-0.19424037331568186,-1.4474210208624412,-0.12571414285582944,-1.8215261544107724,-0.030000196584805502
7.128,-0.19568683341860074,-1.4454968056419917,-0.12753444748801748,-1.8203046321880576,-0.030000196584805502
7.1290000000000004,-0.19713136217147575,-1.4435583239516412,-0.12935353181950504,-1.8190843314875658,-0.030000196584805502
7.13,-0.19857394531738967,-1.4416055949234237,-0.13117130101078164,-1.8177691912766087,-0.025197206026526642
7.131,-0.20001456861863245,-1.4396386378299817,-0.1329877563769875,-1.8164553662058627,-0.025197206026526642
7.132000000000001,-0.20145321785683212,-1.43765747208439,-0.1348028992319477,-1.8151428549601873,-0.025197206026526642
7.133,-0.2028898788330999,-1.4356621172399568,-0.13661673088817344,-1.8138316562257577,-0.025197206026526642
7.134,-0.20432453736817516,-1.4336525929900246,-0.1384292526568635,-1.8125217686900625,-0.025197206026526642
7.135,-0.2057571793025541,-1.431628919167791,-0.14024036966375358,-1.8111170068900664,-0.020387998434699697
7.136,-0.20718779049664252,-1.4295911157460945,-0.14205008331360544,-1.8097136498518702,-0.020387998434699697
7.1370000000000005,-0.2086163568308822,-1.4275392028372371,-0.14385839500977615,-1.8083116961707124,-0.020387998434699697
7.138,-0.2100428642059034,-1.4254732006927666,-0.14566530615421938,-1.8069111444432358,-0.020387998434699697
7.139,-0.211467298542651,-1.4233931297032942,-0.14747081814748686,-1.8055119932674866,-0.020387998434699697
7.140000000000001,-0.2128896457825364,-1.4212990103982766,-0.14927483610396927,-1.8040179564824057,-0.015573760409336113
7.141,-0.21430989188756336,-1.4191908634458301,-0.15107736151770337,-1.80252541373411,-0.015573760409336113
7.142,-0.2157280228404794,-1.4170687096525096,-0.15287839588123195,-1.8010343635285626,-0.015573760409336113
7.143,-0.21714402464490132,-1.414932569963121,-0.15467794068560517,-1.7995448043732207,-0.015573760409336113
7.144,-0.2185578833254662,-1.412782465460496,-0.1564759974203822,-1.7980567347770342,-0.015573760409336113
7.1450000000000005,-0.219969584927958,-1.4106184173653,-0.1582724712120203,-1.7964737916380897,-0.010755679791631362
7.146,-0.22137911551945033,-1.408440447035817,-0.16006736364346258,-1.7948924314422843,-0.010755679791631362
7.147,-0.22278646118844841,-1.4062485759677295,-0.16186067629606926,-1.7933126526066747,-0.010755679791631362
7.148000000000001,-0.2241916080450171,-1.4040428257939228,-0.16365241074961917,-1.7917344535499007,-0.010755679791631362
7.149,-0.22559454222092262,-1.401823218284263,-0.16544256858231135,-1.7901578326921834,-0.010755679791631362
7.15,-0.2269952498697742,-1.399589775345375,-0.16723105495607826,-1.788486373766909,-0.005934945370883182
7.151,-0.22839371716714965,-1.3973425190204443,-0.16901787154237882,-1.7868165863005598,-0.005934945370883182
7.152,-0.22978993031074296,-1.395081471488981,-0.1708030200110005,-1.785148468621677,-0.005934945370883182
7.1530000000000005,-0.23118387552049563,-1.3928066550666085,-0.17258650203006098,-1.783482019060473,-0.005934945370883182
7.154,-0.23257553903872805,-1.390518092204852,-0.17436831926600982,-1.7818172359488302,-0.005934945370883182
7.155,-0.23396490713028625,-1.3882158054908977,-0.17614837693965452,-1.780057673644705,-0.0011127465911731221
7.156000000000001,-0.23535196608266656,-1.3858998176473885,-0.1779266768105574,-1.7782998709028837,-0.0011127465911731221
7.157,-0.23673670220615547,-1.383570151532192,-0.17970322063652122,-1.7765438259638042,-0.0011127465911731221
7.158,-0.23811910183396964,-1.3812268301381674,-0.1814780101735909,-1.7747895370696638,-0.0011127465911731221
7.159,-0.23949915132237976,-1.3788698765929557,-0.1832510471760553,-1.7730370024644175,-0.0011127465911731221
7.16,-0.24087683705085755,-1.3764993141587318,-0.18502223694698242,-1.7711897709271112,0.0037097267421012242
7.1610000000000005,-0.2422521454221996,-1.3741151662319921,-0.18679158133360377,-1.769344386621342,0.0037097267421012242
7.162,-0.24362506286266591,-1.3717174563433172,-0.18855908218130366,-1.7675008476998788,0.0037097267421012242
7.163,-0.24499557582211873,-1.3693062081571303,-0.19032474133362098,-1.7656591523173368,0.0037097267421012242
7.164000000000001,-0.24636367077414692,-1.3668814454714804,-0.19208856063225116,-1.7638192986301775,0.0037097267421012242
7.165,-0.24772933421620405,-1.3644431922177986,-0.1938504454858876,-1.761884853636431,0.008531284755807875
7.166,-0.24909255266974484,-1.3619914724606574,-0.19561039782897527,-1.7599523430876785,0.008531284755807875
7.167,-0.25045331268035503,-1.3595263103975388,-0.19736841959402474,-1.7580217650494747,0.008531284755807875
7.168,-0.2518116008178797,-1.357047730358602,-0.19912451271161405,-1.756093117589309,0.008531284755807875
7.1690000000000005,-0.2531674036765662,-1.3545557568064261,-0.20087867911039065,-1.7541663987766036,0.008531284755807875
7.17,-0.2545207078751847,-1.35205041433579,-0.2026308243280124,-1.752145217621774,0.013350737802655915
7.171,-0.25587150005717224,-1.3495317276734062,-0.2043809503856605,-1.750126057648099,0.013350737802655915
7.172,-0.25721976689075216,-1.3469997216777012,-0.2061290593024949,-1.7481089168343977,0.013350737802655915
7.173,-0.25856549506907817,-1.3444544213385459,-0.2078751530956564,-1.7460937931615101,0.013350737802655915
7.174,-0.259908671310355,-1.3418958517770305,-0.2096192337802687,-1.7440806846122956,0.013350737802655915
7.175,-0.26124928235797384,-1.339324038245206,-0.2113612070462613,-1.741973265992589,0.018166896754716555
7.176,-0.26258731498064797,-1.3367390061258282,-0.2131010750010528,-1.7398679547915021,0.018166896754716555
7.1770000000000005,-0.263922755972534,-1.3341407809321233,-0.2148388397499544,-1.7377647489016164,0.018166896754716555
7.178,-0.26525559215336697,-1.331529388307528,-0.21657450339617204,-1.7356636462176205,0.018166896754716555
7.179,-0.2665858103685949,-1.3289048540254271,-0.21830806804080835,-1.7335646446363084,0.018166896754716555
7.18,-0.2679133974894981,-1.326267203988921,-0.22003943954933408,-1.7313715085257353,0.022978573296836724
7.181,-0.26923834041332906,-1.3236164642305468,-0.22176862011488535,-1.7291805655512729,0.022978573296836724
7.182,-0.27056062606343756,-1.3209526609120334,-0.22349561192840514,-1.7269918135197848,0.022978573296836724
7.183,-0.27188024138939504,-1.3182758203240499,-0.22522041717864547,-1.7248052502403284,0.022978573296836724
7.184,-0.273197173367134,-1.3155859688859264,-0.22694303805216962,-1.7226208735241513,0.022978573296836724
7.1850000000000005,-0.274511408999066,-1.3128831331454136,-0.22866338061321584,-1.7203425610462306,0.027784580219828506
7.186,-0.2758229353142144,-1.3101673397784117,-0.23038144714009662,-1.7180665268807878,0.027784580219828506
7.187,-0.277131739368347,-1.3074386155886992,-0.23209723990884612,-1.7157927687495105,0.027784580219828506
7.188,-0.27843780824409314,-1.3046969875076884,-0.23381076119322247,-1.7135212843763643,0.027784580219828506
7.189,-0.2797411290510833,-1.3019424825941355,-0.23552201326471006,-1.7112520714875914,0.027784580219828506
7.19,-0.28104168892606574,-1.2991751280338946,-0.2372309024094919,-1.708889144781836,0.03258373171339769
7.191,-0.28233947503303813,-1.296394951139641,-0.2389374309904947,-1.7065285810027861,0.03258373171339769
7.192,-0.28363447456337854,-1.2936019793505926,-0.24064160136828222,-1.7041703777875155,0.03258373171339769
7.1930000000000005,-0.28492667473596284,-1.2907962402322564,-0.24234341590105768,-1.70181453277546,0.03258373171339769
7.194,-0.28621606279729556,-1.2879777614761476,-0.2440428769446661,-1.6994610436084165,0.03258373171339769
7.195,-0.2875026260216386,-1.285146570899511,-0.24573989103035773,-1.6970140856916336,0.03737484365872662
7.196,-0.28878635171113376,-1.2823026964450508,-0.2474344606050905,-1.6945695747327674,0.03737484365872662
7.197,-0.2900672271959238,-1.2794461661806664,-0.24912658811337535,-1.6921275082848601,0.03737484365872662
7.198,-0.29134523983428784,-1.276577008299152,-0.25081627599727874,-1.6896878839034009,0.03737484365872662
7.199,-0.29262037701275406,-1.273695251117944,-0.25250352669642506,-1.687250699146323,0.03737484365872662
7.2,-0.29389262614623624,-1.2708009230788155,-0.2541882470101938,-1.684720313768764,0.04215673392062988
7.2010000000000005,-0.29516197467814753,-1.2678940527476197,-0.2558704394689704,-1.6821924587765826,0.04215673392062988
7.202,-0.2964284100805291,-1.2649746688139958,-0.25755010660060984,-1.6796671316393934,0.04215673392062988
7.203,-0.2976919198541776,-1.2620428000910784,-0.2592272509304392,-1.6771443298293414,0.04215673392062988
7.204,-0.29895249152875875,-1.2590984755152348,-0.2609018749812603,-1.6746240508210994,0.04215673392062988
7.205,-0.300210112662942,-1.256141724145753,-0.26257388584357777,-1.6720108623174936,0.04692822263924043
7.206,-0.30146477084451295,-1.253172575164579,-0.2642432861305802,-1.6694002870023914,0.04692822263924043
7.207,-0.3027164536905005,-1.2501910578760178,-0.26591007845284276,-1.6667923222626042,0.04692822263924043
7.208,-0.30396514884730313,-1.247197201706434,-0.2675742654183303,-1.6641869654875567,0.04692822263924043
7.2090000000000005,-0.3052108439908009,-1.2441910362039872,-0.2692358496323996,-1.6615842140692845,0.04692822263924043
7.21,-0.3064535268264885,-1.2411725910383098,-0.2708947384996044,-1.658888867204793,0.051688132521114566
7.211,-0.30769318508958526,-1.238141896000244,-0.27255093471529157,-1.656196215687166,0.051688132521114566
7.212,-0.3089298065451659,-1.2350989810015225,-0.2742044409721126,-1.6535062568210563,0.051688132521114566
7.213,-0.3101633789882774,-1.2320438760744845,-0.2758552599600264,-1.650818987913813,0.051688132521114566
7.214,-0.3113938902440562,-1.2289766113717864,-0.2775033943663019,-1.648134406275477,0.051688132521114566
7.215,-0.3126213281678518,-1.2258972171660953,-0.2791487519323885,-1.6453575660866073,0.056435289129714655
7.216,-0.31384568064535007,-1.2228057238497818,-0.2807913354351264,-1.6425835027379265,0.056435289129714655
7.2170000000000005,-0.315066935592685,-1.2197021619346409,-0.282431147648579,-1.6398122134525943,0.056435289129714655
7.218,-0.3162850809565619,-1.2165865620515786,-0.28406819134403555,-1.6370436954565475,0.056435289129714655
7.219,-0.3175001047143806,-1.2134589549503012,-0.285702469290014,-1.6342779459784966,0.056435289129714655
7.22,-0.3187119948743444,-1.2103193714990355,-0.287333889587623,-1.6314202976090146,0.061168521175177654
7.221,-0.31992073947558936,-1.2071678426841947,-0.2889624550945109,-1.6285655068879021,0.061168521175177654
7.222,-0.32112632658829293,-1.2040043996101004,-0.29058816866546844,-1.6257135709575108,0.061168521175177654
7.223,-0.32232874431379566,-1.2008290734986617,-0.29221103315243147,-1.6228644869630497,0.061168521175177654
7.224,-0.3235279807847214,-1.197641895689062,-0.29383105140448407,-1.6200182520525832,0.061168521175177654
7.2250000000000005,-0.32472402416509166,-1.1944428976374555,-0.2954481319050685,-1.6170805005844642,0.06588666080332312
7.226,-0.32591686265043845,-1.1912321109166693,-0.2970622775919363,-1.6141456868678132,0.06588666080332312
7.227,-0.3271064844679302,-1.1880095672158644,-0.2986734913999012,-1.611213807964879,0.06588666080332312
7.228,-0.32829287787647715,-1.1847752983402537,-0.300281776260842,-1.6082848609408478,0.06588666080332312
7.229,-0.329476031166858,-1.181529336210758,-0.30188713510370585,-1.6053588428638406,0.06588666080332312
7.23,-0.3306559326618261,-1.1782717128637163,-0.3034894768168491,-1.6023417131433009,0.07058854388379679
7.231,-0.3318325707162286,-1.1750024604505602,-0.3050888044174016,-1.5993276005524817,0.07058854388379679
7.232,-0.3330059337171258,-1.171721611237483,-0.30668512091947586,-1.5963165020742534,0.07058854388379679
7.2330000000000005,-0.3341760100838971,-1.1684291976051464,-0.3082784293341704,-1.5933084146945031,0.07058854388379679
7.234,-0.33534278826835984,-1.165125252048347,-0.3098687326695725,-1.5903033354021328,0.07058854388379679
7.235,-0.3365062567548871,-1.1618098071756862,-0.31145594024143325,-1.5872075718607845,0.07527301029730474
7.236,-0.3376664040605119,-1.1584828957092739,-0.31304005514551625,-1.5841149040829776,0.07527301029730474
7.237,-0.3388232187350514,-1.1551445504843758,-0.3146210804744892,-1.5810253289729486,0.07527301029730474
7.238,-0.3399766893612092,-1.1517948044491186,-0.31619901931792727,-1.5779388434380295,0.07527301029730474
7.239,-0.34112680455469835,-1.1484336906641364,-0.3177738747623159,-1.5748554443886453,0.07527301029730474
7.24,-0.34227355296434375,-1.1450612423022726,-0.3193455565731757,-1.5716818108598196,0.0799389042218561
7.2410000000000005,-0.34341692327220413,-1.1416774926482232,-0.32091406792414023,-1.5685113509645228,0.0799389042218561
7.242,-0.3445569041936735,-1.138282475098239,-0.3224794119856694,-1.5653440615291212,0.0799389042218561
7.243,-0.34569348447760306,-1.134876223159765,-0.32404159192505255,-1.562179939383155,0.0799389042218561
7.244,-0.34682665290640163,-1.1314587704511403,-0.3256006109064119,-1.5590189813593347,0.0799389042218561
7.245,-0.3479563982961569,-1.128030150701236,-0.3271563791673015,-1.5557682608896166,0.08458507441793964
7.246,-0.3490827094967366,-1.1245903977491485,-0.3287088999584419,-1.5525207911403682,0.08458507441793964
7.247,-0.3502055753919027,-1.1211395455438544,-0.33025817652730277,-1.5492765688608692,0.08458507441793964
7.248,-0.35132498489942476,-1.1176776281438643,-0.3318042121181064,-1.5460355908036496,0.08458507441793964
7.2490000000000006,-0.3524409269711814,-1.114204679716909,-0.33334700997183087,-1.542797853724487,0.08458507441793964
7.25,-0.3535533905932738,-1.1107207345395915,-0.3348864808202114,-1.5394708483805108,0.08921037451258282
7.251,-0.3546623647861375,-1.1072258269970363,-0.33642262799025324,-1.5361471700418787,0.08921037451258282
7.252,-0.35576783860464256,-1.103719991582578,-0.3379554548056348,-1.5328268153815852,0.08921037451258282
7.253,-0.3568698011382111,-1.1002032628973881,-0.3394849645867108,-1.529509781075952,0.08921037451258282
7.2540000000000004,-0.35796824151091533,-1.0966756756501677,-0.3410111606505154,-1.5261960638046244,0.08921037451258282
7.255,-0.35906314888159346,-1.0931372646567745,-0.34253395424499056,-1.5227935944751758,0.09381366328219881
7.256,-0.360154512443953,-1.0895880648398923,-0.3440533487726056,-1.5193945276150567,0.09381366328219881
7.257000000000001,-0.36124232142667506,-1.086028111228695,-0.3455693476324274,-1.5159988598217977,0.09381366328219881
7.258,-0.3623265650935228,-1.082457438958491,-0.3470819542201237,-1.512606587696332,0.09381366328219881
7.259,-0.36340723274345144,-1.078876083270366,-0.34859117192796674,-1.5092177078429916,0.09381366328219881
7.26,-0.3644843137107051,-1.0752840795108634,-0.3500969125420032,-1.5057406140364653,0.09839380493416172
7.261,-0.36555779736493194,-1.0716814631316016,-0.35159917953932696,-1.5022669973237457,0.09839380493416172
7.2620000000000005,-0.3666276731112804,-1.0680682696889539,-0.35309797639355467,-1.4987968542277388,0.09839380493416172
7.263,-0.3676939303905077,-1.064444534843685,-0.3545933065748295,-1.4953301812748279,0.09839380493416172
7.264,-0.36875655867908724,-1.0608102943605868,-0.3560851735498244,-1.4918669749948699,0.09839380493416172
7.265000000000001,-0.3698155474893056,-1.0571655841081498,-0.3575734896644565,-1.488316114632134,0.10294966938705355
7.266,-0.37087088636936977,-1.0535104400581967,-0.3590582584695863,-1.4847688051297607,0.10294966938705355
7.267,-0.371922564903512,-1.0498448982855197,-0.3605394835125232,-1.4812250429368898,0.10294966938705355
7.268,-0.3729705727120911,-1.046168994967532,-0.3620171683370294,-1.477684824506212,0.10294966938705355
7.269,-0.3740148994516906,-1.0424827663839236,-0.3634913164833234,-1.4741481462939647,0.10294966938705355
7.2700000000000005,-0.37505553481522963,-1.0387862489162742,-0.36496184087882005,-1.470524395496681,0.10748013254949465
7.271,-0.3760924685320549,-1.035079479047727,-0.36642874514727025,-1.4669042684501943,0.10748013254949465
7.272,-0.37712569036805166,-1.031362493362596,-0.367892032908801,-1.4632877615307542,0.10748013254949465
7.273000000000001,-0.37815519012573623,-1.0276353285460333,-0.36935170777991927,-1.4596748711182337,0.10748013254949465
7.274,-0.37918095764436055,-1.0238980213836555,-0.3708077733735154,-1.4560655935961255,0.10748013254949465
7.275,-0.38020298280001563,-1.0201506087611665,-0.37226014321998596,-1.4523698464705797,0.11198407659748724
7.276,-0.38122125550572344,-1.0163931276640246,-0.37370882101507813,-1.4486777950921592,0.11198407659748724
7.277,-0.3822357657115458,-1.0126256151770432,-0.37515381045084323,-1.4449894357651174,0.11198407659748724
7.2780000000000005,-0.3832465034046754,-1.0088481084840533,-0.37659511521564065,-1.4413047647974024,0.11198407659748724
7.279,-0.3842534586095382,-1.0050606448675257,-0.3780327389941413,-1.4376237785006554,0.11198407659748724
7.28,-0.385256621387895,-1.001263261708188,-0.37946659594105847,-1.43385694691715,0.11646039025023278
7.281000000000001,-0.38625598183893195,-0.9974559964846882,-0.3808966898232237,-1.4300938821652283,0.11646039025023278
7.282,-0.3872515300993672,-0.9936388867731878,-0.3823230244037018,-1.4263345804780583,0.11646039025023278
7.283,-0.38824325634353896,-0.9898119702470277,-0.38374560344179437,-1.4225790380925756,0.11646039025023278
7.284,-0.3892311507835107,-0.9859752846763244,-0.38516443069304385,-1.4188272512494784,0.11646039025023278
7.285,-0.3902152036691644,-0.9821288679276113,-0.3865794209576612,-1.4149902646173425,0.120907969044319
7.2860000000000005,-0.3911954052882941,-0.9782727579634733,-0.38799057807263304,-1.4111571149718387,0.120907969044319
7.287,-0.39217174596670445,-0.9744069928421634,-0.389397905871109,-1.4073277984759804,0.120907969044319
7.288,-0.39314421606830935,-0.9705316107172137,-0.3908014081824056,-1.403502311296618,0.120907969044319
7.289000000000001,-0.3941128059952204,-0.9666466498370855,-0.39220108883201005,-1.3996806496044352,0.120907969044319
7.29,-0.395077506187845,-0.962752148544779,-0.3935968632866528,-1.3957744546427062,0.125325715606227
7.291,-0.3960383071249838,-0.9588481452774406,-0.3949887354525287,-1.391872165875939,0.125325715606227
7.292,-0.3969951993239173,-0.9549346785660155,-0.39637670923192664,-1.3879737793979385,0.125325715606227
7.293,-0.3979481733405081,-0.9510117870348311,-0.39776078852323304,-1.3840792913064162,0.125325715606227
7.2940000000000005,-0.3988972197692861,-0.9470795094012479,-0.39914097722093606,-1.3801886977029851,0.125325715606227
7.295,-0.3998423292435453,-0.9431378844752627,-0.4005171914791429,-1.3762142582068202,0.12971253992309825
7.296,-0.40078349243543876,-0.9391869511591133,-0.40188943527229304,-1.3722437931501514,0.12971253992309825
7.297,-0.4017207000560637,-0.9352267484469258,-0.4032577125708516,-1.3682772985585394,0.12971253992309825
7.298,-0.4026539428555603,-0.9312573154242973,-0.4046220273413131,-1.3643147704615188,0.12971253992309825
7.299,-0.40358321162319993,-0.9272786912679248,-0.4059823835462057,-1.3603562048925955,0.12971253992309825
7.3,-0.40450849718747295,-0.9232909152452317,-0.4073386980477012,-1.3563145014954694,0.13406735961167462
7.301,-0.40542979041618643,-0.9192940267139482,-0.4086909748875029,-1.3522768398017404,0.13406735961167462
7.3020000000000005,-0.40634708221654714,-0.915288065121755,-0.4100392181032726,-1.348243215769705,0.13406735961167462
7.303,-0.40726036353525424,-0.9112730700058804,-0.4113834317286343,-1.3442136253617019,0.13406735961167462
7.304,-0.408169625358592,-0.907249080992696,-0.4127236197931784,-1.3401880645441067,0.13406735961167462
7.305,-0.40907485871251115,-0.9032161377973581,-0.41405969988765423,-1.3360800944758553,0.13838910018535908
7.306,-0.4099760546627261,-0.8991742802233786,-0.4153916761200319,-1.3319762323776723,0.13838910018535908
7.307,-0.4108732043147955,-0.8951235481622647,-0.4167195525941735,-1.3278764741415874,0.13838910018535908
7.308,-0.4117662988142135,-0.8910639815931111,-0.41804333340983724,-1.3237808156637385,0.13838910018535908
7.309,-0.41265532934650007,-0.8869956205821914,-0.4193630226626816,-1.3196892528443676,0.13838910018535908
7.3100000000000005,-0.41354028713728064,-0.8829185052825961,-0.42067853869236677,-1.3155160296851365,0.14267669531933339
7.311,-0.4144211634523811,-0.8788326759337974,-0.4219898856721158,-1.3113469797490647,0.14267669531933339
7.312,-0.4152979495979059,-0.8747381728612911,-0.42329706777097875,-1.307182098862929,0.14267669531933339
7.313,-0.41617063692033074,-0.8706350364761647,-0.42460008915383646,-1.3030213828576793,0.14267669531933339
7.314,-0.41703921680658507,-0.8665233072747133,-0.42589895398140487,-1.298864827568435,0.14267669531933339
7.315,-0.4179036806841351,-0.8624030258380488,-0.4271935813624035,-1.2946273809985933,0.1469290871136554
7.316,-0.4187640200210702,-0.85827423283169,-0.4284839755342788,-1.2903941718753216,0.1469290871136554
7.317,-0.41962022632619067,-0.8541369690051478,-0.42977014073024,-1.286165195961173,0.1469290871136554
7.3180000000000005,-0.4204722911490848,-0.8499912751915504,-0.4310520811792629,-1.2819404490229387,0.1469290871136554
7.319,-0.4213202060802158,-0.8458371923072272,-0.43232980110609454,-1.2777199268316426,0.1469290871136554
7.32,-0.4221639627510077,-0.8416747613512894,-0.43360322040847227,-1.2734193023777254,0.15114522635427963
7.321,-0.4230035528339207,-0.8375040234052594,-0.4348723433870205,-1.269122978548262,0.15114522635427963
7.322,-0.4238389680425417,-0.8333250196326281,-0.43613717433806315,-1.264830951042628,0.15114522635427963
7.323,-0.42467020013165874,-0.8291377912784796,-0.43739771755362766,-1.2605432155644998,0.15114522635427963
7.324,-0.42549724089734586,-0.8249423796690727,-0.4386539773214495,-1.2562597678218497,0.15114522635427963
7.325,-0.4263200821770465,-0.8207388262114161,-0.4399058743480481,-1.2518970265985891,0.1553240727719361
7.3260000000000005,-0.4271387158496474,-0.8165271723928955,-0.4411534129961647,-1.2475386481165518,0.1553240727719361
7.327,-0.4279531338355658,-0.8123074597808287,-0.44239659762417766,-1.2431846280129966,0.1553240727719361
7.328,-0.4287633280968259,-0.8080797300220708,-0.4436354325861072,-1.238834961929545,0.1553240727719361
7.329,-0.42956929063713545,-0.8038440248426173,-0.44486992223161936,-1.2344896455121765,0.1553240727719361
7.33,-0.43037101350197143,-0.799600386047159,-0.44609998809558005,-1.2300658639606883,0.1594645952988011
7.331,-0.431168488778652,-0.7953488555187019,-0.44732563460177077,-1.2256465061907516,0.1594645952988011
7.332,-0.4319617085964172,-0.7910894752181412,-0.44854686616954936,-1.2212315677785848,0.1594645952988011
7.333,-0.43275066512650945,-0.7868222871838307,-0.4497636872138542,-1.2168210443048302,0.1594645952988011
7.3340000000000005,-0.43353535058224535,-0.782547333531199,-0.4509761021452087,-1.2124149313545494,0.1594645952988011
7.335,-0.4343157572190955,-0.7782646564523172,-0.45218403334618545,-1.207931200976737,0.1635657723228961
7.336,-0.43509187733476307,-0.7739742982154695,-0.45338748530051476,-1.2034519543293023,0.1635657723228961
7.337,-0.43586370326925417,-0.7696763011647694,-0.4545864624874433,-1.198977186928515,0.1635657723228961
7.338,-0.4366312274049602,-0.7653707077197027,-0.4557809693817384,-1.1945068942951287,0.1635657723228961
7.339,-0.4373944421667269,-0.7610575603747436,-0.45697101045369276,-1.1900410719543757,0.1635657723228961
7.34,-0.43815334002193185,-0.7567369016989197,-0.45815650895273635,-1.1854984990436181,0.1676265919401586
7.341,-0.4389079134805604,-0.7524087743353833,-0.4593374694214421,-1.1809604687057713,0.1676265919401586
7.3420000000000005,-0.43965815509527806,-0.7480732210009988,-0.46051389639784035,-1.1764269763982624,0.1676265919401586
7.343,-0.4404040574615013,-0.7437302844859375,-0.4616857944154234,-1.171898017583061,0.1676265919401586
7.344,-0.4411456132174765,-0.7393800076532194,-0.4628531680031501,-1.1673735877266747,0.1676265919401586
7.345,-0.4418828150443461,-0.7350224334383305,-0.46401594129624496,-1.1627732930948658,0.17164605220411114
7.346,-0.44261565566622735,-0.7306576048487592,-0.46517411889500265,-1.1581775987576888,0.17164605220411114
7.347,-0.4433441278502784,-0.7262855649636063,-0.4663277053951175,-1.1535865001148489,0.17164605220411114
7.348,-0.44406822440677196,-0.7219063569331455,-0.46747670538768815,-1.1489999925706518,0.17164605220411114
7.349,-0.444787938189169,-0.7175200239783823,-0.46862112345922213,-1.1444180715339989,0.17164605220411114
7.3500000000000005,-0.44550326209418434,-0.7131266093906571,-0.46976088464945714,-1.1397611902350033,0.17562316137307812
7.351,-0.4462141890618589,-0.708726156531203,-0.47089599361527446,-1.1351089658173068,0.17562316137307812
7.352,-0.4469207120756322,-0.704318708830703,-0.4720264550088985,-1.130461393624028,0.17562316137307812
7.353,-0.4476228241624057,-0.6999043097888971,-0.47315227347790145,-1.1258184690029425,0.17562316137307812
7.354,-0.44832051839261816,-0.6954830029741114,-0.47427345366520796,-1.121180187306478,0.17562316137307812
7.355,-0.4490137878803076,-0.691054832022869,-0.475389921533564,-1.1164678683560738,0.17955693815488338
7.356,-0.4497026257831849,-0.6866198406394247,-0.4765016817952886,-1.11176026172462,0.17955693815488338
7.357,-0.45038702530269875,-0.682178072595348,-0.4776087391579884,-1.1070573626997977,0.17955693815488338
7.3580000000000005,-0.4510669796841015,-0.6777295717291012,-0.4787110983245624,-1.1023591665740002,0.17955693815488338
7.359,-0.451742482216517,-0.6732743819455969,-0.4798087639932067,-1.0976656686443285,0.17955693815488338
7.36,-0.45241352623300973,-0.6688125472157497,-0.4809016630679434,-1.092899074736705,0.18344641194896757
7.361,-0.45308010511064445,-0.664344111576077,-0.4819898003153664,-1.088137247422989,0.18344641194896757
7.362,-0.45374221227055833,-0.6598691191282247,-0.483073180497303,-1.0833801819365865,0.18344641194896757
7.363,-0.45439984117802024,-0.6553876140385664,-0.48415180837081867,-1.0786278735156705,0.18344641194896757
7.364,-0.45505298534249766,-0.6508996405377533,-0.48522568868822186,-1.0738803174031755,0.18344641194896757
7.365,-0.45570163831772276,-0.6464052429202618,-0.4862947493128459,-1.0690606246240548,0.1872906230858723
7.3660000000000005,-0.4563457937017519,-0.6419044655439871,-0.4873589950643836,-1.0642457515377133,0.1872906230858723
7.367,-0.45698544513703065,-0.6373973528297899,-0.4884184307577081,-1.0594356933244582,0.1872906230858723
7.368,-0.45762058631045915,-0.6328839492610429,-0.4894730612028775,-1.0546304451694164,0.1872906230858723
7.369,-0.45825121095344895,-0.6283642993832272,-0.49052289120514003,-1.0498300022625295,0.1872906230858723
7.37,-0.4588773128419901,-0.6238384478034578,-0.49156784960493904,-1.0449583997989866,0.19108862306402133
7.371,-0.45949888579671055,-0.6193064391900571,-0.49260794127387697,-1.0400916689379072,0.19108862306402133
7.372,-0.4601159236829347,-0.6147683182721309,-0.49364317107868466,-1.035229804807689,0.19108862306402133
7.373,-0.460728420410749,-0.6102241298390901,-0.49467354388122625,-1.0303728025416008,0.19108862306402133
7.3740000000000006,-0.46133636993505756,-0.6056739187402453,-0.49569906453850404,-1.0255206572777789,0.19108862306402133
7.375,-0.46193976625564315,-0.6011177298843482,-0.49671966288562885,-1.020598347124826,0.194839474783751
7.376,-0.4625386034172291,-0.596555608239133,-0.49773534384491086,-1.0156809592820262,0.194839474783751
7.377,-0.463132875509533,-0.5919875988309088,-0.49874611233373795,-1.0107684888270692,0.194839474783751
7.378,-0.46372257666733063,-0.5874137467440741,-0.49975197326458054,-1.005860930842567,0.194839474783751
7.3790000000000004,-0.46430770107050895,-0.5828340971207076,-0.5007529315449966,-1.0009582804160495,0.194839474783751
7.38,-0.4648882429441256,-0.5782486951601074,-0.5017489180220767,-0.9959864770800629,0.19854225277852453
7.381,-0.46546419655846805,-0.573657586118329,-0.502739937667624,-0.9910196455474124,0.19854225277852453
7.382000000000001,-0.466035556229106,-0.5690608153077708,-0.5037259954484703,-0.9860577808462945,0.19854225277852453
7.383,-0.46660231631694943,-0.5644584280967097,-0.5047070963264801,-0.9811008780098777,0.19854225277852453
7.384,-0.4671644712283058,-0.5598504699088444,-0.5056832452585565,-0.9761489320762973,0.19854225277852453
7.385,-0.4677220154149331,-0.5552369862228618,-0.5066543741208318,-0.9711288622753554,0.2021960434432774
7.386,-0.46827494337409586,-0.5506180225719783,-0.507620487933376,-0.9661138125442146,0.2021960434432774
7.3870000000000005,-0.4688232496486178,-0.5459936245435055,-0.5085815917112388,-0.9611037778628048,0.2021960434432774
7.388,-0.4693669288269367,-0.5413638377783903,-0.509537690464455,-0.9560987532160764,0.2021960434432774
7.389,-0.46990597554315977,-0.5367287079707482,-0.510488789198049,-0.9510987335939948,0.2021960434432774
7.390000000000001,-0.4704403844771129,-0.5320882808674448,-0.5114348208340042,-0.946031635955204,0.20579994525983714
7.391,-0.47097015035439516,-0.5274426022676271,-0.5123757904394182,-0.9409696054140521,0.20579994525983714
7.392,-0.4714952679464324,-0.522791718022257,-0.5133117030763216,-0.9359126369034413,0.20579994525983714
7.393,-0.47201573207052466,-0.5181356740336948,-0.5142425638016829,-0.9308607253613411,0.20579994525983714
7.394,-0.47253153758990246,-0.5134745162552045,-0.5151683776674136,-0.9258138657307831,0.20579994525983714
7.3950000000000005,-0.473042679413773,-0.5088082906905368,-0.5160890786578983,-0.9207009904846651,0.2093530690193552
7.396,-0.4735491524973721,-0.5041370433934593,-0.5170046718860121,-0.9155932281137934,0.2093530690193552
7.397,-0.47405095184201623,-0.49946082046728685,-0.5179151624595174,-0.9104905735052925,0.2093530690193552
7.398000000000001,-0.4745480724951472,-0.494779668064462,-0.5188205554810688,-0.9053930215514001,0.2093530690193552
7.399,-0.47504050955038546,-0.49009363238606407,-0.5197208560482183,-0.9003005671494616,0.2093530690193552
7.4,-0.47552825814757665,-0.485402759681368,-0.5206159992240398,-0.895143175821478,0.2128545380417113
7.401,-0.47601131347283787,-0.4807070962474042,-0.5215059901659246,-0.8899909418848222,0.2128545380417113
7.402,-0.4764896707586092,-0.4760066884284644,-0.5223908340261066,-0.8848438601821031,0.2128545380417113
7.4030000000000005,-0.47696332528369684,-0.47130158261568145,-0.5232705359516677,-0.8797019255610868,0.2128545380417113
7.404,-0.47743227237332125,-0.46659182524655557,-0.5241451010845424,-0.8745651328746915,0.2128545380417113
7.405,-0.47789650739916506,-0.46187746280447994,-0.5250144655825164,-0.8693644979739804,0.2163034883918181
7.406000000000001,-0.47835602577941544,-0.45715854181831395,-0.5258786346462245,-0.86416906370817,0.2163034883918181
7.407,-0.47881082297881106,-0.4524351088619078,-0.5267376134711012,-0.8589788248766255,0.2163034883918181
7.408,-0.4792608945086881,-0.44770721055362744,-0.5275914072473851,-0.8537937762839125,0.2163034883918181
7.409,-0.4797062359270213,-0.44297489355593084,-0.5284400211601249,-0.8486139127397923,0.2163034883918181
7.41,-0.48014684283847164,-0.4382382045748658,-0.5292833924775701,-0.8433713174451968,0.21969906909278444
7.4110000000000005,-0.4805827108944263,-0.4334971903596454,-0.5301215264423159,-0.8381339647458959,0.21969906909278444
7.412,-0.48101383579304297,-0.4287518977021715,-0.5309544282917152,-0.8329018493992942,0.21969906909278444
7.413,-0.4814402132792936,-0.4240023734365614,-0.5317821032578833,-0.8276749661680393,0.21969906909278444
7.414000000000001,-0.48186183914500486,-0.41924866443869685,-0.5326045565677033,-0.8224533098200155,0.21969906909278444
7.415,-0.48227870922889876,-0.41449081762577705,-0.5334217266153668,-0.8171700476634779,0.2230404423358807
7.416,-0.4826908194166369,-0.4097288799558187,-0.5342336186841359,-0.8118920687690968,0.2230404423358807
7.417,-0.48309816564085706,-0.4049628984272349,-0.5350402380519895,-0.8066193678536101,0.2230404423358807
7.418,-0.48350074388121744,-0.40019292007832824,-0.5358415899916286,-0.8013519396390388,0.2230404423358807
7.4190000000000005,-0.48389855016443284,-0.39541899198686487,-0.5366376797704813,-0.7960897788526822,0.2230404423358807
7.42,-0.4842915805643154,-0.39064116126959314,-0.5374284469238814,-0.7907671534000843,0.2263267836872584
7.421,-0.4846798312018147,-0.38585947508176244,-0.5382138967744543,-0.785449850572939,0.2263267836872584
7.422000000000001,-0.4850632982450532,-0.3810739806166904,-0.5389940346395029,-0.7801378650486209,0.2263267836872584
7.423,-0.4854419779093655,-0.376284725105281,-0.5397688658310127,-0.7748311915098272,0.2263267836872584
7.424,-0.48581586645733715,-0.3714917558155416,-0.5405383956556573,-0.7695298246445722,0.2263267836872584
7.425,-0.4861849601988382,-0.36669512005215504,-0.5413025648048314,-0.7641691491741004,0.22955728229136332
7.426,-0.4865492554910634,-0.36189486515596897,-0.5420613786392106,-0.758813834379099,0.22955728229136332
7.4270000000000005,-0.4869087487385643,-0.35709103850357204,-0.5428148425141095,-0.7534638748988927,0.22955728229136332
7.428,-0.48726343639328823,-0.3522836875067886,-0.5435629617794877,-0.7481192653781665,0.22955728229136332
7.429,-0.4876133149546116,-0.34747285961222674,-0.5443057417799547,-0.7427800004669611,0.22955728229136332
7.43,-0.48795838096937333,-0.3426586023008264,-0.5450431243775998,-0.7373825976450741,0.2327311410710032
7.431,-0.4882986310319121,-0.3378409630873528,-0.5457751149698259,-0.7319905922260089,0.2327311410710032
7.432,-0.48863406178409674,-0.3330199895199654,-0.5465017189486383,-0.7266039788123628,0.2327311410710032
7.433,-0.4889646699153607,-0.3281957291797325,-0.5472229417006504,-0.7212227520121304,0.2327311410710032
7.434,-0.489290452162736,-0.32336822968014517,-0.5479387886070891,-0.7158469064386982,0.2327311410710032
7.4350000000000005,-0.489611405310883,-0.3185375386666799,-0.5486492027150829,-0.7104141079937791,0.23584757692401775
7.436,-0.4899275261921234,-0.3137037038163122,-0.5493541894574302,-0.704986742347305,0.23584757692401775
7.437,-0.49023881168647226,-0.30886677283702973,-0.5500537542614967,-0.6995648040664773,0.23584757692401775
7.438,-0.49054525872166693,-0.30402679346739936,-0.5507479025492207,-0.6941482877239304,0.23584757692401775
7.439,-0.49084686427319946,-0.29918381347605266,-0.5514366397371184,-0.6887371878977262,0.23584757692401775
7.44,-0.4911436253643445,-0.29433788066125227,-0.5521199100714099,-0.6832703342914986,0.23890582091648999
7.441,-0.4914355390661896,-0.2894890428504042,-0.5527977190189488,-0.6778089475388773,0.23890582091648999
7.442,-0.49172260249766464,-0.28463734789957473,-0.5534700720411219,-0.6723530221730086,0.23890582091648999
7.4430000000000005,-0.49200481282556985,-0.27978284369302875,-0.5541369745938544,-0.6669025527325059,0.23890582091648999
7.444,-0.4922821672646025,-0.2749255781427739,-0.5547984321276158,-0.6614575337614436,0.23890582091648999
7.445,-0.4925546630773869,-0.27006559918804923,-0.555454390101474,-0.6559579738582326,0.24190511847247617
7.446,-0.4928222975744988,-0.2652029547948959,-0.556104854014989,-0.6504639135149248,0.24190511847247617
7.447,-0.4930850681144943,-0.2603376929556401,-0.556749829362221,-0.6449753472319604,0.24190511847247617
7.448,-0.4933429721039341,-0.2554698616884574,-0.5573893216317363,-0.6394922695152789,0.24190511847247617
7.449,-0.49359600699740946,-0.25059950903688266,-0.5580233363066126,-0.6340146748763141,0.24190511847247617
7.45,-0.4938441702975689,-0.24572668306931936,-0.5586518200722228,-0.6284837656102341,0.24484472956018588
7.4510000000000005,-0.4940874595551404,-0.24085143187859803,-0.5592747784594763,-0.6229583872534201,0.24484472956018588
7.452,-0.494325872368957,-0.23597380358148518,-0.5598922169937512,-0.617438534274963,0.24484472956018588
7.453,-0.494559406385981,-0.23109384631819202,-0.5605041411949008,-0.6119242011494843,0.24484472956018588
7.454,-0.4947880593013254,-0.22621160825193753,-0.561110556577258,-0.6064153823571311,0.24484472956018588
7.455,-0.4950118288582788,-0.2213271375684294,-0.5617114110656553,-0.6008544883972826,0.24772392887456876
7.456,-0.49523071284832554,-0.21644048247543238,-0.5623067102209867,-0.595299155331394,0.24772392887456876
7.457,-0.4954447091111694,-0.2115516912022484,-0.5628964595985853,-0.5897493775985713,0.24772392887456876
7.458,-0.4956538155347532,-0.2066608119992846,-0.5634806647482288,-0.5842051496434814,0.24772392887456876
7.4590000000000005,-0.49585803005528145,-0.20176789313753318,-0.5640593312141451,-0.5786664659163465,0.24772392887456876
7.46,-0.49605735065723877,-0.196872982908139,-0.5646324081734752,-0.5730769593301047,0.25054200601627485
7.461,-0.49625177537341186,-0.19197612962187888,-0.5651999012157256,-0.5674930422504492,0.25054200601627485
7.462,-0.4964413022849067,-0.1870773816087288,-0.5657618159248134,-0.5619147090878732,0.25054200601627485
7.463,-0.4966259295211697,-0.18217678721734293,-0.5663181578790719,-0.5563419542584599,0.25054200601627485
7.464,-0.49680565526000425,-0.17727439481461493,-0.5668689326512558,-0.5507747721838759,0.25054200601627485
7.465,-0.4969804777275898,-0.17237025278518422,-0.5674140906833541,-0.5451580320983532,0.2532982656669395
7.466,-0.49715039519849946,-0.16746440953094166,-0.567953637592107,-0.5395469087529161,0.2532982656669395
7.4670000000000005,-0.4973154059957163,-0.16255691347058518,-0.5684875789886379,-0.5339413965308244,0.2532982656669395
7.468,-0.4974755084906501,-0.15764781303912515,-0.5690159204784588,-0.5283414898209547,0.2532982656669395
7.469,-0.4976307011031542,-0.15273715668738988,-0.5695386676614766,-0.522747183017795,0.2532982656669395
7.47,-0.49778098230154,-0.14782499288158613,-0.5700557722567562,-0.5171045952795624,0.25599202776073593
7.471,-0.4979263506025927,-0.14291137010278201,-0.5705672399068853,-0.5114676501290681,0.25599202776073593
7.472,-0.4980668045715862,-0.13799633684644508,-0.571073076248809,-0.5058363419237244,0.25599202776073593
7.473,-0.4982023428222961,-0.13307994162198042,-0.5715732869138356,-0.500210665026586,0.25599202776073593
7.474,-0.4983329640170149,-0.1281622329522129,-0.5720678775276419,-0.49459061380634467,0.25599202776073593
7.4750000000000005,-0.498458666866564,-0.12324325937294735,-0.5725568010982813,-0.4889235706394948,0.258622627652175
7.476,-0.4985794501303069,-0.11832306943247267,-0.5730400632927971,-0.4832621945158118,0.258622627652175
7.477,-0.49869531261616185,-0.11340171169106608,-0.5735176697725654,-0.4776064797682525,0.258622627652175
7.478,-0.49880625318061256,-0.10847923472055278,-0.5739896261933007,-0.47195642073544075,0.258622627652175
7.479,-0.4989122707287207,-0.10355568710378207,-0.5744559382050624,-0.4663120117616618,0.258622627652175
7.48,-0.49901336421413583,-0.09863111743418677,-0.5749165601164866,-0.46062191142429826,0.26118941628009557
7.481,-0.49910953263910585,-0.09370557431528695,-0.5753714976176739,-0.45493750118727205,0.26118941628009557
7.482,-0.49920077505448757,-0.08877910636019352,-0.5758207563930344,-0.44925877536048286,0.26118941628009557
7.4830000000000005,-0.49928709055975495,-0.08385176219116192,-0.576264342121294,-0.4435857282595205,0.26118941628009557
7.484,-0.49936847830300873,-0.07892359043909539,-0.5767022604754997,-0.43791835420565906,0.26118941628009557
7.485,-0.49944493748098495,-0.07399463974305395,-0.5771344670761446,-0.4322066006448972,0.26369176032781094
7.486,-0.49951646733906235,-0.06906495874978553,-0.5775609676349823,-0.42650055883769605,0.26369176032781094
7.487,-0.49958306717127005,-0.06413459611326247,-0.5779817678580547,-0.42080022307230214,0.26369176032781094
7.488,-0.4996447363202946,-0.05920360049416239,-0.5783968734456973,-0.41510558764267363,0.26369176032781094
7.489,-0.4997014741774864,-0.05427202055943246,-0.5788062900925458,-0.40941664684847473,0.26369176032781094
7.49,-0.49975328018286574,-0.04933990498176454,-0.5792099747418998,-0.4036846493540388,0.2661290423793732
7.4910000000000005,-0.49980015382512827,-0.044407302439153765,-0.579607933125757,-0.3979583838570973,0.2661290423793732
7.492,-0.49984209464164997,-0.03947426161440146,-0.5800001709703826,-0.39223784462565275,0.2661290423793732
7.493,-0.499879102218492,-0.03454083119461783,-0.580386693996316,-0.3865230259334396,0.2661290423793732
7.494,-0.4999111761904045,-0.0296070598707806,-0.580767507918376,-0.3808139220599187,0.2661290423793732
7.495,-0.4999383162408303,-0.024672996337209714,-0.5811425710132924,-0.3750630949164207,0.268500661071904
7.496,-0.49996052210190806,-0.01973868929112587,-0.5815118890318924,-0.3693180186000662,0.268500661071904
7.497,-0.4999777935544749,-0.014804187432153136,-0.5818754677192525,-0.363578687360028,0.268500661071904
7.498,-0.49999013042806856,-0.009869539461821559,-0.5822333128147037,-0.3578450954512299,0.268500661071904
7.4990000000000006,-0.4999975326009291,-0.004934794083125568,-0.582585430051838,-0.35211723713434057,0.268500661071904
7.5,-0.5,-4.233047818698248e-15,-0.5829317790511104,-0.3463489992723267,0.270806031243977
7.501,-0.4999975326009291,0.0049347940831226825,-0.5832723655807586,-0.3405865296481748,0.270806031243977
7.502,-0.49999013042806856,0.009869539461818674,-0.5836071954032522,-0.3348298224936471,0.270806031243977
7.503,-0.4999777935544749,0.014804187432150251,-0.5839362742752985,-0.32907887204627395,0.270806031243977
7.5040000000000004,-0.49996052210190806,0.019738689291128566,-0.5842596079478478,-0.32333367254934814,0.270806031243977
7.505,-0.4999383162408303,0.02467299633720683,-0.584577157395043,-0.3175494471951988,0.27304458408000154
7.506,-0.4999111761904045,0.029607059870777715,-0.5848889284011094,-0.31177100606640357,0.27304458408000154
7.507000000000001,-0.499879102218492,0.03454083119462053,-0.5851949267444881,-0.30599834337873716,0.27304458408000154
7.508,-0.49984209464165,0.03947426161439857,-0.5854951581978419,-0.3002314533537584,0.27304458408000154
7.509,-0.49980015382512827,0.04440730243915646,-0.5857896285280607,-0.2944703302188046,0.27304458408000154
7.51,-0.4997532801828658,0.04933990498176165,-0.5860783000726043,-0.2886715445435746,0.2752157672505597
7.511,-0.49970147417748645,0.054272020559429576,-0.5863611786302583,-0.2828785576540198,0.2752157672505597
7.5120000000000005,-0.4996447363202946,0.05920360049416508,-0.5866382699940096,-0.2770913637513546,0.2752157672505597
7.513,-0.49958306717127005,0.0641345961132596,-0.5869095799510522,-0.2713099570425921,0.2752157672505597
7.514,-0.4995164673390624,0.06906495874978265,-0.5871751142827928,-0.2655343317405383,0.2752157672505597
7.515000000000001,-0.499444937480985,0.07399463974305107,-0.5874348366993006,-0.2597224165078239,0.27731904504869237
7.516,-0.4993684783030088,0.0789235904390925,-0.587688753012491,-0.25391631319034225,0.27731904504869237
7.517,-0.4992870905597549,0.08385176219116461,-0.5879368690284672,-0.24811601597617805,0.27731904504869237
7.518,-0.4992007750544876,0.08877910636019065,-0.5881791905475264,-0.24232151905922802,0.27731904504869237
7.519,-0.4991095326391059,0.09370557431528406,-0.5884157233641656,-0.23653281663919495,0.27731904504869237
7.5200000000000005,-0.4990133642141358,0.09863111743418945,-0.5886464325700177,-0.23070920585211427,0.27935389852207493
7.521,-0.4989122707287208,0.10355568710377917,-0.5888713239886935,-0.22489141867582066,0.27935389852207493
7.522,-0.4988062531806126,0.1084792347205499,-0.5890904034379801,-0.21907944928670334,0.27935389852207493
7.523000000000001,-0.4986953126161618,0.11340171169106876,-0.5893036767298471,-0.21327329186697513,0.27935389852207493
7.524,-0.49857945013030697,0.1183230694324698,-0.5895111496704517,-0.20747294060466667,0.27935389852207493
7.525,-0.4984586668665639,0.12324325937295003,-0.5897127887416037,-0.2016390711520408,0.28131982560106056
7.526,-0.498332964017015,0.12816223295221002,-0.5899085997771726,-0.19581103556886756,0.28131982560106056
7.527,-0.49820234282229614,0.13307994162197753,-0.5900985886051938,-0.18998882802127748,0.28131982560106056
7.5280000000000005,-0.49806680457158625,0.1379963368464422,-0.590282761047875,-0.18417244268123498,0.28131982560106056
7.529,-0.4979263506025928,0.14291137010277913,-0.5904611229216016,-0.17836187372653253,0.28131982560106056
7.53,-0.49778098230154005,0.14782499288158327,-0.5906336421066299,-0.17251918502835484,0.2832163412225578
7.531000000000001,-0.49763070110315416,0.15273715668739254,-0.5908003244456488,-0.16668233901887533,0.2832163412225578
7.532,-0.4974755084906502,0.1576478130391223,-0.5909611757755042,-0.1608513298554053,0.2832163412225578
7.533,-0.49731540599571616,0.16255691347058784,-0.5911162019272054,-0.15502615170109874,0.2832163412225578
7.534,-0.4971503951984996,0.1674644095309388,-0.5912654087259304,-0.1492067987249465,0.2832163412225578
7.535,-0.49698047772758985,0.17237025278518137,-0.5914087654583076,-0.14335673237722715,0.28504297744971935
7.5360000000000005,-0.49680565526000414,0.1772743948146176,-0.5915462779744034,-0.13751251609585555,0.28504297744971935
7.537,-0.49662592952116974,0.18217678721734004,-0.5916779521184342,-0.1316741440307653,0.28504297744971935
7.538,-0.4964413022849068,0.18707738160872595,-0.5918037937287719,-0.12584161033774013,0.28504297744971935
7.539000000000001,-0.49625177537341175,0.19197612962188157,-0.5919238086379504,-0.12001490917840801,0.28504297744971935
7.54,-0.4960573506572389,0.19687298290813618,-0.5920379675465478,-0.11415890859748189,0.2867992835873862
7.541,-0.49585803005528134,0.20176789313753585,-0.5921462763105649,-0.10830876401713668,0.2867992835873862
7.542,-0.4956538155347533,0.2066608119992817,-0.5922487407801463,-0.10246446958137183,0.2867992835873862
7.543,-0.4954447091111695,0.2115516912022455,-0.5923453667995864,-0.09662601944004273,0.2867992835873862
7.5440000000000005,-0.49523071284832565,0.21644048247542955,-0.5924361602073352,-0.09079340774885497,0.2867992835873862
7.545,-0.495011828858279,0.22132713756842656,-0.5925210931251504,-0.08493291781524018,0.28848482629329697
7.546,-0.4947880593013256,0.22621160825193468,-0.592600171413522,-0.079078288371559,0.28848482629329697
7.547000000000001,-0.49455940638598084,0.23109384631819468,-0.5926734009270793,-0.0732295135573215,0.28848482629329697
7.548,-0.4943258723689571,0.23597380358148234,-0.5927407875145972,-0.06738658751789825,0.28848482629329697
7.549,-0.4940874595551402,0.24085143187860067,-0.5928023370190018,-0.06154950440451441,0.28848482629329697
7.55,-0.493844170297569,0.24572668306931647,-0.5928580229901081,-0.055685971106409604,0.2900991896850148
7.551,-0.49359600699740963,0.25059950903687983,-0.5929078512914497,-0.0498283013416029,0.2900991896850148
7.5520000000000005,-0.4933429721039339,0.2554698616884601,-0.5929518277806963,-0.043976489246561,0.2900991896850148
7.553,-0.4930850681144945,0.26033769295563725,-0.59298995830966,-0.038130528963614144,0.2900991896850148
7.554,-0.4928222975744989,0.2652029547948931,-0.5930222487243009,-0.032290414640950234,0.2900991896850148
7.555,-0.49255466307738704,0.2700655991880464,-0.5930486740090183,-0.026425284717458752,0.2916419754425266
7.556,-0.49228216726460267,0.2749255781427711,-0.5930692400289421,-0.02056601992389076,0.2916419754425266
7.557,-0.49200481282557,0.2797828436930259,-0.5930839526433372,-0.014712614395116338,0.2916419754425266
7.558,-0.4917226024976648,0.2846373478995719,-0.5930928177056091,-0.008865062271870689,0.2916419754425266
7.559,-0.49143553906618975,0.2894890428504014,-0.5930958410633098,-0.0030233577007482857,0.2916419754425266
7.5600000000000005,-0.49114362536434436,0.2943378806612549,-0.5930929991415947,0.0028419217150831002,0.29311280290653186
7.561,-0.4908468642731996,0.29918381347604983,-0.5930842978057432,0.008701335851498654,0.29311280290653186
7.562,-0.4905452587216671,0.3040267934673966,-0.5930697429151695,0.014554890573777792,0.29311280290653186
7.563,-0.49023881168647243,0.3088667728370269,-0.5930493403234282,0.02040259174133465,0.29311280290653186
7.564,-0.48992752619212354,0.31370370381630935,-0.5930230958782204,0.026244445207723954,0.29311280290653186
7.565,-0.4896114053108828,0.3185375386666825,-0.5929909874512744,0.032108426945963484,0.2945113091723628
7.566,-0.4892904521627362,0.32336822968014234,-0.592953020906572,0.03796654470246477,0.2945113091723628
7.567,-0.4889646699153609,0.32819572917972967,-0.5929092021022307,0.04381880434120956,0.2945113091723628
7.5680000000000005,-0.4886340617840965,0.33301998951996803,-0.5928595368905104,0.049665211720315613,0.2945113091723628
7.569,-0.4882986310319123,0.33784096308734995,-0.5928040311178183,0.05550577269204256,0.2945113091723628
7.57,-0.48795838096937355,0.34265860230082357,-0.5927426641079154,0.06136700990294099,0.29583714917952386
7.571,-0.4876133149546118,0.3474728596122239,-0.5926754417220388,0.06722238587662853,0.29583714917952386
7.572,-0.48726343639328845,0.3522836875067858,-0.5926023698155645,0.07307190647434238,0.29583714917952386
7.573,-0.48690874873856455,0.35709103850356927,-0.592523454238013,0.0789155775514585,0.29583714917952386
7.574,-0.48654925549106365,0.36189486515596614,-0.5924387008330555,0.08475340495749753,0.29583714917952386
7.575,-0.48618496019883845,0.36669512005215227,-0.592348090381587,0.09061045146847664,0.2970899957968305
7.5760000000000005,-0.48581586645733693,0.3714917558155442,-0.5922516287406541,0.09646164093294478,0.2970899957968305
7.577,-0.4854419779093657,0.37628472510527816,-0.5921493217614461,0.10230697920794844,0.2970899957968305
7.578,-0.48506329824505295,0.38107398061669306,-0.5920411752893014,0.1081464721446771,0.2970899957968305
7.579,-0.4846798312018149,0.38585947508175966,-0.591927195163713,0.11398012558846903,0.2970899957968305
7.58,-0.48429158056431565,0.3906411612695903,-0.591807363627452,0.11983153626094317,0.298269539903131
7.581,-0.4838985501644326,0.3954189919868675,-0.5916816865319293,0.12567709552274484,0.298269539903131
7.582,-0.48350074388121766,0.4001929200783254,-0.591550169722704,0.13151680922528472,0.298269539903131
7.583,-0.4830981656408573,0.4049628984272321,-0.59141281903949,0.13735068321412205,0.298269539903131
7.5840000000000005,-0.48269081941663666,0.40972887995582136,-0.591269640316161,0.14317872332897055,0.298269539903131
7.585,-0.48227870922889904,0.41449081762577433,-0.5911206172617461,0.14902305441491287,0.2993754904635651
7.586,-0.4818618391450051,0.419248664438694,-0.5909657557205764,0.15486154116976925,0.2993754904635651
7.587,-0.4814402132792938,0.4240023734365586,-0.5908050615311385,0.16069418943787078,0.2993754904635651
7.588,-0.48101383579304324,0.4287518977021687,-0.5906385405260809,0.1665210050577042,0.2993754904635651
7.589,-0.48058271089442606,0.433497190359648,-0.5904661985322189,0.17234199386191779,0.2993754904635651
7.59,-0.48014684283847187,0.438238204574863,-0.5902880207288589,0.17817780336008343,0.3004075746013777
7.591,-0.47970623592702155,0.44297489355592806,-0.5901040129518101,0.1840077770487509,0.3004075746013777
7.5920000000000005,-0.47926089450868786,0.44770721055362994,-0.5899141810310464,0.1898319207637297,0.3004075746013777
7.593,-0.47881082297881133,0.45243510886190513,-0.5897185307907115,0.19565024033499354,0.3004075746013777
7.594,-0.4783560257794152,0.45715854181831644,-0.5895170680491247,0.2014627415866861,0.3004075746013777
7.595,-0.47789650739916534,0.46187746280447717,-0.5893097794595263,0.20728858959840452,0.3013655376652561
7.596,-0.4774322723733215,0.4665918252465528,-0.5890966708477642,0.21310861176211124,0.3013655376652561
7.597,-0.47696332528369656,0.471301582615684,-0.5888777480338605,0.21892281390365426,0.3013655376652561
7.598,-0.4764896707586095,0.47600668842846156,-0.5886530168320174,0.22473120184305573,0.3013655376652561
7.599,-0.47601131347283815,0.4807070962474014,-0.588422483050623,0.2305337813945178,0.3013655376652561
7.6000000000000005,-0.47552825814757693,0.48540275968136526,-0.588186134820144,0.23634823047896622,0.30224914329214625
7.601,-0.47504050955038574,0.49009363238606135,-0.5879439779550297,0.24215686511433018,0.30224914329214625
7.602,-0.4745480724951475,0.49477966806445933,-0.5876960182639147,0.24795969111505878,0.30224914329214625
7.603,-0.4740509518420165,0.4994608204672841,-0.587442261549625,0.25375671428978663,0.30224914329214625
7.604,-0.4735491524973724,0.5041370433934567,-0.5871827136091836,0.2595479404413398,0.30224914329214625
7.605,-0.4730426794137727,0.5088082906905392,-0.5869173640532134,0.2653495559702101,0.30305817346558167
7.606,-0.47253153758990274,0.5134745162552017,-0.5866462186833298,0.27114536988355153,0.30305817346558167
7.607,-0.47201573207052494,0.5181356740336921,-0.5863692832953468,0.2769353879829796,0.30305817346558167
7.6080000000000005,-0.47149526794643204,0.5227917180222594,-0.5860865636792825,0.2827196160643083,0.30305817346558167
7.609,-0.4709701503543955,0.5274426022676244,-0.5857980656193649,0.2884980599175556,0.30305817346558167
7.61,-0.4704403844771126,0.5320882808674473,-0.5855037802089359,0.2942854104290275,0.30379242856947203
7.611,-0.46990597554316005,0.5367287079707456,-0.5852037132353459,0.3000669735899879,0.30379242856947203
7.612,-0.469366928826937,0.5413638377783876,-0.5848978704801582,0.30584275518778736,0.30379242856947203
7.613,-0.4688232496486175,0.5459936245435081,-0.5845862577191542,0.311612761003989,0.30379242856947203
7.614,-0.4682749433740962,0.5506180225719757,-0.5842688807223398,0.3173769968143744,0.30379242856947203
7.615,-0.4677220154149334,0.5552369862228591,-0.5839457320679735,0.32314865436630724,0.30445172743735827
7.6160000000000005,-0.4671644712283061,0.5598504699088417,-0.5836168175277128,0.3289145402606881,0.30445172743735827
7.617,-0.4666023163169497,0.564458428096707,-0.5832821428674436,0.3346746602691746,0.30445172743735827
7.618,-0.46603555622910564,0.5690608153077732,-0.582941713847286,0.3404290201576526,0.30445172743735827
7.619,-0.4654641965584684,0.5736575861183264,-0.5825955362215998,0.3461776256862421,0.30445172743735827
7.62,-0.46488824294412595,0.5782486951601046,-0.5822436040553912,0.351932166208498,0.30503590739710634
7.621,-0.4643077010705086,0.5828340971207101,-0.581885923103201,0.3576809521902316,0.30503590739710634
7.622,-0.46372257666733097,0.5874137467440715,-0.581522499113815,0.3634239893859835,0.30503590739710634
7.623,-0.46313287550953336,0.5919875988309062,-0.5811533378302705,0.36916128354453964,0.30503590739710634
7.6240000000000006,-0.46253860341722874,0.5965556082391356,-0.5807784449898615,0.3748928404089372,0.30503590739710634
7.625,-0.4619397662556435,0.6011177298843455,-0.5803978161458068,0.38062884405474945,0.30554482431105856
7.626,-0.4613363699350572,0.6056739187402478,-0.5800114570341098,0.3863591116969159,0.30554482431105856
7.627,-0.4607284204107494,0.6102241298390875,-0.5796193733850384,0.39208364907144017,0.30554482431105856
7.628,-0.460115923682935,0.6147683182721282,-0.5792215709231299,0.3978024619085899,0.30554482431105856
7.6290000000000004,-0.45949888579671094,0.6193064391900545,-0.578818055367197,0.4035155559329025,0.30554482431105856
7.63,-0.4588773128419905,0.6238384478034551,-0.5784088237597678,0.40923160742920117,0.30597835261157874
7.631,-0.45825121095344934,0.6283642993832247,-0.5779938818168937,0.41494194287400354,0.30597835261157874
7.632000000000001,-0.4576205863104588,0.6328839492610453,-0.5775732352489104,0.42064656798336114,0.30597835261157874
7.633,-0.45698544513703104,0.6373973528297873,-0.5771468897604427,0.42634548846760933,0.30597835261157874
7.634,-0.4563457937017515,0.6419044655439895,-0.5767148510504113,0.4320387100313733,0.30597835261157874
7.635,-0.45570163831772315,0.6464052429202591,-0.5762771176513833,0.43773339902798275,0.3063363853320421
7.636,-0.455052985342498,0.6508996405377506,-0.5758336952580477,0.44342239333559563,0.3063363853320421
7.6370000000000005,-0.4543998411780199,0.6553876140385688,-0.5753845895593989,0.4491056986489009,0.3063363853320421
7.638,-0.4537422122705587,0.659869119128222,-0.574929806238742,0.4547833206568928,0.3063363853320421
7.639,-0.45308010511064484,0.6643441115760744,-0.5744693509736991,0.46045526504287676,0.3063363853320421
7.640000000000001,-0.45241352623300934,0.6688125472157521,-0.5740032237872386,0.4661271864604987,0.30661883413324215
7.641,-0.4517424822165174,0.6732743819455943,-0.5735314303512818,0.4717934359567031,0.30661883413324215
7.642,-0.4510669796841011,0.6777295717291036,-0.5730539763320784,0.47745401920341124,0.30661883413324215
7.643,-0.45038702530269914,0.6821780725953454,-0.5725708673902116,0.48310894186687264,0.30661883413324215
7.644,-0.44970262578318526,0.6866198406394222,-0.5720821091806039,0.48875820960767064,0.30661883413324215
7.6450000000000005,-0.449013787880308,0.6910548320228663,-0.5715877032166193,0.494405963984566,0.30682562932515045
7.646,-0.44832051839261855,0.6954830029741087,-0.5710876551460122,0.5000480706070844,0.30682562932515045
7.647,-0.4476228241624061,0.6999043097888945,-0.5705819706108892,0.5056845351229804,0.30682562932515045
7.648000000000001,-0.44692071207563183,0.7043187088307055,-0.5700706552477148,0.5113153631743604,0.30682562932515045
7.649,-0.44621418906185933,0.7087261565312003,-0.5695537146873172,0.5169405603976891,0.30682562932515045
7.65,-0.44550326209418395,0.7131266093906595,-0.5690311519330822,0.5225627542349746,0.3069567198841576
7.651,-0.44478793818916945,0.7175200239783799,-0.5685029726072037,0.5281793258784228,0.3069567198841576
7.652,-0.44406822440677235,0.7219063569331431,-0.5679691823262535,0.5337902809502275,0.3069567198841576
7.6530000000000005,-0.443344127850278,0.7262855649636087,-0.5674297867011865,0.5393956250669605,0.3069567198841576
7.654,-0.4426156556662278,0.7306576048487565,-0.5668847913373469,0.5449953638395767,0.3069567198841576
7.655,-0.4418828150443465,0.735022433438328,-0.5663342007274019,0.5505906099450496,0.3070120734656262
7.656000000000001,-0.4411456132174761,0.7393800076532218,-0.5657780204665975,0.5561802608044171,0.3070120734656262
7.657,-0.44040405746150174,0.7437302844859349,-0.5652162561445846,0.5617643220129251,0.3070120734656262
7.658,-0.43965815509527767,0.7480732210010013,-0.5646489133454243,0.5673427991602248,0.3070120734656262
7.659,-0.43890791348056085,0.7524087743353808,-0.564075997647594,0.5729156978303771,0.3070120734656262
7.66,-0.4381533400219323,0.7567369016989173,-0.5634975150319332,0.5784826156607844,0.3069916764118854
7.6610000000000005,-0.4373944421667265,0.761057560374746,-0.5629134710653598,0.5840439665733613,0.3069916764118854
7.662,-0.4366312274049607,0.7653707077197003,-0.5623238713092248,0.5895997561350257,0.3069916764118854
7.663,-0.43586370326925467,0.7696763011647669,-0.5617287213193176,0.5951499899071284,0.3069916764118854
7.664000000000001,-0.4350918773347626,0.7739742982154718,-0.5611280266458721,0.600694673445459,0.3069916764118854
7.665,-0.43431575721909593,0.7782646564523147,-0.560521794756425,0.6062318894471257,0.30689553375560913
7.666,-0.43353535058224496,0.7825473335312013,-0.5599100311881923,0.6117635682327908,0.30689553375560913
7.667,-0.4327506651265099,0.7868222871838283,-0.5592927414728526,0.6172897153396701,0.30689553375560913
7.668,-0.43196170859641764,0.7910894752181385,-0.5586699311365532,0.6228103362994426,0.30689553375560913
7.6690000000000005,-0.4311684887786516,0.7953488555187043,-0.5580416056999149,0.6283254366382554,0.30689553375560913
7.67,-0.43037101350197193,0.7996003860471566,-0.5574077741153289,0.6338315845859882,0.3067236692185563
7.671,-0.4295692906371359,0.8038440248426149,-0.5567684418889431,0.6393322263857734,0.3067236692185563
7.672000000000001,-0.4287633280968263,0.8080797300220683,-0.5561236145213994,0.6448273675437587,0.3067236692185563
7.673,-0.42795313383556627,0.8123074597808263,-0.5554732975078388,0.650317013560586,0.3067236692185563
7.674,-0.4271387158496479,0.8165271723928931,-0.5548174963379074,0.6558011699313966,0.3067236692185563
7.675,-0.4263200821770469,0.8207388262114137,-0.5541562214466419,0.6612748912655797,0.3064761252057262
7.676,-0.42549724089734636,0.8249423796690702,-0.5534894783077635,0.6667431388784286,0.3064761252057262
7.6770000000000005,-0.4246702001316583,0.8291377912784819,-0.5528172723895198,0.6722059182436647,0.3064761252057262
7.678,-0.4238389680425421,0.8333250196326256,-0.5521396091546903,0.6776632348295356,0.3064761252057262
7.679,-0.4230035528339212,0.837504023405257,-0.5514564940605915,0.6831150940988207,0.3064761252057262
7.68,-0.42216396275100815,0.8416747613512869,-0.5507679390223309,0.6885550382606199,0.30615296279490656
7.681,-0.4213202060802163,0.8458371923072248,-0.5500739494798527,0.6939895424782574,0.30615296279490656
7.682,-0.4204722911490843,0.8499912751915526,-0.549374530867661,0.6994186121916772,0.30615296279490656
7.683,-0.41962022632619117,0.8541369690051454,-0.5486696886148256,0.7048422528353837,0.30615296279490656
7.684,-0.41876402002107077,0.8582742328316876,-0.5479594281449871,0.7102604698384465,0.30615296279490656
7.6850000000000005,-0.4179036806841346,0.8624030258380508,-0.5472437628503841,0.7156652946030397,0.3057542617215864
7.686,-0.41703921680658557,0.866523307274711,-0.5465226981358412,0.7210647145428685,0.3057542617215864
7.687,-0.4161706369203313,0.8706350364761625,-0.5457962394007785,0.7264587350627574,0.3057542617215864
7.688,-0.41529794959790645,0.8747381728612889,-0.5450643920392163,0.7318473615621264,0.3057542617215864
7.689,-0.4144211634523816,0.8788326759337951,-0.5443271614397813,0.737230599434996,0.3057542617215864
7.69,-0.41354028713728114,0.8829185052825936,-0.5435845624685386,0.7425989712427467,0.30528012035927965
7.691,-0.41265532934650057,0.8869956205821892,-0.54283660049386,0.7479619746786895,0.30528012035927965
7.692,-0.41176629881421406,0.8910639815931086,-0.5420832808787488,0.7533196151111964,0.30528012035927965
7.6930000000000005,-0.410873204314795,0.8951235481622669,-0.5413246089808456,0.7586718979032708,0.30528012035927965
7.694,-0.40997605466272663,0.8991742802233763,-0.540560590152433,0.7640188284125532,0.30528012035927965
7.695,-0.4090748587125117,0.9032161377973557,-0.539791240729735,0.7693494226980463,0.30473065569528324
7.696,-0.4081696253585925,0.9072490809926935,-0.5390165660433457,0.774674686389254,0.30473065569528324
7.697,-0.4072603635352548,0.911273070005878,-0.5382365714185289,0.7799946248167704,0.30473065569528324
7.698,-0.40634708221654664,0.9152880651217571,-0.537451262175223,0.7853092433058593,0.30473065569528324
7.699,-0.405429790416187,0.9192940267139458,-0.5366606436280466,0.7906185471764591,0.30473065569528324
7.7,-0.40450849718747345,0.9232909152452294,-0.5358647335793513,0.7959100486953181,0.30410600330177734
7.7010000000000005,-0.40358321162319943,0.9272786912679271,-0.5350635373206386,0.8011962587126583,0.30410600330177734
7.702,-0.40265394285556083,0.9312573154242949,-0.5342570601381186,0.8064771825199812,0.30410600330177734
7.703,-0.40172070005606425,0.9352267484469236,-0.5334453073127151,0.8117528254034968,0.30410600330177734
7.704,-0.4007834924354393,0.9391869511591111,-0.532628284120071,0.8170231926441288,0.30410600330177734
7.705,-0.39984232924354585,0.9431378844752605,-0.5318060098242735,0.8222742957975325,0.3034063173023898
7.706,-0.3988972197692856,0.9470795094012501,-0.5309784896764257,0.8275201478477828,0.3034063173023898
7.707,-0.39794817334050864,0.9510117870348289,-0.5301457289223797,0.8327607540459828,0.3034063173023898
7.708,-0.39699519932391786,0.9549346785660132,-0.5293077328027417,0.8379961196379846,0.3034063173023898
7.7090000000000005,-0.3960383071249833,0.9588481452774428,-0.5284645065528772,0.8432262498643944,0.3034063173023898
7.71,-0.39507750618784554,0.9627521485447766,-0.527616070893856,0.8484356590212137,0.3026317703341781
7.711,-0.39411280599521986,0.9666466498370876,-0.5267624310350871,0.853639858768876,0.3026317703341781
7.712,-0.3931442160683099,0.9705316107172113,-0.5259035921807703,0.8588388543167907,0.3026317703341781
7.713,-0.392171745966705,0.9744069928421611,-0.5250395595299011,0.8640326508691575,0.3026317703341781
7.714,-0.39119540528829355,0.9782727579634755,-0.5241703382762761,0.8692212536249719,0.3026317703341781
7.715,-0.39021520366916496,0.9821288679276092,-0.5232959505928346,0.8743876834414472,0.30178255350501354
7.716,-0.38923115078351134,0.9859752846763222,-0.5224164016460066,0.879548946828106,0.30178255350501354
7.7170000000000005,-0.3882432563435395,0.9898119702470255,-0.5215316965970552,0.8847050489513781,0.30178255350501354
7.718,-0.38725153009936775,0.9936388867731857,-0.5206418406020827,0.889855994972527,0.30178255350501354
7.719,-0.38625598183893256,0.9974559964846859,-0.5197468388120351,0.8950017900476547,0.30178255350501354
7.72,-0.3852566213878956,1.0012632617081858,-0.5188467148462506,0.9001239657845358,0.30085887634643826
7.721,-0.3842534586095388,1.0050606448675234,-0.5179414738269049,0.90524101934568,0.30085887634643826
7.722,-0.3832465034046749,1.0088481084840555,-0.5170311208710516,0.9103529558532631,0.30085887634643826
7.723,-0.38223576571154644,1.012625615177041,-0.5161156610906273,0.9154597804243386,0.30085887634643826
7.724,-0.38122125550572405,1.0163931276640226,-0.5151950995924565,0.9205614981708431,0.30085887634643826
7.7250000000000005,-0.3802029828000151,1.0201506087611685,-0.5142694614364486,0.9256381560079119,0.2998609667619804
7.726,-0.37918095764436116,1.0238980213836533,-0.5133387516992615,0.9307097371871436,0.2998609667619804
7.727,-0.3781551901257357,1.0276353285460356,-0.5124029754524763,0.935776246785196,0.2998609667619804
7.728,-0.37712569036805227,1.0313624933625938,-0.5114621377626026,0.9408376898736505,0.2998609667619804
7.729,-0.3760924685320555,1.035079479047725,-0.5105162436910836,0.9458940715190164,0.2998609667619804
7.73,-0.3750555348152291,1.038786248916276,-0.5095653197322167,0.9509239588669152,0.29878907097088697
7.731,-0.3740148994516912,1.0424827663839216,-0.5086093709158893,0.955948816327466,0.29878907097088697
7.732,-0.37297057271209166,1.04616899496753,-0.5076484022669587,0.9609686489305562,0.29878907097088697
7.7330000000000005,-0.3719225649035126,1.0498448982855175,-0.5066824188052577,0.9659834617010434,0.29878907097088697
7.734,-0.3708708863693704,1.0535104400581947,-0.5057114255455989,0.9709932596587602,0.29878907097088697
7.735,-0.36981554748930506,1.057165584108152,-0.5047354504101308,0.9759751354680495,0.2976434534474052
7.736,-0.36875655867908785,1.0608102943605848,-0.5037544983807293,0.9809520294015296,0.2976434534474052
7.737,-0.3676939303905083,1.0644445348436828,-0.5027685744342882,0.9859239464410762,0.2976434534474052
7.738,-0.36662767311127986,1.0680682696889559,-0.5017776835427247,0.9908908915635832,0.2976434534474052
7.739,-0.36555779736493255,1.0716814631315994,-0.5007818306729837,0.9958528697409678,0.2976434534474052
7.74,-0.3644843137107057,1.0752840795108611,-0.49978104516817534,1.0007855048083372,0.29642439685552385
7.7410000000000005,-0.3634072327434508,1.078876083270368,-0.4987753319609347,1.0057132072406394,0.29642439685552385
7.742,-0.3623265650935234,1.082457438958489,-0.4977646959789642,1.0106359819705093,0.29642439685552385
7.743,-0.36124232142667445,1.086028111228697,-0.49674914214503857,1.0155538339256494,0.29642439685552385
7.744,-0.3601545124439537,1.0895880648398903,-0.4957286753770097,1.0204667680288342,0.29642439685552385
7.745,-0.35906314888159413,1.0931372646567723,-0.49470332643170933,1.0253489453003897,0.2951322019792126
7.746,-0.35796824151091594,1.0966756756501657,-0.49367310019131466,1.0302262403946736,0.2951322019792126
7.747,-0.3568698011382117,1.1002032628973861,-0.4926380015331208,1.0350986581938633,0.2951322019792126
7.748,-0.35576783860464317,1.1037199915825757,-0.49159803532954555,1.0399662035752537,0.2951322019792126
7.7490000000000006,-0.3546623647861369,1.107225826997038,-0.49055320644813427,1.0448288814112627,0.2951322019792126
7.75,-0.3535533905932744,1.1107207345395895,-0.48950354705185145,1.0496593962828158,0.2937671876482178
7.751,-0.3524409269711808,1.1142046797169107,-0.48844906197121196,1.0544850806394974,0.2937671876482178
7.752,-0.3513249848994254,1.117677628143862,-0.48738975603190016,1.0593059393118223,0.2937671876482178
7.753,-0.3502055753919034,1.1211395455438522,-0.4863256340547747,1.0641219771254748,0.2937671876482178
7.7540000000000004,-0.349082709496736,1.1245903977491503,-0.48525670085587336,1.0689331989013138,0.2937671876482178
7.755,-0.34795639829615754,1.128030150701234,-0.4841829899963578,1.0737108595156006,0.2923296906594077
7.756,-0.3468266529064023,1.1314587704511385,-0.4831045062538885,1.0784837424692733,0.2923296906594077
7.757000000000001,-0.34569348447760245,1.1348762231597669,-0.4820212544013485,1.0832518525399921,0.2923296906594077
7.758,-0.3445569041936742,1.138282475098237,-0.4809332392068479,1.0880151945006402,0.2923296906594077
7.759,-0.34341692327220347,1.141677492648225,-0.47984046543372855,1.0927737731193277,0.2923296906594077
7.76,-0.3422735529643444,1.1450612423022704,-0.4787429680330685,1.0974974006600813,0.29082006569365104
7.761,-0.341126804554699,1.1484336906641344,-0.4776407517284952,1.1022163045732942,0.29082006569365104
7.7620000000000005,-0.33997668936120984,1.1517948044491169,-0.4765338212389126,1.106930489582594,0.29082006569365104
7.763,-0.3388232187350521,1.1551445504843738,-0.4754221812785057,1.1116399604068845,0.29082006569365104
7.764,-0.33766640406051257,1.1584828957092719,-0.47430583655674535,1.1163447217603506,0.29082006569365104
7.765000000000001,-0.33650625675488643,1.161809807175688,-0.4731848234060022,1.1210131507431567,0.289238685228319
7.766,-0.33534278826836056,1.165125252048345,-0.4720591464947052,1.1256769112969798,0.289238685228319
7.767,-0.33417601008389647,1.168429197605148,-0.47092881048661495,1.1303360080902491,0.289238685228319
7.768,-0.3330059337171265,1.171721611237481,-0.4697938200408282,1.1349904457867253,0.289238685228319
7.769,-0.33183257071622935,1.1750024604505582,-0.4686541798117827,1.139640229045505,0.289238685228319
7.7700000000000005,-0.3306559326618254,1.1782717128637181,-0.46750992750417736,1.144252307605367,0.2875859394453785
7.771,-0.3294760311668587,1.1815293362107562,-0.4663610677300907,1.1488597740866693,0.2875859394453785
7.772,-0.3282928778764779,1.1847752983402517,-0.46520760509698916,1.15346263310149,0.2875859394453785
7.773000000000001,-0.32710648446792956,1.1880095672158661,-0.46404954420773187,1.1580608892572961,0.2875859394453785
7.774,-0.3259168626504392,1.1912321109166673,-0.4628868896605749,1.1626545471569465,0.2875859394453785
7.775,-0.3247240241650924,1.1944428976374537,-0.4617196805232424,1.167209137332492,0.2858622361351172
7.776,-0.3235279807847221,1.19764189568906,-0.4605479213503246,1.1717591729178618,0.2858622361351172
7.777,-0.3223287443137964,1.2008290734986597,-0.45937161669185694,1.1763046584676462,0.2858622361351172
7.7780000000000005,-0.32112632658829227,1.2040043996101022,-0.45819077109332507,1.1808455985318809,0.2858622361351172
7.779,-0.3199207394755901,1.207167842684193,-0.457005389095669,1.1853819976560513,0.2858622361351172
7.78,-0.3187119948743451,1.2103193714990335,-0.4558155111199987,1.1898779756703062,0.2840680005955425
7.781000000000001,-0.31750010471437995,1.213458954950303,-0.4546211416622921,1.1943694577065467,0.2840680005955425
7.782,-0.3162850809565626,1.2165865620515768,-0.4534222852140314,1.1988564482607509,0.2840680005955425
7.783,-0.31506693559268434,1.2197021619346424,-0.452218946262207,1.203338951824401,0.2840680005955425
7.784,-0.3138456806453508,1.22280572384978,-0.4510111292893225,1.2078169728844876,0.2840680005955425
7.785,-0.3126213281678525,1.2258972171660936,-0.4497988760599004,1.2122532294221515,0.28220367552742187
7.7860000000000005,-0.31139389024405556,1.228976611371788,-0.4485821910101971,1.2166850497032777,0.28220367552742187
7.787,-0.31016337898827806,1.232043876074483,-0.44736107857203294,1.221112438164123,0.28220367552742187
7.788,-0.3089298065451666,1.2350989810015205,-0.4461355431727964,1.2255353992365072,0.28220367552742187
7.789000000000001,-0.307693185089586,1.2381418960002422,-0.4449055892354486,1.2299539373478192,0.28220367552742187
7.79,-0.30645352682648924,1.241172591038308,-0.4436712598576196,1.2343293778289728,0.28026972092506536
7.791,-0.3052108439908017,1.2441910362039854,-0.44243255941474996,1.238700442869645,0.28026972092506536
7.792,-0.30396514884730386,1.2471972017064326,-0.44118949227790466,1.2430671368452768,0.28026972092506536
7.793,-0.30271645369050126,1.250191057876016,-0.43994206281377773,1.2474294641269328,0.28026972092506536
7.7940000000000005,-0.3014647708445123,1.2531725751645806,-0.4386902753846964,1.2517874290813071,0.28026972092506536
7.795,-0.30021011266294273,1.2561417241457515,-0.43743417441076493,1.2561009739314826,0.2782666139628407
7.796,-0.2989524915287595,1.2590984755152332,-0.4361737642055281,1.2604102052368078,0.2782666139628407
7.797000000000001,-0.29769191985417687,1.2620428000910802,-0.4349090490782173,1.264715127310828,0.2782666139628407
7.798,-0.29642841008052984,1.264974668813994,-0.43364003333375456,1.2690157444627739,0.2782666139628407
7.799,-0.29516197467814687,1.2678940527476212,-0.432366721272757,1.2733120609975679,0.2782666139628407
7.8,-0.29389262614623696,1.270800923078814,-0.4310891586268429,1.2775626459141185,0.2761948488774139
7.801,-0.2926203770127548,1.2736952511179425,-0.4298073496465971,1.2818089802457526,0.2761948488774139
7.8020000000000005,-0.2913452398342871,1.2765770082991537,-0.4285212985783541,1.2860510682430553,0.2761948488774139
7.803,-0.2900672271959246,1.2794461661806649,-0.42723100966420174,1.2902889141523606,0.2761948488774139
7.804,-0.2887863517111345,1.282302696445049,-0.425936487141986,1.2945225222157566,0.2761948488774139
7.805000000000001,-0.28750262602163934,1.2851465708995091,-0.42463777804355557,1.2987090984304572,0.2740549368458191
7.806,-0.28621606279729633,1.287977761476146,-0.4233348865554866,1.302891488068943,0.2740549368458191
7.807,-0.2849266747359621,1.290796240232258,-0.4220278168601688,1.3070696953177905,0.2740549368458191
7.808,-0.28363447456337926,1.293601979350591,-0.42071657313580946,1.311243724359389,0.2740549368458191
7.809,-0.2823394750330389,1.2963949511396393,-0.41940115955643753,1.3154135793719461,0.2740549368458191
7.8100000000000005,-0.281041688926065,1.299175128033896,-0.4180816244425278,1.3195351139097609,0.27184740585933
7.811,-0.27974112905108406,1.3019424825941337,-0.41675797191561476,1.3236525269130377,0.27184740585933
7.812,-0.2784378082440939,1.3046969875076868,-0.41543020609311143,1.3277658225033113,0.27184740585933
7.813,-0.27713173936834773,1.3074386155886977,-0.41409833108831345,1.3318750047979946,0.27184740585933
7.814,-0.2758229353142152,1.3101673397784102,-0.4127623510104031,1.3359800779103832,0.27184740585933
7.815,-0.2745114089990653,1.312883133145415,-0.4114223154565588,1.3400355538443365,0.2695728005931851
7.816,-0.2731971733671348,1.3155859688859248,-0.4100782284822564,1.3440869743023558,0.2695728005931851
7.817,-0.2718802413893958,1.3182758203240483,-0.4087300941389165,1.348134343339917,0.2695728005931851
7.8180000000000005,-0.2705606260634383,1.320952660912032,-0.40737791647390803,1.352177665008441,0.2695728005931851
7.819,-0.26923834041332984,1.3236164642305452,-0.4060216995305527,1.3562169433552962,0.2695728005931851
7.82,-0.2679133974894989,1.3262672039889194,-0.40466149417049535,1.3602053600573847,0.2672316822721946
7.821,-0.2665858103685957,1.3289048540254256,-0.40329730438215255,1.3641897883427712,0.2672316822721946
7.822,-0.26525559215336775,1.3315293883075265,-0.4019291341499527,1.3681702321998723,0.2672316822721946
7.823,-0.26392275597253323,1.3341407809321246,-0.40055698745433954,1.3721466956131163,0.2672316822721946
7.824,-0.26258731498064874,1.3367390061258266,-0.39918086827177657,1.376119182562947,0.2672316822721946
7.825,-0.2612492823579747,1.3393240382452045,-0.39780082871582556,1.3800395559510297,0.264824628532281
7.8260000000000005,-0.2599086713103543,1.3418958517770319,-0.3964168727068598,1.3839560089657243,0.264824628532281
7.827,-0.258565495069079,1.3444544213385445,-0.3950290041613324,1.3878685455274042,0.264824628532281
7.828,-0.25721976689075293,1.3469997216776997,-0.3936372269917799,1.3917771695525225,0.264824628532281
7.829,-0.255871500057173,1.349531727673405,-0.3922415451068263,1.3956818849536157,0.264824628532281
7.83,-0.25452070787518555,1.3520504143357885,-0.39084201185909206,1.3995332477342208,0.26235223327793333
7.831,-0.2531674036765655,1.3545557568064277,-0.38943863109994004,1.4033807591520453,0.26235223327793333
7.832,-0.25181160081788045,1.3570477303586006,-0.3880314066768816,1.4072244230584519,0.26235223327793333
7.833,-0.25045331268035587,1.3595263103975372,-0.3866203424335806,1.4110642433009521,0.26235223327793333
7.8340000000000005,-0.24909255266974564,1.361991472460656,-0.3852054422098574,1.4149002237232098,0.26235223327793333
7.835,-0.24772933421620483,1.3644431922177969,-0.3837867605842272,1.4186816256302002,0.2598151065356813
7.836,-0.24636367077414617,1.3668814454714817,-0.38236430133809196,1.4224592461352836,0.2598151065356813
7.837,-0.24499557582211953,1.369306208157129,-0.3809380682490721,1.426233089019862,0.2598151065356813
7.838,-0.24362506286266672,1.371717456343316,-0.37950806509101054,1.4300031580615558,0.2598151065356813
7.839,-0.24225214542219886,1.3741151662319935,-0.3780742956339763,1.4337694570342079,0.2598151065356813
7.84,-0.24087683705085836,1.3764993141587303,-0.37663681566891305,1.4374799650632455,0.25721387430359266
7.841,-0.23949915132238056,1.3788698765929543,-0.3751956289063288,1.441186762584254,0.25721387430359266
7.8420000000000005,-0.2381191018339689,1.3812268301381687,-0.37375073905302103,1.4448898533077417,0.25721387430359266
7.843,-0.23673670220615628,1.3835701515321908,-0.37230214981208054,1.4485892409405057,0.25721387430359266
7.844,-0.2353519660826658,1.3858998176473898,-0.3708498648828949,1.452284929185637,0.25721387430359266
7.845,-0.23396490713028706,1.3882158054908964,-0.3693939412550705,1.4559236278243872,0.2545491783967935
7.846,-0.23257553903872885,1.3905180922048508,-0.36793438256730604,1.4595586877644986,0.2545491783967935
7.847,-0.23118387552049646,1.3928066550666072,-0.36647119245466137,1.46319011264467,0.2545491783967935
7.848,-0.2297899303107438,1.3950814714889797,-0.3650043745485614,1.4668179060999613,0.2545491783967935
7.849,-0.22839371716715048,1.3973425190204432,-0.3635339324767996,1.4704420717617972,0.2545491783967935
7.8500000000000005,-0.22699524986977343,1.3995897753453763,-0.3620599244135838,1.474008063215818,0.2518216762891261
7.851,-0.22559454222092343,1.4018232182842616,-0.36058235392490545,1.4775704886783847,0.2518216762891261
7.852,-0.22419160804501634,1.404042825793924,-0.35910122457318994,1.4811293517154889,0.2518216762891261
7.853,-0.22278646118844925,1.4062485759677281,-0.35761653991730036,1.484684655889556,0.2518216762891261
7.854,-0.22137911551945114,1.4084404470358156,-0.35612830351254093,1.488236404759449,0.2518216762891261
7.855,-0.21996958492795723,1.4106184173653014,-0.35463657470336724,1.491728809173708,0.24903204095092313
7.856,-0.21855788332546702,1.4127824654604948,-0.3531413569821837,1.4952177211835527,0.24903204095092313
7.857,-0.21714402464490215,1.4149325699631197,-0.3516426538379023,1.4987031442813876,0.24903204095092313
7.8580000000000005,-0.21572802284047862,1.4170687096525107,-0.3501404687559462,1.5021850819561247,0.24903204095092313
7.859,-0.2143098918875642,1.4191908634458288,-0.34863480521825296,1.505663537693187,0.24903204095092313
7.86,-0.21288964578253564,1.4212990103982777,-0.3471257237248838,1.5090814933691532,0.24618096068296183
7.861,-0.21146729854265184,1.4233931297032931,-0.3456132276937944,1.5124960310894433,0.24618096068296183
7.862,-0.21004286420590423,1.4254732006927653,-0.34409732053952236,1.515907154272013,0.24618096068296183
7.863,-0.20861635683088303,1.427539202837236,-0.34257800567319097,1.5193148663314002,0.24618096068296183
7.864,-0.20718779049664335,1.4295911157460932,-0.3410552865025122,1.522719170678728,0.24618096068296183
7.865,-0.20575717930255494,1.4316289191677896,-0.3395292246682252,1.5260618342869818,0.24326913894663302
7.8660000000000005,-0.20432453736817435,1.4336525929900257,-0.33799982351299357,1.5294011552316276,0.24326913894663302
7.867,-0.20288987883310072,1.4356621172399557,-0.33646708637613826,1.5327371368553286,0.24326913894663302
7.868,-0.20145321785683135,1.437657472084391,-0.33493101659364083,1.5360697824974059,0.24326913894663302
7.869,-0.2000145686186333,1.4396386378299806,-0.333391617498147,1.5393990954938412,0.24326913894663302
7.87,-0.1985739453173905,1.4416055949234226,-0.3318489518558648,1.5426656422821552,0.24029729419038737
7.871,-0.19713136217147498,1.4435583239516423,-0.33030302293334113,1.5459289225236807,0.24029729419038737
7.872,-0.1956868334186016,1.4454968056419906,-0.32875383399385616,1.5491889394849647,0.24029729419038737
7.873,-0.1942403733156827,1.4474210208624398,-0.3272013882974269,1.5524456964292874,0.24029729419038737
7.8740000000000006,-0.19279199613869719,1.4493309506217609,-0.3256456891008102,1.5556991966166658,0.24029729419038737
7.875,-0.19134171618254472,1.4512265760697156,-0.3240868002801967,1.558888820613498,0.2372661596724459
7.876,-0.1898895477609013,1.4531078784972487,-0.3225247250252104,1.5620752549863335,0.2372661596724459
7.877,-0.18843550520608135,1.454974839336666,-0.32095946652228563,1.565258502924796,0.2372661596724459
7.878,-0.18697960286890114,1.4568274401618144,-0.31939102795467034,1.5684385676153203,0.2372661596724459
7.8790000000000004,-0.1855218551185257,1.4586656626882757,-0.3178194125024292,1.5716154522411538,0.2372661596724459
7.88,-0.1840622763423401,1.460489488773531,-0.31624468513597465,1.5747273664545105,0.23417648327989127
7.881,-0.18260088094579427,1.4622989004171576,-0.31466684896722097,1.5778361687536537,0.23417648327989127
7.882000000000001,-0.18113768335227248,1.4640938797609913,-0.3130859071049705,1.5809418622504978,0.23417648327989127
7.883,-0.1796726980029459,1.465874409089308,-0.31150186265491664,1.584044450053845,0.23417648327989127
7.884,-0.17820593935662518,1.4676404708290067,-0.30991471871964726,1.587143935269389,0.23417648327989127
7.885,-0.1767374218896293,1.4693920475497666,-0.30832454134776627,1.5901773718810026,0.2310290273441492
7.886,-0.1752671600956295,1.4711291219642368,-0.30673133357271026,1.5932077750560045,0.2310290273441492
7.8870000000000005,-0.1737951684855178,1.472851676928192,-0.30513509842488246,1.5962351478278316,0.2310290273441492
7.888,-0.17232146158725872,1.4745596954407085,-0.3035358389316556,1.5992594932268867,0.2310290273441492
7.889,-0.1708460539457411,1.4762531606443365,-0.30193355811737504,1.6022808142805427,0.2310290273441492
7.890000000000001,-0.16936896012264607,1.4779320558252547,-0.3003283230925397,1.6052350248353195,0.22782456845287152
7.891,-0.16789019469628996,1.4795963644134489,-0.29872013681136017,1.6081862811795418,0.22782456845287152
7.892,-0.16640977226149387,1.481246069982862,-0.29710900222509273,1.6111345862674196,0.22782456845287152
7.893,-0.16492770742942792,1.4828811562515674,-0.29549492228204255,1.6140799430502095,0.22782456845287152
7.894,-0.16344401482747198,1.484501607081926,-0.29387789992756636,1.6170223544762168,0.22782456845287152
7.8950000000000005,-0.1619587090990747,1.4861074064807398,-0.29225800331749946,1.6198966100669074,0.22456389725834022
7.896,-0.16047180490360569,1.487698538599416,-0.2906352353260975,1.6227679914020072,0.22456389725834022
7.897,-0.15898331691620565,1.489274987734126,-0.2890095988247417,1.625636501355772,0.22456389725834022
7.898000000000001,-0.15749325982765183,1.4908367383259518,-0.2873810966819421,1.6285021427995832,0.22456389725834022
7.899,-0.1560016483442078,1.4923837749610438,-0.2857497317633402,1.6313649186019503,0.22456389725834022
7.9,-0.15450849718747334,1.4939160823707784,-0.2841155732532912,1.634158510048996,0.2212478182823821
7.901,-0.1530138210942509,1.4954336454318964,-0.2824786239453866,1.6369493079045945,0.2212478182823821
7.902,-0.15151763481638678,1.4969364491666668,-0.2808388866304242,1.6397373149623375,0.2212478182823821
7.9030000000000005,-0.15001995312063718,1.4984244787430214,-0.2791963640964112,1.642522534013023,0.2212478182823821
7.904,-0.14852079078851743,1.4998977194747078,-0.27755105912856654,1.6453049678446576,0.2212478182823821
7.905,-0.14702016261615292,1.5013561568214362,-0.2759030419226954,1.6480172058711702,0.21787714971786082
7.906000000000001,-0.1455180834141361,1.5027997763890204,-0.2742523151910357,1.6507267316596563,0.21787714971786082
7.907,-0.1440145680073857,1.5042285639295148,-0.27259888164311336,1.6534335479223539,0.21787714971786082
7.908,-0.14250963123498842,1.5056425053413667,-0.2709427439857446,1.6561376573687887,0.21787714971786082
7.909,-0.14100328795006603,1.5070415866695415,-0.26928390492303883,1.6588390627057772,0.21787714971786082
7.91,-0.13949555301961516,1.5084257941056747,-0.2676224356449312,1.6614692781076077,0.21445272322681658
7.9110000000000005,-0.13798644132437266,1.5097951139881962,-0.26595833878163716,1.6640968632940365,0.21445272322681658
7.912,-0.13647596775866336,1.5111495328024702,-0.2642916169607419,1.6667218208952788,0.21445272322681658
7.913,-0.13496414723024813,1.5124890371809325,-0.26262227280720296,1.6693441535389197,0.21445272322681658
7.914000000000001,-0.133450994660187,1.5138136139032146,-0.260950308943353,1.6719638638499172,0.21445272322681658
7.915,-0.13193652498268663,1.515123249896277,-0.25927579753569224,1.674511407660772,0.21097538373524072
7.916,-0.13042075314494786,1.5164179322345446,-0.25759874113176445,1.6770564039278162,0.21097538373524072
7.917,-0.1289036941070303,1.5176976481400222,-0.25591914227656587,1.6795988551985932,0.21097538373524072
7.918,-0.1273853628416907,1.5189623849824334,-0.25423700351254774,1.6821387640180994,0.21097538373524072
7.9190000000000005,-0.1258657743342491,1.5202121302793332,-0.25255232737961897,1.684676132928786,0.21097538373524072
7.92,-0.12434494358242718,1.5214468716962433,-0.2508651870030386,1.6871403765803497,0.20744598922462076
7.921,-0.1228228855962139,1.5226665970467612,-0.24917558484705035,1.6896021559882617,0.20744598922462076
7.922000000000001,-0.12129961539770369,1.523871294292693,-0.24748352337343357,1.6920614736167658,0.20744598922462076
7.923,-0.11977514802096184,1.5250609515441607,-0.24578900504150594,1.6945183319276416,0.20744598922462076
7.924,-0.1182494985118625,1.5262355570597297,-0.24409203230812573,1.6969727333802063,0.20744598922462076
7.925,-0.11672268192795382,1.5273950992465155,-0.2423926792392685,1.6993530688572307,0.2038654105202366
7.926,-0.11519471333829565,1.5285395666603074,-0.2406909482152697,1.7017310239987782,0.2038654105202366
7.9270000000000005,-0.1136656078233228,1.5296689480056729,-0.2389868416140845,1.7041066011851842,0.2038654105202366
7.928,-0.11213538047469114,1.5307832321360724,-0.2372803618112901,1.7064798027944037,0.2038654105202366
7.929,-0.11060404639512333,1.5318824080539744,-0.2355715111800881,1.708850631202014,0.2038654105202366
7.930000000000001,-0.10907162069827028,1.5329664649109547,-0.23386036470889576,1.7111464711923383,0.20023453107631783
7.931,-0.10753811850855666,1.5340353920078087,-0.23214692469355308,1.7134400153426723,0.20023453107631783
7.932,-0.10600355496102651,1.53508917879466,-0.23043119342760424,1.715731265948856,0.20023453107631783
7.933,-0.104467945201206,1.5361278148710558,-0.2287131732022998,1.7180202253044334,0.20023453107631783
7.934,-0.10293130438494004,1.5371512899860802,-0.22699286630659915,1.7203068957006553,0.20023453107631783
7.9350000000000005,-0.1013936476782566,1.538159594038444,-0.22527034863285902,1.722517673740115,0.19655424675802174
7.936,-0.09985499025720482,1.539152717076595,-0.2235456223918575,1.7247262410015354,0.19655424675802174
7.937,-0.09831534730771056,1.5401306492988107,-0.2218186897921618,1.7269325996956943,0.19655424675802174
7.938,-0.09677473402543163,1.5410933810532927,-0.22008955304013064,1.7291367520311591,0.19655424675802174
7.939,-0.09523316561559568,1.5420409028382691,-0.21835821433991634,1.7313387002142884,0.19655424675802174
7.94,-0.09369065729286227,1.542973205302082,-0.21662475046908986,1.733463870826483,0.1928254656204462
7.941,-0.09214722428116758,1.5438902792432805,-0.21488916355282178,1.7355869162680653,0.1928254656204462
7.942,-0.09060288181356882,1.5447921156107178,-0.21315145571415758,1.7377078386642062,0.1928254656204462
7.9430000000000005,-0.08905764513210443,1.5456787055036318,-0.21141162907401964,1.739826640137951,0.1928254656204462
7.944,-0.08751152948763836,1.5465500401717374,-0.20966968575120942,1.741943322810222,0.1928254656204462
7.945,-0.08596455013970433,1.5474061110153148,-0.2079257033895683,1.7439823616411025,0.18904910768453803
7.946,-0.08441672235636746,1.5482469095852887,-0.20617968402813516,1.7460193614331523,0.18904910768453803
7.947,-0.0828680614140596,1.5490724275833185,-0.20443162970390974,1.7480543242254099,0.18904910768453803
7.948,-0.08131858259744253,1.549882656861873,-0.20268154245185485,1.7500872520548751,0.18904910768453803
7.949,-0.0797683011992431,1.550677589424318,-0.20092942430489835,1.752118146956511,0.18904910768453803
7.95,-0.07821723252011635,1.5514572174249885,-0.1991753537539946,1.7540705509037566,0.18522610471010725
7.9510000000000005,-0.07666539186848045,1.5522215331692726,-0.19741933275154752,1.756021002447055,0.18522610471010725
7.952,-0.07511279456037964,1.5529705291136804,-0.1956613632480087,1.75796950353881,0.18522610471010725
7.953,-0.07355945591931902,1.5537041978659265,-0.19390144719187924,1.7599160561294733,0.18522610471010725
7.954,-0.07200539127612739,1.5544225321849945,-0.1921395865297117,1.761860662167546,0.18522610471010725
7.955,-0.07045061596879186,1.5551255249812164,-0.190375860580207,1.7637259495046973,0.18135739996594075
7.956,-0.06889514534231878,1.5558131693163362,-0.18861027120865248,1.7655893715545115,0.18135739996594075
7.957,-0.06733899474857702,1.5564854584035814,-0.1868428202784702,1.7674509301822758,0.18135739996594075
7.958,-0.06578217954614118,1.5571423856077313,-0.1850735096512188,1.7693106272514123,0.18135739996594075
7.9590000000000005,-0.06422471510015057,1.5577839444451793,-0.18330234118659533,1.7711684646234798,0.18135739996594075
7.96,-0.06266661678215225,1.5584101285839975,-0.18152939501147652,1.7729461751187972,0.1774439479970415
7.961,-0.06110789996994406,1.5590209318440034,-0.17975467290357292,1.7747221079036193,0.1774439479970415
7.962,-0.05954858004743519,1.559616348196813,-0.17797817663881726,1.7764962647556566,0.1774439479970415
7.963,-0.057988672404480225,1.5601963717659093,-0.17619990799136642,1.7782686474508418,0.1774439479970415
7.964,-0.05642819243674136,1.5607609968266924,-0.1744198687336031,1.7800392577633317,0.1774439479970415
7.965,-0.054867155545524134,1.5613102178065417,-0.17263813978080975,1.7817289527933509,0.17348671438912094
7.966,-0.05330557713763067,1.5618440292848679,-0.1708547228226814,1.78341695812834,0.17348671438912094
7.9670000000000005,-0.051743472625211194,1.5623624259931672,-0.1690696195472234,1.785103275457994,0.17348671438912094
7.968,-0.050180857425608356,1.5628654028150728,-0.16728283164075308,1.7867879064703185,0.17348671438912094
7.969,-0.04861774696119979,1.5633529547864073,-0.16549436078790145,1.7884708528516307,0.17348671438912094
7.97,-0.047054156659258266,1.5638250770952284,-0.16370428867239206,1.7900721155093864,0.16948667553036567
7.971,-0.045490101951785274,1.5642817650818812,-0.16191261689548758,1.7916717769044843,0.16948667553036567
7.972,-0.04392559827537112,1.5647230142390385,-0.16011934705684938,1.7932698386381871,0.16948667553036567
7.973,-0.04236066107103723,1.5651488202117492,-0.15832448075453923,1.7948663023101563,0.16948667553036567
7.974,-0.0407953057840785,1.565559178797481,-0.15652801958502077,1.7964611695184534,0.16948667553036567
7.9750000000000005,-0.03922954786392141,1.5659540859461598,-0.15473004598030443,1.797973604716345,0.16544481837051067
7.976,-0.037663402763966285,1.566333537760211,-0.15293056145282538,1.799484527479039,0.16544481837051067
7.977,-0.03609688594142943,1.5666975304945996,-0.15112956751350642,1.8009939393189702,0.16544481837051067
7.978,-0.034530012857203016,1.567046060556863,-0.14932706567175935,1.8025018417470615,0.16544481837051067
7.979,-0.03296279897569003,1.5673791245071507,-0.14752305743548663,1.8040082362727248,0.16544481837051067
7.98,-0.031395259764657,1.5676967190582567,-0.14571762596464663,1.8054314708399983,0.16136214017731884
7.981,-0.029827410695086643,1.5679988410756498,-0.14391077268247393,1.8068532821727048,0.16136214017731884
7.982,-0.02825926724101277,1.5682854875775087,-0.14210249901077984,1.8082736716940784,0.16136214017731884
7.9830000000000005,-0.026690844879379953,1.5685566557347477,-0.14029280636995392,1.8096926408259306,0.16136214017731884
7.984,-0.02512215908988548,1.5688123428710463,-0.13848169617896527,1.8111101909886511,0.16136214017731884
7.985,-0.023553225354821242,1.569052546462876,-0.1366692523052018,1.8124438737634736,0.15723964829055553
7.986,-0.02198405915893335,1.5692772641395238,-0.13485547608234627,1.8137762228555212,0.15723964829055553
7.987,-0.020414675989255105,1.569486493683118,-0.13304036884274778,1.8151072395984769,0.15723964829055553
7.988,-0.018845091334966587,1.569680233028647,-0.1312239319174231,1.8164369253246895,0.15723964829055553
7.989,-0.017275320687236438,1.5698584802639812,-0.12940616663605792,1.817765281365176,0.15723964829055553
7.99,-0.01570537953906366,1.5700212336298927,-0.12758715755277664,1.8190090832812789,0.15307835987340354
7.9910000000000005,-0.014135283385137124,1.5701684915200715,-0.12576690591138118,1.8202516413954657,0.15307835987340354
7.992,-0.012565047721668447,1.5703002524811418,-0.12394541295442964,1.8214929569515383,0.15307835987340354
7.993,-0.010994688046253248,1.570416515212676,-0.12212267992323758,1.8227330311920549,0.15307835987340354
7.994,-0.009424219857705767,1.5705172785672075,-0.12029870805787925,1.823971865358331,0.15307835987340354
7.995,-0.007853658655911228,1.5706025415502431,-0.11847358257835304,1.8251254795262029,0.1488793016615097
7.996,-0.006283019941676403,1.5706723033202716,-0.11664730463827314,1.8262779400799067,0.1488793016615097
7.997,-0.004712319216573088,1.5707265631887726,-0.11481987539010008,1.827429248173057,0.1488793016615097
7.998,-0.00314157198277977,1.5707653206202226,-0.11299129598514196,1.828579404958114,0.1488793016615097
7.9990000000000006,-0.0015707937429392856,1.570788575232102,-0.11116156757355557,1.829728411586386,0.1488793016615097
8.0,-4.898587196589413e-16,1.5707963267948966,-0.10933077602018658,1.830791553368993,0.1446435097096633
